學校代碼,學校名稱,科系代碼,科系名稱,日間∕進修別,等級別,學生數,年份
1,國立政治大學,01111001,教育學系,D 日,D 博士,113,109
1,國立政治大學,02211019,宗教研究所,D 日,D 博士,27,109
1,國立政治大學,02221020,歷史學系,D 日,D 博士,26,109
1,國立政治大學,02221021,台灣史研究所,D 日,D 博士,19,109
1,國立政治大學,02222031,民族學系,D 日,D 博士,15,109
1,國立政治大學,02231022,哲學系,D 日,D 博士,21,109
1,國立政治大學,02311009,英國語文學系,D 日,D 博士,22,109
1,國立政治大學,02321007,台灣文學研究所,D 日,D 博士,13,109
1,國立政治大學,02322008,中國文學系,D 日,D 博士,58,109
1,國立政治大學,02323002,華語文教學博士學位學程,D 日,D 博士,20,109
1,國立政治大學,02399018,語言學研究所,D 日,D 博士,8,109
1,國立政治大學,03111024,經濟學系,D 日,D 博士,10,109
1,國立政治大學,03121026,政治學系,D 日,D 博士,27,109
1,國立政治大學,03122045,外交學系,D 日,D 博士,8,109
1,國立政治大學,03131032,心理學系,D 日,D 博士,10,109
1,國立政治大學,03141030,社會學系,D 日,D 博士,16,109
1,國立政治大學,03143028,東亞研究所,D 日,D 博士,37,109
1,國立政治大學,03143036,日本研究博士學位學程,D 日,D 博士,7,109
1,國立政治大學,03143040,亞太研究英語博士學位學程,D 日,D 博士,66,109
1,國立政治大學,03143043,地政學系,D 日,D 博士,17,109
1,國立政治大學,03191047,國家發展研究所,D 日,D 博士,34,109
1,國立政治大學,03211056,傳播學院博士班,D 日,D 博士,39,109
1,國立政治大學,03214051,新聞學系,D 日,D 博士,3,109
1,國立政治大學,03222054,圖書資訊與檔案學研究所,D 日,D 博士,13,109
1,國立政治大學,04111059,會計學系,D 日,D 博士,10,109
1,國立政治大學,04121065,財務管理學系,D 日,D 博士,8,109
1,國立政治大學,04121068,金融學系,D 日,D 博士,29,109
1,國立政治大學,04122070,財政學系,D 日,D 博士,5,109
1,國立政治大學,04123069,風險管理與保險學系,D 日,D 博士,16,109
1,國立政治大學,04131060,企業管理學系,D 日,D 博士,48,109
1,國立政治大學,04134041,公共行政學系,D 日,D 博士,21,109
1,國立政治大學,04141067,國際經營與貿易學系,D 日,D 博士,6,109
1,國立政治大學,04199072,科技管理與智慧財產研究所,D 日,D 博士,27,109
1,國立政治大學,04212073,法律學系,D 日,D 博士,46,109
1,國立政治大學,05411078,應用數學系,D 日,D 博士,9,109
1,國立政治大學,05421079,統計學系,D 日,D 博士,6,109
1,國立政治大學,06131080,資訊管理學系,D 日,D 博士,53,109
1,國立政治大學,06131081,資訊科學系,D 日,D 博士,8,109
1,國立政治大學,06131082,社群網路與人智計算國際研究生博士學位學程,D 日,D 博士,14,109
1,國立政治大學,09231084,社會工作研究所,D 日,D 博士,14,109
2,國立清華大學,01111084,教育與學習科技學系,D 日,D 博士,57,109
2,國立清華大學,02221006,歷史研究所,D 日,D 博士,17,109
2,國立清華大學,02222007,人類學研究所,D 日,D 博士,6,109
2,國立清華大學,02321001,台灣文學研究所,D 日,D 博士,20,109
2,國立清華大學,02321101,臺灣語言研究與教學研究所,D 日,D 博士,25,109
2,國立清華大學,02322003,中國文學系,D 日,D 博士,48,109
2,國立清華大學,02399005,語言學研究所,D 日,D 博士,14,109
2,國立清華大學,03111011,經濟學系,D 日,D 博士,13,109
2,國立清華大學,03131077,教育心理與諮商學系,D 日,D 博士,14,109
2,國立清華大學,03141012,社會學研究所,D 日,D 博士,17,109
2,國立清華大學,04121020,計量財務金融學系,D 日,D 博士,5,109
2,國立清華大學,04199017,科技管理研究所,D 日,D 博士,26,109
2,國立清華大學,04199022,服務科學研究所,D 日,D 博士,15,109
2,國立清華大學,04212024,科技法律研究所,D 日,D 博士,12,109
2,國立清華大學,05121026,生物科技研究所,D 日,D 博士,40,109
2,國立清華大學,05121028,分子與細胞生物研究所,D 日,D 博士,31,109
2,國立清華大學,05121029,生技產業博士學位學程,D 日,D 博士,9,109
2,國立清華大學,05121030,生物資訊與結構生物研究所,D 日,D 博士,46,109
2,國立清華大學,05121072,分子醫學研究所,D 日,D 博士,31,109
2,國立清華大學,05199033,系統神經科學研究所,D 日,D 博士,6,109
2,國立清華大學,05211041,環境科技博士學位學程(台灣聯合大學系統),D 日,D 博士,3,109
2,國立清華大學,05311037,化學系,D 日,D 博士,97,109
2,國立清華大學,05331038,物理學系,D 日,D 博士,68,109
2,國立清華大學,05332039,天文研究所,D 日,D 博士,18,109
2,國立清華大學,05399040,先進光源科技博士學位學程,D 日,D 博士,2,109
2,國立清華大學,05411043,數學系,D 日,D 博士,14,109
2,國立清華大學,05421044,統計學研究所,D 日,D 博士,12,109
2,國立清華大學,06131053,資訊工程學系,D 日,D 博士,57,109
2,國立清華大學,06134046,資訊系統與應用研究所,D 日,D 博士,26,109
2,國立清華大學,06134048,社群網路與人智計算國際研究生博士學位學程,D 日,D 博士,20,109
2,國立清華大學,07111057,化學工程學系,D 日,D 博士,103,109
2,國立清華大學,07112058,材料科學工程學系,D 日,D 博士,135,109
2,國立清華大學,07112118,前瞻功能材料產業博士學位學程,D 日,D 博士,9,109
2,國立清華大學,07131068,核子工程與科學研究所,D 日,D 博士,19,109
2,國立清華大學,07141049,電機工程學系,D 日,D 博士,82,109
2,國立清華大學,07141050,電子工程研究所,D 日,D 博士,38,109
2,國立清華大學,07141052,光電工程研究所,D 日,D 博士,21,109
2,國立清華大學,07141054,通訊工程研究所,D 日,D 博士,24,109
2,國立清華大學,07151056,動力機械工程學系,D 日,D 博士,86,109
2,國立清華大學,07191061,工業工程與工程管理學系,D 日,D 博士,43,109
2,國立清華大學,07193063,生醫工程與環境科學系,D 日,D 博士,54,109
2,國立清華大學,07194059,奈米工程與微系統研究所,D 日,D 博士,48,109
2,國立清華大學,07194066,工程與系統科學系,D 日,D 博士,88,109
2,國立清華大學,99999074,跨院國際博士班學位學程,D 日,D 博士,96,109
3,國立臺灣大學,02151002,音樂學研究所,D 日,D 博士,13,109
3,國立臺灣大學,02152003,戲劇學系,D 日,D 博士,7,109
3,國立臺灣大學,02191004,藝術史研究所,D 日,D 博士,9,109
3,國立臺灣大學,02221012,歷史學系,D 日,D 博士,44,109
3,國立臺灣大學,02222013,人類學系,D 日,D 博士,14,109
3,國立臺灣大學,02231014,哲學系,D 日,D 博士,25,109
3,國立臺灣大學,02311007,外國語文學系,D 日,D 博士,22,109
3,國立臺灣大學,02321005,臺灣文學研究所,D 日,D 博士,21,109
3,國立臺灣大學,02322006,中國文學系,D 日,D 博士,47,109
3,國立臺灣大學,02399011,語言學研究所,D 日,D 博士,16,109
3,國立臺灣大學,03111015,經濟學系,D 日,D 博士,23,109
3,國立臺灣大學,03121016,政治學系,D 日,D 博士,37,109
3,國立臺灣大學,03131019,心理學系,D 日,D 博士,37,109
3,國立臺灣大學,03141018,社會學系,D 日,D 博士,13,109
3,國立臺灣大學,03142021,地理環境資源學系,D 日,D 博士,21,109
3,國立臺灣大學,03191023,國家發展研究所,D 日,D 博士,50,109
3,國立臺灣大學,03222025,圖書資訊學系,D 日,D 博士,20,109
3,國立臺灣大學,04111027,會計學系,D 日,D 博士,15,109
3,國立臺灣大學,04121032,財務金融學系,D 日,D 博士,21,109
3,國立臺灣大學,04131026,商學研究所,D 日,D 博士,43,109
3,國立臺灣大學,04131031,國際企業學系,D 日,D 博士,44,109
3,國立臺灣大學,04211035,法律學系,D 日,D 博士,44,109
3,國立臺灣大學,05111038,生命科學系,D 日,D 博士,29,109
3,國立臺灣大學,05111040,植物科學研究所,D 日,D 博士,23,109
3,國立臺灣大學,05111041,昆蟲學系,D 日,D 博士,9,109
3,國立臺灣大學,05121044,生物科技研究所,D 日,D 博士,27,109
3,國立臺灣大學,05121045,生化科學研究所,D 日,D 博士,50,109
3,國立臺灣大學,05121046,分子與細胞生物學研究所,D 日,D 博士,12,109
3,國立臺灣大學,05121047,基因體與系統生物學學位學程,D 日,D 博士,31,109
3,國立臺灣大學,05121151,生化科技學系,D 日,D 博士,32,109
3,國立臺灣大學,05123050,生物化學暨分子生物學研究所,D 日,D 博士,29,109
3,國立臺灣大學,05124155,生物資訊學國際研究生博士學位學程,D 日,D 博士,7,109
3,國立臺灣大學,05199156,跨領域神經科學國際研究生博士學位學程,D 日,D 博士,13,109
3,國立臺灣大學,05212043,生態學與演化生物學研究所,D 日,D 博士,18,109
3,國立臺灣大學,05311051,化學系,D 日,D 博士,121,109
3,國立臺灣大學,05321052,地質科學系,D 日,D 博士,47,109
3,國立臺灣大學,05321053,氣候變遷與永續發展國際博士學位學程,D 日,D 博士,16,109
3,國立臺灣大學,05322056,大氣科學系,D 日,D 博士,33,109
3,國立臺灣大學,05323057,海洋研究所,D 日,D 博士,18,109
3,國立臺灣大學,05331054,物理學系,D 日,D 博士,110,109
3,國立臺灣大學,05331055,應用物理學研究所,D 日,D 博士,29,109
3,國立臺灣大學,05332058,天文物理研究所,D 日,D 博士,8,109
3,國立臺灣大學,05411059,數學系,D 日,D 博士,15,109
3,國立臺灣大學,06131062,資訊管理學系,D 日,D 博士,22,109
3,國立臺灣大學,06131063,資訊網路與多媒體研究所,D 日,D 博士,47,109
3,國立臺灣大學,06131067,資訊工程學系,D 日,D 博士,125,109
3,國立臺灣大學,06131158,資料科學博士學位學程,D 日,D 博士,10,109
3,國立臺灣大學,07111076,化學工程學系,D 日,D 博士,61,109
3,國立臺灣大學,07111077,高分子科學與工程學研究所,D 日,D 博士,38,109
3,國立臺灣大學,07112078,材料科學與工程學系,D 日,D 博士,86,109
3,國立臺灣大學,07112084,綠色永續材料與精密元件博士學位學程,D 日,D 博士,7,109
3,國立臺灣大學,07112154,分子科學與技術國際研究生博士學位學程,D 日,D 博士,17,109
3,國立臺灣大學,07121080,環境工程學研究所,D 日,D 博士,57,109
3,國立臺灣大學,07141064,電機工程學系,D 日,D 博士,80,109
3,國立臺灣大學,07141065,電子工程學研究所,D 日,D 博士,110,109
3,國立臺灣大學,07141066,光電工程學研究所,D 日,D 博士,54,109
3,國立臺灣大學,07141068,電信工程學研究所,D 日,D 博士,88,109
3,國立臺灣大學,07151069,機械工程學系,D 日,D 博士,116,109
3,國立臺灣大學,07151082,工程科學及海洋工程學系,D 日,D 博士,33,109
3,國立臺灣大學,07151161,生物機電工程學系,D 日,D 博士,26,109
3,國立臺灣大學,07191079,工業工程學研究所,D 日,D 博士,18,109
3,國立臺灣大學,07193081,生醫電子與資訊學研究所,D 日,D 博士,77,109
3,國立臺灣大學,07193083,醫學工程學研究所,D 日,D 博士,100,109
3,國立臺灣大學,07194071,應用力學研究所,D 日,D 博士,31,109
3,國立臺灣大學,07211099,食品科技研究所,D 日,D 博士,23,109
3,國立臺灣大學,07313086,建築與城鄉研究所,D 日,D 博士,31,109
3,國立臺灣大學,07321074,土木工程學系,D 日,D 博士,137,109
3,國立臺灣大學,07321075,生物環境系統工程學系,D 日,D 博士,24,109
3,國立臺灣大學,08111087,農藝學系,D 日,D 博士,12,109
3,國立臺灣大學,08112089,動物科學技術學系,D 日,D 博士,19,109
3,國立臺灣大學,08121091,園藝暨景觀學系,D 日,D 博士,34,109
3,國立臺灣大學,08191100,農業化學系,D 日,D 博士,15,109
3,國立臺灣大學,08193096,農業經濟學系,D 日,D 博士,6,109
3,國立臺灣大學,08193098,生物產業傳播暨發展學系,D 日,D 博士,21,109
3,國立臺灣大學,08194094,植物病理與微生物學系,D 日,D 博士,11,109
3,國立臺灣大學,08211102,森林環境暨資源學系,D 日,D 博士,23,109
3,國立臺灣大學,08311103,漁業科學研究所,D 日,D 博士,16,109
3,國立臺灣大學,08411104,獸醫學系,D 日,D 博士,29,109
3,國立臺灣大學,09111138,臨床牙醫學研究所,D 日,D 博士,22,109
3,國立臺灣大學,09111139,口腔生物科學研究所,D 日,D 博士,11,109
3,國立臺灣大學,09121048,微生物學研究所,D 日,D 博士,24,109
3,國立臺灣大學,09121108,臨床醫學研究所,D 日,D 博士,147,109
3,國立臺灣大學,09121109,分子醫學研究所,D 日,D 博士,24,109
3,國立臺灣大學,09121110,免疫學研究所,D 日,D 博士,17,109
3,國立臺灣大學,09121111,生理學研究所,D 日,D 博士,18,109
3,國立臺灣大學,09121112,病理學研究所,D 日,D 博士,9,109
3,國立臺灣大學,09121114,解剖學暨細胞生物學研究所,D 日,D 博士,20,109
3,國立臺灣大學,09121118,腫瘤醫學研究所,D 日,D 博士,17,109
3,國立臺灣大學,09121119,轉譯醫學博士學位學程,D 日,D 博士,4,109
3,國立臺灣大學,09121120,基因體暨蛋白體醫學研究所,D 日,D 博士,11,109
3,國立臺灣大學,09121130,藥理學研究所,D 日,D 博士,25,109
3,國立臺灣大學,09131134,護理學系,D 日,D 博士,47,109
3,國立臺灣大學,09141136,醫學檢驗暨生物技術學系,D 日,D 博士,15,109
3,國立臺灣大學,09151132,物理治療學系,D 日,D 博士,19,109
3,國立臺灣大學,09152133,職能治療學系,D 日,D 博士,15,109
3,國立臺灣大學,09161129,藥學系,D 日,D 博士,15,109
3,國立臺灣大學,09161131,臨床藥學研究所,D 日,D 博士,6,109
3,國立臺灣大學,09191126,流行病學與預防醫學研究所,D 日,D 博士,80,109
3,國立臺灣大學,09191127,健康政策與管理研究所,D 日,D 博士,46,109
3,國立臺灣大學,09191162,環境與職業健康科學研究所,D 日,D 博士,38,109
3,國立臺灣大學,09191163,全球衛生博士學位學程,D 日,D 博士,7,109
3,國立臺灣大學,09199141,毒理學研究所,D 日,D 博士,18,109
3,國立臺灣大學,09231144,社會工作學系,D 日,D 博士,23,109
4,國立臺灣師範大學,01111001,教育學系,D 日,D 博士,79,109
4,國立臺灣師範大學,01113018,特殊教育學系,D 日,D 博士,41,109
4,國立臺灣師範大學,01115002,課程與教學研究所,D 日,D 博士,36,109
4,國立臺灣師範大學,01115006,科學教育研究所,D 日,D 博士,28,109
4,國立臺灣師範大學,01116014,資訊教育研究所,D 日,D 博士,25,109
4,國立臺灣師範大學,01131004,公民教育與活動領導學系,D 日,D 博士,46,109
4,國立臺灣師範大學,01131009,社會教育學系,D 日,D 博士,33,109
4,國立臺灣師範大學,01141007,人類發展與家庭學系,D 日,D 博士,34,109
4,國立臺灣師範大學,01141010,工業教育學系,D 日,D 博士,23,109
4,國立臺灣師範大學,01141013,環境教育研究所,D 日,D 博士,22,109
4,國立臺灣師範大學,01141015,體育學系,D 日,D 博士,118,109
4,國立臺灣師範大學,01141017,健康促進與衛生教育學系,D 日,D 博士,45,109
4,國立臺灣師範大學,01199022,科技應用與人力資源發展學系,D 日,D 博士,38,109
4,國立臺灣師範大學,02112037,設計學系,D 日,D 博士,30,109
4,國立臺灣師範大學,02131023,美術學系,D 日,D 博士,113,109
4,國立臺灣師範大學,02151024,音樂學系,D 日,D 博士,31,109
4,國立臺灣師範大學,02221035,歷史學系,D 日,D 博士,23,109
4,國立臺灣師範大學,02311033,英語學系,D 日,D 博士,49,109
4,國立臺灣師範大學,02312034,翻譯研究所,D 日,D 博士,38,109
4,國立臺灣師範大學,02313005,華語文教學系,D 日,D 博士,47,109
4,國立臺灣師範大學,02321028,臺灣語文學系,D 日,D 博士,30,109
4,國立臺灣師範大學,02322029,國文學系,D 日,D 博士,68,109
4,國立臺灣師範大學,03121039,政治學研究所,D 日,D 博士,8,109
4,國立臺灣師範大學,03131003,教育心理與輔導學系,D 日,D 博士,70,109
4,國立臺灣師範大學,03142041,地理學系,D 日,D 博士,37,109
4,國立臺灣師範大學,03143042,東亞學系,D 日,D 博士,15,109
4,國立臺灣師範大學,03222049,圖書資訊學研究所,D 日,D 博士,11,109
4,國立臺灣師範大學,05111056,生命科學系,D 日,D 博士,20,109
4,國立臺灣師範大學,05111057,生物多樣性國際研究生博士學位學程,D 日,D 博士,31,109
4,國立臺灣師範大學,05311059,化學系,D 日,D 博士,23,109
4,國立臺灣師範大學,05321060,地球科學系,D 日,D 博士,21,109
4,國立臺灣師範大學,05331061,物理學系,D 日,D 博士,29,109
4,國立臺灣師範大學,05411062,數學系,D 日,D 博士,19,109
4,國立臺灣師範大學,06131065,資訊工程學系,D 日,D 博士,14,109
4,國立臺灣師範大學,07141063,電機工程學系,D 日,D 博士,10,109
4,國立臺灣師範大學,07141080,光電工程研究所,D 日,D 博士,13,109
4,國立臺灣師範大學,07151068,機電工程學系,D 日,D 博士,18,109
4,國立臺灣師範大學,10152077,運動休閒與餐旅管理研究所,D 日,D 博士,27,109
5,國立成功大學,01111103,教育研究所,D 日,D 博士,27,109
5,國立成功大學,02122112,創意產業設計研究所,D 日,D 博士,43,109
5,國立成功大學,02123113,工業設計學系,D 日,D 博士,61,109
5,國立成功大學,02221110,歷史學系,D 日,D 博士,26,109
5,國立成功大學,02311108,外國語文學系,D 日,D 博士,17,109
5,國立成功大學,02321106,台灣文學系,D 日,D 博士,21,109
5,國立成功大學,02322107,中國文學系,D 日,D 博士,35,109
5,國立成功大學,03121115,政治學系政治經濟學博士班,D 日,D 博士,29,109
5,國立成功大學,03131129,心智科學原理與應用國際博士學位學程,D 日,D 博士,10,109
5,國立成功大學,04111120,會計學系,D 日,D 博士,7,109
5,國立成功大學,04121126,財務金融研究所,D 日,D 博士,4,109
5,國立成功大學,04131121,企業管理學系,D 日,D 博士,10,109
5,國立成功大學,04131124,國際企業研究所,D 日,D 博士,11,109
5,國立成功大學,04131125,國際經營管理研究所(IMBA),D 日,D 博士,12,109
5,國立成功大學,04199024,海洋科技與事務研究所,D 日,D 博士,18,109
5,國立成功大學,04199057,工業與資訊管理學系,D 日,D 博士,18,109
5,國立成功大學,04212001,法律學系,D 日,D 博士,22,109
5,國立成功大學,05111003,生命科學系,D 日,D 博士,24,109
5,國立成功大學,05121008,生物科技與產業科學系,D 日,D 博士,25,109
5,國立成功大學,05199016,跨領域神經科學國際博士學位學程,D 日,D 博士,18,109
5,國立成功大學,05311017,化學系,D 日,D 博士,11,109
5,國立成功大學,05321019,地球科學系,D 日,D 博士,11,109
5,國立成功大學,05331021,物理學系,D 日,D 博士,33,109
5,國立成功大學,05331023,太空與電漿科學研究所,D 日,D 博士,2,109
5,國立成功大學,05411027,數學系,D 日,D 博士,10,109
5,國立成功大學,05421029,統計學系,D 日,D 博士,8,109
5,國立成功大學,06131030,資訊管理研究所,D 日,D 博士,16,109
5,國立成功大學,06131031,多媒體系統與智慧型運算工程博士學位學程,D 日,D 博士,8,109
5,國立成功大學,06131036,資訊工程學系,D 日,D 博士,83,109
5,國立成功大學,06131037,電腦與通信工程研究所,D 日,D 博士,20,109
5,國立成功大學,07111050,化學工程學系,D 日,D 博士,54,109
5,國立成功大學,07112063,材料科學及工程學系,D 日,D 博士,56,109
5,國立成功大學,07121070,環境工程學系,D 日,D 博士,20,109
5,國立成功大學,07122026,水利及海洋工程學系,D 日,D 博士,37,109
5,國立成功大學,07132052,能源工程國際博士學位學程,D 日,D 博士,4,109
5,國立成功大學,07141032,電機工程學系,D 日,D 博士,115,109
5,國立成功大學,07141033,微電子工程研究所,D 日,D 博士,44,109
5,國立成功大學,07141035,光電科學與工程學系,D 日,D 博士,42,109
5,國立成功大學,07141040,奈米積體電路工程博士學位學程,D 日,D 博士,4,109
5,國立成功大學,07141041,製造資訊與系統研究所,D 日,D 博士,24,109
5,國立成功大學,07141071,工程科學系,D 日,D 博士,39,109
5,國立成功大學,07151042,機械工程學系,D 日,D 博士,58,109
5,國立成功大學,07162043,航空太空工程學系,D 日,D 博士,39,109
5,國立成功大學,07163044,系統及船舶機電工程學系,D 日,D 博士,11,109
5,國立成功大學,07193061,生物醫學工程學系,D 日,D 博士,77,109
5,國立成功大學,07241064,資源工程學系,D 日,D 博士,43,109
5,國立成功大學,07311075,建築學系,D 日,D 博士,55,109
5,國立成功大學,07313076,都市計劃學系,D 日,D 博士,18,109
5,國立成功大學,07321049,土木工程學系,D 日,D 博士,38,109
5,國立成功大學,07322067,測量及空間資訊學系,D 日,D 博士,38,109
5,國立成功大學,08192039,轉譯農業科學博士學位學程,D 日,D 博士,5,109
5,國立成功大學,09121053,基礎醫學研究所,D 日,D 博士,109,109
5,國立成功大學,09121078,臨床醫學研究所,D 日,D 博士,65,109
5,國立成功大學,09131090,護理學系國際博士班,D 日,D 博士,64,109
5,國立成功大學,09159091,健康照護科學研究所,D 日,D 博士,26,109
5,國立成功大學,09161088,臨床藥學與藥物科技研究所,D 日,D 博士,31,109
5,國立成功大學,09191079,公共衛生研究所,D 日,D 博士,32,109
5,國立成功大學,09191085,環境醫學研究所,D 日,D 博士,25,109
5,國立成功大學,10411098,交通管理科學系,D 日,D 博士,5,109
6,國立中興大學,02221007,歷史學系,D 日,D 博士,37,109
6,國立中興大學,02321004,台灣與跨文化研究國際博士學位學程,D 日,D 博士,11,109
6,國立中興大學,02322005,中國文學系,D 日,D 博士,35,109
6,國立中興大學,03111009,應用經濟學系,D 日,D 博士,30,109
6,國立中興大學,03122010,國際政治研究所,D 日,D 博士,22,109
6,國立中興大學,04121019,財務金融學系,D 日,D 博士,18,109
6,國立中興大學,04131016,企業管理學系,D 日,D 博士,35,109
6,國立中興大學,04199021,科技管理研究所,D 日,D 博士,38,109
6,國立中興大學,05111026,生命科學系,D 日,D 博士,33,109
6,國立中興大學,05111029,昆蟲學系,D 日,D 博士,16,109
6,國立中興大學,05121027,生物科技學研究所,D 日,D 博士,65,109
6,國立中興大學,05121033,分子生物學研究所,D 日,D 博士,8,109
6,國立中興大學,05121035,生物醫學研究所,D 日,D 博士,26,109
6,國立中興大學,05123034,生物化學研究所,D 日,D 博士,5,109
6,國立中興大學,05124038,微生物基因體學博士學位學程,D 日,D 博士,22,109
6,國立中興大學,05292082,水土保持學系,D 日,D 博士,29,109
6,國立中興大學,05311039,化學系,D 日,D 博士,14,109
6,國立中興大學,05331040,物理學系,D 日,D 博士,11,109
6,國立中興大學,05411041,應用數學系,D 日,D 博士,10,109
6,國立中興大學,05499101,大數據產學研發博士學位學程,D 日,D 博士,3,109
6,國立中興大學,06131048,資訊科學與工程學系,D 日,D 博士,32,109
6,國立中興大學,07111055,化學工程學系,D 日,D 博士,5,109
6,國立中興大學,07112057,材料科學與工程學系,D 日,D 博士,34,109
6,國立中興大學,07121059,環境工程學系,D 日,D 博士,25,109
6,國立中興大學,07141045,電機工程學系,D 日,D 博士,43,109
6,國立中興大學,07151050,機械工程學系,D 日,D 博士,18,109
6,國立中興大學,07151051,精密工程研究所,D 日,D 博士,9,109
6,國立中興大學,07151052,生物產業機電工程學系,D 日,D 博士,22,109
6,國立中興大學,07193060,生醫工程研究所,D 日,D 博士,1,109
6,國立中興大學,07211081,食品暨應用生物科技學系,D 日,D 博士,23,109
6,國立中興大學,07321054,土木工程學系,D 日,D 博士,31,109
6,國立中興大學,08111063,農藝學系,D 日,D 博士,10,109
6,國立中興大學,08112066,動物科學系,D 日,D 博士,20,109
6,國立中興大學,08121067,園藝學系,D 日,D 博士,24,109
6,國立中興大學,08191083,土壤環境科學系,D 日,D 博士,15,109
6,國立中興大學,08194068,植物病理學系,D 日,D 博士,21,109
6,國立中興大學,08211086,森林學系,D 日,D 博士,26,109
6,國立中興大學,08411087,獸醫學系,D 日,D 博士,30,109
6,國立中興大學,08411089,獸醫病理生物學研究所,D 日,D 博士,9,109
6,國立中興大學,08411092,微生物暨公共衛生學研究所,D 日,D 博士,7,109
6,國立中興大學,09121093,轉譯醫學博士學位學程,D 日,D 博士,21,109
6,國立中興大學,09141094,醫學生物科技博士學位學程,D 日,D 博士,15,109
6,國立中興大學,09199096,組織工程與再生醫學博士學位學程,D 日,D 博士,26,109
7,國立交通大學,01111001,教育研究所,D 日,D 博士,32,109
7,國立交通大學,02122004,應用藝術研究所,D 日,D 博士,26,109
7,國立交通大學,02222095,客家文化學院博士班,D 日,D 博士,6,109
7,國立交通大學,02299010,社會與文化研究所,D 日,D 博士,46,109
7,國立交通大學,04121020,資訊管理與財務金融學系財務金融博士班,D 日,D 博士,34,109
7,國立交通大學,04131017,經營管理研究所,D 日,D 博士,27,109
7,國立交通大學,04131018,管理科學系,D 日,D 博士,24,109
7,國立交通大學,04199023,科技管理研究所,D 日,D 博士,16,109
7,國立交通大學,04212027,科技法律研究所,D 日,D 博士,18,109
7,國立交通大學,05121028,生物科技學系,D 日,D 博士,58,109
7,國立交通大學,05121030,分子醫學與生物工程研究所,D 日,D 博士,17,109
7,國立交通大學,05121094,生物科技學院產業博士班,D 日,D 博士,10,109
7,國立交通大學,05124034,生物資訊及系統生物研究所,D 日,D 博士,32,109
7,國立交通大學,05124035,跨領域神經科學博士學位學程(台灣聯合大學系統),D 日,D 博士,5,109
7,國立交通大學,05211043,環境科技博士學位學程(台灣聯合大學系統),D 日,D 博士,1,109
7,國立交通大學,05311036,應用化學系,D 日,D 博士,64,109
7,國立交通大學,05311039,永續化學科技國際研究生博士學位學程,D 日,D 博士,47,109
7,國立交通大學,05331040,物理研究所,D 日,D 博士,10,109
7,國立交通大學,05331041,電子物理學系,D 日,D 博士,79,109
7,國立交通大學,05399042,加速器光源科技與應用博士學位學程,D 日,D 博士,2,109
7,國立交通大學,05411045,應用數學系,D 日,D 博士,18,109
7,國立交通大學,05421047,統計學研究所,D 日,D 博士,9,109
7,國立交通大學,06121048,網路與資訊系統博士學位學程,D 日,D 博士,2,109
7,國立交通大學,06131022,資訊管理研究所,D 日,D 博士,35,109
7,國立交通大學,06131061,資訊科學與工程研究所,D 日,D 博士,144,109
7,國立交通大學,06131069,資訊學院博士班,D 日,D 博士,9,109
7,國立交通大學,06131106,智慧科學暨綠能學院博士班,D 日,D 博士,1,109
7,國立交通大學,07112072,材料科學與工程學系,D 日,D 博士,147,109
7,國立交通大學,07121076,環境工程研究所,D 日,D 博士,25,109
7,國立交通大學,07132081,照明與能源光電博士學位學程,D 日,D 博士,4,109
7,國立交通大學,07141050,電機工程學系,D 日,D 博士,62,109
7,國立交通大學,07141053,電子研究所,D 日,D 博士,135,109
7,國立交通大學,07141054,光電博士學位學程(台灣聯合大學系統),D 日,D 博士,16,109
7,國立交通大學,07141055,光電工程學系,D 日,D 博士,68,109
7,國立交通大學,07141062,電信工程研究所,D 日,D 博士,48,109
7,國立交通大學,07141064,電控工程研究所,D 日,D 博士,45,109
7,國立交通大學,07141065,光電系統博士學位學程,D 日,D 博士,9,109
7,國立交通大學,07141066,國際半導體產業學院博士班,D 日,D 博士,74,109
7,國立交通大學,07141067,電機學院博士班,D 日,D 博士,29,109
7,國立交通大學,07141068,電機資訊國際博士學位學程,D 日,D 博士,87,109
7,國立交通大學,07141101,光電學院博士班,D 日,D 博士,12,109
7,國立交通大學,07151070,機械工程學系,D 日,D 博士,78,109
7,國立交通大學,07191075,工業工程與管理學系,D 日,D 博士,26,109
7,國立交通大學,07193079,影像與生醫光電博士學位學程,D 日,D 博士,8,109
7,國立交通大學,07193080,生醫科學與工程博士學位學程,D 日,D 博士,15,109
7,國立交通大學,07321071,土木工程學系,D 日,D 博士,45,109
7,國立交通大學,10411086,運輸與物流管理學系,D 日,D 博士,17,109
8,國立中央大學,01115001,學習與教學研究所,D 日,D 博士,26,109
8,國立中央大學,02231011,哲學研究所,D 日,D 博士,27,109
8,國立中央大學,02322006,中國文學系,D 日,D 博士,31,109
8,國立中央大學,03111013,經濟學系,D 日,D 博士,2,109
8,國立中央大學,03111014,產業經濟研究所,D 日,D 博士,1,109
8,國立中央大學,03131017,認知神經科學研究所,D 日,D 博士,11,109
8,國立中央大學,03131034,跨領域神經科學國際研究生博士學位學程,D 日,D 博士,5,109
8,國立中央大學,03199020,客家語文暨社會科學學系客家研究博士班,D 日,D 博士,28,109
8,國立中央大學,04121024,財務金融學系,D 日,D 博士,9,109
8,國立中央大學,04131023,企業管理學系,D 日,D 博士,84,109
8,國立中央大學,04199027,人力資源管理研究所,D 日,D 博士,5,109
8,國立中央大學,05121031,生命科學系,D 日,D 博士,31,109
8,國立中央大學,05211049,環境科技博士學位學程（台灣聯合大學系統）,D 日,D 博士,14,109
8,國立中央大學,05311035,化學學系,D 日,D 博士,14,109
8,國立中央大學,05321036,地球科學學系地球物理博士班,D 日,D 博士,20,109
8,國立中央大學,05321037,應用地質研究所,D 日,D 博士,21,109
8,國立中央大學,05321041,地球系統科學國際研究生博士學位學程,D 日,D 博士,53,109
8,國立中央大學,05322044,大氣科學學系大氣物理博士班,D 日,D 博士,27,109
8,國立中央大學,05322079,太空科學與工程研究所,D 日,D 博士,21,109
8,國立中央大學,05323039,水文與海洋科學研究所,D 日,D 博士,12,109
8,國立中央大學,05331042,物理學系,D 日,D 博士,50,109
8,國立中央大學,05332045,天文研究所,D 日,D 博士,13,109
8,國立中央大學,05411051,數學系,D 日,D 博士,9,109
8,國立中央大學,05421052,統計研究所,D 日,D 博士,3,109
8,國立中央大學,06131053,資訊管理學系,D 日,D 博士,13,109
8,國立中央大學,06131059,資訊工程學系,D 日,D 博士,79,109
8,國立中央大學,06132002,網路學習科技研究所,D 日,D 博士,30,109
8,國立中央大學,07111069,化學工程與材料工程學系,D 日,D 博士,35,109
8,國立中央大學,07112070,材料科學與工程研究所,D 日,D 博士,19,109
8,國立中央大學,07121072,環境工程研究所,D 日,D 博士,16,109
8,國立中央大學,07132066,能源工程研究所,D 日,D 博士,8,109
8,國立中央大學,07141055,電機工程學系,D 日,D 博士,42,109
8,國立中央大學,07141056,光電博士學位學程(台灣聯合大學系統),D 日,D 博士,1,109
8,國立中央大學,07141057,光電科學與工程學系,D 日,D 博士,28,109
8,國立中央大學,07141060,通訊工程學系,D 日,D 博士,15,109
8,國立中央大學,07151064,機械工程學系,D 日,D 博士,76,109
8,國立中央大學,07191026,工業管理研究所,D 日,D 博士,12,109
8,國立中央大學,07193074,生醫科學與工程學系博士班,D 日,D 博士,62,109
8,國立中央大學,07321067,土木工程學系,D 日,D 博士,78,109
9,國立中山大學,01111001,教育研究所,D 日,D 博士,50,109
9,國立中山大學,01111072,教育與人類發展研究全英語博士學位學程,D 日,D 博士,12,109
9,國立中山大學,02311006,外國語文學系,D 日,D 博士,9,109
9,國立中山大學,02322005,中國文學系,D 日,D 博士,23,109
9,國立中山大學,03121011,政治學研究所,D 日,D 博士,28,109
9,國立中山大學,03143016,中國與亞太區域研究所,D 日,D 博士,65,109
9,國立中山大學,04121024,財務管理學系,D 日,D 博士,23,109
9,國立中山大學,04131021,企業管理學系,D 日,D 博士,96,109
9,國立中山大學,04131028,人力資源管理研究所,D 日,D 博士,46,109
9,國立中山大學,04134017,公共事務管理研究所,D 日,D 博士,18,109
9,國立中山大學,05111033,生物科學系,D 日,D 博士,18,109
9,國立中山大學,05121035,生物醫學研究所,D 日,D 博士,46,109
9,國立中山大學,05121044,海洋生物科技暨資源學系,D 日,D 博士,30,109
9,國立中山大學,05311037,化學系,D 日,D 博士,20,109
9,國立中山大學,05323043,海洋生物科技博士學位學程,D 日,D 博士,14,109
9,國立中山大學,05323047,海洋科學系,D 日,D 博士,13,109
9,國立中山大學,05331038,物理學系,D 日,D 博士,43,109
9,國立中山大學,05399070,理學國際博士學位學程,D 日,D 博士,18,109
9,國立中山大學,05411051,應用數學系,D 日,D 博士,9,109
9,國立中山大學,06111055,資訊工程學系,D 日,D 博士,21,109
9,國立中山大學,06131052,資訊管理學系,D 日,D 博士,23,109
9,國立中山大學,07112063,材料與光電科學學系,D 日,D 博士,28,109
9,國立中山大學,07121064,環境工程研究所,D 日,D 博士,30,109
9,國立中山大學,07122065,海洋環境及工程學系,D 日,D 博士,20,109
9,國立中山大學,07141053,電機工程學系,D 日,D 博士,35,109
9,國立中山大學,07141054,光電工程學系,D 日,D 博士,24,109
9,國立中山大學,07141057,通訊工程研究所,D 日,D 博士,9,109
9,國立中山大學,07151061,機械與機電工程學系,D 日,D 博士,37,109
9,國立中山大學,07193067,醫學科技研究所,D 日,D 博士,3,109
12,國立臺灣海洋大學,04212009,海洋法律研究所,D 日,D 博士,26,109
12,國立臺灣海洋大學,05121014,生命科學暨生物科技學系,D 日,D 博士,16,109
12,國立臺灣海洋大學,05121018,海洋生物科技博士學位學程,D 日,D 博士,11,109
12,國立臺灣海洋大學,05321057,地球科學研究所,D 日,D 博士,10,109
12,國立臺灣海洋大學,05323017,海洋生物研究所,D 日,D 博士,21,109
12,國立臺灣海洋大學,05323020,海洋環境資訊系,D 日,D 博士,9,109
12,國立臺灣海洋大學,05323023,海洋資源與環境變遷博士學位學程,D 日,D 博士,5,109
12,國立臺灣海洋大學,06131028,資訊工程學系,D 日,D 博士,10,109
12,國立臺灣海洋大學,07122040,河海工程學系,D 日,D 博士,35,109
12,國立臺灣海洋大學,07122041,海洋工程科技博士學位學程,D 日,D 博士,7,109
12,國立臺灣海洋大學,07141025,電機工程學系,D 日,D 博士,21,109
12,國立臺灣海洋大學,07141027,光電與材料科技學系,D 日,D 博士,5,109
12,國立臺灣海洋大學,07151036,機械與機電工程學系,D 日,D 博士,5,109
12,國立臺灣海洋大學,07163033,系統工程暨造船學系,D 日,D 博士,7,109
12,國立臺灣海洋大學,07163035,輪機工程學系,D 日,D 博士,26,109
12,國立臺灣海洋大學,07211042,食品科學系,D 日,D 博士,28,109
12,國立臺灣海洋大學,08311045,環境生物與漁業科學學系,D 日,D 博士,31,109
12,國立臺灣海洋大學,08312046,水產養殖學系,D 日,D 博士,21,109
12,國立臺灣海洋大學,10412048,航運管理學系,D 日,D 博士,39,109
13,國立中正大學,01111001,教育學研究所課程博士班,D 日,D 博士,58,109
13,國立中正大學,01112005,成人及繼續教育學系,D 日,D 博士,40,109
13,國立中正大學,01114007,教育領導與管理發展國際博士學位學程,D 日,D 博士,6,109
13,國立中正大學,02221015,歷史學系,D 日,D 博士,28,109
13,國立中正大學,02231016,哲學系,D 日,D 博士,7,109
13,國立中正大學,02322011,中國文學系,D 日,D 博士,29,109
13,國立中正大學,02399014,語言學研究所,D 日,D 博士,11,109
13,國立中正大學,03111017,經濟學系國際經濟學博士班,D 日,D 博士,7,109
13,國立中正大學,03131019,心理學系,D 日,D 博士,13,109
13,國立中正大學,03199022,認知科學博士學位學程,D 日,D 博士,7,109
13,國立中正大學,03199026,犯罪防治學系,D 日,D 博士,46,109
13,國立中正大學,04111032,會計與資訊科技學系,D 日,D 博士,23,109
13,國立中正大學,04121034,財務金融學系,D 日,D 博士,13,109
13,國立中正大學,04131033,企業管理學系,D 日,D 博士,54,109
13,國立中正大學,04211039,法律學系,D 日,D 博士,43,109
13,國立中正大學,05121075,生物醫學科學系分子生物博士班,D 日,D 博士,19,109
13,國立中正大學,05311045,化學暨生物化學系,D 日,D 博士,10,109
13,國立中正大學,05321047,地球與環境科學系地震學博士班,D 日,D 博士,5,109
13,國立中正大學,05331067,物理學系,D 日,D 博士,13,109
13,國立中正大學,05411049,數學系數學科學博士班,D 日,D 博士,-,109
13,國立中正大學,06131053,資訊管理學系,D 日,D 博士,21,109
13,國立中正大學,06131055,資訊工程學系,D 日,D 博士,22,109
13,國立中正大學,07111061,化學工程學系,D 日,D 博士,7,109
13,國立中正大學,07141054,電機工程學系,D 日,D 博士,24,109
13,國立中正大學,07141056,通訊工程學系,D 日,D 博士,3,109
13,國立中正大學,07151058,機械工程學系,D 日,D 博士,35,109
13,國立中正大學,07151071,前瞻製造系統博士學位學程,D 日,D 博士,2,109
13,國立中正大學,07199076,環境智能及智慧系統博士學位學程,D 日,D 博士,2,109
13,國立中正大學,09231063,社會福利學系,D 日,D 博士,26,109
14,國立高雄師範大學,01111001,教育學系,D 日,D 博士,85,109
14,國立高雄師範大學,01112009,成人教育研究所,D 日,D 博士,62,109
14,國立高雄師範大學,01113010,特殊教育學系特殊教育博士班,D 日,D 博士,33,109
14,國立高雄師範大學,01141003,工業科技教育學系,D 日,D 博士,42,109
14,國立高雄師範大學,01141006,科學教育暨環境教育研究所科學教育博士班,D 日,D 博士,50,109
14,國立高雄師範大學,01199011,性別教育博士學位學程,D 日,D 博士,22,109
14,國立高雄師範大學,02311021,英語學系,D 日,D 博士,37,109
14,國立高雄師範大學,02313002,華語文教學博士學位學程,D 日,D 博士,3,109
14,國立高雄師範大學,02322019,國文學系,D 日,D 博士,52,109
14,國立高雄師範大學,03131026,諮商心理與復健諮商研究所諮商心理博士班,D 日,D 博士,36,109
14,國立高雄師範大學,03142030,地理學系,D 日,D 博士,31,109
14,國立高雄師範大學,05331037,物理學系,D 日,D 博士,10,109
15,國立彰化師範大學,01111002,教育研究所,D 日,D 博士,30,109
15,國立彰化師範大學,01113012,特殊教育學系,D 日,D 博士,26,109
15,國立彰化師範大學,01118007,工業教育與技術學系,D 日,D 博士,121,109
15,國立彰化師範大學,01131004,科學教育研究所,D 日,D 博士,28,109
15,國立彰化師範大學,02311020,英語學系,D 日,D 博士,9,109
15,國立彰化師範大學,02322019,國文學系,D 日,D 博士,37,109
15,國立彰化師範大學,03131025,輔導與諮商學系,D 日,D 博士,45,109
15,國立彰化師範大學,03142027,地理學系地理暨環境資源博士班,D 日,D 博士,11,109
15,國立彰化師範大學,04121031,財務金融技術學系,D 日,D 博士,77,109
15,國立彰化師範大學,04131033,人力資源管理研究所,D 日,D 博士,27,109
15,國立彰化師範大學,05331037,物理學系,D 日,D 博士,14,109
15,國立彰化師範大學,05411038,數學系,D 日,D 博士,8,109
15,國立彰化師範大學,07141042,電機工程學系,D 日,D 博士,23,109
15,國立彰化師範大學,07141046,光電科技研究所,D 日,D 博士,21,109
15,國立彰化師範大學,07151054,機電工程學系,D 日,D 博士,18,109
16,國立陽明大學,05121007,生命科學系暨基因體科學研究所,D 日,D 博士,14,109
16,國立陽明大學,05121064,生技醫療產業博士學位學程,D 日,D 博士,8,109
16,國立陽明大學,05122009,微生物及免疫學研究所,D 日,D 博士,22,109
16,國立陽明大學,05123011,生化暨分子生物研究所,D 日,D 博士,26,109
16,國立陽明大學,05124013,生物醫學資訊研究所,D 日,D 博士,35,109
16,國立陽明大學,05211017,環境科技博士學位學程(台灣聯合大學系統),D 日,D 博士,2,109
16,國立陽明大學,07193018,光電博士學位學程(台灣聯合大學系統),D 日,D 博士,1,109
16,國立陽明大學,07193019,生醫光電研究所,D 日,D 博士,26,109
16,國立陽明大學,07193021,生物醫學工程學系,D 日,D 博士,48,109
16,國立陽明大學,09111059,牙醫學系,D 日,D 博士,19,109
16,國立陽明大學,09111061,口腔生物研究所,D 日,D 博士,7,109
16,國立陽明大學,09121016,跨領域神經科學國際研究生博士學位學程,D 日,D 博士,17,109
16,國立陽明大學,09121025,臨床醫學研究所,D 日,D 博士,121,109
16,國立陽明大學,09121027,分子醫學博士學位學程,D 日,D 博士,86,109
16,國立陽明大學,09121028,生理學研究所,D 日,D 博士,18,109
16,國立陽明大學,09121029,神經科學研究所,D 日,D 博士,27,109
16,國立陽明大學,09121032,急重症醫學研究所,D 日,D 博士,19,109
16,國立陽明大學,09121033,腦科學研究所,D 日,D 博士,62,109
16,國立陽明大學,09121035,轉譯醫學博士學位學程,D 日,D 博士,8,109
16,國立陽明大學,09121043,藥理學研究所,D 日,D 博士,26,109
16,國立陽明大學,09131048,護理學系,D 日,D 博士,70,109
16,國立陽明大學,09131049,臨床護理研究所,D 日,D 博士,11,109
16,國立陽明大學,09141057,醫學生物技術暨檢驗學系,D 日,D 博士,7,109
16,國立陽明大學,09141058,生物醫學影像暨放射科學系,D 日,D 博士,53,109
16,國立陽明大學,09141065,生物醫學暨工程科技產業博士學位學程,D 日,D 博士,4,109
16,國立陽明大學,09151047,物理治療暨輔助科技學系,D 日,D 博士,25,109
16,國立陽明大學,09161044,生物藥學研究所,D 日,D 博士,6,109
16,國立陽明大學,09171042,傳統醫藥研究所,D 日,D 博士,31,109
16,國立陽明大學,09191036,公共衛生研究所,D 日,D 博士,75,109
16,國立陽明大學,09191037,衛生福利研究所,D 日,D 博士,21,109
16,國立陽明大學,09191039,環境與職業衛生研究所,D 日,D 博士,12,109
17,國立臺北大學,03111009,經濟學系,D 日,D 博士,3,109
17,國立臺北大學,04111017,會計學系,D 日,D 博士,11,109
17,國立臺北大學,04131018,企業管理學系,D 日,D 博士,77,109
17,國立臺北大學,04134013,公共行政暨政策學系,D 日,D 博士,15,109
17,國立臺北大學,04134024,不動產與城鄉環境學系,D 日,D 博士,20,109
17,國立臺北大學,04211028,法律學系,D 日,D 博士,34,109
17,國立臺北大學,05211043,自然資源與環境管理研究所,D 日,D 博士,19,109
17,國立臺北大學,06111038,電機資訊學院博士班,D 日,D 博士,20,109
17,國立臺北大學,07313039,都市計劃研究所,D 日,D 博士,11,109
18,國立嘉義大學,01111001,教育學系,D 日,D 博士,60,109
18,國立嘉義大學,04131038,企業管理學系,D 日,D 博士,26,109
18,國立嘉義大學,05311059,應用化學系,D 日,D 博士,8,109
18,國立嘉義大學,06131066,資訊工程學系,D 日,D 博士,9,109
18,國立嘉義大學,07211088,食品科學系,D 日,D 博士,30,109
18,國立嘉義大學,08111077,農業科學博士學位學程,D 日,D 博士,45,109
18,國立嘉義大學,10151044,行銷與觀光管理學系觀光休閒管理博士班,D 日,D 博士,19,109
19,國立高雄大學,04211018,法學院博士班,D 日,D 博士,15,109
19,國立高雄大學,05411024,應用數學系,D 日,D 博士,7,109
19,國立高雄大學,07141027,電機工程學系,D 日,D 博士,10,109
20,國立東華大學,01111001,教育與潛能開發學系教育博士班,D 日,D 博士,147,109
20,國立東華大學,02222042,族群關係與文化學系,D 日,D 博士,26,109
20,國立東華大學,02322025,中國語文學系,D 日,D 博士,39,109
20,國立東華大學,02323110,人文社會科學學院華語文教學國際博士班,D 日,D 博士,3,109
20,國立東華大學,03111034,經濟學系,D 日,D 博士,9,109
20,國立東華大學,03191111,人文社會科學學院亞太區域研究博士班,D 日,D 博士,4,109
20,國立東華大學,04131059,企業管理學系,D 日,D 博士,64,109
20,國立東華大學,05121069,生命科學系生物技術博士班,D 日,D 博士,13,109
20,國立東華大學,05211094,自然資源與環境學系,D 日,D 博士,36,109
20,國立東華大學,05311071,化學系,D 日,D 博士,11,109
20,國立東華大學,05323078,海洋生物研究所,D 日,D 博士,4,109
20,國立東華大學,05331072,物理學系應用物理博士班,D 日,D 博士,29,109
20,國立東華大學,05411074,應用數學系,D 日,D 博士,7,109
20,國立東華大學,06131086,資訊工程學系,D 日,D 博士,9,109
20,國立東華大學,07112090,材料科學與工程學系,D 日,D 博士,11,109
20,國立東華大學,07141083,電機工程學系,D 日,D 博士,8,109
21,國立暨南國際大學,01111001,國際文教與比較教育學系,D 日,D 博士,29,109
21,國立暨南國際大學,01111002,國際文教管理人才博士學位學程,D 日,D 博士,7,109
21,國立暨南國際大學,01114010,教育政策與行政學系,D 日,D 博士,59,109
21,國立暨南國際大學,02221015,歷史學系,D 日,D 博士,11,109
21,國立暨南國際大學,02322013,中國語文學系,D 日,D 博士,9,109
21,國立暨南國際大學,03131004,諮商心理與人力資源發展學系輔導與諮商博士班,D 日,D 博士,17,109
21,國立暨南國際大學,03143019,東南亞學系,D 日,D 博士,24,109
21,國立暨南國際大學,04131022,國際企業學系,D 日,D 博士,-,109
21,國立暨南國際大學,04131026,新興產業策略與發展博士學位學程,D 日,D 博士,74,109
21,國立暨南國際大學,04134020,公共行政與政策學系,D 日,D 博士,18,109
21,國立暨南國際大學,05311027,應用化學系,D 日,D 博士,6,109
21,國立暨南國際大學,06131034,資訊工程學系,D 日,D 博士,7,109
21,國立暨南國際大學,07141031,電機工程學系,D 日,D 博士,10,109
21,國立暨南國際大學,07321035,土木工程學系,D 日,D 博士,15,109
21,國立暨南國際大學,09231038,社會政策與社會工作學系,D 日,D 博士,37,109
22,國立臺灣科技大學,01116002,數位學習與教育研究所,D 日,D 博士,32,109
22,國立臺灣科技大學,02122004,設計系,D 日,D 博士,42,109
22,國立臺灣科技大學,04121010,財務金融研究所,D 日,D 博士,17,109
22,國立臺灣科技大學,04131008,企業管理系,D 日,D 博士,62,109
22,國立臺灣科技大學,04191009,管理研究所,D 日,D 博士,45,109
22,國立臺灣科技大學,04191009,管理研究所,N 職,D 博士,-,109
22,國立臺灣科技大學,05399015,應用科技研究所,D 日,D 博士,137,109
22,國立臺灣科技大學,06131016,資訊管理系,D 日,D 博士,63,109
22,國立臺灣科技大學,06131020,資訊工程系,D 日,D 博士,44,109
22,國立臺灣科技大學,07111026,化學工程系,D 日,D 博士,73,109
22,國立臺灣科技大學,07112028,材料科學與工程系,D 日,D 博士,78,109
22,國立臺灣科技大學,07141017,電機工程系,D 日,D 博士,80,109
22,國立臺灣科技大學,07141018,電子工程系,D 日,D 博士,92,109
22,國立臺灣科技大學,07141019,光電工程研究所,D 日,D 博士,8,109
22,國立臺灣科技大學,07151023,機械工程系,D 日,D 博士,85,109
22,國立臺灣科技大學,07151024,自動化及控制研究所,D 日,D 博士,12,109
22,國立臺灣科技大學,07191012,工業管理系,D 日,D 博士,52,109
22,國立臺灣科技大學,07311038,建築系,D 日,D 博士,55,109
22,國立臺灣科技大學,07321025,營建工程系,D 日,D 博士,56,109
23,國立雲林科技大學,01118001,技術及職業教育研究所,D 日,D 博士,69,109
23,國立雲林科技大學,02122007,設計學研究所,D 日,D 博士,104,109
23,國立雲林科技大學,04111018,會計系,D 日,D 博士,11,109
23,國立雲林科技大學,04121024,財務金融系,D 日,D 博士,20,109
23,國立雲林科技大學,04131019,企業管理系,D 日,D 博士,70,109
23,國立雲林科技大學,04131057,產業經營專業博士學位學程,D 日,D 博士,9,109
23,國立雲林科技大學,06131032,資訊管理系,D 日,D 博士,24,109
23,國立雲林科技大學,07111045,化學工程與材料工程系,D 日,D 博士,3,109
23,國立雲林科技大學,07121049,環境與安全衛生工程系,D 日,D 博士,10,109
23,國立雲林科技大學,07141034,電子工程系,D 日,D 博士,14,109
23,國立雲林科技大學,07151041,機械工程系,D 日,D 博士,17,109
23,國立雲林科技大學,07191048,工業工程與管理系,D 日,D 博士,17,109
23,國立雲林科技大學,07194050,工程科技研究所,D 日,D 博士,64,109
24,國立屏東科技大學,05121016,農學院生物資源博士班,D 日,D 博士,29,109
24,國立屏東科技大學,05121050,動物用疫苗國際學位專班,D 日,D 博士,11,109
24,國立屏東科技大學,07121025,環境工程與科學系,D 日,D 博士,23,109
24,國立屏東科技大學,07211037,食品科學系,D 日,D 博士,16,109
24,國立屏東科技大學,07321021,土木工程系,D 日,D 博士,22,109
24,國立屏東科技大學,08111029,農園生產系,D 日,D 博士,18,109
24,國立屏東科技大學,08199030,熱帶農業暨國際合作系,D 日,D 博士,93,109
24,國立屏東科技大學,08312046,水產養殖系,D 日,D 博士,11,109
24,國立屏東科技大學,08312068,觀賞魚科技及水生動物健康國際學位專班,D 日,D 博士,5,109
24,國立屏東科技大學,08411048,獸醫學系,D 日,D 博士,18,109
25,國立臺北科技大學,01118001,技術及職業教育研究所,D 日,D 博士,62,109
25,國立臺北科技大學,02122003,設計學院設計博士班,D 日,D 博士,72,109
25,國立臺北科技大學,04131020,管理學院管理博士班,D 日,D 博士,93,109
25,國立臺北科技大學,06131034,資訊工程系,D 日,D 博士,21,109
25,國立臺北科技大學,07111047,工程學院_能源與光電材料外國學生專班,D 日,D 博士,5,109
25,國立臺北科技大學,07111048,化學工程與生物科技系博士班,D 日,D 博士,40,109
25,國立臺北科技大學,07111053,分子科學與工程系有機高分子博士班,D 日,D 博士,39,109
25,國立臺北科技大學,07112057,材料科學與工程研究所,D 日,D 博士,13,109
25,國立臺北科技大學,07112059,資源工程研究所博士班,D 日,D 博士,14,109
25,國立臺北科技大學,07112067,工程學院_能源與光電材料外國學生專班,D 日,D 博士,32,109
25,國立臺北科技大學,07121063,環境工程與管理研究所,D 日,D 博士,20,109
25,國立臺北科技大學,07132068,能源與冷凍空調工程系,D 日,D 博士,35,109
25,國立臺北科技大學,07141025,電機工程系,D 日,D 博士,63,109
25,國立臺北科技大學,07141028,電子工程系,D 日,D 博士,39,109
25,國立臺北科技大學,07141032,光電工程系,D 日,D 博士,9,109
25,國立臺北科技大學,07141036,電資學院_外國學生專班,D 日,D 博士,14,109
25,國立臺北科技大學,07151040,機電學院機電科技博士班,D 日,D 博士,87,109
25,國立臺北科技大學,07151043,製造科技研究所,D 日,D 博士,29,109
25,國立臺北科技大學,07191022,工業工程與管理系,D 日,D 博士,23,109
25,國立臺北科技大學,07321045,土木工程系土木與防災博士班,D 日,D 博士,30,109
28,國立臺北藝術大學,02131003,美術學系,D 日,D 博士,20,109
28,國立臺北藝術大學,02151005,音樂學系,D 日,D 博士,36,109
28,國立臺北藝術大學,02152008,戲劇學系,D 日,D 博士,16,109
28,國立臺北藝術大學,02152013,舞蹈研究所,D 日,D 博士,14,109
28,國立臺北藝術大學,02191021,文化資源學院文化資產與藝術創新博士班,D 日,D 博士,26,109
29,國立臺灣藝術大學,02111032,傳播學院影音創作與數位媒體產業博士班,D 日,D 博士,13,109
29,國立臺灣藝術大學,02122027,創意產業設計研究所,D 日,D 博士,27,109
29,國立臺灣藝術大學,02131003,美術學系當代視覺文化博士班,D 日,D 博士,18,109
29,國立臺灣藝術大學,02131005,書畫藝術學系,D 日,D 博士,26,109
29,國立臺灣藝術大學,02191018,表演藝術學院表演藝術博士班,D 日,D 博士,22,109
29,國立臺灣藝術大學,02192026,藝術管理與文化政策研究所,D 日,D 博士,28,109
30,國立臺東大學,01111001,教育學系教育研究博士班,D 日,D 博士,20,109
30,國立臺東大學,02399016,兒童文學研究所,D 日,D 博士,28,109
31,國立宜蘭大學,08112030,生物技術與動物科學系,D 日,D 博士,12,109
32,國立聯合大學,07112030,材料與化學工程博士學位學程,D 日,D 博士,17,109
33,國立虎尾科技大學,07141011,光電工程系光電與材料科技博士班,D 日,D 博士,25,109
33,國立虎尾科技大學,07151016,動力機械工程系機械與機電工程博士班,D 日,D 博士,20,109
33,國立虎尾科技大學,07199035,智慧產業科技研發博士學位學程,D 日,D 博士,3,109
35,國立臺南藝術大學,02131016,藝術創作理論研究所,D 日,D 博士,49,109
35,國立臺南藝術大學,02191014,藝術史學系藝術史評與古物研究博士班,D 日,D 博士,3,109
36,國立臺南大學,01111001,教育學系測驗統計博士班,D 日,D 博士,114,109
36,國立臺南大學,01113019,特殊教育學系,D 日,D 博士,21,109
36,國立臺南大學,06134024,數位學習科技學系,D 日,D 博士,19,109
36,國立臺南大學,07141049,電機工程學系,D 日,D 博士,9,109
37,國立臺北教育大學,01114044,教育經營與管理學系教育政策與管理博士班,D 日,D 博士,78,109
37,國立臺北教育大學,01115020,課程與教學傳播科技研究所,D 日,D 博士,37,109
37,國立臺北教育大學,01141040,自然科學教育學系,D 日,D 博士,19,109
37,國立臺北教育大學,02121014,藝術與造形設計學系藝術跨域整合博士班,D 日,D 博士,19,109
39,國立臺中教育大學,01111001,教育學系,D 日,D 博士,48,109
39,國立臺中教育大學,01117028,教育資訊與測驗統計研究所,D 日,D 博士,33,109
39,國立臺中教育大學,01131006,語文教育學系,D 日,D 博士,31,109
43,國立勤益科技大學,07141035,前瞻電資科技產業博士學位學程,D 日,D 博士,7,109
43,國立勤益科技大學,07151034,智慧機械與智慧製造產業博士學位學程,D 日,D 博士,7,109
43,國立勤益科技大學,07194024,精密製造科技研究所,D 日,D 博士,20,109
44,國立體育大學,01141001,體育研究所,D 日,D 博士,74,109
44,國立體育大學,10141008,競技與教練科學研究所,D 日,D 博士,52,109
44,國立體育大學,10142010,運動科學研究所,D 日,D 博士,13,109
44,國立體育大學,10152021,國際運動管理與創新博士學位學程,D 日,D 博士,19,109
46,國立臺北護理健康大學,09131009,護理系,D 日,D 博士,74,109
47,國立高雄餐旅大學,10151029,觀光研究所,D 日,D 博士,35,109
49,國立臺灣體育運動大學,04199010,運動事業管理學系東南亞博士班,D 日,D 博士,4,109
49,國立臺灣體育運動大學,10141003,競技運動學系,D 日,D 博士,3,109
51,國立臺北商業大學,04191025,財經學院博士班,D 日,D 博士,6,109
52,國立屏東大學,01114018,教育行政研究所,D 日,D 博士,44,109
53,國立高雄科技大學,04121052,財務金融學院博士班,D 日,D 博士,61,109
53,國立高雄科技大學,04141023,國際企業系,D 日,D 博士,36,109
53,國立高雄科技大學,04191120,商業智慧學院博士班,D 日,D 博士,32,109
53,國立高雄科技大學,04199106,管理學院博士班,D 日,D 博士,58,109
53,國立高雄科技大學,05111050,水圈學院水產科技產業博士班,D 日,D 博士,19,109
53,國立高雄科技大學,07111085,化學工程與材料工程系,D 日,D 博士,11,109
53,國立高雄科技大學,07141103,電子工程系(建工校區),D 日,D 博士,63,109
53,國立高雄科技大學,07141105,電機工程系,D 日,D 博士,38,109
53,國立高雄科技大學,07151072,機械工程系,D 日,D 博士,57,109
53,國立高雄科技大學,07151074,模具工程系,D 日,D 博士,13,109
53,國立高雄科技大學,07191091,工業工程與管理系,D 日,D 博士,29,109
53,國立高雄科技大學,07194088,工學院工程科技博士班,D 日,D 博士,101,109
53,國立高雄科技大學,07194094,海事學院海事科技產學合作博士班,D 日,D 博士,20,109
53,國立高雄科技大學,07321077,土木工程系土木工程科技博士班,D 日,D 博士,12,109
53,國立高雄科技大學,10412060,航運管理系,D 日,D 博士,13,109
1001,東海大學,02231010,哲學系,D 日,D 博士,14,109
1001,東海大學,02322004,中國文學系,D 日,D 博士,20,109
1001,東海大學,03121013,政治學系,D 日,D 博士,29,109
1001,東海大學,03141014,社會學系,D 日,D 博士,39,109
1001,東海大學,04211027,法律學系,D 日,D 博士,23,109
1001,東海大學,05111028,生命科學系,D 日,D 博士,14,109
1001,東海大學,05311030,化學系,D 日,D 博士,13,109
1001,東海大學,05331032,應用物理學系,D 日,D 博士,3,109
1001,東海大學,05421035,統計學系,D 日,D 博士,5,109
1001,東海大學,07111042,化學工程與材料工程學系,D 日,D 博士,3,109
1001,東海大學,07121045,環境科學與工程學系,D 日,D 博士,9,109
1001,東海大學,07191044,工業工程與經營資訊學系,D 日,D 博士,29,109
1001,東海大學,08112051,畜產與生物科技學系,D 日,D 博士,8,109
1001,東海大學,09231053,社會工作學系,D 日,D 博士,41,109
1002,輔仁大學,02151034,音樂學系,D 日,D 博士,28,109
1002,輔仁大學,02211019,宗教學系,D 日,D 博士,50,109
1002,輔仁大學,02231037,哲學系,D 日,D 博士,42,109
1002,輔仁大學,02299060,跨文化研究所比較文學與跨文化研究博士班,D 日,D 博士,37,109
1002,輔仁大學,02322003,中國文學系,D 日,D 博士,24,109
1002,輔仁大學,03131007,心理學系,D 日,D 博士,40,109
1002,輔仁大學,04191040,商學研究所,D 日,D 博士,73,109
1002,輔仁大學,04211020,法律學系,D 日,D 博士,53,109
1002,輔仁大學,05191036,食品營養博士學位學程,D 日,D 博士,35,109
1002,輔仁大學,05311005,化學系,D 日,D 博士,17,109
1002,輔仁大學,06131077,應用科學與工程研究所,D 日,D 博士,28,109
1002,輔仁大學,09161091,生技醫藥博士學位學程,D 日,D 博士,5,109
1003,東吳大學,02311005,日本語文學系,D 日,D 博士,25,109
1003,東吳大學,02322002,中國文學系,D 日,D 博士,34,109
1003,東吳大學,03111008,經濟學系,D 日,D 博士,19,109
1003,東吳大學,03121009,政治學系,D 日,D 博士,10,109
1003,東吳大學,04211021,法律學系,D 日,D 博士,29,109
1003,東吳大學,05122022,微生物學系,D 日,D 博士,1,109
1004,中原大學,02122007,設計學博士學位學程,D 日,D 博士,58,109
1004,中原大學,04131014,企業管理學系,D 日,D 博士,35,109
1004,中原大學,04191012,商學博士學位學程,D 日,D 博士,37,109
1004,中原大學,05311023,化學系,D 日,D 博士,26,109
1004,中原大學,05331024,物理學系,D 日,D 博士,16,109
1004,中原大學,05411027,應用數學系,D 日,D 博士,9,109
1004,中原大學,07111037,化學工程學系,D 日,D 博士,8,109
1004,中原大學,07141029,電機工程學系,D 日,D 博士,21,109
1004,中原大學,07141030,電子工程學系,D 日,D 博士,19,109
1004,中原大學,07151034,機械工程學系,D 日,D 博士,32,109
1004,中原大學,07191041,工業與系統工程學系,D 日,D 博士,38,109
1004,中原大學,07193043,生物醫學工程學系,D 日,D 博士,21,109
1004,中原大學,07321035,土木工程學系,D 日,D 博士,25,109
1005,淡江大學,01114093,教育學院教育領導與科技管理博士班,D 日,D 博士,46,109
1005,淡江大學,02311088,英文學系,D 日,D 博士,26,109
1005,淡江大學,02322090,中國文學學系,D 日,D 博士,34,109
1005,淡江大學,03111075,產業經濟學系,D 日,D 博士,11,109
1005,淡江大學,03122060,國際事務與戰略研究所,D 日,D 博士,62,109
1005,淡江大學,03143065,美洲研究所,D 日,D 博士,6,109
1005,淡江大學,03143068,歐洲研究所,D 日,D 博士,23,109
1005,淡江大學,04121037,財務金融學系,D 日,D 博士,37,109
1005,淡江大學,04121103,商管學院產業金融暨經營管理博士學位學程,D 日,D 博士,1,109
1005,淡江大學,04131047,管理科學學系,D 日,D 博士,50,109
1005,淡江大學,05311031,化學學系,D 日,D 博士,3,109
1005,淡江大學,05331030,物理學系,D 日,D 博士,7,109
1005,淡江大學,05399106,理學院應用科學博士班,D 日,D 博士,4,109
1005,淡江大學,05411026,數學學系,D 日,D 博士,6,109
1005,淡江大學,06131018,資訊工程學系,D 日,D 博士,20,109
1005,淡江大學,07111010,化學工程與材料工程學系,D 日,D 博士,4,109
1005,淡江大學,07122009,水資源及環境工程學系,D 日,D 博士,8,109
1005,淡江大學,07141019,電機工程學系,D 日,D 博士,15,109
1005,淡江大學,07141102,工學院機器人博士學位學程,D 日,D 博士,12,109
1005,淡江大學,07151015,機械與機電工程學系,D 日,D 博士,8,109
1005,淡江大學,07321012,土木工程學系,D 日,D 博士,11,109
1006,中國文化大學,01141023,體育學系運動教練博士班,D 日,D 博士,68,109
1006,中國文化大學,02221098,史學系,D 日,D 博士,52,109
1006,中國文化大學,02231081,哲學系,D 日,D 博士,23,109
1006,中國文化大學,02322001,中國文學系,D 日,D 博士,48,109
1006,中國文化大學,03121011,國家發展與中國大陸研究所,D 日,D 博士,89,109
1006,中國文化大學,03121061,政治學系,D 日,D 博士,38,109
1006,中國文化大學,03142087,地學研究所,D 日,D 博士,25,109
1006,中國文化大學,04131015,國際企業管理學系,D 日,D 博士,90,109
1006,中國文化大學,04211020,法律學系,D 日,D 博士,38,109
1006,中國文化大學,07311068,建築及都市設計學系,D 日,D 博士,40,109
1007,逢甲大學,02322001,中國文學系,D 日,D 博士,29,109
1007,逢甲大學,03111009,經濟學系,D 日,D 博士,4,109
1007,逢甲大學,04121026,金融博士學位學程,D 日,D 博士,45,109
1007,逢甲大學,04191014,商學博士學位學程,D 日,D 博士,121,109
1007,逢甲大學,05421040,統計學系應用統計博士班,D 日,D 博士,4,109
1007,逢甲大學,06131048,資訊工程學系,D 日,D 博士,28,109
1007,逢甲大學,06131055,智慧聯網產業博士學位學程,D 日,D 博士,5,109
1007,逢甲大學,07111068,化學工程學系,D 日,D 博士,10,109
1007,逢甲大學,07112069,材料科學與工程學系,D 日,D 博士,5,109
1007,逢甲大學,07121075,環境工程與科學學系,D 日,D 博士,13,109
1007,逢甲大學,07141045,電機與通訊工程博士學位學程,D 日,D 博士,36,109
1007,逢甲大學,07151060,機械與航空工程博士學位學程,D 日,D 博士,35,109
1007,逢甲大學,07191072,工業工程與系統管理學系,D 日,D 博士,14,109
1007,逢甲大學,07192074,纖維與複合材料學系,D 日,D 博士,20,109
1007,逢甲大學,07321100,土木水利工程與建設規劃博士學位學程,D 日,D 博士,56,109
1008,靜宜大學,05191031,食品營養學系,D 日,D 博士,26,109
1008,靜宜大學,05311023,應用化學系,D 日,D 博士,12,109
1008,靜宜大學,09161035,化粧品科學系,D 日,D 博士,9,109
1009,長庚大學,04131004,企業管理研究所,D 日,D 博士,30,109
1009,長庚大學,05121011,生物科技產業博士學位學程,D 日,D 博士,8,109
1009,長庚大學,05123012,生物醫學研究所,D 日,D 博士,74,109
1009,長庚大學,06131018,資訊工程學系,D 日,D 博士,7,109
1009,長庚大學,07111025,化工與材料工程學系,D 日,D 博士,18,109
1009,長庚大學,07141014,電機工程學系,D 日,D 博士,26,109
1009,長庚大學,07141016,電子工程學系,D 日,D 博士,37,109
1009,長庚大學,07151022,機械工程學系,D 日,D 博士,14,109
1009,長庚大學,07193027,生物醫學工程研究所,D 日,D 博士,16,109
1009,長庚大學,09121029,臨床醫學研究所,D 日,D 博士,173,109
1009,長庚大學,09131040,護理學系,D 日,D 博士,14,109
1009,長庚大學,09141048,醫學影像暨放射科學系,D 日,D 博士,9,109
1009,長庚大學,09151037,物理治療學系,D 日,D 博士,17,109
1010,元智大學,02299047,文化產業與文化政策博士學位學程,D 日,D 博士,24,109
1010,元智大學,04199018,管理學院博士班,D 日,D 博士,90,109
1010,元智大學,06131011,資訊管理學系,D 日,D 博士,17,109
1010,元智大學,06131028,資訊工程學系,D 日,D 博士,24,109
1010,元智大學,07111041,化學工程與材料科學學系,D 日,D 博士,17,109
1010,元智大學,07141033,電機工程學系,D 日,D 博士,45,109
1010,元智大學,07151037,機械工程學系,D 日,D 博士,18,109
1010,元智大學,07191043,工業工程與管理學系,D 日,D 博士,32,109
1011,中華大學,04199014,科技管理博士學位學程,D 日,D 博士,40,109
1011,中華大學,07194037,工程科學博士學位學程,D 日,D 博士,10,109
1011,中華大學,07321032,土木工程學系,D 日,D 博士,22,109
1012,大葉大學,04199029,管理學院博士班,D 日,D 博士,57,109
1012,大葉大學,05121035,生物科技與產業博士學位學程,D 日,D 博士,20,109
1012,大葉大學,07121054,環境工程學系,D 日,D 博士,22,109
1012,大葉大學,07141038,電機工程學系,D 日,D 博士,14,109
1012,大葉大學,07151046,機械與自動化工程學系,D 日,D 博士,1,109
1012,大葉大學,07211078,食品暨應用生物科技學系,D 日,D 博士,7,109
1013,華梵大學,02299009,東方人文思想研究所,D 日,D 博士,49,109
1013,華梵大學,07151014,機電工程學系,D 日,D 博士,12,109
1014,義守大學,04131012,管理學院管理博士班,D 日,D 博士,30,109
1014,義守大學,04199019,工業管理學系,D 日,D 博士,18,109
1014,義守大學,06131027,資訊工程學系,D 日,D 博士,40,109
1014,義守大學,07111021,生物技術與化學工程研究所,D 日,D 博士,25,109
1014,義守大學,07112034,材料科學與工程學系,D 日,D 博士,8,109
1014,義守大學,07141025,電機工程學系,D 日,D 博士,24,109
1014,義守大學,07141026,電子工程學系,D 日,D 博士,11,109
1015,世新大學,02322001,中國文學系,D 日,D 博士,21,109
1015,世新大學,03214012,傳播博士學位學程,D 日,D 博士,55,109
1015,世新大學,04134009,行政管理學系,D 日,D 博士,23,109
1016,銘傳大學,02322002,應用中國文學系,D 日,D 博士,32,109
1016,銘傳大學,04131036,企業管理學系,D 日,D 博士,45,109
1017,實踐大學,04199036,管理學院創意產業博士班,D 日,D 博士,30,109
1018,朝陽科技大學,02122028,建築系建築及都市設計博士班,D 日,D 博士,26,109
1018,朝陽科技大學,04131008,企業管理系台灣產業策略發展博士班,D 日,D 博士,36,109
1018,朝陽科技大學,05121017,應用化學系生化科技博士班,D 日,D 博士,16,109
1018,朝陽科技大學,06131019,資訊管理系,D 日,D 博士,24,109
1018,朝陽科技大學,07321025,營建工程系,D 日,D 博士,5,109
1019,高雄醫學大學,05121050,生命科學博士學位學程,D 日,D 博士,6,109
1019,高雄醫學大學,05311017,醫藥暨應用化學系,D 日,D 博士,33,109
1019,高雄醫學大學,07193041,生物醫學工程博士學位學程,D 日,D 博士,7,109
1019,高雄醫學大學,09111044,牙醫學系,D 日,D 博士,23,109
1019,高雄醫學大學,09121011,醫學研究所,D 日,D 博士,68,109
1019,高雄醫學大學,09121018,臨床醫學研究所,D 日,D 博士,36,109
1019,高雄醫學大學,09121020,轉譯醫學博士學位學程,D 日,D 博士,3,109
1019,高雄醫學大學,09131032,護理學系,D 日,D 博士,60,109
1019,高雄醫學大學,09141036,醫學檢驗生物技術學系,D 日,D 博士,9,109
1019,高雄醫學大學,09161024,藥學系,D 日,D 博士,30,109
1019,高雄醫學大學,09161026,天然藥物研究所,D 日,D 博士,20,109
1019,高雄醫學大學,09161047,毒理學博士學位學程,D 日,D 博士,4,109
1019,高雄醫學大學,09191021,公共衛生學系,D 日,D 博士,19,109
1019,高雄醫學大學,09191023,環境職業醫學博士學位學程,D 日,D 博士,12,109
1020,南華大學,02299011,生死學系生死學博士班,D 日,D 博士,3,109
1020,南華大學,04131029,企業管理學系管理科學博士班,D 日,D 博士,54,109
1022,大同大學,02122003,設計科學研究所,D 日,D 博士,80,109
1022,大同大學,06131012,資訊工程學系,D 日,D 博士,6,109
1022,大同大學,07111021,化學工程與生物科技學系,D 日,D 博士,9,109
1022,大同大學,07112016,材料工程學系,D 日,D 博士,4,109
1022,大同大學,07141010,電機工程學系,D 日,D 博士,9,109
1022,大同大學,07141013,通訊工程研究所,D 日,D 博士,-,109
1022,大同大學,07151014,機械工程學系,D 日,D 博士,2,109
1023,南臺科技大學,04131016,經營管理博士學位學程,D 日,D 博士,34,109
1023,南臺科技大學,07141039,電機工程系,D 日,D 博士,30,109
1023,南臺科技大學,07141040,電子工程系,D 日,D 博士,12,109
1023,南臺科技大學,07151045,機械工程系機電科技博士班,D 日,D 博士,21,109
1024,崑山科技大學,07151030,機械工程系機械與能源工程博士班,D 日,D 博士,36,109
1026,樹德科技大學,99999045,人類性學研究所,D 日,D 博士,34,109
1027,慈濟大學,09121015,醫學系藥理暨毒理學博士班,D 日,D 博士,17,109
1027,慈濟大學,09121019,醫學科學研究所,D 日,D 博士,93,109
1027,慈濟大學,09121022,轉譯醫學博士學位學程,D 日,D 博士,4,109
1028,臺北醫學大學,03131057,心智意識與腦科學研究博士學位學程,D 日,D 博士,5,109
1028,臺北醫學大學,04199061,國際生技醫療管理博士學位學程,D 日,D 博士,2,109
1028,臺北醫學大學,05121016,醫學科學研究所,D 日,D 博士,51,109
1028,臺北醫學大學,05191032,保健營養學系,D 日,D 博士,21,109
1028,臺北醫學大學,06131042,醫學資訊研究所,D 日,D 博士,37,109
1028,臺北醫學大學,07193008,生醫材料暨組織工程研究所,D 日,D 博士,21,109
1028,臺北醫學大學,07193010,奈米醫學工程研究所,D 日,D 博士,1,109
1028,臺北醫學大學,07193011,國際生醫工程博士學位學程,D 日,D 博士,10,109
1028,臺北醫學大學,09111044,牙醫學系,D 日,D 博士,24,109
1028,臺北醫學大學,09121014,臨床醫學研究所,D 日,D 博士,47,109
1028,臺北醫學大學,09121017,轉譯醫學博士學位學程,D 日,D 博士,10,109
1028,臺北醫學大學,09121018,神經再生醫學博士學位學程,D 日,D 博士,16,109
1028,臺北醫學大學,09121019,國際醫學研究博士學位學程,D 日,D 博士,51,109
1028,臺北醫學大學,09121054,細胞治療與再生醫學國際博士學位學程,D 日,D 博士,19,109
1028,臺北醫學大學,09121062,國際轉譯科學博士學位學程,D 日,D 博士,3,109
1028,臺北醫學大學,09131037,護理學系,D 日,D 博士,68,109
1028,臺北醫學大學,09141040,醫學生物科技博士學位學程,D 日,D 博士,17,109
1028,臺北醫學大學,09161024,藥學系,D 日,D 博士,38,109
1028,臺北醫學大學,09161028,癌症生物學與藥物研發博士學位學程,D 日,D 博士,24,109
1028,臺北醫學大學,09161030,中草藥臨床藥物研發博士學位學程,D 日,D 博士,26,109
1028,臺北醫學大學,09161060,新藥研發產業博士學位學程,D 日,D 博士,17,109
1028,臺北醫學大學,09191020,公共衛生學系,D 日,D 博士,30,109
1028,臺北醫學大學,09191022,傷害防治學研究所,D 日,D 博士,10,109
1028,臺北醫學大學,09191056,全球衛生暨衛生安全博士學位學程,D 日,D 博士,15,109
1029,中山醫學大學,05123013,生化微生物免疫研究所,D 日,D 博士,-,109
1029,中山醫學大學,05191026,營養學系,D 日,D 博士,16,109
1029,中山醫學大學,09111038,牙醫學系,D 日,D 博士,6,109
1029,中山醫學大學,09111039,口腔科學研究所,D 日,D 博士,10,109
1029,中山醫學大學,09121018,醫學研究所,D 日,D 博士,121,109
1029,中山醫學大學,09191020,公共衛生學系,D 日,D 博士,27,109
1033,長榮大學,04131026,經營管理研究所,D 日,D 博士,46,109
1034,弘光科技大學,09131025,護理系,D 日,D 博士,14,109
1035,中國醫藥大學,05121043,生物科技學系,D 日,D 博士,17,109
1035,中國醫藥大學,05191021,營養學系,D 日,D 博士,7,109
1035,中國醫藥大學,07193055,醫學工程與復健科技產業博士學位學程,D 日,D 博士,9,109
1035,中國醫藥大學,09111019,牙醫學系,D 日,D 博士,12,109
1035,中國醫藥大學,09121003,生物醫學研究所,D 日,D 博士,101,109
1035,中國醫藥大學,09121004,臨床醫學研究所,D 日,D 博士,15,109
1035,中國醫藥大學,09121006,基礎醫學研究所,D 日,D 博士,3,109
1035,中國醫藥大學,09121014,中醫學系,D 日,D 博士,41,109
1035,中國醫藥大學,09121023,老化醫學博士學位學程,D 日,D 博士,15,109
1035,中國醫藥大學,09121025,轉譯醫學博士學位學程,D 日,D 博士,1,109
1035,中國醫藥大學,09121046,中西醫結合研究所,D 日,D 博士,14,109
1035,中國醫藥大學,09121049,癌症生物與藥物研發博士學位學程,D 日,D 博士,8,109
1035,中國醫藥大學,09121059,生醫科技產業博士學位學程,D 日,D 博士,3,109
1035,中國醫藥大學,09161015,新藥開發研究所,D 日,D 博士,10,109
1035,中國醫藥大學,09161034,藥學系,D 日,D 博士,20,109
1035,中國醫藥大學,09161039,中國藥學暨中藥資源學系,D 日,D 博士,12,109
1035,中國醫藥大學,09161051,生技製藥產業博士學位學程,D 日,D 博士,8,109
1035,中國醫藥大學,09171013,針灸研究所,D 日,D 博士,12,109
1035,中國醫藥大學,09191026,公共衛生學系,D 日,D 博士,71,109
1035,中國醫藥大學,09199054,健康科技產業博士學位學程,D 日,D 博士,6,109
1037,正修科技大學,07151015,機械工程系機電工程博士班,D 日,D 博士,13,109
1039,玄奘大學,02322006,中國語文學系,D 日,D 博士,2,109
1041,明志科技大學,07132021,能源電池科技博士學位學程,D 日,D 博士,19,109
1041,明志科技大學,07193031,創新科技應用於生物醫學暨醫療照護產品研發國際博士學位學程,D 日,D 博士,3,109
1047,中臺科技大學,09141029,醫學影像暨放射科學系,D 日,D 博士,15,109
1048,亞洲大學,02112007,數位媒體設計學系,D 日,D 博士,46,109
1048,亞洲大學,02112058,創新產業博士學位學程,D 日,D 博士,4,109
1048,亞洲大學,04131017,經營管理學系,D 日,D 博士,79,109
1048,亞洲大學,04131059,智慧健康先進管理技術博士學位學程,D 日,D 博士,5,109
1048,亞洲大學,04199018,新興產業策略與發展博士學位學程,D 日,D 博士,20,109
1048,亞洲大學,06111057,人工智慧博士學位學程,D 日,D 博士,7,109
1048,亞洲大學,06134037,資訊工程學系,D 日,D 博士,26,109
1048,亞洲大學,07193029,生物資訊與醫學工程學系,D 日,D 博士,16,109
1048,亞洲大學,09191021,健康產業管理學系,D 日,D 博士,40,109
1050,佛光大學,02211010,佛教學系,D 日,D 博士,25,109
1050,佛光大學,02322006,中國文學與應用學系,D 日,D 博士,37,109
1053,元培醫事科技大學,09161045,生技製藥產業博士學位學程,D 日,D 博士,1,109
1058,明道大學,02299043,中華文化與傳播學系,D 日,D 博士,28,109
1058,明道大學,02322003,中國文學學系,D 日,D 博士,-,109
1081,東方設計大學,02122018,文化創意設計研究所,D 日,D 博士,32,109
1195,馬偕醫學院,05199001,生物醫學研究所,D 日,D 博士,5,109
1196,法鼓文理學院,02211002,佛教學系,D 日,D 博士,20,109
3002,臺北市立大學,01111001,教育學系,D 日,D 博士,99,109
3002,臺北市立大學,01114035,教育行政與評鑑研究所,D 日,D 博士,54,109
3002,臺北市立大學,02322043,中國語文學系,D 日,D 博士,22,109
3002,臺北市立大學,10141053,運動科學研究所,D 日,D 博士,18,109
3002,臺北市立大學,10141054,競技運動訓練研究所,D 日,D 博士,32,109
1,國立政治大學,01111001,教育學系,D 日,D 博士,117,110
1,國立政治大學,02211019,宗教研究所,D 日,D 博士,29,110
1,國立政治大學,02221020,歷史學系,D 日,D 博士,28,110
1,國立政治大學,02221021,台灣史研究所,D 日,D 博士,20,110
1,國立政治大學,02222031,民族學系,D 日,D 博士,19,110
1,國立政治大學,02231022,哲學系,D 日,D 博士,25,110
1,國立政治大學,02311009,英國語文學系,D 日,D 博士,21,110
1,國立政治大學,02321007,台灣文學研究所,D 日,D 博士,12,110
1,國立政治大學,02322008,中國文學系,D 日,D 博士,56,110
1,國立政治大學,02323002,華語文教學博士學位學程,D 日,D 博士,19,110
1,國立政治大學,02399018,語言學研究所,D 日,D 博士,10,110
1,國立政治大學,03111024,經濟學系,D 日,D 博士,11,110
1,國立政治大學,03121026,政治學系,D 日,D 博士,27,110
1,國立政治大學,03122045,外交學系,D 日,D 博士,7,110
1,國立政治大學,03131032,心理學系,D 日,D 博士,12,110
1,國立政治大學,03141030,社會學系,D 日,D 博士,11,110
1,國立政治大學,03143028,東亞研究所,D 日,D 博士,35,110
1,國立政治大學,03143036,日本研究博士學位學程,D 日,D 博士,8,110
1,國立政治大學,03143040,亞太研究英語博士學位學程,D 日,D 博士,67,110
1,國立政治大學,03143043,地政學系,D 日,D 博士,19,110
1,國立政治大學,03191047,國家發展研究所,D 日,D 博士,32,110
1,國立政治大學,03211056,傳播學院博士班,D 日,D 博士,38,110
1,國立政治大學,03222054,圖書資訊與檔案學研究所,D 日,D 博士,16,110
1,國立政治大學,04111059,會計學系,D 日,D 博士,10,110
1,國立政治大學,04121065,財務管理學系,D 日,D 博士,9,110
1,國立政治大學,04121068,金融學系,D 日,D 博士,26,110
1,國立政治大學,04122070,財政學系,D 日,D 博士,7,110
1,國立政治大學,04123069,風險管理與保險學系,D 日,D 博士,16,110
1,國立政治大學,04131060,企業管理學系,D 日,D 博士,47,110
1,國立政治大學,04134041,公共行政學系,D 日,D 博士,18,110
1,國立政治大學,04141067,國際經營與貿易學系,D 日,D 博士,9,110
1,國立政治大學,04199072,科技管理與智慧財產研究所,D 日,D 博士,28,110
1,國立政治大學,04212073,法律學系,D 日,D 博士,41,110
1,國立政治大學,05411078,應用數學系,D 日,D 博士,8,110
1,國立政治大學,05421079,統計學系,D 日,D 博士,6,110
1,國立政治大學,06131080,資訊管理學系,D 日,D 博士,44,110
1,國立政治大學,06131081,資訊科學系,D 日,D 博士,10,110
1,國立政治大學,06131082,社群網路與人智計算國際研究生博士學位學程,D 日,D 博士,14,110
1,國立政治大學,09231084,社會工作研究所,D 日,D 博士,16,110
2,國立清華大學,01111084,教育與學習科技學系,D 日,D 博士,64,110
2,國立清華大學,02221006,歷史研究所,D 日,D 博士,17,110
2,國立清華大學,02222007,人類學研究所,D 日,D 博士,7,110
2,國立清華大學,02321001,台灣文學研究所,D 日,D 博士,20,110
2,國立清華大學,02321101,臺灣語言研究與教學研究所,D 日,D 博士,24,110
2,國立清華大學,02322003,中國文學系,D 日,D 博士,47,110
2,國立清華大學,02399005,語言學研究所,D 日,D 博士,17,110
2,國立清華大學,03111011,經濟學系,D 日,D 博士,12,110
2,國立清華大學,03131077,教育心理與諮商學系,D 日,D 博士,20,110
2,國立清華大學,03141012,社會學研究所,D 日,D 博士,16,110
2,國立清華大學,04121020,計量財務金融學系,D 日,D 博士,6,110
2,國立清華大學,04199017,科技管理研究所,D 日,D 博士,25,110
2,國立清華大學,04199022,服務科學研究所,D 日,D 博士,15,110
2,國立清華大學,04212024,科技法律研究所,D 日,D 博士,14,110
2,國立清華大學,05121026,生物科技研究所,D 日,D 博士,33,110
2,國立清華大學,05121028,分子與細胞生物研究所,D 日,D 博士,31,110
2,國立清華大學,05121029,生技產業博士學位學程,D 日,D 博士,7,110
2,國立清華大學,05121030,生物資訊與結構生物研究所,D 日,D 博士,38,110
2,國立清華大學,05121072,分子醫學研究所,D 日,D 博士,29,110
2,國立清華大學,05199033,系統神經科學研究所,D 日,D 博士,9,110
2,國立清華大學,05211041,環境科技博士學位學程(台灣聯合大學系統),D 日,D 博士,8,110
2,國立清華大學,05311037,化學系,D 日,D 博士,94,110
2,國立清華大學,05331038,物理學系,D 日,D 博士,74,110
2,國立清華大學,05332039,天文研究所,D 日,D 博士,20,110
2,國立清華大學,05399040,先進光源科技博士學位學程,D 日,D 博士,2,110
2,國立清華大學,05411043,數學系,D 日,D 博士,15,110
2,國立清華大學,05421044,統計學研究所,D 日,D 博士,14,110
2,國立清華大學,06131053,資訊工程學系,D 日,D 博士,68,110
2,國立清華大學,06134046,資訊系統與應用研究所,D 日,D 博士,27,110
2,國立清華大學,06134048,社群網路與人智計算國際研究生博士學位學程,D 日,D 博士,18,110
2,國立清華大學,07111057,化學工程學系,D 日,D 博士,95,110
2,國立清華大學,07112058,材料科學工程學系,D 日,D 博士,134,110
2,國立清華大學,07112118,前瞻功能材料產業博士學位學程,D 日,D 博士,10,110
2,國立清華大學,07131068,核子工程與科學研究所,D 日,D 博士,21,110
2,國立清華大學,07141049,電機工程學系,D 日,D 博士,84,110
2,國立清華大學,07141050,電子工程研究所,D 日,D 博士,41,110
2,國立清華大學,07141052,光電工程研究所,D 日,D 博士,26,110
2,國立清華大學,07141054,通訊工程研究所,D 日,D 博士,24,110
2,國立清華大學,07151056,動力機械工程學系,D 日,D 博士,83,110
2,國立清華大學,07191061,工業工程與工程管理學系,D 日,D 博士,49,110
2,國立清華大學,07193063,生醫工程與環境科學系,D 日,D 博士,59,110
2,國立清華大學,07193132,智慧生醫博士學位學程,D 日,D 博士,1,110
2,國立清華大學,07194059,奈米工程與微系統研究所,D 日,D 博士,44,110
2,國立清華大學,07194066,工程與系統科學系,D 日,D 博士,85,110
2,國立清華大學,09121133,精準醫療博士學位學程,D 日,D 博士,2,110
2,國立清華大學,99999074,跨院國際博士班學位學程,D 日,D 博士,114,110
3,國立臺灣大學,02151002,音樂學研究所,D 日,D 博士,19,110
3,國立臺灣大學,02152003,戲劇學系,D 日,D 博士,7,110
3,國立臺灣大學,02191004,藝術史研究所,D 日,D 博士,7,110
3,國立臺灣大學,02221012,歷史學系,D 日,D 博士,42,110
3,國立臺灣大學,02222013,人類學系,D 日,D 博士,14,110
3,國立臺灣大學,02231014,哲學系,D 日,D 博士,26,110
3,國立臺灣大學,02311007,外國語文學系,D 日,D 博士,19,110
3,國立臺灣大學,02321005,臺灣文學研究所,D 日,D 博士,22,110
3,國立臺灣大學,02322006,中國文學系,D 日,D 博士,45,110
3,國立臺灣大學,02399011,語言學研究所,D 日,D 博士,13,110
3,國立臺灣大學,03111015,經濟學系,D 日,D 博士,26,110
3,國立臺灣大學,03121016,政治學系,D 日,D 博士,41,110
3,國立臺灣大學,03131019,心理學系,D 日,D 博士,36,110
3,國立臺灣大學,03141018,社會學系,D 日,D 博士,17,110
3,國立臺灣大學,03142021,地理環境資源學系,D 日,D 博士,16,110
3,國立臺灣大學,03191023,國家發展研究所,D 日,D 博士,47,110
3,國立臺灣大學,03222025,圖書資訊學系,D 日,D 博士,17,110
3,國立臺灣大學,04111027,會計學系,D 日,D 博士,14,110
3,國立臺灣大學,04121032,財務金融學系,D 日,D 博士,21,110
3,國立臺灣大學,04131026,商學研究所,D 日,D 博士,43,110
3,國立臺灣大學,04131031,國際企業學系,D 日,D 博士,43,110
3,國立臺灣大學,04211035,法律學系,D 日,D 博士,46,110
3,國立臺灣大學,05111038,生命科學系,D 日,D 博士,25,110
3,國立臺灣大學,05111040,植物科學研究所,D 日,D 博士,26,110
3,國立臺灣大學,05111041,昆蟲學系,D 日,D 博士,11,110
3,國立臺灣大學,05121044,生物科技研究所,D 日,D 博士,31,110
3,國立臺灣大學,05121045,生化科學研究所,D 日,D 博士,61,110
3,國立臺灣大學,05121046,分子與細胞生物學研究所,D 日,D 博士,10,110
3,國立臺灣大學,05121047,基因體與系統生物學學位學程,D 日,D 博士,30,110
3,國立臺灣大學,05121151,生化科技學系,D 日,D 博士,32,110
3,國立臺灣大學,05123050,生物化學暨分子生物學研究所,D 日,D 博士,27,110
3,國立臺灣大學,05124155,生物資訊學國際研究生博士學位學程,D 日,D 博士,10,110
3,國立臺灣大學,05199156,跨領域神經科學國際研究生博士學位學程,D 日,D 博士,16,110
3,國立臺灣大學,05212043,生態學與演化生物學研究所,D 日,D 博士,15,110
3,國立臺灣大學,05311051,化學系,D 日,D 博士,124,110
3,國立臺灣大學,05321052,地質科學系,D 日,D 博士,55,110
3,國立臺灣大學,05321053,氣候變遷與永續發展國際博士學位學程,D 日,D 博士,18,110
3,國立臺灣大學,05321166,地球系統科學國際研究生博士學位學程,D 日,D 博士,6,110
3,國立臺灣大學,05322056,大氣科學系,D 日,D 博士,31,110
3,國立臺灣大學,05323057,海洋研究所,D 日,D 博士,19,110
3,國立臺灣大學,05331054,物理學系,D 日,D 博士,102,110
3,國立臺灣大學,05331055,應用物理學研究所,D 日,D 博士,33,110
3,國立臺灣大學,05332058,天文物理研究所,D 日,D 博士,8,110
3,國立臺灣大學,05411059,數學系,D 日,D 博士,13,110
3,國立臺灣大學,06131062,資訊管理學系,D 日,D 博士,21,110
3,國立臺灣大學,06131063,資訊網路與多媒體研究所,D 日,D 博士,49,110
3,國立臺灣大學,06131067,資訊工程學系,D 日,D 博士,121,110
3,國立臺灣大學,06131081,生醫電子與資訊學研究所,D 日,D 博士,79,110
3,國立臺灣大學,06131158,資料科學博士學位學程,D 日,D 博士,12,110
3,國立臺灣大學,07111076,化學工程學系,D 日,D 博士,70,110
3,國立臺灣大學,07111077,高分子科學與工程學研究所,D 日,D 博士,35,110
3,國立臺灣大學,07111165,永續化學科技國際研究生博士學位學程,D 日,D 博士,5,110
3,國立臺灣大學,07112078,材料科學與工程學系,D 日,D 博士,85,110
3,國立臺灣大學,07112084,綠色永續材料與精密元件博士學位學程,D 日,D 博士,7,110
3,國立臺灣大學,07112154,分子科學與技術國際研究生博士學位學程,D 日,D 博士,27,110
3,國立臺灣大學,07121080,環境工程學研究所,D 日,D 博士,59,110
3,國立臺灣大學,07141064,電機工程學系,D 日,D 博士,87,110
3,國立臺灣大學,07141065,電子工程學研究所,D 日,D 博士,122,110
3,國立臺灣大學,07141066,光電工程學研究所,D 日,D 博士,61,110
3,國立臺灣大學,07141068,電信工程學研究所,D 日,D 博士,93,110
3,國立臺灣大學,07151069,機械工程學系,D 日,D 博士,123,110
3,國立臺灣大學,07151082,工程科學及海洋工程學系,D 日,D 博士,36,110
3,國立臺灣大學,07151161,生物機電工程學系,D 日,D 博士,30,110
3,國立臺灣大學,07191079,工業工程學研究所,D 日,D 博士,17,110
3,國立臺灣大學,07193083,醫學工程學系,D 日,D 博士,92,110
3,國立臺灣大學,07194071,應用力學研究所,D 日,D 博士,37,110
3,國立臺灣大學,07211099,食品科技研究所,D 日,D 博士,21,110
3,國立臺灣大學,07313086,建築與城鄉研究所,D 日,D 博士,26,110
3,國立臺灣大學,07321074,土木工程學系,D 日,D 博士,142,110
3,國立臺灣大學,07321075,生物環境系統工程學系,D 日,D 博士,24,110
3,國立臺灣大學,08111087,農藝學系,D 日,D 博士,13,110
3,國立臺灣大學,08112089,動物科學技術學系,D 日,D 博士,13,110
3,國立臺灣大學,08121091,園藝暨景觀學系,D 日,D 博士,33,110
3,國立臺灣大學,08191100,農業化學系,D 日,D 博士,15,110
3,國立臺灣大學,08193096,農業經濟學系,D 日,D 博士,9,110
3,國立臺灣大學,08193098,生物產業傳播暨發展學系,D 日,D 博士,18,110
3,國立臺灣大學,08194094,植物病理與微生物學系,D 日,D 博士,12,110
3,國立臺灣大學,08211102,森林環境暨資源學系,D 日,D 博士,30,110
3,國立臺灣大學,08311103,漁業科學研究所,D 日,D 博士,18,110
3,國立臺灣大學,08411104,獸醫學系,D 日,D 博士,23,110
3,國立臺灣大學,09111138,臨床牙醫學研究所,D 日,D 博士,27,110
3,國立臺灣大學,09111139,口腔生物科學研究所,D 日,D 博士,9,110
3,國立臺灣大學,09121048,微生物學研究所,D 日,D 博士,23,110
3,國立臺灣大學,09121108,臨床醫學研究所,D 日,D 博士,149,110
3,國立臺灣大學,09121109,分子醫學研究所,D 日,D 博士,23,110
3,國立臺灣大學,09121110,免疫學研究所,D 日,D 博士,15,110
3,國立臺灣大學,09121111,生理學研究所,D 日,D 博士,20,110
3,國立臺灣大學,09121112,病理學研究所,D 日,D 博士,12,110
3,國立臺灣大學,09121114,解剖學暨細胞生物學研究所,D 日,D 博士,20,110
3,國立臺灣大學,09121118,腫瘤醫學研究所,D 日,D 博士,18,110
3,國立臺灣大學,09121119,轉譯醫學博士學位學程,D 日,D 博士,5,110
3,國立臺灣大學,09121120,基因體暨蛋白體醫學研究所,D 日,D 博士,12,110
3,國立臺灣大學,09121130,藥理學研究所,D 日,D 博士,26,110
3,國立臺灣大學,09131134,護理學系,D 日,D 博士,42,110
3,國立臺灣大學,09141136,醫學檢驗暨生物技術學系,D 日,D 博士,18,110
3,國立臺灣大學,09151132,物理治療學系,D 日,D 博士,22,110
3,國立臺灣大學,09152133,職能治療學系,D 日,D 博士,17,110
3,國立臺灣大學,09161129,藥學系,D 日,D 博士,20,110
3,國立臺灣大學,09161131,臨床藥學研究所,D 日,D 博士,8,110
3,國立臺灣大學,09191126,流行病學與預防醫學研究所,D 日,D 博士,85,110
3,國立臺灣大學,09191127,健康政策與管理研究所,D 日,D 博士,58,110
3,國立臺灣大學,09191162,環境與職業健康科學研究所,D 日,D 博士,34,110
3,國立臺灣大學,09191163,全球衛生博士學位學程,D 日,D 博士,9,110
3,國立臺灣大學,09199141,毒理學研究所,D 日,D 博士,21,110
3,國立臺灣大學,09231144,社會工作學系,D 日,D 博士,24,110
4,國立臺灣師範大學,01111001,教育學系,D 日,D 博士,73,110
4,國立臺灣師範大學,01113018,特殊教育學系,D 日,D 博士,34,110
4,國立臺灣師範大學,01115002,課程與教學研究所,D 日,D 博士,37,110
4,國立臺灣師範大學,01115006,科學教育研究所,D 日,D 博士,31,110
4,國立臺灣師範大學,01116014,資訊教育研究所,D 日,D 博士,24,110
4,國立臺灣師範大學,01131004,公民教育與活動領導學系,D 日,D 博士,47,110
4,國立臺灣師範大學,01131009,社會教育學系,D 日,D 博士,36,110
4,國立臺灣師範大學,01141007,人類發展與家庭學系,D 日,D 博士,34,110
4,國立臺灣師範大學,01141010,工業教育學系,D 日,D 博士,28,110
4,國立臺灣師範大學,01141013,環境教育研究所,D 日,D 博士,23,110
4,國立臺灣師範大學,01141015,體育學系,D 日,D 博士,0,110
4,國立臺灣師範大學,01141017,健康促進與衛生教育學系,D 日,D 博士,57,110
4,國立臺灣師範大學,01141087,體育與運動科學系,D 日,D 博士,113,110
4,國立臺灣師範大學,01199022,科技應用與人力資源發展學系,D 日,D 博士,37,110
4,國立臺灣師範大學,02112037,設計學系,D 日,D 博士,31,110
4,國立臺灣師範大學,02131023,美術學系,D 日,D 博士,117,110
4,國立臺灣師範大學,02151024,音樂學系,D 日,D 博士,28,110
4,國立臺灣師範大學,02221035,歷史學系,D 日,D 博士,21,110
4,國立臺灣師範大學,02311033,英語學系,D 日,D 博士,49,110
4,國立臺灣師範大學,02312034,翻譯研究所,D 日,D 博士,36,110
4,國立臺灣師範大學,02313005,華語文教學系,D 日,D 博士,54,110
4,國立臺灣師範大學,02321028,臺灣語文學系,D 日,D 博士,26,110
4,國立臺灣師範大學,02322029,國文學系,D 日,D 博士,60,110
4,國立臺灣師範大學,03121039,政治學研究所,D 日,D 博士,4,110
4,國立臺灣師範大學,03131003,教育心理與輔導學系,D 日,D 博士,73,110
4,國立臺灣師範大學,03142041,地理學系,D 日,D 博士,32,110
4,國立臺灣師範大學,03143042,東亞學系,D 日,D 博士,17,110
4,國立臺灣師範大學,03222049,圖書資訊學研究所,D 日,D 博士,10,110
4,國立臺灣師範大學,05111056,生命科學系,D 日,D 博士,22,110
4,國立臺灣師範大學,05111057,生物多樣性國際研究生博士學位學程,D 日,D 博士,28,110
4,國立臺灣師範大學,05311059,化學系,D 日,D 博士,26,110
4,國立臺灣師範大學,05321060,地球科學系,D 日,D 博士,21,110
4,國立臺灣師範大學,05331061,物理學系,D 日,D 博士,28,110
4,國立臺灣師範大學,05411062,數學系,D 日,D 博士,14,110
4,國立臺灣師範大學,06131065,資訊工程學系,D 日,D 博士,11,110
4,國立臺灣師範大學,07141063,電機工程學系,D 日,D 博士,14,110
4,國立臺灣師範大學,07141080,光電工程研究所,D 日,D 博士,18,110
4,國立臺灣師範大學,07151068,機電工程學系,D 日,D 博士,18,110
4,國立臺灣師範大學,10152077,運動休閒與餐旅管理研究所,D 日,D 博士,26,110
5,國立成功大學,01111103,教育研究所,D 日,D 博士,24,110
5,國立成功大學,02122112,創意產業設計研究所,D 日,D 博士,43,110
5,國立成功大學,02123113,工業設計學系,D 日,D 博士,68,110
5,國立成功大學,02221110,歷史學系,D 日,D 博士,29,110
5,國立成功大學,02311108,外國語文學系外國文學組,D 日,D 博士,17,110
5,國立成功大學,02321106,台灣文學系,D 日,D 博士,20,110
5,國立成功大學,02322107,中國文學系,D 日,D 博士,37,110
5,國立成功大學,03121115,政治學系政治經濟學博士班,D 日,D 博士,33,110
5,國立成功大學,03131129,心智科學原理與應用國際博士學位學程,D 日,D 博士,9,110
5,國立成功大學,04111120,會計學系,D 日,D 博士,9,110
5,國立成功大學,04121126,財務金融研究所,D 日,D 博士,5,110
5,國立成功大學,04131121,企業管理學系,D 日,D 博士,9,110
5,國立成功大學,04131124,國際企業研究所,D 日,D 博士,16,110
5,國立成功大學,04131125,國際經營管理研究所(IMBA),D 日,D 博士,9,110
5,國立成功大學,04199024,海洋科技與事務研究所,D 日,D 博士,16,110
5,國立成功大學,04199057,工業與資訊管理學系,D 日,D 博士,19,110
5,國立成功大學,04212001,法律學系,D 日,D 博士,25,110
5,國立成功大學,05111003,生命科學系,D 日,D 博士,25,110
5,國立成功大學,05121008,生物科技與產業科學系,D 日,D 博士,24,110
5,國立成功大學,05199016,跨領域神經科學國際博士學位學程,D 日,D 博士,14,110
5,國立成功大學,05311017,化學系,D 日,D 博士,12,110
5,國立成功大學,05321019,地球科學系,D 日,D 博士,7,110
5,國立成功大學,05331021,物理學系,D 日,D 博士,40,110
5,國立成功大學,05331023,太空與電漿科學研究所,D 日,D 博士,2,110
5,國立成功大學,05411027,數學系,D 日,D 博士,12,110
5,國立成功大學,05421029,統計學系,D 日,D 博士,10,110
5,國立成功大學,06131030,資訊管理研究所,D 日,D 博士,19,110
5,國立成功大學,06131031,多媒體系統與智慧型運算工程博士學位學程,D 日,D 博士,8,110
5,國立成功大學,06131036,資訊工程學系,D 日,D 博士,81,110
5,國立成功大學,06131037,電腦與通信工程研究所,D 日,D 博士,22,110
5,國立成功大學,07111050,化學工程學系,D 日,D 博士,49,110
5,國立成功大學,07112063,材料科學及工程學系,D 日,D 博士,60,110
5,國立成功大學,07121070,環境工程學系,D 日,D 博士,17,110
5,國立成功大學,07122026,水利及海洋工程學系,D 日,D 博士,37,110
5,國立成功大學,07132052,能源工程國際博士學位學程,D 日,D 博士,8,110
5,國立成功大學,07141032,電機工程學系,D 日,D 博士,123,110
5,國立成功大學,07141033,微電子工程研究所,D 日,D 博士,40,110
5,國立成功大學,07141035,光電科學與工程學系,D 日,D 博士,38,110
5,國立成功大學,07141040,奈米積體電路工程博士學位學程,D 日,D 博士,6,110
5,國立成功大學,07141041,製造資訊與系統研究所,D 日,D 博士,26,110
5,國立成功大學,07141071,工程科學系,D 日,D 博士,43,110
5,國立成功大學,07151042,機械工程學系,D 日,D 博士,51,110
5,國立成功大學,07162043,航空太空工程學系,D 日,D 博士,43,110
5,國立成功大學,07163044,系統及船舶機電工程學系,D 日,D 博士,12,110
5,國立成功大學,07193061,生物醫學工程學系,D 日,D 博士,78,110
5,國立成功大學,07241064,資源工程學系,D 日,D 博士,39,110
5,國立成功大學,07311075,建築學系,D 日,D 博士,58,110
5,國立成功大學,07313076,都市計劃學系,D 日,D 博士,15,110
5,國立成功大學,07321049,土木工程學系,D 日,D 博士,41,110
5,國立成功大學,07322067,測量及空間資訊學系,D 日,D 博士,39,110
5,國立成功大學,08192039,轉譯農業科學博士學位學程,D 日,D 博士,7,110
5,國立成功大學,09121053,基礎醫學研究所,D 日,D 博士,100,110
5,國立成功大學,09121078,臨床醫學研究所,D 日,D 博士,77,110
5,國立成功大學,09131090,護理學系國際博士班,D 日,D 博士,68,110
5,國立成功大學,09159091,健康照護科學研究所,D 日,D 博士,33,110
5,國立成功大學,09161088,臨床藥學與藥物科技研究所,D 日,D 博士,32,110
5,國立成功大學,09191079,公共衛生研究所,D 日,D 博士,34,110
5,國立成功大學,09191085,環境醫學研究所,D 日,D 博士,25,110
5,國立成功大學,10411098,交通管理科學系,D 日,D 博士,9,110
6,國立中興大學,02221007,歷史學系,D 日,D 博士,36,110
6,國立中興大學,02321004,台灣與跨文化研究國際博士學位學程,D 日,D 博士,9,110
6,國立中興大學,02322005,中國文學系,D 日,D 博士,33,110
6,國立中興大學,03111009,應用經濟學系,D 日,D 博士,30,110
6,國立中興大學,03122010,國際政治研究所,D 日,D 博士,31,110
6,國立中興大學,04121019,財務金融學系,D 日,D 博士,18,110
6,國立中興大學,04131016,企業管理學系,D 日,D 博士,37,110
6,國立中興大學,04199021,科技管理研究所,D 日,D 博士,46,110
6,國立中興大學,05111026,生命科學系,D 日,D 博士,36,110
6,國立中興大學,05111029,昆蟲學系,D 日,D 博士,19,110
6,國立中興大學,05121027,生物科技學研究所,D 日,D 博士,68,110
6,國立中興大學,05121033,分子生物學研究所,D 日,D 博士,10,110
6,國立中興大學,05121035,生物醫學研究所,D 日,D 博士,24,110
6,國立中興大學,05123034,生物化學研究所,D 日,D 博士,6,110
6,國立中興大學,05124038,微生物基因體學博士學位學程,D 日,D 博士,24,110
6,國立中興大學,05292082,水土保持學系,D 日,D 博士,27,110
6,國立中興大學,05311039,化學系,D 日,D 博士,15,110
6,國立中興大學,05331040,物理學系,D 日,D 博士,13,110
6,國立中興大學,05411041,應用數學系,D 日,D 博士,16,110
6,國立中興大學,05499101,大數據產學研發博士學位學程,D 日,D 博士,4,110
6,國立中興大學,06131048,資訊科學與工程學系,D 日,D 博士,35,110
6,國立中興大學,07111055,化學工程學系,D 日,D 博士,3,110
6,國立中興大學,07112057,材料科學與工程學系,D 日,D 博士,36,110
6,國立中興大學,07121059,環境工程學系,D 日,D 博士,23,110
6,國立中興大學,07141045,電機工程學系,D 日,D 博士,40,110
6,國立中興大學,07151050,機械工程學系,D 日,D 博士,15,110
6,國立中興大學,07151051,精密工程研究所,D 日,D 博士,10,110
6,國立中興大學,07151052,生物產業機電工程學系,D 日,D 博士,18,110
6,國立中興大學,07193060,生醫工程研究所,D 日,D 博士,8,110
6,國立中興大學,07211081,食品暨應用生物科技學系,D 日,D 博士,19,110
6,國立中興大學,07321054,土木工程學系,D 日,D 博士,27,110
6,國立中興大學,08111063,農藝學系,D 日,D 博士,10,110
6,國立中興大學,08112066,動物科學系,D 日,D 博士,22,110
6,國立中興大學,08121067,園藝學系,D 日,D 博士,28,110
6,國立中興大學,08191083,土壤環境科學系,D 日,D 博士,13,110
6,國立中興大學,08194068,植物病理學系,D 日,D 博士,20,110
6,國立中興大學,08211086,森林學系,D 日,D 博士,27,110
6,國立中興大學,08411087,獸醫學系,D 日,D 博士,27,110
6,國立中興大學,08411089,獸醫病理生物學研究所,D 日,D 博士,8,110
6,國立中興大學,08411092,微生物暨公共衛生學研究所,D 日,D 博士,8,110
6,國立中興大學,09121093,轉譯醫學博士學位學程,D 日,D 博士,29,110
6,國立中興大學,09141094,醫學生物科技博士學位學程,D 日,D 博士,14,110
6,國立中興大學,09199096,組織工程與再生醫學博士學位學程,D 日,D 博士,24,110
7,國立陽明交通大學,01111001,教育研究所,D 日,D 博士,30,110
7,國立陽明交通大學,02122004,應用藝術研究所,D 日,D 博士,27,110
7,國立陽明交通大學,02222095,客家文化學院博士班,D 日,D 博士,8,110
7,國立陽明交通大學,02299010,社會與文化研究所,D 日,D 博士,52,110
7,國立陽明交通大學,04121020,資訊管理與財務金融學系財務金融博士班,D 日,D 博士,29,110
7,國立陽明交通大學,04131017,經營管理研究所,D 日,D 博士,25,110
7,國立陽明交通大學,04131018,管理科學系,D 日,D 博士,27,110
7,國立陽明交通大學,04199023,科技管理研究所,D 日,D 博士,21,110
7,國立陽明交通大學,04212027,科技法律研究所,D 日,D 博士,18,110
7,國立陽明交通大學,05121028,生物科技學系,D 日,D 博士,65,110
7,國立陽明交通大學,05121030,分子醫學與生物工程研究所,D 日,D 博士,20,110
7,國立陽明交通大學,05121094,生物科技學院產業博士班,D 日,D 博士,14,110
7,國立陽明交通大學,05121112,生命科學系暨基因體科學研究所,D 日,D 博士,15,110
7,國立陽明交通大學,05121165,生技醫療產業博士學位學程,D 日,D 博士,10,110
7,國立陽明交通大學,05122114,微生物及免疫學研究所,D 日,D 博士,24,110
7,國立陽明交通大學,05123116,生化暨分子生物研究所,D 日,D 博士,23,110
7,國立陽明交通大學,05124034,生物資訊及系統生物研究所,D 日,D 博士,28,110
7,國立陽明交通大學,05124117,生物醫學資訊研究所,D 日,D 博士,34,110
7,國立陽明交通大學,05199035,跨領域神經科學國際研究生博士學位學程,D 日,D 博士,23,110
7,國立陽明交通大學,05211043,環境科技博士學位學程(台灣聯合大學系統),D 日,D 博士,6,110
7,國立陽明交通大學,05311036,應用化學系,D 日,D 博士,59,110
7,國立陽明交通大學,05311039,永續化學科技國際研究生博士學位學程,D 日,D 博士,51,110
7,國立陽明交通大學,05331040,物理研究所,D 日,D 博士,13,110
7,國立陽明交通大學,05331041,電子物理學系,D 日,D 博士,79,110
7,國立陽明交通大學,05399042,加速器光源科技與應用博士學位學程,D 日,D 博士,2,110
7,國立陽明交通大學,05411045,應用數學系,D 日,D 博士,13,110
7,國立陽明交通大學,05421047,統計學研究所,D 日,D 博士,10,110
7,國立陽明交通大學,06121048,網路與資訊系統博士學位學程,D 日,D 博士,3,110
7,國立陽明交通大學,06131022,資訊管理研究所,D 日,D 博士,29,110
7,國立陽明交通大學,06131061,資訊科學與工程研究所,D 日,D 博士,140,110
7,國立陽明交通大學,06131069,資訊學院博士班,D 日,D 博士,8,110
7,國立陽明交通大學,06131106,智慧科學暨綠能學院博士班,D 日,D 博士,5,110
7,國立陽明交通大學,07112072,材料科學與工程學系,D 日,D 博士,141,110
7,國立陽明交通大學,07121076,環境工程研究所,D 日,D 博士,23,110
7,國立陽明交通大學,07132081,照明與能源光電博士學位學程,D 日,D 博士,0,110
7,國立陽明交通大學,07141050,電機工程學系,D 日,D 博士,57,110
7,國立陽明交通大學,07141053,電子研究所,D 日,D 博士,122,110
7,國立陽明交通大學,07141054,光電博士學位學程(台灣聯合大學系統),D 日,D 博士,17,110
7,國立陽明交通大學,07141055,光電工程學系,D 日,D 博士,60,110
7,國立陽明交通大學,07141062,電信工程研究所,D 日,D 博士,43,110
7,國立陽明交通大學,07141064,電控工程研究所,D 日,D 博士,44,110
7,國立陽明交通大學,07141065,光電系統博士學位學程,D 日,D 博士,0,110
7,國立陽明交通大學,07141066,國際半導體產業學院博士班,D 日,D 博士,81,110
7,國立陽明交通大學,07141067,電機學院博士班,D 日,D 博士,40,110
7,國立陽明交通大學,07141068,電機資訊國際博士學位學程,D 日,D 博士,77,110
7,國立陽明交通大學,07141101,光電學院博士班,D 日,D 博士,37,110
7,國立陽明交通大學,07151070,機械工程學系,D 日,D 博士,78,110
7,國立陽明交通大學,07191075,工業工程與管理學系,D 日,D 博士,26,110
7,國立陽明交通大學,07193079,影像與生醫光電博士學位學程,D 日,D 博士,0,110
7,國立陽明交通大學,07193080,生醫科學與工程博士學位學程,D 日,D 博士,20,110
7,國立陽明交通大學,07193120,生醫光電研究所,D 日,D 博士,25,110
7,國立陽明交通大學,07193122,生物醫學工程學系,D 日,D 博士,52,110
7,國立陽明交通大學,07321071,土木工程學系,D 日,D 博士,61,110
7,國立陽明交通大學,09111160,牙醫學系,D 日,D 博士,18,110
7,國立陽明交通大學,09111162,口腔生物研究所,D 日,D 博士,11,110
7,國立陽明交通大學,09121126,臨床醫學研究所,D 日,D 博士,125,110
7,國立陽明交通大學,09121128,分子醫學博士學位學程,D 日,D 博士,94,110
7,國立陽明交通大學,09121129,生理學研究所,D 日,D 博士,19,110
7,國立陽明交通大學,09121130,神經科學研究所,D 日,D 博士,29,110
7,國立陽明交通大學,09121133,急重症醫學研究所,D 日,D 博士,20,110
7,國立陽明交通大學,09121134,腦科學研究所,D 日,D 博士,67,110
7,國立陽明交通大學,09121136,轉譯醫學博士學位學程,D 日,D 博士,9,110
7,國立陽明交通大學,09121144,藥理學研究所,D 日,D 博士,25,110
7,國立陽明交通大學,09131149,護理學系,D 日,D 博士,72,110
7,國立陽明交通大學,09131150,臨床護理研究所,D 日,D 博士,14,110
7,國立陽明交通大學,09141158,醫學生物技術暨檢驗學系,D 日,D 博士,6,110
7,國立陽明交通大學,09141159,生物醫學影像暨放射科學系,D 日,D 博士,42,110
7,國立陽明交通大學,09141166,生物醫學暨工程科技產業博士學位學程,D 日,D 博士,6,110
7,國立陽明交通大學,09151148,物理治療暨輔助科技學系,D 日,D 博士,26,110
7,國立陽明交通大學,09161145,生物藥學研究所,D 日,D 博士,8,110
7,國立陽明交通大學,09171143,傳統醫藥研究所,D 日,D 博士,31,110
7,國立陽明交通大學,09191137,公共衛生研究所,D 日,D 博士,69,110
7,國立陽明交通大學,09191138,衛生福利研究所,D 日,D 博士,18,110
7,國立陽明交通大學,09191140,環境與職業衛生研究所,D 日,D 博士,10,110
7,國立陽明交通大學,10411086,運輸與物流管理學系,D 日,D 博士,19,110
8,國立中央大學,01115001,學習與教學研究所,D 日,D 博士,19,110
8,國立中央大學,02231011,哲學研究所,D 日,D 博士,27,110
8,國立中央大學,02322006,中國文學系,D 日,D 博士,31,110
8,國立中央大學,03111013,經濟學系,D 日,D 博士,2,110
8,國立中央大學,03111014,產業經濟研究所,D 日,D 博士,3,110
8,國立中央大學,03131017,認知神經科學研究所,D 日,D 博士,13,110
8,國立中央大學,03131034,跨領域神經科學國際研究生博士學位學程,D 日,D 博士,7,110
8,國立中央大學,03199020,客家語文暨社會科學學系客家研究博士班,D 日,D 博士,21,110
8,國立中央大學,04121024,財務金融學系,D 日,D 博士,11,110
8,國立中央大學,04131023,企業管理學系,D 日,D 博士,85,110
8,國立中央大學,04199027,人力資源管理研究所,D 日,D 博士,5,110
8,國立中央大學,05121031,生命科學系,D 日,D 博士,29,110
8,國立中央大學,05211049,環境科技博士學位學程（台灣聯合大學系統）,D 日,D 博士,16,110
8,國立中央大學,05311035,化學學系,D 日,D 博士,12,110
8,國立中央大學,05321036,地球科學學系地球物理博士班,D 日,D 博士,21,110
8,國立中央大學,05321037,應用地質研究所,D 日,D 博士,23,110
8,國立中央大學,05321041,地球系統科學國際研究生博士學位學程,D 日,D 博士,46,110
8,國立中央大學,05322044,大氣科學學系大氣物理博士班,D 日,D 博士,27,110
8,國立中央大學,05322079,太空科學與工程學系,D 日,D 博士,24,110
8,國立中央大學,05323039,水文與海洋科學研究所,D 日,D 博士,14,110
8,國立中央大學,05331042,物理學系,D 日,D 博士,53,110
8,國立中央大學,05332045,天文研究所,D 日,D 博士,11,110
8,國立中央大學,05411051,數學系,D 日,D 博士,9,110
8,國立中央大學,05421052,統計研究所,D 日,D 博士,4,110
8,國立中央大學,06131053,資訊管理學系,D 日,D 博士,13,110
8,國立中央大學,06131059,資訊工程學系,D 日,D 博士,76,110
8,國立中央大學,06132002,網路學習科技研究所,D 日,D 博士,27,110
8,國立中央大學,07111069,化學工程與材料工程學系,D 日,D 博士,35,110
8,國立中央大學,07112070,材料科學與工程研究所,D 日,D 博士,18,110
8,國立中央大學,07121072,環境工程研究所,D 日,D 博士,13,110
8,國立中央大學,07132066,能源工程研究所,D 日,D 博士,8,110
8,國立中央大學,07141055,電機工程學系,D 日,D 博士,36,110
8,國立中央大學,07141056,光電博士學位學程(台灣聯合大學系統),D 日,D 博士,1,110
8,國立中央大學,07141057,光電科學與工程學系,D 日,D 博士,26,110
8,國立中央大學,07141060,通訊工程學系,D 日,D 博士,17,110
8,國立中央大學,07151064,機械工程學系,D 日,D 博士,70,110
8,國立中央大學,07191026,工業管理研究所,D 日,D 博士,8,110
8,國立中央大學,07193074,生醫科學與工程學系生物醫學工程博士班,D 日,D 博士,59,110
8,國立中央大學,07321067,土木工程學系,D 日,D 博士,87,110
9,國立中山大學,01111001,教育研究所,D 日,D 博士,51,110
9,國立中山大學,01111072,教育與人類發展研究全英語博士學位學程,D 日,D 博士,19,110
9,國立中山大學,02311006,外國語文學系,D 日,D 博士,9,110
9,國立中山大學,02322005,中國文學系,D 日,D 博士,24,110
9,國立中山大學,03121011,政治學研究所,D 日,D 博士,27,110
9,國立中山大學,03143016,中國與亞太區域研究所,D 日,D 博士,65,110
9,國立中山大學,04121024,財務管理學系,D 日,D 博士,19,110
9,國立中山大學,04131021,企業管理學系,D 日,D 博士,92,110
9,國立中山大學,04131028,人力資源管理研究所,D 日,D 博士,42,110
9,國立中山大學,04134017,公共事務管理研究所,D 日,D 博士,16,110
9,國立中山大學,05111033,生物科學系,D 日,D 博士,16,110
9,國立中山大學,05121035,生物醫學研究所,D 日,D 博士,42,110
9,國立中山大學,05121044,海洋生物科技暨資源學系,D 日,D 博士,31,110
9,國立中山大學,05211079,海洋科學與科技全英語博士學位學程,D 日,D 博士,3,110
9,國立中山大學,05311037,化學系,D 日,D 博士,22,110
9,國立中山大學,05323043,海洋生物科技博士學位學程,D 日,D 博士,13,110
9,國立中山大學,05323047,海洋科學系,D 日,D 博士,16,110
9,國立中山大學,05331038,物理學系,D 日,D 博士,48,110
9,國立中山大學,05399070,理學國際博士學位學程,D 日,D 博士,18,110
9,國立中山大學,05411051,應用數學系,D 日,D 博士,5,110
9,國立中山大學,06111055,資訊工程學系,D 日,D 博士,25,110
9,國立中山大學,06131052,資訊管理學系,D 日,D 博士,29,110
9,國立中山大學,07112063,材料與光電科學學系,D 日,D 博士,23,110
9,國立中山大學,07121064,環境工程研究所,D 日,D 博士,32,110
9,國立中山大學,07122065,海洋環境及工程學系,D 日,D 博士,25,110
9,國立中山大學,07141053,電機工程學系,D 日,D 博士,33,110
9,國立中山大學,07141054,光電工程學系,D 日,D 博士,21,110
9,國立中山大學,07141057,通訊工程研究所,D 日,D 博士,14,110
9,國立中山大學,07151061,機械與機電工程學系,D 日,D 博士,32,110
9,國立中山大學,07193067,醫學科技研究所,D 日,D 博士,11,110
12,國立臺灣海洋大學,04212009,海洋法律研究所,D 日,D 博士,26,110
12,國立臺灣海洋大學,05121014,生命科學暨生物科技學系,D 日,D 博士,17,110
12,國立臺灣海洋大學,05121018,海洋生物科技博士學位學程,D 日,D 博士,9,110
12,國立臺灣海洋大學,05321057,地球科學研究所,D 日,D 博士,12,110
12,國立臺灣海洋大學,05323017,海洋生物研究所,D 日,D 博士,21,110
12,國立臺灣海洋大學,05323020,海洋環境資訊系,D 日,D 博士,7,110
12,國立臺灣海洋大學,05323023,海洋資源與環境變遷博士學位學程,D 日,D 博士,5,110
12,國立臺灣海洋大學,06131028,資訊工程學系,D 日,D 博士,10,110
12,國立臺灣海洋大學,07122040,河海工程學系,D 日,D 博士,35,110
12,國立臺灣海洋大學,07122041,海洋工程科技博士學位學程,D 日,D 博士,6,110
12,國立臺灣海洋大學,07141025,電機工程學系,D 日,D 博士,20,110
12,國立臺灣海洋大學,07141027,光電與材料科技學系,D 日,D 博士,2,110
12,國立臺灣海洋大學,07151036,機械與機電工程學系,D 日,D 博士,4,110
12,國立臺灣海洋大學,07163033,系統工程暨造船學系,D 日,D 博士,6,110
12,國立臺灣海洋大學,07163035,輪機工程學系,D 日,D 博士,30,110
12,國立臺灣海洋大學,07211042,食品科學系,D 日,D 博士,21,110
12,國立臺灣海洋大學,08311045,環境生物與漁業科學學系,D 日,D 博士,35,110
12,國立臺灣海洋大學,08312046,水產養殖學系,D 日,D 博士,29,110
12,國立臺灣海洋大學,10412048,航運管理學系,D 日,D 博士,35,110
13,國立中正大學,01111001,教育學研究所教育學博士班,D 日,D 博士,56,110
13,國立中正大學,01112005,成人及繼續教育學系,D 日,D 博士,35,110
13,國立中正大學,01114007,教育領導與管理發展國際博士學位學程,D 日,D 博士,5,110
13,國立中正大學,02221015,歷史學系,D 日,D 博士,25,110
13,國立中正大學,02231016,哲學系,D 日,D 博士,8,110
13,國立中正大學,02322011,中國文學系,D 日,D 博士,33,110
13,國立中正大學,02399014,語言學研究所,D 日,D 博士,12,110
13,國立中正大學,03111017,經濟學系國際經濟學博士班,D 日,D 博士,5,110
13,國立中正大學,03131019,心理學系,D 日,D 博士,11,110
13,國立中正大學,03199022,認知科學博士學位學程,D 日,D 博士,6,110
13,國立中正大學,03199026,犯罪防治學系,D 日,D 博士,42,110
13,國立中正大學,04111032,會計與資訊科技學系,D 日,D 博士,17,110
13,國立中正大學,04121034,財務金融學系,D 日,D 博士,8,110
13,國立中正大學,04131033,企業管理學系,D 日,D 博士,53,110
13,國立中正大學,04211039,法律學系,D 日,D 博士,52,110
13,國立中正大學,05121075,生物醫學科學系分子生物博士班,D 日,D 博士,19,110
13,國立中正大學,05311045,化學暨生物化學系,D 日,D 博士,11,110
13,國立中正大學,05321047,地球與環境科學系地震學暨地球與環境科學博士班,D 日,D 博士,4,110
13,國立中正大學,05331067,物理學系,D 日,D 博士,12,110
13,國立中正大學,05399078,跨領域科學國際博士學位學程,D 日,D 博士,1,110
13,國立中正大學,05411049,數學系數學科學博士班,D 日,D 博士,1,110
13,國立中正大學,06131053,資訊管理學系,D 日,D 博士,20,110
13,國立中正大學,06131055,資訊工程學系,D 日,D 博士,24,110
13,國立中正大學,07111061,化學工程學系,D 日,D 博士,5,110
13,國立中正大學,07141054,電機工程學系,D 日,D 博士,19,110
13,國立中正大學,07141056,通訊工程學系,D 日,D 博士,3,110
13,國立中正大學,07151058,機械工程學系,D 日,D 博士,35,110
13,國立中正大學,07151071,前瞻製造系統博士學位學程,D 日,D 博士,3,110
13,國立中正大學,07199076,環境智能及智慧系統博士學位學程,D 日,D 博士,1,110
13,國立中正大學,09231063,社會福利學系,D 日,D 博士,23,110
14,國立高雄師範大學,01111001,教育學系,D 日,D 博士,92,110
14,國立高雄師範大學,01112009,成人教育研究所,D 日,D 博士,60,110
14,國立高雄師範大學,01113010,特殊教育學系特殊教育博士班,D 日,D 博士,31,110
14,國立高雄師範大學,01141003,工業科技教育學系,D 日,D 博士,37,110
14,國立高雄師範大學,01141006,科學教育暨環境教育研究所科學教育博士班,D 日,D 博士,54,110
14,國立高雄師範大學,01199011,性別教育博士學位學程,D 日,D 博士,24,110
14,國立高雄師範大學,02311021,英語學系,D 日,D 博士,26,110
14,國立高雄師範大學,02313002,華語文教學博士學位學程,D 日,D 博士,6,110
14,國立高雄師範大學,02322019,國文學系,D 日,D 博士,56,110
14,國立高雄師範大學,03131026,諮商心理與復健諮商研究所諮商心理博士班,D 日,D 博士,34,110
14,國立高雄師範大學,03142030,地理學系,D 日,D 博士,32,110
14,國立高雄師範大學,05331037,物理學系,D 日,D 博士,6,110
15,國立彰化師範大學,01111002,教育研究所,D 日,D 博士,32,110
15,國立彰化師範大學,01113012,特殊教育學系,D 日,D 博士,23,110
15,國立彰化師範大學,01118007,工業教育與技術學系,D 日,D 博士,116,110
15,國立彰化師範大學,01131004,科學教育研究所,D 日,D 博士,28,110
15,國立彰化師範大學,02311020,英語學系,D 日,D 博士,13,110
15,國立彰化師範大學,02322019,國文學系,D 日,D 博士,35,110
15,國立彰化師範大學,03131025,輔導與諮商學系,D 日,D 博士,48,110
15,國立彰化師範大學,03142027,地理學系地理暨環境資源博士班,D 日,D 博士,10,110
15,國立彰化師範大學,04121031,財務金融技術學系,D 日,D 博士,80,110
15,國立彰化師範大學,04131033,人力資源管理研究所,D 日,D 博士,26,110
15,國立彰化師範大學,05331037,物理學系,D 日,D 博士,21,110
15,國立彰化師範大學,05411038,數學系,D 日,D 博士,10,110
15,國立彰化師範大學,07141042,電機工程學系,D 日,D 博士,31,110
15,國立彰化師範大學,07141046,光電科技研究所,D 日,D 博士,16,110
15,國立彰化師範大學,07151054,機電工程學系,D 日,D 博士,17,110
17,國立臺北大學,03111009,經濟學系,D 日,D 博士,2,110
17,國立臺北大學,04111017,會計學系,D 日,D 博士,11,110
17,國立臺北大學,04131018,企業管理學系,D 日,D 博士,75,110
17,國立臺北大學,04134013,公共行政暨政策學系,D 日,D 博士,14,110
17,國立臺北大學,04134024,不動產與城鄉環境學系,D 日,D 博士,25,110
17,國立臺北大學,04211028,法律學系,D 日,D 博士,35,110
17,國立臺北大學,05211043,自然資源與環境管理研究所,D 日,D 博士,15,110
17,國立臺北大學,06111038,電機資訊學院博士班,D 日,D 博士,23,110
17,國立臺北大學,07313039,都市計劃研究所,D 日,D 博士,12,110
18,國立嘉義大學,01111001,教育學系,D 日,D 博士,65,110
18,國立嘉義大學,04131038,企業管理學系,D 日,D 博士,29,110
18,國立嘉義大學,05311059,應用化學系,D 日,D 博士,8,110
18,國立嘉義大學,06131066,資訊工程學系,D 日,D 博士,5,110
18,國立嘉義大學,07211088,食品科學系,D 日,D 博士,26,110
18,國立嘉義大學,08111077,農業科學博士學位學程,D 日,D 博士,39,110
18,國立嘉義大學,10151044,行銷與觀光管理學系觀光休閒管理博士班,D 日,D 博士,23,110
19,國立高雄大學,04211018,法學院博士班,D 日,D 博士,15,110
19,國立高雄大學,05411024,應用數學系,D 日,D 博士,6,110
19,國立高雄大學,07141027,電機工程學系,D 日,D 博士,9,110
20,國立東華大學,01111001,教育與潛能開發學系多元文化教育博士班,D 日,D 博士,149,110
20,國立東華大學,02222042,族群關係與文化學系,D 日,D 博士,25,110
20,國立東華大學,02322025,中國語文學系,D 日,D 博士,35,110
20,國立東華大學,02323110,人文社會科學學院華語文教學國際博士班,D 日,D 博士,4,110
20,國立東華大學,03111034,經濟學系,D 日,D 博士,12,110
20,國立東華大學,03191111,人文社會科學學院亞太區域研究博士班,D 日,D 博士,17,110
20,國立東華大學,04131059,企業管理學系,D 日,D 博士,59,110
20,國立東華大學,05121069,生命科學系生物技術博士班,D 日,D 博士,9,110
20,國立東華大學,05211094,自然資源與環境學系,D 日,D 博士,38,110
20,國立東華大學,05311071,化學系,D 日,D 博士,10,110
20,國立東華大學,05323078,海洋生物研究所,D 日,D 博士,3,110
20,國立東華大學,05331072,物理學系應用物理博士班,D 日,D 博士,29,110
20,國立東華大學,05411074,應用數學系,D 日,D 博士,6,110
20,國立東華大學,06131086,資訊工程學系,D 日,D 博士,12,110
20,國立東華大學,07112090,材料科學與工程學系,D 日,D 博士,8,110
20,國立東華大學,07141083,電機工程學系,D 日,D 博士,7,110
21,國立暨南國際大學,01111001,國際文教與比較教育學系,D 日,D 博士,33,110
21,國立暨南國際大學,01111002,國際文教管理人才博士學位學程,D 日,D 博士,4,110
21,國立暨南國際大學,01114010,教育政策與行政學系,D 日,D 博士,65,110
21,國立暨南國際大學,02221015,歷史學系,D 日,D 博士,9,110
21,國立暨南國際大學,02322013,中國語文學系,D 日,D 博士,11,110
21,國立暨南國際大學,03131004,諮商心理與人力資源發展學系輔導與諮商博士班,D 日,D 博士,15,110
21,國立暨南國際大學,03143019,東南亞學系,D 日,D 博士,22,110
21,國立暨南國際大學,04131026,新興產業策略與發展博士學位學程,D 日,D 博士,79,110
21,國立暨南國際大學,04134020,公共行政與政策學系,D 日,D 博士,17,110
21,國立暨南國際大學,05311027,應用化學系,D 日,D 博士,8,110
21,國立暨南國際大學,06131034,資訊工程學系,D 日,D 博士,7,110
21,國立暨南國際大學,07141031,電機工程學系,D 日,D 博士,10,110
21,國立暨南國際大學,07321035,土木工程學系,D 日,D 博士,21,110
21,國立暨南國際大學,09231038,社會政策與社會工作學系,D 日,D 博士,41,110
22,國立臺灣科技大學,01116002,數位學習與教育研究所,D 日,D 博士,36,110
22,國立臺灣科技大學,02122004,設計系博士班,D 日,D 博士,42,110
22,國立臺灣科技大學,04121010,財務金融研究所,D 日,D 博士,12,110
22,國立臺灣科技大學,04131008,企業管理系博士班,D 日,D 博士,62,110
22,國立臺灣科技大學,04191009,管理研究所,D 日,D 博士,43,110
22,國立臺灣科技大學,05399015,應用科技研究所,D 日,D 博士,143,110
22,國立臺灣科技大學,06131016,資訊管理系博士班,D 日,D 博士,56,110
22,國立臺灣科技大學,06131020,資訊工程系博士班,D 日,D 博士,56,110
22,國立臺灣科技大學,07111026,化學工程系博士班,D 日,D 博士,65,110
22,國立臺灣科技大學,07112028,材料科學與工程系博士班,D 日,D 博士,88,110
22,國立臺灣科技大學,07141017,電機工程系博士班,D 日,D 博士,76,110
22,國立臺灣科技大學,07141018,電子工程系博士班,D 日,D 博士,97,110
22,國立臺灣科技大學,07141019,光電工程研究所,D 日,D 博士,10,110
22,國立臺灣科技大學,07151023,機械工程系博士班,D 日,D 博士,88,110
22,國立臺灣科技大學,07151024,自動化及控制研究所,D 日,D 博士,13,110
22,國立臺灣科技大學,07191012,工業管理系博士班,D 日,D 博士,60,110
22,國立臺灣科技大學,07311038,建築系博士班,D 日,D 博士,64,110
22,國立臺灣科技大學,07321025,營建工程系博士班,D 日,D 博士,52,110
23,國立雲林科技大學,01118001,技術及職業教育研究所,D 日,D 博士,73,110
23,國立雲林科技大學,02122007,設計學研究所,D 日,D 博士,108,110
23,國立雲林科技大學,04111018,會計系博士班,D 日,D 博士,14,110
23,國立雲林科技大學,04121024,財務金融系博士班,D 日,D 博士,23,110
23,國立雲林科技大學,04131019,企業管理系博士班,D 日,D 博士,68,110
23,國立雲林科技大學,04131057,產業經營專業博士學位學程,D 日,D 博士,13,110
23,國立雲林科技大學,06131032,資訊管理系博士班,D 日,D 博士,16,110
23,國立雲林科技大學,07111045,化學工程與材料工程系博士班,D 日,D 博士,5,110
23,國立雲林科技大學,07121049,環境與安全衛生工程系博士班,D 日,D 博士,6,110
23,國立雲林科技大學,07141034,電子工程系博士班,D 日,D 博士,10,110
23,國立雲林科技大學,07151041,機械工程系博士班,D 日,D 博士,18,110
23,國立雲林科技大學,07191048,工業工程與管理系博士班,D 日,D 博士,18,110
23,國立雲林科技大學,07194050,工程科技研究所,D 日,D 博士,55,110
24,國立屏東科技大學,05121016,農學院生物資源博士班,D 日,D 博士,33,110
24,國立屏東科技大學,05121050,動物用疫苗國際學位專班,D 日,D 博士,13,110
24,國立屏東科技大學,07121025,環境工程與科學系博士班,D 日,D 博士,27,110
24,國立屏東科技大學,07211037,食品科學系博士班,D 日,D 博士,16,110
24,國立屏東科技大學,07321021,土木工程系博士班,D 日,D 博士,24,110
24,國立屏東科技大學,08111029,農園生產系博士班,D 日,D 博士,14,110
24,國立屏東科技大學,08199030,熱帶農業暨國際合作系博士班,D 日,D 博士,96,110
24,國立屏東科技大學,08312046,水產養殖系博士班,D 日,D 博士,8,110
24,國立屏東科技大學,08312068,觀賞魚科技及水生動物健康國際學位專班,D 日,D 博士,7,110
24,國立屏東科技大學,08411048,獸醫學系博士班,D 日,D 博士,18,110
25,國立臺北科技大學,01118001,技術及職業教育研究所,D 日,D 博士,64,110
25,國立臺北科技大學,02122003,設計學院設計博士班,D 日,D 博士,73,110
25,國立臺北科技大學,04131020,管理學院管理博士班,D 日,D 博士,96,110
25,國立臺北科技大學,06131034,資訊工程系博士班,D 日,D 博士,21,110
25,國立臺北科技大學,07111048,化學工程與生物科技系博士班,D 日,D 博士,40,110
25,國立臺北科技大學,07111053,分子科學與工程系有機高分子博士班,D 日,D 博士,45,110
25,國立臺北科技大學,07112057,材料科學與工程研究所,D 日,D 博士,19,110
25,國立臺北科技大學,07112059,資源工程研究所,D 日,D 博士,19,110
25,國立臺北科技大學,07112067,工程學院_能源與光電材料外國學生專班,D 日,D 博士,37,110
25,國立臺北科技大學,07121063,環境工程與管理研究所,D 日,D 博士,10,110
25,國立臺北科技大學,07132068,能源與冷凍空調工程系博士班,D 日,D 博士,28,110
25,國立臺北科技大學,07141025,電機工程系博士班,D 日,D 博士,59,110
25,國立臺北科技大學,07141028,電子工程系博士班,D 日,D 博士,39,110
25,國立臺北科技大學,07141032,光電工程系博士班,D 日,D 博士,11,110
25,國立臺北科技大學,07141036,電資學院,D 日,D 博士,20,110
25,國立臺北科技大學,07151040,機電學院機電科技博士班,D 日,D 博士,77,110
25,國立臺北科技大學,07151043,製造科技研究所,D 日,D 博士,32,110
25,國立臺北科技大學,07191022,工業工程與管理系博士班,D 日,D 博士,28,110
25,國立臺北科技大學,07321045,土木工程系土木與防災博士班,D 日,D 博士,32,110
28,國立臺北藝術大學,02131003,美術學系,D 日,D 博士,17,110
28,國立臺北藝術大學,02151005,音樂學系,D 日,D 博士,36,110
28,國立臺北藝術大學,02152008,戲劇學系,D 日,D 博士,14,110
28,國立臺北藝術大學,02152013,舞蹈學系,D 日,D 博士,14,110
28,國立臺北藝術大學,02191021,文化資源學院文化資產與藝術創新博士班,D 日,D 博士,28,110
29,國立臺灣藝術大學,02111032,傳播學院影音創作與數位媒體產業博士班,D 日,D 博士,13,110
29,國立臺灣藝術大學,02122027,創意產業設計研究所,D 日,D 博士,32,110
29,國立臺灣藝術大學,02131003,美術學系當代視覺文化博士班,D 日,D 博士,22,110
29,國立臺灣藝術大學,02131005,書畫藝術學系,D 日,D 博士,26,110
29,國立臺灣藝術大學,02152035,跨域表演藝術研究所,D 日,D 博士,3,110
29,國立臺灣藝術大學,02191018,表演藝術學院表演藝術博士班,D 日,D 博士,21,110
29,國立臺灣藝術大學,02192026,藝術管理與文化政策研究所,D 日,D 博士,33,110
30,國立臺東大學,01111001,教育學系教育研究博士班,D 日,D 博士,17,110
30,國立臺東大學,02399016,兒童文學研究所,D 日,D 博士,26,110
31,國立宜蘭大學,08112030,生物技術與動物科學系,D 日,D 博士,17,110
32,國立聯合大學,07112030,材料與化學工程博士學位學程,D 日,D 博士,19,110
33,國立虎尾科技大學,07141011,光電工程系光電與材料科技博士班,D 日,D 博士,22,110
33,國立虎尾科技大學,07151016,動力機械工程系機械與機電工程博士班,D 日,D 博士,25,110
33,國立虎尾科技大學,07199035,智慧產業科技研發博士學位學程,D 日,D 博士,10,110
35,國立臺南藝術大學,02131016,藝術創作理論研究所,D 日,D 博士,50,110
35,國立臺南藝術大學,02191014,藝術史學系藝術史評與古物研究博士班,D 日,D 博士,6,110
35,國立臺南藝術大學,02192022,博物館學與古物維護研究所,D 日,D 博士,2,110
36,國立臺南大學,01111001,教育學系教育經營與管理博士班,D 日,D 博士,107,110
36,國立臺南大學,01113019,特殊教育學系,D 日,D 博士,19,110
36,國立臺南大學,06134024,數位學習科技學系,D 日,D 博士,17,110
36,國立臺南大學,07141049,電機工程學系,D 日,D 博士,10,110
37,國立臺北教育大學,01114044,教育經營與管理學系教育政策與管理博士班,D 日,D 博士,82,110
37,國立臺北教育大學,01115020,課程與教學傳播科技研究所,D 日,D 博士,40,110
37,國立臺北教育大學,01141040,自然科學教育學系,D 日,D 博士,11,110
37,國立臺北教育大學,02121014,藝術與造形設計學系藝術跨域整合博士班,D 日,D 博士,21,110
39,國立臺中教育大學,01111001,教育學系,D 日,D 博士,44,110
39,國立臺中教育大學,01117028,教育資訊與測驗統計研究所,D 日,D 博士,33,110
39,國立臺中教育大學,01131006,語文教育學系,D 日,D 博士,29,110
43,國立勤益科技大學,07141037,前瞻電資科技研究所,D 日,D 博士,13,110
43,國立勤益科技大學,07151034,智慧機械與智慧製造產業博士學位學程,D 日,D 博士,10,110
43,國立勤益科技大學,07194024,精密製造科技研究所,D 日,D 博士,22,110
44,國立體育大學,01141001,體育研究所,D 日,D 博士,63,110
44,國立體育大學,10141008,競技與教練科學研究所,D 日,D 博士,55,110
44,國立體育大學,10142010,運動科學研究所,D 日,D 博士,16,110
44,國立體育大學,10152021,國際運動管理與創新博士學位學程,D 日,D 博士,19,110
46,國立臺北護理健康大學,09131009,護理系博士班,D 日,D 博士,77,110
47,國立高雄餐旅大學,10151029,觀光研究所,D 日,D 博士,32,110
49,國立臺灣體育運動大學,04199010,運動事業管理學系東南亞博士班,D 日,D 博士,7,110
49,國立臺灣體育運動大學,10141003,競技運動學系,D 日,D 博士,6,110
51,國立臺北商業大學,04191025,財經學院博士班,D 日,D 博士,8,110
52,國立屏東大學,01114018,教育行政研究所,D 日,D 博士,47,110
53,國立高雄科技大學,04121052,財務金融學院博士班,D 日,D 博士,55,110
53,國立高雄科技大學,04141023,國際企業系博士班,D 日,D 博士,42,110
53,國立高雄科技大學,04191120,商業智慧學院博士班,D 日,D 博士,52,110
53,國立高雄科技大學,04199106,管理學院博士班,D 日,D 博士,69,110
53,國立高雄科技大學,05111050,水圈學院水產科技產業博士班,D 日,D 博士,35,110
53,國立高雄科技大學,07111085,化學工程與材料工程系博士班,D 日,D 博士,13,110
53,國立高雄科技大學,07141103,電子工程系博士班(建工校區),D 日,D 博士,65,110
53,國立高雄科技大學,07141105,電機工程系博士班,D 日,D 博士,36,110
53,國立高雄科技大學,07151072,機械工程系博士班,D 日,D 博士,56,110
53,國立高雄科技大學,07151074,模具工程系博士班,D 日,D 博士,14,110
53,國立高雄科技大學,07191091,工業工程與管理系博士班,D 日,D 博士,40,110
53,國立高雄科技大學,07194088,工學院工程科技博士班,D 日,D 博士,93,110
53,國立高雄科技大學,07194094,海事學院海事科技產學合作博士班,D 日,D 博士,24,110
53,國立高雄科技大學,07321077,土木工程系,D 日,D 博士,12,110
53,國立高雄科技大學,10412060,航運管理系博士班,D 日,D 博士,15,110
1001,東海大學,02231010,哲學系,D 日,D 博士,18,110
1001,東海大學,02322004,中國文學系,D 日,D 博士,19,110
1001,東海大學,03121013,政治學系,D 日,D 博士,33,110
1001,東海大學,03141014,社會學系,D 日,D 博士,36,110
1001,東海大學,04211027,法律學系,D 日,D 博士,23,110
1001,東海大學,05111028,生命科學系,D 日,D 博士,16,110
1001,東海大學,05111061,生物多樣性國際研究生博士學位學程,D 日,D 博士,2,110
1001,東海大學,05123060,生醫暨材料科學國際博士學位學程,D 日,D 博士,4,110
1001,東海大學,05311030,化學系,D 日,D 博士,11,110
1001,東海大學,05331032,應用物理學系,D 日,D 博士,5,110
1001,東海大學,05421035,統計學系,D 日,D 博士,6,110
1001,東海大學,07111042,化學工程與材料工程學系,D 日,D 博士,2,110
1001,東海大學,07121045,環境科學與工程學系,D 日,D 博士,8,110
1001,東海大學,07191044,工業工程與經營資訊學系,D 日,D 博士,30,110
1001,東海大學,08112051,畜產與生物科技學系,D 日,D 博士,9,110
1001,東海大學,09231053,社會工作學系,D 日,D 博士,31,110
1002,輔仁大學,02151034,音樂學系,D 日,D 博士,33,110
1002,輔仁大學,02211019,宗教學系,D 日,D 博士,46,110
1002,輔仁大學,02231037,哲學系,D 日,D 博士,40,110
1002,輔仁大學,02299060,跨文化研究所比較文學與跨文化研究博士班,D 日,D 博士,46,110
1002,輔仁大學,02322003,中國文學系,D 日,D 博士,24,110
1002,輔仁大學,03131007,心理學系,D 日,D 博士,38,110
1002,輔仁大學,04191040,商學研究所,D 日,D 博士,76,110
1002,輔仁大學,04211020,法律學系,D 日,D 博士,37,110
1002,輔仁大學,05191036,食品營養博士學位學程,D 日,D 博士,35,110
1002,輔仁大學,05311005,化學系,D 日,D 博士,17,110
1002,輔仁大學,06131077,應用科學與工程研究所,D 日,D 博士,29,110
1002,輔仁大學,09161091,生技醫藥博士學位學程,D 日,D 博士,6,110
1003,東吳大學,02311005,日本語文學系,D 日,D 博士,30,110
1003,東吳大學,02322002,中國文學系,D 日,D 博士,33,110
1003,東吳大學,03111008,經濟學系,D 日,D 博士,18,110
1003,東吳大學,03121009,政治學系,D 日,D 博士,12,110
1003,東吳大學,04211021,法律學系,D 日,D 博士,33,110
1003,東吳大學,05122022,微生物學系,D 日,D 博士,1,110
1004,中原大學,02122007,設計學博士學位學程,D 日,D 博士,54,110
1004,中原大學,04131014,企業管理學系,D 日,D 博士,37,110
1004,中原大學,04191012,商學博士學位學程,D 日,D 博士,45,110
1004,中原大學,05311023,化學系,D 日,D 博士,29,110
1004,中原大學,05331024,物理學系,D 日,D 博士,17,110
1004,中原大學,05411027,應用數學系,D 日,D 博士,8,110
1004,中原大學,07111037,化學工程學系,D 日,D 博士,9,110
1004,中原大學,07141029,電機工程學系,D 日,D 博士,24,110
1004,中原大學,07141030,電子工程學系,D 日,D 博士,15,110
1004,中原大學,07151034,機械工程學系,D 日,D 博士,29,110
1004,中原大學,07191041,工業與系統工程學系,D 日,D 博士,42,110
1004,中原大學,07193043,生物醫學工程學系,D 日,D 博士,18,110
1004,中原大學,07321035,土木工程學系,D 日,D 博士,26,110
1005,淡江大學,01114093,教育學院教育領導與科技管理博士班,D 日,D 博士,31,110
1005,淡江大學,01114108,教育與未來設計學系前瞻教育領導與科技管理博士班,D 日,D 博士,3,110
1005,淡江大學,02311088,英文學系,D 日,D 博士,23,110
1005,淡江大學,02322090,中國文學學系,D 日,D 博士,31,110
1005,淡江大學,03111075,產業經濟學系,D 日,D 博士,11,110
1005,淡江大學,03122060,國際事務與戰略研究所,D 日,D 博士,61,110
1005,淡江大學,03143065,美洲研究所,D 日,D 博士,1,110
1005,淡江大學,03143068,歐洲研究所,D 日,D 博士,22,110
1005,淡江大學,04121037,財務金融學系,D 日,D 博士,38,110
1005,淡江大學,04121103,商管學院產業金融暨經營管理博士學位學程,D 日,D 博士,1,110
1005,淡江大學,04131047,管理科學學系,D 日,D 博士,52,110
1005,淡江大學,05311031,化學學系,D 日,D 博士,3,110
1005,淡江大學,05331030,物理學系,D 日,D 博士,6,110
1005,淡江大學,05399106,理學院應用科學博士班,D 日,D 博士,6,110
1005,淡江大學,05411026,數學學系,D 日,D 博士,6,110
1005,淡江大學,06131018,資訊工程學系,D 日,D 博士,18,110
1005,淡江大學,07111010,化學工程與材料工程學系,D 日,D 博士,4,110
1005,淡江大學,07122009,水資源及環境工程學系,D 日,D 博士,7,110
1005,淡江大學,07141019,電機工程學系,D 日,D 博士,19,110
1005,淡江大學,07141102,工學院機器人博士學位學程,D 日,D 博士,12,110
1005,淡江大學,07151015,機械與機電工程學系,D 日,D 博士,6,110
1005,淡江大學,07321012,土木工程學系,D 日,D 博士,13,110
1006,中國文化大學,01141023,體育學系運動教練博士班,D 日,D 博士,66,110
1006,中國文化大學,02221098,史學系,D 日,D 博士,50,110
1006,中國文化大學,02231081,哲學系,D 日,D 博士,24,110
1006,中國文化大學,02322001,中國文學系,D 日,D 博士,54,110
1006,中國文化大學,03121011,國家發展與中國大陸研究所,D 日,D 博士,83,110
1006,中國文化大學,03121061,政治學系,D 日,D 博士,43,110
1006,中國文化大學,03142087,地學研究所,D 日,D 博士,26,110
1006,中國文化大學,04131015,國際企業管理學系,D 日,D 博士,92,110
1006,中國文化大學,04211020,法律學系,D 日,D 博士,36,110
1006,中國文化大學,07311068,建築及都市設計學系,D 日,D 博士,31,110
1007,逢甲大學,02322001,中國文學系,D 日,D 博士,32,110
1007,逢甲大學,03111009,經濟學系,D 日,D 博士,4,110
1007,逢甲大學,04121026,金融博士學位學程,D 日,D 博士,41,110
1007,逢甲大學,04191014,商學博士學位學程,D 日,D 博士,122,110
1007,逢甲大學,05421040,統計學系應用統計博士班,D 日,D 博士,3,110
1007,逢甲大學,06131048,資訊工程學系,D 日,D 博士,28,110
1007,逢甲大學,06131055,智慧聯網產業博士學位學程,D 日,D 博士,2,110
1007,逢甲大學,07111068,化學工程學系,D 日,D 博士,7,110
1007,逢甲大學,07112069,材料科學與工程學系,D 日,D 博士,6,110
1007,逢甲大學,07121075,環境工程與科學學系,D 日,D 博士,15,110
1007,逢甲大學,07141045,電機與通訊工程博士學位學程,D 日,D 博士,34,110
1007,逢甲大學,07151060,機械與航空工程博士學位學程,D 日,D 博士,36,110
1007,逢甲大學,07191072,工業工程與系統管理學系,D 日,D 博士,11,110
1007,逢甲大學,07192074,纖維與複合材料學系,D 日,D 博士,18,110
1007,逢甲大學,07321100,土木水利工程與建設規劃博士學位學程,D 日,D 博士,58,110
1008,靜宜大學,03141043,原住民族健康與社會??博士學位學程,D 日,D 博士,3,110
1008,靜宜大學,05191031,食品營養學系,D 日,D 博士,28,110
1008,靜宜大學,05311023,應用化學系,D 日,D 博士,9,110
1008,靜宜大學,09161035,化粧品科學系,D 日,D 博士,10,110
1009,長庚大學,04131004,企業管理研究所,D 日,D 博士,33,110
1009,長庚大學,05121011,生物科技產業博士學位學程,D 日,D 博士,9,110
1009,長庚大學,05123012,生物醫學研究所,D 日,D 博士,73,110
1009,長庚大學,06131018,資訊工程學系,D 日,D 博士,8,110
1009,長庚大學,07111025,化工與材料工程學系,D 日,D 博士,12,110
1009,長庚大學,07141014,電機工程學系,D 日,D 博士,22,110
1009,長庚大學,07141016,電子工程學系,D 日,D 博士,34,110
1009,長庚大學,07151022,機械工程學系,D 日,D 博士,13,110
1009,長庚大學,07193027,生物醫學工程研究所,D 日,D 博士,14,110
1009,長庚大學,09121029,臨床醫學研究所,D 日,D 博士,179,110
1009,長庚大學,09131040,護理學系,D 日,D 博士,20,110
1009,長庚大學,09141048,醫學影像暨放射科學系,D 日,D 博士,10,110
1009,長庚大學,09151037,物理治療學系,D 日,D 博士,16,110
1010,元智大學,02299047,文化產業與文化政策博士學位學程,D 日,D 博士,24,110
1010,元智大學,04199018,管理學院博士班產業組,D 日,D 博士,80,110
1010,元智大學,06131011,資訊管理學系,D 日,D 博士,20,110
1010,元智大學,06131028,資訊工程學系,D 日,D 博士,21,110
1010,元智大學,07111041,化學工程與材料科學學系,D 日,D 博士,24,110
1010,元智大學,07141033,電機工程學系,D 日,D 博士,43,110
1010,元智大學,07151037,機械工程學系,D 日,D 博士,17,110
1010,元智大學,07191043,工業工程與管理學系,D 日,D 博士,32,110
1011,中華大學,04199014,科技管理博士學位學程,D 日,D 博士,50,110
1011,中華大學,07194037,工程科學博士學位學程,D 日,D 博士,10,110
1011,中華大學,07321032,土木工程學系,D 日,D 博士,16,110
1012,大葉大學,04199029,管理學院博士班,D 日,D 博士,56,110
1012,大葉大學,05121035,生物科技與產業博士學位學程,D 日,D 博士,11,110
1012,大葉大學,07121054,環境工程學系,D 日,D 博士,24,110
1012,大葉大學,07141038,電機工程學系,D 日,D 博士,14,110
1012,大葉大學,07151046,機械與自動化工程學系,D 日,D 博士,3,110
1012,大葉大學,07211078,食品暨應用生物科技學系,D 日,D 博士,7,110
1013,華梵大學,02299009,東方人文思想研究所,D 日,D 博士,54,110
1013,華梵大學,07151014,機電工程學系,D 日,D 博士,11,110
1014,義守大學,04131012,管理學院管理博士班,D 日,D 博士,28,110
1014,義守大學,04199019,工業管理學系,D 日,D 博士,20,110
1014,義守大學,06131027,資訊工程學系,D 日,D 博士,42,110
1014,義守大學,07111021,生物技術與化學工程研究所,D 日,D 博士,29,110
1014,義守大學,07112034,材料科學與工程學系,D 日,D 博士,4,110
1014,義守大學,07141025,電機工程學系,D 日,D 博士,23,110
1014,義守大學,07141026,電子工程學系,D 日,D 博士,9,110
1015,世新大學,02322001,中國文學系,D 日,D 博士,17,110
1015,世新大學,03214012,傳播博士學位學程,D 日,D 博士,48,110
1015,世新大學,04134009,行政管理學系,D 日,D 博士,22,110
1016,銘傳大學,02322002,應用中國文學系,D 日,D 博士,25,110
1016,銘傳大學,04131036,企業管理學系,D 日,D 博士,44,110
1017,實踐大學,04199036,管理學院創意產業博士班,D 日,D 博士,32,110
1018,朝陽科技大學,02122028,建築系建築及都市設計博士班,D 日,D 博士,24,110
1018,朝陽科技大學,04131008,企業管理系台灣產業策略發展博士班,D 日,D 博士,40,110
1018,朝陽科技大學,05121017,應用化學系生化科技博士班,D 日,D 博士,16,110
1018,朝陽科技大學,06131019,資訊管理系,D 日,D 博士,23,110
1018,朝陽科技大學,07321025,營建工程系,D 日,D 博士,7,110
1019,高雄醫學大學,05121050,生命科學博士學位學程,D 日,D 博士,9,110
1019,高雄醫學大學,05311017,醫藥暨應用化學系,D 日,D 博士,29,110
1019,高雄醫學大學,07193041,生物醫學工程博士學位學程,D 日,D 博士,8,110
1019,高雄醫學大學,09111044,牙醫學系,D 日,D 博士,16,110
1019,高雄醫學大學,09121011,醫學研究所,D 日,D 博士,63,110
1019,高雄醫學大學,09121018,臨床醫學研究所,D 日,D 博士,43,110
1019,高雄醫學大學,09121020,轉譯醫學博士學位學程,D 日,D 博士,2,110
1019,高雄醫學大學,09131032,護理學系,D 日,D 博士,57,110
1019,高雄醫學大學,09141036,醫學檢驗生物技術學系,D 日,D 博士,9,110
1019,高雄醫學大學,09161024,藥學系,D 日,D 博士,30,110
1019,高雄醫學大學,09161026,天然藥物研究所,D 日,D 博士,21,110
1019,高雄醫學大學,09161047,毒理學博士學位學程,D 日,D 博士,4,110
1019,高雄醫學大學,09191021,公共衛生學系,D 日,D 博士,18,110
1019,高雄醫學大學,09191023,環境職業醫學博士學位學程,D 日,D 博士,10,110
1020,南華大學,02299011,生死學系生死學博士班,D 日,D 博士,6,110
1020,南華大學,04131029,企業管理學系管理科學博士班,D 日,D 博士,48,110
1022,大同大學,02122003,設計科學研究所,D 日,D 博士,66,110
1022,大同大學,06131012,資訊工程學系,D 日,D 博士,10,110
1022,大同大學,07111021,化學工程與生物科技學系,D 日,D 博士,5,110
1022,大同大學,07141010,電機工程學系,D 日,D 博士,6,110
1022,大同大學,07151023,機械與材料工程學系,D 日,D 博士,7,110
1023,南臺科技大學,04131016,經營管理博士學位學程,D 日,D 博士,35,110
1023,南臺科技大學,07141039,電機工程系博士班,D 日,D 博士,25,110
1023,南臺科技大學,07141040,電子工程系博士班,D 日,D 博士,12,110
1023,南臺科技大學,07151045,機械工程系機電科技博士班,D 日,D 博士,21,110
1024,崑山科技大學,07151030,機械工程系機械與能源工程博士班,D 日,D 博士,32,110
1026,樹德科技大學,99999045,人類性學研究所,D 日,D 博士,32,110
1027,慈濟大學,09121019,醫學科學研究所,D 日,D 博士,92,110
1027,慈濟大學,09121022,轉譯醫學博士學位學程,D 日,D 博士,3,110
1027,慈濟大學,09161015,醫學系藥理暨毒理學博士班,D 日,D 博士,16,110
1028,臺北醫學大學,03131057,心智意識與腦科學研究博士學位學程,D 日,D 博士,10,110
1028,臺北醫學大學,04199061,國際生技醫療管理博士學位學程,D 日,D 博士,4,110
1028,臺北醫學大學,05121016,醫學科學研究所,D 日,D 博士,39,110
1028,臺北醫學大學,05191032,保健營養學系,D 日,D 博士,25,110
1028,臺北醫學大學,06131042,醫學資訊研究所,D 日,D 博士,40,110
1028,臺北醫學大學,07112008,生醫材料暨組織工程研究所,D 日,D 博士,18,110
1028,臺北醫學大學,07193011,國際生醫工程博士學位學程,D 日,D 博士,11,110
1028,臺北醫學大學,09111044,牙醫學系,D 日,D 博士,24,110
1028,臺北醫學大學,09121014,臨床醫學研究所,D 日,D 博士,47,110
1028,臺北醫學大學,09121017,轉譯醫學博士學位學程,D 日,D 博士,11,110
1028,臺北醫學大學,09121018,神經再生醫學博士學位學程,D 日,D 博士,14,110
1028,臺北醫學大學,09121019,國際醫學研究博士學位學程,D 日,D 博士,61,110
1028,臺北醫學大學,09121054,細胞治療與再生醫學國際博士學位學程,D 日,D 博士,21,110
1028,臺北醫學大學,09121062,國際轉譯科學博士學位學程,D 日,D 博士,4,110
1028,臺北醫學大學,09131037,護理學系,D 日,D 博士,67,110
1028,臺北醫學大學,09141040,醫學生物科技博士學位學程,D 日,D 博士,17,110
1028,臺北醫學大學,09161024,藥學系,D 日,D 博士,44,110
1028,臺北醫學大學,09161028,癌症生物學與藥物研發博士學位學程,D 日,D 博士,24,110
1028,臺北醫學大學,09161030,中草藥臨床藥物研發博士學位學程,D 日,D 博士,26,110
1028,臺北醫學大學,09161060,新藥研發產業博士學位學程,D 日,D 博士,15,110
1028,臺北醫學大學,09191020,公共衛生學系,D 日,D 博士,30,110
1028,臺北醫學大學,09191022,傷害防治學研究所,D 日,D 博士,12,110
1028,臺北醫學大學,09191056,全球衛生暨衛生安全博士學位學程,D 日,D 博士,17,110
1029,中山醫學大學,05191026,營養學系,D 日,D 博士,16,110
1029,中山醫學大學,09111038,牙醫學系,D 日,D 博士,8,110
1029,中山醫學大學,09111039,口腔科學研究所,D 日,D 博士,6,110
1029,中山醫學大學,09121018,醫學研究所,D 日,D 博士,115,110
1029,中山醫學大學,09191020,公共衛生學系,D 日,D 博士,33,110
1033,長榮大學,04131026,經營管理研究所,D 日,D 博士,48,110
1034,弘光科技大學,09131025,護理系博士班,D 日,D 博士,13,110
1035,中國醫藥大學,05121043,生物科技產業博士學位學程,D 日,D 博士,14,110
1035,中國醫藥大學,05191021,營養學系,D 日,D 博士,7,110
1035,中國醫藥大學,07193055,醫學工程與復健科技產業博士學位學程,D 日,D 博士,11,110
1035,中國醫藥大學,09111019,牙醫學系,D 日,D 博士,15,110
1035,中國醫藥大學,09121003,生物醫學研究所,D 日,D 博士,113,110
1035,中國醫藥大學,09121004,臨床醫學研究所,D 日,D 博士,12,110
1035,中國醫藥大學,09121006,基礎醫學研究所,D 日,D 博士,2,110
1035,中國醫藥大學,09121014,中醫學系,D 日,D 博士,38,110
1035,中國醫藥大學,09121023,老化醫學博士學位學程,D 日,D 博士,16,110
1035,中國醫藥大學,09121025,轉譯醫學博士學位學程,D 日,D 博士,0,110
1035,中國醫藥大學,09121046,中西醫結合研究所,D 日,D 博士,17,110
1035,中國醫藥大學,09121049,癌症生物與藥物研發博士學位學程,D 日,D 博士,9,110
1035,中國醫藥大學,09121059,生醫科技產業博士學位學程,D 日,D 博士,4,110
1035,中國醫藥大學,09161015,新藥開發研究所,D 日,D 博士,12,110
1035,中國醫藥大學,09161034,藥學系,D 日,D 博士,21,110
1035,中國醫藥大學,09161039,中國藥學暨中藥資源學系,D 日,D 博士,12,110
1035,中國醫藥大學,09161051,生技製藥產業博士學位學程,D 日,D 博士,5,110
1035,中國醫藥大學,09171013,針灸研究所,D 日,D 博士,11,110
1035,中國醫藥大學,09191026,公共衛生學系,D 日,D 博士,79,110
1035,中國醫藥大學,09199054,健康科技產業博士學位學程,D 日,D 博士,9,110
1037,正修科技大學,07151015,機械工程系機電工程博士班,D 日,D 博士,14,110
1039,玄奘大學,02322006,中國語文學系,D 日,D 博士,1,110
1041,明志科技大學,07132021,能源電池科技博士學位學程,D 日,D 博士,26,110
1041,明志科技大學,07193031,創新科技應用於生物醫學暨醫療照護產品研發國際博士學位學程,D 日,D 博士,11,110
1047,中臺科技大學,09141029,醫學影像暨放射科學系博士班,D 日,D 博士,9,110
1048,亞洲大學,02112007,數位媒體設計學系,D 日,D 博士,41,110
1048,亞洲大學,02112058,創新產業博士學位學程,D 日,D 博士,6,110
1048,亞洲大學,04131017,經營管理學系,D 日,D 博士,73,110
1048,亞洲大學,04131059,智慧健康先進管理技術博士學位學程,D 日,D 博士,7,110
1048,亞洲大學,04199018,新興產業策略與發展博士學位學程,D 日,D 博士,18,110
1048,亞洲大學,06111057,人工智慧博士學位學程,D 日,D 博士,12,110
1048,亞洲大學,06134037,資訊工程學系,D 日,D 博士,26,110
1048,亞洲大學,07193029,生物資訊與醫學工程學系生物資訊與醫學工程組,D 日,D 博士,15,110
1048,亞洲大學,09191021,健康產業管理學系,D 日,D 博士,37,110
1050,佛光大學,02211010,佛教學系,D 日,D 博士,27,110
1050,佛光大學,02322006,中國文學與應用學系,D 日,D 博士,36,110
1053,元培醫事科技大學,09161045,生技製藥產業博士學位學程,D 日,D 博士,2,110
1058,明道大學,02299043,中華文化與傳播學系,D 日,D 博士,32,110
1081,東方設計大學,02122018,文化創意設計研究所,D 日,D 博士,28,110
1195,馬偕醫學院,05199001,生物醫學研究所,D 日,D 博士,8,110
1196,法鼓文理學院,02211002,佛教學系,D 日,D 博士,18,110
3002,臺北市立大學,01111001,教育學系,D 日,D 博士,98,110
3002,臺北市立大學,01114035,教育行政與評鑑研究所,D 日,D 博士,49,110
3002,臺北市立大學,02322043,中國語文學系,D 日,D 博士,24,110
3002,臺北市立大學,10141053,運動科學研究所,D 日,D 博士,20,110
3002,臺北市立大學,10141054,競技運動訓練研究所,D 日,D 博士,29,110
1,國立政治大學,01111001,教育學系,D 日,D 博士,101,111
1,國立政治大學,02211019,宗教研究所,D 日,D 博士,27,111
1,國立政治大學,02221020,歷史學系,D 日,D 博士,25,111
1,國立政治大學,02221021,台灣史研究所,D 日,D 博士,19,111
1,國立政治大學,02222031,民族學系,D 日,D 博士,18,111
1,國立政治大學,02231022,哲學系,D 日,D 博士,30,111
1,國立政治大學,02311009,英國語文學系,D 日,D 博士,25,111
1,國立政治大學,02321007,台灣文學研究所,D 日,D 博士,9,111
1,國立政治大學,02322008,中國文學系,D 日,D 博士,52,111
1,國立政治大學,02323002,華語文教學博士學位學程,D 日,D 博士,14,111
1,國立政治大學,02399018,語言學研究所,D 日,D 博士,9,111
1,國立政治大學,03111024,經濟學系,D 日,D 博士,10,111
1,國立政治大學,03121026,政治學系,D 日,D 博士,23,111
1,國立政治大學,03122045,外交學系,D 日,D 博士,8,111
1,國立政治大學,03131032,心理學系,D 日,D 博士,9,111
1,國立政治大學,03141030,社會學系,D 日,D 博士,12,111
1,國立政治大學,03143028,東亞研究所,D 日,D 博士,33,111
1,國立政治大學,03143036,日本研究博士學位學程,D 日,D 博士,9,111
1,國立政治大學,03143040,亞太研究英語博士學位學程,D 日,D 博士,70,111
1,國立政治大學,03143043,地政學系,D 日,D 博士,11,111
1,國立政治大學,03191047,國家發展研究所,D 日,D 博士,35,111
1,國立政治大學,03211056,傳播學院博士班,D 日,D 博士,41,111
1,國立政治大學,03214051,新聞學系,D 日,D 博士,1,111
1,國立政治大學,03222054,圖書資訊與檔案學研究所,D 日,D 博士,14,111
1,國立政治大學,04111059,會計學系,D 日,D 博士,9,111
1,國立政治大學,04121065,財務管理學系,D 日,D 博士,8,111
1,國立政治大學,04121068,金融學系,D 日,D 博士,27,111
1,國立政治大學,04122070,財政學系,D 日,D 博士,7,111
1,國立政治大學,04123069,風險管理與保險學系,D 日,D 博士,16,111
1,國立政治大學,04131060,企業管理學系,D 日,D 博士,55,111
1,國立政治大學,04134041,公共行政學系,D 日,D 博士,16,111
1,國立政治大學,04141067,國際經營與貿易學系,D 日,D 博士,9,111
1,國立政治大學,04199072,科技管理與智慧財產研究所,D 日,D 博士,25,111
1,國立政治大學,04212073,法律學系,D 日,D 博士,40,111
1,國立政治大學,05411078,應用數學系,D 日,D 博士,8,111
1,國立政治大學,05421079,統計學系,D 日,D 博士,6,111
1,國立政治大學,06131080,資訊管理學系,D 日,D 博士,49,111
1,國立政治大學,06131081,資訊科學系,D 日,D 博士,12,111
1,國立政治大學,06131082,社群網路與人智計算國際研究生博士學位學程,D 日,D 博士,15,111
1,國立政治大學,09231084,社會工作研究所,D 日,D 博士,15,111
2,國立清華大學,01111084,教育與學習科技學系,D 日,D 博士,63,111
2,國立清華大學,02221006,歷史研究所,D 日,D 博士,17,111
2,國立清華大學,02222007,人類學研究所,D 日,D 博士,6,111
2,國立清華大學,02231008,哲學研究所,D 日,D 博士,1,111
2,國立清華大學,02321001,台灣文學研究所,D 日,D 博士,19,111
2,國立清華大學,02321101,臺灣語言研究與教學研究所,D 日,D 博士,22,111
2,國立清華大學,02322003,中國文學系,D 日,D 博士,58,111
2,國立清華大學,02399005,語言學研究所,D 日,D 博士,17,111
2,國立清華大學,03111011,經濟學系,D 日,D 博士,11,111
2,國立清華大學,03131077,教育心理與諮商學系,D 日,D 博士,21,111
2,國立清華大學,03141012,社會學研究所,D 日,D 博士,15,111
2,國立清華大學,04121020,計量財務金融學系,D 日,D 博士,6,111
2,國立清華大學,04199017,科技管理研究所,D 日,D 博士,24,111
2,國立清華大學,04199022,服務科學研究所,D 日,D 博士,17,111
2,國立清華大學,04212024,科技法律研究所,D 日,D 博士,18,111
2,國立清華大學,05121026,生物科技研究所,D 日,D 博士,39,111
2,國立清華大學,05121028,分子與細胞生物研究所,D 日,D 博士,31,111
2,國立清華大學,05121029,生技產業博士學位學程,D 日,D 博士,7,111
2,國立清華大學,05121030,生物資訊與結構生物研究所,D 日,D 博士,36,111
2,國立清華大學,05121072,分子醫學研究所,D 日,D 博士,23,111
2,國立清華大學,05199033,系統神經科學研究所,D 日,D 博士,10,111
2,國立清華大學,05211041,環境科技博士學位學程(台灣聯合大學系統),D 日,D 博士,10,111
2,國立清華大學,05311037,化學系,D 日,D 博士,87,111
2,國立清華大學,05331038,物理學系,D 日,D 博士,81,111
2,國立清華大學,05331137,量子科技暨尖端材料博士學位學程,D 日,D 博士,1,111
2,國立清華大學,05332039,天文研究所,D 日,D 博士,19,111
2,國立清華大學,05399040,先進光源科技博士學位學程,D 日,D 博士,1,111
2,國立清華大學,05411043,數學系,D 日,D 博士,10,111
2,國立清華大學,05421044,統計學研究所,D 日,D 博士,15,111
2,國立清華大學,06131053,資訊工程學系,D 日,D 博士,64,111
2,國立清華大學,06134046,資訊系統與應用研究所,D 日,D 博士,26,111
2,國立清華大學,06134048,社群網路與人智計算國際研究生博士學位學程,D 日,D 博士,17,111
2,國立清華大學,07111057,化學工程學系,D 日,D 博士,92,111
2,國立清華大學,07112058,材料科學工程學系,D 日,D 博士,121,111
2,國立清華大學,07112118,前瞻功能材料產業博士學位學程,D 日,D 博士,13,111
2,國立清華大學,07131068,核子工程與科學研究所,D 日,D 博士,20,111
2,國立清華大學,07141049,電機工程學系,D 日,D 博士,78,111
2,國立清華大學,07141050,電子工程研究所,D 日,D 博士,42,111
2,國立清華大學,07141052,光電工程研究所,D 日,D 博士,28,111
2,國立清華大學,07141054,通訊工程研究所,D 日,D 博士,21,111
2,國立清華大學,07151056,動力機械工程學系,D 日,D 博士,83,111
2,國立清華大學,07191061,工業工程與工程管理學系,D 日,D 博士,44,111
2,國立清華大學,07193063,生醫工程與環境科學系,D 日,D 博士,57,111
2,國立清華大學,07193065,生物醫學工程研究所,D 日,D 博士,6,111
2,國立清華大學,07193132,智慧生醫博士學位學程,D 日,D 博士,3,111
2,國立清華大學,07194059,奈米工程與微系統研究所,D 日,D 博士,41,111
2,國立清華大學,07194066,工程與系統科學系,D 日,D 博士,86,111
2,國立清華大學,09121133,精準醫療博士學位學程,D 日,D 博士,5,111
2,國立清華大學,99999074,跨院國際博士班學位學程,D 日,D 博士,137,111
3,國立臺灣大學,02151002,音樂學研究所,D 日,D 博士,14,111
3,國立臺灣大學,02152003,戲劇學系,D 日,D 博士,6,111
3,國立臺灣大學,02191004,藝術史研究所,D 日,D 博士,7,111
3,國立臺灣大學,02221012,歷史學系,D 日,D 博士,44,111
3,國立臺灣大學,02222013,人類學系,D 日,D 博士,14,111
3,國立臺灣大學,02231014,哲學系,D 日,D 博士,25,111
3,國立臺灣大學,02311007,外國語文學系,D 日,D 博士,15,111
3,國立臺灣大學,02321005,臺灣文學研究所,D 日,D 博士,21,111
3,國立臺灣大學,02322006,中國文學系,D 日,D 博士,46,111
3,國立臺灣大學,02399011,語言學研究所,D 日,D 博士,15,111
3,國立臺灣大學,03111015,經濟學系,D 日,D 博士,24,111
3,國立臺灣大學,03121016,政治學系,D 日,D 博士,42,111
3,國立臺灣大學,03131019,心理學系,D 日,D 博士,36,111
3,國立臺灣大學,03141018,社會學系,D 日,D 博士,16,111
3,國立臺灣大學,03142021,地理環境資源學系,D 日,D 博士,17,111
3,國立臺灣大學,03191023,國家發展研究所,D 日,D 博士,39,111
3,國立臺灣大學,03222025,圖書資訊學系,D 日,D 博士,20,111
3,國立臺灣大學,04111027,會計學系,D 日,D 博士,17,111
3,國立臺灣大學,04121032,財務金融學系,D 日,D 博士,22,111
3,國立臺灣大學,04131026,商學研究所,D 日,D 博士,44,111
3,國立臺灣大學,04131031,國際企業學系,D 日,D 博士,41,111
3,國立臺灣大學,04211035,法律學系,D 日,D 博士,43,111
3,國立臺灣大學,05111038,生命科學系,D 日,D 博士,29,111
3,國立臺灣大學,05111040,植物科學研究所,D 日,D 博士,28,111
3,國立臺灣大學,05111041,昆蟲學系,D 日,D 博士,13,111
3,國立臺灣大學,05121044,生物科技研究所,D 日,D 博士,30,111
3,國立臺灣大學,05121045,生化科學研究所,D 日,D 博士,55,111
3,國立臺灣大學,05121046,分子與細胞生物學研究所,D 日,D 博士,10,111
3,國立臺灣大學,05121047,基因體與系統生物學學位學程,D 日,D 博士,28,111
3,國立臺灣大學,05121151,生化科技學系,D 日,D 博士,35,111
3,國立臺灣大學,05123050,生物化學暨分子生物學研究所,D 日,D 博士,25,111
3,國立臺灣大學,05124155,生物資訊學國際研究生博士學位學程,D 日,D 博士,5,111
3,國立臺灣大學,05199156,跨領域神經科學國際研究生博士學位學程,D 日,D 博士,18,111
3,國立臺灣大學,05212043,生態學與演化生物學研究所,D 日,D 博士,16,111
3,國立臺灣大學,05311051,化學系,D 日,D 博士,126,111
3,國立臺灣大學,05321052,地質科學系,D 日,D 博士,47,111
3,國立臺灣大學,05321053,氣候變遷與永續發展國際博士學位學程,D 日,D 博士,17,111
3,國立臺灣大學,05321166,地球系統科學國際研究生博士學位學程,D 日,D 博士,9,111
3,國立臺灣大學,05322056,大氣科學系,D 日,D 博士,33,111
3,國立臺灣大學,05323057,海洋研究所,D 日,D 博士,21,111
3,國立臺灣大學,05331054,物理學系,D 日,D 博士,113,111
3,國立臺灣大學,05331055,應用物理學研究所,D 日,D 博士,35,111
3,國立臺灣大學,05332058,天文物理研究所,D 日,D 博士,9,111
3,國立臺灣大學,05411059,數學系,D 日,D 博士,15,111
3,國立臺灣大學,06131062,資訊管理學系,D 日,D 博士,22,111
3,國立臺灣大學,06131063,資訊網路與多媒體研究所,D 日,D 博士,48,111
3,國立臺灣大學,06131067,資訊工程學系,D 日,D 博士,124,111
3,國立臺灣大學,06131081,生醫電子與資訊學研究所,D 日,D 博士,75,111
3,國立臺灣大學,06131158,資料科學博士學位學程,D 日,D 博士,16,111
3,國立臺灣大學,06199169,智慧聯網國際研究生博士學位學程,D 日,D 博士,6,111
3,國立臺灣大學,07111076,化學工程學系,D 日,D 博士,76,111
3,國立臺灣大學,07111077,高分子科學與工程學研究所,D 日,D 博士,36,111
3,國立臺灣大學,07111165,永續化學科技國際研究生博士學位學程,D 日,D 博士,10,111
3,國立臺灣大學,07112078,材料科學與工程學系,D 日,D 博士,79,111
3,國立臺灣大學,07112084,綠色永續材料與精密元件博士學位學程,D 日,D 博士,6,111
3,國立臺灣大學,07112154,分子科學與技術國際研究生博士學位學程,D 日,D 博士,30,111
3,國立臺灣大學,07121080,環境工程學研究所,D 日,D 博士,53,111
3,國立臺灣大學,07141064,電機工程學系,D 日,D 博士,91,111
3,國立臺灣大學,07141065,電子工程學研究所,D 日,D 博士,115,111
3,國立臺灣大學,07141066,光電工程學研究所,D 日,D 博士,62,111
3,國立臺灣大學,07141068,電信工程學研究所,D 日,D 博士,99,111
3,國立臺灣大學,07151069,機械工程學系,D 日,D 博士,112,111
3,國立臺灣大學,07151071,應用力學研究所,D 日,D 博士,30,111
3,國立臺灣大學,07151082,工程科學及海洋工程學系,D 日,D 博士,39,111
3,國立臺灣大學,07151161,生物機電工程學系,D 日,D 博士,28,111
3,國立臺灣大學,07191079,工業工程學研究所,D 日,D 博士,13,111
3,國立臺灣大學,07193083,醫學工程學系,D 日,D 博士,94,111
3,國立臺灣大學,07211099,食品科技研究所,D 日,D 博士,22,111
3,國立臺灣大學,07313086,建築與城鄉研究所,D 日,D 博士,21,111
3,國立臺灣大學,07321074,土木工程學系,D 日,D 博士,145,111
3,國立臺灣大學,07321075,生物環境系統工程學系,D 日,D 博士,24,111
3,國立臺灣大學,08111087,農藝學系,D 日,D 博士,13,111
3,國立臺灣大學,08112089,動物科學技術學系,D 日,D 博士,13,111
3,國立臺灣大學,08121091,園藝暨景觀學系,D 日,D 博士,40,111
3,國立臺灣大學,08191100,農業化學系,D 日,D 博士,19,111
3,國立臺灣大學,08193096,農業經濟學系,D 日,D 博士,9,111
3,國立臺灣大學,08193098,生物產業傳播暨發展學系,D 日,D 博士,18,111
3,國立臺灣大學,08194094,植物病理與微生物學系,D 日,D 博士,9,111
3,國立臺灣大學,08211102,森林環境暨資源學系,D 日,D 博士,23,111
3,國立臺灣大學,08311103,漁業科學研究所,D 日,D 博士,23,111
3,國立臺灣大學,08411104,獸醫學系,D 日,D 博士,26,111
3,國立臺灣大學,09111138,臨床牙醫學研究所,D 日,D 博士,19,111
3,國立臺灣大學,09111139,口腔生物科學研究所,D 日,D 博士,11,111
3,國立臺灣大學,09121048,微生物學研究所,D 日,D 博士,21,111
3,國立臺灣大學,09121108,臨床醫學研究所,D 日,D 博士,134,111
3,國立臺灣大學,09121109,分子醫學研究所,D 日,D 博士,19,111
3,國立臺灣大學,09121110,免疫學研究所,D 日,D 博士,11,111
3,國立臺灣大學,09121111,生理學研究所,D 日,D 博士,20,111
3,國立臺灣大學,09121112,病理學研究所,D 日,D 博士,9,111
3,國立臺灣大學,09121114,解剖學暨細胞生物學研究所,D 日,D 博士,23,111
3,國立臺灣大學,09121118,腫瘤醫學研究所,D 日,D 博士,16,111
3,國立臺灣大學,09121119,轉譯醫學博士學位學程,D 日,D 博士,5,111
3,國立臺灣大學,09121120,基因體暨蛋白體醫學研究所,D 日,D 博士,14,111
3,國立臺灣大學,09121130,藥理學研究所,D 日,D 博士,28,111
3,國立臺灣大學,09131134,護理學系,D 日,D 博士,54,111
3,國立臺灣大學,09141136,醫學檢驗暨生物技術學系,D 日,D 博士,16,111
3,國立臺灣大學,09151132,物理治療學系,D 日,D 博士,20,111
3,國立臺灣大學,09152133,職能治療學系,D 日,D 博士,19,111
3,國立臺灣大學,09161129,藥學系,D 日,D 博士,21,111
3,國立臺灣大學,09161131,臨床藥學研究所,D 日,D 博士,8,111
3,國立臺灣大學,09191126,流行病學與預防醫學研究所,D 日,D 博士,74,111
3,國立臺灣大學,09191127,健康政策與管理研究所,D 日,D 博士,51,111
3,國立臺灣大學,09191162,環境與職業健康科學研究所,D 日,D 博士,36,111
3,國立臺灣大學,09191163,全球衛生博士學位學程,D 日,D 博士,6,111
3,國立臺灣大學,09199141,毒理學研究所,D 日,D 博士,16,111
3,國立臺灣大學,09231144,社會工作學系,D 日,D 博士,24,111
4,國立臺灣師範大學,01111001,教育學系,D 日,D 博士,67,111
4,國立臺灣師範大學,01111088,科學—科技—工程—數學整合教育國際博士學位學程,D 日,D 博士,2,111
4,國立臺灣師範大學,01113018,特殊教育學系,D 日,D 博士,31,111
4,國立臺灣師範大學,01115002,課程與教學研究所,D 日,D 博士,34,111
4,國立臺灣師範大學,01115006,科學教育研究所,D 日,D 博士,27,111
4,國立臺灣師範大學,01116014,資訊教育研究所,D 日,D 博士,24,111
4,國立臺灣師範大學,01131004,公民教育與活動領導學系,D 日,D 博士,49,111
4,國立臺灣師範大學,01131009,社會教育學系,D 日,D 博士,33,111
4,國立臺灣師範大學,01141007,人類發展與家庭學系,D 日,D 博士,32,111
4,國立臺灣師範大學,01141010,工業教育學系,D 日,D 博士,33,111
4,國立臺灣師範大學,01141013,環境教育研究所,D 日,D 博士,23,111
4,國立臺灣師範大學,01141017,健康促進與衛生教育學系,D 日,D 博士,54,111
4,國立臺灣師範大學,01141087,體育與運動科學系,D 日,D 博士,114,111
4,國立臺灣師範大學,01199022,科技應用與人力資源發展學系,D 日,D 博士,40,111
4,國立臺灣師範大學,02112037,設計學系,D 日,D 博士,36,111
4,國立臺灣師範大學,02131023,美術學系,D 日,D 博士,105,111
4,國立臺灣師範大學,02151024,音樂學系,D 日,D 博士,27,111
4,國立臺灣師範大學,02221035,歷史學系,D 日,D 博士,18,111
4,國立臺灣師範大學,02311033,英語學系,D 日,D 博士,43,111
4,國立臺灣師範大學,02312034,翻譯研究所,D 日,D 博士,39,111
4,國立臺灣師範大學,02313005,華語文教學系,D 日,D 博士,61,111
4,國立臺灣師範大學,02321028,臺灣語文學系,D 日,D 博士,27,111
4,國立臺灣師範大學,02322029,國文學系,D 日,D 博士,52,111
4,國立臺灣師範大學,03121039,政治學研究所,D 日,D 博士,5,111
4,國立臺灣師範大學,03131003,教育心理與輔導學系,D 日,D 博士,72,111
4,國立臺灣師範大學,03142041,地理學系,D 日,D 博士,29,111
4,國立臺灣師範大學,03143042,東亞學系,D 日,D 博士,22,111
4,國立臺灣師範大學,03222049,圖書資訊學研究所,D 日,D 博士,12,111
4,國立臺灣師範大學,05111056,生命科學系,D 日,D 博士,21,111
4,國立臺灣師範大學,05111057,生物多樣性國際研究生博士學位學程,D 日,D 博士,22,111
4,國立臺灣師範大學,05311059,化學系,D 日,D 博士,23,111
4,國立臺灣師範大學,05321060,地球科學系,D 日,D 博士,20,111
4,國立臺灣師範大學,05331061,物理學系,D 日,D 博士,28,111
4,國立臺灣師範大學,05411062,數學系,D 日,D 博士,14,111
4,國立臺灣師範大學,06131065,資訊工程學系,D 日,D 博士,13,111
4,國立臺灣師範大學,07141063,電機工程學系,D 日,D 博士,18,111
4,國立臺灣師範大學,07141080,光電工程研究所,D 日,D 博士,15,111
4,國立臺灣師範大學,07151068,機電工程學系,D 日,D 博士,13,111
4,國立臺灣師範大學,10152077,運動休閒與餐旅管理研究所,D 日,D 博士,28,111
5,國立成功大學,01111103,教育研究所,D 日,D 博士,31,111
5,國立成功大學,02122112,創意產業設計研究所,D 日,D 博士,40,111
5,國立成功大學,02123113,工業設計學系,D 日,D 博士,74,111
5,國立成功大學,02221110,歷史學系,D 日,D 博士,27,111
5,國立成功大學,02311108,外國語文學系外國文學組,D 日,D 博士,16,111
5,國立成功大學,02321106,台灣文學系,D 日,D 博士,24,111
5,國立成功大學,02322107,中國文學系,D 日,D 博士,34,111
5,國立成功大學,03121115,政治學系政治經濟學博士班,D 日,D 博士,29,111
5,國立成功大學,03131117,心理學系,D 日,D 博士,1,111
5,國立成功大學,03131129,心智科學原理與應用國際博士學位學程,D 日,D 博士,7,111
5,國立成功大學,04111120,會計學系,D 日,D 博士,9,111
5,國立成功大學,04121126,財務金融研究所,D 日,D 博士,5,111
5,國立成功大學,04131121,企業管理學系,D 日,D 博士,7,111
5,國立成功大學,04131124,國際企業研究所,D 日,D 博士,12,111
5,國立成功大學,04131125,國際經營管理研究所(IMBA),D 日,D 博士,14,111
5,國立成功大學,04131135,高階經營管理博士學位學程,D 日,D 博士,3,111
5,國立成功大學,04199024,海洋科技與事務研究所,D 日,D 博士,12,111
5,國立成功大學,04199057,工業與資訊管理學系,D 日,D 博士,16,111
5,國立成功大學,04212001,法律學系,D 日,D 博士,26,111
5,國立成功大學,05111003,生命科學系,D 日,D 博士,27,111
5,國立成功大學,05121008,生物科技與產業科學系,D 日,D 博士,30,111
5,國立成功大學,05199016,跨領域神經科學國際博士學位學程(跨領域神經科學國際研究生博士學位學程),D 日,D 博士,12,111
5,國立成功大學,05311017,化學系,D 日,D 博士,12,111
5,國立成功大學,05321019,地球科學系,D 日,D 博士,12,111
5,國立成功大學,05331021,物理學系,D 日,D 博士,37,111
5,國立成功大學,05331023,太空與電漿科學研究所,D 日,D 博士,2,111
5,國立成功大學,05411027,數學系,D 日,D 博士,12,111
5,國立成功大學,05421029,統計學系,D 日,D 博士,10,111
5,國立成功大學,06131030,資訊管理研究所,D 日,D 博士,17,111
5,國立成功大學,06131031,多媒體系統與智慧型運算工程博士學位學程,D 日,D 博士,6,111
5,國立成功大學,06131036,資訊工程學系,D 日,D 博士,82,111
5,國立成功大學,06131037,電腦與通信工程研究所,D 日,D 博士,19,111
5,國立成功大學,06131136,智慧運算工程博士學位學程,D 日,D 博士,1,111
5,國立成功大學,07111050,化學工程學系,D 日,D 博士,42,111
5,國立成功大學,07112063,材料科學及工程學系,D 日,D 博士,58,111
5,國立成功大學,07121070,環境工程學系,D 日,D 博士,16,111
5,國立成功大學,07122026,水利及海洋工程學系,D 日,D 博士,30,111
5,國立成功大學,07132052,能源工程國際博士學位學程,D 日,D 博士,8,111
5,國立成功大學,07141032,電機工程學系,D 日,D 博士,114,111
5,國立成功大學,07141033,微電子工程研究所,D 日,D 博士,39,111
5,國立成功大學,07141035,光電科學與工程學系,D 日,D 博士,38,111
5,國立成功大學,07141040,奈米積體電路工程博士學位學程,D 日,D 博士,6,111
5,國立成功大學,07141041,製造資訊與系統研究所,D 日,D 博士,29,111
5,國立成功大學,07141071,工程科學系,D 日,D 博士,47,111
5,國立成功大學,07151042,機械工程學系,D 日,D 博士,54,111
5,國立成功大學,07162043,航空太空工程學系,D 日,D 博士,38,111
5,國立成功大學,07163044,系統及船舶機電工程學系,D 日,D 博士,12,111
5,國立成功大學,07193061,生物醫學工程學系,D 日,D 博士,79,111
5,國立成功大學,07241064,資源工程學系,D 日,D 博士,41,111
5,國立成功大學,07311075,建築學系,D 日,D 博士,54,111
5,國立成功大學,07313076,都市計劃學系,D 日,D 博士,16,111
5,國立成功大學,07321049,土木工程學系,D 日,D 博士,39,111
5,國立成功大學,07322067,測量及空間資訊學系,D 日,D 博士,35,111
5,國立成功大學,08192039,轉譯農業科學博士學位學程,D 日,D 博士,10,111
5,國立成功大學,09121053,基礎醫學研究所,D 日,D 博士,104,111
5,國立成功大學,09121078,臨床醫學研究所,D 日,D 博士,79,111
5,國立成功大學,09131090,護理學系國際博士班,D 日,D 博士,63,111
5,國立成功大學,09159091,健康照護科學研究所,D 日,D 博士,36,111
5,國立成功大學,09161088,臨床藥學與藥物科技研究所,D 日,D 博士,38,111
5,國立成功大學,09191079,公共衛生研究所,D 日,D 博士,34,111
5,國立成功大學,09191085,環境醫學研究所,D 日,D 博士,25,111
5,國立成功大學,10411098,交通管理科學系,D 日,D 博士,7,111
6,國立中興大學,02221007,歷史學系,D 日,D 博士,36,111
6,國立中興大學,02321004,台灣與跨文化研究國際博士學位學程,D 日,D 博士,11,111
6,國立中興大學,02322005,中國文學系,D 日,D 博士,25,111
6,國立中興大學,03111009,應用經濟學系,D 日,D 博士,30,111
6,國立中興大學,03122010,國際政治研究所,D 日,D 博士,32,111
6,國立中興大學,04121019,財務金融學系,D 日,D 博士,18,111
6,國立中興大學,04131016,企業管理學系,D 日,D 博士,36,111
6,國立中興大學,04199021,科技管理研究所,D 日,D 博士,52,111
6,國立中興大學,05111026,生命科學系,D 日,D 博士,36,111
6,國立中興大學,05111029,昆蟲學系,D 日,D 博士,18,111
6,國立中興大學,05121027,生物科技學研究所,D 日,D 博士,16,111
6,國立中興大學,05121033,分子生物學研究所,D 日,D 博士,9,111
6,國立中興大學,05121035,生物醫學研究所,D 日,D 博士,25,111
6,國立中興大學,05121117,分子與生物農業科學國際研究生博士學位學程,D 日,D 博士,44,111
6,國立中興大學,05123034,生物化學研究所,D 日,D 博士,7,111
6,國立中興大學,05124038,微生物基因體學博士學位學程,D 日,D 博士,24,111
6,國立中興大學,05292082,水土保持學系,D 日,D 博士,27,111
6,國立中興大學,05311039,化學系,D 日,D 博士,15,111
6,國立中興大學,05331040,物理學系,D 日,D 博士,12,111
6,國立中興大學,05411041,應用數學系,D 日,D 博士,16,111
6,國立中興大學,05499101,大數據產學研發博士學位學程,D 日,D 博士,5,111
6,國立中興大學,06131048,資訊科學與工程學系,D 日,D 博士,0,111
6,國立中興大學,06131108,資訊工程學系,D 日,D 博士,35,111
6,國立中興大學,07111055,化學工程學系,D 日,D 博士,5,111
6,國立中興大學,07112057,材料科學與工程學系,D 日,D 博士,36,111
6,國立中興大學,07121059,環境工程學系,D 日,D 博士,21,111
6,國立中興大學,07141045,電機工程學系,D 日,D 博士,34,111
6,國立中興大學,07151050,機械工程學系,D 日,D 博士,14,111
6,國立中興大學,07151051,精密工程研究所,D 日,D 博士,12,111
6,國立中興大學,07151052,生物產業機電工程學系,D 日,D 博士,18,111
6,國立中興大學,07193060,生醫工程研究所,D 日,D 博士,10,111
6,國立中興大學,07211081,食品暨應用生物科技學系,D 日,D 博士,20,111
6,國立中興大學,07321054,土木工程學系,D 日,D 博士,25,111
6,國立中興大學,08111063,農藝學系,D 日,D 博士,11,111
6,國立中興大學,08112066,動物科學系,D 日,D 博士,29,111
6,國立中興大學,08121067,園藝學系,D 日,D 博士,29,111
6,國立中興大學,08191083,土壤環境科學系,D 日,D 博士,16,111
6,國立中興大學,08194068,植物病理學系,D 日,D 博士,18,111
6,國立中興大學,08211086,森林學系,D 日,D 博士,25,111
6,國立中興大學,08411087,獸醫學系,D 日,D 博士,27,111
6,國立中興大學,08411089,獸醫病理生物學研究所,D 日,D 博士,7,111
6,國立中興大學,08411092,微生物暨公共衛生學研究所,D 日,D 博士,9,111
6,國立中興大學,09121093,轉譯醫學博士學位學程,D 日,D 博士,34,111
6,國立中興大學,09141094,醫學生物科技博士學位學程,D 日,D 博士,18,111
6,國立中興大學,09199096,組織工程與再生醫學博士學位學程,D 日,D 博士,22,111
7,國立陽明交通大學,01111001,教育研究所,D 日,D 博士,32,111
7,國立陽明交通大學,02122004,應用藝術研究所,D 日,D 博士,29,111
7,國立陽明交通大學,02222095,客家文化學院博士班,D 日,D 博士,9,111
7,國立陽明交通大學,02299010,社會與文化研究所,D 日,D 博士,51,111
7,國立陽明交通大學,04121020,資訊管理與財務金融學系財務金融博士班,D 日,D 博士,30,111
7,國立陽明交通大學,04131017,經營管理研究所,D 日,D 博士,25,111
7,國立陽明交通大學,04131018,管理科學系,D 日,D 博士,29,111
7,國立陽明交通大學,04199023,科技管理研究所,D 日,D 博士,21,111
7,國立陽明交通大學,04212027,科技法律研究所,D 日,D 博士,17,111
7,國立陽明交通大學,05121028,生物科技學系,D 日,D 博士,61,111
7,國立陽明交通大學,05121030,分子醫學與生物工程研究所,D 日,D 博士,17,111
7,國立陽明交通大學,05121094,生物科技學院產業博士班,D 日,D 博士,15,111
7,國立陽明交通大學,05121112,生命科學系暨基因體科學研究所,D 日,D 博士,15,111
7,國立陽明交通大學,05121165,生技醫療產業博士學位學程,D 日,D 博士,13,111
7,國立陽明交通大學,05122114,微生物及免疫學研究所,D 日,D 博士,22,111
7,國立陽明交通大學,05123116,生化暨分子生物研究所,D 日,D 博士,21,111
7,國立陽明交通大學,05124034,生物資訊及系統生物研究所,D 日,D 博士,28,111
7,國立陽明交通大學,05124117,生物醫學資訊研究所,D 日,D 博士,33,111
7,國立陽明交通大學,05199035,跨領域神經科學國際研究生博士學位學程,D 日,D 博士,25,111
7,國立陽明交通大學,05211043,環境科技博士學位學程(台灣聯合大學系統),D 日,D 博士,5,111
7,國立陽明交通大學,05311036,應用化學系,D 日,D 博士,57,111
7,國立陽明交通大學,05311039,永續化學科技國際研究生博士學位學程,D 日,D 博士,36,111
7,國立陽明交通大學,05331040,物理研究所,D 日,D 博士,12,111
7,國立陽明交通大學,05331041,電子物理學系,D 日,D 博士,82,111
7,國立陽明交通大學,05399042,加速器光源科技與應用博士學位學程,D 日,D 博士,2,111
7,國立陽明交通大學,05411045,應用數學系,D 日,D 博士,15,111
7,國立陽明交通大學,05421047,統計學研究所,D 日,D 博士,10,111
7,國立陽明交通大學,06121048,網路與資訊系統博士學位學程,D 日,D 博士,1,111
7,國立陽明交通大學,06131022,資訊管理研究所,D 日,D 博士,28,111
7,國立陽明交通大學,06131061,資訊科學與工程研究所,D 日,D 博士,141,111
7,國立陽明交通大學,06131069,資訊學院博士班,D 日,D 博士,7,111
7,國立陽明交通大學,06131106,智慧科學暨綠能學院博士班,D 日,D 博士,9,111
7,國立陽明交通大學,07112072,材料科學與工程學系,D 日,D 博士,121,111
7,國立陽明交通大學,07121076,環境工程研究所,D 日,D 博士,22,111
7,國立陽明交通大學,07141050,電機工程學系,D 日,D 博士,61,111
7,國立陽明交通大學,07141053,電子研究所,D 日,D 博士,112,111
7,國立陽明交通大學,07141054,光電博士學位學程(台灣聯合大學系統),D 日,D 博士,17,111
7,國立陽明交通大學,07141055,光電工程學系,D 日,D 博士,55,111
7,國立陽明交通大學,07141062,電信工程研究所,D 日,D 博士,43,111
7,國立陽明交通大學,07141064,電控工程研究所,D 日,D 博士,45,111
7,國立陽明交通大學,07141066,國際半導體產業學院博士班,D 日,D 博士,88,111
7,國立陽明交通大學,07141067,電機學院博士班,D 日,D 博士,44,111
7,國立陽明交通大學,07141068,電機資訊國際博士學位學程,D 日,D 博士,71,111
7,國立陽明交通大學,07141101,光電學院博士班,D 日,D 博士,34,111
7,國立陽明交通大學,07151070,機械工程學系,D 日,D 博士,76,111
7,國立陽明交通大學,07191075,工業工程與管理學系,D 日,D 博士,29,111
7,國立陽明交通大學,07193080,生醫科學與工程博士學位學程,D 日,D 博士,18,111
7,國立陽明交通大學,07193120,生醫光電研究所,D 日,D 博士,20,111
7,國立陽明交通大學,07193122,生物醫學工程學系,D 日,D 博士,49,111
7,國立陽明交通大學,07321071,土木工程學系,D 日,D 博士,58,111
7,國立陽明交通大學,09111160,牙醫學系,D 日,D 博士,15,111
7,國立陽明交通大學,09111162,口腔生物研究所,D 日,D 博士,11,111
7,國立陽明交通大學,09121126,臨床醫學研究所,D 日,D 博士,130,111
7,國立陽明交通大學,09121128,分子醫學博士學位學程,D 日,D 博士,101,111
7,國立陽明交通大學,09121129,生理學研究所,D 日,D 博士,12,111
7,國立陽明交通大學,09121130,神經科學研究所,D 日,D 博士,25,111
7,國立陽明交通大學,09121133,急重症醫學研究所,D 日,D 博士,18,111
7,國立陽明交通大學,09121134,腦科學研究所,D 日,D 博士,73,111
7,國立陽明交通大學,09121136,轉譯醫學博士學位學程,D 日,D 博士,10,111
7,國立陽明交通大學,09121144,藥理學研究所,D 日,D 博士,24,111
7,國立陽明交通大學,09121171,跨領域醫學博士學位學程,D 日,D 博士,3,111
7,國立陽明交通大學,09131149,護理學系,D 日,D 博士,69,111
7,國立陽明交通大學,09131150,臨床護理研究所,D 日,D 博士,16,111
7,國立陽明交通大學,09141158,醫學生物技術暨檢驗學系,D 日,D 博士,7,111
7,國立陽明交通大學,09141159,生物醫學影像暨放射科學系,D 日,D 博士,39,111
7,國立陽明交通大學,09141166,生物醫學暨工程科技產業博士學位學程,D 日,D 博士,7,111
7,國立陽明交通大學,09151148,物理治療暨輔助科技學系,D 日,D 博士,27,111
7,國立陽明交通大學,09161145,生物藥學研究所,D 日,D 博士,10,111
7,國立陽明交通大學,09171143,傳統醫藥研究所,D 日,D 博士,32,111
7,國立陽明交通大學,09191137,公共衛生研究所,D 日,D 博士,73,111
7,國立陽明交通大學,09191138,衛生福利研究所,D 日,D 博士,17,111
7,國立陽明交通大學,09191140,環境與職業衛生研究所,D 日,D 博士,11,111
7,國立陽明交通大學,10411086,運輸與物流管理學系,D 日,D 博士,22,111
8,國立中央大學,01115001,學習與教學研究所,D 日,D 博士,26,111
8,國立中央大學,02231011,哲學研究所,D 日,D 博士,25,111
8,國立中央大學,02322006,中國文學系,D 日,D 博士,35,111
8,國立中央大學,03111013,經濟學系,D 日,D 博士,2,111
8,國立中央大學,03111014,產業經濟研究所,D 日,D 博士,1,111
8,國立中央大學,03131017,認知神經科學研究所,D 日,D 博士,16,111
8,國立中央大學,03131034,跨領域神經科學國際研究生博士學位學程,D 日,D 博士,7,111
8,國立中央大學,03199020,客家語文暨社會科學學系客家研究博士班,D 日,D 博士,25,111
8,國立中央大學,04121024,財務金融學系,D 日,D 博士,5,111
8,國立中央大學,04131023,企業管理學系,D 日,D 博士,76,111
8,國立中央大學,04199027,人力資源管理研究所,D 日,D 博士,6,111
8,國立中央大學,05121031,生命科學系,D 日,D 博士,24,111
8,國立中央大學,05211049,環境科技博士學位學程（台灣聯合大學系統）,D 日,D 博士,15,111
8,國立中央大學,05311035,化學學系,D 日,D 博士,10,111
8,國立中央大學,05321036,地球科學學系地球物理博士班,D 日,D 博士,21,111
8,國立中央大學,05321037,應用地質研究所,D 日,D 博士,26,111
8,國立中央大學,05321041,地球系統科學國際研究生博士學位學程,D 日,D 博士,37,111
8,國立中央大學,05322044,大氣科學學系大氣物理博士班,D 日,D 博士,27,111
8,國立中央大學,05322079,太空科學與工程學系,D 日,D 博士,23,111
8,國立中央大學,05323039,水文與海洋科學研究所,D 日,D 博士,15,111
8,國立中央大學,05331042,物理學系,D 日,D 博士,56,111
8,國立中央大學,05332045,天文研究所,D 日,D 博士,9,111
8,國立中央大學,05411051,數學系,D 日,D 博士,9,111
8,國立中央大學,05421052,統計研究所,D 日,D 博士,5,111
8,國立中央大學,06131053,資訊管理學系,D 日,D 博士,20,111
8,國立中央大學,06131059,資訊工程學系,D 日,D 博士,79,111
8,國立中央大學,06132002,網路學習科技研究所,D 日,D 博士,28,111
8,國立中央大學,07111069,化學工程與材料工程學系,D 日,D 博士,29,111
8,國立中央大學,07112070,材料科學與工程研究所,D 日,D 博士,17,111
8,國立中央大學,07121072,環境工程研究所,D 日,D 博士,18,111
8,國立中央大學,07132066,能源工程研究所,D 日,D 博士,7,111
8,國立中央大學,07141055,電機工程學系,D 日,D 博士,48,111
8,國立中央大學,07141056,光電博士學位學程(台灣聯合大學系統),D 日,D 博士,1,111
8,國立中央大學,07141057,光電科學與工程學系,D 日,D 博士,35,111
8,國立中央大學,07141060,通訊工程學系,D 日,D 博士,11,111
8,國立中央大學,07151064,機械工程學系,D 日,D 博士,72,111
8,國立中央大學,07191026,工業管理研究所,D 日,D 博士,7,111
8,國立中央大學,07193074,生醫科學與工程學系生物醫學工程博士班,D 日,D 博士,62,111
8,國立中央大學,07321067,土木工程學系,D 日,D 博士,90,111
9,國立中山大學,01111001,教育研究所,D 日,D 博士,50,111
9,國立中山大學,01111072,教育與人類發展研究全英語博士學位學程,D 日,D 博士,19,111
9,國立中山大學,02311006,外國語文學系,D 日,D 博士,8,111
9,國立中山大學,02322005,中國文學系,D 日,D 博士,23,111
9,國立中山大學,03121011,政治學研究所,D 日,D 博士,24,111
9,國立中山大學,03143016,中國與亞太區域研究所,D 日,D 博士,61,111
9,國立中山大學,04121024,財務管理學系,D 日,D 博士,23,111
9,國立中山大學,04131021,企業管理學系,D 日,D 博士,92,111
9,國立中山大學,04131028,人力資源管理研究所,D 日,D 博士,39,111
9,國立中山大學,04134017,公共事務管理研究所,D 日,D 博士,21,111
9,國立中山大學,05111033,生物科學系,D 日,D 博士,17,111
9,國立中山大學,05121035,生物醫學研究所,D 日,D 博士,51,111
9,國立中山大學,05121044,海洋生物科技暨資源學系,D 日,D 博士,35,111
9,國立中山大學,05211079,海洋科學與科技全英語博士學位學程,D 日,D 博士,6,111
9,國立中山大學,05311037,化學系,D 日,D 博士,25,111
9,國立中山大學,05323043,海洋生物科技博士學位學程,D 日,D 博士,13,111
9,國立中山大學,05323047,海洋科學系,D 日,D 博士,18,111
9,國立中山大學,05331038,物理學系,D 日,D 博士,47,111
9,國立中山大學,05399070,理學國際博士學位學程,D 日,D 博士,21,111
9,國立中山大學,05411051,應用數學系,D 日,D 博士,6,111
9,國立中山大學,06111055,資訊工程學系,D 日,D 博士,23,111
9,國立中山大學,06131052,資訊管理學系,D 日,D 博士,26,111
9,國立中山大學,07112063,材料與光電科學學系,D 日,D 博士,35,111
9,國立中山大學,07121064,環境工程研究所,D 日,D 博士,35,111
9,國立中山大學,07122065,海洋環境及工程學系,D 日,D 博士,23,111
9,國立中山大學,07141053,電機工程學系,D 日,D 博士,28,111
9,國立中山大學,07141054,光電工程學系,D 日,D 博士,21,111
9,國立中山大學,07141057,通訊工程研究所,D 日,D 博士,16,111
9,國立中山大學,07151061,機械與機電工程學系,D 日,D 博士,30,111
9,國立中山大學,07193067,醫學科技研究所,D 日,D 博士,15,111
9,國立中山大學,09121082,臨床醫學科學博士學位學程,D 日,D 博士,3,111
12,國立臺灣海洋大學,04212009,海洋法律研究所,D 日,D 博士,25,111
12,國立臺灣海洋大學,05121014,生命科學暨生物科技學系,D 日,D 博士,16,111
12,國立臺灣海洋大學,05121018,海洋生物科技博士學位學程,D 日,D 博士,7,111
12,國立臺灣海洋大學,05321057,地球科學研究所,D 日,D 博士,9,111
12,國立臺灣海洋大學,05323017,海洋生物研究所,D 日,D 博士,22,111
12,國立臺灣海洋大學,05323020,海洋環境資訊系,D 日,D 博士,7,111
12,國立臺灣海洋大學,05323023,海洋資源與環境變遷博士學位學程,D 日,D 博士,6,111
12,國立臺灣海洋大學,06131028,資訊工程學系,D 日,D 博士,8,111
12,國立臺灣海洋大學,07122040,河海工程學系,D 日,D 博士,33,111
12,國立臺灣海洋大學,07122041,海洋工程科技博士學位學程,D 日,D 博士,4,111
12,國立臺灣海洋大學,07141025,電機工程學系,D 日,D 博士,22,111
12,國立臺灣海洋大學,07141027,光電與材料科技學系,D 日,D 博士,2,111
12,國立臺灣海洋大學,07151036,機械與機電工程學系,D 日,D 博士,5,111
12,國立臺灣海洋大學,07163033,系統工程暨造船學系,D 日,D 博士,6,111
12,國立臺灣海洋大學,07163035,輪機工程學系,D 日,D 博士,30,111
12,國立臺灣海洋大學,07211042,食品科學系,D 日,D 博士,25,111
12,國立臺灣海洋大學,08311045,環境生物與漁業科學學系,D 日,D 博士,30,111
12,國立臺灣海洋大學,08312046,水產養殖學系,D 日,D 博士,35,111
12,國立臺灣海洋大學,10412048,航運管理學系,D 日,D 博士,36,111
13,國立中正大學,01111001,教育學研究所課程博士班,D 日,D 博士,60,111
13,國立中正大學,01112005,成人及繼續教育學系,D 日,D 博士,40,111
13,國立中正大學,01114007,教育領導與管理發展國際博士學位學程,D 日,D 博士,9,111
13,國立中正大學,02221015,歷史學系,D 日,D 博士,19,111
13,國立中正大學,02231016,哲學系,D 日,D 博士,7,111
13,國立中正大學,02322011,中國文學系,D 日,D 博士,30,111
13,國立中正大學,02399014,語言學研究所,D 日,D 博士,13,111
13,國立中正大學,03111017,經濟學系國際經濟學博士班,D 日,D 博士,5,111
13,國立中正大學,03131019,心理學系,D 日,D 博士,15,111
13,國立中正大學,03199022,認知科學博士學位學程,D 日,D 博士,5,111
13,國立中正大學,03199026,犯罪防治學系,D 日,D 博士,43,111
13,國立中正大學,04111032,會計與資訊科技學系,D 日,D 博士,14,111
13,國立中正大學,04121034,財務金融學系,D 日,D 博士,9,111
13,國立中正大學,04131033,企業管理學系,D 日,D 博士,45,111
13,國立中正大學,04211039,法律學系,D 日,D 博士,53,111
13,國立中正大學,05121075,生物醫學科學系分子生物博士班,D 日,D 博士,24,111
13,國立中正大學,05311045,化學暨生物化學系,D 日,D 博士,8,111
13,國立中正大學,05321047,地球與環境科學系地震學暨地球與環境科學博士班,D 日,D 博士,5,111
13,國立中正大學,05331067,物理學系,D 日,D 博士,13,111
13,國立中正大學,05399078,跨領域科學國際博士學位學程,D 日,D 博士,5,111
13,國立中正大學,05411049,數學系數學科學博士班,D 日,D 博士,1,111
13,國立中正大學,06131053,資訊管理學系,D 日,D 博士,17,111
13,國立中正大學,06131055,資訊工程學系,D 日,D 博士,23,111
13,國立中正大學,07111061,化學工程學系,D 日,D 博士,6,111
13,國立中正大學,07141054,電機工程學系,D 日,D 博士,22,111
13,國立中正大學,07141056,通訊工程學系,D 日,D 博士,4,111
13,國立中正大學,07151058,機械工程學系,D 日,D 博士,39,111
13,國立中正大學,07151071,前瞻製造系統博士學位學程,D 日,D 博士,4,111
13,國立中正大學,07199076,環境智能及智慧系統博士學位學程,D 日,D 博士,1,111
13,國立中正大學,09231063,社會福利學系,D 日,D 博士,19,111
14,國立高雄師範大學,01111001,教育學系,D 日,D 博士,84,111
14,國立高雄師範大學,01112009,成人教育研究所,D 日,D 博士,65,111
14,國立高雄師範大學,01113010,特殊教育學系特殊教育博士班,D 日,D 博士,28,111
14,國立高雄師範大學,01141003,工業科技教育學系,D 日,D 博士,34,111
14,國立高雄師範大學,01141006,科學教育暨環境教育研究所科學教育博士班,D 日,D 博士,48,111
14,國立高雄師範大學,01199011,性別教育博士學位學程,D 日,D 博士,23,111
14,國立高雄師範大學,02311021,英語學系,D 日,D 博士,20,111
14,國立高雄師範大學,02313002,華語文教學博士學位學程,D 日,D 博士,10,111
14,國立高雄師範大學,02322019,國文學系,D 日,D 博士,56,111
14,國立高雄師範大學,03131026,諮商心理與復健諮商研究所諮商心理博士班,D 日,D 博士,37,111
14,國立高雄師範大學,03142030,地理學系,D 日,D 博士,31,111
14,國立高雄師範大學,05331037,物理學系,D 日,D 博士,9,111
15,國立彰化師範大學,01111002,教育研究所,D 日,D 博士,32,111
15,國立彰化師範大學,01113012,特殊教育學系,D 日,D 博士,24,111
15,國立彰化師範大學,01118007,工業教育與技術學系,D 日,D 博士,0,111
15,國立彰化師範大學,01131004,科學教育研究所,D 日,D 博士,27,111
15,國立彰化師範大學,02311020,英語學系,D 日,D 博士,11,111
15,國立彰化師範大學,02322019,國文學系,D 日,D 博士,25,111
15,國立彰化師範大學,03131025,輔導與諮商學系,D 日,D 博士,43,111
15,國立彰化師範大學,03142027,地理學系地理暨環境資源博士班,D 日,D 博士,9,111
15,國立彰化師範大學,04121031,財務金融技術學系,D 日,D 博士,79,111
15,國立彰化師範大學,04131033,人力資源管理研究所,D 日,D 博士,28,111
15,國立彰化師範大學,05331037,物理學系,D 日,D 博士,18,111
15,國立彰化師範大學,05411038,數學系,D 日,D 博士,7,111
15,國立彰化師範大學,07141042,電機工程學系,D 日,D 博士,21,111
15,國立彰化師範大學,07141046,光電科技研究所,D 日,D 博士,17,111
15,國立彰化師範大學,07141054,機電工程學系,D 日,D 博士,22,111
15,國立彰化師範大學,07199007,工業教育與技術學系,D 日,D 博士,125,111
17,國立臺北大學,03111009,經濟學系,D 日,D 博士,2,111
17,國立臺北大學,04111017,會計學系,D 日,D 博士,11,111
17,國立臺北大學,04131018,企業管理學系,D 日,D 博士,76,111
17,國立臺北大學,04134013,公共行政暨政策學系,D 日,D 博士,14,111
17,國立臺北大學,04134024,不動產與城鄉環境學系,D 日,D 博士,22,111
17,國立臺北大學,04211028,法律學系,D 日,D 博士,32,111
17,國立臺北大學,05211043,自然資源與環境管理研究所,D 日,D 博士,16,111
17,國立臺北大學,06131038,電機資訊學院博士班,D 日,D 博士,18,111
17,國立臺北大學,07313039,都市計劃研究所,D 日,D 博士,11,111
18,國立嘉義大學,01111001,教育學系,D 日,D 博士,64,111
18,國立嘉義大學,04131038,企業管理學系,D 日,D 博士,34,111
18,國立嘉義大學,05311059,應用化學系,D 日,D 博士,8,111
18,國立嘉義大學,06131066,資訊工程學系,D 日,D 博士,4,111
18,國立嘉義大學,07211088,食品科學系,D 日,D 博士,26,111
18,國立嘉義大學,08111077,農業科學博士學位學程,D 日,D 博士,38,111
18,國立嘉義大學,10151044,行銷與觀光管理學系觀光休閒管理博士班,D 日,D 博士,23,111
19,國立高雄大學,04211018,法學院博士班,D 日,D 博士,15,111
19,國立高雄大學,05411024,應用數學系,D 日,D 博士,4,111
19,國立高雄大學,07141027,電機工程學系,D 日,D 博士,11,111
20,國立東華大學,01111001,教育與潛能開發學系教育博士班,D 日,D 博士,146,111
20,國立東華大學,02222042,族群關係與文化學系,D 日,D 博士,28,111
20,國立東華大學,02322025,中國語文學系,D 日,D 博士,37,111
20,國立東華大學,02323110,人文社會科學學院華語文教學國際博士班,D 日,D 博士,6,111
20,國立東華大學,03111034,經濟學系,D 日,D 博士,10,111
20,國立東華大學,03191111,人文社會科學學院亞太區域研究博士班,D 日,D 博士,22,111
20,國立東華大學,04131059,企業管理學系,D 日,D 博士,46,111
20,國立東華大學,05121069,生命科學系生物技術博士班,D 日,D 博士,9,111
20,國立東華大學,05211094,自然資源與環境學系,D 日,D 博士,35,111
20,國立東華大學,05311071,化學系,D 日,D 博士,17,111
20,國立東華大學,05323078,海洋生物研究所,D 日,D 博士,5,111
20,國立東華大學,05331072,物理學系應用物理博士班,D 日,D 博士,24,111
20,國立東華大學,05411074,應用數學系,D 日,D 博士,6,111
20,國立東華大學,06131086,資訊工程學系,D 日,D 博士,12,111
20,國立東華大學,07112090,材料科學與工程學系,D 日,D 博士,11,111
20,國立東華大學,07141083,電機工程學系,D 日,D 博士,7,111
21,國立暨南國際大學,01111001,國際文教與比較教育學系,D 日,D 博士,35,111
21,國立暨南國際大學,01111002,國際文教管理人才博士學位學程,D 日,D 博士,4,111
21,國立暨南國際大學,01114010,教育政策與行政學系,D 日,D 博士,74,111
21,國立暨南國際大學,02221015,歷史學系,D 日,D 博士,8,111
21,國立暨南國際大學,02322013,中國語文學系,D 日,D 博士,9,111
21,國立暨南國際大學,03131004,諮商心理與人力資源發展學系輔導與諮商博士班,D 日,D 博士,15,111
21,國立暨南國際大學,03143019,東南亞學系,D 日,D 博士,20,111
21,國立暨南國際大學,04131026,新興產業策略與發展博士學位學程,D 日,D 博士,86,111
21,國立暨南國際大學,04134020,公共行政與政策學系,D 日,D 博士,17,111
21,國立暨南國際大學,05311027,應用化學系,D 日,D 博士,8,111
21,國立暨南國際大學,06131034,資訊工程學系,D 日,D 博士,8,111
21,國立暨南國際大學,07141031,電機工程學系,D 日,D 博士,7,111
21,國立暨南國際大學,07321035,土木工程學系,D 日,D 博士,23,111
21,國立暨南國際大學,09231038,社會政策與社會工作學系,D 日,D 博士,40,111
22,國立臺灣科技大學,01116002,數位學習與教育研究所,D 日,D 博士,40,111
22,國立臺灣科技大學,02122004,設計系博士班,D 日,D 博士,44,111
22,國立臺灣科技大學,04121010,財務金融研究所,D 日,D 博士,12,111
22,國立臺灣科技大學,04131008,企業管理系博士班,D 日,D 博士,45,111
22,國立臺灣科技大學,04191009,管理研究所,D 日,D 博士,47,111
22,國立臺灣科技大學,05399015,應用科技研究所,D 日,D 博士,159,111
22,國立臺灣科技大學,06131016,資訊管理系博士班,D 日,D 博士,52,111
22,國立臺灣科技大學,06131020,資訊工程系博士班,D 日,D 博士,56,111
22,國立臺灣科技大學,06132043,人工智慧跨域科技研究所,D 日,D 博士,1,111
22,國立臺灣科技大學,07111026,化學工程系博士班,D 日,D 博士,69,111
22,國立臺灣科技大學,07112028,材料科學與工程系博士班,D 日,D 博士,82,111
22,國立臺灣科技大學,07132044,能源永續科技研究所,D 日,D 博士,5,111
22,國立臺灣科技大學,07141017,電機工程系博士班,D 日,D 博士,72,111
22,國立臺灣科技大學,07141018,電子工程系博士班,D 日,D 博士,88,111
22,國立臺灣科技大學,07141019,光電工程研究所,D 日,D 博士,11,111
22,國立臺灣科技大學,07151023,機械工程系博士班,D 日,D 博士,90,111
22,國立臺灣科技大學,07151024,自動化及控制研究所,D 日,D 博士,16,111
22,國立臺灣科技大學,07191012,工業管理系博士班,D 日,D 博士,57,111
22,國立臺灣科技大學,07191042,智慧製造科技研究所,D 日,D 博士,6,111
22,國立臺灣科技大學,07311038,建築系博士班,D 日,D 博士,63,111
22,國立臺灣科技大學,07321025,營建工程系博士班,D 日,D 博士,60,111
23,國立雲林科技大學,01118001,技術及職業教育研究所,D 日,D 博士,68,111
23,國立雲林科技大學,02122007,設計學研究所,D 日,D 博士,103,111
23,國立雲林科技大學,04111018,會計系博士班,D 日,D 博士,10,111
23,國立雲林科技大學,04121024,財務金融系博士班,D 日,D 博士,28,111
23,國立雲林科技大學,04131019,企業管理系博士班,D 日,D 博士,71,111
23,國立雲林科技大學,04131057,產業經營專業博士學位學程,D 日,D 博士,13,111
23,國立雲林科技大學,06131032,資訊管理系博士班,D 日,D 博士,21,111
23,國立雲林科技大學,07111045,化學工程與材料工程系博士班,D 日,D 博士,5,111
23,國立雲林科技大學,07121049,環境與安全衛生工程系博士班,D 日,D 博士,8,111
23,國立雲林科技大學,07141034,電子工程系博士班,D 日,D 博士,12,111
23,國立雲林科技大學,07151041,機械工程系博士班,D 日,D 博士,19,111
23,國立雲林科技大學,07191048,工業工程與管理系博士班,D 日,D 博士,17,111
23,國立雲林科技大學,07194050,工程科技研究所,D 日,D 博士,58,111
24,國立屏東科技大學,05121016,農學院生物資源博士班,D 日,D 博士,28,111
24,國立屏東科技大學,05121050,動物用疫苗國際學位專班,D 日,D 博士,15,111
24,國立屏東科技大學,07121025,環境工程與科學系博士班,D 日,D 博士,22,111
24,國立屏東科技大學,07211037,食品科學系博士班,D 日,D 博士,22,111
24,國立屏東科技大學,07321021,土木工程系博士班,D 日,D 博士,21,111
24,國立屏東科技大學,08111029,農園生產系博士班,D 日,D 博士,22,111
24,國立屏東科技大學,08199030,熱帶農業暨國際合作系博士班,D 日,D 博士,92,111
24,國立屏東科技大學,08312046,水產養殖系博士班,D 日,D 博士,11,111
24,國立屏東科技大學,08312068,觀賞魚科技及水生動物健康國際學位專班,D 日,D 博士,8,111
24,國立屏東科技大學,08411048,獸醫學系博士班,D 日,D 博士,13,111
25,國立臺北科技大學,01118001,技術及職業教育研究所,D 日,D 博士,58,111
25,國立臺北科技大學,02122003,設計學院設計博士班,D 日,D 博士,75,111
25,國立臺北科技大學,04131020,管理學院管理博士班,D 日,D 博士,101,111
25,國立臺北科技大學,06131034,資訊工程系博士班,D 日,D 博士,20,111
25,國立臺北科技大學,07111048,化學工程與生物科技系博士班,D 日,D 博士,40,111
25,國立臺北科技大學,07111053,分子科學與工程系有機高分子博士班,D 日,D 博士,34,111
25,國立臺北科技大學,07112057,材料科學與工程研究所,D 日,D 博士,23,111
25,國立臺北科技大學,07112059,資源工程研究所,D 日,D 博士,18,111
25,國立臺北科技大學,07112067,工程學院_能源與光電材料外國學生專班,D 日,D 博士,38,111
25,國立臺北科技大學,07121063,環境工程與管理研究所,D 日,D 博士,11,111
25,國立臺北科技大學,07132068,能源與冷凍空調工程系博士班,D 日,D 博士,23,111
25,國立臺北科技大學,07141025,電機工程系博士班,D 日,D 博士,50,111
25,國立臺北科技大學,07141028,電子工程系博士班,D 日,D 博士,45,111
25,國立臺北科技大學,07141032,光電工程系博士班,D 日,D 博士,15,111
25,國立臺北科技大學,07141036,電資學院_外國學生專班,D 日,D 博士,24,111
25,國立臺北科技大學,07151038,機電學院,D 日,D 博士,2,111
25,國立臺北科技大學,07151040,機電學院機電科技博士班,D 日,D 博士,63,111
25,國立臺北科技大學,07151043,製造科技研究所,D 日,D 博士,27,111
25,國立臺北科技大學,07191022,工業工程與管理系博士班,D 日,D 博士,31,111
25,國立臺北科技大學,07321045,土木工程系土木與防災博士班,D 日,D 博士,39,111
28,國立臺北藝術大學,02131003,美術學系,D 日,D 博士,15,111
28,國立臺北藝術大學,02151005,音樂學系,D 日,D 博士,38,111
28,國立臺北藝術大學,02152008,戲劇學系,D 日,D 博士,13,111
28,國立臺北藝術大學,02152013,舞蹈學系,D 日,D 博士,15,111
28,國立臺北藝術大學,02191021,文化資源學院文化資產與藝術創新博士班,D 日,D 博士,28,111
29,國立臺灣藝術大學,02111032,影音創作與數位媒體產業研究所,D 日,D 博士,12,111
29,國立臺灣藝術大學,02122027,創意產業設計研究所,D 日,D 博士,33,111
29,國立臺灣藝術大學,02131003,美術學系當代視覺文化博士班,D 日,D 博士,23,111
29,國立臺灣藝術大學,02131005,書畫藝術學系,D 日,D 博士,25,111
29,國立臺灣藝術大學,02152035,跨域表演藝術研究所,D 日,D 博士,8,111
29,國立臺灣藝術大學,02191018,表演藝術學院表演藝術博士班,D 日,D 博士,21,111
29,國立臺灣藝術大學,02192026,藝術管理與文化政策研究所,D 日,D 博士,30,111
30,國立臺東大學,01111001,教育學系教育研究博士班,D 日,D 博士,17,111
30,國立臺東大學,02222043,人文學院南島文化研究博士班,D 日,D 博士,3,111
30,國立臺東大學,02399016,兒童文學研究所,D 日,D 博士,27,111
31,國立宜蘭大學,08112030,生物技術與動物科學系,D 日,D 博士,15,111
32,國立聯合大學,07112030,材料與化學工程博士學位學程,D 日,D 博士,18,111
33,國立虎尾科技大學,07141011,光電工程系光電與材料科技博士班,D 日,D 博士,20,111
33,國立虎尾科技大學,07151016,動力機械工程系機械與機電工程博士班,D 日,D 博士,21,111
33,國立虎尾科技大學,07199035,智慧產業科技研發博士學位學程,D 日,D 博士,16,111
35,國立臺南藝術大學,02131016,藝術創作理論研究所,D 日,D 博士,49,111
35,國立臺南藝術大學,02191014,藝術史學系藝術史評與古物研究博士班,D 日,D 博士,9,111
35,國立臺南藝術大學,02192022,博物館學與古物維護研究所,D 日,D 博士,4,111
36,國立臺南大學,01111001,教育學系測驗統計博士班,D 日,D 博士,102,111
36,國立臺南大學,01113019,特殊教育學系,D 日,D 博士,19,111
36,國立臺南大學,06134024,數位學習科技學系,D 日,D 博士,20,111
36,國立臺南大學,07141049,電機工程學系,D 日,D 博士,12,111
37,國立臺北教育大學,01114044,教育經營與管理學系教育政策與管理博士班,D 日,D 博士,78,111
37,國立臺北教育大學,01115020,課程與教學傳播科技研究所,D 日,D 博士,38,111
37,國立臺北教育大學,01141040,自然科學教育學系,D 日,D 博士,13,111
37,國立臺北教育大學,02121014,藝術與造形設計學系藝術跨域整合博士班,D 日,D 博士,23,111
39,國立臺中教育大學,01111001,教育學系,D 日,D 博士,42,111
39,國立臺中教育大學,01117028,教育資訊與測驗統計研究所,D 日,D 博士,35,111
39,國立臺中教育大學,01131006,語文教育學系,D 日,D 博士,31,111
43,國立勤益科技大學,07141037,前瞻電資科技研究所,D 日,D 博士,15,111
43,國立勤益科技大學,07151034,智慧機械與智慧製造產業博士學位學程,D 日,D 博士,13,111
43,國立勤益科技大學,07194024,精密製造科技研究所,D 日,D 博士,24,111
44,國立體育大學,01141001,體育研究所,D 日,D 博士,54,111
44,國立體育大學,10141008,競技與教練科學研究所,D 日,D 博士,55,111
44,國立體育大學,10142010,運動科學研究所,D 日,D 博士,16,111
44,國立體育大學,10152021,國際運動管理與創新博士學位學程,D 日,D 博士,19,111
46,國立臺北護理健康大學,09131009,護理系博士班,D 日,D 博士,77,111
47,國立高雄餐旅大學,10151029,觀光研究所,D 日,D 博士,31,111
48,國立金門大學,04199042,跨境產業策略與發展博士學位學程,D 日,D 博士,2,111
49,國立臺灣體育運動大學,04199010,運動事業管理學系東南亞博士班,D 日,D 博士,5,111
49,國立臺灣體育運動大學,10141003,競技運動學系,D 日,D 博士,9,111
51,國立臺北商業大學,04191025,財經學院博士班,D 日,D 博士,9,111
52,國立屏東大學,01114018,教育行政研究所,D 日,D 博士,46,111
53,國立高雄科技大學,04121052,財務金融學院博士班,D 日,D 博士,35,111
53,國立高雄科技大學,04141023,國際企業系博士班,D 日,D 博士,33,111
53,國立高雄科技大學,04191120,商業智慧學院博士班,D 日,D 博士,49,111
53,國立高雄科技大學,04199106,管理學院博士班,D 日,D 博士,74,111
53,國立高雄科技大學,05111050,水圈學院水產科技產業博士班,D 日,D 博士,43,111
53,國立高雄科技大學,07111085,化學工程與材料工程系博士班,D 日,D 博士,12,111
53,國立高雄科技大學,07141103,電子工程系博士班(建工校區),D 日,D 博士,62,111
53,國立高雄科技大學,07141105,電機工程系博士班,D 日,D 博士,37,111
53,國立高雄科技大學,07151072,機械工程系博士班,D 日,D 博士,53,111
53,國立高雄科技大學,07151074,模具工程系博士班,D 日,D 博士,14,111
53,國立高雄科技大學,07191091,工業工程與管理系博士班,D 日,D 博士,45,111
53,國立高雄科技大學,07194088,工學院工程科技博士班,D 日,D 博士,80,111
53,國立高雄科技大學,07194094,海事學院海事科技產學合作博士班,D 日,D 博士,28,111
53,國立高雄科技大學,07321077,土木工程系,D 日,D 博士,15,111
53,國立高雄科技大學,10412060,航運管理系博士班,D 日,D 博士,18,111
1001,東海大學,02231010,哲學系,D 日,D 博士,18,111
1001,東海大學,02322004,中國文學系,D 日,D 博士,22,111
1001,東海大學,03121013,政治學系,D 日,D 博士,35,111
1001,東海大學,03141014,社會學系,D 日,D 博士,32,111
1001,東海大學,04211027,法律學系,D 日,D 博士,20,111
1001,東海大學,05111028,生命科學系,D 日,D 博士,16,111
1001,東海大學,05111061,生物多樣性國際研究生博士學位學程,D 日,D 博士,4,111
1001,東海大學,05123060,生醫暨材料科學國際博士學位學程,D 日,D 博士,3,111
1001,東海大學,05311030,化學系,D 日,D 博士,10,111
1001,東海大學,05331032,應用物理學系,D 日,D 博士,6,111
1001,東海大學,05421035,統計學系,D 日,D 博士,3,111
1001,東海大學,07111042,化學工程與材料工程學系,D 日,D 博士,2,111
1001,東海大學,07121045,環境科學與工程學系,D 日,D 博士,4,111
1001,東海大學,07191044,工業工程與經營資訊學系,D 日,D 博士,29,111
1001,東海大學,08112051,畜產與生物科技學系,D 日,D 博士,10,111
1001,東海大學,09231053,社會工作學系,D 日,D 博士,26,111
1002,輔仁大學,02151034,音樂學系,D 日,D 博士,29,111
1002,輔仁大學,02211019,宗教學系,D 日,D 博士,51,111
1002,輔仁大學,02231037,哲學系,D 日,D 博士,37,111
1002,輔仁大學,02299060,跨文化研究所比較文學與跨文化研究博士班,D 日,D 博士,43,111
1002,輔仁大學,02322003,中國文學系,D 日,D 博士,22,111
1002,輔仁大學,03131007,心理學系,D 日,D 博士,28,111
1002,輔仁大學,04191040,商學研究所,D 日,D 博士,80,111
1002,輔仁大學,04211020,法律學系,D 日,D 博士,41,111
1002,輔仁大學,05191036,食品營養博士學位學程,D 日,D 博士,34,111
1002,輔仁大學,05311005,化學系,D 日,D 博士,16,111
1002,輔仁大學,06131077,應用科學與工程研究所,D 日,D 博士,33,111
1002,輔仁大學,09161091,生技醫藥博士學位學程,D 日,D 博士,9,111
1003,東吳大學,02311005,日本語文學系,D 日,D 博士,28,111
1003,東吳大學,02322002,中國文學系,D 日,D 博士,34,111
1003,東吳大學,03111008,經濟學系,D 日,D 博士,20,111
1003,東吳大學,03121009,政治學系,D 日,D 博士,13,111
1003,東吳大學,04211021,法律學系,D 日,D 博士,32,111
1003,東吳大學,05122022,微生物學系,D 日,D 博士,0,111
1004,中原大學,02122007,設計學博士學位學程,D 日,D 博士,48,111
1004,中原大學,04131014,企業管理學系,D 日,D 博士,43,111
1004,中原大學,04191012,商學博士學位學程,D 日,D 博士,44,111
1004,中原大學,05311023,化學系,D 日,D 博士,22,111
1004,中原大學,05331024,物理學系,D 日,D 博士,11,111
1004,中原大學,05411027,應用數學系,D 日,D 博士,6,111
1004,中原大學,07111037,化學工程學系,D 日,D 博士,8,111
1004,中原大學,07141029,電機工程學系,D 日,D 博士,23,111
1004,中原大學,07141030,電子工程學系,D 日,D 博士,18,111
1004,中原大學,07151034,機械工程學系,D 日,D 博士,32,111
1004,中原大學,07191041,工業與系統工程學系,D 日,D 博士,38,111
1004,中原大學,07193043,生物醫學工程學系,D 日,D 博士,21,111
1004,中原大學,07321035,土木工程學系,D 日,D 博士,41,111
1005,淡江大學,01114093,教育學院教育領導與科技管理博士班,D 日,D 博士,27,111
1005,淡江大學,01114108,教育與未來設計學系前瞻教育領導與科技管理博士班,D 日,D 博士,8,111
1005,淡江大學,02311088,英文學系,D 日,D 博士,27,111
1005,淡江大學,02322090,中國文學學系,D 日,D 博士,31,111
1005,淡江大學,03111075,產業經濟學系,D 日,D 博士,9,111
1005,淡江大學,03122060,國際事務與戰略研究所,D 日,D 博士,49,111
1005,淡江大學,03143059,外交與國際關係學系歐洲研究博士班,D 日,D 博士,19,111
1005,淡江大學,03143065,美洲研究所,D 日,D 博士,3,111
1005,淡江大學,03143068,歐洲研究所,D 日,D 博士,0,111
1005,淡江大學,04121037,財務金融學系,D 日,D 博士,39,111
1005,淡江大學,04131047,管理科學學系,D 日,D 博士,53,111
1005,淡江大學,05311031,化學學系,D 日,D 博士,4,111
1005,淡江大學,05331030,物理學系,D 日,D 博士,2,111
1005,淡江大學,05399106,理學院應用科學博士班,D 日,D 博士,11,111
1005,淡江大學,05411026,數學學系,D 日,D 博士,5,111
1005,淡江大學,06131018,資訊工程學系,D 日,D 博士,16,111
1005,淡江大學,07111010,化學工程與材料工程學系,D 日,D 博士,3,111
1005,淡江大學,07122009,水資源及環境工程學系,D 日,D 博士,8,111
1005,淡江大學,07141019,電機工程學系,D 日,D 博士,19,111
1005,淡江大學,07141102,工學院機器人博士學位學程,D 日,D 博士,9,111
1005,淡江大學,07151015,機械與機電工程學系,D 日,D 博士,8,111
1005,淡江大學,07321012,土木工程學系,D 日,D 博士,16,111
1006,中國文化大學,01141023,體育學系運動教練博士班,D 日,D 博士,64,111
1006,中國文化大學,02221098,史學系,D 日,D 博士,48,111
1006,中國文化大學,02231081,哲學系,D 日,D 博士,29,111
1006,中國文化大學,02322001,中國文學系,D 日,D 博士,55,111
1006,中國文化大學,03121011,國家發展與中國大陸研究所,D 日,D 博士,91,111
1006,中國文化大學,03121061,政治學系,D 日,D 博士,40,111
1006,中國文化大學,03142087,地學研究所,D 日,D 博士,28,111
1006,中國文化大學,04131015,國際企業管理學系,D 日,D 博士,89,111
1006,中國文化大學,04211020,法律學系,D 日,D 博士,35,111
1006,中國文化大學,07311068,建築及都市設計學系,D 日,D 博士,29,111
1007,逢甲大學,02322001,中國文學系,D 日,D 博士,30,111
1007,逢甲大學,03111009,經濟學系,D 日,D 博士,3,111
1007,逢甲大學,04121026,金融博士學位學程,D 日,D 博士,39,111
1007,逢甲大學,04191014,商學博士學位學程,D 日,D 博士,115,111
1007,逢甲大學,05421040,統計學系應用統計博士班,D 日,D 博士,1,111
1007,逢甲大學,06131048,資訊工程學系,D 日,D 博士,28,111
1007,逢甲大學,06131055,智慧聯網產業博士學位學程,D 日,D 博士,2,111
1007,逢甲大學,07111068,化學工程學系,D 日,D 博士,8,111
1007,逢甲大學,07112069,材料科學與工程學系,D 日,D 博士,8,111
1007,逢甲大學,07121075,環境工程與科學學系,D 日,D 博士,13,111
1007,逢甲大學,07141045,電機與通訊工程博士學位學程,D 日,D 博士,36,111
1007,逢甲大學,07151060,機械與航空工程博士學位學程,D 日,D 博士,39,111
1007,逢甲大學,07191072,工業工程與系統管理學系,D 日,D 博士,14,111
1007,逢甲大學,07192074,纖維與複合材料學系,D 日,D 博士,14,111
1007,逢甲大學,07321100,土木水利工程與建設規劃博士學位學程,D 日,D 博士,0,111
1007,逢甲大學,07399116,建設規劃與工程博士學位學程,D 日,D 博士,65,111
1008,靜宜大學,03141043,原住民族健康與社會福利博士學位學程,D 日,D 博士,11,111
1008,靜宜大學,05191031,食品營養學系,D 日,D 博士,26,111
1008,靜宜大學,05311023,應用化學系,D 日,D 博士,10,111
1008,靜宜大學,09161035,化粧品科學系,D 日,D 博士,12,111
1009,長庚大學,04131004,企業管理研究所,D 日,D 博士,0,111
1009,長庚大學,04131006,管理研究所,D 日,D 博士,34,111
1009,長庚大學,05121011,生物科技產業博士學位學程,D 日,D 博士,12,111
1009,長庚大學,05123012,生物醫學研究所,D 日,D 博士,71,111
1009,長庚大學,06131018,資訊工程學系,D 日,D 博士,8,111
1009,長庚大學,07111025,化工與材料工程學系,D 日,D 博士,14,111
1009,長庚大學,07141014,電機工程學系,D 日,D 博士,20,111
1009,長庚大學,07141016,電子工程學系,D 日,D 博士,30,111
1009,長庚大學,07151022,機械工程學系,D 日,D 博士,10,111
1009,長庚大學,07193027,生物醫學工程研究所,D 日,D 博士,14,111
1009,長庚大學,09121029,臨床醫學研究所,D 日,D 博士,161,111
1009,長庚大學,09131040,護理學系,D 日,D 博士,26,111
1009,長庚大學,09141048,醫學影像暨放射科學系,D 日,D 博士,10,111
1009,長庚大學,09151037,物理治療學系,D 日,D 博士,14,111
1010,元智大學,02299047,文化產業與文化政策博士學位學程,D 日,D 博士,27,111
1010,元智大學,04199018,管理學院博士班,D 日,D 博士,75,111
1010,元智大學,06131011,資訊管理學系,D 日,D 博士,16,111
1010,元智大學,06131028,資訊工程學系,D 日,D 博士,18,111
1010,元智大學,07111041,化學工程與材料科學學系,D 日,D 博士,17,111
1010,元智大學,07141033,電機工程學系,D 日,D 博士,36,111
1010,元智大學,07151037,機械工程學系,D 日,D 博士,17,111
1010,元智大學,07191043,工業工程與管理學系,D 日,D 博士,27,111
1011,中華大學,04199014,科技管理博士學位學程,D 日,D 博士,0,111
1011,中華大學,04199063,管理博士學位學程,D 日,D 博士,35,111
1011,中華大學,07194037,工程科學博士學位學程,D 日,D 博士,9,111
1011,中華大學,07321032,土木工程學系,D 日,D 博士,21,111
1012,大葉大學,04199029,管理學院博士班,D 日,D 博士,52,111
1012,大葉大學,05121035,生物科技與產業博士學位學程,D 日,D 博士,11,111
1012,大葉大學,07121054,環境工程學系,D 日,D 博士,18,111
1012,大葉大學,07141038,電機工程學系,D 日,D 博士,12,111
1012,大葉大學,07151046,機械與自動化工程學系,D 日,D 博士,2,111
1012,大葉大學,09199083,藥用植物與食品保健學系,D 日,D 博士,9,111
1013,華梵大學,02299009,東方人文思想研究所,D 日,D 博士,56,111
1013,華梵大學,07151014,機電工程學系,D 日,D 博士,8,111
1014,義守大學,04131012,管理學院管理博士班,D 日,D 博士,30,111
1014,義守大學,04199019,工業管理學系,D 日,D 博士,19,111
1014,義守大學,06131027,資訊工程學系,D 日,D 博士,40,111
1014,義守大學,07111021,生物技術與化學工程研究所,D 日,D 博士,0,111
1014,義守大學,07111033,化學工程學系生物技術與化學工程博士班,D 日,D 博士,26,111
1014,義守大學,07112034,材料科學與工程學系,D 日,D 博士,4,111
1014,義守大學,07141025,電機工程學系,D 日,D 博士,14,111
1014,義守大學,07141026,電子工程學系,D 日,D 博士,10,111
1015,世新大學,02322001,中國文學系,D 日,D 博士,14,111
1015,世新大學,03214012,傳播博士學位學程,D 日,D 博士,50,111
1015,世新大學,04134009,行政管理學系,D 日,D 博士,18,111
1016,銘傳大學,02322002,應用中國文學系,D 日,D 博士,26,111
1016,銘傳大學,04131036,企業管理學系,D 日,D 博士,41,111
1017,實踐大學,04199036,管理學院創意產業博士班,D 日,D 博士,27,111
1018,朝陽科技大學,02122028,建築系建築及都市設計博士班,D 日,D 博士,24,111
1018,朝陽科技大學,04131008,企業管理系台灣產業策略發展博士班,D 日,D 博士,42,111
1018,朝陽科技大學,05121017,應用化學系生化科技博士班,D 日,D 博士,18,111
1018,朝陽科技大學,06131019,資訊管理系博士班,D 日,D 博士,19,111
1018,朝陽科技大學,07321025,營建工程系博士班,D 日,D 博士,9,111
1019,高雄醫學大學,05121050,生命科學博士學位學程,D 日,D 博士,13,111
1019,高雄醫學大學,05311017,醫藥暨應用化學系,D 日,D 博士,27,111
1019,高雄醫學大學,07193041,生物醫學工程博士學位學程,D 日,D 博士,11,111
1019,高雄醫學大學,09111044,牙醫學系,D 日,D 博士,12,111
1019,高雄醫學大學,09121011,醫學研究所,D 日,D 博士,64,111
1019,高雄醫學大學,09121018,臨床醫學研究所,D 日,D 博士,41,111
1019,高雄醫學大學,09121020,轉譯醫學博士學位學程,D 日,D 博士,2,111
1019,高雄醫學大學,09131032,護理學系,D 日,D 博士,55,111
1019,高雄醫學大學,09141036,醫學檢驗生物技術學系,D 日,D 博士,7,111
1019,高雄醫學大學,09161024,藥學系,D 日,D 博士,36,111
1019,高雄醫學大學,09161026,天然藥物研究所,D 日,D 博士,19,111
1019,高雄醫學大學,09161047,毒理學博士學位學程,D 日,D 博士,2,111
1019,高雄醫學大學,09191021,公共衛生學系,D 日,D 博士,15,111
1019,高雄醫學大學,09191023,環境職業醫學博士學位學程,D 日,D 博士,9,111
1020,南華大學,02299011,生死學系生死學博士班,D 日,D 博士,8,111
1020,南華大學,04131029,企業管理學系管理科學博士班,D 日,D 博士,39,111
1022,大同大學,02122003,設計科學研究所,D 日,D 博士,64,111
1022,大同大學,06131012,資訊工程學系,D 日,D 博士,13,111
1022,大同大學,07111021,化學工程與生物科技學系,D 日,D 博士,4,111
1022,大同大學,07141010,電機工程學系,D 日,D 博士,5,111
1022,大同大學,07151023,機械與材料工程學系,D 日,D 博士,9,111
1023,南臺科技大學,04131016,經營管理博士學位學程,D 日,D 博士,31,111
1023,南臺科技大學,07141039,電機工程系博士班,D 日,D 博士,21,111
1023,南臺科技大學,07141040,電子工程系博士班,D 日,D 博士,8,111
1023,南臺科技大學,07151045,機械工程系機電科技博士班,D 日,D 博士,19,111
1024,崑山科技大學,07151030,機械工程系機械與能源工程博士班,D 日,D 博士,30,111
1026,樹德科技大學,99999045,人類性學研究所,D 日,D 博士,33,111
1027,慈濟大學,09121019,醫學科學研究所,D 日,D 博士,82,111
1027,慈濟大學,09121022,轉譯醫學博士學位學程,D 日,D 博士,3,111
1027,慈濟大學,09161015,醫學系藥理暨毒理學博士班,D 日,D 博士,12,111
1028,臺北醫學大學,03131057,心智意識與腦科學研究博士學位學程,D 日,D 博士,10,111
1028,臺北醫學大學,04199061,國際生技醫療管理博士學位學程,D 日,D 博士,5,111
1028,臺北醫學大學,05121016,醫學科學研究所,D 日,D 博士,46,111
1028,臺北醫學大學,05191032,保健營養學系,D 日,D 博士,22,111
1028,臺北醫學大學,06131042,醫學資訊研究所,D 日,D 博士,34,111
1028,臺北醫學大學,07112008,生醫材料暨組織工程研究所,D 日,D 博士,21,111
1028,臺北醫學大學,07112010,奈米醫學工程研究所,D 日,D 博士,1,111
1028,臺北醫學大學,07193011,國際生醫工程博士學位學程,D 日,D 博士,12,111
1028,臺北醫學大學,09111044,牙醫學系,D 日,D 博士,25,111
1028,臺北醫學大學,09121014,臨床醫學研究所,D 日,D 博士,48,111
1028,臺北醫學大學,09121017,轉譯醫學博士學位學程,D 日,D 博士,7,111
1028,臺北醫學大學,09121018,神經再生醫學博士學位學程,D 日,D 博士,0,111
1028,臺北醫學大學,09121019,國際醫學研究博士學位學程,D 日,D 博士,59,111
1028,臺北醫學大學,09121054,細胞治療與再生醫學國際博士學位學程,D 日,D 博士,21,111
1028,臺北醫學大學,09121062,國際轉譯科學博士學位學程,D 日,D 博士,6,111
1028,臺北醫學大學,09121066,神經醫學博士學位學程,D 日,D 博士,17,111
1028,臺北醫學大學,09131037,護理學系,D 日,D 博士,82,111
1028,臺北醫學大學,09141040,醫學生物科技博士學位學程,D 日,D 博士,18,111
1028,臺北醫學大學,09161024,藥學系,D 日,D 博士,46,111
1028,臺北醫學大學,09161028,癌症生物學與藥物研發博士學位學程,D 日,D 博士,25,111
1028,臺北醫學大學,09161030,中草藥臨床藥物研發博士學位學程,D 日,D 博士,23,111
1028,臺北醫學大學,09161060,新藥研發產業博士學位學程,D 日,D 博士,15,111
1028,臺北醫學大學,09191020,公共衛生學系,D 日,D 博士,29,111
1028,臺北醫學大學,09191022,傷害防治學研究所,D 日,D 博士,15,111
1028,臺北醫學大學,09191056,全球衛生暨衛生安全博士學位學程,D 日,D 博士,22,111
1028,臺北醫學大學,09211065,國際高齡健康暨長期照護博士學位學程,D 日,D 博士,3,111
1029,中山醫學大學,05191026,營養學系,D 日,D 博士,19,111
1029,中山醫學大學,09111038,牙醫學系,D 日,D 博士,9,111
1029,中山醫學大學,09111039,口腔科學研究所,D 日,D 博士,9,111
1029,中山醫學大學,09121018,醫學研究所,D 日,D 博士,113,111
1029,中山醫學大學,09191020,公共衛生學系,D 日,D 博士,31,111
1033,長榮大學,04131026,經營管理研究所,D 日,D 博士,50,111
1034,弘光科技大學,09131025,護理系博士班,D 日,D 博士,15,111
1035,中國醫藥大學,05121043,生物科技學系,D 日,D 博士,18,111
1035,中國醫藥大學,05191021,營養學系,D 日,D 博士,8,111
1035,中國醫藥大學,07193055,醫學工程與復健科技產業博士學位學程,D 日,D 博士,13,111
1035,中國醫藥大學,09111019,牙醫學系,D 日,D 博士,15,111
1035,中國醫藥大學,09121003,生物醫學研究所,D 日,D 博士,126,111
1035,中國醫藥大學,09121004,臨床醫學研究所,D 日,D 博士,8,111
1035,中國醫藥大學,09121006,基礎醫學研究所,D 日,D 博士,1,111
1035,中國醫藥大學,09121014,中醫學系,D 日,D 博士,30,111
1035,中國醫藥大學,09121023,老化醫學博士學位學程,D 日,D 博士,17,111
1035,中國醫藥大學,09121046,中西醫結合研究所,D 日,D 博士,16,111
1035,中國醫藥大學,09121049,癌症生物與藥物研發博士學位學程,D 日,D 博士,6,111
1035,中國醫藥大學,09121059,生醫科技產業博士學位學程,D 日,D 博士,5,111
1035,中國醫藥大學,09121063,轉譯醫學暨新藥開發研究所,D 日,D 博士,15,111
1035,中國醫藥大學,09161015,新藥開發研究所,D 日,D 博士,0,111
1035,中國醫藥大學,09161034,藥學系,D 日,D 博士,22,111
1035,中國醫藥大學,09161039,中國藥學暨中藥資源學系,D 日,D 博士,15,111
1035,中國醫藥大學,09161051,生技製藥產業博士學位學程,D 日,D 博士,3,111
1035,中國醫藥大學,09171013,針灸研究所,D 日,D 博士,12,111
1035,中國醫藥大學,09191026,公共衛生學系,D 日,D 博士,68,111
1035,中國醫藥大學,09199054,健康科技產業博士學位學程,D 日,D 博士,11,111
1035,中國醫藥大學,09199065,健康照護學院健康照護科學博士班,D 日,D 博士,3,111
1037,正修科技大學,07151015,機械工程系機電工程博士班,D 日,D 博士,14,111
1041,明志科技大學,07132021,能源電池科技博士學位學程,D 日,D 博士,30,111
1041,明志科技大學,07193031,創新科技應用於生物醫學暨醫療照護產品研發國際博士學位學程,D 日,D 博士,17,111
1047,中臺科技大學,09141029,醫學影像暨放射科學系博士班,D 日,D 博士,8,111
1048,亞洲大學,02112007,數位媒體設計學系,D 日,D 博士,36,111
1048,亞洲大學,02112058,創新產業博士學位學程,D 日,D 博士,8,111
1048,亞洲大學,04131017,經營管理學系企業經濟與策略博士班,D 日,D 博士,76,111
1048,亞洲大學,04131059,智慧健康先進管理技術博士學位學程,D 日,D 博士,10,111
1048,亞洲大學,04199018,新興產業策略與發展博士學位學程,D 日,D 博士,10,111
1048,亞洲大學,06111057,人工智慧博士學位學程,D 日,D 博士,16,111
1048,亞洲大學,06134037,資訊工程學系,D 日,D 博士,23,111
1048,亞洲大學,07193029,生物資訊與醫學工程學系,D 日,D 博士,18,111
1048,亞洲大學,09191021,健康產業管理學系,D 日,D 博士,33,111
1050,佛光大學,02211010,佛教學系,D 日,D 博士,30,111
1050,佛光大學,02322006,中國文學與應用學系,D 日,D 博士,34,111
1053,元培醫事科技大學,09161045,生技製藥產業博士學位學程,D 日,D 博士,2,111
1058,明道大學,02299043,中華文化與傳播學系,D 日,D 博士,30,111
1081,東方設計大學,02122018,文化創意設計研究所,D 日,D 博士,26,111
1195,馬偕醫學院,05199001,生物醫學研究所,D 日,D 博士,10,111
1196,法鼓文理學院,02211002,佛教學系,D 日,D 博士,20,111
3002,臺北市立大學,01111001,教育學系,D 日,D 博士,96,111
3002,臺北市立大學,01114035,教育行政與評鑑研究所,D 日,D 博士,44,111
3002,臺北市立大學,02322043,中國語文學系,D 日,D 博士,20,111
3002,臺北市立大學,10141053,運動科學研究所,D 日,D 博士,22,111
3002,臺北市立大學,10141054,競技運動訓練研究所,D 日,D 博士,29,111
1,國立政治大學,01111001,教育學系,D 日,D 博士,105,112
1,國立政治大學,02211019,宗教研究所,D 日,D 博士,26,112
1,國立政治大學,02221020,歷史學系,D 日,D 博士,26,112
1,國立政治大學,02221021,台灣史研究所,D 日,D 博士,18,112
1,國立政治大學,02222031,民族學系,D 日,D 博士,17,112
1,國立政治大學,02231022,哲學系,D 日,D 博士,24,112
1,國立政治大學,02311009,英國語文學系,D 日,D 博士,21,112
1,國立政治大學,02321007,台灣文學研究所,D 日,D 博士,10,112
1,國立政治大學,02322008,中國文學系,D 日,D 博士,50,112
1,國立政治大學,02323002,華語文教學博士學位學程,D 日,D 博士,14,112
1,國立政治大學,02399018,語言學研究所,D 日,D 博士,5,112
1,國立政治大學,03111024,經濟學系,D 日,D 博士,7,112
1,國立政治大學,03121026,政治學系,D 日,D 博士,18,112
1,國立政治大學,03122045,外交學系,D 日,D 博士,9,112
1,國立政治大學,03131032,心理學系,D 日,D 博士,10,112
1,國立政治大學,03141030,社會學系,D 日,D 博士,8,112
1,國立政治大學,03143028,東亞研究所,D 日,D 博士,38,112
1,國立政治大學,03143036,日本研究博士學位學程,D 日,D 博士,10,112
1,國立政治大學,03143040,亞太研究英語博士學位學程,D 日,D 博士,80,112
1,國立政治大學,03143043,地政學系,D 日,D 博士,17,112
1,國立政治大學,03191047,國家發展研究所,D 日,D 博士,40,112
1,國立政治大學,03211056,傳播學院博士班,D 日,D 博士,48,112
1,國立政治大學,03214051,新聞學系,D 日,D 博士,1,112
1,國立政治大學,03222054,圖書資訊與檔案學研究所,D 日,D 博士,12,112
1,國立政治大學,04111059,會計學系,D 日,D 博士,4,112
1,國立政治大學,04121065,財務管理學系,D 日,D 博士,12,112
1,國立政治大學,04121068,金融學系,D 日,D 博士,21,112
1,國立政治大學,04122070,財政學系,D 日,D 博士,4,112
1,國立政治大學,04123069,風險管理與保險學系,D 日,D 博士,13,112
1,國立政治大學,04131060,企業管理學系,D 日,D 博士,55,112
1,國立政治大學,04134041,公共行政學系,D 日,D 博士,16,112
1,國立政治大學,04141067,國際經營與貿易學系,D 日,D 博士,6,112
1,國立政治大學,04199072,科技管理與智慧財產研究所,D 日,D 博士,32,112
1,國立政治大學,04212073,法律學系,D 日,D 博士,44,112
1,國立政治大學,05411078,應用數學系,D 日,D 博士,10,112
1,國立政治大學,05421079,統計學系,D 日,D 博士,7,112
1,國立政治大學,06131080,資訊管理學系,D 日,D 博士,38,112
1,國立政治大學,06131081,資訊科學系,D 日,D 博士,11,112
1,國立政治大學,06131082,社群網路與人智計算國際研究生博士學位學程,D 日,D 博士,14,112
1,國立政治大學,09231084,社會工作研究所,D 日,D 博士,20,112
2,國立清華大學,01111084,教育與學習科技學系,D 日,D 博士,65,112
2,國立清華大學,01199112,竹師教育學院博士班,D 日,D 博士,6,112
2,國立清華大學,02221006,歷史研究所,D 日,D 博士,17,112
2,國立清華大學,02222007,人類學研究所,D 日,D 博士,12,112
2,國立清華大學,02231008,哲學研究所,D 日,D 博士,1,112
2,國立清華大學,02321001,台灣文學研究所,D 日,D 博士,23,112
2,國立清華大學,02321101,臺灣語言研究與教學研究所,D 日,D 博士,21,112
2,國立清華大學,02322003,中國文學系,D 日,D 博士,58,112
2,國立清華大學,02399005,語言學研究所,D 日,D 博士,14,112
2,國立清華大學,03111011,經濟學系,D 日,D 博士,11,112
2,國立清華大學,03131077,教育心理與諮商學系,D 日,D 博士,27,112
2,國立清華大學,03141012,社會學研究所,D 日,D 博士,16,112
2,國立清華大學,04121020,計量財務金融學系,D 日,D 博士,3,112
2,國立清華大學,04199017,科技管理研究所,D 日,D 博士,25,112
2,國立清華大學,04199022,服務科學研究所,D 日,D 博士,14,112
2,國立清華大學,04212024,科技法律研究所,D 日,D 博士,17,112
2,國立清華大學,05121026,生物科技研究所,D 日,D 博士,38,112
2,國立清華大學,05121028,分子與細胞生物研究所,D 日,D 博士,26,112
2,國立清華大學,05121029,生技產業博士學位學程,D 日,D 博士,8,112
2,國立清華大學,05121030,生物資訊與結構生物研究所,D 日,D 博士,37,112
2,國立清華大學,05121072,分子醫學研究所,D 日,D 博士,23,112
2,國立清華大學,05199033,系統神經科學研究所,D 日,D 博士,11,112
2,國立清華大學,05211041,環境科技博士學位學程(台灣聯合大學系統),D 日,D 博士,9,112
2,國立清華大學,05211121,分析與環境科學研究所,D 日,D 博士,1,112
2,國立清華大學,05311037,化學系,D 日,D 博士,82,112
2,國立清華大學,05331038,物理學系,D 日,D 博士,82,112
2,國立清華大學,05331137,量子科技暨尖端材料博士學位學程,D 日,D 博士,1,112
2,國立清華大學,05332039,天文研究所,D 日,D 博士,18,112
2,國立清華大學,05399040,先進光源科技博士學位學程,D 日,D 博士,0,112
2,國立清華大學,05411043,數學系,D 日,D 博士,12,112
2,國立清華大學,05421044,統計學研究所,D 日,D 博士,22,112
2,國立清華大學,06131053,資訊工程學系,D 日,D 博士,76,112
2,國立清華大學,06134046,資訊系統與應用研究所,D 日,D 博士,23,112
2,國立清華大學,06134048,社群網路與人智計算國際研究生博士學位學程,D 日,D 博士,13,112
2,國立清華大學,07111057,化學工程學系,D 日,D 博士,82,112
2,國立清華大學,07112058,材料科學工程學系,D 日,D 博士,113,112
2,國立清華大學,07112118,前瞻功能材料產業博士學位學程,D 日,D 博士,15,112
2,國立清華大學,07131068,核子工程與科學研究所,D 日,D 博士,19,112
2,國立清華大學,07141049,電機工程學系,D 日,D 博士,73,112
2,國立清華大學,07141050,電子工程研究所,D 日,D 博士,37,112
2,國立清華大學,07141052,光電工程研究所,D 日,D 博士,25,112
2,國立清華大學,07141054,通訊工程研究所,D 日,D 博士,19,112
2,國立清華大學,07151056,動力機械工程學系,D 日,D 博士,71,112
2,國立清華大學,07191061,工業工程與工程管理學系,D 日,D 博士,41,112
2,國立清華大學,07193063,生醫工程與環境科學系,D 日,D 博士,51,112
2,國立清華大學,07193065,生物醫學工程研究所,D 日,D 博士,8,112
2,國立清華大學,07193132,智慧生醫博士學位學程,D 日,D 博士,3,112
2,國立清華大學,07194059,奈米工程與微系統研究所,D 日,D 博士,43,112
2,國立清華大學,07194066,工程與系統科學系,D 日,D 博士,79,112
2,國立清華大學,09121133,精準醫療博士學位學程,D 日,D 博士,8,112
2,國立清華大學,99999074,跨院國際博士班學位學程,D 日,D 博士,137,112
3,國立臺灣大學,02151002,音樂學研究所,D 日,D 博士,19,112
3,國立臺灣大學,02152003,戲劇學系,D 日,D 博士,7,112
3,國立臺灣大學,02191004,藝術史研究所,D 日,D 博士,13,112
3,國立臺灣大學,02221012,歷史學系,D 日,D 博士,47,112
3,國立臺灣大學,02222013,人類學系,D 日,D 博士,16,112
3,國立臺灣大學,02231014,哲學系,D 日,D 博士,32,112
3,國立臺灣大學,02311007,外國語文學系,D 日,D 博士,15,112
3,國立臺灣大學,02321005,臺灣文學研究所,D 日,D 博士,24,112
3,國立臺灣大學,02322006,中國文學系,D 日,D 博士,41,112
3,國立臺灣大學,02399011,語言學研究所,D 日,D 博士,14,112
3,國立臺灣大學,03111015,經濟學系,D 日,D 博士,21,112
3,國立臺灣大學,03121016,政治學系,D 日,D 博士,39,112
3,國立臺灣大學,03131019,心理學系,D 日,D 博士,35,112
3,國立臺灣大學,03141018,社會學系,D 日,D 博士,15,112
3,國立臺灣大學,03142021,地理環境資源學系,D 日,D 博士,16,112
3,國立臺灣大學,03191023,國家發展研究所,D 日,D 博士,31,112
3,國立臺灣大學,03222025,圖書資訊學系,D 日,D 博士,19,112
3,國立臺灣大學,04111027,會計學系,D 日,D 博士,16,112
3,國立臺灣大學,04121032,財務金融學系,D 日,D 博士,22,112
3,國立臺灣大學,04131026,商學研究所,D 日,D 博士,44,112
3,國立臺灣大學,04131031,國際企業學系,D 日,D 博士,47,112
3,國立臺灣大學,04211035,法律學系,D 日,D 博士,44,112
3,國立臺灣大學,05111038,生命科學系,D 日,D 博士,34,112
3,國立臺灣大學,05111040,植物科學研究所,D 日,D 博士,21,112
3,國立臺灣大學,05111041,昆蟲學系,D 日,D 博士,15,112
3,國立臺灣大學,05121044,生物科技研究所,D 日,D 博士,24,112
3,國立臺灣大學,05121045,生化科學研究所,D 日,D 博士,49,112
3,國立臺灣大學,05121046,分子與細胞生物學研究所,D 日,D 博士,10,112
3,國立臺灣大學,05121047,基因體與系統生物學學位學程,D 日,D 博士,29,112
3,國立臺灣大學,05121151,生化科技學系,D 日,D 博士,36,112
3,國立臺灣大學,05121177,植物生物科技產學研發博士學位學程,D 日,D 博士,4,112
3,國立臺灣大學,05123050,生物化學暨分子生物學研究所,D 日,D 博士,25,112
3,國立臺灣大學,05124155,生物資訊學國際研究生博士學位學程,D 日,D 博士,5,112
3,國立臺灣大學,05199156,跨領域神經科學國際研究生博士學位學程,D 日,D 博士,18,112
3,國立臺灣大學,05212043,生態學與演化生物學研究所,D 日,D 博士,18,112
3,國立臺灣大學,05311051,化學系,D 日,D 博士,124,112
3,國立臺灣大學,05321052,地質科學系,D 日,D 博士,44,112
3,國立臺灣大學,05321053,氣候變遷與永續發展國際博士學位學程,D 日,D 博士,20,112
3,國立臺灣大學,05321166,地球系統科學國際研究生博士學位學程,D 日,D 博士,15,112
3,國立臺灣大學,05322056,大氣科學系,D 日,D 博士,31,112
3,國立臺灣大學,05323057,海洋研究所,D 日,D 博士,18,112
3,國立臺灣大學,05331054,物理學系,D 日,D 博士,116,112
3,國立臺灣大學,05331055,應用物理學研究所,D 日,D 博士,34,112
3,國立臺灣大學,05332058,天文物理研究所,D 日,D 博士,8,112
3,國立臺灣大學,05411059,數學系,D 日,D 博士,16,112
3,國立臺灣大學,06131062,資訊管理學系,D 日,D 博士,19,112
3,國立臺灣大學,06131063,資訊網路與多媒體研究所,D 日,D 博士,44,112
3,國立臺灣大學,06131067,資訊工程學系,D 日,D 博士,115,112
3,國立臺灣大學,06131081,生醫電子與資訊學研究所,D 日,D 博士,71,112
3,國立臺灣大學,06131158,資料科學博士學位學程,D 日,D 博士,19,112
3,國立臺灣大學,06199169,智慧聯網國際研究生博士學位學程,D 日,D 博士,11,112
3,國立臺灣大學,07111076,化學工程學系,D 日,D 博士,85,112
3,國立臺灣大學,07111077,高分子科學與工程學研究所,D 日,D 博士,30,112
3,國立臺灣大學,07111165,永續化學科技國際研究生博士學位學程,D 日,D 博士,18,112
3,國立臺灣大學,07112078,材料科學與工程學系,D 日,D 博士,82,112
3,國立臺灣大學,07112084,綠色永續材料與精密元件博士學位學程,D 日,D 博士,5,112
3,國立臺灣大學,07112154,分子科學與技術國際研究生博士學位學程,D 日,D 博士,32,112
3,國立臺灣大學,07121080,環境工程學研究所,D 日,D 博士,53,112
3,國立臺灣大學,07141064,電機工程學系,D 日,D 博士,89,112
3,國立臺灣大學,07141065,電子工程學研究所,D 日,D 博士,101,112
3,國立臺灣大學,07141066,光電工程學研究所,D 日,D 博士,56,112
3,國立臺灣大學,07141068,電信工程學研究所,D 日,D 博士,107,112
3,國立臺灣大學,07151069,機械工程學系,D 日,D 博士,105,112
3,國立臺灣大學,07151071,應用力學研究所,D 日,D 博士,32,112
3,國立臺灣大學,07151082,工程科學及海洋工程學系,D 日,D 博士,45,112
3,國立臺灣大學,07151161,生物機電工程學系,D 日,D 博士,30,112
3,國立臺灣大學,07191079,工業工程學研究所,D 日,D 博士,17,112
3,國立臺灣大學,07193083,醫學工程學系,D 日,D 博士,96,112
3,國立臺灣大學,07211099,食品科技研究所,D 日,D 博士,29,112
3,國立臺灣大學,07313086,建築與城鄉研究所,D 日,D 博士,21,112
3,國立臺灣大學,07321074,土木工程學系,D 日,D 博士,160,112
3,國立臺灣大學,07321075,生物環境系統工程學系,D 日,D 博士,27,112
3,國立臺灣大學,08111087,農藝學系,D 日,D 博士,12,112
3,國立臺灣大學,08112089,動物科學技術學系,D 日,D 博士,14,112
3,國立臺灣大學,08121091,園藝暨景觀學系,D 日,D 博士,35,112
3,國立臺灣大學,08191100,農業化學系,D 日,D 博士,26,112
3,國立臺灣大學,08193096,農業經濟學系,D 日,D 博士,9,112
3,國立臺灣大學,08193098,生物產業傳播暨發展學系,D 日,D 博士,18,112
3,國立臺灣大學,08194094,植物病理與微生物學系,D 日,D 博士,8,112
3,國立臺灣大學,08211102,森林環境暨資源學系,D 日,D 博士,26,112
3,國立臺灣大學,08311103,漁業科學研究所,D 日,D 博士,24,112
3,國立臺灣大學,08411104,獸醫學系,D 日,D 博士,24,112
3,國立臺灣大學,09111138,臨床牙醫學研究所,D 日,D 博士,19,112
3,國立臺灣大學,09111139,口腔生物科學研究所,D 日,D 博士,13,112
3,國立臺灣大學,09121048,微生物學研究所,D 日,D 博士,16,112
3,國立臺灣大學,09121108,臨床醫學研究所,D 日,D 博士,132,112
3,國立臺灣大學,09121109,分子醫學研究所,D 日,D 博士,15,112
3,國立臺灣大學,09121110,免疫學研究所,D 日,D 博士,11,112
3,國立臺灣大學,09121111,生理學研究所,D 日,D 博士,18,112
3,國立臺灣大學,09121112,病理學研究所,D 日,D 博士,9,112
3,國立臺灣大學,09121114,解剖學暨細胞生物學研究所,D 日,D 博士,21,112
3,國立臺灣大學,09121118,腫瘤醫學研究所,D 日,D 博士,17,112
3,國立臺灣大學,09121119,轉譯醫學博士學位學程,D 日,D 博士,5,112
3,國立臺灣大學,09121120,基因體暨蛋白體醫學研究所,D 日,D 博士,15,112
3,國立臺灣大學,09121130,藥理學研究所,D 日,D 博士,28,112
3,國立臺灣大學,09131134,護理學系,D 日,D 博士,50,112
3,國立臺灣大學,09141136,醫學檢驗暨生物技術學系,D 日,D 博士,16,112
3,國立臺灣大學,09141143,醫療器材與醫學影像研究所,D 日,D 博士,4,112
3,國立臺灣大學,09151132,物理治療學系,D 日,D 博士,18,112
3,國立臺灣大學,09152133,職能治療學系,D 日,D 博士,17,112
3,國立臺灣大學,09161129,藥學系,D 日,D 博士,19,112
3,國立臺灣大學,09161131,臨床藥學研究所,D 日,D 博士,9,112
3,國立臺灣大學,09191126,流行病學與預防醫學研究所,D 日,D 博士,65,112
3,國立臺灣大學,09191127,健康政策與管理研究所,D 日,D 博士,59,112
3,國立臺灣大學,09191162,環境與職業健康科學研究所,D 日,D 博士,41,112
3,國立臺灣大學,09191163,全球衛生博士學位學程,D 日,D 博士,6,112
3,國立臺灣大學,09199141,毒理學研究所,D 日,D 博士,22,112
3,國立臺灣大學,09231144,社會工作學系,D 日,D 博士,23,112
4,國立臺灣師範大學,01111001,教育學系,D 日,D 博士,72,112
4,國立臺灣師範大學,01111088,科學—科技—工程—數學整合教育國際博士學位學程,D 日,D 博士,3,112
4,國立臺灣師範大學,01113018,特殊教育學系,D 日,D 博士,40,112
4,國立臺灣師範大學,01115002,課程與教學研究所,D 日,D 博士,41,112
4,國立臺灣師範大學,01115006,科學教育研究所,D 日,D 博士,28,112
4,國立臺灣師範大學,01116014,資訊教育研究所,D 日,D 博士,20,112
4,國立臺灣師範大學,01131004,公民教育與活動領導學系,D 日,D 博士,47,112
4,國立臺灣師範大學,01131009,社會教育學系,D 日,D 博士,33,112
4,國立臺灣師範大學,01141007,人類發展與家庭學系,D 日,D 博士,0,112
4,國立臺灣師範大學,01141010,工業教育學系,D 日,D 博士,33,112
4,國立臺灣師範大學,01141013,環境教育研究所,D 日,D 博士,0,112
4,國立臺灣師範大學,01141017,健康促進與衛生教育學系,D 日,D 博士,59,112
4,國立臺灣師範大學,01141087,體育與運動科學系,D 日,D 博士,119,112
4,國立臺灣師範大學,01141090,幼兒與家庭科學學系,D 日,D 博士,29,112
4,國立臺灣師範大學,01141091,永續管理與環境教育研究所,D 日,D 博士,20,112
4,國立臺灣師範大學,01199022,科技應用與人力資源發展學系,D 日,D 博士,45,112
4,國立臺灣師範大學,02112037,設計學系,D 日,D 博士,36,112
4,國立臺灣師範大學,02131023,美術學系,D 日,D 博士,98,112
4,國立臺灣師範大學,02151024,音樂學系,D 日,D 博士,32,112
4,國立臺灣師範大學,02221035,歷史學系,D 日,D 博士,17,112
4,國立臺灣師範大學,02311033,英語學系,D 日,D 博士,40,112
4,國立臺灣師範大學,02312034,翻譯研究所,D 日,D 博士,35,112
4,國立臺灣師範大學,02313005,華語文教學系,D 日,D 博士,63,112
4,國立臺灣師範大學,02321028,臺灣語文學系,D 日,D 博士,32,112
4,國立臺灣師範大學,02322029,國文學系,D 日,D 博士,50,112
4,國立臺灣師範大學,03121039,政治學研究所,D 日,D 博士,1,112
4,國立臺灣師範大學,03131003,教育心理與輔導學系,D 日,D 博士,69,112
4,國立臺灣師範大學,03142041,地理學系,D 日,D 博士,25,112
4,國立臺灣師範大學,03143042,東亞學系,D 日,D 博士,22,112
4,國立臺灣師範大學,03222049,圖書資訊學研究所,D 日,D 博士,12,112
4,國立臺灣師範大學,05111056,生命科學系,D 日,D 博士,22,112
4,國立臺灣師範大學,05111057,生物多樣性國際研究生博士學位學程,D 日,D 博士,24,112
4,國立臺灣師範大學,05311059,化學系,D 日,D 博士,27,112
4,國立臺灣師範大學,05321060,地球科學系,D 日,D 博士,18,112
4,國立臺灣師範大學,05331061,物理學系,D 日,D 博士,23,112
4,國立臺灣師範大學,05411062,數學系,D 日,D 博士,15,112
4,國立臺灣師範大學,06131065,資訊工程學系,D 日,D 博士,14,112
4,國立臺灣師範大學,07141063,電機工程學系,D 日,D 博士,15,112
4,國立臺灣師範大學,07141080,光電工程研究所,D 日,D 博士,15,112
4,國立臺灣師範大學,07151068,機電工程學系,D 日,D 博士,13,112
4,國立臺灣師範大學,10152077,運動休閒與餐旅管理研究所,D 日,D 博士,30,112
5,國立成功大學,01111103,教育研究所,D 日,D 博士,28,112
5,國立成功大學,02122112,創意產業設計研究所,D 日,D 博士,43,112
5,國立成功大學,02123113,工業設計學系,D 日,D 博士,76,112
5,國立成功大學,02221110,歷史學系,D 日,D 博士,26,112
5,國立成功大學,02311108,外國語文學系,D 日,D 博士,20,112
5,國立成功大學,02321106,台灣文學系,D 日,D 博士,26,112
5,國立成功大學,02322107,中國文學系,D 日,D 博士,34,112
5,國立成功大學,03121115,政治學系政治經濟學博士班,D 日,D 博士,25,112
5,國立成功大學,03131117,心理學系,D 日,D 博士,8,112
5,國立成功大學,03131129,心智科學原理與應用國際博士學位學程,D 日,D 博士,6,112
5,國立成功大學,04111120,會計學系,D 日,D 博士,10,112
5,國立成功大學,04121126,財務金融研究所,D 日,D 博士,4,112
5,國立成功大學,04131121,企業管理學系,D 日,D 博士,8,112
5,國立成功大學,04131124,國際企業研究所,D 日,D 博士,13,112
5,國立成功大學,04131125,國際經營管理研究所(IMBA),D 日,D 博士,11,112
5,國立成功大學,04131135,高階經營管理博士學位學程,D 日,D 博士,8,112
5,國立成功大學,04199024,海洋科技與事務研究所,D 日,D 博士,15,112
5,國立成功大學,04199057,工業與資訊管理學系,D 日,D 博士,14,112
5,國立成功大學,04212001,法律學系,D 日,D 博士,27,112
5,國立成功大學,05111003,生命科學系,D 日,D 博士,22,112
5,國立成功大學,05121008,生物科技與產業科學系,D 日,D 博士,29,112
5,國立成功大學,05199016,跨領域神經科學國際博士學位學程(跨領域神經科學國際研究生博士學位學程),D 日,D 博士,9,112
5,國立成功大學,05311017,化學系,D 日,D 博士,12,112
5,國立成功大學,05321019,地球科學系,D 日,D 博士,11,112
5,國立成功大學,05331021,物理學系,D 日,D 博士,43,112
5,國立成功大學,05331023,太空與電漿科學研究所,D 日,D 博士,0,112
5,國立成功大學,05411027,數學系,D 日,D 博士,15,112
5,國立成功大學,05421029,統計學系,D 日,D 博士,11,112
5,國立成功大學,06131030,資訊管理研究所,D 日,D 博士,20,112
5,國立成功大學,06131031,多媒體系統與智慧型運算工程博士學位學程,D 日,D 博士,2,112
5,國立成功大學,06131036,資訊工程學系,D 日,D 博士,85,112
5,國立成功大學,06131037,電腦與通信工程研究所,D 日,D 博士,21,112
5,國立成功大學,06131136,智慧運算工程博士學位學程,D 日,D 博士,3,112
5,國立成功大學,07111050,化學工程學系,D 日,D 博士,42,112
5,國立成功大學,07112063,材料科學及工程學系,D 日,D 博士,52,112
5,國立成功大學,07121070,環境工程學系,D 日,D 博士,17,112
5,國立成功大學,07122026,水利及海洋工程學系,D 日,D 博士,27,112
5,國立成功大學,07132052,能源工程國際博士學位學程,D 日,D 博士,11,112
5,國立成功大學,07141032,電機工程學系,D 日,D 博士,113,112
5,國立成功大學,07141033,微電子工程研究所,D 日,D 博士,39,112
5,國立成功大學,07141035,光電科學與工程學系,D 日,D 博士,34,112
5,國立成功大學,07141040,奈米積體電路工程博士學位學程,D 日,D 博士,6,112
5,國立成功大學,07141041,製造資訊與系統研究所,D 日,D 博士,31,112
5,國立成功大學,07141071,工程科學系,D 日,D 博士,46,112
5,國立成功大學,07151042,機械工程學系,D 日,D 博士,49,112
5,國立成功大學,07162043,航空太空工程學系,D 日,D 博士,38,112
5,國立成功大學,07163044,系統及船舶機電工程學系,D 日,D 博士,10,112
5,國立成功大學,07193061,生物醫學工程學系,D 日,D 博士,89,112
5,國立成功大學,07241064,資源工程學系,D 日,D 博士,33,112
5,國立成功大學,07311075,建築學系,D 日,D 博士,50,112
5,國立成功大學,07313076,都市計劃學系,D 日,D 博士,20,112
5,國立成功大學,07321049,土木工程學系,D 日,D 博士,44,112
5,國立成功大學,07322067,測量及空間資訊學系,D 日,D 博士,38,112
5,國立成功大學,08192039,轉譯農業科學博士學位學程,D 日,D 博士,13,112
5,國立成功大學,09121053,基礎醫學研究所,D 日,D 博士,106,112
5,國立成功大學,09121078,臨床醫學研究所,D 日,D 博士,81,112
5,國立成功大學,09131090,護理學系國際博士班,D 日,D 博士,65,112
5,國立成功大學,09159091,健康照護科學研究所,D 日,D 博士,37,112
5,國立成功大學,09161088,臨床藥學與藥物科技研究所,D 日,D 博士,32,112
5,國立成功大學,09191079,公共衛生研究所,D 日,D 博士,37,112
5,國立成功大學,09191085,環境醫學研究所,D 日,D 博士,31,112
5,國立成功大學,10411098,交通管理科學系,D 日,D 博士,12,112
6,國立中興大學,02221007,歷史學系,D 日,D 博士,42,112
6,國立中興大學,02321004,台灣與跨文化研究國際博士學位學程,D 日,D 博士,11,112
6,國立中興大學,02322005,中國文學系,D 日,D 博士,28,112
6,國立中興大學,03111009,應用經濟學系,D 日,D 博士,25,112
6,國立中興大學,03122010,國際政治研究所,D 日,D 博士,29,112
6,國立中興大學,04121019,財務金融學系,D 日,D 博士,17,112
6,國立中興大學,04131016,企業管理學系,D 日,D 博士,38,112
6,國立中興大學,04199021,科技管理研究所,D 日,D 博士,50,112
6,國立中興大學,05111026,生命科學系,D 日,D 博士,38,112
6,國立中興大學,05111029,昆蟲學系,D 日,D 博士,20,112
6,國立中興大學,05121027,生物科技學研究所,D 日,D 博士,15,112
6,國立中興大學,05121033,分子生物學研究所,D 日,D 博士,7,112
6,國立中興大學,05121035,生物醫學研究所,D 日,D 博士,26,112
6,國立中興大學,05121117,分子與生物農業科學國際研究生博士學位學程,D 日,D 博士,44,112
6,國立中興大學,05121118,生技產業創新研發與管理博士學位學程,D 日,D 博士,3,112
6,國立中興大學,05123034,生物化學研究所,D 日,D 博士,9,112
6,國立中興大學,05124038,微生物基因體學博士學位學程,D 日,D 博士,21,112
6,國立中興大學,05292082,水土保持學系,D 日,D 博士,28,112
6,國立中興大學,05311039,化學系,D 日,D 博士,11,112
6,國立中興大學,05331040,物理學系,D 日,D 博士,12,112
6,國立中興大學,05411041,應用數學系,D 日,D 博士,16,112
6,國立中興大學,06131101,大數據產學研發博士學位學程,D 日,D 博士,9,112
6,國立中興大學,06131108,資訊工程學系,D 日,D 博士,31,112
6,國立中興大學,07111055,化學工程學系,D 日,D 博士,6,112
6,國立中興大學,07112057,材料科學與工程學系,D 日,D 博士,31,112
6,國立中興大學,07121059,環境工程學系,D 日,D 博士,20,112
6,國立中興大學,07141045,電機工程學系,D 日,D 博士,35,112
6,國立中興大學,07151050,機械工程學系,D 日,D 博士,20,112
6,國立中興大學,07151051,精密工程研究所,D 日,D 博士,12,112
6,國立中興大學,07151052,生物產業機電工程學系,D 日,D 博士,15,112
6,國立中興大學,07193060,生醫工程研究所,D 日,D 博士,10,112
6,國立中興大學,07211081,食品暨應用生物科技學系,D 日,D 博士,18,112
6,國立中興大學,07321054,土木工程學系,D 日,D 博士,21,112
6,國立中興大學,08111063,農藝學系,D 日,D 博士,11,112
6,國立中興大學,08111064,國際農學博士學位學程,D 日,D 博士,19,112
6,國立中興大學,08112066,動物科學系,D 日,D 博士,29,112
6,國立中興大學,08121067,園藝學系,D 日,D 博士,31,112
6,國立中興大學,08191083,土壤環境科學系,D 日,D 博士,14,112
6,國立中興大學,08194068,植物病理學系,D 日,D 博士,12,112
6,國立中興大學,08211086,森林學系,D 日,D 博士,29,112
6,國立中興大學,08411087,獸醫學系,D 日,D 博士,31,112
6,國立中興大學,08411089,獸醫病理生物學研究所,D 日,D 博士,10,112
6,國立中興大學,08411092,微生物暨公共衛生學研究所,D 日,D 博士,8,112
6,國立中興大學,09121093,轉譯醫學博士學位學程,D 日,D 博士,40,112
6,國立中興大學,09141094,醫學生物科技博士學位學程,D 日,D 博士,21,112
6,國立中興大學,09199096,組織工程與再生醫學博士學位學程,D 日,D 博士,27,112
7,國立陽明交通大學,01111001,教育研究所,D 日,D 博士,38,112
7,國立陽明交通大學,02122004,應用藝術研究所,D 日,D 博士,34,112
7,國立陽明交通大學,02222095,客家文化學院博士班,D 日,D 博士,9,112
7,國立陽明交通大學,02299010,社會與文化研究所,D 日,D 博士,47,112
7,國立陽明交通大學,04121020,資訊管理與財務金融學系財務金融博士班,D 日,D 博士,31,112
7,國立陽明交通大學,04131017,經營管理研究所,D 日,D 博士,29,112
7,國立陽明交通大學,04131018,管理科學系,D 日,D 博士,30,112
7,國立陽明交通大學,04199023,科技管理研究所,D 日,D 博士,20,112
7,國立陽明交通大學,04212027,科技法律研究所,D 日,D 博士,22,112
7,國立陽明交通大學,05121028,生物科技學系,D 日,D 博士,50,112
7,國立陽明交通大學,05121030,分子醫學與生物工程研究所,D 日,D 博士,18,112
7,國立陽明交通大學,05121094,生物科技學院產業博士班,D 日,D 博士,15,112
7,國立陽明交通大學,05121112,生命科學系暨基因體科學研究所,D 日,D 博士,14,112
7,國立陽明交通大學,05121165,生技醫療產業博士學位學程,D 日,D 博士,18,112
7,國立陽明交通大學,05122114,微生物及免疫學研究所,D 日,D 博士,24,112
7,國立陽明交通大學,05123116,生化暨分子生物研究所,D 日,D 博士,21,112
7,國立陽明交通大學,05124034,生物資訊及系統生物研究所,D 日,D 博士,23,112
7,國立陽明交通大學,05124117,生物醫學資訊研究所,D 日,D 博士,33,112
7,國立陽明交通大學,05199035,跨領域神經科學國際研究生博士學位學程,D 日,D 博士,22,112
7,國立陽明交通大學,05211043,環境科技博士學位學程(台灣聯合大學系統),D 日,D 博士,7,112
7,國立陽明交通大學,05311036,應用化學系,D 日,D 博士,63,112
7,國立陽明交通大學,05311039,永續化學科技國際研究生博士學位學程,D 日,D 博士,32,112
7,國立陽明交通大學,05331040,物理研究所,D 日,D 博士,12,112
7,國立陽明交通大學,05331041,電子物理學系,D 日,D 博士,83,112
7,國立陽明交通大學,05399042,加速器光源科技與應用博士學位學程,D 日,D 博士,0,112
7,國立陽明交通大學,05411045,應用數學系,D 日,D 博士,18,112
7,國立陽明交通大學,05421047,統計學研究所,D 日,D 博士,8,112
7,國立陽明交通大學,06121048,網路與資訊系統博士學位學程,D 日,D 博士,1,112
7,國立陽明交通大學,06131022,資訊管理研究所,D 日,D 博士,26,112
7,國立陽明交通大學,06131061,資訊科學與工程研究所,D 日,D 博士,140,112
7,國立陽明交通大學,06131069,資訊學院博士班,D 日,D 博士,2,112
7,國立陽明交通大學,06131106,智慧科學暨綠能學院博士班,D 日,D 博士,11,112
7,國立陽明交通大學,07112072,材料科學與工程學系,D 日,D 博士,121,112
7,國立陽明交通大學,07121076,環境工程研究所,D 日,D 博士,19,112
7,國立陽明交通大學,07141050,電機工程學系,D 日,D 博士,63,112
7,國立陽明交通大學,07141053,電子研究所,D 日,D 博士,112,112
7,國立陽明交通大學,07141054,光電博士學位學程(台灣聯合大學系統),D 日,D 博士,12,112
7,國立陽明交通大學,07141055,光電工程學系,D 日,D 博士,59,112
7,國立陽明交通大學,07141062,電信工程研究所,D 日,D 博士,39,112
7,國立陽明交通大學,07141064,電控工程研究所,D 日,D 博士,44,112
7,國立陽明交通大學,07141066,國際半導體產業學院博士班,D 日,D 博士,84,112
7,國立陽明交通大學,07141067,電機學院博士班,D 日,D 博士,43,112
7,國立陽明交通大學,07141068,電機資訊國際博士學位學程,D 日,D 博士,66,112
7,國立陽明交通大學,07141101,光電學院博士班,D 日,D 博士,30,112
7,國立陽明交通大學,07151070,機械工程學系,D 日,D 博士,72,112
7,國立陽明交通大學,07191075,工業工程與管理學系,D 日,D 博士,28,112
7,國立陽明交通大學,07193080,生醫科學與工程博士學位學程,D 日,D 博士,13,112
7,國立陽明交通大學,07193120,生醫光電研究所,D 日,D 博士,20,112
7,國立陽明交通大學,07193122,生物醫學工程學系,D 日,D 博士,53,112
7,國立陽明交通大學,07321071,土木工程學系,D 日,D 博士,56,112
7,國立陽明交通大學,09111160,牙醫學系,D 日,D 博士,16,112
7,國立陽明交通大學,09111162,口腔生物研究所,D 日,D 博士,13,112
7,國立陽明交通大學,09121126,臨床醫學研究所,D 日,D 博士,128,112
7,國立陽明交通大學,09121128,分子醫學博士學位學程,D 日,D 博士,102,112
7,國立陽明交通大學,09121129,生理學研究所,D 日,D 博士,8,112
7,國立陽明交通大學,09121130,神經科學研究所,D 日,D 博士,27,112
7,國立陽明交通大學,09121133,急重症醫學研究所,D 日,D 博士,29,112
7,國立陽明交通大學,09121134,腦科學研究所,D 日,D 博士,52,112
7,國立陽明交通大學,09121136,轉譯醫學博士學位學程,D 日,D 博士,9,112
7,國立陽明交通大學,09121144,藥理學研究所,D 日,D 博士,25,112
7,國立陽明交通大學,09121171,跨領域醫學博士學位學程,D 日,D 博士,7,112
7,國立陽明交通大學,09131149,護理學系,D 日,D 博士,62,112
7,國立陽明交通大學,09131150,臨床護理研究所,D 日,D 博士,18,112
7,國立陽明交通大學,09141158,醫學生物技術暨檢驗學系,D 日,D 博士,11,112
7,國立陽明交通大學,09141159,生物醫學影像暨放射科學系,D 日,D 博士,40,112
7,國立陽明交通大學,09141166,生物醫學暨工程科技產業博士學位學程,D 日,D 博士,8,112
7,國立陽明交通大學,09151148,物理治療暨輔助科技學系,D 日,D 博士,25,112
7,國立陽明交通大學,09161145,生物藥學研究所,D 日,D 博士,12,112
7,國立陽明交通大學,09161176,醫藥品法規科學博士學位學程,D 日,D 博士,2,112
7,國立陽明交通大學,09171143,傳統醫藥研究所,D 日,D 博士,41,112
7,國立陽明交通大學,09191137,公共衛生研究所,D 日,D 博士,79,112
7,國立陽明交通大學,09191138,衛生福利研究所,D 日,D 博士,20,112
7,國立陽明交通大學,09191140,環境與職業衛生研究所,D 日,D 博士,11,112
7,國立陽明交通大學,10411086,運輸與物流管理學系,D 日,D 博士,24,112
8,國立中央大學,01115001,學習與教學研究所,D 日,D 博士,27,112
8,國立中央大學,02231011,哲學研究所,D 日,D 博士,30,112
8,國立中央大學,02322006,中國文學系,D 日,D 博士,23,112
8,國立中央大學,03111013,經濟學系,D 日,D 博士,3,112
8,國立中央大學,03111014,產業經濟研究所,D 日,D 博士,2,112
8,國立中央大學,03131017,認知神經科學研究所,D 日,D 博士,12,112
8,國立中央大學,03131034,跨領域神經科學國際研究生博士學位學程,D 日,D 博士,6,112
8,國立中央大學,03199020,客家語文暨社會科學學系客家研究博士班,D 日,D 博士,22,112
8,國立中央大學,04121024,財務金融學系,D 日,D 博士,8,112
8,國立中央大學,04131023,企業管理學系,D 日,D 博士,80,112
8,國立中央大學,04199027,人力資源管理研究所,D 日,D 博士,4,112
8,國立中央大學,05121031,生命科學系,D 日,D 博士,20,112
8,國立中央大學,05211049,環境科技博士學位學程（台灣聯合大學系統）,D 日,D 博士,14,112
8,國立中央大學,05311035,化學學系,D 日,D 博士,7,112
8,國立中央大學,05321036,地球科學學系地球物理博士班,D 日,D 博士,21,112
8,國立中央大學,05321037,應用地質研究所,D 日,D 博士,26,112
8,國立中央大學,05321041,地球系統科學國際研究生博士學位學程,D 日,D 博士,32,112
8,國立中央大學,05322044,大氣科學學系大氣物理博士班,D 日,D 博士,22,112
8,國立中央大學,05322079,太空科學與工程學系,D 日,D 博士,20,112
8,國立中央大學,05323039,水文與海洋科學研究所,D 日,D 博士,13,112
8,國立中央大學,05331042,物理學系,D 日,D 博士,54,112
8,國立中央大學,05332045,天文研究所,D 日,D 博士,10,112
8,國立中央大學,05411051,數學系,D 日,D 博士,8,112
8,國立中央大學,05421052,統計研究所,D 日,D 博士,6,112
8,國立中央大學,06131053,資訊管理學系,D 日,D 博士,16,112
8,國立中央大學,06131059,資訊工程學系,D 日,D 博士,78,112
8,國立中央大學,06132002,網路學習科技研究所,D 日,D 博士,29,112
8,國立中央大學,07111069,化學工程與材料工程學系,D 日,D 博士,25,112
8,國立中央大學,07112070,材料科學與工程研究所,D 日,D 博士,14,112
8,國立中央大學,07121072,環境工程研究所,D 日,D 博士,17,112
8,國立中央大學,07132066,能源工程研究所,D 日,D 博士,5,112
8,國立中央大學,07141055,電機工程學系,D 日,D 博士,45,112
8,國立中央大學,07141056,光電博士學位學程(台灣聯合大學系統),D 日,D 博士,1,112
8,國立中央大學,07141057,光電科學與工程學系,D 日,D 博士,33,112
8,國立中央大學,07141060,通訊工程學系,D 日,D 博士,12,112
8,國立中央大學,07151064,機械工程學系,D 日,D 博士,65,112
8,國立中央大學,07191026,工業管理研究所,D 日,D 博士,6,112
8,國立中央大學,07193074,生醫科學與工程學系生物醫學工程博士班,D 日,D 博士,52,112
8,國立中央大學,07321067,土木工程學系,D 日,D 博士,69,112
9,國立中山大學,01111001,教育研究所,D 日,D 博士,56,112
9,國立中山大學,01111072,教育與人類發展研究全英語博士學位學程,D 日,D 博士,15,112
9,國立中山大學,02311006,外國語文學系,D 日,D 博士,10,112
9,國立中山大學,02322005,中國文學系,D 日,D 博士,23,112
9,國立中山大學,03121011,政治學研究所,D 日,D 博士,19,112
9,國立中山大學,03143016,中國與亞太區域研究所,D 日,D 博士,61,112
9,國立中山大學,04121024,財務管理學系,D 日,D 博士,22,112
9,國立中山大學,04131021,企業管理學系,D 日,D 博士,94,112
9,國立中山大學,04131028,人力資源管理研究所,D 日,D 博士,34,112
9,國立中山大學,04134017,公共事務管理研究所,D 日,D 博士,23,112
9,國立中山大學,05111033,生物科學系,D 日,D 博士,19,112
9,國立中山大學,05121035,生物醫學研究所,D 日,D 博士,52,112
9,國立中山大學,05121044,海洋生物科技暨資源學系,D 日,D 博士,31,112
9,國立中山大學,05211079,海洋科學與科技全英語博士學位學程,D 日,D 博士,9,112
9,國立中山大學,05311037,化學系,D 日,D 博士,23,112
9,國立中山大學,05323043,海洋生物科技博士學位學程,D 日,D 博士,7,112
9,國立中山大學,05323047,海洋科學系,D 日,D 博士,13,112
9,國立中山大學,05331038,物理學系,D 日,D 博士,40,112
9,國立中山大學,05399070,理學國際博士學位學程,D 日,D 博士,19,112
9,國立中山大學,05411051,應用數學系,D 日,D 博士,5,112
9,國立中山大學,06111055,資訊工程學系,D 日,D 博士,26,112
9,國立中山大學,06131052,資訊管理學系,D 日,D 博士,23,112
9,國立中山大學,07112063,材料與光電科學學系,D 日,D 博士,37,112
9,國立中山大學,07121064,環境工程研究所,D 日,D 博士,34,112
9,國立中山大學,07122065,海洋環境及工程學系,D 日,D 博士,23,112
9,國立中山大學,07141053,電機工程學系,D 日,D 博士,25,112
9,國立中山大學,07141054,光電工程學系,D 日,D 博士,22,112
9,國立中山大學,07141057,通訊工程研究所,D 日,D 博士,14,112
9,國立中山大學,07151061,機械與機電工程學系,D 日,D 博士,26,112
9,國立中山大學,07193067,醫學科技研究所,D 日,D 博士,21,112
9,國立中山大學,09121082,臨床醫學科學博士學位學程,D 日,D 博士,13,112
12,國立臺灣海洋大學,04212009,海洋法律研究所,D 日,D 博士,25,112
12,國立臺灣海洋大學,05121014,生命科學暨生物科技學系,D 日,D 博士,11,112
12,國立臺灣海洋大學,05121018,海洋生物科技博士學位學程,D 日,D 博士,7,112
12,國立臺灣海洋大學,05321057,地球科學研究所,D 日,D 博士,6,112
12,國立臺灣海洋大學,05323017,海洋生物研究所,D 日,D 博士,19,112
12,國立臺灣海洋大學,05323020,海洋環境資訊系,D 日,D 博士,8,112
12,國立臺灣海洋大學,05323023,海洋資源與環境變遷博士學位學程,D 日,D 博士,10,112
12,國立臺灣海洋大學,06131028,資訊工程學系,D 日,D 博士,7,112
12,國立臺灣海洋大學,07122040,河海工程學系,D 日,D 博士,36,112
12,國立臺灣海洋大學,07122041,海洋工程科技博士學位學程,D 日,D 博士,5,112
12,國立臺灣海洋大學,07141025,電機工程學系,D 日,D 博士,21,112
12,國立臺灣海洋大學,07141027,光電與材料科技學系,D 日,D 博士,3,112
12,國立臺灣海洋大學,07151036,機械與機電工程學系,D 日,D 博士,6,112
12,國立臺灣海洋大學,07163033,系統工程暨造船學系,D 日,D 博士,8,112
12,國立臺灣海洋大學,07163035,輪機工程學系,D 日,D 博士,29,112
12,國立臺灣海洋大學,07211042,食品科學系,D 日,D 博士,23,112
12,國立臺灣海洋大學,08311045,環境生物與漁業科學學系,D 日,D 博士,26,112
12,國立臺灣海洋大學,08312046,水產養殖學系,D 日,D 博士,36,112
12,國立臺灣海洋大學,10412048,航運管理學系,D 日,D 博士,41,112
13,國立中正大學,01111001,教育學研究所課程博士班,D 日,D 博士,61,112
13,國立中正大學,01112005,成人及繼續教育學系,D 日,D 博士,43,112
13,國立中正大學,01114007,教育領導與管理發展國際博士學位學程,D 日,D 博士,9,112
13,國立中正大學,02221015,歷史學系,D 日,D 博士,22,112
13,國立中正大學,02231016,哲學系,D 日,D 博士,6,112
13,國立中正大學,02322011,中國文學系,D 日,D 博士,29,112
13,國立中正大學,02399014,語言學研究所,D 日,D 博士,14,112
13,國立中正大學,03111017,經濟學系國際經濟學博士班,D 日,D 博士,3,112
13,國立中正大學,03131019,心理學系,D 日,D 博士,12,112
13,國立中正大學,03199022,認知科學博士學位學程,D 日,D 博士,5,112
13,國立中正大學,03199026,犯罪防治學系,D 日,D 博士,40,112
13,國立中正大學,04111032,會計與資訊科技學系,D 日,D 博士,12,112
13,國立中正大學,04121034,財務金融學系,D 日,D 博士,7,112
13,國立中正大學,04131033,企業管理學系,D 日,D 博士,41,112
13,國立中正大學,04211039,法律學系,D 日,D 博士,53,112
13,國立中正大學,05121075,生物醫學科學系分子生物博士班,D 日,D 博士,18,112
13,國立中正大學,05311045,化學暨生物化學系,D 日,D 博士,7,112
13,國立中正大學,05321047,地球與環境科學系地震學暨地球與環境科學博士班,D 日,D 博士,7,112
13,國立中正大學,05331067,物理學系,D 日,D 博士,10,112
13,國立中正大學,05399078,跨領域科學國際博士學位學程,D 日,D 博士,12,112
13,國立中正大學,05411049,數學系數學科學博士班,D 日,D 博士,1,112
13,國立中正大學,06131053,資訊管理學系,D 日,D 博士,18,112
13,國立中正大學,06131055,資訊工程學系,D 日,D 博士,16,112
13,國立中正大學,07111061,化學工程學系,D 日,D 博士,4,112
13,國立中正大學,07141054,電機工程學系,D 日,D 博士,21,112
13,國立中正大學,07141056,通訊工程學系,D 日,D 博士,3,112
13,國立中正大學,07151058,機械工程學系,D 日,D 博士,38,112
13,國立中正大學,07151071,前瞻製造系統博士學位學程,D 日,D 博士,5,112
13,國立中正大學,07199076,環境智能及智慧系統博士學位學程,D 日,D 博士,3,112
13,國立中正大學,09231063,社會福利學系,D 日,D 博士,17,112
14,國立高雄師範大學,01111001,教育學系,D 日,D 博士,79,112
14,國立高雄師範大學,01112009,成人教育研究所,D 日,D 博士,59,112
14,國立高雄師範大學,01113010,特殊教育學系特殊教育博士班,D 日,D 博士,27,112
14,國立高雄師範大學,01141003,工業科技教育學系,D 日,D 博士,40,112
14,國立高雄師範大學,01141006,科學教育暨環境教育研究所科學教育博士班,D 日,D 博士,43,112
14,國立高雄師範大學,01199011,性別教育博士學位學程,D 日,D 博士,20,112
14,國立高雄師範大學,02311021,英語學系,D 日,D 博士,25,112
14,國立高雄師範大學,02313002,華語文教學博士學位學程,D 日,D 博士,9,112
14,國立高雄師範大學,02322019,國文學系,D 日,D 博士,45,112
14,國立高雄師範大學,03131026,諮商心理與復健諮商研究所諮商心理博士班,D 日,D 博士,34,112
14,國立高雄師範大學,03142030,地理學系,D 日,D 博士,29,112
14,國立高雄師範大學,05331037,物理學系,D 日,D 博士,12,112
15,國立彰化師範大學,01111002,教育研究所,D 日,D 博士,33,112
15,國立彰化師範大學,01113012,特殊教育學系,D 日,D 博士,25,112
15,國立彰化師範大學,01131004,科學教育研究所,D 日,D 博士,25,112
15,國立彰化師範大學,02311020,英語學系,D 日,D 博士,14,112
15,國立彰化師範大學,02322019,國文學系,D 日,D 博士,24,112
15,國立彰化師範大學,03131025,輔導與諮商學系,D 日,D 博士,43,112
15,國立彰化師範大學,03142027,地理學系地理暨環境資源博士班,D 日,D 博士,10,112
15,國立彰化師範大學,04121031,財務金融技術學系,D 日,D 博士,78,112
15,國立彰化師範大學,04131033,人力資源管理研究所,D 日,D 博士,27,112
15,國立彰化師範大學,05331037,物理學系,D 日,D 博士,17,112
15,國立彰化師範大學,05411038,數學系,D 日,D 博士,8,112
15,國立彰化師範大學,07141042,電機工程學系,D 日,D 博士,16,112
15,國立彰化師範大學,07141046,光電科技研究所,D 日,D 博士,17,112
15,國立彰化師範大學,07141054,機電工程學系,D 日,D 博士,18,112
15,國立彰化師範大學,07199007,工業教育與技術學系,D 日,D 博士,120,112
17,國立臺北大學,03111009,經濟學系,D 日,D 博士,2,112
17,國立臺北大學,04111017,會計學系,D 日,D 博士,12,112
17,國立臺北大學,04131018,企業管理學系,D 日,D 博士,77,112
17,國立臺北大學,04134013,公共行政暨政策學系,D 日,D 博士,12,112
17,國立臺北大學,04134024,不動產與城鄉環境學系,D 日,D 博士,17,112
17,國立臺北大學,04211028,法律學系,D 日,D 博士,33,112
17,國立臺北大學,05211043,自然資源與環境管理研究所,D 日,D 博士,16,112
17,國立臺北大學,06131038,電機資訊學院博士班,D 日,D 博士,16,112
17,國立臺北大學,07313039,都市計劃研究所,D 日,D 博士,10,112
18,國立嘉義大學,01111001,教育學系,D 日,D 博士,58,112
18,國立嘉義大學,04131038,企業管理學系,D 日,D 博士,31,112
18,國立嘉義大學,05311059,應用化學系,D 日,D 博士,7,112
18,國立嘉義大學,06131066,資訊工程學系,D 日,D 博士,3,112
18,國立嘉義大學,07211088,食品科學系,D 日,D 博士,27,112
18,國立嘉義大學,08111077,農業科學博士學位學程,D 日,D 博士,38,112
18,國立嘉義大學,10151044,行銷與觀光管理學系觀光休閒管理博士班,D 日,D 博士,20,112
19,國立高雄大學,04211018,法學院博士班,D 日,D 博士,17,112
19,國立高雄大學,05411024,應用數學系,D 日,D 博士,5,112
19,國立高雄大學,07141027,電機工程學系,D 日,D 博士,9,112
20,國立東華大學,01111001,教育與潛能開發學系教育博士班,D 日,D 博士,152,112
20,國立東華大學,02222042,族群關係與文化學系,D 日,D 博士,24,112
20,國立東華大學,02222114,原住民民族學院原住民族研究國際博士班,D 日,D 博士,2,112
20,國立東華大學,02322025,中國語文學系,D 日,D 博士,34,112
20,國立東華大學,02323110,人文社會科學學院華語文教學國際博士班,D 日,D 博士,6,112
20,國立東華大學,03111034,經濟學系,D 日,D 博士,8,112
20,國立東華大學,03191111,人文社會科學學院亞太區域研究博士班,D 日,D 博士,27,112
20,國立東華大學,04131059,企業管理學系,D 日,D 博士,47,112
20,國立東華大學,05121069,生命科學系生物技術博士班,D 日,D 博士,7,112
20,國立東華大學,05211094,自然資源與環境學系,D 日,D 博士,30,112
20,國立東華大學,05311071,化學系,D 日,D 博士,12,112
20,國立東華大學,05323078,海洋生物研究所,D 日,D 博士,4,112
20,國立東華大學,05331072,物理學系應用物理博士班,D 日,D 博士,26,112
20,國立東華大學,05411074,應用數學系,D 日,D 博士,5,112
20,國立東華大學,06131086,資訊工程學系,D 日,D 博士,13,112
20,國立東華大學,07112090,材料科學與工程學系,D 日,D 博士,7,112
20,國立東華大學,07141083,電機工程學系,D 日,D 博士,8,112
21,國立暨南國際大學,01111001,國際文教與比較教育學系,D 日,D 博士,33,112
21,國立暨南國際大學,01111002,國際文教管理人才博士學位學程,D 日,D 博士,1,112
21,國立暨南國際大學,01114010,教育政策與行政學系,D 日,D 博士,74,112
21,國立暨南國際大學,02221015,歷史學系,D 日,D 博士,8,112
21,國立暨南國際大學,02322013,中國語文學系,D 日,D 博士,8,112
21,國立暨南國際大學,03131004,諮商心理與人力資源發展學系輔導與諮商博士班,D 日,D 博士,13,112
21,國立暨南國際大學,03143019,東南亞學系,D 日,D 博士,19,112
21,國立暨南國際大學,04131026,新興產業策略與發展博士學位學程,D 日,D 博士,86,112
21,國立暨南國際大學,04134020,公共行政與政策學系,D 日,D 博士,13,112
21,國立暨南國際大學,05211057,智慧精準農業產學研發博士學位學程,D 日,D 博士,1,112
21,國立暨南國際大學,05311027,應用化學系,D 日,D 博士,7,112
21,國立暨南國際大學,06131034,資訊工程學系,D 日,D 博士,11,112
21,國立暨南國際大學,07141031,電機工程學系,D 日,D 博士,6,112
21,國立暨南國際大學,07321035,土木工程學系,D 日,D 博士,23,112
21,國立暨南國際大學,09231038,社會政策與社會工作學系,D 日,D 博士,43,112
22,國立臺灣科技大學,01116002,數位學習與教育研究所,D 日,D 博士,51,112
22,國立臺灣科技大學,02122004,設計系博士班,D 日,D 博士,44,112
22,國立臺灣科技大學,04121010,財務金融研究所,D 日,D 博士,9,112
22,國立臺灣科技大學,04131008,企業管理系博士班,D 日,D 博士,57,112
22,國立臺灣科技大學,04191009,管理研究所,D 日,D 博士,42,112
22,國立臺灣科技大學,05399015,應用科技研究所,D 日,D 博士,161,112
22,國立臺灣科技大學,06131016,資訊管理系博士班,D 日,D 博士,47,112
22,國立臺灣科技大學,06131020,資訊工程系博士班,D 日,D 博士,49,112
22,國立臺灣科技大學,06132043,人工智慧跨域科技研究所,D 日,D 博士,6,112
22,國立臺灣科技大學,07111026,化學工程系博士班,D 日,D 博士,65,112
22,國立臺灣科技大學,07112028,材料科學與工程系博士班,D 日,D 博士,89,112
22,國立臺灣科技大學,07132044,能源永續科技研究所,D 日,D 博士,10,112
22,國立臺灣科技大學,07141017,電機工程系博士班,D 日,D 博士,72,112
22,國立臺灣科技大學,07141018,電子工程系博士班,D 日,D 博士,87,112
22,國立臺灣科技大學,07141019,光電工程研究所,D 日,D 博士,11,112
22,國立臺灣科技大學,07151023,機械工程系博士班,D 日,D 博士,90,112
22,國立臺灣科技大學,07151024,自動化及控制研究所,D 日,D 博士,16,112
22,國立臺灣科技大學,07191012,工業管理系博士班,D 日,D 博士,63,112
22,國立臺灣科技大學,07191042,智慧製造科技研究所,D 日,D 博士,9,112
22,國立臺灣科技大學,07311038,建築系博士班,D 日,D 博士,47,112
22,國立臺灣科技大學,07321025,營建工程系博士班,D 日,D 博士,59,112
23,國立雲林科技大學,01118001,技術及職業教育研究所,D 日,D 博士,67,112
23,國立雲林科技大學,02122007,設計學研究所,D 日,D 博士,104,112
23,國立雲林科技大學,04111018,會計系博士班,D 日,D 博士,9,112
23,國立雲林科技大學,04121024,財務金融系博士班,D 日,D 博士,27,112
23,國立雲林科技大學,04131019,企業管理系博士班,D 日,D 博士,71,112
23,國立雲林科技大學,04131057,產業經營專業博士學位學程,D 日,D 博士,17,112
23,國立雲林科技大學,06131032,資訊管理系博士班,D 日,D 博士,19,112
23,國立雲林科技大學,07111045,化學工程與材料工程系博士班,D 日,D 博士,6,112
23,國立雲林科技大學,07121049,環境與安全衛生工程系博士班,D 日,D 博士,7,112
23,國立雲林科技大學,07141034,電子工程系博士班,D 日,D 博士,7,112
23,國立雲林科技大學,07151041,機械工程系博士班,D 日,D 博士,21,112
23,國立雲林科技大學,07191048,工業工程與管理系博士班,D 日,D 博士,9,112
23,國立雲林科技大學,07194050,工程科技研究所,D 日,D 博士,61,112
24,國立屏東科技大學,05121016,農學院生物資源博士班,D 日,D 博士,29,112
24,國立屏東科技大學,05121050,動物用疫苗國際學位專班,D 日,D 博士,17,112
24,國立屏東科技大學,07121025,環境工程與科學系博士班,D 日,D 博士,18,112
24,國立屏東科技大學,07211037,食品科學系博士班,D 日,D 博士,23,112
24,國立屏東科技大學,07321021,土木工程系博士班,D 日,D 博士,20,112
24,國立屏東科技大學,08111029,農園生產系博士班,D 日,D 博士,20,112
24,國立屏東科技大學,08199030,熱帶農業暨國際合作系博士班,D 日,D 博士,84,112
24,國立屏東科技大學,08312046,水產養殖系博士班,D 日,D 博士,12,112
24,國立屏東科技大學,08312068,觀賞魚科技及水生動物健康國際學位專班,D 日,D 博士,11,112
24,國立屏東科技大學,08411048,獸醫學系博士班,D 日,D 博士,11,112
25,國立臺北科技大學,01118001,技術及職業教育研究所,D 日,D 博士,56,112
25,國立臺北科技大學,02122003,設計學院設計博士班,D 日,D 博士,79,112
25,國立臺北科技大學,04131020,管理學院管理博士班,D 日,D 博士,104,112
25,國立臺北科技大學,06131034,資訊工程系博士班,D 日,D 博士,17,112
25,國立臺北科技大學,06131079,資訊安全學位學程,D 日,D 博士,7,112
25,國立臺北科技大學,06199077,人工智慧科技學位學程,D 日,D 博士,6,112
25,國立臺北科技大學,07111047,工程學院_能源與光電材料外國學生專班,D 日,D 博士,13,112
25,國立臺北科技大學,07111048,化學工程與生物科技系博士班,D 日,D 博士,38,112
25,國立臺北科技大學,07111053,分子科學與工程系有機高分子博士班,D 日,D 博士,29,112
25,國立臺北科技大學,07112057,材料科學與工程研究所,D 日,D 博士,22,112
25,國立臺北科技大學,07112059,資源工程研究所,D 日,D 博士,12,112
25,國立臺北科技大學,07112067,工程學院_能源與光電材料外國學生專班,D 日,D 博士,33,112
25,國立臺北科技大學,07121063,環境工程與管理研究所,D 日,D 博士,12,112
25,國立臺北科技大學,07132068,能源與冷凍空調工程系博士班,D 日,D 博士,26,112
25,國立臺北科技大學,07141025,電機工程系博士班,D 日,D 博士,51,112
25,國立臺北科技大學,07141028,電子工程系博士班,D 日,D 博士,44,112
25,國立臺北科技大學,07141032,光電工程系博士班,D 日,D 博士,15,112
25,國立臺北科技大學,07141036,電資學院_外國學生專班,D 日,D 博士,20,112
25,國立臺北科技大學,07151038,機電學院_機電科技外國學生專班,D 日,D 博士,4,112
25,國立臺北科技大學,07151040,機電學院機電科技博士班,D 日,D 博士,62,112
25,國立臺北科技大學,07151043,製造科技研究所,D 日,D 博士,27,112
25,國立臺北科技大學,07191022,工業工程與管理系博士班,D 日,D 博士,38,112
25,國立臺北科技大學,07321045,土木工程系土木與防災博士班,D 日,D 博士,39,112
28,國立臺北藝術大學,02131003,美術學系,D 日,D 博士,21,112
28,國立臺北藝術大學,02151005,音樂學系,D 日,D 博士,37,112
28,國立臺北藝術大學,02152008,戲劇學系,D 日,D 博士,17,112
28,國立臺北藝術大學,02152013,舞蹈學系,D 日,D 博士,16,112
28,國立臺北藝術大學,02191021,文化資源學院文化資產與藝術創新博士班,D 日,D 博士,27,112
29,國立臺灣藝術大學,02111032,影音創作與數位媒體產業研究所,D 日,D 博士,16,112
29,國立臺灣藝術大學,02122027,創意產業設計研究所,D 日,D 博士,31,112
29,國立臺灣藝術大學,02131003,美術學系當代視覺文化博士班,D 日,D 博士,27,112
29,國立臺灣藝術大學,02131005,書畫藝術學系,D 日,D 博士,26,112
29,國立臺灣藝術大學,02152035,跨域表演藝術研究所,D 日,D 博士,11,112
29,國立臺灣藝術大學,02191018,表演藝術學院表演藝術博士班,D 日,D 博士,16,112
29,國立臺灣藝術大學,02192026,藝術管理與文化政策研究所,D 日,D 博士,31,112
30,國立臺東大學,01111001,教育學系教育研究博士班,D 日,D 博士,18,112
30,國立臺東大學,02222043,人文學院南島文化研究博士班,D 日,D 博士,5,112
30,國立臺東大學,02399016,兒童文學研究所,D 日,D 博士,25,112
30,國立臺東大學,05399045,理工學院應用科學與生物技術博士班,D 日,D 博士,2,112
31,國立宜蘭大學,08112030,生物技術與動物科學系,D 日,D 博士,16,112
32,國立聯合大學,07112030,材料與化學工程博士學位學程,D 日,D 博士,21,112
33,國立虎尾科技大學,07141011,光電工程系光電與材料科技博士班,D 日,D 博士,14,112
33,國立虎尾科技大學,07151016,動力機械工程系機械與機電工程博士班,D 日,D 博士,18,112
33,國立虎尾科技大學,07199035,智慧產業科技研發博士學位學程,D 日,D 博士,21,112
35,國立臺南藝術大學,02131016,藝術創作理論研究所,D 日,D 博士,48,112
35,國立臺南藝術大學,02151003,音樂學院應用音樂學博士班,D 日,D 博士,2,112
35,國立臺南藝術大學,02191014,藝術史學系藝術史評與古物研究博士班,D 日,D 博士,11,112
35,國立臺南藝術大學,02192022,博物館學與古物維護研究所,D 日,D 博士,6,112
36,國立臺南大學,01111001,教育學系測驗統計博士班,D 日,D 博士,95,112
36,國立臺南大學,01113019,特殊教育學系,D 日,D 博士,18,112
36,國立臺南大學,06134024,數位學習科技學系,D 日,D 博士,16,112
36,國立臺南大學,07141049,電機工程學系,D 日,D 博士,12,112
37,國立臺北教育大學,01114044,教育經營與管理學系教育政策與管理博士班,D 日,D 博士,73,112
37,國立臺北教育大學,01115020,課程與教學傳播科技研究所,D 日,D 博士,34,112
37,國立臺北教育大學,01141040,自然科學教育學系,D 日,D 博士,9,112
37,國立臺北教育大學,02121014,藝術與造形設計學系藝術跨域整合博士班,D 日,D 博士,22,112
39,國立臺中教育大學,01111001,教育學系,D 日,D 博士,37,112
39,國立臺中教育大學,01117028,教育資訊與測驗統計研究所,D 日,D 博士,37,112
39,國立臺中教育大學,01131006,語文教育學系,D 日,D 博士,34,112
43,國立勤益科技大學,07141037,前瞻電資科技研究所,D 日,D 博士,18,112
43,國立勤益科技大學,07151034,智慧機械與智慧製造產業博士學位學程,D 日,D 博士,15,112
43,國立勤益科技大學,07194024,精密製造科技研究所,D 日,D 博士,30,112
44,國立體育大學,01141001,體育研究所,D 日,D 博士,52,112
44,國立體育大學,10141008,競技與教練科學研究所,D 日,D 博士,49,112
44,國立體育大學,10142010,運動科學研究所,D 日,D 博士,18,112
44,國立體育大學,10152021,國際運動管理與創新博士學位學程,D 日,D 博士,20,112
46,國立臺北護理健康大學,09131009,護理系博士班,D 日,D 博士,79,112
47,國立高雄餐旅大學,10151029,觀光研究所,D 日,D 博士,37,112
48,國立金門大學,04199042,跨境產業策略與發展博士學位學程,D 日,D 博士,4,112
49,國立臺灣體育運動大學,04199010,運動事業管理學系東南亞博士班,D 日,D 博士,6,112
49,國立臺灣體育運動大學,10141003,競技運動學系,D 日,D 博士,13,112
50,國立臺中科技大學,06131050,資訊與流通學院智慧工程博士班,D 日,D 博士,5,112
51,國立臺北商業大學,04191025,財經學院博士班,D 日,D 博士,10,112
52,國立屏東大學,01114018,教育行政研究所,D 日,D 博士,46,112
53,國立高雄科技大學,04121052,財務金融學院博士班,D 日,D 博士,22,112
53,國立高雄科技大學,04131106,管理學院博士班,D 日,D 博士,73,112
53,國立高雄科技大學,04141023,國際企業系博士班,D 日,D 博士,35,112
53,國立高雄科技大學,04191120,商業智慧學院博士班,D 日,D 博士,44,112
53,國立高雄科技大學,05111050,水圈學院水產科技產業博士班,D 日,D 博士,59,112
53,國立高雄科技大學,07111085,化學工程與材料工程系博士班,D 日,D 博士,13,112
53,國立高雄科技大學,07121086,環境與安全衛生工程系博士班,D 日,D 博士,2,112
53,國立高雄科技大學,07141103,電子工程系博士班(建工校區),D 日,D 博士,60,112
53,國立高雄科技大學,07141105,電機工程系博士班,D 日,D 博士,34,112
53,國立高雄科技大學,07151072,機械工程系博士班,D 日,D 博士,47,112
53,國立高雄科技大學,07151074,模具工程系博士班,D 日,D 博士,12,112
53,國立高雄科技大學,07191091,工業工程與管理系博士班,D 日,D 博士,38,112
53,國立高雄科技大學,07194088,工學院工程科技博士班,D 日,D 博士,66,112
53,國立高雄科技大學,07194094,海事學院海事科技產學合作博士班,D 日,D 博士,29,112
53,國立高雄科技大學,07321077,土木工程系土木工程科技博士班,D 日,D 博士,12,112
53,國立高雄科技大學,10412060,航運管理系博士班,D 日,D 博士,18,112
1001,東海大學,02231010,哲學系,D 日,D 博士,24,112
1001,東海大學,02322004,中國文學系,D 日,D 博士,21,112
1001,東海大學,03121013,政治學系,D 日,D 博士,32,112
1001,東海大學,03141014,社會學系,D 日,D 博士,36,112
1001,東海大學,04211027,法律學系,D 日,D 博士,20,112
1001,東海大學,05111028,生命科學系,D 日,D 博士,21,112
1001,東海大學,05111061,生物多樣性國際研究生博士學位學程,D 日,D 博士,7,112
1001,東海大學,05123060,生醫暨材料科學國際博士學位學程,D 日,D 博士,4,112
1001,東海大學,05311030,化學系,D 日,D 博士,9,112
1001,東海大學,05331032,應用物理學系,D 日,D 博士,4,112
1001,東海大學,05421035,統計學系,D 日,D 博士,4,112
1001,東海大學,07111042,化學工程與材料工程學系,D 日,D 博士,3,112
1001,東海大學,07121045,環境科學與工程學系,D 日,D 博士,4,112
1001,東海大學,07191044,工業工程與經營資訊學系,D 日,D 博士,29,112
1001,東海大學,08112051,畜產與生物科技學系,D 日,D 博士,10,112
1001,東海大學,09231053,社會工作學系,D 日,D 博士,21,112
1002,輔仁大學,02151034,音樂學系,D 日,D 博士,36,112
1002,輔仁大學,02211019,宗教學系,D 日,D 博士,55,112
1002,輔仁大學,02231037,哲學系,D 日,D 博士,37,112
1002,輔仁大學,02299060,跨文化研究所比較文學與跨文化研究博士班,D 日,D 博士,41,112
1002,輔仁大學,02322003,中國文學系,D 日,D 博士,21,112
1002,輔仁大學,03131007,心理學系,D 日,D 博士,27,112
1002,輔仁大學,04191040,商學研究所,D 日,D 博士,76,112
1002,輔仁大學,04211020,法律學系,D 日,D 博士,35,112
1002,輔仁大學,05191036,食品營養博士學位學程,D 日,D 博士,36,112
1002,輔仁大學,05311005,化學系,D 日,D 博士,14,112
1002,輔仁大學,06131077,應用科學與工程研究所,D 日,D 博士,38,112
1002,輔仁大學,09161091,生技醫藥博士學位學程,D 日,D 博士,12,112
1003,東吳大學,02311005,日本語文學系,D 日,D 博士,27,112
1003,東吳大學,02322002,中國文學系,D 日,D 博士,28,112
1003,東吳大學,03111008,經濟學系,D 日,D 博士,16,112
1003,東吳大學,03121009,政治學系,D 日,D 博士,12,112
1003,東吳大學,04211021,法律學系,D 日,D 博士,30,112
1004,中原大學,02122007,設計學博士學位學程,D 日,D 博士,45,112
1004,中原大學,04131014,企業管理學系,D 日,D 博士,45,112
1004,中原大學,04191012,商學博士學位學程,D 日,D 博士,39,112
1004,中原大學,05311023,化學系,D 日,D 博士,20,112
1004,中原大學,05331024,物理學系,D 日,D 博士,11,112
1004,中原大學,05411027,應用數學系,D 日,D 博士,6,112
1004,中原大學,07111037,化學工程學系,D 日,D 博士,11,112
1004,中原大學,07141029,電機工程學系,D 日,D 博士,20,112
1004,中原大學,07141030,電子工程學系,D 日,D 博士,12,112
1004,中原大學,07151034,機械工程學系,D 日,D 博士,29,112
1004,中原大學,07191041,工業與系統工程學系,D 日,D 博士,37,112
1004,中原大學,07193043,生物醫學工程學系,D 日,D 博士,21,112
1004,中原大學,07321035,土木工程學系,D 日,D 博士,36,112
1005,淡江大學,01114093,教育學院教育領導與科技管理博士班,D 日,D 博士,18,112
1005,淡江大學,01114108,教育與未來設計學系前瞻教育領導與科技管理博士班,D 日,D 博士,17,112
1005,淡江大學,02311088,英文學系,D 日,D 博士,23,112
1005,淡江大學,02322090,中國文學學系,D 日,D 博士,30,112
1005,淡江大學,03111075,產業經濟學系,D 日,D 博士,9,112
1005,淡江大學,03122060,國際事務與戰略研究所,D 日,D 博士,47,112
1005,淡江大學,03143059,外交與國際關係學系歐洲研究博士班,D 日,D 博士,18,112
1005,淡江大學,04121037,財務金融學系,D 日,D 博士,41,112
1005,淡江大學,04121103,商管學院產業金融暨經營管理博士學位學程,D 日,D 博士,0,112
1005,淡江大學,04131047,管理科學學系,D 日,D 博士,57,112
1005,淡江大學,05311031,化學學系,D 日,D 博士,2,112
1005,淡江大學,05331030,物理學系,D 日,D 博士,2,112
1005,淡江大學,05399106,理學院應用科學博士班,D 日,D 博士,12,112
1005,淡江大學,05411026,數學學系,D 日,D 博士,5,112
1005,淡江大學,06131018,資訊工程學系,D 日,D 博士,20,112
1005,淡江大學,07111010,化學工程與材料工程學系,D 日,D 博士,3,112
1005,淡江大學,07122009,水資源及環境工程學系,D 日,D 博士,6,112
1005,淡江大學,07141019,電機工程學系,D 日,D 博士,20,112
1005,淡江大學,07141102,工學院機器人博士學位學程,D 日,D 博士,5,112
1005,淡江大學,07151015,機械與機電工程學系,D 日,D 博士,6,112
1005,淡江大學,07321012,土木工程學系,D 日,D 博士,10,112
1006,中國文化大學,01141023,體育學系運動教練博士班,D 日,D 博士,63,112
1006,中國文化大學,02221098,史學系,D 日,D 博士,51,112
1006,中國文化大學,02231081,哲學系,D 日,D 博士,28,112
1006,中國文化大學,02322001,中國文學系,D 日,D 博士,50,112
1006,中國文化大學,03121011,國家發展與中國大陸研究所,D 日,D 博士,91,112
1006,中國文化大學,03121061,政治學系,D 日,D 博士,29,112
1006,中國文化大學,03142087,地學研究所,D 日,D 博士,30,112
1006,中國文化大學,04131015,國際企業管理學系,D 日,D 博士,82,112
1006,中國文化大學,04211020,法律學系,D 日,D 博士,41,112
1006,中國文化大學,07311068,建築及都市設計學系,D 日,D 博士,29,112
1007,逢甲大學,02322001,中國文學系,D 日,D 博士,33,112
1007,逢甲大學,03111009,經濟學系,D 日,D 博士,2,112
1007,逢甲大學,04121026,金融博士學位學程,D 日,D 博士,38,112
1007,逢甲大學,04191014,商學博士學位學程,D 日,D 博士,115,112
1007,逢甲大學,05421040,統計學系應用統計博士班,D 日,D 博士,0,112
1007,逢甲大學,06131048,資訊工程學系,D 日,D 博士,27,112
1007,逢甲大學,06131055,智慧聯網產業博士學位學程,D 日,D 博士,2,112
1007,逢甲大學,07111068,化學工程學系,D 日,D 博士,9,112
1007,逢甲大學,07112069,材料科學與工程學系,D 日,D 博士,9,112
1007,逢甲大學,07121075,環境工程與科學學系,D 日,D 博士,12,112
1007,逢甲大學,07141045,電機與通訊工程博士學位學程,D 日,D 博士,30,112
1007,逢甲大學,07151060,機械與航空工程博士學位學程,D 日,D 博士,37,112
1007,逢甲大學,07191072,工業工程與系統管理學系,D 日,D 博士,17,112
1007,逢甲大學,07192074,纖維與複合材料學系,D 日,D 博士,14,112
1007,逢甲大學,07399116,建設規劃與工程博士學位學程,D 日,D 博士,59,112
1008,靜宜大學,03141043,原住民族健康與社會福利博士學位學程,D 日,D 博士,18,112
1008,靜宜大學,05191031,食品營養學系,D 日,D 博士,22,112
1008,靜宜大學,05311023,應用化學系,D 日,D 博士,9,112
1008,靜宜大學,09161035,化粧品科學系,D 日,D 博士,12,112
1009,長庚大學,04131006,管理研究所,D 日,D 博士,37,112
1009,長庚大學,05121011,生物科技產業博士學位學程,D 日,D 博士,14,112
1009,長庚大學,05123012,生物醫學研究所,D 日,D 博士,82,112
1009,長庚大學,06131018,資訊工程學系,D 日,D 博士,11,112
1009,長庚大學,07111025,化工與材料工程學系,D 日,D 博士,17,112
1009,長庚大學,07141014,電機工程學系,D 日,D 博士,17,112
1009,長庚大學,07141016,電子工程學系,D 日,D 博士,34,112
1009,長庚大學,07151022,機械工程學系,D 日,D 博士,9,112
1009,長庚大學,07193027,生物醫學工程學系,D 日,D 博士,15,112
1009,長庚大學,09121029,臨床醫學研究所,D 日,D 博士,157,112
1009,長庚大學,09131040,護理學系,D 日,D 博士,32,112
1009,長庚大學,09141048,醫學影像暨放射科學系,D 日,D 博士,14,112
1009,長庚大學,09151037,物理治療學系,D 日,D 博士,15,112
1010,元智大學,02299047,文化產業與文化政策博士學位學程,D 日,D 博士,26,112
1010,元智大學,04199018,管理學院博士班,D 日,D 博士,76,112
1010,元智大學,06131011,資訊管理學系,D 日,D 博士,21,112
1010,元智大學,06131028,資訊工程學系,D 日,D 博士,20,112
1010,元智大學,07111041,化學工程與材料科學學系,D 日,D 博士,15,112
1010,元智大學,07141033,電機工程學系,D 日,D 博士,38,112
1010,元智大學,07151037,機械工程學系,D 日,D 博士,14,112
1010,元智大學,07191043,工業工程與管理學系,D 日,D 博士,28,112
1011,中華大學,04199063,管理博士學位學程,D 日,D 博士,33,112
1011,中華大學,07194037,工程科學博士學位學程,D 日,D 博士,6,112
1011,中華大學,07321032,土木工程學系,D 日,D 博士,19,112
1012,大葉大學,04199029,管理學院博士班,D 日,D 博士,70,112
1012,大葉大學,05121035,生物科技與產業博士學位學程,D 日,D 博士,7,112
1012,大葉大學,07121054,環境工程學系,D 日,D 博士,18,112
1012,大葉大學,07141038,電機工程學系,D 日,D 博士,10,112
1012,大葉大學,07151046,機械與自動化工程學系,D 日,D 博士,2,112
1012,大葉大學,09199083,藥用植物與食品保健學系,D 日,D 博士,6,112
1013,華梵大學,02299009,東方人文思想研究所,D 日,D 博士,61,112
1013,華梵大學,07151014,機電工程學系,D 日,D 博士,3,112
1014,義守大學,04131012,管理學院管理博士班,D 日,D 博士,27,112
1014,義守大學,04131019,工業管理學系,D 日,D 博士,17,112
1014,義守大學,06131027,資訊工程學系,D 日,D 博士,34,112
1014,義守大學,07111033,化學工程學系生物技術與化學工程博士班,D 日,D 博士,28,112
1014,義守大學,07112034,材料科學與工程學系,D 日,D 博士,6,112
1014,義守大學,07141025,電機工程學系,D 日,D 博士,10,112
1014,義守大學,07141026,電子工程學系,D 日,D 博士,9,112
1015,世新大學,02322001,中國文學系,D 日,D 博士,15,112
1015,世新大學,03214012,傳播博士學位學程,D 日,D 博士,50,112
1015,世新大學,04134009,行政管理學系,D 日,D 博士,16,112
1016,銘傳大學,02322002,應用中國文學系,D 日,D 博士,22,112
1016,銘傳大學,04131036,企業管理學系,D 日,D 博士,53,112
1016,銘傳大學,07313048,都市規劃與防災學系,D 日,D 博士,3,112
1017,實踐大學,04199036,管理學院創意產業博士班,D 日,D 博士,25,112
1018,朝陽科技大學,02122028,建築系建築及都市設計博士班,D 日,D 博士,19,112
1018,朝陽科技大學,04131008,企業管理系台灣產業策略發展博士班,D 日,D 博士,41,112
1018,朝陽科技大學,05121017,應用化學系生化科技博士班,D 日,D 博士,14,112
1018,朝陽科技大學,06131019,資訊管理系博士班,D 日,D 博士,18,112
1018,朝陽科技大學,07321025,營建工程系博士班,D 日,D 博士,7,112
1019,高雄醫學大學,05121050,生命科學博士學位學程,D 日,D 博士,18,112
1019,高雄醫學大學,05311017,醫藥暨應用化學系,D 日,D 博士,24,112
1019,高雄醫學大學,07193041,生物醫學工程博士學位學程,D 日,D 博士,13,112
1019,高雄醫學大學,09111044,牙醫學系,D 日,D 博士,15,112
1019,高雄醫學大學,09121011,醫學研究所,D 日,D 博士,65,112
1019,高雄醫學大學,09121018,臨床醫學研究所,D 日,D 博士,40,112
1019,高雄醫學大學,09121020,轉譯醫學博士學位學程,D 日,D 博士,1,112
1019,高雄醫學大學,09131032,護理學系,D 日,D 博士,44,112
1019,高雄醫學大學,09141036,醫學檢驗生物技術學系,D 日,D 博士,9,112
1019,高雄醫學大學,09161024,藥學系,D 日,D 博士,28,112
1019,高雄醫學大學,09161026,天然藥物研究所,D 日,D 博士,20,112
1019,高雄醫學大學,09161047,毒理學博士學位學程,D 日,D 博士,4,112
1019,高雄醫學大學,09191021,公共衛生學系,D 日,D 博士,16,112
1019,高雄醫學大學,09191023,環境職業醫學博士學位學程,D 日,D 博士,12,112
1020,南華大學,02299011,生死學系生死學博士班,D 日,D 博士,12,112
1020,南華大學,04131029,企業管理學系管理科學博士班,D 日,D 博士,35,112
1022,大同大學,02122003,設計科學研究所,D 日,D 博士,68,112
1022,大同大學,06131012,資訊工程學系,D 日,D 博士,13,112
1022,大同大學,07111021,化學工程與生物科技學系,D 日,D 博士,4,112
1022,大同大學,07141010,電機工程學系,D 日,D 博士,7,112
1022,大同大學,07151023,機械與材料工程學系,D 日,D 博士,9,112
1023,南臺科技大學,04131016,經營管理博士學位學程,D 日,D 博士,37,112
1023,南臺科技大學,07141039,電機工程系博士班,D 日,D 博士,18,112
1023,南臺科技大學,07141040,電子工程系博士班,D 日,D 博士,9,112
1023,南臺科技大學,07151045,機械工程系機電科技博士班,D 日,D 博士,17,112
1024,崑山科技大學,07151030,機械工程系機械與能源工程博士班,D 日,D 博士,29,112
1026,樹德科技大學,99999045,人類性學研究所,D 日,D 博士,21,112
1027,慈濟大學,09121019,醫學科學研究所,D 日,D 博士,76,112
1027,慈濟大學,09121022,轉譯醫學博士學位學程,D 日,D 博士,4,112
1027,慈濟大學,09161015,醫學系藥理暨毒理學博士班,D 日,D 博士,12,112
1028,臺北醫學大學,03131057,心智意識與腦科學研究博士學位學程,D 日,D 博士,13,112
1028,臺北醫學大學,04133061,國際生技醫療管理博士學位學程,D 日,D 博士,7,112
1028,臺北醫學大學,05121016,醫學科學研究所,D 日,D 博士,48,112
1028,臺北醫學大學,05191032,保健營養學系,D 日,D 博士,26,112
1028,臺北醫學大學,06131042,醫學資訊研究所,D 日,D 博士,30,112
1028,臺北醫學大學,07112008,生醫材料暨組織工程研究所,D 日,D 博士,21,112
1028,臺北醫學大學,07112010,奈米醫學工程研究所,D 日,D 博士,1,112
1028,臺北醫學大學,07193011,國際生醫工程博士學位學程,D 日,D 博士,17,112
1028,臺北醫學大學,09111044,牙醫學系,D 日,D 博士,24,112
1028,臺北醫學大學,09121014,臨床醫學研究所,D 日,D 博士,50,112
1028,臺北醫學大學,09121017,轉譯醫學博士學位學程,D 日,D 博士,7,112
1028,臺北醫學大學,09121019,國際醫學研究博士學位學程,D 日,D 博士,64,112
1028,臺北醫學大學,09121054,細胞治療與再生醫學國際博士學位學程,D 日,D 博士,16,112
1028,臺北醫學大學,09121062,國際轉譯科學博士學位學程,D 日,D 博士,7,112
1028,臺北醫學大學,09121066,神經醫學博士學位學程,D 日,D 博士,19,112
1028,臺北醫學大學,09131037,護理學系,D 日,D 博士,84,112
1028,臺北醫學大學,09141040,醫學生物科技博士學位學程,D 日,D 博士,17,112
1028,臺北醫學大學,09161024,藥學系,D 日,D 博士,47,112
1028,臺北醫學大學,09161028,癌症生物學與藥物研發博士學位學程,D 日,D 博士,27,112
1028,臺北醫學大學,09161030,中草藥臨床藥物研發博士學位學程,D 日,D 博士,23,112
1028,臺北醫學大學,09161060,新藥研發產業博士學位學程,D 日,D 博士,16,112
1028,臺北醫學大學,09191020,公共衛生學系,D 日,D 博士,24,112
1028,臺北醫學大學,09191022,傷害防治學研究所,D 日,D 博士,16,112
1028,臺北醫學大學,09191056,全球衛生暨衛生安全博士學位學程,D 日,D 博士,26,112
1028,臺北醫學大學,09211065,國際高齡健康暨長期照護博士學位學程,D 日,D 博士,5,112
1029,中山醫學大學,05191026,營養學系,D 日,D 博士,16,112
1029,中山醫學大學,09111038,牙醫學系,D 日,D 博士,9,112
1029,中山醫學大學,09111039,口腔科學研究所,D 日,D 博士,9,112
1029,中山醫學大學,09121018,醫學研究所,D 日,D 博士,101,112
1029,中山醫學大學,09191020,公共衛生學系,D 日,D 博士,30,112
1032,明新科技大學,07141046,半導體科技博士學位學程,D 日,D 博士,4,112
1033,長榮大學,04131026,經營管理研究所,D 日,D 博士,46,112
1034,弘光科技大學,09131025,護理系博士班,D 日,D 博士,16,112
1035,中國醫藥大學,05121043,生物科技學系,D 日,D 博士,14,112
1035,中國醫藥大學,05191021,營養學系,D 日,D 博士,10,112
1035,中國醫藥大學,07193055,醫學工程與復健科技產業博士學位學程,D 日,D 博士,15,112
1035,中國醫藥大學,09111019,牙醫學系,D 日,D 博士,15,112
1035,中國醫藥大學,09121003,生物醫學研究所,D 日,D 博士,124,112
1035,中國醫藥大學,09121004,臨床醫學研究所,D 日,D 博士,4,112
1035,中國醫藥大學,09121006,基礎醫學研究所,D 日,D 博士,1,112
1035,中國醫藥大學,09121014,中醫學系,D 日,D 博士,33,112
1035,中國醫藥大學,09121023,老化醫學博士學位學程,D 日,D 博士,17,112
1035,中國醫藥大學,09121046,中西醫結合研究所,D 日,D 博士,15,112
1035,中國醫藥大學,09121049,癌症生物與藥物研發博士學位學程,D 日,D 博士,6,112
1035,中國醫藥大學,09121059,生醫科技產業博士學位學程,D 日,D 博士,4,112
1035,中國醫藥大學,09121063,轉譯醫學暨新藥開發研究所,D 日,D 博士,13,112
1035,中國醫藥大學,09161034,藥學系,D 日,D 博士,18,112
1035,中國醫藥大學,09161039,中國藥學暨中藥資源學系,D 日,D 博士,18,112
1035,中國醫藥大學,09161051,生技製藥產業博士學位學程,D 日,D 博士,1,112
1035,中國醫藥大學,09171013,針灸研究所,D 日,D 博士,20,112
1035,中國醫藥大學,09191026,公共衛生學系,D 日,D 博士,67,112
1035,中國醫藥大學,09199054,健康科技產業博士學位學程,D 日,D 博士,13,112
1035,中國醫藥大學,09199065,健康照護學院健康照護科學博士班,D 日,D 博士,8,112
1037,正修科技大學,07151015,機械工程系機電工程博士班,D 日,D 博士,17,112
1041,明志科技大學,07112037,電漿與薄膜工程國際博士學位學程,D 日,D 博士,3,112
1041,明志科技大學,07132021,能源電池科技博士學位學程,D 日,D 博士,32,112
1041,明志科技大學,07193031,創新科技應用於生物醫學暨醫療照護產品研發國際博士學位學程,D 日,D 博士,27,112
1047,中臺科技大學,09141029,醫學影像暨放射科學系博士班,D 日,D 博士,9,112
1048,亞洲大學,02112007,數位媒體設計學系,D 日,D 博士,34,112
1048,亞洲大學,02112058,創新產業博士學位學程,D 日,D 博士,7,112
1048,亞洲大學,04131017,經營管理學系企業經濟與策略博士班,D 日,D 博士,84,112
1048,亞洲大學,04131059,智慧健康先進管理技術博士學位學程,D 日,D 博士,12,112
1048,亞洲大學,04199018,新興產業策略與發展博士學位學程,D 日,D 博士,8,112
1048,亞洲大學,06111057,人工智慧博士學位學程,D 日,D 博士,18,112
1048,亞洲大學,06134037,資訊工程學系,D 日,D 博士,16,112
1048,亞洲大學,07193029,生物資訊與醫學工程學系,D 日,D 博士,19,112
1048,亞洲大學,09191021,健康產業管理學系,D 日,D 博士,26,112
1050,佛光大學,02211010,佛教學系,D 日,D 博士,30,112
1050,佛光大學,02322006,中國文學與應用學系,D 日,D 博士,41,112
1053,元培醫事科技大學,09161045,生技製藥產業博士學位學程,D 日,D 博士,2,112
1058,明道大學,02299043,中華文化與傳播學系,D 日,D 博士,29,112
1081,東方設計大學,02122018,文化創意設計研究所,D 日,D 博士,20,112
1195,馬偕醫學院,05199001,生物醫學研究所,D 日,D 博士,12,112
1196,法鼓文理學院,02211002,佛教學系,D 日,D 博士,26,112
3002,臺北市立大學,01111001,教育學系,D 日,D 博士,88,112
3002,臺北市立大學,01114035,教育行政與評鑑研究所,D 日,D 博士,48,112
3002,臺北市立大學,02322043,中國語文學系,D 日,D 博士,20,112
3002,臺北市立大學,10141053,運動科學研究所,D 日,D 博士,19,112
3002,臺北市立大學,10141054,競技運動訓練研究所,D 日,D 博士,33,112
1,國立政治大學,01111001,教育學系,D 日,D 博士,94,113
1,國立政治大學,02211019,宗教研究所,D 日,D 博士,23,113
1,國立政治大學,02221020,歷史學系,D 日,D 博士,25,113
1,國立政治大學,02221021,台灣史研究所,D 日,D 博士,20,113
1,國立政治大學,02222031,民族學系,D 日,D 博士,14,113
1,國立政治大學,02231022,哲學系,D 日,D 博士,27,113
1,國立政治大學,02311009,英國語文學系,D 日,D 博士,20,113
1,國立政治大學,02321007,台灣文學研究所,D 日,D 博士,13,113
1,國立政治大學,02322008,中國文學系,D 日,D 博士,47,113
1,國立政治大學,02323002,華語文教學博士學位學程,D 日,D 博士,12,113
1,國立政治大學,02399018,語言學研究所,D 日,D 博士,8,113
1,國立政治大學,03111024,經濟學系,D 日,D 博士,6,113
1,國立政治大學,03121026,政治學系,D 日,D 博士,16,113
1,國立政治大學,03122045,外交學系,D 日,D 博士,7,113
1,國立政治大學,03131032,心理學系,D 日,D 博士,13,113
1,國立政治大學,03141030,社會學系,D 日,D 博士,11,113
1,國立政治大學,03143028,東亞研究所,D 日,D 博士,36,113
1,國立政治大學,03143036,日本研究博士學位學程,D 日,D 博士,10,113
1,國立政治大學,03143040,亞太研究英語博士學位學程,D 日,D 博士,79,113
1,國立政治大學,03143043,地政學系,D 日,D 博士,16,113
1,國立政治大學,03191047,國家發展研究所,D 日,D 博士,39,113
1,國立政治大學,03211056,傳播學院博士班,D 日,D 博士,50,113
1,國立政治大學,03222054,圖書資訊與檔案學研究所,D 日,D 博士,13,113
1,國立政治大學,04111059,會計學系,D 日,D 博士,5,113
1,國立政治大學,04121065,財務管理學系,D 日,D 博士,13,113
1,國立政治大學,04121068,金融學系,D 日,D 博士,21,113
1,國立政治大學,04122070,財政學系,D 日,D 博士,4,113
1,國立政治大學,04123069,風險管理與保險學系,D 日,D 博士,13,113
1,國立政治大學,04131060,企業管理學系,D 日,D 博士,50,113
1,國立政治大學,04134041,公共行政學系,D 日,D 博士,17,113
1,國立政治大學,04141067,國際經營與貿易學系,D 日,D 博士,8,113
1,國立政治大學,04199072,科技管理與智慧財產研究所,D 日,D 博士,29,113
1,國立政治大學,04212073,法律學系,D 日,D 博士,44,113
1,國立政治大學,05411078,應用數學系,D 日,D 博士,8,113
1,國立政治大學,05421079,統計學系,D 日,D 博士,6,113
1,國立政治大學,06131080,資訊管理學系,D 日,D 博士,35,113
1,國立政治大學,06131081,資訊科學系,D 日,D 博士,11,113
1,國立政治大學,06131082,社群網路與人智計算國際研究生博士學位學程,D 日,D 博士,13,113
1,國立政治大學,09231084,社會工作研究所,D 日,D 博士,21,113
2,國立清華大學,01111084,教育與學習科技學系,D 日,D 博士,73,113
2,國立清華大學,01199112,竹師教育學院博士班,D 日,D 博士,11,113
2,國立清華大學,02221006,歷史研究所,D 日,D 博士,19,113
2,國立清華大學,02222007,人類學研究所,D 日,D 博士,12,113
2,國立清華大學,02231008,哲學研究所,D 日,D 博士,4,113
2,國立清華大學,02321001,台灣文學研究所,D 日,D 博士,23,113
2,國立清華大學,02321101,臺灣語言研究與教學研究所,D 日,D 博士,21,113
2,國立清華大學,02322003,中國文學系,D 日,D 博士,51,113
2,國立清華大學,02399005,語言學研究所,D 日,D 博士,13,113
2,國立清華大學,03111011,經濟學系,D 日,D 博士,9,113
2,國立清華大學,03121139,台北政經學院政治經濟博士班,D 日,D 博士,10,113
2,國立清華大學,03131077,教育心理與諮商學系,D 日,D 博士,32,113
2,國立清華大學,03141012,社會學研究所,D 日,D 博士,14,113
2,國立清華大學,04121020,計量財務金融學系,D 日,D 博士,3,113
2,國立清華大學,04199017,科技管理研究所,D 日,D 博士,22,113
2,國立清華大學,04199022,服務科學研究所,D 日,D 博士,9,113
2,國立清華大學,04212024,科技法律研究所,D 日,D 博士,12,113
2,國立清華大學,05121026,生物科技研究所,D 日,D 博士,36,113
2,國立清華大學,05121028,分子與細胞生物研究所,D 日,D 博士,26,113
2,國立清華大學,05121029,生技產業博士學位學程,D 日,D 博士,9,113
2,國立清華大學,05121030,生物資訊與結構生物研究所,D 日,D 博士,33,113
2,國立清華大學,05121072,分子醫學研究所,D 日,D 博士,22,113
2,國立清華大學,05199033,系統神經科學研究所,D 日,D 博士,13,113
2,國立清華大學,05211041,環境科技博士學位學程(台灣聯合大學系統),D 日,D 博士,10,113
2,國立清華大學,05211121,分析與環境科學研究所,D 日,D 博士,3,113
2,國立清華大學,05311037,化學系,D 日,D 博士,83,113
2,國立清華大學,05331038,物理學系,D 日,D 博士,82,113
2,國立清華大學,05331137,量子科技暨尖端材料博士學位學程,D 日,D 博士,1,113
2,國立清華大學,05332039,天文研究所,D 日,D 博士,18,113
2,國立清華大學,05411043,數學系,D 日,D 博士,13,113
2,國立清華大學,05421044,統計學研究所,D 日,D 博士,0,113
2,國立清華大學,05421147,統計與數據科學研究所,D 日,D 博士,23,113
2,國立清華大學,06131053,資訊工程學系,D 日,D 博士,76,113
2,國立清華大學,06134046,資訊系統與應用研究所,D 日,D 博士,24,113
2,國立清華大學,06134048,社群網路與人智計算國際研究生博士學位學程,D 日,D 博士,11,113
2,國立清華大學,07111057,化學工程學系,D 日,D 博士,80,113
2,國立清華大學,07112058,材料科學工程學系,D 日,D 博士,115,113
2,國立清華大學,07112118,前瞻功能材料產業博士學位學程,D 日,D 博士,12,113
2,國立清華大學,07131068,核子工程與科學研究所,D 日,D 博士,22,113
2,國立清華大學,07141049,電機工程學系,D 日,D 博士,60,113
2,國立清華大學,07141050,電子工程研究所,D 日,D 博士,34,113
2,國立清華大學,07141052,光電工程研究所,D 日,D 博士,21,113
2,國立清華大學,07141054,通訊工程研究所,D 日,D 博士,18,113
2,國立清華大學,07141146,半導體研究學院博士班,D 日,D 博士,43,113
2,國立清華大學,07151056,動力機械工程學系,D 日,D 博士,63,113
2,國立清華大學,07191061,工業工程與工程管理學系,D 日,D 博士,41,113
2,國立清華大學,07193063,生醫工程與環境科學系,D 日,D 博士,48,113
2,國立清華大學,07193065,生物醫學工程研究所,D 日,D 博士,11,113
2,國立清華大學,07193132,智慧生醫博士學位學程,D 日,D 博士,6,113
2,國立清華大學,07194059,奈米工程與微系統研究所,D 日,D 博士,35,113
2,國立清華大學,07194066,工程與系統科學系,D 日,D 博士,80,113
2,國立清華大學,09121133,精準醫療博士學位學程,D 日,D 博士,13,113
2,國立清華大學,99999074,跨院國際博士班學位學程,D 日,D 博士,138,113
3,國立臺灣大學,02151002,音樂學研究所,D 日,D 博士,17,113
3,國立臺灣大學,02152003,戲劇學系,D 日,D 博士,9,113
3,國立臺灣大學,02191004,藝術史研究所,D 日,D 博士,12,113
3,國立臺灣大學,02221012,歷史學系,D 日,D 博士,43,113
3,國立臺灣大學,02222013,人類學系,D 日,D 博士,17,113
3,國立臺灣大學,02231014,哲學系,D 日,D 博士,29,113
3,國立臺灣大學,02311007,外國語文學系,D 日,D 博士,14,113
3,國立臺灣大學,02321005,臺灣文學研究所,D 日,D 博士,28,113
3,國立臺灣大學,02322006,中國文學系,D 日,D 博士,39,113
3,國立臺灣大學,02399011,語言學研究所,D 日,D 博士,16,113
3,國立臺灣大學,03111015,經濟學系,D 日,D 博士,20,113
3,國立臺灣大學,03121016,政治學系,D 日,D 博士,39,113
3,國立臺灣大學,03131019,心理學系,D 日,D 博士,28,113
3,國立臺灣大學,03141018,社會學系,D 日,D 博士,15,113
3,國立臺灣大學,03142021,地理環境資源學系,D 日,D 博士,12,113
3,國立臺灣大學,03191023,國家發展研究所,D 日,D 博士,23,113
3,國立臺灣大學,03222025,圖書資訊學系,D 日,D 博士,19,113
3,國立臺灣大學,04111027,會計學系,D 日,D 博士,16,113
3,國立臺灣大學,04121032,財務金融學系,D 日,D 博士,25,113
3,國立臺灣大學,04131026,商學研究所,D 日,D 博士,40,113
3,國立臺灣大學,04131031,國際企業學系,D 日,D 博士,53,113
3,國立臺灣大學,04211035,法律學系,D 日,D 博士,45,113
3,國立臺灣大學,05111038,生命科學系,D 日,D 博士,29,113
3,國立臺灣大學,05111040,植物科學研究所,D 日,D 博士,23,113
3,國立臺灣大學,05111041,昆蟲學系,D 日,D 博士,13,113
3,國立臺灣大學,05121044,生物科技研究所,D 日,D 博士,25,113
3,國立臺灣大學,05121045,生化科學研究所,D 日,D 博士,58,113
3,國立臺灣大學,05121046,分子與細胞生物學研究所,D 日,D 博士,15,113
3,國立臺灣大學,05121047,基因體與系統生物學學位學程,D 日,D 博士,31,113
3,國立臺灣大學,05121151,生化科技學系,D 日,D 博士,35,113
3,國立臺灣大學,05121177,植物生物科技產學研發博士學位學程,D 日,D 博士,6,113
3,國立臺灣大學,05123050,生物化學暨分子生物學研究所,D 日,D 博士,22,113
3,國立臺灣大學,05124155,生物資訊學國際研究生博士學位學程,D 日,D 博士,6,113
3,國立臺灣大學,05199156,跨領域神經科學國際研究生博士學位學程,D 日,D 博士,19,113
3,國立臺灣大學,05212043,生態學與演化生物學研究所,D 日,D 博士,16,113
3,國立臺灣大學,05311051,化學系,D 日,D 博士,126,113
3,國立臺灣大學,05321052,地質科學系,D 日,D 博士,49,113
3,國立臺灣大學,05321053,氣候變遷與永續發展國際博士學位學程,D 日,D 博士,22,113
3,國立臺灣大學,05321166,地球系統科學國際研究生博士學位學程,D 日,D 博士,15,113
3,國立臺灣大學,05322056,大氣科學系,D 日,D 博士,31,113
3,國立臺灣大學,05323057,海洋研究所,D 日,D 博士,20,113
3,國立臺灣大學,05331054,物理學系,D 日,D 博士,109,113
3,國立臺灣大學,05331055,應用物理學研究所,D 日,D 博士,34,113
3,國立臺灣大學,05332058,天文物理研究所,D 日,D 博士,7,113
3,國立臺灣大學,05411059,數學系,D 日,D 博士,15,113
3,國立臺灣大學,06131062,資訊管理學系,D 日,D 博士,21,113
3,國立臺灣大學,06131063,資訊網路與多媒體研究所,D 日,D 博士,44,113
3,國立臺灣大學,06131067,資訊工程學系,D 日,D 博士,123,113
3,國立臺灣大學,06131081,生醫電子與資訊學研究所,D 日,D 博士,63,113
3,國立臺灣大學,06131158,資料科學博士學位學程,D 日,D 博士,21,113
3,國立臺灣大學,06199169,智慧聯網國際研究生博士學位學程,D 日,D 博士,16,113
3,國立臺灣大學,07111076,化學工程學系,D 日,D 博士,103,113
3,國立臺灣大學,07111077,高分子科學與工程學研究所,D 日,D 博士,32,113
3,國立臺灣大學,07111165,永續化學科技國際研究生博士學位學程,D 日,D 博士,20,113
3,國立臺灣大學,07112078,材料科學與工程學系,D 日,D 博士,87,113
3,國立臺灣大學,07112084,綠色永續材料與精密元件博士學位學程,D 日,D 博士,3,113
3,國立臺灣大學,07112154,分子科學與技術國際研究生博士學位學程,D 日,D 博士,31,113
3,國立臺灣大學,07121080,環境工程學研究所,D 日,D 博士,61,113
3,國立臺灣大學,07141064,電機工程學系,D 日,D 博士,100,113
3,國立臺灣大學,07141065,電子工程學研究所,D 日,D 博士,88,113
3,國立臺灣大學,07141066,光電工程學研究所,D 日,D 博士,51,113
3,國立臺灣大學,07141068,電信工程學研究所,D 日,D 博士,106,113
3,國立臺灣大學,07141173,積體電路設計與自動化博士學位學程,D 日,D 博士,7,113
3,國立臺灣大學,07141174,元件材料與異質整合博士學位學程,D 日,D 博士,36,113
3,國立臺灣大學,07151069,機械工程學系,D 日,D 博士,97,113
3,國立臺灣大學,07151071,應用力學研究所,D 日,D 博士,34,113
3,國立臺灣大學,07151082,工程科學及海洋工程學系,D 日,D 博士,47,113
3,國立臺灣大學,07151161,生物機電工程學系,D 日,D 博士,35,113
3,國立臺灣大學,07191079,工業工程學研究所,D 日,D 博士,14,113
3,國立臺灣大學,07193083,醫學工程學系,D 日,D 博士,101,113
3,國立臺灣大學,07193181,精準健康博士學位學程,D 日,D 博士,18,113
3,國立臺灣大學,07194175,奈米工程與科學博士學位學程,D 日,D 博士,13,113
3,國立臺灣大學,07211099,食品科技研究所,D 日,D 博士,33,113
3,國立臺灣大學,07313086,建築與城鄉研究所,D 日,D 博士,24,113
3,國立臺灣大學,07321074,土木工程學系,D 日,D 博士,152,113
3,國立臺灣大學,07321075,生物環境系統工程學系,D 日,D 博士,33,113
3,國立臺灣大學,08111087,農藝學系,D 日,D 博士,17,113
3,國立臺灣大學,08112089,動物科學技術學系,D 日,D 博士,16,113
3,國立臺灣大學,08121091,園藝暨景觀學系,D 日,D 博士,33,113
3,國立臺灣大學,08191100,農業化學系,D 日,D 博士,24,113
3,國立臺灣大學,08193096,農業經濟學系,D 日,D 博士,13,113
3,國立臺灣大學,08193098,生物產業傳播暨發展學系,D 日,D 博士,20,113
3,國立臺灣大學,08194094,植物病理與微生物學系,D 日,D 博士,8,113
3,國立臺灣大學,08211102,森林環境暨資源學系,D 日,D 博士,23,113
3,國立臺灣大學,08311103,漁業科學研究所,D 日,D 博士,24,113
3,國立臺灣大學,08411104,獸醫學系,D 日,D 博士,24,113
3,國立臺灣大學,09111138,臨床牙醫學研究所,D 日,D 博士,21,113
3,國立臺灣大學,09111139,口腔生物科學研究所,D 日,D 博士,10,113
3,國立臺灣大學,09121048,微生物學研究所,D 日,D 博士,17,113
3,國立臺灣大學,09121108,臨床醫學研究所,D 日,D 博士,127,113
3,國立臺灣大學,09121109,分子醫學研究所,D 日,D 博士,11,113
3,國立臺灣大學,09121110,免疫學研究所,D 日,D 博士,11,113
3,國立臺灣大學,09121111,生理學研究所,D 日,D 博士,20,113
3,國立臺灣大學,09121112,病理學研究所,D 日,D 博士,12,113
3,國立臺灣大學,09121114,解剖學暨細胞生物學研究所,D 日,D 博士,24,113
3,國立臺灣大學,09121118,腫瘤醫學研究所,D 日,D 博士,18,113
3,國立臺灣大學,09121119,轉譯醫學博士學位學程,D 日,D 博士,6,113
3,國立臺灣大學,09121120,基因體暨蛋白體醫學研究所,D 日,D 博士,14,113
3,國立臺灣大學,09121130,藥理學研究所,D 日,D 博士,31,113
3,國立臺灣大學,09131134,護理學系,D 日,D 博士,49,113
3,國立臺灣大學,09141136,醫學檢驗暨生物技術學系,D 日,D 博士,17,113
3,國立臺灣大學,09141143,醫療器材與醫學影像研究所,D 日,D 博士,6,113
3,國立臺灣大學,09151132,物理治療學系,D 日,D 博士,16,113
3,國立臺灣大學,09152133,職能治療學系,D 日,D 博士,16,113
3,國立臺灣大學,09161129,藥學系,D 日,D 博士,18,113
3,國立臺灣大學,09161131,臨床藥學研究所,D 日,D 博士,12,113
3,國立臺灣大學,09191126,流行病學與預防醫學研究所,D 日,D 博士,68,113
3,國立臺灣大學,09191127,健康政策與管理研究所,D 日,D 博士,58,113
3,國立臺灣大學,09191162,環境與職業健康科學研究所,D 日,D 博士,40,113
3,國立臺灣大學,09191163,全球衛生博士學位學程,D 日,D 博士,13,113
3,國立臺灣大學,09199141,毒理學研究所,D 日,D 博士,19,113
3,國立臺灣大學,09231144,社會工作學系,D 日,D 博士,24,113
4,國立臺灣師範大學,01111001,教育學系,D 日,D 博士,80,113
4,國立臺灣師範大學,01111088,科學—科技—工程—數學整合教育國際博士學位學程,D 日,D 博士,4,113
4,國立臺灣師範大學,01113018,特殊教育學系,D 日,D 博士,43,113
4,國立臺灣師範大學,01115002,課程與教學研究所,D 日,D 博士,38,113
4,國立臺灣師範大學,01115006,科學教育研究所,D 日,D 博士,22,113
4,國立臺灣師範大學,01116014,資訊教育研究所,D 日,D 博士,18,113
4,國立臺灣師範大學,01131004,公民教育與活動領導學系,D 日,D 博士,39,113
4,國立臺灣師範大學,01131009,社會教育學系,D 日,D 博士,28,113
4,國立臺灣師範大學,01141010,工業教育學系,D 日,D 博士,33,113
4,國立臺灣師範大學,01141017,健康促進與衛生教育學系,D 日,D 博士,57,113
4,國立臺灣師範大學,01141087,體育與運動科學系,D 日,D 博士,114,113
4,國立臺灣師範大學,01141090,幼兒與家庭科學學系,D 日,D 博士,30,113
4,國立臺灣師範大學,01141091,永續管理與環境教育研究所,D 日,D 博士,19,113
4,國立臺灣師範大學,01199022,科技應用與人力資源發展學系,D 日,D 博士,40,113
4,國立臺灣師範大學,02112037,設計學系,D 日,D 博士,32,113
4,國立臺灣師範大學,02131023,美術學系,D 日,D 博士,87,113
4,國立臺灣師範大學,02151024,音樂學系,D 日,D 博士,36,113
4,國立臺灣師範大學,02221035,歷史學系,D 日,D 博士,17,113
4,國立臺灣師範大學,02311033,英語學系,D 日,D 博士,35,113
4,國立臺灣師範大學,02312034,翻譯研究所,D 日,D 博士,27,113
4,國立臺灣師範大學,02313005,華語文教學系,D 日,D 博士,65,113
4,國立臺灣師範大學,02321028,臺灣語文學系,D 日,D 博士,27,113
4,國立臺灣師範大學,02322029,國文學系,D 日,D 博士,53,113
4,國立臺灣師範大學,03121039,政治學研究所,D 日,D 博士,1,113
4,國立臺灣師範大學,03131003,教育心理與輔導學系,D 日,D 博士,67,113
4,國立臺灣師範大學,03142041,地理學系,D 日,D 博士,25,113
4,國立臺灣師範大學,03143042,東亞學系,D 日,D 博士,26,113
4,國立臺灣師範大學,03222049,圖書資訊學研究所,D 日,D 博士,8,113
4,國立臺灣師範大學,05111056,生命科學系,D 日,D 博士,24,113
4,國立臺灣師範大學,05111057,生物多樣性國際研究生博士學位學程,D 日,D 博士,26,113
4,國立臺灣師範大學,05311059,化學系,D 日,D 博士,28,113
4,國立臺灣師範大學,05321060,地球科學系,D 日,D 博士,16,113
4,國立臺灣師範大學,05331061,物理學系,D 日,D 博士,23,113
4,國立臺灣師範大學,05411062,數學系,D 日,D 博士,21,113
4,國立臺灣師範大學,06131065,資訊工程學系,D 日,D 博士,14,113
4,國立臺灣師範大學,07132093,綠能科技與永續治理研究所,D 日,D 博士,3,113
4,國立臺灣師範大學,07141063,電機工程學系,D 日,D 博士,16,113
4,國立臺灣師範大學,07141080,光電工程研究所,D 日,D 博士,8,113
4,國立臺灣師範大學,07141092,AI跨域應用研究所,D 日,D 博士,3,113
4,國立臺灣師範大學,07151068,機電工程學系,D 日,D 博士,14,113
4,國立臺灣師範大學,10152077,運動休閒與餐旅管理研究所,D 日,D 博士,30,113
5,國立成功大學,01111103,教育研究所,D 日,D 博士,28,113
5,國立成功大學,02122112,創意產業設計研究所,D 日,D 博士,38,113
5,國立成功大學,02123113,工業設計學系,D 日,D 博士,67,113
5,國立成功大學,02221110,歷史學系,D 日,D 博士,26,113
5,國立成功大學,02311108,外國語文學系,D 日,D 博士,22,113
5,國立成功大學,02321106,台灣文學系,D 日,D 博士,22,113
5,國立成功大學,02322107,中國文學系,D 日,D 博士,34,113
5,國立成功大學,03121115,政治學系政治經濟學博士班,D 日,D 博士,25,113
5,國立成功大學,03131117,心理學系,D 日,D 博士,12,113
5,國立成功大學,03131129,心智科學原理與應用國際博士學位學程,D 日,D 博士,4,113
5,國立成功大學,04111120,會計學系,D 日,D 博士,6,113
5,國立成功大學,04121126,財務金融研究所,D 日,D 博士,5,113
5,國立成功大學,04131121,企業管理學系,D 日,D 博士,7,113
5,國立成功大學,04131124,國際企業研究所,D 日,D 博士,13,113
5,國立成功大學,04131125,國際經營管理研究所(IMBA),D 日,D 博士,17,113
5,國立成功大學,04131135,高階經營管理博士學位學程,D 日,D 博士,11,113
5,國立成功大學,04199024,海洋科技與事務研究所,D 日,D 博士,13,113
5,國立成功大學,04199057,工業與資訊管理學系,D 日,D 博士,10,113
5,國立成功大學,04212001,法律學系,D 日,D 博士,25,113
5,國立成功大學,05111003,生命科學系,D 日,D 博士,20,113
5,國立成功大學,05121008,生物科技與產業科學系,D 日,D 博士,31,113
5,國立成功大學,05199016,跨領域神經科學國際博士學位學程(跨領域神經科學國際研究生博士學位學程),D 日,D 博士,12,113
5,國立成功大學,05311017,化學系,D 日,D 博士,12,113
5,國立成功大學,05321019,地球科學系,D 日,D 博士,12,113
5,國立成功大學,05331021,物理學系,D 日,D 博士,47,113
5,國立成功大學,05411027,數學系,D 日,D 博士,16,113
5,國立成功大學,05421029,統計學系,D 日,D 博士,12,113
5,國立成功大學,06131030,資訊管理研究所,D 日,D 博士,17,113
5,國立成功大學,06131031,多媒體系統與智慧型運算工程博士學位學程,D 日,D 博士,2,113
5,國立成功大學,06131036,資訊工程學系,D 日,D 博士,69,113
5,國立成功大學,06131037,電腦與通信工程研究所,D 日,D 博士,16,113
5,國立成功大學,06131136,智慧運算工程博士學位學程,D 日,D 博士,8,113
5,國立成功大學,07111050,化學工程學系,D 日,D 博士,42,113
5,國立成功大學,07112063,材料科學及工程學系,D 日,D 博士,60,113
5,國立成功大學,07112144,關鍵材料學位學程,D 日,D 博士,13,113
5,國立成功大學,07112148,智慧與永續製造學位學程,D 日,D 博士,15,113
5,國立成功大學,07121070,環境工程學系,D 日,D 博士,18,113
5,國立成功大學,07122026,水利及海洋工程學系,D 日,D 博士,32,113
5,國立成功大學,07132052,能源工程國際博士學位學程,D 日,D 博士,11,113
5,國立成功大學,07141032,電機工程學系,D 日,D 博士,112,113
5,國立成功大學,07141033,微電子工程研究所,D 日,D 博士,40,113
5,國立成功大學,07141035,光電科學與工程學系,D 日,D 博士,32,113
5,國立成功大學,07141040,奈米積體電路工程博士學位學程,D 日,D 博士,6,113
5,國立成功大學,07141041,製造資訊與系統研究所,D 日,D 博士,30,113
5,國立成功大學,07141071,工程科學系,D 日,D 博士,54,113
5,國立成功大學,07141141,晶片設計學位學程,D 日,D 博士,4,113
5,國立成功大學,07141142,半導體製程學位學程,D 日,D 博士,17,113
5,國立成功大學,07141143,半導體封測學位學程,D 日,D 博士,10,113
5,國立成功大學,07151042,機械工程學系,D 日,D 博士,60,113
5,國立成功大學,07162043,航空太空工程學系,D 日,D 博士,45,113
5,國立成功大學,07163044,系統及船舶機電工程學系,D 日,D 博士,11,113
5,國立成功大學,07193061,生物醫學工程學系,D 日,D 博士,85,113
5,國立成功大學,07241064,資源工程學系,D 日,D 博士,31,113
5,國立成功大學,07311075,建築學系,D 日,D 博士,50,113
5,國立成功大學,07313076,都市計劃學系,D 日,D 博士,25,113
5,國立成功大學,07321049,土木工程學系,D 日,D 博士,37,113
5,國立成功大學,07322067,測量及空間資訊學系,D 日,D 博士,40,113
5,國立成功大學,08192039,轉譯農業科學博士學位學程,D 日,D 博士,11,113
5,國立成功大學,09121053,基礎醫學研究所,D 日,D 博士,89,113
5,國立成功大學,09121078,臨床醫學研究所,D 日,D 博士,79,113
5,國立成功大學,09131090,護理學系國際博士班,D 日,D 博士,60,113
5,國立成功大學,09159091,健康照護科學研究所,D 日,D 博士,39,113
5,國立成功大學,09161088,臨床藥學與藥物科技研究所,D 日,D 博士,34,113
5,國立成功大學,09191079,公共衛生研究所,D 日,D 博士,39,113
5,國立成功大學,09191085,環境醫學研究所,D 日,D 博士,27,113
5,國立成功大學,10411098,交通管理科學系,D 日,D 博士,12,113
6,國立中興大學,02221007,歷史學系,D 日,D 博士,45,113
6,國立中興大學,02321004,台灣與跨文化研究國際博士學位學程,D 日,D 博士,13,113
6,國立中興大學,02322005,中國文學系,D 日,D 博士,27,113
6,國立中興大學,03111009,應用經濟學系,D 日,D 博士,22,113
6,國立中興大學,03122010,國際政治研究所,D 日,D 博士,29,113
6,國立中興大學,04121019,財務金融學系,D 日,D 博士,21,113
6,國立中興大學,04131016,企業管理學系,D 日,D 博士,40,113
6,國立中興大學,04199021,科技管理研究所,D 日,D 博士,48,113
6,國立中興大學,05111026,生命科學系,D 日,D 博士,37,113
6,國立中興大學,05111029,昆蟲學系,D 日,D 博士,17,113
6,國立中興大學,05121027,生物科技學研究所,D 日,D 博士,18,113
6,國立中興大學,05121033,分子生物學研究所,D 日,D 博士,11,113
6,國立中興大學,05121035,生物醫學研究所,D 日,D 博士,24,113
6,國立中興大學,05121112,特用作物及代謝體博士學位學程,D 日,D 博士,4,113
6,國立中興大學,05121117,分子與生物農業科學國際研究生博士學位學程,D 日,D 博士,43,113
6,國立中興大學,05121118,生技產業創新研發與管理博士學位學程,D 日,D 博士,7,113
6,國立中興大學,05123034,生物化學研究所,D 日,D 博士,6,113
6,國立中興大學,05124038,微生物基因體學博士學位學程,D 日,D 博士,22,113
6,國立中興大學,05292082,水土保持學系,D 日,D 博士,27,113
6,國立中興大學,05311039,化學系,D 日,D 博士,10,113
6,國立中興大學,05331040,物理學系,D 日,D 博士,17,113
6,國立中興大學,05411041,應用數學系,D 日,D 博士,17,113
6,國立中興大學,06131101,大數據產學研發博士學位學程,D 日,D 博士,11,113
6,國立中興大學,06131108,資訊工程學系,D 日,D 博士,27,113
6,國立中興大學,07111055,化學工程學系,D 日,D 博士,9,113
6,國立中興大學,07112057,材料科學與工程學系,D 日,D 博士,30,113
6,國立中興大學,07112113,生物與永續科技博士學位學程,D 日,D 博士,5,113
6,國立中興大學,07121059,環境工程學系,D 日,D 博士,19,113
6,國立中興大學,07141045,電機工程學系,D 日,D 博士,35,113
6,國立中興大學,07141116,半導體與綠色科技博士學位學程,D 日,D 博士,10,113
6,國立中興大學,07151050,機械工程學系,D 日,D 博士,19,113
6,國立中興大學,07151051,精密工程研究所,D 日,D 博士,10,113
6,國立中興大學,07151052,生物產業機電工程學系,D 日,D 博士,17,113
6,國立中興大學,07191115,工業與智慧科技博士學位學程,D 日,D 博士,13,113
6,國立中興大學,07193060,生醫工程研究所,D 日,D 博士,14,113
6,國立中興大學,07211081,食品暨應用生物科技學系,D 日,D 博士,18,113
6,國立中興大學,07321054,土木工程學系,D 日,D 博士,17,113
6,國立中興大學,08111063,農藝學系,D 日,D 博士,9,113
6,國立中興大學,08111064,國際農學博士學位學程,D 日,D 博士,35,113
6,國立中興大學,08112066,動物科學系,D 日,D 博士,26,113
6,國立中興大學,08121067,園藝學系,D 日,D 博士,28,113
6,國立中興大學,08191083,土壤環境科學系,D 日,D 博士,14,113
6,國立中興大學,08193114,國際精準農企業發展博士學位學程,D 日,D 博士,5,113
6,國立中興大學,08194068,植物病理學系,D 日,D 博士,13,113
6,國立中興大學,08194111,植物保健博士學位學程,D 日,D 博士,4,113
6,國立中興大學,08211086,森林學系,D 日,D 博士,27,113
6,國立中興大學,08411087,獸醫學系,D 日,D 博士,30,113
6,國立中興大學,08411089,獸醫病理生物學研究所,D 日,D 博士,12,113
6,國立中興大學,08411092,微生物暨公共衛生學研究所,D 日,D 博士,7,113
6,國立中興大學,09121093,轉譯醫學博士學位學程,D 日,D 博士,41,113
6,國立中興大學,09141094,醫學生物科技博士學位學程,D 日,D 博士,23,113
6,國立中興大學,09199096,組織工程與再生醫學博士學位學程,D 日,D 博士,25,113
7,國立陽明交通大學,01111001,教育研究所,D 日,D 博士,39,113
7,國立陽明交通大學,02122004,應用藝術研究所,D 日,D 博士,30,113
7,國立陽明交通大學,02222095,客家文化學院博士班,D 日,D 博士,8,113
7,國立陽明交通大學,02299010,社會與文化研究所,D 日,D 博士,38,113
7,國立陽明交通大學,04121020,資訊管理與財務金融學系財務金融博士班,D 日,D 博士,29,113
7,國立陽明交通大學,04131017,經營管理研究所,D 日,D 博士,26,113
7,國立陽明交通大學,04131018,管理科學系,D 日,D 博士,27,113
7,國立陽明交通大學,04199023,科技管理研究所,D 日,D 博士,30,113
7,國立陽明交通大學,04212027,科技法律研究所,D 日,D 博士,23,113
7,國立陽明交通大學,05121028,生物科技學系,D 日,D 博士,56,113
7,國立陽明交通大學,05121030,分子醫學與生物工程研究所,D 日,D 博士,19,113
7,國立陽明交通大學,05121112,生命科學系暨基因體科學研究所,D 日,D 博士,11,113
7,國立陽明交通大學,05121165,生技醫療產業博士學位學程,D 日,D 博士,22,113
7,國立陽明交通大學,05121186,工程生物科學學院產業博士班,D 日,D 博士,15,113
7,國立陽明交通大學,05122114,微生物及免疫學研究所,D 日,D 博士,26,113
7,國立陽明交通大學,05123116,生化暨分子生物研究所,D 日,D 博士,17,113
7,國立陽明交通大學,05124034,生物資訊及系統生物研究所,D 日,D 博士,25,113
7,國立陽明交通大學,05124117,生物醫學資訊研究所,D 日,D 博士,29,113
7,國立陽明交通大學,05199035,跨領域神經科學日間博士班,D 日,D 博士,29,113
7,國立陽明交通大學,05211043,環境科技博士學位學程(台灣聯合大學系統),D 日,D 博士,8,113
7,國立陽明交通大學,05311036,應用化學系,D 日,D 博士,61,113
7,國立陽明交通大學,05311039,永續化學科技國際研究生博士學位學程,D 日,D 博士,25,113
7,國立陽明交通大學,05331040,物理研究所,D 日,D 博士,7,113
7,國立陽明交通大學,05331041,電子物理學系,D 日,D 博士,88,113
7,國立陽明交通大學,05411045,應用數學系,D 日,D 博士,17,113
7,國立陽明交通大學,05421047,統計學研究所,D 日,D 博士,9,113
7,國立陽明交通大學,06121048,網路與資訊系統博士學位學程,D 日,D 博士,1,113
7,國立陽明交通大學,06131022,資訊管理研究所,D 日,D 博士,23,113
7,國立陽明交通大學,06131061,資訊科學與工程研究所,D 日,D 博士,139,113
7,國立陽明交通大學,06131069,資訊學院博士班,D 日,D 博士,2,113
7,國立陽明交通大學,06131106,智慧科學暨綠能學院博士班,D 日,D 博士,12,113
7,國立陽明交通大學,06199180,智能系統研究所,D 日,D 博士,15,113
7,國立陽明交通大學,07112072,材料科學與工程學系,D 日,D 博士,124,113
7,國立陽明交通大學,07121076,環境工程研究所,D 日,D 博士,14,113
7,國立陽明交通大學,07141050,電機工程學系,D 日,D 博士,62,113
7,國立陽明交通大學,07141053,電子研究所,D 日,D 博士,114,113
7,國立陽明交通大學,07141054,光電博士學位學程(台灣聯合大學系統),D 日,D 博士,9,113
7,國立陽明交通大學,07141055,光電工程學系,D 日,D 博士,61,113
7,國立陽明交通大學,07141062,電信工程研究所,D 日,D 博士,35,113
7,國立陽明交通大學,07141064,電控工程研究所,D 日,D 博士,43,113
7,國立陽明交通大學,07141066,國際半導體產業學院博士班,D 日,D 博士,79,113
7,國立陽明交通大學,07141067,電機學院博士班,D 日,D 博士,43,113
7,國立陽明交通大學,07141068,電機資訊國際博士學位學程,D 日,D 博士,60,113
7,國立陽明交通大學,07141101,光電學院博士班,D 日,D 博士,31,113
7,國立陽明交通大學,07141181,前瞻半導體研究所,D 日,D 博士,31,113
7,國立陽明交通大學,07151070,機械工程學系,D 日,D 博士,70,113
7,國立陽明交通大學,07191075,工業工程與管理學系,D 日,D 博士,29,113
7,國立陽明交通大學,07193080,生醫科學與工程博士學位學程,D 日,D 博士,15,113
7,國立陽明交通大學,07193120,生醫光電研究所,D 日,D 博士,24,113
7,國立陽明交通大學,07193122,生物醫學工程學系,D 日,D 博士,48,113
7,國立陽明交通大學,07321071,土木工程學系,D 日,D 博士,59,113
7,國立陽明交通大學,09111160,牙醫學系,D 日,D 博士,16,113
7,國立陽明交通大學,09111162,口腔生物研究所,D 日,D 博士,14,113
7,國立陽明交通大學,09121126,臨床醫學研究所,D 日,D 博士,106,113
7,國立陽明交通大學,09121128,分子醫學博士學位學程,D 日,D 博士,103,113
7,國立陽明交通大學,09121129,生理學研究所,D 日,D 博士,8,113
7,國立陽明交通大學,09121130,神經科學研究所,D 日,D 博士,28,113
7,國立陽明交通大學,09121133,急重症醫學研究所,D 日,D 博士,33,113
7,國立陽明交通大學,09121134,腦科學研究所,D 日,D 博士,59,113
7,國立陽明交通大學,09121136,轉譯醫學博士學位學程,D 日,D 博士,8,113
7,國立陽明交通大學,09121144,藥理學研究所,D 日,D 博士,20,113
7,國立陽明交通大學,09121171,跨領域醫學博士學位學程,D 日,D 博士,27,113
7,國立陽明交通大學,09131149,護理學系,D 日,D 博士,59,113
7,國立陽明交通大學,09131150,臨床護理研究所,D 日,D 博士,20,113
7,國立陽明交通大學,09141158,醫學生物技術暨檢驗學系,D 日,D 博士,12,113
7,國立陽明交通大學,09141159,生物醫學影像暨放射科學系,D 日,D 博士,39,113
7,國立陽明交通大學,09141166,生物醫學暨工程科技產業博士學位學程,D 日,D 博士,8,113
7,國立陽明交通大學,09151148,物理治療暨輔助科技學系,D 日,D 博士,26,113
7,國立陽明交通大學,09161145,生物藥學研究所,D 日,D 博士,11,113
7,國立陽明交通大學,09161176,醫藥品法規科學博士學位學程,D 日,D 博士,9,113
7,國立陽明交通大學,09171143,傳統醫藥研究所,D 日,D 博士,41,113
7,國立陽明交通大學,09191137,公共衛生研究所,D 日,D 博士,78,113
7,國立陽明交通大學,09191138,衛生福利研究所,D 日,D 博士,17,113
7,國立陽明交通大學,09191140,環境與職業衛生研究所,D 日,D 博士,12,113
7,國立陽明交通大學,09191185,智慧醫療與政策管理產業博士學位學程,D 日,D 博士,4,113
7,國立陽明交通大學,10411086,運輸與物流管理學系,D 日,D 博士,22,113
8,國立中央大學,01115001,學習與教學研究所,D 日,D 博士,25,113
8,國立中央大學,02231011,哲學研究所,D 日,D 博士,30,113
8,國立中央大學,02322006,中國文學系,D 日,D 博士,24,113
8,國立中央大學,03111013,經濟學系,D 日,D 博士,2,113
8,國立中央大學,03111014,產業經濟研究所,D 日,D 博士,1,113
8,國立中央大學,03131017,認知神經科學研究所,D 日,D 博士,11,113
8,國立中央大學,03131034,跨領域神經科學日間博士班,D 日,D 博士,8,113
8,國立中央大學,03199020,客家語文暨社會科學學系客家研究博士班,D 日,D 博士,22,113
8,國立中央大學,04121024,財務金融學系,D 日,D 博士,13,113
8,國立中央大學,04131023,企業管理學系,D 日,D 博士,68,113
8,國立中央大學,04131085,永續領導力博士學位學程,D 日,D 博士,3,113
8,國立中央大學,04199027,人力資源管理研究所,D 日,D 博士,2,113
8,國立中央大學,05121031,生命科學系,D 日,D 博士,18,113
8,國立中央大學,05211049,環境科技博士學位學程（台灣聯合大學系統）,D 日,D 博士,12,113
8,國立中央大學,05311035,化學學系,D 日,D 博士,7,113
8,國立中央大學,05321036,地球科學學系地球物理博士班,D 日,D 博士,22,113
8,國立中央大學,05321037,應用地質研究所,D 日,D 博士,25,113
8,國立中央大學,05321041,地球系統科學國際研究生博士學位學程,D 日,D 博士,32,113
8,國立中央大學,05322044,大氣科學學系大氣物理博士班,D 日,D 博士,20,113
8,國立中央大學,05322079,太空科學與工程學系,D 日,D 博士,17,113
8,國立中央大學,05323039,水文與海洋科學研究所,D 日,D 博士,15,113
8,國立中央大學,05331042,物理學系,D 日,D 博士,48,113
8,國立中央大學,05332045,天文研究所,D 日,D 博士,9,113
8,國立中央大學,05411051,數學系,D 日,D 博士,5,113
8,國立中央大學,05421052,統計研究所,D 日,D 博士,8,113
8,國立中央大學,06131053,資訊管理學系,D 日,D 博士,22,113
8,國立中央大學,06131059,資訊工程學系,D 日,D 博士,68,113
8,國立中央大學,06132002,網路學習科技研究所,D 日,D 博士,33,113
8,國立中央大學,07111069,化學工程與材料工程學系,D 日,D 博士,29,113
8,國立中央大學,07112070,材料科學與工程研究所,D 日,D 博士,10,113
8,國立中央大學,07112083,永續去碳科技博士學位學程,D 日,D 博士,3,113
8,國立中央大學,07121072,環境工程研究所,D 日,D 博士,16,113
8,國立中央大學,07132066,能源工程研究所,D 日,D 博士,4,113
8,國立中央大學,07141055,電機工程學系,D 日,D 博士,41,113
8,國立中央大學,07141056,光電博士學位學程(台灣聯合大學系統),D 日,D 博士,1,113
8,國立中央大學,07141057,光電科學與工程學系,D 日,D 博士,33,113
8,國立中央大學,07141060,通訊工程學系,D 日,D 博士,11,113
8,國立中央大學,07141084,永續綠能科技博士學位學程,D 日,D 博士,3,113
8,國立中央大學,07151064,機械工程學系,D 日,D 博士,64,113
8,國立中央大學,07191026,工業管理研究所,D 日,D 博士,3,113
8,國立中央大學,07193074,生醫科學與工程學系,D 日,D 博士,46,113
8,國立中央大學,07321067,土木工程學系,D 日,D 博士,71,113
9,國立中山大學,01111001,教育研究所,D 日,D 博士,51,113
9,國立中山大學,01111072,教育與人類發展研究全英語博士學位學程,D 日,D 博士,18,113
9,國立中山大學,02231008,哲學研究所,D 日,D 博士,2,113
9,國立中山大學,02311006,外國語文學系,D 日,D 博士,12,113
9,國立中山大學,02322005,中國文學系,D 日,D 博士,23,113
9,國立中山大學,03121011,政治學研究所,D 日,D 博士,18,113
9,國立中山大學,03143016,中國與亞太區域研究所,D 日,D 博士,59,113
9,國立中山大學,04121024,財務管理學系,D 日,D 博士,15,113
9,國立中山大學,04131021,企業管理學系,D 日,D 博士,104,113
9,國立中山大學,04131028,人力資源管理研究所,D 日,D 博士,26,113
9,國立中山大學,04134017,公共事務管理研究所,D 日,D 博士,23,113
9,國立中山大學,05111033,生物科學系,D 日,D 博士,22,113
9,國立中山大學,05121035,生物醫學研究所,D 日,D 博士,56,113
9,國立中山大學,05121044,海洋生物科技暨資源學系,D 日,D 博士,35,113
9,國立中山大學,05124076,精準醫學研究所,D 日,D 博士,2,113
9,國立中山大學,05211079,海洋科學與科技全英語博士學位學程,D 日,D 博士,13,113
9,國立中山大學,05311037,化學系,D 日,D 博士,29,113
9,國立中山大學,05323043,海洋生物科技博士學位學程,D 日,D 博士,4,113
9,國立中山大學,05323047,海洋科學系,D 日,D 博士,13,113
9,國立中山大學,05331038,物理學系,D 日,D 博士,41,113
9,國立中山大學,05399070,理學國際博士學位學程,D 日,D 博士,15,113
9,國立中山大學,05411051,應用數學系,D 日,D 博士,6,113
9,國立中山大學,06111055,資訊工程學系,D 日,D 博士,24,113
9,國立中山大學,06131052,資訊管理學系,D 日,D 博士,25,113
9,國立中山大學,07112063,材料與光電科學學系,D 日,D 博士,39,113
9,國立中山大學,07121064,環境工程研究所,D 日,D 博士,31,113
9,國立中山大學,07122065,海洋環境及工程學系,D 日,D 博士,21,113
9,國立中山大學,07141053,電機工程學系,D 日,D 博士,22,113
9,國立中山大學,07141054,光電工程學系,D 日,D 博士,22,113
9,國立中山大學,07141057,通訊工程研究所,D 日,D 博士,10,113
9,國立中山大學,07141087,創新半導體製造研究所,D 日,D 博士,2,113
9,國立中山大學,07151061,機械與機電工程學系,D 日,D 博士,31,113
9,國立中山大學,07193067,醫學科技研究所,D 日,D 博士,22,113
9,國立中山大學,09121082,臨床醫學科學博士學位學程,D 日,D 博士,18,113
9,國立中山大學,09161074,生技醫藥研究所,D 日,D 博士,5,113
12,國立臺灣海洋大學,04212009,海洋法律研究所,D 日,D 博士,27,113
12,國立臺灣海洋大學,05121014,生命科學暨生物科技學系,D 日,D 博士,18,113
12,國立臺灣海洋大學,05121018,海洋生物科技博士學位學程,D 日,D 博士,4,113
12,國立臺灣海洋大學,05321057,地球科學研究所,D 日,D 博士,5,113
12,國立臺灣海洋大學,05323017,海洋生物研究所,D 日,D 博士,24,113
12,國立臺灣海洋大學,05323020,海洋環境資訊系,D 日,D 博士,8,113
12,國立臺灣海洋大學,05323023,海洋資源與環境變遷博士學位學程,D 日,D 博士,15,113
12,國立臺灣海洋大學,06131028,資訊工程學系,D 日,D 博士,8,113
12,國立臺灣海洋大學,07122040,河海工程學系,D 日,D 博士,33,113
12,國立臺灣海洋大學,07122041,海洋工程科技博士學位學程,D 日,D 博士,3,113
12,國立臺灣海洋大學,07141025,電機工程學系,D 日,D 博士,15,113
12,國立臺灣海洋大學,07141027,光電與材料科技學系,D 日,D 博士,3,113
12,國立臺灣海洋大學,07151036,機械與機電工程學系,D 日,D 博士,6,113
12,國立臺灣海洋大學,07163033,系統工程暨造船學系,D 日,D 博士,8,113
12,國立臺灣海洋大學,07163035,輪機工程學系,D 日,D 博士,28,113
12,國立臺灣海洋大學,07211042,食品科學系,D 日,D 博士,29,113
12,國立臺灣海洋大學,08311045,環境生物與漁業科學學系,D 日,D 博士,22,113
12,國立臺灣海洋大學,08312046,水產養殖學系,D 日,D 博士,40,113
12,國立臺灣海洋大學,10412048,航運管理學系,D 日,D 博士,45,113
13,國立中正大學,01111001,教育學研究所,D 日,D 博士,60,113
13,國立中正大學,01112005,成人及繼續教育學系,D 日,D 博士,54,113
13,國立中正大學,01114007,教育領導與管理發展國際博士學位學程,D 日,D 博士,9,113
13,國立中正大學,02221015,歷史學系,D 日,D 博士,22,113
13,國立中正大學,02231016,哲學系,D 日,D 博士,8,113
13,國立中正大學,02322011,中國文學系,D 日,D 博士,31,113
13,國立中正大學,02399014,語言學研究所,D 日,D 博士,13,113
13,國立中正大學,03111017,經濟學系國際經濟學博士班,D 日,D 博士,6,113
13,國立中正大學,03131019,心理學系,D 日,D 博士,13,113
13,國立中正大學,03199022,認知科學博士學位學程,D 日,D 博士,4,113
13,國立中正大學,03199026,犯罪防治學系,D 日,D 博士,35,113
13,國立中正大學,04111032,會計與資訊科技學系,D 日,D 博士,13,113
13,國立中正大學,04121034,財務金融學系,D 日,D 博士,7,113
13,國立中正大學,04131033,企業管理學系,D 日,D 博士,45,113
13,國立中正大學,04211039,法律學系,D 日,D 博士,47,113
13,國立中正大學,05121075,生物醫學科學系分子生物博士班,D 日,D 博士,22,113
13,國立中正大學,05311045,化學暨生物化學系,D 日,D 博士,7,113
13,國立中正大學,05321047,地球與環境科學系地震學暨地球與環境科學博士班,D 日,D 博士,9,113
13,國立中正大學,05331067,物理學系,D 日,D 博士,11,113
13,國立中正大學,05399078,跨領域科學國際博士學位學程,D 日,D 博士,12,113
13,國立中正大學,05411049,數學系數學科學博士班,D 日,D 博士,1,113
13,國立中正大學,06131053,資訊管理學系,D 日,D 博士,13,113
13,國立中正大學,06131055,資訊工程學系,D 日,D 博士,18,113
13,國立中正大學,07111061,化學工程學系,D 日,D 博士,5,113
13,國立中正大學,07141054,電機工程學系,D 日,D 博士,20,113
13,國立中正大學,07141056,通訊工程學系,D 日,D 博士,4,113
13,國立中正大學,07151058,機械工程學系,D 日,D 博士,44,113
13,國立中正大學,07151071,前瞻製造系統博士學位學程,D 日,D 博士,5,113
13,國立中正大學,07199076,環境智能及智慧系統博士學位學程,D 日,D 博士,2,113
13,國立中正大學,09231063,社會福利學系,D 日,D 博士,18,113
14,國立高雄師範大學,01111001,教育學系,D 日,D 博士,83,113
14,國立高雄師範大學,01112009,成人教育研究所,D 日,D 博士,64,113
14,國立高雄師範大學,01113010,特殊教育學系特殊教育博士班,D 日,D 博士,33,113
14,國立高雄師範大學,01141003,工業科技教育學系,D 日,D 博士,32,113
14,國立高雄師範大學,01141006,科學教育暨環境教育研究所科學教育博士班,D 日,D 博士,43,113
14,國立高雄師範大學,01199011,性別教育博士學位學程,D 日,D 博士,21,113
14,國立高雄師範大學,02311021,英語學系,D 日,D 博士,25,113
14,國立高雄師範大學,02313002,華語文教學博士學位學程,D 日,D 博士,14,113
14,國立高雄師範大學,02322019,國文學系,D 日,D 博士,50,113
14,國立高雄師範大學,03131026,諮商心理與復健諮商研究所諮商心理博士班,D 日,D 博士,37,113
14,國立高雄師範大學,03142030,地理學系,D 日,D 博士,28,113
14,國立高雄師範大學,05331037,物理學系,D 日,D 博士,12,113
15,國立彰化師範大學,01111002,教育研究所,D 日,D 博士,30,113
15,國立彰化師範大學,01113012,特殊教育學系,D 日,D 博士,23,113
15,國立彰化師範大學,01131004,科學教育研究所,D 日,D 博士,22,113
15,國立彰化師範大學,02311020,英語學系,D 日,D 博士,14,113
15,國立彰化師範大學,02322019,國文學系,D 日,D 博士,23,113
15,國立彰化師範大學,03131025,輔導與諮商學系,D 日,D 博士,47,113
15,國立彰化師範大學,03142027,地理學系地理暨環境資源博士班,D 日,D 博士,5,113
15,國立彰化師範大學,04121031,財務金融技術學系,D 日,D 博士,78,113
15,國立彰化師範大學,04131033,人力資源管理研究所,D 日,D 博士,25,113
15,國立彰化師範大學,05331037,物理學系,D 日,D 博士,14,113
15,國立彰化師範大學,05411038,數學系,D 日,D 博士,11,113
15,國立彰化師範大學,07141042,電機工程學系,D 日,D 博士,21,113
15,國立彰化師範大學,07141046,光電科技研究所,D 日,D 博士,18,113
15,國立彰化師範大學,07141054,機電工程學系,D 日,D 博士,17,113
15,國立彰化師範大學,07199007,工業教育與技術學系,D 日,D 博士,114,113
17,國立臺北大學,03111009,經濟學系,D 日,D 博士,3,113
17,國立臺北大學,04111017,會計學系,D 日,D 博士,12,113
17,國立臺北大學,04131018,企業管理學系,D 日,D 博士,83,113
17,國立臺北大學,04134013,公共行政暨政策學系,D 日,D 博士,12,113
17,國立臺北大學,04134024,不動產與城鄉環境學系,D 日,D 博士,19,113
17,國立臺北大學,04211028,法律學系,D 日,D 博士,37,113
17,國立臺北大學,05211043,自然資源與環境管理研究所,D 日,D 博士,16,113
17,國立臺北大學,06131038,電機資訊學院博士班,D 日,D 博士,15,113
17,國立臺北大學,07313039,都市計劃研究所,D 日,D 博士,9,113
18,國立嘉義大學,01111001,教育學系,D 日,D 博士,60,113
18,國立嘉義大學,04131038,企業管理學系,D 日,D 博士,33,113
18,國立嘉義大學,05311059,應用化學系,D 日,D 博士,6,113
18,國立嘉義大學,06131066,資訊工程學系,D 日,D 博士,5,113
18,國立嘉義大學,07211088,食品科學系,D 日,D 博士,30,113
18,國立嘉義大學,08111077,農業科學博士學位學程,D 日,D 博士,42,113
18,國立嘉義大學,10151044,行銷與觀光管理學系觀光休閒管理博士班,D 日,D 博士,20,113
19,國立高雄大學,04211018,法學院博士班,D 日,D 博士,13,113
19,國立高雄大學,05411024,應用數學系,D 日,D 博士,3,113
19,國立高雄大學,07141027,電機工程學系,D 日,D 博士,4,113
20,國立東華大學,01111001,教育與潛能開發學系,D 日,D 博士,132,113
20,國立東華大學,01111004,花師教育學院多元文化教育博士班,D 日,D 博士,2,113
20,國立東華大學,02131117,藝術學院藝術跨領域國際博士班,D 日,D 博士,1,113
20,國立東華大學,02222042,族群關係與文化學系,D 日,D 博士,28,113
20,國立東華大學,02222114,原住民民族學院原住民族研究國際博士班,D 日,D 博士,6,113
20,國立東華大學,02322025,中國語文學系,D 日,D 博士,34,113
20,國立東華大學,02323110,人文社會科學學院華語文教學國際博士班,D 日,D 博士,8,113
20,國立東華大學,03111034,經濟學系,D 日,D 博士,12,113
20,國立東華大學,03191111,人文社會科學學院亞太區域研究博士班,D 日,D 博士,32,113
20,國立東華大學,04131059,企業管理學系,D 日,D 博士,49,113
20,國立東華大學,05121069,生命科學系生物技術博士班,D 日,D 博士,0,113
20,國立東華大學,05121116,生化暨分子醫學科學系,D 日,D 博士,4,113
20,國立東華大學,05211094,自然資源與環境學系,D 日,D 博士,29,113
20,國立東華大學,05311071,化學系,D 日,D 博士,13,113
20,國立東華大學,05323078,海洋生物研究所,D 日,D 博士,4,113
20,國立東華大學,05331072,物理學系應用物理博士班,D 日,D 博士,20,113
20,國立東華大學,05411074,應用數學系,D 日,D 博士,6,113
20,國立東華大學,06131086,資訊工程學系,D 日,D 博士,11,113
20,國立東華大學,07112090,材料科學與工程學系,D 日,D 博士,10,113
20,國立東華大學,07141083,電機工程學系,D 日,D 博士,4,113
21,國立暨南國際大學,01111001,國際文教與比較教育學系,D 日,D 博士,30,113
21,國立暨南國際大學,01111002,國際文教管理人才博士學位學程,D 日,D 博士,0,113
21,國立暨南國際大學,01114010,教育政策與行政學系,D 日,D 博士,82,113
21,國立暨南國際大學,02221015,歷史學系,D 日,D 博士,8,113
21,國立暨南國際大學,02322013,中國語文學系,D 日,D 博士,7,113
21,國立暨南國際大學,03131004,諮商心理與人力資源發展學系輔導與諮商博士班,D 日,D 博士,15,113
21,國立暨南國際大學,03143019,東南亞學系,D 日,D 博士,17,113
21,國立暨南國際大學,04131026,新興產業策略與發展博士學位學程,D 日,D 博士,94,113
21,國立暨南國際大學,04134020,公共行政與政策學系,D 日,D 博士,11,113
21,國立暨南國際大學,05211057,智慧精準農業產學研發博士學位學程,D 日,D 博士,3,113
21,國立暨南國際大學,05311027,應用化學系,D 日,D 博士,5,113
21,國立暨南國際大學,06131034,資訊工程學系,D 日,D 博士,11,113
21,國立暨南國際大學,07141031,電機工程學系,D 日,D 博士,4,113
21,國立暨南國際大學,07321035,土木工程學系,D 日,D 博士,23,113
21,國立暨南國際大學,09231038,社會政策與社會工作學系,D 日,D 博士,38,113
22,國立臺灣科技大學,01116002,數位學習與教育研究所,D 日,D 博士,55,113
22,國立臺灣科技大學,02122004,設計系博士班,D 日,D 博士,43,113
22,國立臺灣科技大學,04121010,財務金融研究所,D 日,D 博士,9,113
22,國立臺灣科技大學,04131008,企業管理系博士班,D 日,D 博士,52,113
22,國立臺灣科技大學,04191009,管理研究所,D 日,D 博士,27,113
22,國立臺灣科技大學,06131016,資訊管理系博士班,D 日,D 博士,44,113
22,國立臺灣科技大學,06131020,資訊工程系,D 日,D 博士,46,113
22,國立臺灣科技大學,06132043,人工智慧跨域科技研究所,D 日,D 博士,9,113
22,國立臺灣科技大學,07111026,化學工程系,D 日,D 博士,65,113
22,國立臺灣科技大學,07112015,應用科技研究所,D 日,D 博士,146,113
22,國立臺灣科技大學,07112028,材料科學與工程系,D 日,D 博士,91,113
22,國立臺灣科技大學,07132044,能源永續科技研究所,D 日,D 博士,15,113
22,國立臺灣科技大學,07141017,電機工程系,D 日,D 博士,66,113
22,國立臺灣科技大學,07141018,電子工程系,D 日,D 博士,82,113
22,國立臺灣科技大學,07141019,光電工程研究所,D 日,D 博士,13,113
22,國立臺灣科技大學,07151023,機械工程系,D 日,D 博士,88,113
22,國立臺灣科技大學,07151024,自動化及控制研究所,D 日,D 博士,12,113
22,國立臺灣科技大學,07191012,工業管理系,D 日,D 博士,55,113
22,國立臺灣科技大學,07191042,智慧製造科技研究所,D 日,D 博士,11,113
22,國立臺灣科技大學,07311038,建築系,D 日,D 博士,35,113
22,國立臺灣科技大學,07321025,營建工程系,D 日,D 博士,59,113
23,國立雲林科技大學,01118001,技術及職業教育研究所,D 日,D 博士,57,113
23,國立雲林科技大學,02122007,設計學研究所,D 日,D 博士,102,113
23,國立雲林科技大學,04111018,會計系博士班,D 日,D 博士,16,113
23,國立雲林科技大學,04121024,財務金融系博士班,D 日,D 博士,25,113
23,國立雲林科技大學,04131019,企業管理系博士班,D 日,D 博士,86,113
23,國立雲林科技大學,04131057,產業經營專業博士學位學程,D 日,D 博士,18,113
23,國立雲林科技大學,06131032,資訊管理系博士班,D 日,D 博士,19,113
23,國立雲林科技大學,07111045,化學工程與材料工程系博士班,D 日,D 博士,5,113
23,國立雲林科技大學,07121049,環境與安全衛生工程系博士班,D 日,D 博士,4,113
23,國立雲林科技大學,07141034,電子工程系博士班,D 日,D 博士,8,113
23,國立雲林科技大學,07151041,機械工程系博士班,D 日,D 博士,21,113
23,國立雲林科技大學,07191048,工業工程與管理系博士班,D 日,D 博士,12,113
23,國立雲林科技大學,07194050,工程科技研究所,D 日,D 博士,70,113
24,國立屏東科技大學,05121016,農學院生物資源博士班,D 日,D 博士,28,113
24,國立屏東科技大學,05121050,動物用疫苗國際學位專班,D 日,D 博士,18,113
24,國立屏東科技大學,07121025,環境工程與科學系博士班,D 日,D 博士,24,113
24,國立屏東科技大學,07211037,食品科學系博士班,D 日,D 博士,23,113
24,國立屏東科技大學,07321021,土木工程系博士班,D 日,D 博士,18,113
24,國立屏東科技大學,08111029,農園生產系博士班,D 日,D 博士,19,113
24,國立屏東科技大學,08199030,熱帶農業暨國際合作系博士班,D 日,D 博士,89,113
24,國立屏東科技大學,08312046,水產養殖系博士班,D 日,D 博士,16,113
24,國立屏東科技大學,08312068,觀賞魚科技及水生動物健康國際學位專班,D 日,D 博士,8,113
24,國立屏東科技大學,08411048,獸醫學系博士班,D 日,D 博士,13,113
25,國立臺北科技大學,01118001,技術及職業教育研究所,D 日,D 博士,58,113
25,國立臺北科技大學,02122003,設計學院設計博士班,D 日,D 博士,77,113
25,國立臺北科技大學,04131020,管理學院管理博士班,D 日,D 博士,100,113
25,國立臺北科技大學,06131034,資訊工程系博士班,D 日,D 博士,17,113
25,國立臺北科技大學,06131079,資訊安全博士學位學程,D 日,D 博士,9,113
25,國立臺北科技大學,06199077,人工智慧科技博士學位學程,D 日,D 博士,9,113
25,國立臺北科技大學,07111048,化學工程與生物科技系博士班,D 日,D 博士,42,113
25,國立臺北科技大學,07111053,分子科學與工程系有機高分子博士班,D 日,D 博士,26,113
25,國立臺北科技大學,07112057,材料科學與工程研究所,D 日,D 博士,23,113
25,國立臺北科技大學,07112059,資源工程研究所,D 日,D 博士,11,113
25,國立臺北科技大學,07112067,工程學院_能源與光電材料外國學生專班,D 日,D 博士,53,113
25,國立臺北科技大學,07121063,環境工程與管理研究所,D 日,D 博士,12,113
25,國立臺北科技大學,07132068,能源與冷凍空調工程系博士班,D 日,D 博士,24,113
25,國立臺北科技大學,07141025,電機工程系博士班,D 日,D 博士,46,113
25,國立臺北科技大學,07141028,電子工程系博士班,D 日,D 博士,47,113
25,國立臺北科技大學,07141032,光電工程系博士班,D 日,D 博士,17,113
25,國立臺北科技大學,07141036,電資學院_外國學生專班,D 日,D 博士,26,113
25,國立臺北科技大學,07151040,機電學院,D 日,D 博士,68,113
25,國立臺北科技大學,07151043,製造科技研究所,D 日,D 博士,31,113
25,國立臺北科技大學,07191022,工業工程與管理系博士班,D 日,D 博士,38,113
25,國立臺北科技大學,07321045,土木工程系土木與防災博士班,D 日,D 博士,29,113
28,國立臺北藝術大學,02131003,美術學系,D 日,D 博士,23,113
28,國立臺北藝術大學,02151005,音樂學系,D 日,D 博士,37,113
28,國立臺北藝術大學,02152008,戲劇學系,D 日,D 博士,16,113
28,國立臺北藝術大學,02152013,舞蹈學系,D 日,D 博士,20,113
28,國立臺北藝術大學,02191021,文化資源學院文化資產與藝術創新博士班,D 日,D 博士,42,113
29,國立臺灣藝術大學,02111032,影音創作與數位媒體產業博士班,D 日,D 博士,16,113
29,國立臺灣藝術大學,02122027,創意產業設計研究所,D 日,D 博士,30,113
29,國立臺灣藝術大學,02131003,美術學系當代視覺文化博士班,D 日,D 博士,30,113
29,國立臺灣藝術大學,02131005,書畫藝術學系,D 日,D 博士,31,113
29,國立臺灣藝術大學,02152035,跨域表演藝術研究所,D 日,D 博士,18,113
29,國立臺灣藝術大學,02191018,表演藝術學院表演藝術博士班,D 日,D 博士,11,113
29,國立臺灣藝術大學,02192026,藝術管理與文化政策研究所,D 日,D 博士,25,113
30,國立臺東大學,01111001,教育學系教育研究博士班,D 日,D 博士,16,113
30,國立臺東大學,02222043,人文學院南島文化研究博士班,D 日,D 博士,9,113
30,國立臺東大學,02399016,兒童文學研究所,D 日,D 博士,25,113
30,國立臺東大學,05399045,理工學院應用科學與生物技術博士班,D 日,D 博士,4,113
31,國立宜蘭大學,08112030,生物技術與動物科學系,D 日,D 博士,13,113
32,國立聯合大學,07112030,材料與化學工程博士學位學程,D 日,D 博士,24,113
32,國立聯合大學,07141046,電機資訊學院博士班,D 日,D 博士,2,113
33,國立虎尾科技大學,07141011,光電工程系光電與材料科技博士班,D 日,D 博士,17,113
33,國立虎尾科技大學,07151016,動力機械工程系機械與機電工程博士班,D 日,D 博士,13,113
33,國立虎尾科技大學,07199035,智慧產業科技研發博士學位學程,D 日,D 博士,28,113
35,國立臺南藝術大學,02131016,藝術創作理論研究所,D 日,D 博士,48,113
35,國立臺南藝術大學,02151003,音樂學院應用音樂學博士班,D 日,D 博士,5,113
35,國立臺南藝術大學,02191014,藝術史學系藝術史評與古物研究博士班,D 日,D 博士,12,113
35,國立臺南藝術大學,02192022,博物館學與古物維護研究所,D 日,D 博士,8,113
36,國立臺南大學,01111001,教育學系,D 日,D 博士,95,113
36,國立臺南大學,01113019,特殊教育學系,D 日,D 博士,20,113
36,國立臺南大學,06134024,數位學習科技學系,D 日,D 博士,22,113
36,國立臺南大學,07141049,電機工程學系,D 日,D 博士,9,113
37,國立臺北教育大學,01114044,教育經營與管理學系教育政策與管理博士班,D 日,D 博士,84,113
37,國立臺北教育大學,01115020,課程與教學傳播科技研究所,D 日,D 博士,36,113
37,國立臺北教育大學,01141040,自然科學教育學系,D 日,D 博士,14,113
37,國立臺北教育大學,02121014,藝術與造形設計學系藝術跨域整合博士班,D 日,D 博士,21,113
39,國立臺中教育大學,01111001,教育學系,D 日,D 博士,36,113
39,國立臺中教育大學,01117028,教育資訊與測驗統計研究所,D 日,D 博士,44,113
39,國立臺中教育大學,01131006,語文教育學系,D 日,D 博士,31,113
43,國立勤益科技大學,07141037,前瞻電資科技研究所,D 日,D 博士,17,113
43,國立勤益科技大學,07151034,智慧機械與智慧製造產業博士學位學程,D 日,D 博士,16,113
43,國立勤益科技大學,07194024,精密製造科技研究所,D 日,D 博士,34,113
44,國立體育大學,01141001,體育研究所,D 日,D 博士,52,113
44,國立體育大學,10141008,競技與教練科學研究所,D 日,D 博士,46,113
44,國立體育大學,10142010,運動科學研究所,D 日,D 博士,18,113
44,國立體育大學,10152021,國際運動管理與創新博士學位學程,D 日,D 博士,25,113
46,國立臺北護理健康大學,09131009,護理系,D 日,D 博士,74,113
47,國立高雄餐旅大學,10151029,觀光研究所,D 日,D 博士,39,113
48,國立金門大學,04199042,跨境產業策略與發展博士學位學程,D 日,D 博士,9,113
49,國立臺灣體育運動大學,04199010,運動事業管理學系東南亞博士班,D 日,D 博士,8,113
49,國立臺灣體育運動大學,10141003,競技運動學系,D 日,D 博士,15,113
50,國立臺中科技大學,06131050,資訊與流通學院智慧工程博士班,D 日,D 博士,8,113
51,國立臺北商業大學,04191025,財經學院博士班,D 日,D 博士,12,113
52,國立屏東大學,01114018,教育行政研究所,D 日,D 博士,46,113
52,國立屏東大學,05399072,理學院應用科學國際博士班,D 日,D 博士,1,113
53,國立高雄科技大學,04121052,財務金融學院博士班,D 日,D 博士,15,113
53,國立高雄科技大學,04131106,管理學院博士班,D 日,D 博士,86,113
53,國立高雄科技大學,04141023,國際企業系博士班,D 日,D 博士,33,113
53,國立高雄科技大學,04191120,商業智慧學院博士班,D 日,D 博士,41,113
53,國立高雄科技大學,05211128,水圈學院_外國學生專班,D 日,D 博士,14,113
53,國立高雄科技大學,05323050,水圈學院水產科技產業博士班,D 日,D 博士,55,113
53,國立高雄科技大學,07111085,化學工程與材料工程系博士班,D 日,D 博士,13,113
53,國立高雄科技大學,07121086,環境與安全衛生工程系博士班,D 日,D 博士,5,113
53,國立高雄科技大學,07141103,電子工程系博士班(建工校區),D 日,D 博士,59,113
53,國立高雄科技大學,07141105,電機工程系博士班,D 日,D 博士,33,113
53,國立高雄科技大學,07151071,機電工程系博士班,D 日,D 博士,3,113
53,國立高雄科技大學,07151072,機械工程系博士班,D 日,D 博士,46,113
53,國立高雄科技大學,07151074,模具工程系博士班,D 日,D 博士,14,113
53,國立高雄科技大學,07191091,工業工程與管理系博士班,D 日,D 博士,33,113
53,國立高雄科技大學,07194088,工學院工程科技博士班,D 日,D 博士,59,113
53,國立高雄科技大學,07194094,海事學院海事科技產學合作博士班,D 日,D 博士,27,113
53,國立高雄科技大學,07321077,土木工程系土木工程科技博士班,D 日,D 博士,13,113
53,國立高雄科技大學,10412060,航運管理系博士班,D 日,D 博士,19,113
1001,東海大學,02231010,哲學系,D 日,D 博士,21,113
1001,東海大學,02322004,中國文學系,D 日,D 博士,20,113
1001,東海大學,03121013,政治學系,D 日,D 博士,27,113
1001,東海大學,03141014,社會學系,D 日,D 博士,35,113
1001,東海大學,04211027,法律學系,D 日,D 博士,20,113
1001,東海大學,05111028,生命科學系,D 日,D 博士,18,113
1001,東海大學,05111061,生物多樣性國際研究生博士學位學程,D 日,D 博士,9,113
1001,東海大學,05123060,生醫暨材料科學國際博士學位學程,D 日,D 博士,4,113
1001,東海大學,05311030,化學系,D 日,D 博士,7,113
1001,東海大學,05331032,應用物理學系,D 日,D 博士,4,113
1001,東海大學,05421035,統計學系,D 日,D 博士,2,113
1001,東海大學,07111042,化學工程與材料工程學系,D 日,D 博士,5,113
1001,東海大學,07121045,環境科學與工程學系,D 日,D 博士,3,113
1001,東海大學,07191044,工業工程與經營資訊學系,D 日,D 博士,36,113
1001,東海大學,08112051,畜產與生物科技學系,D 日,D 博士,10,113
1001,東海大學,09231053,社會工作學系,D 日,D 博士,21,113
1002,輔仁大學,02151034,音樂學系,D 日,D 博士,34,113
1002,輔仁大學,02211019,宗教學系,D 日,D 博士,47,113
1002,輔仁大學,02231037,哲學系,D 日,D 博士,40,113
1002,輔仁大學,02299060,跨文化研究所比較文學與跨文化研究博士班,D 日,D 博士,39,113
1002,輔仁大學,02322003,中國文學系,D 日,D 博士,28,113
1002,輔仁大學,03131007,心理學系,D 日,D 博士,29,113
1002,輔仁大學,04191040,商學研究所,D 日,D 博士,82,113
1002,輔仁大學,04211020,法律學系,D 日,D 博士,45,113
1002,輔仁大學,05191036,食品營養博士學位學程,D 日,D 博士,36,113
1002,輔仁大學,05311005,化學系,D 日,D 博士,16,113
1002,輔仁大學,06131077,應用科學與工程研究所,D 日,D 博士,38,113
1002,輔仁大學,09161091,生技醫藥博士學位學程,D 日,D 博士,15,113
1003,東吳大學,02311005,日本語文學系,D 日,D 博士,19,113
1003,東吳大學,02322002,中國文學系,D 日,D 博士,26,113
1003,東吳大學,03111008,經濟學系,D 日,D 博士,13,113
1003,東吳大學,03121009,政治學系,D 日,D 博士,10,113
1003,東吳大學,04211021,法律學系,D 日,D 博士,33,113
1004,中原大學,02122007,設計學博士學位學程,D 日,D 博士,40,113
1004,中原大學,04131014,企業管理學系,D 日,D 博士,36,113
1004,中原大學,04191012,商學博士學位學程,D 日,D 博士,46,113
1004,中原大學,05311023,化學系,D 日,D 博士,20,113
1004,中原大學,05331024,物理學系,D 日,D 博士,8,113
1004,中原大學,05411027,應用數學系,D 日,D 博士,4,113
1004,中原大學,07111037,化學工程學系,D 日,D 博士,9,113
1004,中原大學,07141029,電機工程學系,D 日,D 博士,19,113
1004,中原大學,07141030,電子工程學系,D 日,D 博士,10,113
1004,中原大學,07151034,機械工程學系,D 日,D 博士,32,113
1004,中原大學,07191041,工業與系統工程學系,D 日,D 博士,38,113
1004,中原大學,07193043,生物醫學工程學系,D 日,D 博士,25,113
1004,中原大學,07321035,土木工程學系,D 日,D 博士,33,113
1005,淡江大學,01114093,教育學院教育領導與科技管理博士班,D 日,D 博士,10,113
1005,淡江大學,01114108,教育與未來設計學系前瞻教育領導與科技管理博士班,D 日,D 博士,20,113
1005,淡江大學,02311088,英文學系,D 日,D 博士,26,113
1005,淡江大學,02322090,中國文學學系,D 日,D 博士,33,113
1005,淡江大學,03111075,產業經濟學系,D 日,D 博士,11,113
1005,淡江大學,03122060,國際事務與戰略研究所,D 日,D 博士,56,113
1005,淡江大學,03143059,外交與國際關係學系歐洲研究博士班,D 日,D 博士,13,113
1005,淡江大學,03143065,美洲研究所,D 日,D 博士,0,113
1005,淡江大學,04121037,財務金融學系,D 日,D 博士,40,113
1005,淡江大學,04131047,管理科學學系,D 日,D 博士,60,113
1005,淡江大學,05311031,化學學系,D 日,D 博士,0,113
1005,淡江大學,05331030,物理學系,D 日,D 博士,2,113
1005,淡江大學,05399106,理學院應用科學博士班,D 日,D 博士,12,113
1005,淡江大學,05411110,應用數學與數據科學學系,D 日,D 博士,5,113
1005,淡江大學,06131018,資訊工程學系,D 日,D 博士,21,113
1005,淡江大學,07111010,化學工程與材料工程學系,D 日,D 博士,3,113
1005,淡江大學,07122009,水資源及環境工程學系,D 日,D 博士,4,113
1005,淡江大學,07141019,電機工程學系,D 日,D 博士,20,113
1005,淡江大學,07141102,工學院機器人博士學位學程,D 日,D 博士,3,113
1005,淡江大學,07151015,機械與機電工程學系,D 日,D 博士,8,113
1005,淡江大學,07321012,土木工程學系,D 日,D 博士,12,113
1006,中國文化大學,01141023,體育學系運動教練博士班,D 日,D 博士,60,113
1006,中國文化大學,02221098,史學系,D 日,D 博士,50,113
1006,中國文化大學,02231081,哲學系,D 日,D 博士,32,113
1006,中國文化大學,02322001,中國文學系,D 日,D 博士,46,113
1006,中國文化大學,03121011,國家發展與中國大陸研究所,D 日,D 博士,94,113
1006,中國文化大學,03121061,政治學系,D 日,D 博士,31,113
1006,中國文化大學,03142087,地學研究所,D 日,D 博士,24,113
1006,中國文化大學,04131015,國際企業管理學系,D 日,D 博士,82,113
1006,中國文化大學,04211020,法律學系,D 日,D 博士,44,113
1006,中國文化大學,07311068,建築及都市設計學系,D 日,D 博士,26,113
1007,逢甲大學,02322001,中國文學系,D 日,D 博士,34,113
1007,逢甲大學,03111009,經濟學系,D 日,D 博士,0,113
1007,逢甲大學,04121026,金融博士學位學程,D 日,D 博士,40,113
1007,逢甲大學,04191014,商學博士學位學程,D 日,D 博士,103,113
1007,逢甲大學,06131048,資訊工程學系,D 日,D 博士,31,113
1007,逢甲大學,06131055,智慧聯網產業博士學位學程,D 日,D 博士,1,113
1007,逢甲大學,07111068,化學工程學系,D 日,D 博士,10,113
1007,逢甲大學,07112069,材料科學與工程學系,D 日,D 博士,9,113
1007,逢甲大學,07121075,環境工程與科學學系,D 日,D 博士,10,113
1007,逢甲大學,07141045,電機與通訊工程博士學位學程,D 日,D 博士,21,113
1007,逢甲大學,07151060,機械與航空工程博士學位學程,D 日,D 博士,36,113
1007,逢甲大學,07191072,工業工程與系統管理學系,D 日,D 博士,15,113
1007,逢甲大學,07192074,纖維與複合材料學系,D 日,D 博士,13,113
1007,逢甲大學,07399116,建設規劃與工程博士學位學程,D 日,D 博士,62,113
1008,靜宜大學,03141043,原住民族健康與社會福利博士學位學程,D 日,D 博士,23,113
1008,靜宜大學,05191031,食品營養學系,D 日,D 博士,18,113
1008,靜宜大學,05311023,應用化學系,D 日,D 博士,8,113
1008,靜宜大學,09161035,化粧品科學系,D 日,D 博士,13,113
1009,長庚大學,04131006,管理研究所,D 日,D 博士,37,113
1009,長庚大學,05121011,生物科技產業博士學位學程,D 日,D 博士,15,113
1009,長庚大學,05123012,生物醫學研究所,D 日,D 博士,84,113
1009,長庚大學,06131018,資訊工程學系,D 日,D 博士,15,113
1009,長庚大學,07111025,化工與材料工程學系,D 日,D 博士,21,113
1009,長庚大學,07141014,電機工程學系,D 日,D 博士,13,113
1009,長庚大學,07141016,電子工程學系,D 日,D 博士,31,113
1009,長庚大學,07151022,機械工程學系,D 日,D 博士,9,113
1009,長庚大學,07193027,生物醫學工程學系,D 日,D 博士,21,113
1009,長庚大學,09121029,臨床醫學研究所,D 日,D 博士,137,113
1009,長庚大學,09131040,護理學系,D 日,D 博士,32,113
1009,長庚大學,09141048,醫學影像暨放射科學系,D 日,D 博士,19,113
1009,長庚大學,09151037,物理治療學系,D 日,D 博士,18,113
1010,元智大學,02299047,文化產業與文化政策博士學位學程,D 日,D 博士,26,113
1010,元智大學,04199018,管理學院博士班,D 日,D 博士,70,113
1010,元智大學,06131011,資訊管理學系,D 日,D 博士,17,113
1010,元智大學,06131028,資訊工程學系,D 日,D 博士,24,113
1010,元智大學,07111041,化學工程與材料科學學系,D 日,D 博士,15,113
1010,元智大學,07141033,電機工程學系,D 日,D 博士,42,113
1010,元智大學,07151037,機械工程學系,D 日,D 博士,16,113
1010,元智大學,07191043,工業工程與管理學系,D 日,D 博士,27,113
1011,中華大學,04199063,管理博士學位學程,D 日,D 博士,38,113
1011,中華大學,07194037,工程科學博士學位學程,D 日,D 博士,5,113
1011,中華大學,07321032,土木工程學系,D 日,D 博士,17,113
1012,大葉大學,04199029,管理學院博士班,D 日,D 博士,57,113
1012,大葉大學,05121035,生物科技與產業博士學位學程,D 日,D 博士,5,113
1012,大葉大學,07121054,環境工程學系,D 日,D 博士,22,113
1012,大葉大學,07141038,電機工程學系,D 日,D 博士,6,113
1012,大葉大學,07151046,機械與自動化工程學系,D 日,D 博士,1,113
1012,大葉大學,09199083,藥用植物與食品保健學系,D 日,D 博士,10,113
1013,華梵大學,02299009,東方人文思想研究所,D 日,D 博士,65,113
1013,華梵大學,07151014,機電工程學系,D 日,D 博士,3,113
1014,義守大學,04131012,管理學院管理博士班,D 日,D 博士,26,113
1014,義守大學,04131019,工業管理學系,D 日,D 博士,17,113
1014,義守大學,06131027,資訊工程學系,D 日,D 博士,30,113
1014,義守大學,07111033,化學工程學系生物技術與化學工程博士班,D 日,D 博士,25,113
1014,義守大學,07112034,材料科學與工程學系,D 日,D 博士,4,113
1014,義守大學,07141025,電機工程學系,D 日,D 博士,10,113
1014,義守大學,07141026,電子工程學系,D 日,D 博士,9,113
1015,世新大學,02322001,中國文學系,D 日,D 博士,12,113
1015,世新大學,03214012,傳播博士學位學程,D 日,D 博士,47,113
1015,世新大學,04134009,行政管理學系,D 日,D 博士,19,113
1016,銘傳大學,02322002,應用中國文學系,D 日,D 博士,19,113
1016,銘傳大學,04131036,企業管理學系,D 日,D 博士,48,113
1016,銘傳大學,07313048,都市規劃與防災學系,D 日,D 博士,6,113
1017,實踐大學,04199036,管理學院創意產業博士班,D 日,D 博士,25,113
1018,朝陽科技大學,02122028,建築系建築及都市設計博士班,D 日,D 博士,20,113
1018,朝陽科技大學,04131008,企業管理系台灣產業策略發展博士班,D 日,D 博士,45,113
1018,朝陽科技大學,05121017,應用化學系生化科技博士班,D 日,D 博士,14,113
1018,朝陽科技大學,06131019,資訊管理系博士班,D 日,D 博士,17,113
1018,朝陽科技大學,07321025,營建工程系博士班,D 日,D 博士,5,113
1019,高雄醫學大學,05121050,生命科學博士學位學程,D 日,D 博士,23,113
1019,高雄醫學大學,05311017,醫藥暨應用化學系,D 日,D 博士,27,113
1019,高雄醫學大學,07193041,生物醫學工程博士學位學程,D 日,D 博士,16,113
1019,高雄醫學大學,09111044,牙醫學系,D 日,D 博士,17,113
1019,高雄醫學大學,09121011,醫學研究所,D 日,D 博士,63,113
1019,高雄醫學大學,09121018,臨床醫學研究所,D 日,D 博士,43,113
1019,高雄醫學大學,09121020,轉譯醫學博士學位學程,D 日,D 博士,1,113
1019,高雄醫學大學,09131032,護理學系,D 日,D 博士,48,113
1019,高雄醫學大學,09141036,醫學檢驗生物技術學系,D 日,D 博士,9,113
1019,高雄醫學大學,09161024,藥學系,D 日,D 博士,31,113
1019,高雄醫學大學,09161026,天然藥物研究所,D 日,D 博士,18,113
1019,高雄醫學大學,09161047,毒理學博士學位學程,D 日,D 博士,4,113
1019,高雄醫學大學,09191021,公共衛生學系,D 日,D 博士,15,113
1019,高雄醫學大學,09191023,環境職業醫學博士學位學程,D 日,D 博士,9,113
1020,南華大學,02299011,生死學系生死學博士班,D 日,D 博士,15,113
1020,南華大學,04131029,企業管理學系管理科學博士班,D 日,D 博士,32,113
1022,大同大學,02122003,設計科學研究所,D 日,D 博士,61,113
1022,大同大學,06131012,資訊工程學系,D 日,D 博士,17,113
1022,大同大學,07111021,化學工程與生物科技學系,D 日,D 博士,3,113
1022,大同大學,07141010,電機工程學系,D 日,D 博士,7,113
1022,大同大學,07151023,機械與材料工程學系,D 日,D 博士,9,113
1023,南臺科技大學,04131016,經營管理博士學位學程,D 日,D 博士,37,113
1023,南臺科技大學,07141039,電機工程系博士班,D 日,D 博士,16,113
1023,南臺科技大學,07141040,電子工程系博士班,D 日,D 博士,6,113
1023,南臺科技大學,07151045,機械工程系機電科技博士班,D 日,D 博士,16,113
1024,崑山科技大學,07151030,機械工程系機械與能源工程博士班,D 日,D 博士,21,113
1026,樹德科技大學,99999045,人類性學研究所,D 日,D 博士,27,113
1027,慈濟大學,09121019,醫學科學研究所,D 日,D 博士,79,113
1027,慈濟大學,09121022,轉譯醫學博士學位學程,D 日,D 博士,4,113
1027,慈濟大學,09161015,醫學系藥理暨毒理學博士班,D 日,D 博士,10,113
1028,臺北醫學大學,03131057,心智意識與腦科學研究所,D 日,D 博士,14,113
1028,臺北醫學大學,04133061,國際生技醫療管理博士學位學程,D 日,D 博士,9,113
1028,臺北醫學大學,05121016,醫學科學研究所,D 日,D 博士,46,113
1028,臺北醫學大學,05191032,保健營養學系,D 日,D 博士,26,113
1028,臺北醫學大學,06131042,醫學資訊研究所,D 日,D 博士,35,113
1028,臺北醫學大學,07112008,生醫材料暨組織工程研究所,D 日,D 博士,26,113
1028,臺北醫學大學,07112010,奈米醫學工程研究所,D 日,D 博士,1,113
1028,臺北醫學大學,07193011,國際生醫工程博士學位學程,D 日,D 博士,23,113
1028,臺北醫學大學,09111044,牙醫學系,D 日,D 博士,23,113
1028,臺北醫學大學,09121014,臨床醫學研究所,D 日,D 博士,47,113
1028,臺北醫學大學,09121017,轉譯醫學博士學位學程,D 日,D 博士,5,113
1028,臺北醫學大學,09121019,國際醫學研究博士學位學程,D 日,D 博士,84,113
1028,臺北醫學大學,09121054,細胞治療與再生醫學國際博士學位學程,D 日,D 博士,16,113
1028,臺北醫學大學,09121062,國際轉譯科學博士學位學程,D 日,D 博士,8,113
1028,臺北醫學大學,09121066,神經醫學博士學位學程,D 日,D 博士,18,113
1028,臺北醫學大學,09131037,護理學系,D 日,D 博士,79,113
1028,臺北醫學大學,09141040,醫學生物科技博士學位學程,D 日,D 博士,17,113
1028,臺北醫學大學,09161024,藥學系,D 日,D 博士,42,113
1028,臺北醫學大學,09161028,癌症生物學與藥物研發博士學位學程,D 日,D 博士,28,113
1028,臺北醫學大學,09161030,中草藥臨床藥物研發博士學位學程,D 日,D 博士,27,113
1028,臺北醫學大學,09161060,新藥研發產業博士學位學程,D 日,D 博士,15,113
1028,臺北醫學大學,09191020,公共衛生學系,D 日,D 博士,27,113
1028,臺北醫學大學,09191022,傷害防治學研究所,D 日,D 博士,17,113
1028,臺北醫學大學,09191056,全球衛生暨衛生安全博士學位學程,D 日,D 博士,29,113
1028,臺北醫學大學,09211065,國際高齡健康暨長期照護博士學位學程,D 日,D 博士,7,113
1029,中山醫學大學,05191026,營養學系,D 日,D 博士,15,113
1029,中山醫學大學,09111038,牙醫學系,D 日,D 博士,7,113
1029,中山醫學大學,09111039,口腔科學研究所,D 日,D 博士,8,113
1029,中山醫學大學,09121018,醫學研究所,D 日,D 博士,106,113
1029,中山醫學大學,09191020,公共衛生學系,D 日,D 博士,26,113
1030,龍華科技大學,07141024,先進電子構裝科技博士學位學程,D 日,D 博士,2,113
1032,明新科技大學,07141046,半導體科技博士學位學程,D 日,D 博士,8,113
1033,長榮大學,04131026,管理學院經營管理博士班,D 日,D 博士,46,113
1034,弘光科技大學,09131025,護理系博士班,D 日,D 博士,17,113
1035,中國醫藥大學,05121043,生物科技學系,D 日,D 博士,25,113
1035,中國醫藥大學,05191021,營養學系,D 日,D 博士,16,113
1035,中國醫藥大學,07193055,醫學工程與復健科技產業博士學位學程,D 日,D 博士,11,113
1035,中國醫藥大學,09111019,牙醫學系,D 日,D 博士,20,113
1035,中國醫藥大學,09121003,生物醫學研究所,D 日,D 博士,135,113
1035,中國醫藥大學,09121004,臨床醫學研究所,D 日,D 博士,0,113
1035,中國醫藥大學,09121006,基礎醫學研究所,D 日,D 博士,1,113
1035,中國醫藥大學,09121014,中醫學系,D 日,D 博士,33,113
1035,中國醫藥大學,09121023,老化醫學博士學位學程,D 日,D 博士,16,113
1035,中國醫藥大學,09121046,中西醫結合研究所,D 日,D 博士,13,113
1035,中國醫藥大學,09121049,癌症生物與藥物研發博士學位學程,D 日,D 博士,5,113
1035,中國醫藥大學,09121059,生醫科技產業博士學位學程,D 日,D 博士,2,113
1035,中國醫藥大學,09121063,轉譯醫學暨新藥開發研究所,D 日,D 博士,14,113
1035,中國醫藥大學,09161034,藥學系,D 日,D 博士,17,113
1035,中國醫藥大學,09161039,中國藥學暨中藥資源學系,D 日,D 博士,21,113
1035,中國醫藥大學,09161051,生技製藥產業博士學位學程,D 日,D 博士,1,113
1035,中國醫藥大學,09171013,針灸研究所,D 日,D 博士,23,113
1035,中國醫藥大學,09191026,公共衛生學系,D 日,D 博士,62,113
1035,中國醫藥大學,09199054,健康科技產業博士學位學程,D 日,D 博士,13,113
1035,中國醫藥大學,09199065,健康照護學院健康照護科學博士班,D 日,D 博士,14,113
1037,正修科技大學,07151015,機械工程系,D 日,D 博士,21,113
1041,明志科技大學,07112037,電漿與薄膜工程國際博士學位學程,D 日,D 博士,9,113
1041,明志科技大學,07132021,能源電池科技博士學位學程,D 日,D 博士,40,113
1041,明志科技大學,07193031,創新科技應用於生物醫學暨醫療照護產品研發國際博士學位學程,D 日,D 博士,36,113
1047,中臺科技大學,09141029,醫學影像暨放射科學系博士班,D 日,D 博士,10,113
1048,亞洲大學,02112007,數位媒體設計學系,D 日,D 博士,40,113
1048,亞洲大學,02112058,創新產業博士學位學程,D 日,D 博士,7,113
1048,亞洲大學,04131017,經營管理學系企業經濟與策略博士班,D 日,D 博士,67,113
1048,亞洲大學,04131059,智慧健康先進管理技術博士學位學程,D 日,D 博士,15,113
1048,亞洲大學,04199018,新興產業策略與發展博士學位學程,D 日,D 博士,3,113
1048,亞洲大學,06111057,人工智慧博士學位學程,D 日,D 博士,17,113
1048,亞洲大學,06134037,資訊工程學系,D 日,D 博士,12,113
1048,亞洲大學,07193029,生物資訊與醫學工程學系,D 日,D 博士,19,113
1048,亞洲大學,09191021,健康產業管理學系,D 日,D 博士,33,113
1050,佛光大學,02211010,佛教學系,D 日,D 博士,35,113
1050,佛光大學,02322006,中國文學與應用學系,D 日,D 博士,40,113
1053,元培醫事科技大學,09161045,生技製藥產業博士學位學程,D 日,D 博士,2,113
1058,明道大學,02299043,中華文化與傳播學系,D 日,D 博士,0,113
1081,東方設計大學,02122018,文化創意設計研究所,D 日,D 博士,0,113
1125,中信金融管理學院,04121036,智慧金融博士學位學程,D 日,D 博士,3,113
1195,馬偕醫學院,05199001,生物醫學研究所,D 日,D 博士,13,113
1196,法鼓文理學院,02211002,佛教學系,D 日,D 博士,29,113
3002,臺北市立大學,01111001,教育學系,D 日,D 博士,90,113
3002,臺北市立大學,01114035,教育行政與評鑑研究所,D 日,D 博士,45,113
3002,臺北市立大學,02322043,中國語文學系,D 日,D 博士,18,113
3002,臺北市立大學,10141053,運動科學研究所,D 日,D 博士,18,113
3002,臺北市立大學,10141054,競技運動訓練研究所,D 日,D 博士,33,113
