學校代碼,學校名稱,科系代碼,科系名稱,日間∕進修別,等級別,學生數,年份
1,國立政治大學,01111001,教育學系,D 日,B 學士,225,109
1,國立政治大學,02221020,歷史學系,D 日,B 學士,160,109
1,國立政治大學,02222031,民族學系,D 日,B 學士,178,109
1,國立政治大學,02231022,哲學系,D 日,B 學士,179,109
1,國立政治大學,02311009,英國語文學系,D 日,B 學士,292,109
1,國立政治大學,02311011,日本語文學系,D 日,B 學士,190,109
1,國立政治大學,02311012,阿拉伯語文學系,D 日,B 學士,195,109
1,國立政治大學,02311014,韓國語文學系,D 日,B 學士,138,109
1,國立政治大學,02311015,土耳其語文學系,D 日,B 學士,126,109
1,國立政治大學,02311016,歐洲語文學系,D 日,B 學士,284,109
1,國立政治大學,02311017,斯拉夫語文學系,D 日,B 學士,227,109
1,國立政治大學,02311087,東南亞語言與文化學士學位學程,D 日,B 學士,63,109
1,國立政治大學,02322008,中國文學系,D 日,B 學士,327,109
1,國立政治大學,03111024,經濟學系,D 日,B 學士,400,109
1,國立政治大學,03121026,政治學系,D 日,B 學士,229,109
1,國立政治大學,03122045,外交學系,D 日,B 學士,274,109
1,國立政治大學,03131032,心理學系,D 日,B 學士,214,109
1,國立政治大學,03141030,社會學系,D 日,B 學士,213,109
1,國立政治大學,03143043,地政學系,D 日,B 學士,490,109
1,國立政治大學,03211056,傳播學院大一大二不分系,D 日,B 學士,420,109
1,國立政治大學,03213052,廣播電視學系,D 日,B 學士,180,109
1,國立政治大學,03214051,新聞學系,D 日,B 學士,120,109
1,國立政治大學,04111059,會計學系,D 日,B 學士,437,109
1,國立政治大學,04121065,財務管理學系,D 日,B 學士,193,109
1,國立政治大學,04121068,金融學系,D 日,B 學士,250,109
1,國立政治大學,04122070,財政學系,D 日,B 學士,400,109
1,國立政治大學,04123069,風險管理與保險學系,D 日,B 學士,210,109
1,國立政治大學,04131060,企業管理學系,D 日,B 學士,447,109
1,國立政治大學,04131091,創新國際學院學士班,D 日,B 學士,22,109
1,國立政治大學,04134041,公共行政學系,D 日,B 學士,185,109
1,國立政治大學,04141067,國際經營與貿易學系,D 日,B 學士,381,109
1,國立政治大學,04143055,廣告學系,D 日,B 學士,271,109
1,國立政治大學,04211073,法律學系,D 日,B 學士,734,109
1,國立政治大學,05411078,應用數學系,D 日,B 學士,184,109
1,國立政治大學,05421079,統計學系,D 日,B 學士,237,109
1,國立政治大學,06131080,資訊管理學系,D 日,B 學士,337,109
1,國立政治大學,06131081,資訊科學系,D 日,B 學士,220,109
2,國立清華大學,01111112,竹師教育學院學士班,D 日,B 學士,106,109
2,國立清華大學,01113095,特殊教育學系,D 日,B 學士,152,109
2,國立清華大學,01121091,幼兒教育學系,D 日,B 學士,186,109
2,國立清華大學,01131084,教育與學習科技學系,D 日,B 學士,190,109
2,國立清華大學,01131105,英語教學系,D 日,B 學士,153,109
2,國立清華大學,01141090,體育學系,D 日,B 學士,-,109
2,國立清華大學,01141127,運動科學系,D 日,B 學士,176,109
2,國立清華大學,02131098,藝術與設計學系,D 日,B 學士,334,109
2,國立清華大學,02151096,音樂學系,D 日,B 學士,160,109
2,國立清華大學,02191113,藝術學院學士班,D 日,B 學士,80,109
2,國立清華大學,02299010,人文社會學院學士班,D 日,B 學士,369,109
2,國立清華大學,02311002,外國語文學系,D 日,B 學士,207,109
2,國立清華大學,02322003,中國文學系,D 日,B 學士,215,109
2,國立清華大學,02322109,中國語文學系,D 日,B 學士,8,109
2,國立清華大學,03111011,經濟學系,D 日,B 學士,480,109
2,國立清華大學,03131077,教育心理與諮商學系,D 日,B 學士,178,109
2,國立清華大學,04121020,計量財務金融學系,D 日,B 學士,246,109
2,國立清華大學,04199023,科技管理學院學士班,D 日,B 學士,272,109
2,國立清華大學,05111106,應用科學系,D 日,B 學士,10,109
2,國立清華大學,05121025,生命科學系,D 日,B 學士,195,109
2,國立清華大學,05199032,生命科學院學士班,D 日,B 學士,127,109
2,國立清華大學,05211102,環境與文化資源學系,D 日,B 學士,51,109
2,國立清華大學,05311037,化學系,D 日,B 學士,244,109
2,國立清華大學,05331038,物理學系,D 日,B 學士,297,109
2,國立清華大學,05399042,理學院學士班,D 日,B 學士,119,109
2,國立清華大學,05411043,數學系,D 日,B 學士,277,109
2,國立清華大學,05411092,應用數學系,D 日,B 學士,6,109
2,國立清華大學,06131053,資訊工程學系,D 日,B 學士,584,109
2,國立清華大學,07111057,化學工程學系,D 日,B 學士,238,109
2,國立清華大學,07112058,材料科學工程學系,D 日,B 學士,447,109
2,國立清華大學,07141049,電機工程學系,D 日,B 學士,454,109
2,國立清華大學,07141055,電機資訊學院學士班,D 日,B 學士,175,109
2,國立清華大學,07151056,動力機械工程學系,D 日,B 學士,444,109
2,國立清華大學,07191061,工業工程與工程管理學系,D 日,B 學士,288,109
2,國立清華大學,07193063,生醫工程與環境科學系,D 日,B 學士,164,109
2,國立清華大學,07194066,工程與系統科學系,D 日,B 學士,409,109
2,國立清華大學,07194069,原子科學院學士班,D 日,B 學士,89,109
2,國立清華大學,07199071,工學院學士班,D 日,B 學士,135,109
2,國立清華大學,09121073,醫學科學系,D 日,B 學士,111,109
2,國立清華大學,99999075,清華學院學士班,D 日,B 學士,83,109
2,國立清華大學,99999120,清華學院國際學士班,D 日,B 學士,166,109
3,國立臺灣大學,02152003,戲劇學系,D 日,B 學士,175,109
3,國立臺灣大學,02221012,歷史學系,D 日,B 學士,250,109
3,國立臺灣大學,02222013,人類學系,D 日,B 學士,178,109
3,國立臺灣大學,02231014,哲學系,D 日,B 學士,196,109
3,國立臺灣大學,02311007,外國語文學系,D 日,B 學士,567,109
3,國立臺灣大學,02311009,日本語文學系,D 日,B 學士,259,109
3,國立臺灣大學,02322006,中國文學系,D 日,B 學士,332,109
3,國立臺灣大學,03111015,經濟學系,D 日,B 學士,595,109
3,國立臺灣大學,03121016,政治學系,D 日,B 學士,747,109
3,國立臺灣大學,03131019,心理學系,D 日,B 學士,304,109
3,國立臺灣大學,03141018,社會學系,D 日,B 學士,218,109
3,國立臺灣大學,03142021,地理環境資源學系,D 日,B 學士,167,109
3,國立臺灣大學,03222025,圖書資訊學系,D 日,B 學士,203,109
3,國立臺灣大學,04111027,會計學系,D 日,B 學士,558,109
3,國立臺灣大學,04121032,財務金融學系,D 日,B 學士,554,109
3,國立臺灣大學,04131028,企業管理學系,P 進,B 學士,-,109
3,國立臺灣大學,04131029,工商管理學系,D 日,B 學士,446,109
3,國立臺灣大學,04131031,國際企業學系,D 日,B 學士,384,109
3,國立臺灣大學,04211035,法律學系,D 日,B 學士,841,109
3,國立臺灣大學,05111038,生命科學系,D 日,B 學士,204,109
3,國立臺灣大學,05111041,昆蟲學系,D 日,B 學士,100,109
3,國立臺灣大學,05121151,生化科技學系,D 日,B 學士,155,109
3,國立臺灣大學,05311051,化學系,D 日,B 學士,264,109
3,國立臺灣大學,05321052,地質科學系,D 日,B 學士,148,109
3,國立臺灣大學,05322056,大氣科學系,D 日,B 學士,142,109
3,國立臺灣大學,05331054,物理學系,D 日,B 學士,260,109
3,國立臺灣大學,05411059,數學系,D 日,B 學士,202,109
3,國立臺灣大學,06131062,資訊管理學系,D 日,B 學士,219,109
3,國立臺灣大學,06131067,資訊工程學系,D 日,B 學士,582,109
3,國立臺灣大學,07111076,化學工程學系,D 日,B 學士,433,109
3,國立臺灣大學,07112078,材料科學與工程學系,D 日,B 學士,207,109
3,國立臺灣大學,07141064,電機工程學系,D 日,B 學士,842,109
3,國立臺灣大學,07151069,機械工程學系,D 日,B 學士,621,109
3,國立臺灣大學,07151082,工程科學及海洋工程學系,D 日,B 學士,200,109
3,國立臺灣大學,07151161,生物機電工程學系,D 日,B 學士,169,109
3,國立臺灣大學,07193083,醫學工程學系,D 日,B 學士,56,109
3,國立臺灣大學,07321074,土木工程學系,D 日,B 學士,445,109
3,國立臺灣大學,07321075,生物環境系統工程學系,D 日,B 學士,191,109
3,國立臺灣大學,08111087,農藝學系,D 日,B 學士,153,109
3,國立臺灣大學,08112089,動物科學技術學系,D 日,B 學士,128,109
3,國立臺灣大學,08121091,園藝暨景觀學系,D 日,B 學士,197,109
3,國立臺灣大學,08191100,農業化學系,D 日,B 學士,157,109
3,國立臺灣大學,08193096,農業經濟學系,D 日,B 學士,191,109
3,國立臺灣大學,08193098,生物產業傳播暨發展學系,D 日,B 學士,272,109
3,國立臺灣大學,08194094,植物病理與微生物學系,D 日,B 學士,115,109
3,國立臺灣大學,08211102,森林環境暨資源學系,D 日,B 學士,247,109
3,國立臺灣大學,08411104,獸醫學系,D 日,B 學士,363,109
3,國立臺灣大學,09111137,牙醫學系,D 日,B 學士,217,109
3,國立臺灣大學,09121107,醫學系,D 日,B 學士,913,109
3,國立臺灣大學,09131134,護理學系(含學士後護理學系),D 日,B 學士,236,109
3,國立臺灣大學,09141136,醫學檢驗暨生物技術學系,D 日,B 學士,151,109
3,國立臺灣大學,09151132,物理治療學系,D 日,B 學士,188,109
3,國立臺灣大學,09152133,職能治療學系,D 日,B 學士,175,109
3,國立臺灣大學,09161129,藥學系,D 日,B 學士,269,109
3,國立臺灣大學,09191122,公共衛生學系,D 日,B 學士,160,109
3,國立臺灣大學,09231144,社會工作學系,D 日,B 學士,210,109
4,國立臺灣師範大學,01111001,教育學系,D 日,B 學士,267,109
4,國立臺灣師範大學,01113018,特殊教育學系,D 日,B 學士,167,109
4,國立臺灣師範大學,01116079,學習科學學士學位學程,D 日,B 學士,61,109
4,國立臺灣師範大學,01121086,學士後學位學程教保員專班,D 日,B 學士,39,109
4,國立臺灣師範大學,01131004,公民教育與活動領導學系,D 日,B 學士,364,109
4,國立臺灣師範大學,01131009,社會教育學系,D 日,B 學士,227,109
4,國立臺灣師範大學,01131017,健康促進與衛生教育學系,D 日,B 學士,172,109
4,國立臺灣師範大學,01141007,人類發展與家庭學系,D 日,B 學士,308,109
4,國立臺灣師範大學,01141010,工業教育學系,D 日,B 學士,144,109
4,國立臺灣師範大學,01141015,體育學系,D 日,B 學士,257,109
4,國立臺灣師範大學,01199021,教育學院學士班,D 日,B 學士,44,109
4,國立臺灣師範大學,01199022,科技應用與人力資源發展學系,D 日,B 學士,234,109
4,國立臺灣師範大學,02112037,設計學系,D 日,B 學士,161,109
4,國立臺灣師範大學,02131023,美術學系,D 日,B 學士,195,109
4,國立臺灣師範大學,02151024,音樂學系,D 日,B 學士,281,109
4,國立臺灣師範大學,02152027,表演藝術學士學位學程,D 日,B 學士,86,109
4,國立臺灣師範大學,02221035,歷史學系,D 日,B 學士,243,109
4,國立臺灣師範大學,02311033,英語學系,D 日,B 學士,309,109
4,國立臺灣師範大學,02313005,華語文教學系,D 日,B 學士,418,109
4,國立臺灣師範大學,02321028,臺灣語文學系,D 日,B 學士,88,109
4,國立臺灣師範大學,02322029,國文學系,D 日,B 學士,451,109
4,國立臺灣師範大學,03131003,教育心理與輔導學系,D 日,B 學士,182,109
4,國立臺灣師範大學,03142041,地理學系,D 日,B 學士,317,109
4,國立臺灣師範大學,03143042,東亞學系,D 日,B 學士,219,109
4,國立臺灣師範大學,03214050,圖文傳播學系,D 日,B 學士,183,109
4,國立臺灣師範大學,04131051,企業管理學系,D 日,B 學士,241,109
4,國立臺灣師範大學,05111056,生命科學系,D 日,B 學士,256,109
4,國立臺灣師範大學,05191083,營養科學學士學位學程,D 日,B 學士,93,109
4,國立臺灣師範大學,05311059,化學系,D 日,B 學士,306,109
4,國立臺灣師範大學,05321060,地球科學系,D 日,B 學士,156,109
4,國立臺灣師範大學,05331061,物理學系,D 日,B 學士,262,109
4,國立臺灣師範大學,05411062,數學系,D 日,B 學士,387,109
4,國立臺灣師範大學,06131065,資訊工程學系,D 日,B 學士,245,109
4,國立臺灣師範大學,07141063,電機工程學系,D 日,B 學士,194,109
4,國立臺灣師範大學,07141080,光電工程學士學位學程,D 日,B 學士,45,109
4,國立臺灣師範大學,07151068,機電工程學系,D 日,B 學士,215,109
4,國立臺灣師範大學,07161081,車輛與能源工程學士學位學程,D 日,B 學士,75,109
4,國立臺灣師範大學,10141074,運動競技學系,D 日,B 學士,281,109
5,國立成功大學,02123113,工業設計學系,D 日,B 學士,185,109
5,國立成功大學,02221110,歷史學系,D 日,B 學士,245,109
5,國立成功大學,02311108,外國語文學系,D 日,B 學士,296,109
5,國立成功大學,02321106,台灣文學系,D 日,B 學士,180,109
5,國立成功大學,02322107,中國文學系,D 日,B 學士,234,109
5,國立成功大學,03111114,經濟學系,D 日,B 學士,245,109
5,國立成功大學,03121115,政治學系,D 日,B 學士,237,109
5,國立成功大學,03131117,心理學系,D 日,B 學士,280,109
5,國立成功大學,04111120,會計學系,D 日,B 學士,280,109
5,國立成功大學,04131121,企業管理學系,D 日,B 學士,234,109
5,國立成功大學,04199057,工業與資訊管理學系,D 日,B 學士,225,109
5,國立成功大學,04212001,法律學系,D 日,B 學士,274,109
5,國立成功大學,05111003,生命科學系,D 日,B 學士,191,109
5,國立成功大學,05121008,生物科技與產業科學系,D 日,B 學士,168,109
5,國立成功大學,05311017,化學系,D 日,B 學士,225,109
5,國立成功大學,05321019,地球科學系,D 日,B 學士,145,109
5,國立成功大學,05331021,物理學系,D 日,B 學士,200,109
5,國立成功大學,05411027,數學系,D 日,B 學士,225,109
5,國立成功大學,05421029,統計學系,D 日,B 學士,262,109
5,國立成功大學,06131036,資訊工程學系,D 日,B 學士,463,109
5,國立成功大學,07111050,化學工程學系,D 日,B 學士,534,109
5,國立成功大學,07112063,材料科學及工程學系,D 日,B 學士,366,109
5,國立成功大學,07121070,環境工程學系,D 日,B 學士,219,109
5,國立成功大學,07122026,水利及海洋工程學系,D 日,B 學士,187,109
5,國立成功大學,07132052,能源工程國際學士學位學程,D 日,B 學士,116,109
5,國立成功大學,07141032,電機工程學系,D 日,B 學士,663,109
5,國立成功大學,07141035,光電科學與工程學系,D 日,B 學士,198,109
5,國立成功大學,07141071,工程科學系,D 日,B 學士,273,109
5,國立成功大學,07151042,機械工程學系,D 日,B 學士,626,109
5,國立成功大學,07162043,航空太空工程學系,D 日,B 學士,261,109
5,國立成功大學,07163044,系統及船舶機電工程學系,D 日,B 學士,205,109
5,國立成功大學,07193061,生物醫學工程學系,D 日,B 學士,154,109
5,國立成功大學,07241064,資源工程學系,D 日,B 學士,174,109
5,國立成功大學,07311075,建築學系,D 日,B 學士,292,109
5,國立成功大學,07313076,都市計劃學系,D 日,B 學士,189,109
5,國立成功大學,07321049,土木工程學系,D 日,B 學士,441,109
5,國立成功大學,07322067,測量及空間資訊學系,D 日,B 學士,183,109
5,國立成功大學,09111130,牙醫學系,D 日,B 學士,56,109
5,國立成功大學,09121077,醫學系,D 日,B 學士,510,109
5,國立成功大學,09131090,護理學系,D 日,B 學士,131,109
5,國立成功大學,09141094,醫學檢驗生物技術學系,D 日,B 學士,129,109
5,國立成功大學,09151082,物理治療學系,D 日,B 學士,165,109
5,國立成功大學,09152089,職能治療學系,D 日,B 學士,122,109
5,國立成功大學,09161086,藥學系,D 日,B 學士,170,109
5,國立成功大學,10411098,交通管理科學系,D 日,B 學士,213,109
5,國立成功大學,99999102,全校不分系學士學位學程,D 日,B 學士,70,109
6,國立中興大學,02221007,歷史學系,D 日,B 學士,233,109
6,國立中興大學,02299008,文化創意產業學士學位學程,P 進,B 學士,142,109
6,國立中興大學,02311006,外國語文學系,D 日,B 學士,264,109
6,國立中興大學,02311006,外國語文學系,P 進,B 學士,232,109
6,國立中興大學,02321103,台灣人文創新學士學位學程,D 日,B 學士,16,109
6,國立中興大學,02322005,中國文學系,D 日,B 學士,238,109
6,國立中興大學,02322005,中國文學系,P 進,B 學士,171,109
6,國立中興大學,03111009,應用經濟學系,D 日,B 學士,212,109
6,國立中興大學,04111015,會計學系,D 日,B 學士,181,109
6,國立中興大學,04121019,財務金融學系,D 日,B 學士,245,109
6,國立中興大學,04131016,企業管理學系,D 日,B 學士,249,109
6,國立中興大學,04131018,創新產業經營學士學位學程,P 進,B 學士,181,109
6,國立中興大學,04143020,行銷學系,D 日,B 學士,208,109
6,國立中興大學,04211023,法律學系,D 日,B 學士,167,109
6,國立中興大學,05111026,生命科學系,D 日,B 學士,373,109
6,國立中興大學,05111029,昆蟲學系,D 日,B 學士,195,109
6,國立中興大學,05121031,生物科技學士學位學程,D 日,B 學士,125,109
6,國立中興大學,05292082,水土保持學系,D 日,B 學士,218,109
6,國立中興大學,05311039,化學系,D 日,B 學士,216,109
6,國立中興大學,05331040,物理學系,D 日,B 學士,219,109
6,國立中興大學,05411041,應用數學系,D 日,B 學士,323,109
6,國立中興大學,06131043,資訊管理學系,D 日,B 學士,139,109
6,國立中興大學,06131048,資訊科學與工程學系,D 日,B 學士,170,109
6,國立中興大學,07111055,化學工程學系,D 日,B 學士,197,109
6,國立中興大學,07112057,材料科學與工程學系,D 日,B 學士,190,109
6,國立中興大學,07121059,環境工程學系,D 日,B 學士,199,109
6,國立中興大學,07141045,電機工程學系,D 日,B 學士,355,109
6,國立中興大學,07141102,電機資訊學院學士班,D 日,B 學士,30,109
6,國立中興大學,07151050,機械工程學系,D 日,B 學士,380,109
6,國立中興大學,07151052,生物產業機電工程學系,D 日,B 學士,218,109
6,國立中興大學,07211081,食品暨應用生物科技學系,D 日,B 學士,224,109
6,國立中興大學,07312061,景觀與遊憩學士學位學程,D 日,B 學士,88,109
6,國立中興大學,07321054,土木工程學系,D 日,B 學士,357,109
6,國立中興大學,08111063,農藝學系,D 日,B 學士,208,109
6,國立中興大學,08112066,動物科學系,D 日,B 學士,212,109
6,國立中興大學,08121067,園藝學系,D 日,B 學士,187,109
6,國立中興大學,08191083,土壤環境科學系,D 日,B 學士,191,109
6,國立中興大學,08193076,生物產業管理進修學士學位學程,P 進,B 學士,207,109
6,國立中興大學,08193078,國際農企業學士學位學程,D 日,B 學士,91,109
6,國立中興大學,08194068,植物病理學系,D 日,B 學士,205,109
6,國立中興大學,08211086,森林學系,D 日,B 學士,264,109
6,國立中興大學,08411087,獸醫學系,D 日,B 學士,403,109
7,國立交通大學,02299008,人文社會學系,D 日,B 學士,191,109
7,國立交通大學,02311005,外國語文學系,D 日,B 學士,199,109
7,國立交通大學,03211015,傳播與科技學系,D 日,B 學士,168,109
7,國立交通大學,04121020,資訊管理與財務金融學系,D 日,B 學士,174,109
7,國立交通大學,04131018,管理科學系,D 日,B 學士,202,109
7,國立交通大學,05121028,生物科技學系,D 日,B 學士,283,109
7,國立交通大學,05311036,應用化學系,D 日,B 學士,206,109
7,國立交通大學,05331041,電子物理學系,D 日,B 學士,210,109
7,國立交通大學,05411045,應用數學系,D 日,B 學士,216,109
7,國立交通大學,06131058,資訊工程學系,D 日,B 學士,802,109
7,國立交通大學,07112072,材料科學與工程學系,D 日,B 學士,196,109
7,國立交通大學,07141050,電機工程學系,D 日,B 學士,880,109
7,國立交通大學,07141051,電子工程學系,D 日,B 學士,189,109
7,國立交通大學,07141055,光電工程學系,D 日,B 學士,147,109
7,國立交通大學,07141068,電機資訊學士班,D 日,B 學士,52,109
7,國立交通大學,07141074,奈米科學及工程學士學位學程,D 日,B 學士,96,109
7,國立交通大學,07151070,機械工程學系,D 日,B 學士,414,109
7,國立交通大學,07191075,工業工程與管理學系,D 日,B 學士,227,109
7,國立交通大學,07199102,系統工程與科技學士學位學程,D 日,B 學士,471,109
7,國立交通大學,07321071,土木工程學系,D 日,B 學士,309,109
7,國立交通大學,10411086,運輸與物流管理學系,D 日,B 學士,196,109
7,國立交通大學,99999096,百川學士學位學程,D 日,B 學士,77,109
8,國立中央大學,02299080,文學院學士班,D 日,B 學士,20,109
8,國立中央大學,02311007,英美語文學系,D 日,B 學士,215,109
8,國立中央大學,02311008,法國語文學系,D 日,B 學士,209,109
8,國立中央大學,02322006,中國文學系,D 日,B 學士,208,109
8,國立中央大學,03111013,經濟學系,D 日,B 學士,246,109
8,國立中央大學,03199020,客家語文暨社會科學學系,D 日,B 學士,122,109
8,國立中央大學,04121024,財務金融學系,D 日,B 學士,261,109
8,國立中央大學,04131023,企業管理學系,D 日,B 學士,400,109
8,國立中央大學,05121031,生命科學系,D 日,B 學士,142,109
8,國立中央大學,05311035,化學學系,D 日,B 學士,159,109
8,國立中央大學,05321036,地球科學學系,D 日,B 學士,176,109
8,國立中央大學,05321078,地球科學學院學士班,D 日,B 學士,34,109
8,國立中央大學,05322044,大氣科學學系,D 日,B 學士,250,109
8,國立中央大學,05322079,太空科學與工程學系,D 日,B 學士,28,109
8,國立中央大學,05331042,物理學系,D 日,B 學士,194,109
8,國立中央大學,05399050,理學院學士班,D 日,B 學士,72,109
8,國立中央大學,05411051,數學系,D 日,B 學士,306,109
8,國立中央大學,06131053,資訊管理學系,D 日,B 學士,417,109
8,國立中央大學,06131059,資訊工程學系,D 日,B 學士,414,109
8,國立中央大學,07111069,化學工程與材料工程學系,D 日,B 學士,200,109
8,國立中央大學,07141055,電機工程學系,D 日,B 學士,448,109
8,國立中央大學,07141057,光電科學與工程學系,D 日,B 學士,176,109
8,國立中央大學,07141060,通訊工程學系,D 日,B 學士,178,109
8,國立中央大學,07141077,資訊電機學院學士班,D 日,B 學士,64,109
8,國立中央大學,07151064,機械工程學系,D 日,B 學士,536,109
8,國立中央大學,07193074,生醫科學與工程學系,D 日,B 學士,93,109
8,國立中央大學,07194076,工學院學士班,D 日,B 學士,74,109
8,國立中央大學,07321067,土木工程學系,D 日,B 學士,374,109
9,國立中山大學,02151002,音樂學系,D 日,B 學士,165,109
9,國立中山大學,02152003,劇場藝術學系,D 日,B 學士,197,109
9,國立中山大學,02311006,外國語文學系,D 日,B 學士,243,109
9,國立中山大學,02322005,中國文學系,D 日,B 學士,193,109
9,國立中山大學,03141013,社會學系,D 日,B 學士,152,109
9,國立中山大學,04121024,財務管理學系,D 日,B 學士,207,109
9,國立中山大學,04131021,企業管理學系,D 日,B 學士,378,109
9,國立中山大學,04134010,政治經濟學系,D 日,B 學士,206,109
9,國立中山大學,05111033,生物科學系,D 日,B 學士,194,109
9,國立中山大學,05311037,化學系,D 日,B 學士,214,109
9,國立中山大學,05323044,海洋生物科技暨資源學系,D 日,B 學士,148,109
9,國立中山大學,05323047,海洋科學系,D 日,B 學士,131,109
9,國立中山大學,05331038,物理學系,D 日,B 學士,197,109
9,國立中山大學,05411051,應用數學系,D 日,B 學士,206,109
9,國立中山大學,06111055,資訊工程學系,D 日,B 學士,239,109
9,國立中山大學,06131052,資訊管理學系,D 日,B 學士,206,109
9,國立中山大學,07112063,材料與光電科學學系,D 日,B 學士,209,109
9,國立中山大學,07122065,海洋環境及工程學系,D 日,B 學士,182,109
9,國立中山大學,07141053,電機工程學系,D 日,B 學士,474,109
9,國立中山大學,07141054,光電工程學系,D 日,B 學士,177,109
9,國立中山大學,07151061,機械與機電工程學系,D 日,B 學士,443,109
9,國立中山大學,99999071,人文暨科技跨領域學士學位學程,D 日,B 學士,32,109
12,國立臺灣海洋大學,02122005,海洋文創設計產業學士學位學程,D 日,B 學士,120,109
12,國立臺灣海洋大學,04199055,海洋觀光管理學士學位學程,D 日,B 學士,182,109
12,國立臺灣海洋大學,04199056,海洋經營管理學士學位學程,D 日,B 學士,113,109
12,國立臺灣海洋大學,04212010,海洋法政學士學位學程,D 日,B 學士,140,109
12,國立臺灣海洋大學,05121014,生命科學暨生物科技學系,D 日,B 學士,197,109
12,國立臺灣海洋大學,05121018,海洋生物科技學士學位學程,D 日,B 學士,110,109
12,國立臺灣海洋大學,05323020,海洋環境資訊系,D 日,B 學士,169,109
12,國立臺灣海洋大學,06131028,資訊工程學系,D 日,B 學士,488,109
12,國立臺灣海洋大學,07122040,河海工程學系,D 日,B 學士,306,109
12,國立臺灣海洋大學,07122041,海洋工程科技學士學位學程,D 日,B 學士,87,109
12,國立臺灣海洋大學,07141025,電機工程學系,D 日,B 學士,404,109
12,國立臺灣海洋大學,07141027,光電與材料科技學系,D 日,B 學士,123,109
12,國立臺灣海洋大學,07141030,通訊與導航工程學系,D 日,B 學士,212,109
12,國立臺灣海洋大學,07151036,機械與機電工程學系,D 日,B 學士,346,109
12,國立臺灣海洋大學,07163033,系統工程暨造船學系,D 日,B 學士,202,109
12,國立臺灣海洋大學,07163035,輪機工程學系,D 日,B 學士,387,109
12,國立臺灣海洋大學,07163035,輪機工程學系學士後多元專長培力課程專班,P 進,B 學士,73,109
12,國立臺灣海洋大學,07211042,食品科學系,D 日,B 學士,407,109
12,國立臺灣海洋大學,07211042,食品科學系,P 進,B 學士,109,109
12,國立臺灣海洋大學,08311045,環境生物與漁業科學學系,D 日,B 學士,171,109
12,國立臺灣海洋大學,08312046,水產養殖學系,D 日,B 學士,409,109
12,國立臺灣海洋大學,10411050,運輸科學系,D 日,B 學士,382,109
12,國立臺灣海洋大學,10412048,航運管理學系,D 日,B 學士,468,109
12,國立臺灣海洋大學,10412048,航運管理學系,P 進,B 學士,340,109
12,國立臺灣海洋大學,10414052,商船學系,D 日,B 學士,506,109
12,國立臺灣海洋大學,10414052,商船學系學士後多元專長培力課程專班,P 進,B 學士,36,109
13,國立中正大學,01112005,成人及繼續教育學系,D 日,B 學士,114,109
13,國立中正大學,02221015,歷史學系,D 日,B 學士,184,109
13,國立中正大學,02231016,哲學系,D 日,B 學士,191,109
13,國立中正大學,02311012,外國語文學系,D 日,B 學士,211,109
13,國立中正大學,02322011,中國文學系,D 日,B 學士,178,109
13,國立中正大學,03111017,經濟學系,D 日,B 學士,351,109
13,國立中正大學,03121018,政治學系,D 日,B 學士,189,109
13,國立中正大學,03131019,心理學系,D 日,B 學士,218,109
13,國立中正大學,03191025,勞工關係學系,D 日,B 學士,180,109
13,國立中正大學,03199026,犯罪防治學系,D 日,B 學士,147,109
13,國立中正大學,03211028,傳播學系,D 日,B 學士,187,109
13,國立中正大學,04111032,會計與資訊科技學系,D 日,B 學士,231,109
13,國立中正大學,04121034,財務金融學系,D 日,B 學士,314,109
13,國立中正大學,04131033,企業管理學系,D 日,B 學士,318,109
13,國立中正大學,04211039,法律學系,D 日,B 學士,324,109
13,國立中正大學,04212040,財經法律學系,D 日,B 學士,201,109
13,國立中正大學,05121075,生物醫學科學系,D 日,B 學士,138,109
13,國立中正大學,05311045,化學暨生物化學系,D 日,B 學士,187,109
13,國立中正大學,05321047,地球與環境科學系,D 日,B 學士,159,109
13,國立中正大學,05331067,物理學系,D 日,B 學士,189,109
13,國立中正大學,05411049,數學系,D 日,B 學士,169,109
13,國立中正大學,06131053,資訊管理學系,D 日,B 學士,196,109
13,國立中正大學,06131055,資訊工程學系,D 日,B 學士,397,109
13,國立中正大學,07111061,化學工程學系,D 日,B 學士,186,109
13,國立中正大學,07141054,電機工程學系,D 日,B 學士,321,109
13,國立中正大學,07141056,通訊工程學系,D 日,B 學士,182,109
13,國立中正大學,07151058,機械工程學系,D 日,B 學士,356,109
13,國立中正大學,09231063,社會福利學系,D 日,B 學士,191,109
13,國立中正大學,10141064,運動競技學系,D 日,B 學士,102,109
14,國立高雄師範大學,01111001,教育學系,D 日,B 學士,144,109
14,國立高雄師範大學,01113010,特殊教育學系,D 日,B 學士,166,109
14,國立高雄師範大學,01141003,工業科技教育學系,D 日,B 學士,142,109
14,國立高雄師範大學,01141005,體育學系,D 日,B 學士,215,109
14,國立高雄師範大學,02112022,視覺設計學系,D 日,B 學士,175,109
14,國立高雄師範大學,02123024,工業設計學系,D 日,B 學士,126,109
14,國立高雄師範大學,02131012,美術學系,D 日,B 學士,173,109
14,國立高雄師範大學,02141055,藝術產業學士原住民專班,D 日,B 學士,96,109
14,國立高雄師範大學,02151013,音樂學系,D 日,B 學士,116,109
14,國立高雄師範大學,02311021,英語學系,D 日,B 學士,334,109
14,國立高雄師範大學,02321057,語言與文化學士原住民專班,D 日,B 學士,46,109
14,國立高雄師範大學,02322019,國文學系,D 日,B 學士,347,109
14,國立高雄師範大學,03142030,地理學系,D 日,B 學士,159,109
14,國立高雄師範大學,04131032,事業經營學系,D 日,B 學士,136,109
14,國立高雄師範大學,05121034,生物科技系,D 日,B 學士,152,109
14,國立高雄師範大學,05311036,化學系,D 日,B 學士,146,109
14,國立高雄師範大學,05331037,物理學系,D 日,B 學士,141,109
14,國立高雄師範大學,05411038,數學系,D 日,B 學士,303,109
14,國立高雄師範大學,06132039,軟體工程與管理學系,D 日,B 學士,108,109
14,國立高雄師範大學,07141041,電子工程學系,D 日,B 學士,166,109
14,國立高雄師範大學,07141042,光電與通訊工程學系,D 日,B 學士,-,109
14,國立高雄師範大學,07141060,電機工程學系,D 日,B 學士,161,109
14,國立高雄師範大學,10141056,運動競技與產業學士原住民專班,D 日,B 學士,107,109
15,國立彰化師範大學,01113012,特殊教育學系,D 日,B 學士,284,109
15,國立彰化師範大學,01131006,公共事務與公民教育學系,D 日,B 學士,132,109
15,國立彰化師範大學,01141007,工業教育與技術學系,D 日,B 學士,336,109
15,國立彰化師範大學,01141011,運動學系,D 日,B 學士,267,109
15,國立彰化師範大學,02131017,美術學系,D 日,B 學士,167,109
15,國立彰化師範大學,02311020,英語學系,D 日,B 學士,243,109
15,國立彰化師範大學,02322019,國文學系,D 日,B 學士,338,109
15,國立彰化師範大學,03131025,輔導與諮商學系,D 日,B 學士,337,109
15,國立彰化師範大學,03142027,地理學系,D 日,B 學士,166,109
15,國立彰化師範大學,04111028,會計學系,D 日,B 學士,334,109
15,國立彰化師範大學,04121031,財務金融技術學系,D 日,B 學士,154,109
15,國立彰化師範大學,04131029,企業管理學系,D 日,B 學士,201,109
15,國立彰化師範大學,05111034,生物學系,D 日,B 學士,171,109
15,國立彰化師範大學,05311035,化學系,D 日,B 學士,211,109
15,國立彰化師範大學,05331037,物理學系,D 日,B 學士,308,109
15,國立彰化師範大學,05411038,數學系,D 日,B 學士,302,109
15,國立彰化師範大學,06131040,資訊管理學系,D 日,B 學士,204,109
15,國立彰化師範大學,06131050,資訊工程學系,D 日,B 學士,191,109
15,國立彰化師範大學,07141042,電機工程學系,D 日,B 學士,172,109
15,國立彰化師範大學,07141043,電子工程學系,D 日,B 學士,183,109
15,國立彰化師範大學,07151054,機電工程學系,D 日,B 學士,197,109
16,國立陽明大學,05121007,生命科學系暨基因體科學研究所,D 日,B 學士,87,109
16,國立陽明大學,05199062,學士班大一大二不分系,D 日,B 學士,24,109
16,國立陽明大學,07193021,生物醫學工程學系,D 日,B 學士,124,109
16,國立陽明大學,07193022,生醫光電暨奈米科學學士學位學程,D 日,B 學士,2,109
16,國立陽明大學,09111059,牙醫學系,D 日,B 學士,262,109
16,國立陽明大學,09121024,醫學系,D 日,B 學士,885,109
16,國立陽明大學,09131048,護理學系,D 日,B 學士,134,109
16,國立陽明大學,09141057,醫學生物技術暨檢驗學系,D 日,B 學士,143,109
16,國立陽明大學,09141058,生物醫學影像暨放射科學系,D 日,B 學士,125,109
16,國立陽明大學,09151047,物理治療暨輔助科技學系,D 日,B 學士,181,109
16,國立陽明大學,09161041,藥學系,D 日,B 學士,141,109
17,國立臺北大學,02221005,歷史學系,D 日,B 學士,195,109
17,國立臺北大學,02311004,應用外語學系,D 日,B 學士,230,109
17,國立臺北大學,02322002,中國文學系,D 日,B 學士,191,109
17,國立臺北大學,03111009,經濟學系,D 日,B 學士,496,109
17,國立臺北大學,03111009,經濟學系,P 進,B 學士,195,109
17,國立臺北大學,03141011,社會學系,D 日,B 學士,204,109
17,國立臺北大學,04111017,會計學系,D 日,B 學士,522,109
17,國立臺北大學,04121022,金融與合作經營學系,D 日,B 學士,238,109
17,國立臺北大學,04121022,金融與合作經營學系,P 進,B 學士,185,109
17,國立臺北大學,04122023,財政學系,D 日,B 學士,298,109
17,國立臺北大學,04122023,財政學系,P 進,B 學士,221,109
17,國立臺北大學,04131018,企業管理學系,D 日,B 學士,508,109
17,國立臺北大學,04131018,企業管理學系,P 進,B 學士,326,109
17,國立臺北大學,04134013,公共行政暨政策學系,D 日,B 學士,483,109
17,國立臺北大學,04134013,公共行政暨政策學系,P 進,B 學士,370,109
17,國立臺北大學,04134024,不動產與城鄉環境學系,D 日,B 學士,486,109
17,國立臺北大學,04134024,不動產與城鄉環境學系,P 進,B 學士,197,109
17,國立臺北大學,04141026,商學院數位行銷進修學士學位學程,P 進,B 學士,185,109
17,國立臺北大學,04211028,法律學系,D 日,B 學士,804,109
17,國立臺北大學,04211028,法律學系,P 進,B 學士,209,109
17,國立臺北大學,05421033,統計學系,D 日,B 學士,241,109
17,國立臺北大學,06131036,資訊工程學系,D 日,B 學士,199,109
17,國立臺北大學,07141035,電機工程學系,D 日,B 學士,172,109
17,國立臺北大學,07141037,通訊工程學系,D 日,B 學士,149,109
17,國立臺北大學,09231041,社會工作學系,D 日,B 學士,192,109
17,國立臺北大學,09231041,社會工作學系,P 進,B 學士,194,109
17,國立臺北大學,10152042,休閒運動管理學系,D 日,B 學士,204,109
18,國立嘉義大學,01111001,教育學系,D 日,B 學士,159,109
18,國立嘉義大學,01113017,特殊教育學系,D 日,B 學士,168,109
18,國立嘉義大學,01116021,數位學習設計與管理學系,D 日,B 學士,180,109
18,國立嘉義大學,01121016,幼兒教育學系,D 日,B 學士,220,109
18,國立嘉義大學,01141113,體育與健康休閒學系,D 日,B 學士,200,109
18,國立嘉義大學,02131025,視覺藝術學系,D 日,B 學士,186,109
18,國立嘉義大學,02151024,音樂學系,D 日,B 學士,185,109
18,國立嘉義大學,02221033,應用歷史學系,D 日,B 學士,187,109
18,國立嘉義大學,02311031,外國語言學系,D 日,B 學士,395,109
18,國立嘉義大學,02311031,外國語言學系,P 進,B 學士,2,109
18,國立嘉義大學,02322029,中國文學系,D 日,B 學士,201,109
18,國立嘉義大學,02322029,中國文學系,P 進,B 學士,82,109
18,國立嘉義大學,03111034,應用經濟學系,D 日,B 學士,189,109
18,國立嘉義大學,03131035,輔導與諮商學系,D 日,B 學士,220,109
18,國立嘉義大學,04121041,財務金融學系,D 日,B 學士,177,109
18,國立嘉義大學,04121041,財務金融學系,P 進,B 學士,170,109
18,國立嘉義大學,04131038,企業管理學系,D 日,B 學士,202,109
18,國立嘉義大學,04131038,企業管理學系,P 進,B 學士,191,109
18,國立嘉義大學,04131045,生物事業管理學系,D 日,B 學士,194,109
18,國立嘉義大學,04131045,生物事業管理學系,P 進,B 學士,86,109
18,國立嘉義大學,04143044,行銷與觀光管理學系,D 日,B 學士,190,109
18,國立嘉義大學,05111052,生物資源學系,D 日,B 學士,160,109
18,國立嘉義大學,05121053,生化科技學系,D 日,B 學士,180,109
18,國立嘉義大學,05199058,微生物免疫與生物藥學系,D 日,B 學士,169,109
18,國立嘉義大學,05311059,應用化學系,D 日,B 學士,180,109
18,國立嘉義大學,05331061,電子物理學系,D 日,B 學士,177,109
18,國立嘉義大學,05411062,應用數學系,D 日,B 學士,189,109
18,國立嘉義大學,06131063,資訊管理學系,D 日,B 學士,193,109
18,國立嘉義大學,06131066,資訊工程學系,D 日,B 學士,206,109
18,國立嘉義大學,07141064,電機工程學系,D 日,B 學士,199,109
18,國立嘉義大學,07151067,生物機電工程學系,D 日,B 學士,187,109
18,國立嘉義大學,07151067,生物機電工程學系,P 進,B 學士,152,109
18,國立嘉義大學,07151069,機械與能源工程學系,D 日,B 學士,170,109
18,國立嘉義大學,07211088,食品科學系,D 日,B 學士,209,109
18,國立嘉義大學,07211088,食品科學系,P 進,B 學士,196,109
18,國立嘉義大學,07312072,景觀學系,D 日,B 學士,152,109
18,國立嘉義大學,07321070,土木與水資源工程學系,D 日,B 學士,190,109
18,國立嘉義大學,07321070,土木與水資源工程學系,P 進,B 學士,135,109
18,國立嘉義大學,08111074,農藝學系,D 日,B 學士,169,109
18,國立嘉義大學,08112079,動物科學系,D 日,B 學士,177,109
18,國立嘉義大學,08112079,動物科學系,P 進,B 學士,156,109
18,國立嘉義大學,08121080,園藝學系,D 日,B 學士,166,109
18,國立嘉義大學,08121080,園藝學系,P 進,B 學士,144,109
18,國立嘉義大學,08192092,生物農業科技學系,D 日,B 學士,158,109
18,國立嘉義大學,08194084,植物醫學系,D 日,B 學士,147,109
18,國立嘉義大學,08199076,農場管理進修學士學位學程,P 進,B 學士,308,109
18,國立嘉義大學,08211096,森林暨自然資源學系,D 日,B 學士,161,109
18,國立嘉義大學,08211106,木質材料與設計學系,D 日,B 學士,167,109
18,國立嘉義大學,08211106,木質材料與設計學系,P 進,B 學士,141,109
18,國立嘉義大學,08312047,水生生物科學系,D 日,B 學士,163,109
18,國立嘉義大學,08411108,獸醫學系,D 日,B 學士,252,109
18,國立嘉義大學,10152113,體育與健康休閒學系,P 進,B 學士,177,109
19,國立高雄大學,02122036,工藝與創意設計學系,D 日,B 學士,142,109
19,國立高雄大學,02199005,創意設計與建築學系,D 日,B 學士,50,109
19,國立高雄大學,02311002,西洋語文學系,D 日,B 學士,166,109
19,國立高雄大學,02311003,東亞語文學系,D 日,B 學士,247,109
19,國立高雄大學,03111006,應用經濟學系,D 日,B 學士,219,109
19,國立高雄大學,04121011,金融管理學系,D 日,B 學士,203,109
19,國立高雄大學,04131009,亞太工商管理學系,D 日,B 學士,254,109
19,國立高雄大學,04211015,法律學系,D 日,B 學士,216,109
19,國立高雄大學,04212016,財經法律學系,D 日,B 學士,179,109
19,國立高雄大學,04212017,政治法律學系,D 日,B 學士,217,109
19,國立高雄大學,05111019,生命科學系,D 日,B 學士,187,109
19,國立高雄大學,05311022,應用化學系,D 日,B 學士,166,109
19,國立高雄大學,05331023,應用物理學系,D 日,B 學士,188,109
19,國立高雄大學,05411024,應用數學系,D 日,B 學士,224,109
19,國立高雄大學,06131026,資訊管理學系,D 日,B 學士,189,109
19,國立高雄大學,06131028,資訊工程學系,D 日,B 學士,189,109
19,國立高雄大學,07111030,化學工程及材料工程學系,D 日,B 學士,163,109
19,國立高雄大學,07141027,電機工程學系,D 日,B 學士,401,109
19,國立高雄大學,07311035,建築學系,D 日,B 學士,101,109
19,國立高雄大學,07321029,土木與環境工程學系,D 日,B 學士,259,109
19,國立高雄大學,10141032,運動競技學系,D 日,B 學士,183,109
19,國立高雄大學,10152033,運動健康與休閒學系,D 日,B 學士,245,109
20,國立東華大學,01111001,教育與潛能開發學系,D 日,B 學士,187,109
20,國立東華大學,01113013,特殊教育學系,D 日,B 學士,161,109
20,國立東華大學,01114015,教育行政與管理學系,D 日,B 學士,165,109
20,國立東華大學,01121012,幼兒教育學系,D 日,B 學士,211,109
20,國立東華大學,01141010,體育與運動科學系,D 日,B 學士,182,109
20,國立東華大學,02121019,藝術與設計學系,D 日,B 學士,223,109
20,國立東華大學,02151018,音樂學系,D 日,B 學士,87,109
20,國立東華大學,02191022,藝術創意產業學系,D 日,B 學士,227,109
20,國立東華大學,02199109,原住民族樂舞與藝術學士學位學程,D 日,B 學士,34,109
20,國立東華大學,02221033,歷史學系,D 日,B 學士,230,109
20,國立東華大學,02222042,族群關係與文化學系,D 日,B 學士,157,109
20,國立東華大學,02311029,英美語文學系,D 日,B 學士,223,109
20,國立東華大學,02321028,民族語言與傳播學系,D 日,B 學士,161,109
20,國立東華大學,02322025,中國語文學系,D 日,B 學士,207,109
20,國立東華大學,02323104,華文文學系,D 日,B 學士,214,109
20,國立東華大學,03111034,經濟學系,D 日,B 學士,202,109
20,國立東華大學,03131046,諮商與臨床心理學系,D 日,B 學士,234,109
20,國立東華大學,03141036,社會學系,D 日,B 學士,156,109
20,國立東華大學,03143051,臺灣文化學系,D 日,B 學士,215,109
20,國立東華大學,03199040,民族事務與發展學系,D 日,B 學士,76,109
20,國立東華大學,04111056,會計學系,D 日,B 學士,244,109
20,國立東華大學,04121061,財務金融學系,D 日,B 學士,244,109
20,國立東華大學,04131059,企業管理學系,D 日,B 學士,226,109
20,國立東華大學,04131060,國際企業學系,D 日,B 學士,245,109
20,國立東華大學,04134054,公共行政學系,D 日,B 學士,123,109
20,國立東華大學,04191066,管理學院管理科學與財金國際學士學位學程,D 日,B 學士,77,109
20,國立東華大學,04211067,法律學系,D 日,B 學士,187,109
20,國立東華大學,05121069,生命科學系,D 日,B 學士,198,109
20,國立東華大學,05211094,自然資源與環境學系,D 日,B 學士,228,109
20,國立東華大學,05311071,化學系,D 日,B 學士,203,109
20,國立東華大學,05331072,物理學系,D 日,B 學士,242,109
20,國立東華大學,05411074,應用數學系,D 日,B 學士,311,109
20,國立東華大學,06131086,資訊工程學系,D 日,B 學士,390,109
20,國立東華大學,06134081,資訊管理學系,D 日,B 學士,213,109
20,國立東華大學,07112090,材料科學與工程學系,D 日,B 學士,218,109
20,國立東華大學,07141083,電機工程學系,D 日,B 學士,226,109
20,國立東華大學,07141085,光電工程學系,D 日,B 學士,179,109
20,國立東華大學,09231041,民族社會工作學士學位學程,D 日,B 學士,101,109
20,國立東華大學,10151091,觀光暨休閒遊憩學系,D 日,B 學士,228,109
20,國立東華大學,99999108,大一不分系學士班,D 日,B 學士,25,109
21,國立暨南國際大學,01111001,國際文教與比較教育學系,D 日,B 學士,207,109
21,國立暨南國際大學,01111004,諮商心理與人力資源發展學系,D 日,B 學士,211,109
21,國立暨南國際大學,01111050,教育學院學士班,D 日,B 學士,19,109
21,國立暨南國際大學,01114010,教育政策與行政學系,D 日,B 學士,178,109
21,國立暨南國際大學,02221015,歷史學系,D 日,B 學士,180,109
21,國立暨南國際大學,02311014,外國語文學系,D 日,B 學士,210,109
21,國立暨南國際大學,02322013,中國語文學系,D 日,B 學士,202,109
21,國立暨南國際大學,03111016,經濟學系,D 日,B 學士,238,109
21,國立暨南國際大學,03141045,原住民文化產業與社會工作學士學位學程原住民族專班,D 日,B 學士,191,109
21,國立暨南國際大學,03143019,東南亞學系,D 日,B 學士,184,109
21,國立暨南國際大學,04121025,財務金融學系,D 日,B 學士,236,109
21,國立暨南國際大學,04131022,國際企業學系,D 日,B 學士,268,109
21,國立暨南國際大學,04131048,管理學院學士班,D 日,B 學士,51,109
21,國立暨南國際大學,04134020,公共行政與政策學系,D 日,B 學士,219,109
21,國立暨南國際大學,05311027,應用化學系,D 日,B 學士,201,109
21,國立暨南國際大學,06131030,資訊管理學系,D 日,B 學士,235,109
21,國立暨南國際大學,06131034,資訊工程學系,D 日,B 學士,224,109
21,國立暨南國際大學,06199049,科技學院學士班,D 日,B 學士,15,109
21,國立暨南國際大學,07112037,應用材料及光電工程學系,D 日,B 學士,187,109
21,國立暨南國際大學,07141031,電機工程學系,D 日,B 學士,256,109
21,國立暨南國際大學,07321035,土木工程學系,D 日,B 學士,188,109
21,國立暨南國際大學,09231038,社會政策與社會工作學系,D 日,B 學士,232,109
21,國立暨南國際大學,10151039,觀光休閒與餐旅管理學系,D 日,B 學士,310,109
28,國立臺北藝術大學,02111018,電影創作學系,D 日,B 學士,196,109
28,國立臺北藝術大學,02111019,動畫學系,D 日,B 學士,185,109
28,國立臺北藝術大學,02131003,美術學系,D 日,B 學士,295,109
28,國立臺北藝術大學,02151005,音樂學系,D 日,B 學士,273,109
28,國立臺北藝術大學,02151006,傳統音樂學系,D 日,B 學士,97,109
28,國立臺北藝術大學,02152008,戲劇學系,D 日,B 學士,208,109
28,國立臺北藝術大學,02152011,劇場設計學系,D 日,B 學士,162,109
28,國立臺北藝術大學,02152013,舞蹈學系,D 日,B 學士,123,109
28,國立臺北藝術大學,02191023,新媒體藝術學系,D 日,B 學士,188,109
29,國立臺灣藝術大學,02111015,電影學系,D 日,B 學士,211,109
29,國立臺灣藝術大學,02111015,電影學系,P 進,B 學士,133,109
29,國立臺灣藝術大學,02112023,多媒體動畫藝術學系,D 日,B 學士,140,109
29,國立臺灣藝術大學,02112028,視覺傳達設計學系,D 日,B 學士,156,109
29,國立臺灣藝術大學,02112028,視覺傳達設計學系,P 進,B 學士,140,109
29,國立臺灣藝術大學,02131003,美術學系,D 日,B 學士,158,109
29,國立臺灣藝術大學,02131003,美術學系,P 進,B 學士,137,109
29,國立臺灣藝術大學,02131005,書畫藝術學系,D 日,B 學士,145,109
29,國立臺灣藝術大學,02131005,書畫藝術學系,P 進,B 學士,126,109
29,國立臺灣藝術大學,02132006,雕塑學系,D 日,B 學士,160,109
29,國立臺灣藝術大學,02141007,工藝設計學系,D 日,B 學士,141,109
29,國立臺灣藝術大學,02141007,工藝設計學系,P 進,B 學士,149,109
29,國立臺灣藝術大學,02151010,音樂學系,D 日,B 學士,252,109
29,國立臺灣藝術大學,02151010,音樂學系,P 進,B 學士,129,109
29,國立臺灣藝術大學,02151011,中國音樂學系,D 日,B 學士,144,109
29,國立臺灣藝術大學,02151011,中國音樂學系,P 進,B 學士,131,109
29,國立臺灣藝術大學,02152012,戲劇學系,D 日,B 學士,199,109
29,國立臺灣藝術大學,02152012,戲劇學系,P 進,B 學士,171,109
29,國立臺灣藝術大學,02152014,舞蹈學系,D 日,B 學士,152,109
29,國立臺灣藝術大學,02152014,舞蹈學系,P 進,B 學士,144,109
29,國立臺灣藝術大學,02191017,古蹟藝術修護學系,D 日,B 學士,139,109
29,國立臺灣藝術大學,02199030,圖文傳播藝術學系,D 日,B 學士,177,109
29,國立臺灣藝術大學,02199030,圖文傳播藝術學系,P 進,B 學士,157,109
29,國立臺灣藝術大學,03213029,廣播電視學系,D 日,B 學士,191,109
29,國立臺灣藝術大學,03213029,廣播電視學系,P 進,B 學士,148,109
30,國立臺東大學,01111001,教育學系,D 日,B 學士,193,109
30,國立臺東大學,01113008,特殊教育學系,D 日,B 學士,162,109
30,國立臺東大學,01116005,數位媒體與文教產業學系,D 日,B 學士,149,109
30,國立臺東大學,01121007,幼兒教育學系,D 日,B 學士,239,109
30,國立臺東大學,01121007,幼兒教育學系幼兒教育學士後學位學程教保員專班,P 進,B 學士,49,109
30,國立臺東大學,01141006,體育學系,D 日,B 學士,194,109
30,國立臺東大學,02131009,美術產業學系,D 日,B 學士,183,109
30,國立臺東大學,02151011,音樂學系,D 日,B 學士,122,109
30,國立臺東大學,02311015,英美語文學系,D 日,B 學士,173,109
30,國立臺東大學,02323013,華語文學系,D 日,B 學士,185,109
30,國立臺東大學,03199017,公共與文化事務學系,D 日,B 學士,184,109
30,國立臺東大學,04131028,資訊管理學系產業管理與數位行銷進修學士班,P 進,B 學士,110,109
30,國立臺東大學,05111020,生命科學系,D 日,B 學士,167,109
30,國立臺東大學,05399021,應用科學系,D 日,B 學士,315,109
30,國立臺東大學,05411024,應用數學系,D 日,B 學士,155,109
30,國立臺東大學,06131028,資訊管理學系,D 日,B 學士,184,109
30,國立臺東大學,06199023,綠色與資訊科技學士學位學程,D 日,B 學士,116,109
30,國立臺東大學,07141029,資訊工程學系,D 日,B 學士,344,109
30,國立臺東大學,09191040,高齡健康與照護管理原住民專班,D 日,B 學士,74,109
30,國立臺東大學,10141034,運動競技學士學位學程,D 日,B 學士,132,109
30,國立臺東大學,10151031,文化資源與休閒產業學系,D 日,B 學士,186,109
30,國立臺東大學,10151031,文化資源與休閒產業學系產業經營進修學士班,P 進,B 學士,123,109
30,國立臺東大學,10152035,身心整合與運動休閒產業學系,D 日,B 學士,141,109
31,國立宜蘭大學,02311001,外國語文學系,D 日,B 學士,185,109
31,國立宜蘭大學,03111007,應用經濟與管理學系,D 日,B 學士,351,109
31,國立宜蘭大學,07111023,化學工程與材料工程學系,D 日,B 學士,359,109
31,國立宜蘭大學,07121024,環境工程學系,D 日,B 學士,187,109
31,國立宜蘭大學,07121024,環境工程學系,P 進,B 學士,106,109
31,國立宜蘭大學,07141011,電機工程學系,D 日,B 學士,329,109
31,國立宜蘭大學,07141011,電機工程學系,P 進,B 學士,109,109
31,國立宜蘭大學,07141012,電子工程學系,D 日,B 學士,350,109
31,國立宜蘭大學,07141013,資訊工程學系,D 日,B 學士,188,109
31,國立宜蘭大學,07151017,機械與機電工程學系,D 日,B 學士,350,109
31,國立宜蘭大學,07151019,生物機電工程學系,D 日,B 學士,195,109
31,國立宜蘭大學,07211033,食品科學系,D 日,B 學士,368,109
31,國立宜蘭大學,07211033,食品科學系,P 進,B 學士,1,109
31,國立宜蘭大學,07321021,土木工程學系,D 日,B 學士,445,109
31,國立宜蘭大學,08112030,生物技術與動物科學系,D 日,B 學士,405,109
31,國立宜蘭大學,08121031,園藝學系,D 日,B 學士,231,109
31,國立宜蘭大學,08193040,智慧休閒農業進修學士學位學程,P 進,B 學士,73,109
31,國立宜蘭大學,08199037,生物資源學院原住民專班,D 日,B 學士,40,109
31,國立宜蘭大學,08211036,森林暨自然資源學系,D 日,B 學士,208,109
31,國立宜蘭大學,10152038,休閒產業與健康促進學系,D 日,B 學士,182,109
31,國立宜蘭大學,10152038,休閒產業與健康促進學系,P 進,B 學士,117,109
32,國立聯合大學,02122005,文化創意與數位行銷學系,D 日,B 學士,183,109
32,國立聯合大學,02122005,文化創意與數位行銷學系,P 進,B 學士,139,109
32,國立聯合大學,02123006,工業設計學系,D 日,B 學士,160,109
32,國立聯合大學,02123006,工業設計學系,P 進,B 學士,69,109
32,國立聯合大學,02123044,原住民學士學位學程專班,D 日,B 學士,50,109
32,國立聯合大學,02321001,臺灣語文與傳播學系,D 日,B 學士,162,109
32,國立聯合大學,02323002,華語文學系,D 日,B 學士,192,109
32,國立聯合大學,04121014,財務金融學系,D 日,B 學士,184,109
32,國立聯合大學,04121014,財務金融學系,P 進,B 學士,88,109
32,國立聯合大學,04131011,經營管理學系,D 日,B 學士,575,109
32,國立聯合大學,04131011,經營管理學系,P 進,B 學士,186,109
32,國立聯合大學,06131016,資訊管理學系,D 日,B 學士,337,109
32,國立聯合大學,06131020,資訊工程學系,D 日,B 學士,172,109
32,國立聯合大學,06131020,資訊工程學系,P 進,B 學士,148,109
32,國立聯合大學,07111028,化學工程學系,D 日,B 學士,344,109
32,國立聯合大學,07111028,化學工程學系,P 進,B 學士,81,109
32,國立聯合大學,07112029,材料科學工程學系,D 日,B 學士,172,109
32,國立聯合大學,07121034,環境與安全衛生工程學系,D 日,B 學士,361,109
32,國立聯合大學,07132035,能源工程學系,D 日,B 學士,141,109
32,國立聯合大學,07141017,電機工程學系,D 日,B 學士,666,109
32,國立聯合大學,07141018,電子工程學系,D 日,B 學士,680,109
32,國立聯合大學,07141018,電子工程學系,P 進,B 學士,1,109
32,國立聯合大學,07141019,光電工程學系,D 日,B 學士,346,109
32,國立聯合大學,07151025,機械工程學系,D 日,B 學士,684,109
32,國立聯合大學,07151025,機械工程學系,P 進,B 學士,110,109
32,國立聯合大學,07311040,建築學系,D 日,B 學士,188,109
32,國立聯合大學,07311040,建築學系室內設計進修學士班,P 進,B 學士,22,109
32,國立聯合大學,07321027,土木與防災工程學系,D 日,B 學士,194,109
32,國立聯合大學,07321027,土木與防災工程學系,P 進,B 學士,140,109
32,國立聯合大學,10151042,文化觀光產業學系,D 日,B 學士,174,109
32,國立聯合大學,10151042,文化觀光產業學系,P 進,B 學士,150,109
35,國立臺南藝術大學,02141020,材質創作與設計系,D 日,B 學士,210,109
35,國立臺南藝術大學,02151001,音樂學系,D 日,B 學士,80,109
35,國立臺南藝術大學,02151002,中國音樂學系,D 日,B 學士,96,109
35,國立臺南藝術大學,02151003,應用音樂學系,D 日,B 學士,230,109
35,國立臺南藝術大學,02191014,藝術史學系,D 日,B 學士,165,109
36,國立臺南大學,01111001,教育學系,D 日,B 學士,352,109
36,國立臺南大學,01113019,特殊教育學系,D 日,B 學士,181,109
36,國立臺南大學,01121018,幼兒教育學系,D 日,B 學士,179,109
36,國立臺南大學,01141017,體育學系,D 日,B 學士,204,109
36,國立臺南大學,02111030,視覺藝術與設計學系,D 日,B 學士,174,109
36,國立臺南大學,02151027,音樂學系,D 日,B 學士,177,109
36,國立臺南大學,02151027,音樂學系,P 進,B 學士,48,109
36,國立臺南大學,02152029,戲劇創作與應用學系,D 日,B 學士,162,109
36,國立臺南大學,02311032,英語學系,D 日,B 學士,190,109
36,國立臺南大學,02311032,英語學系,P 進,B 學士,29,109
36,國立臺南大學,02322031,國語文學系,D 日,B 學士,298,109
36,國立臺南大學,03131036,諮商與輔導學系,D 日,B 學士,188,109
36,國立臺南大學,03143037,文化與自然資源學系,D 日,B 學士,158,109
36,國立臺南大學,04131041,經營與管理學系,D 日,B 學士,157,109
36,國立臺南大學,04134040,行政管理學系,D 日,B 學士,161,109
36,國立臺南大學,05121044,生物科技學系,D 日,B 學士,163,109
36,國立臺南大學,05212063,生態暨環境資源學系,D 日,B 學士,124,109
36,國立臺南大學,05411047,應用數學系,D 日,B 學士,168,109
36,國立臺南大學,06131052,資訊工程學系,D 日,B 學士,168,109
36,國立臺南大學,06134024,數位學習科技學系,D 日,B 學士,175,109
36,國立臺南大學,07112055,材料科學系,D 日,B 學士,155,109
36,國立臺南大學,07132058,綠色能源科技學系,D 日,B 學士,163,109
36,國立臺南大學,07132058,綠色能源科技學系,P 進,B 學士,76,109
36,國立臺南大學,07141049,電機工程學系,D 日,B 學士,188,109
37,國立臺北教育大學,01113003,特殊教育學系,D 日,B 學士,192,109
37,國立臺北教育大學,01114044,教育經營與管理學系,D 日,B 學士,170,109
37,國立臺北教育大學,01121035,幼兒與家庭教育學系,D 日,B 學士,194,109
37,國立臺北教育大學,01131001,教育學系,D 日,B 學士,206,109
37,國立臺北教育大學,01131038,數學暨資訊教育學系,D 日,B 學士,235,109
37,國立臺北教育大學,01141002,體育學系,D 日,B 學士,237,109
37,國立臺北教育大學,02121014,藝術與造形設計學系,D 日,B 學士,338,109
37,國立臺北教育大學,02121028,文化創意產業經營學系,D 日,B 學士,183,109
37,國立臺北教育大學,02122011,數位科技設計學系,D 日,B 學士,168,109
37,國立臺北教育大學,02151031,音樂學系,D 日,B 學士,178,109
37,國立臺北教育大學,02311023,兒童英語教育學系,D 日,B 學士,157,109
37,國立臺北教育大學,02322018,語文與創作學系,D 日,B 學士,347,109
37,國立臺北教育大學,03131007,心理與諮商學系,D 日,B 學士,189,109
37,國立臺北教育大學,03143005,社會與區域發展學系,D 日,B 學士,194,109
37,國立臺北教育大學,05399040,自然科學教育學系,D 日,B 學士,206,109
37,國立臺北教育大學,06131004,資訊科學系,D 日,B 學士,155,109
39,國立臺中教育大學,01111001,教育學系,D 日,B 學士,171,109
39,國立臺中教育大學,01113022,特殊教育學系,D 日,B 學士,190,109
39,國立臺中教育大學,01121021,幼兒教育學系,D 日,B 學士,199,109
39,國立臺中教育大學,01131006,語文教育學系,D 日,B 學士,183,109
39,國立臺中教育大學,01131008,科學教育與應用學系,D 日,B 學士,170,109
39,國立臺中教育大學,01131011,數學教育學系,D 日,B 學士,183,109
39,國立臺中教育大學,01131019,體育學系,D 日,B 學士,202,109
39,國立臺中教育大學,02122034,文化創意產業設計與營運學系,D 日,B 學士,175,109
39,國立臺中教育大學,02131029,美術學系,D 日,B 學士,180,109
39,國立臺中教育大學,02151030,音樂學系,D 日,B 學士,167,109
39,國立臺中教育大學,02311032,英語學系,D 日,B 學士,202,109
39,國立臺中教育大學,02321031,臺灣語文學系,D 日,B 學士,178,109
39,國立臺中教育大學,03131035,諮商與應用心理學系,D 日,B 學士,182,109
39,國立臺中教育大學,03191037,區域與社會發展學系,D 日,B 學士,187,109
39,國立臺中教育大學,04131039,國際企業學系,D 日,B 學士,243,109
39,國立臺中教育大學,06131042,資訊工程學系,D 日,B 學士,199,109
39,國立臺中教育大學,06133041,數位內容科技學系,D 日,B 學士,185,109
44,國立體育大學,10141005,球類運動技術學系,D 日,B 學士,274,109
44,國立體育大學,10141006,陸上運動技術學系,D 日,B 學士,215,109
44,國立體育大學,10141007,技擊運動技術學系,D 日,B 學士,237,109
44,國立體育大學,10141022,競技運動原住民專班,D 日,B 學士,34,109
44,國立體育大學,10152014,運動保健學系,D 日,B 學士,231,109
44,國立體育大學,10152015,休閒產業經營學系,D 日,B 學士,228,109
44,國立體育大學,10152016,體育推廣學系,D 日,B 學士,335,109
44,國立體育大學,10152017,適應體育學系,D 日,B 學士,218,109
48,國立金門大學,02311002,應用英語學系,D 日,B 學士,257,109
48,國立金門大學,02322001,華語文學系,D 日,B 學士,136,109
48,國立金門大學,03121006,國際暨大陸事務學系,D 日,B 學士,149,109
48,國立金門大學,03121006,國際暨大陸事務學系,P 進,B 學士,121,109
48,國立金門大學,04131009,企業管理學系,D 日,B 學士,305,109
48,國立金門大學,04131009,企業管理學系,P 進,B 學士,290,109
48,國立金門大學,04212013,海洋與邊境管理學系,D 日,B 學士,146,109
48,國立金門大學,06131019,資訊工程學系,D 日,B 學士,174,109
48,國立金門大學,06131019,資訊工程學系,P 進,B 學士,-,109
48,國立金門大學,07141017,電子工程學系,D 日,B 學士,277,109
48,國立金門大學,07191025,工業工程與管理學系,D 日,B 學士,138,109
48,國立金門大學,07211029,食品科學系,D 日,B 學士,154,109
48,國立金門大學,07311026,建築學系,D 日,B 學士,182,109
48,國立金門大學,07313028,都市計畫與景觀學系,D 日,B 學士,120,109
48,國立金門大學,07321021,土木與工程管理學系,D 日,B 學士,135,109
48,國立金門大學,09131031,護理學系,D 日,B 學士,149,109
48,國立金門大學,09191032,長期照護學系,D 日,B 學士,135,109
48,國立金門大學,09231033,社會工作學系,D 日,B 學士,164,109
48,國立金門大學,09231033,社會工作學系,P 進,B 學士,148,109
48,國立金門大學,10151034,觀光管理學系,D 日,B 學士,202,109
48,國立金門大學,10151034,觀光管理學系,P 進,B 學士,178,109
48,國立金門大學,10152036,運動與休閒學系,D 日,B 學士,154,109
48,國立金門大學,10152036,運動與休閒學系,P 進,B 學士,105,109
49,國立臺灣體育運動大學,01141001,體育學系,D 日,B 學士,412,109
49,國立臺灣體育運動大學,01141001,體育學系,P 進,B 學士,380,109
49,國立臺灣體育運動大學,02152002,舞蹈學系,D 日,B 學士,208,109
49,國立臺灣體育運動大學,04199010,運動事業管理學系,D 日,B 學士,216,109
49,國立臺灣體育運動大學,10141003,競技運動學系,D 日,B 學士,228,109
49,國立臺灣體育運動大學,10141004,球類運動學系,D 日,B 學士,461,109
49,國立臺灣體育運動大學,10141005,技擊運動學系,D 日,B 學士,218,109
49,國立臺灣體育運動大學,10142006,運動健康科學學系,D 日,B 學士,203,109
49,國立臺灣體育運動大學,10152007,休閒運動學系,D 日,B 學士,231,109
49,國立臺灣體育運動大學,10152012,運動資訊與傳播學系,D 日,B 學士,185,109
52,國立屏東大學,01111001,教育學系,D 日,B 學士,321,109
52,國立屏東大學,01111003,教育心理與輔導學系,D 日,B 學士,181,109
52,國立屏東大學,01113017,特殊教育學系,D 日,B 學士,156,109
52,國立屏東大學,01121016,幼兒教育學系,D 日,B 學士,325,109
52,國立屏東大學,01121016,幼兒教育學系幼兒教育學士後學位學程教保員專班,P 進,B 學士,34,109
52,國立屏東大學,01199023,科普傳播學系,D 日,B 學士,107,109
52,國立屏東大學,02111025,視覺藝術學系,D 日,B 學士,180,109
52,國立屏東大學,02151024,音樂學系,D 日,B 學士,101,109
52,國立屏東大學,02299033,文化創意產業學系,D 日,B 學士,171,109
52,國立屏東大學,02299034,原住民族健康休閒與文化產業學士學位學程原住民專班,D 日,B 學士,130,109
52,國立屏東大學,02311029,英語學系,D 日,B 學士,166,109
52,國立屏東大學,02311030,應用英語學系,D 日,B 學士,197,109
52,國立屏東大學,02311031,應用日語學系,D 日,B 學士,244,109
52,國立屏東大學,02322027,中國語文學系,D 日,B 學士,164,109
52,國立屏東大學,03141036,社會發展學系,D 日,B 學士,164,109
52,國立屏東大學,04111038,會計學系,D 日,B 學士,447,109
52,國立屏東大學,04121045,財務金融學系,D 日,B 學士,242,109
52,國立屏東大學,04121045,財務金融學系,P 進,B 學士,136,109
52,國立屏東大學,04131039,企業管理學系,D 日,B 學士,238,109
52,國立屏東大學,04131039,企業管理學系,P 進,B 學士,242,109
52,國立屏東大學,04131042,商業自動化與管理學系,D 日,B 學士,217,109
52,國立屏東大學,04132046,行銷與流通管理學系,D 日,B 學士,416,109
52,國立屏東大學,04132046,行銷與流通管理學系,P 進,B 學士,121,109
52,國立屏東大學,04141044,國際貿易學系,D 日,B 學士,249,109
52,國立屏東大學,04141044,國際貿易學系,P 進,B 學士,117,109
52,國立屏東大學,04199047,不動產經營學系,D 日,B 學士,206,109
52,國立屏東大學,05311050,應用化學系,D 日,B 學士,196,109
52,國立屏東大學,05331053,應用物理系,D 日,B 學士,264,109
52,國立屏東大學,05411055,應用數學系,D 日,B 學士,156,109
52,國立屏東大學,06131057,資訊管理學系,D 日,B 學士,243,109
52,國立屏東大學,06131057,資訊管理學系,P 進,B 學士,150,109
52,國立屏東大學,06131061,資訊科學系,D 日,B 學士,197,109
52,國立屏東大學,06199059,電腦與智慧型機器人學士學位學程,D 日,B 學士,93,109
52,國立屏東大學,06199062,電腦與通訊學系,D 日,B 學士,216,109
52,國立屏東大學,07141060,資訊工程學系,D 日,B 學士,229,109
52,國立屏東大學,07141068,智慧機器人學系,D 日,B 學士,35,109
52,國立屏東大學,10151065,休閒事業經營學系,D 日,B 學士,205,109
52,國立屏東大學,10152014,體育學系,D 日,B 學士,199,109
1001,東海大學,02123011,工業設計學系,D 日,B 學士,153,109
1001,東海大學,02131002,美術學系,D 日,B 學士,193,109
1001,東海大學,02131002,美術學系,P 進,B 學士,154,109
1001,東海大學,02151003,音樂學系,D 日,B 學士,175,109
1001,東海大學,02221009,歷史學系,D 日,B 學士,255,109
1001,東海大學,02231010,哲學系,D 日,B 學士,208,109
1001,東海大學,02311005,外國語文學系,D 日,B 學士,446,109
1001,東海大學,02311007,日本語言文化學系,D 日,B 學士,441,109
1001,東海大學,02322004,中國文學系,D 日,B 學士,422,109
1001,東海大學,03111012,經濟學系,D 日,B 學士,570,109
1001,東海大學,03111012,經濟學系,P 進,B 學士,-,109
1001,東海大學,03121013,政治學系,D 日,B 學士,460,109
1001,東海大學,03141014,社會學系,D 日,B 學士,428,109
1001,東海大學,04111018,會計學系,D 日,B 學士,485,109
1001,東海大學,04121024,財務金融學系,D 日,B 學士,507,109
1001,東海大學,04131019,企業管理學系,D 日,B 學士,684,109
1001,東海大學,04131021,國際學院國際經營管理學位學程,D 日,B 學士,257,109
1001,東海大學,04134016,行政管理暨政策學系,D 日,B 學士,289,109
1001,東海大學,04141023,國際經營與貿易學系,D 日,B 學士,671,109
1001,東海大學,04211027,法律學系,D 日,B 學士,502,109
1001,東海大學,04211027,法律學系,P 進,B 學士,138,109
1001,東海大學,05111028,生命科學系,D 日,B 學士,310,109
1001,東海大學,05211056,永續科學與工程學士學位學程,D 日,B 學士,112,109
1001,東海大學,05311030,化學系,D 日,B 學士,342,109
1001,東海大學,05331032,應用物理學系,D 日,B 學士,215,109
1001,東海大學,05411034,應用數學系,D 日,B 學士,176,109
1001,東海大學,05421035,統計學系,D 日,B 學士,399,109
1001,東海大學,06131039,資訊工程學系,D 日,B 學士,564,109
1001,東海大學,06131039,資訊工程學系,P 進,B 學士,40,109
1001,東海大學,06134036,資訊管理學系,D 日,B 學士,256,109
1001,東海大學,07111042,化學工程與材料工程學系,D 日,B 學士,418,109
1001,東海大學,07121045,環境科學與工程學系,D 日,B 學士,315,109
1001,東海大學,07141037,電機工程學系,D 日,B 學士,329,109
1001,東海大學,07141039,資訊工程學系,D 日,B 學士,-,109
1001,東海大學,07191044,工業工程與經營資訊學系,D 日,B 學士,438,109
1001,東海大學,07211052,食品科學系,D 日,B 學士,383,109
1001,東海大學,07311048,建築學系,D 日,B 學士,173,109
1001,東海大學,07312049,景觀學系,D 日,B 學士,241,109
1001,東海大學,08112051,畜產與生物科技學系,D 日,B 學士,407,109
1001,東海大學,09199063,高齡健康與運動科學學士學位學程,D 日,B 學士,33,109
1001,東海大學,09231053,社會工作學系,D 日,B 學士,493,109
1001,東海大學,10131054,餐旅管理學系,D 日,B 學士,274,109
1001,東海大學,10152055,運動休閒與健康管理學位學程,P 進,B 學士,113,109
1002,輔仁大學,01114046,教育領導與科技發展學士學位學程,D 日,B 學士,122,109
1002,輔仁大學,02122078,應用美術學系,D 日,B 學士,275,109
1002,輔仁大學,02122078,應用美術學系,P 進,B 學士,244,109
1002,輔仁大學,02122087,藝術與文化創意學士學位學程,P 進,B 學士,244,109
1002,輔仁大學,02124095,室內設計進修學士學位學程,P 進,B 學士,43,109
1002,輔仁大學,02125082,織品服裝學系,D 日,B 學士,"1,013",109
1002,輔仁大學,02151034,音樂學系,D 日,B 學士,186,109
1002,輔仁大學,02211006,天主教研修學士學位學程,D 日,B 學士,29,109
1002,輔仁大學,02211019,宗教學系,D 日,B 學士,230,109
1002,輔仁大學,02211019,宗教學系,P 進,B 學士,68,109
1002,輔仁大學,02221074,歷史學系,D 日,B 學士,470,109
1002,輔仁大學,02221074,歷史學系,P 進,B 學士,120,109
1002,輔仁大學,02231037,哲學系,D 日,B 學士,459,109
1002,輔仁大學,02231037,哲學系,P 進,B 學士,70,109
1002,輔仁大學,02299093,人文社會服務進修學士學位學程,P 進,B 學士,109,109
1002,輔仁大學,02311009,日本語文學系,D 日,B 學士,492,109
1002,輔仁大學,02311009,日本語文學系,P 進,B 學士,393,109
1002,輔仁大學,02311016,西班牙語文學系,D 日,B 學士,268,109
1002,輔仁大學,02311021,法國語文學系,D 日,B 學士,267,109
1002,輔仁大學,02311033,英國語文學系,D 日,B 學士,265,109
1002,輔仁大學,02311033,英國語文學系,P 進,B 學士,357,109
1002,輔仁大學,02311057,義大利語文學系,D 日,B 學士,260,109
1002,輔仁大學,02311072,德語語文學系,D 日,B 學士,261,109
1002,輔仁大學,02322003,中國文學系,D 日,B 學士,474,109
1002,輔仁大學,02322003,中國文學系,P 進,B 學士,131,109
1002,輔仁大學,03111055,經濟學系,D 日,B 學士,469,109
1002,輔仁大學,03111055,經濟學系,P 進,B 學士,214,109
1002,輔仁大學,03131007,心理學系,D 日,B 學士,261,109
1002,輔仁大學,03131081,臨床心理學系,D 日,B 學士,259,109
1002,輔仁大學,03141023,社會學系,D 日,B 學士,255,109
1002,輔仁大學,03211001,大眾傳播學士學位學程,P 進,B 學士,463,109
1002,輔仁大學,03212053,新聞傳播學系,D 日,B 學士,257,109
1002,輔仁大學,03213070,影像傳播學系,D 日,B 學士,278,109
1002,輔仁大學,03222065,圖書資訊學系,D 日,B 學士,235,109
1002,輔仁大學,03222065,圖書資訊學系,P 進,B 學士,120,109
1002,輔仁大學,04111054,會計學系,D 日,B 學士,484,109
1002,輔仁大學,04121027,金融與國際企業學系,D 日,B 學士,494,109
1002,輔仁大學,04131015,企業管理學系,D 日,B 學士,767,109
1002,輔仁大學,04131039,商業管理學士學位學程,P 進,B 學士,469,109
1002,輔仁大學,04143069,廣告傳播學系,D 日,B 學士,265,109
1002,輔仁大學,04211020,法律學系,D 日,B 學士,627,109
1002,輔仁大學,04211020,法律學系,P 進,B 學士,259,109
1002,輔仁大學,04211038,財經法律學系,D 日,B 學士,257,109
1002,輔仁大學,05111011,生命科學系,D 日,B 學士,460,109
1002,輔仁大學,05191080,營養科學系,D 日,B 學士,255,109
1002,輔仁大學,05311005,化學系,D 日,B 學士,457,109
1002,輔仁大學,05331022,物理學系,D 日,B 學士,394,109
1002,輔仁大學,05411073,數學系,D 日,B 學士,427,109
1002,輔仁大學,05421049,統計資訊學系,D 日,B 學士,466,109
1002,輔仁大學,06131058,資訊工程學系,D 日,B 學士,503,109
1002,輔仁大學,06131059,資訊管理學系,D 日,B 學士,458,109
1002,輔仁大學,06132050,軟體工程與數位創意學士學位學程,P 進,B 學士,184,109
1002,輔仁大學,06132097,醫學資訊與健康科技進修學士學位學程,P 進,B 學士,38,109
1002,輔仁大學,06134096,資訊創新與數位生活進修學士學位學程,P 進,B 學士,38,109
1002,輔仁大學,06199086,醫學資訊與創新應用學士學位學程,D 日,B 學士,130,109
1002,輔仁大學,07141064,電機工程學系,D 日,B 學士,463,109
1002,輔仁大學,07211035,食品科學系,D 日,B 學士,226,109
1002,輔仁大學,07312052,景觀設計學系,D 日,B 學士,244,109
1002,輔仁大學,09121085,醫學系,D 日,B 學士,322,109
1002,輔仁大學,09131088,護理學系,D 日,B 學士,418,109
1002,輔仁大學,09152084,職能治療學系,D 日,B 學士,232,109
1002,輔仁大學,09191004,公共衛生學系,D 日,B 學士,238,109
1002,輔仁大學,09199018,呼吸治療學系,D 日,B 學士,150,109
1002,輔仁大學,09211094,長期照護與健康管理進修學士學位學程,P 進,B 學士,114,109
1002,輔仁大學,09221017,兒童與家庭學系,D 日,B 學士,249,109
1002,輔仁大學,09231024,社會工作學系,D 日,B 學士,275,109
1002,輔仁大學,10131075,餐旅管理學系,D 日,B 學士,467,109
1002,輔仁大學,10131075,餐旅管理學系,P 進,B 學士,252,109
1002,輔仁大學,10141089,體育學系,D 日,B 學士,771,109
1002,輔仁大學,10152062,運動休閒管理學士學位學程,P 進,B 學士,275,109
1003,東吳大學,02151001,音樂學系,D 日,B 學士,256,109
1003,東吳大學,02221006,歷史學系,D 日,B 學士,249,109
1003,東吳大學,02231007,哲學系,D 日,B 學士,218,109
1003,東吳大學,02311004,英文學系,D 日,B 學士,709,109
1003,東吳大學,02311004,英文學系,P 進,B 學士,183,109
1003,東吳大學,02311005,日本語文學系,D 日,B 學士,829,109
1003,東吳大學,02311005,日本語文學系,P 進,B 學士,462,109
1003,東吳大學,02311012,德國文化學系,D 日,B 學士,267,109
1003,東吳大學,02322002,中國文學系,D 日,B 學士,687,109
1003,東吳大學,02322002,中國文學系,P 進,B 學士,144,109
1003,東吳大學,03111008,經濟學系,D 日,B 學士,711,109
1003,東吳大學,03121009,政治學系,D 日,B 學士,459,109
1003,東吳大學,03131011,心理學系,D 日,B 學士,291,109
1003,東吳大學,03141010,社會學系,D 日,B 學士,464,109
1003,東吳大學,04111015,會計學系,D 日,B 學士,966,109
1003,東吳大學,04121027,財務工程與精算數學系,D 日,B 學士,736,109
1003,東吳大學,04131016,企業管理學系,D 日,B 學士,935,109
1003,東吳大學,04141019,國際經營與貿易學系,D 日,B 學士,525,109
1003,東吳大學,04191014,商學進修學士班,P 進,B 學士,208,109
1003,東吳大學,04199031,巨量資料管理學院學士學位學程,D 日,B 學士,360,109
1003,東吳大學,04199032,巨量資料分析學士後多元專長培力課程專班,D 日,B 學士,2,109
1003,東吳大學,04211021,法律學系,D 日,B 學士,"1,227",109
1003,東吳大學,05122022,微生物學系,D 日,B 學士,212,109
1003,東吳大學,05311023,化學系,D 日,B 學士,213,109
1003,東吳大學,05331024,物理學系,D 日,B 學士,195,109
1003,東吳大學,05411025,數學系,D 日,B 學士,201,109
1003,東吳大學,06131028,資訊管理學系,D 日,B 學士,499,109
1003,東吳大學,09231030,社會工作學系,D 日,B 學士,549,109
1004,中原大學,01113002,特殊教育學系,D 日,B 學士,218,109
1004,中原大學,02112008,商業設計學系,D 日,B 學士,373,109
1004,中原大學,02122048,設計學院設計學士原住民專班,D 日,B 學士,50,109
1004,中原大學,02122055,設計學院社會設計學士學位學程,D 日,B 學士,5,109
1004,中原大學,02124009,室內設計學系,D 日,B 學士,381,109
1004,中原大學,02299053,人文與教育學院學士學位學程,D 日,B 學士,49,109
1004,中原大學,02311005,應用外國語文學系,D 日,B 學士,427,109
1004,中原大學,02323004,應用華語文學系,D 日,B 學士,487,109
1004,中原大學,03131011,心理學系,D 日,B 學士,567,109
1004,中原大學,04111013,會計學系,D 日,B 學士,680,109
1004,中原大學,04121019,財務金融學系,D 日,B 學士,489,109
1004,中原大學,04131014,企業管理學系,D 日,B 學士,889,109
1004,中原大學,04141018,國際經營與貿易學系,D 日,B 學士,510,109
1004,中原大學,04191017,國際商學學士學位學程,D 日,B 學士,50,109
1004,中原大學,04191057,中原大學與美國天普大學商學管理雙學士學位學程,D 日,B 學士,37,109
1004,中原大學,04199020,商學院學士學位學程,D 日,B 學士,15,109
1004,中原大學,04212021,財經法律學系,D 日,B 學士,530,109
1004,中原大學,05121022,生物科技學系,D 日,B 學士,407,109
1004,中原大學,05311023,化學系,D 日,B 學士,459,109
1004,中原大學,05331024,物理學系,D 日,B 學士,406,109
1004,中原大學,05399052,理學院學士學位學程,D 日,B 學士,3,109
1004,中原大學,05411027,應用數學系,D 日,B 學士,436,109
1004,中原大學,06131028,資訊管理學系,D 日,B 學士,467,109
1004,中原大學,07111037,化學工程學系,D 日,B 學士,717,109
1004,中原大學,07121042,環境工程學系,D 日,B 學士,213,109
1004,中原大學,07141029,電機工程學系,D 日,B 學士,439,109
1004,中原大學,07141030,電子工程學系,D 日,B 學士,605,109
1004,中原大學,07141031,資訊工程學系,D 日,B 學士,479,109
1004,中原大學,07141033,電機資訊學院學士班,D 日,B 學士,201,109
1004,中原大學,07151034,機械工程學系,D 日,B 學士,677,109
1004,中原大學,07191041,工業與系統工程學系,D 日,B 學士,649,109
1004,中原大學,07193043,生物醫學工程學系,D 日,B 學士,444,109
1004,中原大學,07311046,建築學系,D 日,B 學士,332,109
1004,中原大學,07312047,景觀學系,D 日,B 學士,227,109
1004,中原大學,07321035,土木工程學系,D 日,B 學士,642,109
1005,淡江大學,01116092,教育科技學系,D 日,B 學士,464,109
1005,淡江大學,02221078,歷史學系,D 日,B 學士,505,109
1005,淡江大學,02311079,英美語言文化學系全英語學士班,D 日,B 學士,134,109
1005,淡江大學,02311081,俄國語文學系,D 日,B 學士,229,109
1005,淡江大學,02311082,日本語文學系,D 日,B 學士,983,109
1005,淡江大學,02311082,日本語文學系,P 進,B 學士,215,109
1005,淡江大學,02311084,西班牙語文學系,D 日,B 學士,558,109
1005,淡江大學,02311085,德國語文學系,D 日,B 學士,288,109
1005,淡江大學,02311086,法國語文學系,D 日,B 學士,526,109
1005,淡江大學,02311088,英文學系,D 日,B 學士,784,109
1005,淡江大學,02311088,英文學系,P 進,B 學士,155,109
1005,淡江大學,02322090,中國文學學系,D 日,B 學士,565,109
1005,淡江大學,02322090,中國文學學系,P 進,B 學士,30,109
1005,淡江大學,03111075,產業經濟學系,D 日,B 學士,424,109
1005,淡江大學,03111076,經濟學系,D 日,B 學士,663,109
1005,淡江大學,03121074,全球政治經濟學系全英語學士班,D 日,B 學士,147,109
1005,淡江大學,03122059,外交與國際關係學系全英語學士班,D 日,B 學士,263,109
1005,淡江大學,03211055,大眾傳播學系,D 日,B 學士,277,109
1005,淡江大學,03214054,資訊傳播學系,D 日,B 學士,445,109
1005,淡江大學,03222052,資訊與圖書館學系,D 日,B 學士,457,109
1005,淡江大學,04111051,會計學系,D 日,B 學士,696,109
1005,淡江大學,04111051,會計學系,P 進,B 學士,19,109
1005,淡江大學,04121035,商管學院全球財務管理全英語學士學位學程,D 日,B 學士,277,109
1005,淡江大學,04121037,財務金融學系,D 日,B 學士,629,109
1005,淡江大學,04121037,財務金融學系,P 進,B 學士,160,109
1005,淡江大學,04123104,風險管理與保險學系,D 日,B 學士,419,109
1005,淡江大學,04131040,國際企業學系,D 日,B 學士,768,109
1005,淡江大學,04131040,國際企業學系,P 進,B 學士,100,109
1005,淡江大學,04131047,管理科學學系,D 日,B 學士,475,109
1005,淡江大學,04131049,企業管理學系,D 日,B 學士,618,109
1005,淡江大學,04131049,企業管理學系,P 進,B 學士,207,109
1005,淡江大學,04134061,公共行政學系,D 日,B 學士,460,109
1005,淡江大學,04134061,公共行政學系,P 進,B 學士,125,109
1005,淡江大學,05311031,化學學系,D 日,B 學士,405,109
1005,淡江大學,05331030,物理學系,D 日,B 學士,313,109
1005,淡江大學,05399029,理學院尖端材料科學學士學位學程,D 日,B 學士,156,109
1005,淡江大學,05411026,數學學系,D 日,B 學士,382,109
1005,淡江大學,05421024,統計學系,D 日,B 學士,703,109
1005,淡江大學,05421024,統計學系,P 進,B 學士,5,109
1005,淡江大學,06131018,資訊工程學系,D 日,B 學士,777,109
1005,淡江大學,06131018,資訊工程學系,P 進,B 學士,127,109
1005,淡江大學,06131023,資訊管理學系,D 日,B 學士,715,109
1005,淡江大學,06132022,資訊創新與科技學系,D 日,B 學士,243,109
1005,淡江大學,07111010,化學工程與材料工程學系,D 日,B 學士,468,109
1005,淡江大學,07122009,水資源及環境工程學系,D 日,B 學士,479,109
1005,淡江大學,07141019,電機工程學系,D 日,B 學士,795,109
1005,淡江大學,07141019,電機工程學系,P 進,B 學士,106,109
1005,淡江大學,07151015,機械與機電工程學系,D 日,B 學士,499,109
1005,淡江大學,07162017,航空太空工程學系,D 日,B 學士,505,109
1005,淡江大學,07311007,建築學系,D 日,B 學士,335,109
1005,淡江大學,07321012,土木工程學系,D 日,B 學士,584,109
1005,淡江大學,10151005,國際觀光管理學系全英語學士班,D 日,B 學士,337,109
1005,淡江大學,10411002,運輸管理學系,D 日,B 學士,489,109
1006,中國文化大學,01111046,教育學系,D 日,B 學士,238,109
1006,中國文化大學,01141023,體育學系,D 日,B 學士,449,109
1006,中國文化大學,02112060,數位媒體學士學位學程,P 進,B 學士,140,109
1006,中國文化大學,02131059,美術學系,D 日,B 學士,268,109
1006,中國文化大學,02151007,中國音樂學系,D 日,B 學士,182,109
1006,中國文化大學,02151040,音樂學系,D 日,B 學士,224,109
1006,中國文化大學,02152008,中國戲劇學系,D 日,B 學士,216,109
1006,中國文化大學,02152009,舞蹈學系,D 日,B 學士,137,109
1006,中國文化大學,02152043,戲劇學系,D 日,B 學士,285,109
1006,中國文化大學,02221098,史學系,D 日,B 學士,247,109
1006,中國文化大學,02231081,哲學系,D 日,B 學士,185,109
1006,中國文化大學,02311010,韓國語文學系,D 日,B 學士,350,109
1006,中國文化大學,02311047,俄國語文學系,D 日,B 學士,190,109
1006,中國文化大學,02311052,英國語文學系,D 日,B 學士,482,109
1006,中國文化大學,02311077,日本語文學系,D 日,B 學士,565,109
1006,中國文化大學,02311079,德國語文學系,D 日,B 學士,103,109
1006,中國文化大學,02311089,法國語文學系,D 日,B 學士,245,109
1006,中國文化大學,02322001,中國文學系,D 日,B 學士,688,109
1006,中國文化大學,03111099,經濟學系,D 日,B 學士,420,109
1006,中國文化大學,03121061,政治學系,D 日,B 學士,215,109
1006,中國文化大學,03131004,心理輔導學系,D 日,B 學士,263,109
1006,中國文化大學,03142088,地理學系,D 日,B 學士,225,109
1006,中國文化大學,03199051,勞動暨人力資源學系,D 日,B 學士,463,109
1006,中國文化大學,03211036,大眾傳播學系,D 日,B 學士,597,109
1006,中國文化大學,03212033,新聞學系,D 日,B 學士,527,109
1006,中國文化大學,03214101,資訊傳播學系,D 日,B 學士,498,109
1006,中國文化大學,04111065,會計學系,D 日,B 學士,432,109
1006,中國文化大學,04121037,財務金融學系,D 日,B 學士,698,109
1006,中國文化大學,04121037,財務金融學系,P 進,B 學士,115,109
1006,中國文化大學,04131015,國際企業管理學系,D 日,B 學士,694,109
1006,中國文化大學,04131015,國際企業管理學系,P 進,B 學士,90,109
1006,中國文化大學,04134012,行政管理學系,D 日,B 學士,461,109
1006,中國文化大學,04141041,國際貿易學系,D 日,B 學士,692,109
1006,中國文化大學,04141041,國際貿易學系,P 進,B 學士,41,109
1006,中國文化大學,04143013,廣告學系,D 日,B 學士,526,109
1006,中國文化大學,04143013,廣告學系,P 進,B 學士,164,109
1006,中國文化大學,04191014,全球商務學士學位學程,D 日,B 學士,239,109
1006,中國文化大學,04199064,時尚與創意產業品牌建構及經營進修學士學位學程,P 進,B 學士,200,109
1006,中國文化大學,04212020,法律學系,D 日,B 學士,"1,254",109
1006,中國文化大學,05111091,生命科學系,D 日,B 學士,183,109
1006,中國文化大學,05191057,保健營養學系,D 日,B 學士,241,109
1006,中國文化大學,05311026,化學系,D 日,B 學士,183,109
1006,中國文化大學,05321083,土地資源學系,D 日,B 學士,208,109
1006,中國文化大學,05321112,地質學系,D 日,B 學士,160,109
1006,中國文化大學,05322097,大氣科學系,D 日,B 學士,160,109
1006,中國文化大學,05331115,光電物理學系,D 日,B 學士,146,109
1006,中國文化大學,05411114,應用數學系,D 日,B 學士,341,109
1006,中國文化大學,06131021,資訊工程學系,D 日,B 學士,447,109
1006,中國文化大學,06132006,資訊管理學系,D 日,B 學士,688,109
1006,中國文化大學,06132006,資訊管理學系,P 進,B 學士,53,109
1006,中國文化大學,07111028,化學工程與材料工程學系,D 日,B 學士,388,109
1006,中國文化大學,07141085,電機工程學系,D 日,B 學士,319,109
1006,中國文化大學,07151107,機械工程學系,D 日,B 學士,393,109
1006,中國文化大學,07192108,紡織工程學系,D 日,B 學士,203,109
1006,中國文化大學,07311068,建築及都市設計學系,D 日,B 學士,273,109
1006,中國文化大學,07312103,景觀學系,D 日,B 學士,235,109
1006,中國文化大學,07313118,都市計劃與開發管理學系,D 日,B 學士,190,109
1006,中國文化大學,08112116,動物科學系,D 日,B 學士,196,109
1006,中國文化大學,08121106,園藝暨生物技術學系,D 日,B 學士,224,109
1006,中國文化大學,08211054,森林暨自然保育學系,D 日,B 學士,227,109
1006,中國文化大學,09299082,社會福利學系,D 日,B 學士,478,109
1006,中國文化大學,10111090,生活應用科學系,D 日,B 學士,267,109
1006,中國文化大學,10141002,技擊運動暨國術學系,D 日,B 學士,201,109
1006,中國文化大學,10142093,運動與健康促進學系,D 日,B 學士,255,109
1006,中國文化大學,10151005,觀光事業學系,D 日,B 學士,538,109
1006,中國文化大學,10151070,休閒事業管理學士學位學程,P 進,B 學士,215,109
1006,中國文化大學,99999071,不分系招生,P 進,B 學士,473,109
1007,逢甲大學,02122006,創新設計學士學位學程,D 日,B 學士,31,109
1007,逢甲大學,02124007,室內設計進修學士班,P 進,B 學士,183,109
1007,逢甲大學,02311002,外國語文學系,D 日,B 學士,467,109
1007,逢甲大學,02322001,中國文學系,D 日,B 學士,257,109
1007,逢甲大學,03111009,經濟學系,D 日,B 學士,447,109
1007,逢甲大學,03111012,合作經濟暨社會事業經營學系,D 日,B 學士,241,109
1007,逢甲大學,04111017,會計學系,D 日,B 學士,766,109
1007,逢甲大學,04121025,財務金融學系,D 日,B 學士,734,109
1007,逢甲大學,04121028,財務工程與精算學士學位學程,D 日,B 學士,208,109
1007,逢甲大學,04122032,財稅學系,D 日,B 學士,479,109
1007,逢甲大學,04123029,風險管理與保險學系,D 日,B 學士,453,109
1007,逢甲大學,04131019,企業管理學系,D 日,B 學士,571,109
1007,逢甲大學,04131021,國際企業管理學士學位學程(英語專班),D 日,B 學士,1,109
1007,逢甲大學,04134086,土地管理學系,D 日,B 學士,435,109
1007,逢甲大學,04141024,國際經營與貿易學系,D 日,B 學士,"1,026",109
1007,逢甲大學,04143033,行銷學系,D 日,B 學士,562,109
1007,逢甲大學,04191014,商學進修學士班,P 進,B 學士,478,109
1007,逢甲大學,04199035,澳洲墨爾本皇家理工大學商學與創新雙學士學位學程,D 日,B 學士,116,109
1007,逢甲大學,04199092,美國加州聖荷西州立大學商學大數據分析雙學士學位學程,D 日,B 學士,115,109
1007,逢甲大學,05411039,應用數學系,D 日,B 學士,389,109
1007,逢甲大學,05421040,統計學系,D 日,B 學士,412,109
1007,逢甲大學,06131048,資訊工程學系,D 日,B 學士,"1,059",109
1007,逢甲大學,07111068,化學工程學系,D 日,B 學士,454,109
1007,逢甲大學,07112069,材料科學與工程學系,D 日,B 學士,438,109
1007,逢甲大學,07121075,環境工程與科學學系,D 日,B 學士,403,109
1007,逢甲大學,07122077,水利工程與資源保育學系,D 日,B 學士,370,109
1007,逢甲大學,07141044,電機工程學系,D 日,B 學士,605,109
1007,逢甲大學,07141046,電子工程學系,D 日,B 學士,485,109
1007,逢甲大學,07141050,通訊工程學系,D 日,B 學士,461,109
1007,逢甲大學,07141052,自動控制工程學系,D 日,B 學士,497,109
1007,逢甲大學,07141056,資訊電機學院學士班,D 日,B 學士,113,109
1007,逢甲大學,07141095,美國普渡大學電機資訊雙學士學位學程,D 日,B 學士,65,109
1007,逢甲大學,07141101,光電科學與工程學系,D 日,B 學士,425,109
1007,逢甲大學,07141107,美國加州聖荷西州立大學工程雙學士學位學程,D 日,B 學士,38,109
1007,逢甲大學,07151061,機械與電腦輔助工程學系,D 日,B 學士,616,109
1007,逢甲大學,07151062,精密系統設計學士學位學程,D 日,B 學士,206,109
1007,逢甲大學,07162059,航太與系統工程學系,D 日,B 學士,503,109
1007,逢甲大學,07191072,工業工程與系統管理學系,D 日,B 學士,398,109
1007,逢甲大學,07192074,纖維與複合材料學系,D 日,B 學士,394,109
1007,逢甲大學,07311007,室內設計學士學位學程,D 日,B 學士,48,109
1007,逢甲大學,07311081,建築學士學位學程,D 日,B 學士,313,109
1007,逢甲大學,07311083,建築專業學院學士班,D 日,B 學士,251,109
1007,逢甲大學,07313087,都市計畫與空間資訊學系,D 日,B 學士,403,109
1007,逢甲大學,07321063,土木工程學系,D 日,B 學士,435,109
1007,逢甲大學,07321063,土木工程學系營建工程與管理進修學士班,P 進,B 學士,215,109
1007,逢甲大學,10411093,運輸與物流學系,D 日,B 學士,475,109
1007,逢甲大學,99999094,全校國際生大一不分系學士班,D 日,B 學士,39,109
1007,逢甲大學,99999108,國際雙學士學位學程,D 日,B 學士,4,109
1008,靜宜大學,02311004,英國語文學系,D 日,B 學士,570,109
1008,靜宜大學,02311005,西班牙語文學系,D 日,B 學士,446,109
1008,靜宜大學,02311006,日本語文學系,D 日,B 學士,623,109
1008,靜宜大學,02311007,寰宇外語教育學士學位學程,D 日,B 學士,164,109
1008,靜宜大學,02321002,台灣文學系,D 日,B 學士,210,109
1008,靜宜大學,02322003,中國文學系,D 日,B 學士,436,109
1008,靜宜大學,03211008,大眾傳播學系,D 日,B 學士,304,109
1008,靜宜大學,04111011,會計學系,D 日,B 學士,644,109
1008,靜宜大學,04121019,財務金融學系,D 日,B 學士,679,109
1008,靜宜大學,04131012,企業管理學系,D 日,B 學士,660,109
1008,靜宜大學,04131015,國際企業學系,D 日,B 學士,704,109
1008,靜宜大學,04191010,寰宇管理學士學位學程,D 日,B 學士,185,109
1008,靜宜大學,04211020,法律學系,D 日,B 學士,538,109
1008,靜宜大學,05191031,食品營養學系,D 日,B 學士,453,109
1008,靜宜大學,05212021,生態人文學系,D 日,B 學士,193,109
1008,靜宜大學,05311023,應用化學系,D 日,B 學士,387,109
1008,靜宜大學,05499036,財務工程學系,D 日,B 學士,243,109
1008,靜宜大學,05499037,資料科學暨大數據分析與應用學系,D 日,B 學士,300,109
1008,靜宜大學,06131027,資訊管理學系,D 日,B 學士,479,109
1008,靜宜大學,06132009,資訊傳播工程學系,D 日,B 學士,500,109
1008,靜宜大學,07141030,資訊工程學系,D 日,B 學士,477,109
1008,靜宜大學,09161035,化粧品科學系,D 日,B 學士,479,109
1008,靜宜大學,09231032,社會工作與兒童少年福利學系,D 日,B 學士,572,109
1008,靜宜大學,09231041,健康照顧社會工作學士學位學程原住民專班,D 日,B 學士,40,109
1008,靜宜大學,10151034,觀光事業學系,D 日,B 學士,764,109
1009,長庚大學,02122001,工業設計學系,D 日,B 學士,185,109
1009,長庚大學,04131005,工商管理學系,D 日,B 學士,182,109
1009,長庚大學,04133007,醫務管理學系,D 日,B 學士,202,109
1009,長庚大學,04133053,國際健康管理學士學位學程,D 日,B 學士,15,109
1009,長庚大學,05123012,生物醫學系,D 日,B 學士,335,109
1009,長庚大學,06131013,資訊管理學系,D 日,B 學士,373,109
1009,長庚大學,06131018,資訊工程學系,D 日,B 學士,240,109
1009,長庚大學,06132054,人工智慧學士學位學程,D 日,B 學士,23,109
1009,長庚大學,07111025,化工與材料工程學系,D 日,B 學士,215,109
1009,長庚大學,07141014,電機工程學系,D 日,B 學士,392,109
1009,長庚大學,07141016,電子工程學系,D 日,B 學士,378,109
1009,長庚大學,07151022,機械工程學系,D 日,B 學士,166,109
1009,長庚大學,09121028,醫學系,D 日,B 學士,660,109
1009,長庚大學,09131040,護理學系,D 日,B 學士,517,109
1009,長庚大學,09141046,醫學生物技術暨檢驗學系,D 日,B 學士,239,109
1009,長庚大學,09141048,醫學影像暨放射科學系,D 日,B 學士,133,109
1009,長庚大學,09151037,物理治療學系,D 日,B 學士,173,109
1009,長庚大學,09152038,職能治療學系,D 日,B 學士,163,109
1009,長庚大學,09171031,中醫學系,D 日,B 學士,359,109
1009,長庚大學,09199042,呼吸治療學系,D 日,B 學士,149,109
1010,元智大學,02191001,藝術與設計學系,D 日,B 學士,188,109
1010,元智大學,02299049,人文社會學院英語學士班,D 日,B 學士,128,109
1010,元智大學,02311007,應用外語學系,D 日,B 學士,215,109
1010,元智大學,02322004,中國語文學系,D 日,B 學士,213,109
1010,元智大學,03141009,社會暨政策科學學系,D 日,B 學士,208,109
1010,元智大學,04199018,管理學院學士班,D 日,B 學士,"1,756",109
1010,元智大學,06131011,資訊管理學系,D 日,B 學士,470,109
1010,元智大學,06131028,資訊工程學系,D 日,B 學士,650,109
1010,元智大學,06131051,資訊學院英語學士班,D 日,B 學士,103,109
1010,元智大學,06133013,資訊傳播學系,D 日,B 學士,500,109
1010,元智大學,07111041,化學工程與材料科學學系,D 日,B 學士,458,109
1010,元智大學,07141032,電機通訊學院英語學士班,D 日,B 學士,153,109
1010,元智大學,07141033,電機工程學系,D 日,B 學士,"1,093",109
1010,元智大學,07151037,機械工程學系,D 日,B 學士,432,109
1010,元智大學,07191043,工業工程與管理學系,D 日,B 學士,423,109
1010,元智大學,07194050,工程學院英語學士班,D 日,B 學士,102,109
1011,中華大學,02123004,工業產品設計學系,D 日,B 學士,77,109
1011,中華大學,02124005,建築與設計學院,P 進,B 學士,50,109
1011,中華大學,02311001,外國語文學系,D 日,B 學士,33,109
1011,中華大學,02311002,應用日語學系,D 日,B 學士,330,109
1011,中華大學,02311057,人文社會學院進修學士班,P 進,B 學士,16,109
1011,中華大學,04121012,財務管理學系,D 日,B 學士,207,109
1011,中華大學,04131007,企業管理學系,D 日,B 學士,313,109
1011,中華大學,04131009,國際企業學系,D 日,B 學士,55,109
1011,中華大學,04131017,管理學院,P 進,B 學士,66,109
1011,中華大學,04134006,行政管理學系,D 日,B 學士,146,109
1011,中華大學,04199014,科技管理學系,D 日,B 學士,-,109
1011,中華大學,04199016,營建管理學系,D 日,B 學士,16,109
1011,中華大學,05124018,生物資訊學系,D 日,B 學士,72,109
1011,中華大學,06131021,資訊管理學系,D 日,B 學士,285,109
1011,中華大學,06131021,資訊管理學系,P 進,B 學士,3,109
1011,中華大學,06131025,資訊工程學系,D 日,B 學士,382,109
1011,中華大學,06134059,應用外語暨智慧商務學士學位學程,D 日,B 學士,20,109
1011,中華大學,07141022,電機工程學系,D 日,B 學士,292,109
1011,中華大學,07141024,電子工程學系,D 日,B 學士,66,109
1011,中華大學,07151028,機械工程學系,D 日,B 學士,185,109
1011,中華大學,07191015,工業管理學系,D 日,B 學士,214,109
1011,中華大學,07194031,光機電與材料學士學位學程,D 日,B 學士,14,109
1011,中華大學,07199053,光電與材料工程學系,D 日,B 學士,171,109
1011,中華大學,07311038,建築與都市計畫學系,D 日,B 學士,302,109
1011,中華大學,07312039,景觀建築學系,D 日,B 學士,135,109
1011,中華大學,07321032,土木工程學系,D 日,B 學士,137,109
1011,中華大學,10131041,餐旅管理學系,D 日,B 學士,324,109
1011,中華大學,10131041,餐旅管理學系,P 進,B 學士,38,109
1011,中華大學,10151052,旅遊與休閒學系,D 日,B 學士,101,109
1011,中華大學,10151055,觀光與會展活動學系,D 日,B 學士,160,109
1011,中華大學,10151056,國際觀光與酒店管理雙學士學位學程,D 日,B 學士,11,109
1011,中華大學,10411047,運輸科技與物流管理學系,D 日,B 學士,-,109
1012,大葉大學,02112011,視覺傳達設計學系,D 日,B 學士,329,109
1012,大葉大學,02112011,視覺傳達設計學系,P 進,B 學士,18,109
1012,大葉大學,02112037,多媒體數位內容學士學位學程,D 日,B 學士,431,109
1012,大葉大學,02121002,造形藝術學系,D 日,B 學士,282,109
1012,大葉大學,02121002,造形藝術學系,P 進,B 學士,16,109
1012,大葉大學,02123012,工業設計學系,D 日,B 學士,178,109
1012,大葉大學,02123013,綠色產品設計學士學位學程,D 日,B 學士,10,109
1012,大葉大學,02124014,空間設計學系,D 日,B 學士,344,109
1012,大葉大學,02124014,空間設計學系,P 進,B 學士,11,109
1012,大葉大學,02311004,英語學系,D 日,B 學士,146,109
1012,大葉大學,02311006,應用日語學系,D 日,B 學士,283,109
1012,大葉大學,02311006,應用日語學系,P 進,B 學士,54,109
1012,大葉大學,02311007,歐洲語文學系,D 日,B 學士,-,109
1012,大葉大學,02311008,文創產業國際人才學士學位學程,D 日,B 學士,4,109
1012,大葉大學,02311016,歐洲文化與旅遊學士學位學程,D 日,B 學士,38,109
1012,大葉大學,03211018,傳播藝術學士學位學程,D 日,B 學士,155,109
1012,大葉大學,04111020,會計資訊學系,D 日,B 學士,132,109
1012,大葉大學,04111020,會計資訊學系,P 進,B 學士,22,109
1012,大葉大學,04121025,財務金融學系,D 日,B 學士,208,109
1012,大葉大學,04121025,財務金融學系,P 進,B 學士,38,109
1012,大葉大學,04131021,企業管理學系,D 日,B 學士,221,109
1012,大葉大學,04131021,企業管理學系,P 進,B 學士,62,109
1012,大葉大學,04131024,國際企業管理學系,D 日,B 學士,95,109
1012,大葉大學,04142028,人力資源暨公共關係學系,D 日,B 學士,48,109
1012,大葉大學,05121033,生物資源學系,D 日,B 學士,115,109
1012,大葉大學,05121080,生物醫學系,D 日,B 學士,162,109
1012,大葉大學,06131036,資訊管理學系,D 日,B 學士,136,109
1012,大葉大學,06131036,資訊管理學系,P 進,B 學士,33,109
1012,大葉大學,06131039,資訊工程學系,D 日,B 學士,137,109
1012,大葉大學,07112050,材料科學與工程學系,D 日,B 學士,67,109
1012,大葉大學,07121054,環境工程學系,D 日,B 學士,85,109
1012,大葉大學,07141038,電機工程學系,D 日,B 學士,182,109
1012,大葉大學,07141038,電機工程學系,P 進,B 學士,4,109
1012,大葉大學,07151046,機械與自動化工程學系,D 日,B 學士,302,109
1012,大葉大學,07151046,機械與自動化工程學系,P 進,B 學士,48,109
1012,大葉大學,07191053,工業工程與管理學系,D 日,B 學士,33,109
1012,大葉大學,07193055,醫療器材設計與材料學士學位學程,D 日,B 學士,54,109
1012,大葉大學,07193081,醫學工程學系,D 日,B 學士,20,109
1012,大葉大學,07211078,食品暨應用生物科技學系,D 日,B 學士,110,109
1012,大葉大學,09131065,護理學系,D 日,B 學士,559,109
1012,大葉大學,09141066,視光學系,D 日,B 學士,199,109
1012,大葉大學,09161064,藥用植物與保健學系,D 日,B 學士,128,109
1012,大葉大學,10131067,餐旅管理學系,D 日,B 學士,205,109
1012,大葉大學,10131067,餐旅管理學系,P 進,B 學士,72,109
1012,大葉大學,10151069,觀光旅遊學系,D 日,B 學士,132,109
1012,大葉大學,10151069,觀光旅遊學系,P 進,B 學士,25,109
1012,大葉大學,10152070,休閒事業管理學系,D 日,B 學士,118,109
1012,大葉大學,10152070,休閒事業管理學系,P 進,B 學士,67,109
1012,大葉大學,10152072,運動健康管理學系,D 日,B 學士,138,109
1012,大葉大學,10199074,烘焙暨飲料調製學士學位學程,D 日,B 學士,196,109
1012,大葉大學,10199074,烘焙暨飲料調製進修學士學位學程,P 進,B 學士,55,109
1012,大葉大學,10199075,婚禮企劃暨節慶管理學士學位學程,D 日,B 學士,75,109
1012,大葉大學,10199075,婚禮企劃暨節慶管理學士學位學程,P 進,B 學士,7,109
1012,大葉大學,10321076,消防安全學士學位學程,D 日,B 學士,181,109
1013,華梵大學,02112024,攝影與VR設計學系,D 日,B 學士,75,109
1013,華梵大學,02122023,智慧生活設計學系,D 日,B 學士,38,109
1013,華梵大學,02123008,工業設計學系,D 日,B 學士,64,109
1013,華梵大學,02131002,美術與文創學系,D 日,B 學士,214,109
1013,華梵大學,02131025,佛教藝術學系,D 日,B 學士,34,109
1013,華梵大學,02191020,藝術設計學院學士班,D 日,B 學士,22,109
1013,華梵大學,02211005,佛教學系,D 日,B 學士,8,109
1013,華梵大學,02231006,哲學系,D 日,B 學士,22,109
1013,華梵大學,02311004,外國語文學系,D 日,B 學士,43,109
1013,華梵大學,02322003,中國文學系,D 日,B 學士,26,109
1013,華梵大學,06131011,資訊管理學系,D 日,B 學士,21,109
1013,華梵大學,06132022,智慧生活科技學系,D 日,B 學士,43,109
1013,華梵大學,07141012,電子工程學系,D 日,B 學士,26,109
1013,華梵大學,07151014,機電工程學系,D 日,B 學士,24,109
1013,華梵大學,07191015,工業工程與經營資訊學系,D 日,B 學士,17,109
1013,華梵大學,07311016,建築學系,D 日,B 學士,51,109
1013,華梵大學,07312019,景觀與環境設計學系,D 日,B 學士,18,109
1014,義守大學,02111001,電影與電視學系,D 日,B 學士,318,109
1014,義守大學,02112005,數位多媒體設計學系,D 日,B 學士,188,109
1014,義守大學,02112005,數位多媒體設計學系,P 進,B 學士,1,109
1014,義守大學,02122004,傳播與設計學院原住民專班,D 日,B 學士,73,109
1014,義守大學,02123006,創意商品設計學系,D 日,B 學士,212,109
1014,義守大學,02311002,應用英語學系,D 日,B 學士,410,109
1014,義守大學,02311002,應用英語學系,P 進,B 學士,5,109
1014,義守大學,02311003,應用日語學系,D 日,B 學士,336,109
1014,義守大學,02311003,應用日語學系,P 進,B 學士,9,109
1014,義守大學,03211008,大眾傳播學系,D 日,B 學士,319,109
1014,義守大學,03211008,大眾傳播學系,P 進,B 學士,5,109
1014,義守大學,03214063,傳播產製英語學士學位學程,D 日,B 學士,25,109
1014,義守大學,04111009,會計學系,D 日,B 學士,241,109
1014,義守大學,04121017,國際財務金融學系,D 日,B 學士,112,109
1014,義守大學,04121066,財務金融管理學系,D 日,B 學士,412,109
1014,義守大學,04121066,財務金融管理學系,P 進,B 學士,30,109
1014,義守大學,04131010,企業管理學系,D 日,B 學士,375,109
1014,義守大學,04131010,企業管理學系,P 進,B 學士,308,109
1014,義守大學,04131013,國際企業經營學系,D 日,B 學士,155,109
1014,義守大學,04133018,醫務管理學系,D 日,B 學士,370,109
1014,義守大學,04134007,公共政策與管理學系,D 日,B 學士,182,109
1014,義守大學,04141015,國際商務學系,D 日,B 學士,354,109
1014,義守大學,04199019,工業管理學系,D 日,B 學士,203,109
1014,義守大學,04199019,工業管理學系,P 進,B 學士,79,109
1014,義守大學,04199035,管理學院進修學士班,P 進,B 學士,63,109
1014,義守大學,05121020,生物科技學系,D 日,B 學士,187,109
1014,義守大學,05191044,營養學系,D 日,B 學士,248,109
1014,義守大學,05499023,財務與計算數學系,D 日,B 學士,145,109
1014,義守大學,06131024,資訊管理學系,D 日,B 學士,333,109
1014,義守大學,06131024,資訊管理學系,P 進,B 學士,235,109
1014,義守大學,06131027,資訊工程學系,D 日,B 學士,417,109
1014,義守大學,06131027,資訊工程學系,P 進,B 學士,3,109
1014,義守大學,07111033,化學工程學系,D 日,B 學士,297,109
1014,義守大學,07112034,材料科學與工程學系,D 日,B 學士,305,109
1014,義守大學,07141025,電機工程學系,D 日,B 學士,543,109
1014,義守大學,07141025,電機工程學系,P 進,B 學士,36,109
1014,義守大學,07141026,電子工程學系,D 日,B 學士,250,109
1014,義守大學,07141028,通訊工程學系,D 日,B 學士,146,109
1014,義守大學,07141064,電機資訊學院進修學士班,P 進,B 學士,49,109
1014,義守大學,07151030,機械與自動化工程學系,D 日,B 學士,296,109
1014,義守大學,07151030,機械與自動化工程學系,P 進,B 學士,22,109
1014,義守大學,07193037,生物醫學工程學系,D 日,B 學士,368,109
1014,義守大學,07194062,智慧化自動控制英語學士學位學程,D 日,B 學士,52,109
1014,義守大學,07321032,土木與生態工程學系,D 日,B 學士,285,109
1014,義守大學,09121011,醫學系(公費生),D 日,B 學士,148,109
1014,義守大學,09121040,學士後中醫學系,D 日,B 學士,250,109
1014,義守大學,09131046,護理學系,D 日,B 學士,668,109
1014,義守大學,09141050,醫學影像暨放射科學系,D 日,B 學士,269,109
1014,義守大學,09141061,醫學檢驗技術學系,D 日,B 學士,240,109
1014,義守大學,09151042,物理治療學系,D 日,B 學士,288,109
1014,義守大學,09152043,職能治療學系,D 日,B 學士,295,109
1014,義守大學,09191041,健康管理學系,D 日,B 學士,202,109
1014,義守大學,09191041,健康管理學系,P 進,B 學士,10,109
1014,義守大學,09211047,醫學院長期照護原住民專班,D 日,B 學士,23,109
1014,義守大學,10131051,餐旅管理學系,D 日,B 學士,339,109
1014,義守大學,10131051,餐旅管理學系,P 進,B 學士,45,109
1014,義守大學,10131052,廚藝學系,D 日,B 學士,371,109
1014,義守大學,10131052,廚藝學系,P 進,B 學士,35,109
1014,義守大學,10151053,觀光學系,D 日,B 學士,258,109
1014,義守大學,10151053,觀光學系,P 進,B 學士,35,109
1014,義守大學,10151055,國際觀光餐旅學系,D 日,B 學士,192,109
1014,義守大學,10151057,休閒事業管理學系,D 日,B 學士,203,109
1014,義守大學,10151057,休閒事業管理學系,P 進,B 學士,189,109
1014,義守大學,10199058,娛樂事業管理學系,D 日,B 學士,116,109
1014,義守大學,10199059,觀光餐旅學院原住民專班,D 日,B 學士,93,109
1014,義守大學,10199059,觀光餐旅學院進修學士班,P 進,B 學士,51,109
1015,世新大學,02111018,廣播電視電影學系,D 日,B 學士,"1,092",109
1015,世新大學,02112004,數位多媒體設計學系,D 日,B 學士,519,109
1015,世新大學,02311002,英語學系,D 日,B 學士,403,109
1015,世新大學,02311003,日本語文學系,D 日,B 學士,432,109
1015,世新大學,02322001,中國文學系,D 日,B 學士,175,109
1015,世新大學,03111005,經濟學系,D 日,B 學士,332,109
1015,世新大學,03141008,社會心理學系,D 日,B 學士,419,109
1015,世新大學,03211016,傳播匯流與創新管理學士學位學程,P 進,B 學士,77,109
1015,世新大學,03212017,新聞學系,D 日,B 學士,721,109
1015,世新大學,03214013,資訊傳播學系,D 日,B 學士,240,109
1015,世新大學,03214014,口語傳播學系,D 日,B 學士,485,109
1015,世新大學,03214020,圖文傳播暨數位出版學系,D 日,B 學士,464,109
1015,世新大學,03214020,圖文傳播暨數位出版學系,P 進,B 學士,114,109
1015,世新大學,03214038,全媒體學士學位學程,P 進,B 學士,185,109
1015,世新大學,04121024,財務金融學系,D 日,B 學士,379,109
1015,世新大學,04131023,企業管理學系,D 日,B 學士,212,109
1015,世新大學,04131023,企業管理學系,P 進,B 學士,96,109
1015,世新大學,04134009,行政管理學系,D 日,B 學士,406,109
1015,世新大學,04143019,公共關係暨廣告學系,D 日,B 學士,730,109
1015,世新大學,04199025,傳播管理學系,D 日,B 學士,632,109
1015,世新大學,04211026,法律學系,D 日,B 學士,431,109
1015,世新大學,06131028,資訊管理學系,D 日,B 學士,708,109
1015,世新大學,10151029,觀光學系,D 日,B 學士,651,109
1016,銘傳大學,01131042,華語文教學學系,D 日,B 學士,407,109
1016,銘傳大學,02112012,數位媒體設計學系,D 日,B 學士,627,109
1016,銘傳大學,02112072,商業設計學系,D 日,B 學士,497,109
1016,銘傳大學,02121090,動漫文創設計學士學位學程,D 日,B 學士,139,109
1016,銘傳大學,02123073,商品設計學系,D 日,B 學士,498,109
1016,銘傳大學,02125095,時尚與創新管理學士學位學程,D 日,B 學士,30,109
1016,銘傳大學,02311010,應用日語學系,D 日,B 學士,516,109
1016,銘傳大學,02311031,應用英語學系,D 日,B 學士,721,109
1016,銘傳大學,02322002,應用中國文學系,D 日,B 學士,442,109
1016,銘傳大學,03122005,國際事務與外交學士學位學程,D 日,B 學士,157,109
1016,銘傳大學,03131054,諮商與工商心理學系,D 日,B 學士,296,109
1016,銘傳大學,03141088,犯罪防治學系,D 日,B 學士,429,109
1016,銘傳大學,03211063,新聞與大眾傳播學士學位學程,D 日,B 學士,126,109
1016,銘傳大學,03212046,新聞學系,D 日,B 學士,245,109
1016,銘傳大學,03213047,廣播電視學系,D 日,B 學士,410,109
1016,銘傳大學,03213064,新媒體暨傳播管理學系,D 日,B 學士,320,109
1016,銘傳大學,04111032,會計學系,D 日,B 學士,768,109
1016,銘傳大學,04121020,財務金融學系,D 日,B 學士,789,109
1016,銘傳大學,04121059,經濟與金融學系,D 日,B 學士,467,109
1016,銘傳大學,04123056,風險管理與保險學系,D 日,B 學士,543,109
1016,銘傳大學,04131017,國際企業與貿易學士學位學程,D 日,B 學士,476,109
1016,銘傳大學,04131036,企業管理學系,D 日,B 學士,872,109
1016,銘傳大學,04131061,國際企業學系,D 日,B 學士,815,109
1016,銘傳大學,04133022,醫療資訊與管理學系,D 日,B 學士,388,109
1016,銘傳大學,04134006,公共事務學系,D 日,B 學士,244,109
1016,銘傳大學,04141097,國際商務管理泰國境外學士學位學程,D 日,B 學士,4,109
1016,銘傳大學,04143015,廣告暨策略行銷學系,D 日,B 學士,328,109
1016,銘傳大學,04199027,時尚創意管理學士學位學程,D 日,B 學士,40,109
1016,銘傳大學,04199089,金融科技應用學士學位學程,D 日,B 學士,128,109
1016,銘傳大學,04211039,法律學系,D 日,B 學士,406,109
1016,銘傳大學,04212024,財金法律學系,D 日,B 學士,205,109
1016,銘傳大學,05121009,生物科技學系,D 日,B 學士,395,109
1016,銘傳大學,05421079,應用統計與資料科學學系,D 日,B 學士,367,109
1016,銘傳大學,06131045,資訊管理學系,D 日,B 學士,627,109
1016,銘傳大學,06132078,資訊傳播工程學系,D 日,B 學士,402,109
1016,銘傳大學,06134050,電腦與通訊工程學系,D 日,B 學士,393,109
1016,銘傳大學,06134068,資訊科技應用學士學位學程,D 日,B 學士,50,109
1016,銘傳大學,06134096,資訊科技應用與管理學士學位學程,D 日,B 學士,31,109
1016,銘傳大學,07141025,電子工程學系,D 日,B 學士,351,109
1016,銘傳大學,07141029,資訊工程學系,D 日,B 學士,421,109
1016,銘傳大學,07193043,生物醫學工程學系,D 日,B 學士,188,109
1016,銘傳大學,07311026,建築學系,D 日,B 學士,277,109
1016,銘傳大學,07313048,都市規劃與防災學系,D 日,B 學士,203,109
1016,銘傳大學,10131044,餐旅管理學系,D 日,B 學士,399,109
1016,銘傳大學,10151008,旅遊與觀光學士學位學程,D 日,B 學士,60,109
1016,銘傳大學,10151033,觀光事業學系,D 日,B 學士,293,109
1016,銘傳大學,10152076,休閒遊憩管理學系,D 日,B 學士,262,109
1017,實踐大學,02112012,媒體傳達設計學系,D 日,B 學士,398,109
1017,實踐大學,02112013,電腦動畫學士學位學程,D 日,B 學士,165,109
1017,實踐大學,02112039,資訊模擬與設計學系,D 日,B 學士,345,109
1017,實踐大學,02122009,時尚設計學系,D 日,B 學士,568,109
1017,實踐大學,02123014,工業產品設計學系,D 日,B 學士,281,109
1017,實踐大學,02125051,服裝設計學系,D 日,B 學士,531,109
1017,實踐大學,02125051,服裝設計學系,P 進,B 學士,429,109
1017,實踐大學,02125053,服飾設計與經營學系,D 日,B 學士,537,109
1017,實踐大學,02125053,服飾設計與經營學系,P 進,B 學士,79,109
1017,實踐大學,02151001,音樂學系,D 日,B 學士,191,109
1017,實踐大學,02311004,應用外語學系,D 日,B 學士,418,109
1017,實踐大學,02311004,應用外語學系,P 進,B 學士,199,109
1017,實踐大學,02311005,應用英語學系,D 日,B 學士,173,109
1017,實踐大學,02311006,應用日文學系,D 日,B 學士,413,109
1017,實踐大學,02322002,應用中文學系,D 日,B 學士,141,109
1017,實踐大學,04111019,會計學系,D 日,B 學士,407,109
1017,實踐大學,04111019,會計學系,P 進,B 學士,19,109
1017,實踐大學,04111020,會計暨稅務學系,D 日,B 學士,182,109
1017,實踐大學,04121029,財務金融學系,D 日,B 學士,435,109
1017,實踐大學,04121029,財務金融學系,P 進,B 學士,121,109
1017,實踐大學,04121032,金融管理學系,D 日,B 學士,209,109
1017,實踐大學,04123033,風險管理與保險學系,D 日,B 學士,420,109
1017,實踐大學,04123033,風險管理與保險學系,P 進,B 學士,17,109
1017,實踐大學,04131021,企業管理學系,D 日,B 學士,448,109
1017,實踐大學,04131021,企業管理學系,P 進,B 學士,307,109
1017,實踐大學,04131022,國際企業管理學系,D 日,B 學士,213,109
1017,實踐大學,04131022,國際企業管理學系,P 進,B 學士,17,109
1017,實踐大學,04131023,管理學院國際企業英語學士學位學程,D 日,B 學士,203,109
1017,實踐大學,04141026,國際貿易學系,D 日,B 學士,171,109
1017,實踐大學,04141028,國際經營與貿易學系,D 日,B 學士,453,109
1017,實踐大學,04141028,國際經營與貿易學系,P 進,B 學士,117,109
1017,實踐大學,04143035,行銷管理學系,D 日,B 學士,201,109
1017,實踐大學,05191043,食品營養與保健生技學系,D 日,B 學士,462,109
1017,實踐大學,06131037,資訊科技與管理學系,D 日,B 學士,430,109
1017,實踐大學,06131038,資訊管理學系,D 日,B 學士,159,109
1017,實踐大學,06131040,資訊科技與通訊學系,D 日,B 學士,251,109
1017,實踐大學,07311041,建築設計學系,D 日,B 學士,229,109
1017,實踐大學,09221045,家庭研究與兒童發展學系,D 日,B 學士,234,109
1017,實踐大學,09221045,家庭研究與兒童發展學系,P 進,B 學士,162,109
1017,實踐大學,09231044,社會工作學系,D 日,B 學士,426,109
1017,實踐大學,09231044,社會工作學系,P 進,B 學士,163,109
1017,實踐大學,10131046,餐飲管理學系,D 日,B 學士,272,109
1017,實踐大學,10131046,餐飲管理學系,P 進,B 學士,201,109
1017,實踐大學,10131054,智慧服務管理英語學士學位學程,D 日,B 學士,29,109
1017,實踐大學,10151047,觀光管理學系,D 日,B 學士,483,109
1017,實踐大學,10151047,觀光管理學系,P 進,B 學士,29,109
1017,實踐大學,10152049,休閒產業管理學系,D 日,B 學士,205,109
1019,高雄醫學大學,03131002,心理學系,D 日,B 學士,216,109
1019,高雄醫學大學,04133003,醫務管理暨醫療資訊學系,D 日,B 學士,228,109
1019,高雄醫學大學,05111016,生物醫學暨環境生物學系,D 日,B 學士,165,109
1019,高雄醫學大學,05121005,生物科技學系,D 日,B 學士,147,109
1019,高雄醫學大學,05121051,生命科學院學士班,D 日,B 學士,8,109
1019,高雄醫學大學,05311017,醫藥暨應用化學系,D 日,B 學士,329,109
1019,高雄醫學大學,09111044,牙醫學系,D 日,B 學士,546,109
1019,高雄醫學大學,09111046,口腔衛生學系,D 日,B 學士,132,109
1019,高雄醫學大學,09121011,醫學系,D 日,B 學士,"1,153",109
1019,高雄醫學大學,09131032,護理學系,D 日,B 學士,262,109
1019,高雄醫學大學,09141036,醫學檢驗生物技術學系,D 日,B 學士,152,109
1019,高雄醫學大學,09141037,醫學影像暨放射科學系,D 日,B 學士,149,109
1019,高雄醫學大學,09151028,物理治療學系,D 日,B 學士,167,109
1019,高雄醫學大學,09152029,職能治療學系,D 日,B 學士,172,109
1019,高雄醫學大學,09159030,運動醫學系,D 日,B 學士,221,109
1019,高雄醫學大學,09161024,藥學系,D 日,B 學士,411,109
1019,高雄醫學大學,09161027,香粧品學系,D 日,B 學士,238,109
1019,高雄醫學大學,09191021,公共衛生學系,D 日,B 學士,176,109
1019,高雄醫學大學,09199033,呼吸治療學系,D 日,B 學士,153,109
1019,高雄醫學大學,09231049,醫學社會學與社會工作學系,D 日,B 學士,196,109
1020,南華大學,01121001,幼兒教育學系,D 日,B 學士,182,109
1020,南華大學,02111059,視覺藝術與設計學系,D 日,B 學士,175,109
1020,南華大學,02122062,產品與室內設計學系,D 日,B 學士,184,109
1020,南華大學,02122062,產品與室內設計學系,P 進,B 學士,73,109
1020,南華大學,02151003,民族音樂學系,D 日,B 學士,128,109
1020,南華大學,02231013,哲學與生命教育學系,D 日,B 學士,1,109
1020,南華大學,02299011,生死學系,D 日,B 學士,566,109
1020,南華大學,02299011,生死學系,P 進,B 學士,126,109
1020,南華大學,02311008,外國語文學系,D 日,B 學士,168,109
1020,南華大學,02322009,文學系,D 日,B 學士,122,109
1020,南華大學,03122019,國際事務與企業學系,D 日,B 學士,138,109
1020,南華大學,03141017,應用社會學系,D 日,B 學士,259,109
1020,南華大學,03214026,傳播學系,D 日,B 學士,191,109
1020,南華大學,04121031,財務金融學系,D 日,B 學士,189,109
1020,南華大學,04131029,企業管理學系,D 日,B 學士,192,109
1020,南華大學,04141030,管理學院國際企業學士學位學程,D 日,B 學士,140,109
1020,南華大學,04199033,文化創意事業管理學系,D 日,B 學士,143,109
1020,南華大學,05121040,自然生物科技學系,D 日,B 學士,186,109
1020,南華大學,06121043,科技學院資訊科技進修學士班,P 進,B 學士,122,109
1020,南華大學,06131042,資訊管理學系,D 日,B 學士,192,109
1020,南華大學,07141044,資訊工程學系,D 日,B 學士,308,109
1020,南華大學,07311045,建築與景觀學系,D 日,B 學士,229,109
1020,南華大學,10141061,運動與健康促進學士學位學程,D 日,B 學士,143,109
1020,南華大學,10151048,旅遊管理學系,D 日,B 學士,488,109
1021,真理大學,02151001,音樂應用學系,D 日,B 學士,151,109
1021,真理大學,02211064,宗教文化與資訊管理學系,D 日,B 學士,86,109
1021,真理大學,02299013,人文與資訊學系,D 日,B 學士,139,109
1021,真理大學,02311006,英美語文學系,D 日,B 學士,289,109
1021,真理大學,02311009,應用日語學系,D 日,B 學士,347,109
1021,真理大學,02311009,應用日語學系,P 進,B 學士,14,109
1021,真理大學,02321002,台灣文學系,D 日,B 學士,135,109
1021,真理大學,03111014,經濟學系,D 日,B 學士,217,109
1021,真理大學,03214058,運動資訊傳播學系,D 日,B 學士,267,109
1021,真理大學,04111019,會計資訊學系,D 日,B 學士,226,109
1021,真理大學,04111066,理財與稅務規劃學系,D 日,B 學士,128,109
1021,真理大學,04121024,財務金融學系,D 日,B 學士,289,109
1021,真理大學,04131020,企業管理學系,D 日,B 學士,278,109
1021,真理大學,04131020,企業管理學系,P 進,B 學士,8,109
1021,真理大學,04141023,國際貿易學系,D 日,B 學士,239,109
1021,真理大學,04141023,國際貿易學系,P 進,B 學士,-,109
1021,真理大學,04199029,工業管理與經營資訊學系,D 日,B 學士,202,109
1021,真理大學,04199057,運動管理學系,D 日,B 學士,313,109
1021,真理大學,04199062,航空事業學系,D 日,B 學士,135,109
1021,真理大學,04211031,法律學系,D 日,B 學士,438,109
1021,真理大學,04211031,法律學系,P 進,B 學士,15,109
1021,真理大學,05499065,統計資訊與精算學系,D 日,B 學士,142,109
1021,真理大學,06131041,資訊工程學系,D 日,B 學士,242,109
1021,真理大學,06134039,資訊管理學系,D 日,B 學士,246,109
1021,真理大學,10151044,觀光事業學系,D 日,B 學士,346,109
1021,真理大學,10151044,觀光事業學系,P 進,B 學士,7,109
1021,真理大學,10151045,觀光數位知識學系,D 日,B 學士,217,109
1021,真理大學,10151050,航空旅運管理進修學士學位學程,P 進,B 學士,-,109
1021,真理大學,10151051,觀光暨服務產業學士學位學程,D 日,B 學士,-,109
1022,大同大學,02112004,媒體設計學系,D 日,B 學士,359,109
1022,大同大學,02123005,工業設計學系,D 日,B 學士,378,109
1022,大同大學,02311001,應用外語學系,D 日,B 學士,212,109
1022,大同大學,04131007,事業經營學系,D 日,B 學士,436,109
1022,大同大學,06131006,資訊經營學系,D 日,B 學士,232,109
1022,大同大學,06131012,資訊工程學系,D 日,B 學士,444,109
1022,大同大學,07111021,化學工程與生物科技學系,D 日,B 學士,413,109
1022,大同大學,07112016,材料工程學系,D 日,B 學士,267,109
1022,大同大學,07141010,電機工程學系,D 日,B 學士,408,109
1022,大同大學,07151014,機械工程學系,D 日,B 學士,355,109
1022,大同大學,07194022,工程學院學士班,D 日,B 學士,41,109
1027,慈濟大學,02311003,英美語文學系,D 日,B 學士,86,109
1027,慈濟大學,02322004,東方語文學系,D 日,B 學士,210,109
1027,慈濟大學,03131008,人類發展與心理學系,D 日,B 學士,163,109
1027,慈濟大學,03214009,傳播學系,D 日,B 學士,225,109
1027,慈濟大學,04131035,國際服務產業管理學士學位學程,D 日,B 學士,21,109
1027,慈濟大學,05111010,生命科學系,D 日,B 學士,134,109
1027,慈濟大學,05121012,分子生物暨人類遺傳學系,D 日,B 學士,144,109
1027,慈濟大學,06133032,醫學資訊學系,D 日,B 學士,165,109
1027,慈濟大學,09121015,醫學系,D 日,B 學士,336,109
1027,慈濟大學,09121023,學士後中醫學系,D 日,B 學士,220,109
1027,慈濟大學,09131028,護理學系,D 日,B 學士,320,109
1027,慈濟大學,09141031,醫學檢驗生物技術學系,D 日,B 學士,184,109
1027,慈濟大學,09151027,物理治療學系,D 日,B 學士,190,109
1027,慈濟大學,09191024,公共衛生學系,D 日,B 學士,138,109
1027,慈濟大學,09221002,兒童發展與家庭教育學系,D 日,B 學士,168,109
1027,慈濟大學,09231034,社會工作學系,D 日,B 學士,192,109
1028,臺北醫學大學,04133002,醫務管理學系,D 日,B 學士,275,109
1028,臺北醫學大學,05191032,保健營養學系,D 日,B 學士,267,109
1028,臺北醫學大學,07193009,生物醫學工程學系,D 日,B 學士,133,109
1028,臺北醫學大學,07211012,食品安全學系,D 日,B 學士,133,109
1028,臺北醫學大學,09111044,牙醫學系,D 日,B 學士,575,109
1028,臺北醫學大學,09111045,牙體技術學系,D 日,B 學士,159,109
1028,臺北醫學大學,09111046,口腔衛生學系,D 日,B 學士,113,109
1028,臺北醫學大學,09121013,醫學系,D 日,B 學士,954,109
1028,臺北醫學大學,09131037,護理學系,D 日,B 學士,345,109
1028,臺北醫學大學,09141041,醫學檢驗暨生物技術學系,D 日,B 學士,246,109
1028,臺北醫學大學,09161024,藥學系,D 日,B 學士,748,109
1028,臺北醫學大學,09191020,公共衛生學系,D 日,B 學士,166,109
1028,臺北醫學大學,09199035,呼吸治療學系,D 日,B 學士,182,109
1028,臺北醫學大學,09211049,高齡健康管理學系,D 日,B 學士,181,109
1029,中山醫學大學,02311003,應用外國語言學系,D 日,B 學士,171,109
1029,中山醫學大學,03131004,心理學系,D 日,B 學士,199,109
1029,中山醫學大學,04133006,醫療產業科技管理學系,D 日,B 學士,163,109
1029,中山醫學大學,05121012,生物醫學科學學系,D 日,B 學士,294,109
1029,中山醫學大學,05191026,營養學系,D 日,B 學士,352,109
1029,中山醫學大學,05399015,醫學應用化學系,D 日,B 學士,188,109
1029,中山醫學大學,06131033,醫學資訊學系,D 日,B 學士,160,109
1029,中山醫學大學,09111038,牙醫學系,D 日,B 學士,479,109
1029,中山醫學大學,09121018,醫學系,D 日,B 學士,820,109
1029,中山醫學大學,09131028,護理學系,D 日,B 學士,414,109
1029,中山醫學大學,09141030,醫學檢驗暨生物技術學系,D 日,B 學士,316,109
1029,中山醫學大學,09141031,醫學影像暨放射科學系,D 日,B 學士,302,109
1029,中山醫學大學,09141032,視光學系,D 日,B 學士,220,109
1029,中山醫學大學,09151022,物理治療學系,D 日,B 學士,216,109
1029,中山醫學大學,09152023,職能治療學系,D 日,B 學士,201,109
1029,中山醫學大學,09153024,語言治療與聽力學系,D 日,B 學士,396,109
1029,中山醫學大學,09191020,公共衛生學系,D 日,B 學士,251,109
1029,中山醫學大學,09231045,醫學社會暨社會工作學系,D 日,B 學士,360,109
1029,中山醫學大學,10131046,健康餐飲暨產業管理學系,D 日,B 學士,162,109
1029,中山醫學大學,10221021,職業安全衛生學系,D 日,B 學士,189,109
1033,長榮大學,02111015,媒體設計科技學系,D 日,B 學士,116,109
1033,長榮大學,02112013,藝術創意與設計學士學位學程,P 進,B 學士,-,109
1033,長榮大學,02112016,數位內容設計學系,D 日,B 學士,114,109
1033,長榮大學,02122014,創新互動設計學士學位學程,D 日,B 學士,7,109
1033,長榮大學,02122064,互動設計學系,D 日,B 學士,75,109
1033,長榮大學,02131001,美術學系,D 日,B 學士,146,109
1033,長榮大學,02131002,書畫藝術學系,D 日,B 學士,82,109
1033,長榮大學,02141004,台灣文化創意產業學士學位學程,D 日,B 學士,81,109
1033,長榮大學,02211011,神學系,D 日,B 學士,16,109
1033,長榮大學,02231012,應用哲學系,D 日,B 學士,75,109
1033,長榮大學,02299034,管理學院學士班原住民專班,D 日,B 學士,1,109
1033,長榮大學,02299066,東南亞文化與產業學士學位學程,D 日,B 學士,135,109
1033,長榮大學,02311005,應用日語學系,D 日,B 學士,455,109
1033,長榮大學,02311005,應用日語學系,P 進,B 學士,-,109
1033,長榮大學,02311076,日語進修學士學位學程,P 進,B 學士,57,109
1033,長榮大學,02312007,翻譯學系,D 日,B 學士,285,109
1033,長榮大學,03131018,健康心理學系,D 日,B 學士,247,109
1033,長榮大學,03211021,大眾傳播學系,D 日,B 學士,383,109
1033,長榮大學,04111024,會計資訊學系,D 日,B 學士,214,109
1033,長榮大學,04121030,財務金融學系,D 日,B 學士,245,109
1033,長榮大學,04131025,企業管理學系,D 日,B 學士,240,109
1033,長榮大學,04131028,國際企業學系,D 日,B 學士,242,109
1033,長榮大學,04133031,醫務管理學系,D 日,B 學士,176,109
1033,長榮大學,04141029,國際會展管理學士學位學程,D 日,B 學士,44,109
1033,長榮大學,04191022,國際財務與商務管理學士學位學程,D 日,B 學士,31,109
1033,長榮大學,04199027,管理進修學士學位學程,P 進,B 學士,164,109
1033,長榮大學,04199032,科技管理學位學程,D 日,B 學士,3,109
1033,長榮大學,04199063,不動產財務金融學士學位學程,D 日,B 學士,32,109
1033,長榮大學,04199067,創新應用管理學系,D 日,B 學士,67,109
1033,長榮大學,05121035,生物科技學系,D 日,B 學士,144,109
1033,長榮大學,05191048,保健營養學系,D 日,B 學士,175,109
1033,長榮大學,05211065,永續發展國際學士學位學程,D 日,B 學士,83,109
1033,長榮大學,05211078,綠能與環境資源學系,D 日,B 學士,67,109
1033,長榮大學,06111077,資訊暨設計學院學士班,D 日,B 學士,199,109
1033,長榮大學,06131037,資訊管理學系,D 日,B 學士,102,109
1033,長榮大學,06131039,資訊工程學系,D 日,B 學士,172,109
1033,長榮大學,06134068,智慧生活應用學士學位學程,D 日,B 學士,13,109
1033,長榮大學,07141041,科技工程與管理學系,D 日,B 學士,56,109
1033,長榮大學,07162069,無人機應用學士學位學程,D 日,B 學士,45,109
1033,長榮大學,07211053,環境與食品安全檢驗學士學位學程,D 日,B 學士,170,109
1033,長榮大學,07313042,土地管理與開發學系,D 日,B 學士,142,109
1033,長榮大學,08193075,蘭花產業應用學士學位學程,D 日,B 學士,40,109
1033,長榮大學,09131049,護理學系,D 日,B 學士,380,109
1033,長榮大學,09199054,醫藥科學產業學士學位學程,D 日,B 學士,4,109
1033,長榮大學,09199071,醫藥科學產業學系,D 日,B 學士,126,109
1033,長榮大學,09231055,社會工作學系,D 日,B 學士,262,109
1033,長榮大學,09299070,醫學社會暨健康照護學士學位學程,D 日,B 學士,148,109
1033,長榮大學,09299074,醫藥照護產業進修學士學位學程,P 進,B 學士,1,109
1033,長榮大學,10141058,運動競技學系,D 日,B 學士,210,109
1033,長榮大學,10141058,運動競技學系,P 進,B 學士,92,109
1033,長榮大學,10151056,觀光與餐飲服務事業進修學士學位學程,P 進,B 學士,58,109
1033,長榮大學,10151057,觀光與餐飲管理學系,D 日,B 學士,355,109
1033,長榮大學,10221045,職業安全與衛生學系,D 日,B 學士,290,109
1033,長榮大學,10221079,職安消防進修學士學位學程,P 進,B 學士,13,109
1033,長榮大學,10321062,消防安全學士學位學程,D 日,B 學士,183,109
1033,長榮大學,10412061,航運管理學系,D 日,B 學士,509,109
1035,中國醫藥大學,04133029,醫務管理學系,D 日,B 學士,89,109
1035,中國醫藥大學,05121043,生物科技學系,D 日,B 學士,216,109
1035,中國醫藥大學,05191021,營養學系,D 日,B 學士,322,109
1035,中國醫藥大學,09111019,牙醫學系,D 日,B 學士,311,109
1035,中國醫藥大學,09111030,口腔衛生學系,D 日,B 學士,5,109
1035,中國醫藥大學,09121014,中醫學系,D 日,B 學士,"1,368",109
1035,中國醫藥大學,09121016,醫學系,D 日,B 學士,805,109
1035,中國醫藥大學,09131045,護理學系,D 日,B 學士,306,109
1035,中國醫藥大學,09141017,醫學檢驗生物技術學系,D 日,B 學士,192,109
1035,中國醫藥大學,09141032,生物醫學影像暨放射科學學系,D 日,B 學士,218,109
1035,中國醫藥大學,09151010,物理治療學系,D 日,B 學士,255,109
1035,中國醫藥大學,09159047,運動醫學系,D 日,B 學士,200,109
1035,中國醫藥大學,09161034,藥學系,D 日,B 學士,"1,181",109
1035,中國醫藥大學,09161039,中國藥學暨中藥資源學系,D 日,B 學士,145,109
1035,中國醫藥大學,09161042,藥用化妝品學系,D 日,B 學士,183,109
1035,中國醫藥大學,09191008,健康風險管理學系,D 日,B 學士,-,109
1035,中國醫藥大學,09191026,公共衛生學系,D 日,B 學士,182,109
1035,中國醫藥大學,09191056,公共衛生學院大一不分系,D 日,B 學士,150,109
1035,中國醫藥大學,10221038,職業安全與衛生學系,D 日,B 學士,113,109
1039,玄奘大學,02112013,視覺傳達設計學系,D 日,B 學士,190,109
1039,玄奘大學,02112013,視覺傳達設計學系,P 進,B 學士,12,109
1039,玄奘大學,02125012,時尚設計學系,D 日,B 學士,74,109
1039,玄奘大學,02125012,時尚設計學系,P 進,B 學士,-,109
1039,玄奘大學,02152004,影劇藝術學系,D 日,B 學士,204,109
1039,玄奘大學,02199005,藝術與創意設計學系,D 日,B 學士,179,109
1039,玄奘大學,02199044,藝術設計學院學士班,D 日,B 學士,16,109
1039,玄奘大學,02211010,宗教與文化學系,D 日,B 學士,74,109
1039,玄奘大學,02311008,應用外語學系,D 日,B 學士,20,109
1039,玄奘大學,02311008,應用外語學系,P 進,B 學士,2,109
1039,玄奘大學,02311043,應用日語學系,D 日,B 學士,105,109
1039,玄奘大學,03131016,應用心理學系,D 日,B 學士,264,109
1039,玄奘大學,03131016,應用心理學系,P 進,B 學士,2,109
1039,玄奘大學,03211018,大眾傳播學系,D 日,B 學士,217,109
1039,玄奘大學,03211018,大眾傳播學系,P 進,B 學士,10,109
1039,玄奘大學,03212021,廣播與電視新聞學系,D 日,B 學士,24,109
1039,玄奘大學,04131024,企業管理學系,D 日,B 學士,8,109
1039,玄奘大學,04131024,企業管理學系,P 進,B 學士,15,109
1039,玄奘大學,04211032,法律學系,D 日,B 學士,159,109
1039,玄奘大學,04211032,法律學系,P 進,B 學士,19,109
1039,玄奘大學,06134034,資訊管理學系,D 日,B 學士,20,109
1039,玄奘大學,06134034,資訊管理學系,P 進,B 學士,-,109
1039,玄奘大學,09231036,社會工作學系,D 日,B 學士,183,109
1039,玄奘大學,10131040,餐旅管理學系,D 日,B 學士,208,109
1039,玄奘大學,10131040,餐旅管理學系,P 進,B 學士,11,109
1039,玄奘大學,10199042,生命禮儀學位學程,P 進,B 學士,1,109
1048,亞洲大學,01121001,幼兒教育學系,D 日,B 學士,381,109
1048,亞洲大學,02112006,視覺傳達設計學系,D 日,B 學士,419,109
1048,亞洲大學,02112007,數位媒體設計學系,D 日,B 學士,441,109
1048,亞洲大學,02122004,時尚設計學系,D 日,B 學士,372,109
1048,亞洲大學,02122005,創意設計學院不分系國際設計學士班,D 日,B 學士,42,109
1048,亞洲大學,02123011,創意商品設計學系,D 日,B 學士,399,109
1048,亞洲大學,02123011,創意商品設計學系,P 進,B 學士,107,109
1048,亞洲大學,02124012,室內設計學系,D 日,B 學士,231,109
1048,亞洲大學,02311002,外國語文學系,D 日,B 學士,326,109
1048,亞洲大學,03131013,心理學系,D 日,B 學士,478,109
1048,亞洲大學,03213014,資訊傳播學系,D 日,B 學士,384,109
1048,亞洲大學,04111015,會計與資訊學系,D 日,B 學士,286,109
1048,亞洲大學,04121019,財務金融學系,D 日,B 學士,384,109
1048,亞洲大學,04121019,財務金融學系,P 進,B 學士,-,109
1048,亞洲大學,04121020,國際財務金融管理學士學位學程,D 日,B 學士,24,109
1048,亞洲大學,04131017,經營管理學系,D 日,B 學士,577,109
1048,亞洲大學,04131017,經營管理學系,P 進,B 學士,58,109
1048,亞洲大學,04199026,管理學院進修學士學位學程,P 進,B 學士,271,109
1048,亞洲大學,04212027,財經法律學系,D 日,B 學士,382,109
1048,亞洲大學,05121028,生物科技學系,D 日,B 學士,-,109
1048,亞洲大學,05191053,食品營養與保健生技學系,D 日,B 學士,388,109
1048,亞洲大學,05191053,食品營養與保健生技學系,P 進,B 學士,185,109
1048,亞洲大學,06134033,行動商務與多媒體應用學系,D 日,B 學士,331,109
1048,亞洲大學,06134037,資訊工程學系,D 日,B 學士,479,109
1048,亞洲大學,07141040,光電與通訊學系,D 日,B 學士,-,109
1048,亞洲大學,07193029,生物資訊與醫學工程學系,D 日,B 學士,140,109
1048,亞洲大學,08411045,學士後獸醫學系,D 日,B 學士,160,109
1048,亞洲大學,09131046,護理學系,D 日,B 學士,419,109
1048,亞洲大學,09131061,學士後護理學系,D 日,B 學士,39,109
1048,亞洲大學,09141047,視光學系,D 日,B 學士,323,109
1048,亞洲大學,09141060,醫學檢驗暨生物技術學系,D 日,B 學士,268,109
1048,亞洲大學,09151056,物理治療學系,D 日,B 學士,80,109
1048,亞洲大學,09152052,職能治療學系,D 日,B 學士,200,109
1048,亞洲大學,09153051,聽力暨語言治療學系,D 日,B 學士,206,109
1048,亞洲大學,09191021,健康產業管理學系,D 日,B 學士,372,109
1048,亞洲大學,09231048,社會工作學系,D 日,B 學士,420,109
1048,亞洲大學,09231048,社會工作學系,P 進,B 學士,150,109
1048,亞洲大學,10151049,休閒與遊憩管理學系,D 日,B 學士,437,109
1048,亞洲大學,10151049,休閒與遊憩管理學系,P 進,B 學士,3,109
1049,開南大學,02111001,創意產業與數位電影學士學位學程,D 日,B 學士,6,109
1049,開南大學,02111058,電影與創意媒體學系,D 日,B 學士,123,109
1049,開南大學,02122009,數位空間與商品設計學士學位學程,D 日,B 學士,24,109
1049,開南大學,02125044,形象與健康管理進修學士學位學程,P 進,B 學士,76,109
1049,開南大學,02125060,形象管理學士學位學程,D 日,B 學士,27,109
1049,開南大學,02311006,應用英語學系,D 日,B 學士,184,109
1049,開南大學,02311006,應用英語學系,P 進,B 學士,84,109
1049,開南大學,02311008,應用日語學系,D 日,B 學士,432,109
1049,開南大學,02311008,應用日語學系,P 進,B 學士,160,109
1049,開南大學,02323004,應用華語學系,D 日,B 學士,405,109
1049,開南大學,03213003,資訊傳播學系,D 日,B 學士,156,109
1049,開南大學,04111014,會計學系,D 日,B 學士,110,109
1049,開南大學,04111014,會計學系,P 進,B 學士,38,109
1049,開南大學,04121021,財務金融學系,D 日,B 學士,36,109
1049,開南大學,04131016,國際企業學系,D 日,B 學士,172,109
1049,開南大學,04131016,國際企業學系,P 進,B 學士,206,109
1049,開南大學,04131017,企業與創業管理學系,D 日,B 學士,146,109
1049,開南大學,04131017,企業與創業管理學系,P 進,B 學士,104,109
1049,開南大學,04131031,商學院國際榮譽學士學位學程,D 日,B 學士,45,109
1049,開南大學,04134012,公共事務管理學系,D 日,B 學士,26,109
1049,開南大學,04143024,行銷學系,D 日,B 學士,112,109
1049,開南大學,04199061,數位多媒體設計學系,D 日,B 學士,42,109
1049,開南大學,04199061,數位多媒體設計學系,P 進,B 學士,47,109
1049,開南大學,04211011,法律學系,D 日,B 學士,331,109
1049,開南大學,05191037,保健營養學系,D 日,B 學士,167,109
1049,開南大學,06121032,資訊管理學系,D 日,B 學士,182,109
1049,開南大學,06121032,資訊管理學系,P 進,B 學士,60,109
1049,開南大學,06131036,資訊學院進修學士班,P 進,B 學士,1,109
1049,開南大學,09191026,健康產業管理學系,D 日,B 學士,125,109
1049,開南大學,09199038,養生與健康行銷學系,D 日,B 學士,90,109
1049,開南大學,10131039,觀光與餐飲旅館學系,D 日,B 學士,379,109
1049,開南大學,10131039,觀光與餐飲旅館學系,P 進,B 學士,115,109
1049,開南大學,10151041,觀光運輸學院進修學士班,P 進,B 學士,63,109
1049,開南大學,10152043,休閒事業管理學系,D 日,B 學士,149,109
1049,開南大學,10411059,交通運輸學系,D 日,B 學士,79,109
1049,開南大學,10411062,國際物流與運輸管理學系,D 日,B 學士,151,109
1049,開南大學,10411062,國際物流與運輸管理學系,P 進,B 學士,15,109
1049,開南大學,10412050,物流與航運管理學系,D 日,B 學士,-,109
1049,開南大學,10412050,物流與航運管理學系,P 進,B 學士,-,109
1049,開南大學,10413046,空運管理學系,D 日,B 學士,333,109
1049,開南大學,10413046,空運管理學系,P 進,B 學士,31,109
1050,佛光大學,02123018,產品與媒體設計學系,D 日,B 學士,256,109
1050,佛光大學,02211010,佛教學系,D 日,B 學士,89,109
1050,佛光大學,02221011,歷史學系,D 日,B 學士,109,109
1050,佛光大學,02299015,文化資產與創意學系,D 日,B 學士,126,109
1050,佛光大學,02311007,外國語文學系,D 日,B 學士,194,109
1050,佛光大學,02322006,中國文學與應用學系,D 日,B 學士,133,109
1050,佛光大學,03111020,應用經濟學系,D 日,B 學士,174,109
1050,佛光大學,03131024,心理學系,D 日,B 學士,192,109
1050,佛光大學,03141023,未來與樂活產業學系,D 日,B 學士,153,109
1050,佛光大學,03141035,社會學暨社會工作學系,D 日,B 學士,188,109
1050,佛光大學,03211028,傳播學系,D 日,B 學士,330,109
1050,佛光大學,04131030,管理學系,D 日,B 學士,219,109
1050,佛光大學,04134025,公共事務學系,D 日,B 學士,203,109
1050,佛光大學,06134032,資訊應用學系,D 日,B 學士,264,109
1050,佛光大學,10131036,健康與創意蔬食產業學系,D 日,B 學士,195,109
1058,明道大學,02111010,數位設計學系,D 日,B 學士,194,109
1058,明道大學,02112010,數位設計學系,P 進,B 學士,7,109
1058,明道大學,02125007,時尚造形學系,D 日,B 學士,57,109
1058,明道大學,02125007,時尚造形學系,P 進,B 學士,32,109
1058,明道大學,02299043,中華文化與傳播學系,D 日,B 學士,117,109
1058,明道大學,02311005,應用英語學系,D 日,B 學士,-,109
1058,明道大學,02311006,應用日語學系,D 日,B 學士,-,109
1058,明道大學,02311006,應用日語學系,P 進,B 學士,-,109
1058,明道大學,02311044,應用外語學系,D 日,B 學士,242,109
1058,明道大學,02311044,應用外語學系,P 進,B 學士,4,109
1058,明道大學,02322003,中國文學學系,D 日,B 學士,-,109
1058,明道大學,04121017,財務金融學系,D 日,B 學士,-,109
1058,明道大學,04121017,財務金融學系,P 進,B 學士,-,109
1058,明道大學,04131013,企業管理學系,D 日,B 學士,210,109
1058,明道大學,04131013,企業管理學系,P 進,B 學士,122,109
1058,明道大學,04143018,行銷與物流學系,D 日,B 學士,-,109
1058,明道大學,04143018,行銷與物流學系,P 進,B 學士,-,109
1058,明道大學,06111012,資訊傳播學系,D 日,B 學士,30,109
1058,明道大學,06111012,資訊傳播學系,P 進,B 學士,-,109
1058,明道大學,07112032,材料與能源工程學系,D 日,B 學士,61,109
1058,明道大學,07312035,景觀與環境設計學系,D 日,B 學士,92,109
1058,明道大學,07312035,景觀與環境設計學系,P 進,B 學士,14,109
1058,明道大學,08111037,精緻農業學系,D 日,B 學士,160,109
1058,明道大學,08111037,精緻農業學系,P 進,B 學士,69,109
1058,明道大學,08192038,應用科學院進修學士班,P 進,B 學士,60,109
1058,明道大學,10131039,餐旅管理學系,D 日,B 學士,394,109
1058,明道大學,10131039,餐旅管理學系,P 進,B 學士,151,109
1058,明道大學,10152040,休閒保健學系,D 日,B 學士,170,109
1058,明道大學,10152040,休閒保健學系,P 進,B 學士,97,109
1067,台灣首府大學,01121002,幼兒教育學系,D 日,B 學士,115,109
1067,台灣首府大學,04131009,企業管理學系,D 日,B 學士,68,109
1067,台灣首府大學,04131009,企業管理學系,P 進,B 學士,10,109
1067,台灣首府大學,04199016,休閒資訊管理學系,D 日,B 學士,39,109
1067,台灣首府大學,04199016,休閒資訊管理學系,P 進,B 學士,39,109
1067,台灣首府大學,06134021,資訊與多媒體設計學系,D 日,B 學士,57,109
1067,台灣首府大學,06134021,資訊與多媒體設計學系,P 進,B 學士,1,109
1067,台灣首府大學,10131030,餐旅管理學系,D 日,B 學士,155,109
1067,台灣首府大學,10131030,餐旅管理學系,P 進,B 學士,83,109
1067,台灣首府大學,10131032,烘焙管理學系,D 日,B 學士,190,109
1067,台灣首府大學,10131034,飯店管理學系,D 日,B 學士,108,109
1067,台灣首府大學,10151036,觀光事業管理學系,D 日,B 學士,103,109
1067,台灣首府大學,10151036,觀光事業管理學系,P 進,B 學士,47,109
1067,台灣首府大學,10152038,休閒管理學系,D 日,B 學士,35,109
1067,台灣首府大學,10152038,休閒管理學系,P 進,B 學士,32,109
1079,康寧大學,02311003,應用外語學系,D 日,B 學士,10,109
1079,康寧大學,02311003,應用外語學系,P 進,B 學士,2,109
1079,康寧大學,03211009,資訊傳播學系,D 日,B 學士,9,109
1079,康寧大學,03211009,資訊傳播學系,P 進,B 學士,-,109
1079,康寧大學,04131011,企業管理學系,D 日,B 學士,-,109
1079,康寧大學,04131011,企業管理學系,P 進,B 學士,10,109
1079,康寧大學,06131064,健康數位科技學系,D 日,B 學士,8,109
1079,康寧大學,09131043,健康照護管理學系,D 日,B 學士,6,109
1079,康寧大學,09131043,健康照護管理學系,P 進,B 學士,8,109
1079,康寧大學,09212062,長期照護學系,D 日,B 學士,107,109
1079,康寧大學,09221048,嬰幼兒保育學系,D 日,B 學士,116,109
1079,康寧大學,10121058,保健美容學系,D 日,B 學士,1,109
1079,康寧大學,10121058,保健美容學系,P 進,B 學士,-,109
1079,康寧大學,10131050,餐飲管理學系,D 日,B 學士,5,109
1079,康寧大學,10131050,餐飲管理學系,P 進,B 學士,4,109
1079,康寧大學,10152055,休閒管理學系,D 日,B 學士,7,109
1079,康寧大學,10152055,休閒管理學系,P 進,B 學士,7,109
1125,中信金融管理學院,04121014,財務金融學系,D 日,B 學士,167,109
1125,中信金融管理學院,04131012,企業管理學系,D 日,B 學士,155,109
1125,中信金融管理學院,04199032,金融管理學院學士班,D 日,B 學士,119,109
1125,中信金融管理學院,04212022,財經法律學系,D 日,B 學士,166,109
1125,中信金融管理學院,06131033,人工智慧學系,D 日,B 學士,87,109
1176,稻江科技暨管理學院,01121001,幼兒教育學系,D 日,B 學士,2,109
1176,稻江科技暨管理學院,01121001,幼兒教育學系,P 進,B 學士,-,109
1176,稻江科技暨管理學院,02122006,時尚設計學系,D 日,B 學士,-,109
1176,稻江科技暨管理學院,02122007,動畫遊戲設計學系,D 日,B 學士,16,109
1176,稻江科技暨管理學院,02152002,表演藝術學士學位學程,D 日,B 學士,12,109
1176,稻江科技暨管理學院,04131015,經營管理學士學位學程,D 日,B 學士,14,109
1176,稻江科技暨管理學院,04131015,經營管理進修學士學位學程,P 進,B 學士,15,109
1176,稻江科技暨管理學院,04211022,法律學士學位學程,D 日,B 學士,-,109
1176,稻江科技暨管理學院,04211022,法律學士學位學程,P 進,B 學士,3,109
1176,稻江科技暨管理學院,06134029,行動科技學系,D 日,B 學士,1,109
1176,稻江科技暨管理學院,09231035,原住民老人福祉與社會工作專班,D 日,B 學士,-,109
1176,稻江科技暨管理學院,09231048,社會工作學系,D 日,B 學士,14,109
1176,稻江科技暨管理學院,09231048,社會工作學系,P 進,B 學士,51,109
1176,稻江科技暨管理學院,10121044,時尚美容藝術與保健管理學士學位學程,D 日,B 學士,9,109
1176,稻江科技暨管理學院,10121044,時尚美容藝術與保健管理學士學位學程,P 進,B 學士,2,109
1176,稻江科技暨管理學院,10121049,時尚美容藝術管理學系,D 日,B 學士,3,109
1176,稻江科技暨管理學院,10121049,時尚美容藝術管理學系,P 進,B 學士,3,109
1176,稻江科技暨管理學院,10131037,餐飲管理學系,D 日,B 學士,26,109
1176,稻江科技暨管理學院,10131037,餐飲管理學系,P 進,B 學士,11,109
1176,稻江科技暨管理學院,10151042,觀光規劃學士學位學程,D 日,B 學士,-,109
1176,稻江科技暨管理學院,10151042,觀光規劃進修學士學位學程,P 進,B 學士,-,109
1176,稻江科技暨管理學院,10152039,休閒遊憩管理學系,D 日,B 學士,25,109
1176,稻江科技暨管理學院,10152039,休閒遊憩管理學系,P 進,B 學士,13,109
1195,馬偕醫學院,09121002,醫學系,D 日,B 學士,281,109
1195,馬偕醫學院,09131004,護理學系,D 日,B 學士,246,109
1195,馬偕醫學院,09153003,聽力暨語言治療學系,D 日,B 學士,164,109
1196,法鼓文理學院,02211002,佛教學系,D 日,B 學士,51,109
3002,臺北市立大學,01111001,教育學系,D 日,B 學士,267,109
3002,臺北市立大學,01113029,特殊教育學系,D 日,B 學士,178,109
3002,臺北市立大學,01116036,學習與媒材設計學系,D 日,B 學士,159,109
3002,臺北市立大學,01121027,幼兒教育學系,D 日,B 學士,327,109
3002,臺北市立大學,01131017,英語教學系,D 日,B 學士,150,109
3002,臺北市立大學,01141025,體育學系,D 日,B 學士,210,109
3002,臺北市立大學,02111040,視覺藝術學系,D 日,B 學士,189,109
3002,臺北市立大學,02151037,音樂學系,D 日,B 學士,215,109
3002,臺北市立大學,02152039,舞蹈學系,D 日,B 學士,165,109
3002,臺北市立大學,02221019,歷史與地理學系,D 日,B 學士,161,109
3002,臺北市立大學,02322043,中國語文學系,D 日,B 學士,223,109
3002,臺北市立大學,03131055,心理與諮商學系,D 日,B 學士,164,109
3002,臺北市立大學,04134056,社會暨公共事務學系,D 日,B 學士,146,109
3002,臺北市立大學,04199045,都會產業經營與行銷學系,D 日,B 學士,138,109
3002,臺北市立大學,05211023,地球環境暨生物資源學系,D 日,B 學士,144,109
3002,臺北市立大學,05399011,應用物理暨化學系,D 日,B 學士,130,109
3002,臺北市立大學,05411012,數學系,D 日,B 學士,165,109
3002,臺北市立大學,06131016,資訊科學系,D 日,B 學士,171,109
3002,臺北市立大學,07313058,城市發展學系,D 日,B 學士,119,109
3002,臺北市立大學,09191059,衛生福利學系,D 日,B 學士,119,109
3002,臺北市立大學,10141046,運動藝術學系,D 日,B 學士,189,109
3002,臺北市立大學,10141060,球類運動學系,D 日,B 學士,586,109
3002,臺北市立大學,10141062,陸上運動學系,D 日,B 學士,220,109
3002,臺北市立大學,10141063,水上運動學系,D 日,B 學士,122,109
3002,臺北市立大學,10141064,技擊運動學系,D 日,B 學士,202,109
3002,臺北市立大學,10142052,運動健康科學系,D 日,B 學士,241,109
3002,臺北市立大學,10152050,休閒運動管理學系,D 日,B 學士,251,109
1,國立政治大學,01111001,教育學系,D 日,B 學士,213,110
1,國立政治大學,02221020,歷史學系,D 日,B 學士,167,110
1,國立政治大學,02222031,民族學系,D 日,B 學士,174,110
1,國立政治大學,02231022,哲學系,D 日,B 學士,179,110
1,國立政治大學,02311009,英國語文學系,D 日,B 學士,291,110
1,國立政治大學,02311011,日本語文學系,D 日,B 學士,178,110
1,國立政治大學,02311012,阿拉伯語文學系,D 日,B 學士,171,110
1,國立政治大學,02311014,韓國語文學系,D 日,B 學士,138,110
1,國立政治大學,02311015,土耳其語文學系,D 日,B 學士,120,110
1,國立政治大學,02311016,歐洲語文學系,D 日,B 學士,264,110
1,國立政治大學,02311017,斯拉夫語文學系,D 日,B 學士,214,110
1,國立政治大學,02311087,東南亞語言與文化學士學位學程,D 日,B 學士,92,110
1,國立政治大學,02322008,中國文學系,D 日,B 學士,338,110
1,國立政治大學,03111024,經濟學系,D 日,B 學士,395,110
1,國立政治大學,03121026,政治學系,D 日,B 學士,225,110
1,國立政治大學,03122045,外交學系,D 日,B 學士,264,110
1,國立政治大學,03131032,心理學系,D 日,B 學士,211,110
1,國立政治大學,03141030,社會學系,D 日,B 學士,210,110
1,國立政治大學,03143043,地政學系,D 日,B 學士,474,110
1,國立政治大學,03211056,傳播學院大一大二不分系,D 日,B 學士,414,110
1,國立政治大學,03213052,廣播電視學系,D 日,B 學士,187,110
1,國立政治大學,03214051,新聞學系,D 日,B 學士,109,110
1,國立政治大學,04111059,會計學系,D 日,B 學士,420,110
1,國立政治大學,04121065,財務管理學系,D 日,B 學士,205,110
1,國立政治大學,04121068,金融學系,D 日,B 學士,266,110
1,國立政治大學,04122070,財政學系,D 日,B 學士,384,110
1,國立政治大學,04123069,風險管理與保險學系,D 日,B 學士,215,110
1,國立政治大學,04131060,企業管理學系,D 日,B 學士,441,110
1,國立政治大學,04131091,創新國際學院學士班,D 日,B 學士,44,110
1,國立政治大學,04134041,公共行政學系,D 日,B 學士,187,110
1,國立政治大學,04141067,國際經營與貿易學系,D 日,B 學士,392,110
1,國立政治大學,04143055,廣告學系,D 日,B 學士,263,110
1,國立政治大學,04211073,法律學系,D 日,B 學士,729,110
1,國立政治大學,05411078,應用數學系,D 日,B 學士,181,110
1,國立政治大學,05421079,統計學系,D 日,B 學士,229,110
1,國立政治大學,06131080,資訊管理學系,D 日,B 學士,348,110
1,國立政治大學,06131081,資訊科學系,D 日,B 學士,224,110
2,國立清華大學,01111112,竹師教育學院學士班,D 日,B 學士,132,110
2,國立清華大學,01113095,特殊教育學系,D 日,B 學士,158,110
2,國立清華大學,01121091,幼兒教育學系,D 日,B 學士,174,110
2,國立清華大學,01131084,教育與學習科技學系,D 日,B 學士,181,110
2,國立清華大學,01131105,英語教學系,D 日,B 學士,160,110
2,國立清華大學,01141127,運動科學系,D 日,B 學士,178,110
2,國立清華大學,02131098,藝術與設計學系設計組,D 日,B 學士,327,110
2,國立清華大學,02151096,音樂學系,D 日,B 學士,155,110
2,國立清華大學,02191113,藝術學院學士班,D 日,B 學士,116,110
2,國立清華大學,02299010,人文社會學院學士班,D 日,B 學士,359,110
2,國立清華大學,02311002,外國語文學系,D 日,B 學士,201,110
2,國立清華大學,02322003,中國文學系,D 日,B 學士,201,110
2,國立清華大學,02322109,中國語文學系,D 日,B 學士,2,110
2,國立清華大學,03111011,經濟學系,D 日,B 學士,472,110
2,國立清華大學,03131077,教育心理與諮商學系,D 日,B 學士,186,110
2,國立清華大學,04121020,計量財務金融學系,D 日,B 學士,258,110
2,國立清華大學,04199023,科技管理學院學士班,D 日,B 學士,306,110
2,國立清華大學,05111106,應用科學系生命科學組,D 日,B 學士,3,110
2,國立清華大學,05121025,生命科學系,D 日,B 學士,202,110
2,國立清華大學,05199032,生命科學院學士班,D 日,B 學士,128,110
2,國立清華大學,05211102,環境與文化資源學系,D 日,B 學士,29,110
2,國立清華大學,05311037,化學系,D 日,B 學士,246,110
2,國立清華大學,05331038,物理學系,D 日,B 學士,305,110
2,國立清華大學,05399042,理學院學士班,D 日,B 學士,138,110
2,國立清華大學,05411043,數學系,D 日,B 學士,278,110
2,國立清華大學,05411092,應用數學系,D 日,B 學士,4,110
2,國立清華大學,06131053,資訊工程學系,D 日,B 學士,596,110
2,國立清華大學,07111057,化學工程學系,D 日,B 學士,242,110
2,國立清華大學,07112058,材料科學工程學系,D 日,B 學士,464,110
2,國立清華大學,07112071,工學院學士班,D 日,B 學士,140,110
2,國立清華大學,07141049,電機工程學系,D 日,B 學士,464,110
2,國立清華大學,07141055,電機資訊學院學士班,D 日,B 學士,192,110
2,國立清華大學,07151056,動力機械工程學系,D 日,B 學士,461,110
2,國立清華大學,07191061,工業工程與工程管理學系,D 日,B 學士,286,110
2,國立清華大學,07193063,生醫工程與環境科學系,D 日,B 學士,167,110
2,國立清華大學,07194066,工程與系統科學系,D 日,B 學士,413,110
2,國立清華大學,07194069,原子科學院學士班,D 日,B 學士,99,110
2,國立清華大學,09121073,醫學科學系,D 日,B 學士,128,110
2,國立清華大學,99999075,清華學院學士班,D 日,B 學士,80,110
2,國立清華大學,99999120,清華學院國際學士班,D 日,B 學士,257,110
3,國立臺灣大學,02152003,戲劇學系,D 日,B 學士,170,110
3,國立臺灣大學,02221012,歷史學系,D 日,B 學士,244,110
3,國立臺灣大學,02222013,人類學系,D 日,B 學士,183,110
3,國立臺灣大學,02231014,哲學系,D 日,B 學士,189,110
3,國立臺灣大學,02311007,外國語文學系,D 日,B 學士,559,110
3,國立臺灣大學,02311009,日本語文學系,D 日,B 學士,244,110
3,國立臺灣大學,02322006,中國文學系,D 日,B 學士,322,110
3,國立臺灣大學,03111015,經濟學系,D 日,B 學士,597,110
3,國立臺灣大學,03121016,政治學系,D 日,B 學士,748,110
3,國立臺灣大學,03131019,心理學系,D 日,B 學士,317,110
3,國立臺灣大學,03141018,社會學系,D 日,B 學士,215,110
3,國立臺灣大學,03142021,地理環境資源學系,D 日,B 學士,161,110
3,國立臺灣大學,03222025,圖書資訊學系,D 日,B 學士,208,110
3,國立臺灣大學,04111027,會計學系,D 日,B 學士,570,110
3,國立臺灣大學,04121032,財務金融學系,D 日,B 學士,534,110
3,國立臺灣大學,04131029,工商管理學系,D 日,B 學士,469,110
3,國立臺灣大學,04131031,國際企業學系,D 日,B 學士,393,110
3,國立臺灣大學,04211035,法律學系,D 日,B 學士,829,110
3,國立臺灣大學,05111038,生命科學系,D 日,B 學士,239,110
3,國立臺灣大學,05111041,昆蟲學系,D 日,B 學士,104,110
3,國立臺灣大學,05121151,生化科技學系,D 日,B 學士,159,110
3,國立臺灣大學,05311051,化學系,D 日,B 學士,268,110
3,國立臺灣大學,05321052,地質科學系,D 日,B 學士,151,110
3,國立臺灣大學,05322056,大氣科學系,D 日,B 學士,140,110
3,國立臺灣大學,05331054,物理學系,D 日,B 學士,274,110
3,國立臺灣大學,05411059,數學系,D 日,B 學士,205,110
3,國立臺灣大學,06131062,資訊管理學系,D 日,B 學士,217,110
3,國立臺灣大學,06131067,資訊工程學系,D 日,B 學士,588,110
3,國立臺灣大學,07111076,化學工程學系,D 日,B 學士,439,110
3,國立臺灣大學,07112078,材料科學與工程學系,D 日,B 學士,208,110
3,國立臺灣大學,07141064,電機工程學系,D 日,B 學士,834,110
3,國立臺灣大學,07151069,機械工程學系,D 日,B 學士,607,110
3,國立臺灣大學,07151082,工程科學及海洋工程學系,D 日,B 學士,205,110
3,國立臺灣大學,07151161,生物機電工程學系,D 日,B 學士,177,110
3,國立臺灣大學,07193083,醫學工程學系,D 日,B 學士,80,110
3,國立臺灣大學,07321074,土木工程學系,D 日,B 學士,463,110
3,國立臺灣大學,07321075,生物環境系統工程學系,D 日,B 學士,196,110
3,國立臺灣大學,08111087,農藝學系,D 日,B 學士,143,110
3,國立臺灣大學,08112089,動物科學技術學系,D 日,B 學士,142,110
3,國立臺灣大學,08121091,園藝暨景觀學系,D 日,B 學士,197,110
3,國立臺灣大學,08191100,農業化學系,D 日,B 學士,166,110
3,國立臺灣大學,08193096,農業經濟學系,D 日,B 學士,195,110
3,國立臺灣大學,08193098,生物產業傳播暨發展學系,D 日,B 學士,267,110
3,國立臺灣大學,08194094,植物病理與微生物學系,D 日,B 學士,119,110
3,國立臺灣大學,08211102,森林環境暨資源學系,D 日,B 學士,241,110
3,國立臺灣大學,08411104,獸醫學系,D 日,B 學士,359,110
3,國立臺灣大學,09111137,牙醫學系,D 日,B 學士,219,110
3,國立臺灣大學,09121107,醫學系,D 日,B 學士,898,110
3,國立臺灣大學,09131134,學士後護理學系,D 日,B 學士,252,110
3,國立臺灣大學,09141136,醫學檢驗暨生物技術學系,D 日,B 學士,150,110
3,國立臺灣大學,09151132,物理治療學系,D 日,B 學士,219,110
3,國立臺灣大學,09152133,職能治療學系,D 日,B 學士,172,110
3,國立臺灣大學,09161129,藥學系,D 日,B 學士,274,110
3,國立臺灣大學,09191122,公共衛生學系,D 日,B 學士,173,110
3,國立臺灣大學,09231144,社會工作學系,D 日,B 學士,214,110
4,國立臺灣師範大學,01111001,教育學系,D 日,B 學士,258,110
4,國立臺灣師範大學,01113018,特殊教育學系,D 日,B 學士,166,110
4,國立臺灣師範大學,01116079,學習科學學士學位學程,D 日,B 學士,70,110
4,國立臺灣師範大學,01121086,學士後學位學程教保員專班,D 日,B 學士,36,110
4,國立臺灣師範大學,01131004,公民教育與活動領導學系,D 日,B 學士,367,110
4,國立臺灣師範大學,01131009,社會教育學系,D 日,B 學士,221,110
4,國立臺灣師範大學,01131017,健康促進與衛生教育學系,D 日,B 學士,178,110
4,國立臺灣師範大學,01141007,人類發展與家庭學系,D 日,B 學士,300,110
4,國立臺灣師範大學,01141010,工業教育學系,D 日,B 學士,126,110
4,國立臺灣師範大學,01141015,體育學系,D 日,B 學士,0,110
4,國立臺灣師範大學,01141087,體育與運動科學系,D 日,B 學士,255,110
4,國立臺灣師範大學,01199021,教育學院學士班,D 日,B 學士,46,110
4,國立臺灣師範大學,01199022,科技應用與人力資源發展學系,D 日,B 學士,239,110
4,國立臺灣師範大學,02112037,設計學系,D 日,B 學士,165,110
4,國立臺灣師範大學,02131023,美術學系,D 日,B 學士,195,110
4,國立臺灣師範大學,02151024,音樂學系,D 日,B 學士,274,110
4,國立臺灣師範大學,02152027,表演藝術學士學位學程,D 日,B 學士,88,110
4,國立臺灣師範大學,02221035,歷史學系,D 日,B 學士,239,110
4,國立臺灣師範大學,02311033,英語學系,D 日,B 學士,326,110
4,國立臺灣師範大學,02313005,華語文教學系,D 日,B 學士,416,110
4,國立臺灣師範大學,02321028,臺灣語文學系,D 日,B 學士,92,110
4,國立臺灣師範大學,02322029,國文學系,D 日,B 學士,441,110
4,國立臺灣師範大學,03131003,教育心理與輔導學系,D 日,B 學士,183,110
4,國立臺灣師範大學,03142041,地理學系,D 日,B 學士,332,110
4,國立臺灣師範大學,03143042,東亞學系,D 日,B 學士,223,110
4,國立臺灣師範大學,03214050,圖文傳播學系,D 日,B 學士,192,110
4,國立臺灣師範大學,04131051,企業管理學系,D 日,B 學士,241,110
4,國立臺灣師範大學,05111056,生命科學系,D 日,B 學士,250,110
4,國立臺灣師範大學,05191083,營養科學學士學位學程,D 日,B 學士,127,110
4,國立臺灣師範大學,05311059,化學系,D 日,B 學士,317,110
4,國立臺灣師範大學,05321060,地球科學系,D 日,B 學士,169,110
4,國立臺灣師範大學,05331061,物理學系,D 日,B 學士,269,110
4,國立臺灣師範大學,05411062,數學系,D 日,B 學士,378,110
4,國立臺灣師範大學,06131065,資訊工程學系,D 日,B 學士,237,110
4,國立臺灣師範大學,07141063,電機工程學系,D 日,B 學士,199,110
4,國立臺灣師範大學,07141080,光電工程學士學位學程,D 日,B 學士,67,110
4,國立臺灣師範大學,07151068,機電工程學系,D 日,B 學士,244,110
4,國立臺灣師範大學,07161081,車輛與能源工程學士學位學程,D 日,B 學士,96,110
4,國立臺灣師範大學,10141074,運動競技學系,D 日,B 學士,291,110
5,國立成功大學,02123113,工業設計學系,D 日,B 學士,195,110
5,國立成功大學,02221110,歷史學系,D 日,B 學士,231,110
5,國立成功大學,02311108,外國語文學系,D 日,B 學士,288,110
5,國立成功大學,02321106,台灣文學系,D 日,B 學士,179,110
5,國立成功大學,02322107,中國文學系,D 日,B 學士,217,110
5,國立成功大學,03111114,經濟學系,D 日,B 學士,248,110
5,國立成功大學,03121115,政治學系,D 日,B 學士,247,110
5,國立成功大學,03131117,心理學系,D 日,B 學士,271,110
5,國立成功大學,04111120,會計學系,D 日,B 學士,274,110
5,國立成功大學,04131121,企業管理學系,D 日,B 學士,234,110
5,國立成功大學,04199057,工業與資訊管理學系,D 日,B 學士,238,110
5,國立成功大學,04212001,法律學系,D 日,B 學士,286,110
5,國立成功大學,05111003,生命科學系,D 日,B 學士,201,110
5,國立成功大學,05121008,生物科技與產業科學系,D 日,B 學士,191,110
5,國立成功大學,05311017,化學系,D 日,B 學士,245,110
5,國立成功大學,05321019,地球科學系,D 日,B 學士,166,110
5,國立成功大學,05331021,物理學系,D 日,B 學士,213,110
5,國立成功大學,05411027,數學系,D 日,B 學士,225,110
5,國立成功大學,05421029,統計學系,D 日,B 學士,261,110
5,國立成功大學,06131036,資訊工程學系,D 日,B 學士,493,110
5,國立成功大學,07111050,化學工程學系,D 日,B 學士,546,110
5,國立成功大學,07112063,材料科學及工程學系,D 日,B 學士,394,110
5,國立成功大學,07121070,環境工程學系,D 日,B 學士,225,110
5,國立成功大學,07122026,水利及海洋工程學系,D 日,B 學士,178,110
5,國立成功大學,07132052,能源工程國際學士學位學程,D 日,B 學士,113,110
5,國立成功大學,07141032,電機工程學系,D 日,B 學士,681,110
5,國立成功大學,07141035,光電科學與工程學系,D 日,B 學士,218,110
5,國立成功大學,07141071,工程科學系,D 日,B 學士,275,110
5,國立成功大學,07151042,機械工程學系,D 日,B 學士,649,110
5,國立成功大學,07162043,航空太空工程學系,D 日,B 學士,258,110
5,國立成功大學,07163044,系統及船舶機電工程學系,D 日,B 學士,204,110
5,國立成功大學,07193061,生物醫學工程學系,D 日,B 學士,163,110
5,國立成功大學,07241064,資源工程學系,D 日,B 學士,182,110
5,國立成功大學,07311075,建築學系,D 日,B 學士,299,110
5,國立成功大學,07313076,都市計劃學系,D 日,B 學士,197,110
5,國立成功大學,07321049,土木工程學系,D 日,B 學士,462,110
5,國立成功大學,07322067,測量及空間資訊學系,D 日,B 學士,189,110
5,國立成功大學,09111130,牙醫學系,D 日,B 學士,83,110
5,國立成功大學,09121077,醫學系,D 日,B 學士,523,110
5,國立成功大學,09131090,護理學系,D 日,B 學士,126,110
5,國立成功大學,09141094,醫學檢驗生物技術學系,D 日,B 學士,135,110
5,國立成功大學,09151082,物理治療學系,D 日,B 學士,163,110
5,國立成功大學,09152089,職能治療學系,D 日,B 學士,122,110
5,國立成功大學,09161086,藥學系,D 日,B 學士,173,110
5,國立成功大學,10411098,交通管理科學系,D 日,B 學士,204,110
5,國立成功大學,99999102,全校不分系學士學位學程,D 日,B 學士,93,110
6,國立中興大學,02221007,歷史學系,D 日,B 學士,257,110
6,國立中興大學,02299008,文化創意產業學士學位學程,P 進,B 學士,146,110
6,國立中興大學,02311006,外國語文學系,D 日,B 學士,261,110
6,國立中興大學,02311006,外國語文學系,P 進,B 學士,237,110
6,國立中興大學,02321103,台灣人文創新學士學位學程,D 日,B 學士,31,110
6,國立中興大學,02322005,中國文學系,D 日,B 學士,208,110
6,國立中興大學,02322005,中國文學系,P 進,B 學士,173,110
6,國立中興大學,03111009,應用經濟學系,D 日,B 學士,208,110
6,國立中興大學,04111015,會計學系,D 日,B 學士,180,110
6,國立中興大學,04121019,財務金融學系,D 日,B 學士,237,110
6,國立中興大學,04131016,企業管理學系,D 日,B 學士,250,110
6,國立中興大學,04131018,創新產業經營學士學位學程,P 進,B 學士,184,110
6,國立中興大學,04143020,行銷學系,D 日,B 學士,211,110
6,國立中興大學,04211023,法律學系,D 日,B 學士,174,110
6,國立中興大學,05111026,生命科學系,D 日,B 學士,382,110
6,國立中興大學,05111029,昆蟲學系,D 日,B 學士,200,110
6,國立中興大學,05121031,生物科技學士學位學程,D 日,B 學士,131,110
6,國立中興大學,05292082,水土保持學系,D 日,B 學士,231,110
6,國立中興大學,05311039,化學系,D 日,B 學士,224,110
6,國立中興大學,05331040,物理學系,D 日,B 學士,233,110
6,國立中興大學,05411041,應用數學系,D 日,B 學士,334,110
6,國立中興大學,06131043,資訊管理學系,D 日,B 學士,142,110
6,國立中興大學,06131048,資訊科學與工程學系,D 日,B 學士,164,110
6,國立中興大學,07111055,化學工程學系,D 日,B 學士,202,110
6,國立中興大學,07112057,材料科學與工程學系,D 日,B 學士,215,110
6,國立中興大學,07121059,環境工程學系,D 日,B 學士,199,110
6,國立中興大學,07141045,電機工程學系,D 日,B 學士,338,110
6,國立中興大學,07141102,電機資訊學院學士班,D 日,B 學士,59,110
6,國立中興大學,07151050,機械工程學系,D 日,B 學士,383,110
6,國立中興大學,07151052,生物產業機電工程學系,D 日,B 學士,220,110
6,國立中興大學,07199107,智慧創意工程學士學位學程,D 日,B 學士,13,110
6,國立中興大學,07211081,食品暨應用生物科技學系,D 日,B 學士,228,110
6,國立中興大學,07312061,景觀與遊憩學士學位學程,D 日,B 學士,75,110
6,國立中興大學,07321054,土木工程學系,D 日,B 學士,358,110
6,國立中興大學,08111063,農藝學系,D 日,B 學士,203,110
6,國立中興大學,08112066,動物科學系,D 日,B 學士,212,110
6,國立中興大學,08121067,園藝學系,D 日,B 學士,178,110
6,國立中興大學,08191083,土壤環境科學系,D 日,B 學士,177,110
6,國立中興大學,08193076,生物產業管理進修學士學位學程,P 進,B 學士,196,110
6,國立中興大學,08193078,國際農企業學士學位學程,D 日,B 學士,93,110
6,國立中興大學,08194068,植物病理學系,D 日,B 學士,202,110
6,國立中興大學,08211086,森林學系,D 日,B 學士,260,110
6,國立中興大學,08411087,獸醫學系,D 日,B 學士,396,110
7,國立陽明交通大學,02299008,人文社會學系,D 日,B 學士,196,110
7,國立陽明交通大學,02311005,外國語文學系,D 日,B 學士,205,110
7,國立陽明交通大學,03211015,傳播與科技學系,D 日,B 學士,167,110
7,國立陽明交通大學,04121020,資訊管理與財務金融學系,D 日,B 學士,173,110
7,國立陽明交通大學,04131018,管理科學系,D 日,B 學士,206,110
7,國立陽明交通大學,05121028,生物科技學系,D 日,B 學士,287,110
7,國立陽明交通大學,05121112,生命科學系暨基因體科學研究所,D 日,B 學士,94,110
7,國立陽明交通大學,05199163,學士班大一大二不分系,D 日,B 學士,25,110
7,國立陽明交通大學,05311036,應用化學系,D 日,B 學士,207,110
7,國立陽明交通大學,05331041,電子物理學系,D 日,B 學士,228,110
7,國立陽明交通大學,05399044,理學院科學學士學位學程,D 日,B 學士,3,110
7,國立陽明交通大學,05411045,應用數學系,D 日,B 學士,223,110
7,國立陽明交通大學,06131058,資訊工程學系,D 日,B 學士,819,110
7,國立陽明交通大學,07112072,材料科學與工程學系,D 日,B 學士,198,110
7,國立陽明交通大學,07141050,電機工程學系,D 日,B 學士,1076,110
7,國立陽明交通大學,07141051,電子工程學系,D 日,B 學士,0,110
7,國立陽明交通大學,07141055,光電工程學系,D 日,B 學士,146,110
7,國立陽明交通大學,07141068,電機資訊學士班,D 日,B 學士,25,110
7,國立陽明交通大學,07141074,奈米科學及工程學士學位學程,D 日,B 學士,98,110
7,國立陽明交通大學,07151070,機械工程學系,D 日,B 學士,427,110
7,國立陽明交通大學,07191075,工業工程與管理學系,D 日,B 學士,245,110
7,國立陽明交通大學,07193122,生物醫學工程學系,D 日,B 學士,130,110
7,國立陽明交通大學,07193123,生醫光電暨奈米科學學士學位學程,D 日,B 學士,2,110
7,國立陽明交通大學,07199102,系統工程與科技學士學位學程,D 日,B 學士,652,110
7,國立陽明交通大學,07321071,土木工程學系,D 日,B 學士,324,110
7,國立陽明交通大學,09111160,牙醫學系,D 日,B 學士,264,110
7,國立陽明交通大學,09121125,醫學系,D 日,B 學士,909,110
7,國立陽明交通大學,09131149,護理學系,D 日,B 學士,148,110
7,國立陽明交通大學,09141158,醫學生物技術暨檢驗學系,D 日,B 學士,140,110
7,國立陽明交通大學,09141159,生物醫學影像暨放射科學系,D 日,B 學士,130,110
7,國立陽明交通大學,09151148,物理治療暨輔助科技學系,D 日,B 學士,219,110
7,國立陽明交通大學,09161142,藥學系,D 日,B 學士,172,110
7,國立陽明交通大學,10411086,運輸與物流管理學系,D 日,B 學士,194,110
7,國立陽明交通大學,99999096,百川學士學位學程,D 日,B 學士,99,110
8,國立中央大學,02299080,文學院學士班,D 日,B 學士,40,110
8,國立中央大學,02311007,英美語文學系,D 日,B 學士,202,110
8,國立中央大學,02311008,法國語文學系,D 日,B 學士,211,110
8,國立中央大學,02322006,中國文學系,D 日,B 學士,196,110
8,國立中央大學,03111013,經濟學系,D 日,B 學士,236,110
8,國立中央大學,03199020,客家語文暨社會科學學系,D 日,B 學士,149,110
8,國立中央大學,04121024,財務金融學系,D 日,B 學士,259,110
8,國立中央大學,04131023,企業管理學系,D 日,B 學士,392,110
8,國立中央大學,05121031,生命科學系,D 日,B 學士,148,110
8,國立中央大學,05311035,化學學系,D 日,B 學士,156,110
8,國立中央大學,05321036,地球科學學系,D 日,B 學士,182,110
8,國立中央大學,05321078,地球科學學院學士班,D 日,B 學士,46,110
8,國立中央大學,05322044,大氣科學學系,D 日,B 學士,195,110
8,國立中央大學,05322079,太空科學與工程學系,D 日,B 學士,59,110
8,國立中央大學,05331042,物理學系,D 日,B 學士,195,110
8,國立中央大學,05399050,理學院學士班,D 日,B 學士,73,110
8,國立中央大學,05411051,數學系,D 日,B 學士,314,110
8,國立中央大學,06131053,資訊管理學系,D 日,B 學士,427,110
8,國立中央大學,06131059,資訊工程學系,D 日,B 學士,413,110
8,國立中央大學,07111069,化學工程與材料工程學系,D 日,B 學士,200,110
8,國立中央大學,07141055,電機工程學系,D 日,B 學士,448,110
8,國立中央大學,07141057,光電科學與工程學系,D 日,B 學士,178,110
8,國立中央大學,07141060,通訊工程學系,D 日,B 學士,186,110
8,國立中央大學,07141077,資訊電機學院學士班,D 日,B 學士,89,110
8,國立中央大學,07151064,機械工程學系,D 日,B 學士,529,110
8,國立中央大學,07193074,生醫科學與工程學系,D 日,B 學士,95,110
8,國立中央大學,07194076,工學院學士班,D 日,B 學士,91,110
8,國立中央大學,07321067,土木工程學系,D 日,B 學士,359,110
9,國立中山大學,02151002,音樂學系,D 日,B 學士,155,110
9,國立中山大學,02152003,劇場藝術學系,D 日,B 學士,199,110
9,國立中山大學,02311006,外國語文學系,D 日,B 學士,240,110
9,國立中山大學,02322005,中國文學系,D 日,B 學士,193,110
9,國立中山大學,03141013,社會學系,D 日,B 學士,146,110
9,國立中山大學,04121024,財務管理學系,D 日,B 學士,205,110
9,國立中山大學,04131021,企業管理學系,D 日,B 學士,374,110
9,國立中山大學,04134010,政治經濟學系,D 日,B 學士,214,110
9,國立中山大學,05111033,生物科學系,D 日,B 學士,191,110
9,國立中山大學,05311037,化學系,D 日,B 學士,208,110
9,國立中山大學,05323044,海洋生物科技暨資源學系,D 日,B 學士,146,110
9,國立中山大學,05323047,海洋科學系,D 日,B 學士,128,110
9,國立中山大學,05331038,物理學系,D 日,B 學士,202,110
9,國立中山大學,05411051,應用數學系,D 日,B 學士,211,110
9,國立中山大學,06111055,資訊工程學系,D 日,B 學士,237,110
9,國立中山大學,06131052,資訊管理學系,D 日,B 學士,215,110
9,國立中山大學,07112063,材料與光電科學學系,D 日,B 學士,211,110
9,國立中山大學,07122065,海洋環境及工程學系,D 日,B 學士,172,110
9,國立中山大學,07141053,電機工程學系,D 日,B 學士,479,110
9,國立中山大學,07141054,光電工程學系,D 日,B 學士,182,110
9,國立中山大學,07151061,機械與機電工程學系,D 日,B 學士,438,110
9,國立中山大學,99999071,人文暨科技跨領域學士學位學程,D 日,B 學士,58,110
12,國立臺灣海洋大學,02122005,海洋文創設計產業學士學位學程,D 日,B 學士,132,110
12,國立臺灣海洋大學,04199055,海洋觀光管理學士學位學程,D 日,B 學士,192,110
12,國立臺灣海洋大學,04199056,海洋經營管理學士學位學程,D 日,B 學士,116,110
12,國立臺灣海洋大學,04212010,海洋法政學士學位學程,D 日,B 學士,147,110
12,國立臺灣海洋大學,05121014,生命科學暨生物科技學系,D 日,B 學士,189,110
12,國立臺灣海洋大學,05121018,海洋生物科技學士學位學程,D 日,B 學士,128,110
12,國立臺灣海洋大學,05323020,海洋環境資訊系,D 日,B 學士,165,110
12,國立臺灣海洋大學,06131028,資訊工程學系,D 日,B 學士,505,110
12,國立臺灣海洋大學,07122040,河海工程學系,D 日,B 學士,312,110
12,國立臺灣海洋大學,07122041,海洋工程科技學士學位學程,D 日,B 學士,98,110
12,國立臺灣海洋大學,07141025,電機工程學系,D 日,B 學士,421,110
12,國立臺灣海洋大學,07141027,光電與材料科技學士學位學程,D 日,B 學士,128,110
12,國立臺灣海洋大學,07141030,通訊與導航工程學系,D 日,B 學士,217,110
12,國立臺灣海洋大學,07151036,機械與機電工程學系,D 日,B 學士,364,110
12,國立臺灣海洋大學,07163033,系統工程暨造船學系,D 日,B 學士,207,110
12,國立臺灣海洋大學,07163035,輪機工程學系,D 日,B 學士,384,110
12,國立臺灣海洋大學,07163035,輪機工程學系學士後多元專長培力課程專班,P 進,B 學士,54,110
12,國立臺灣海洋大學,07211042,食品科學系,D 日,B 學士,436,110
12,國立臺灣海洋大學,07211042,食品科學系,P 進,B 學士,102,110
12,國立臺灣海洋大學,08311045,環境生物與漁業科學學系,D 日,B 學士,171,110
12,國立臺灣海洋大學,08312046,水產養殖學系,D 日,B 學士,411,110
12,國立臺灣海洋大學,10411050,運輸科學系,D 日,B 學士,373,110
12,國立臺灣海洋大學,10412048,航運管理學系,D 日,B 學士,469,110
12,國立臺灣海洋大學,10412048,航運管理學系,P 進,B 學士,347,110
12,國立臺灣海洋大學,10414052,商船學系,D 日,B 學士,507,110
12,國立臺灣海洋大學,10414052,商船學系學士後多元專長培力課程專班,P 進,B 學士,85,110
13,國立中正大學,01112005,成人及繼續教育學系,D 日,B 學士,112,110
13,國立中正大學,02221015,歷史學系,D 日,B 學士,176,110
13,國立中正大學,02231016,哲學系,D 日,B 學士,211,110
13,國立中正大學,02311012,外國語文學系,D 日,B 學士,205,110
13,國立中正大學,02322011,中國文學系,D 日,B 學士,175,110
13,國立中正大學,03111017,經濟學系,D 日,B 學士,369,110
13,國立中正大學,03121018,政治學系,D 日,B 學士,194,110
13,國立中正大學,03131019,心理學系,D 日,B 學士,210,110
13,國立中正大學,03191025,勞工關係學系,D 日,B 學士,190,110
13,國立中正大學,03199026,犯罪防治學系,D 日,B 學士,156,110
13,國立中正大學,03211028,傳播學系,D 日,B 學士,182,110
13,國立中正大學,04111032,會計與資訊科技學系,D 日,B 學士,222,110
13,國立中正大學,04121034,財務金融學系,D 日,B 學士,324,110
13,國立中正大學,04131033,企業管理學系,D 日,B 學士,322,110
13,國立中正大學,04211039,法律學系,D 日,B 學士,330,110
13,國立中正大學,04212040,財經法律學系,D 日,B 學士,197,110
13,國立中正大學,05121075,生物醫學科學系,D 日,B 學士,140,110
13,國立中正大學,05311045,化學暨生物化學系,D 日,B 學士,186,110
13,國立中正大學,05321047,地球與環境科學系,D 日,B 學士,157,110
13,國立中正大學,05331067,物理學系,D 日,B 學士,195,110
13,國立中正大學,05411049,數學系,D 日,B 學士,171,110
13,國立中正大學,06131053,資訊管理學系,D 日,B 學士,209,110
13,國立中正大學,06131055,資訊工程學系,D 日,B 學士,403,110
13,國立中正大學,07111061,化學工程學系,D 日,B 學士,187,110
13,國立中正大學,07141054,電機工程學系,D 日,B 學士,325,110
13,國立中正大學,07141056,通訊工程學系,D 日,B 學士,189,110
13,國立中正大學,07151058,機械工程學系,D 日,B 學士,371,110
13,國立中正大學,09231063,社會福利學系,D 日,B 學士,197,110
13,國立中正大學,10141064,運動競技學系,D 日,B 學士,109,110
14,國立高雄師範大學,01111001,教育學系,D 日,B 學士,155,110
14,國立高雄師範大學,01113010,特殊教育學系,D 日,B 學士,165,110
14,國立高雄師範大學,01141003,工業科技教育學系,D 日,B 學士,159,110
14,國立高雄師範大學,01141005,體育學系,D 日,B 學士,201,110
14,國立高雄師範大學,02112022,視覺設計學系,D 日,B 學士,175,110
14,國立高雄師範大學,02123024,工業設計學系,D 日,B 學士,133,110
14,國立高雄師範大學,02131012,美術學系,D 日,B 學士,174,110
14,國立高雄師範大學,02141055,藝術產業學士原住民專班,D 日,B 學士,104,110
14,國立高雄師範大學,02151013,音樂學系,D 日,B 學士,113,110
14,國立高雄師範大學,02311021,英語學系,D 日,B 學士,336,110
14,國立高雄師範大學,02321057,語言與文化學士原住民專班,D 日,B 學士,71,110
14,國立高雄師範大學,02322019,國文學系,D 日,B 學士,347,110
14,國立高雄師範大學,03142030,地理學系,D 日,B 學士,165,110
14,國立高雄師範大學,04131032,事業經營學系,D 日,B 學士,139,110
14,國立高雄師範大學,05121034,生物科技系,D 日,B 學士,160,110
14,國立高雄師範大學,05311036,化學系,D 日,B 學士,148,110
14,國立高雄師範大學,05331037,物理學系,D 日,B 學士,148,110
14,國立高雄師範大學,05411038,數學系,D 日,B 學士,302,110
14,國立高雄師範大學,06132039,軟體工程與管理學系,D 日,B 學士,119,110
14,國立高雄師範大學,07141041,電子工程學系,D 日,B 學士,171,110
14,國立高雄師範大學,07141060,電機工程學系,D 日,B 學士,172,110
14,國立高雄師範大學,10141056,運動競技與產業學士原住民專班,D 日,B 學士,136,110
15,國立彰化師範大學,01113012,特殊教育學系,D 日,B 學士,286,110
15,國立彰化師範大學,01131006,公共事務與公民教育學系,D 日,B 學士,137,110
15,國立彰化師範大學,01141007,工業教育與技術學系,D 日,B 學士,334,110
15,國立彰化師範大學,01141011,運動學系,D 日,B 學士,260,110
15,國立彰化師範大學,02131017,美術學系,D 日,B 學士,164,110
15,國立彰化師範大學,02311020,英語學系,D 日,B 學士,231,110
15,國立彰化師範大學,02322019,國文學系,D 日,B 學士,341,110
15,國立彰化師範大學,03131025,輔導與諮商學系,D 日,B 學士,338,110
15,國立彰化師範大學,03142027,地理學系,D 日,B 學士,171,110
15,國立彰化師範大學,04111028,會計學系,D 日,B 學士,328,110
15,國立彰化師範大學,04121031,財務金融技術學系,D 日,B 學士,153,110
15,國立彰化師範大學,04131029,企業管理學系,D 日,B 學士,204,110
15,國立彰化師範大學,05111034,生物學系,D 日,B 學士,174,110
15,國立彰化師範大學,05311035,化學系,D 日,B 學士,212,110
15,國立彰化師範大學,05331037,物理學系,D 日,B 學士,322,110
15,國立彰化師範大學,05411038,數學系,D 日,B 學士,311,110
15,國立彰化師範大學,06131040,資訊管理學系,D 日,B 學士,204,110
15,國立彰化師範大學,06131050,資訊工程學系,D 日,B 學士,207,110
15,國立彰化師範大學,07141042,電機工程學系,D 日,B 學士,182,110
15,國立彰化師範大學,07141043,電子工程學系,D 日,B 學士,187,110
15,國立彰化師範大學,07151054,機電工程學系,D 日,B 學士,196,110
17,國立臺北大學,02221005,歷史學系,D 日,B 學士,200,110
17,國立臺北大學,02311004,應用外語學系,D 日,B 學士,228,110
17,國立臺北大學,02322002,中國文學系,D 日,B 學士,197,110
17,國立臺北大學,03111009,經濟學系,D 日,B 學士,500,110
17,國立臺北大學,03111009,經濟學系,P 進,B 學士,184,110
17,國立臺北大學,03141011,社會學系,D 日,B 學士,217,110
17,國立臺北大學,04111017,會計學系,D 日,B 學士,531,110
17,國立臺北大學,04121022,金融與合作經營學系,D 日,B 學士,266,110
17,國立臺北大學,04121022,金融與合作經營學系,P 進,B 學士,187,110
17,國立臺北大學,04122023,財政學系,D 日,B 學士,288,110
17,國立臺北大學,04122023,財政學系,P 進,B 學士,207,110
17,國立臺北大學,04131018,企業管理學系,D 日,B 學士,516,110
17,國立臺北大學,04131018,企業管理學系,P 進,B 學士,326,110
17,國立臺北大學,04134013,公共行政暨政策學系,D 日,B 學士,473,110
17,國立臺北大學,04134013,公共行政暨政策學系,P 進,B 學士,378,110
17,國立臺北大學,04134024,不動產與城鄉環境學系,D 日,B 學士,490,110
17,國立臺北大學,04134024,不動產與城鄉環境學系,P 進,B 學士,193,110
17,國立臺北大學,04141026,商學院數位行銷進修學士學位學程,P 進,B 學士,195,110
17,國立臺北大學,04211028,法律學系,D 日,B 學士,816,110
17,國立臺北大學,04211028,法律學系,P 進,B 學士,209,110
17,國立臺北大學,05421033,統計學系,D 日,B 學士,255,110
17,國立臺北大學,06131036,資訊工程學系,D 日,B 學士,221,110
17,國立臺北大學,07141035,電機工程學系,D 日,B 學士,178,110
17,國立臺北大學,07141037,通訊工程學系,D 日,B 學士,153,110
17,國立臺北大學,09231041,社會工作學系,D 日,B 學士,201,110
17,國立臺北大學,09231041,社會工作學系,P 進,B 學士,190,110
17,國立臺北大學,10152042,休閒運動管理學系,D 日,B 學士,226,110
18,國立嘉義大學,01111001,教育學系,D 日,B 學士,162,110
18,國立嘉義大學,01113017,特殊教育學系,D 日,B 學士,163,110
18,國立嘉義大學,01116021,數位學習設計與管理學系,D 日,B 學士,183,110
18,國立嘉義大學,01121016,幼兒教育學系,D 日,B 學士,215,110
18,國立嘉義大學,01141113,體育與健康休閒學系,D 日,B 學士,197,110
18,國立嘉義大學,02131025,視覺藝術學系,D 日,B 學士,189,110
18,國立嘉義大學,02151024,音樂學系,D 日,B 學士,182,110
18,國立嘉義大學,02221033,應用歷史學系,D 日,B 學士,191,110
18,國立嘉義大學,02311031,外國語言學系,D 日,B 學士,393,110
18,國立嘉義大學,02311031,外國語言學系,P 進,B 學士,0,110
18,國立嘉義大學,02322029,中國文學系,D 日,B 學士,202,110
18,國立嘉義大學,02322029,中國文學系,P 進,B 學士,85,110
18,國立嘉義大學,03111034,應用經濟學系,D 日,B 學士,195,110
18,國立嘉義大學,03131035,輔導與諮商學系,D 日,B 學士,222,110
18,國立嘉義大學,04121041,財務金融學系,D 日,B 學士,183,110
18,國立嘉義大學,04121041,財務金融學系,P 進,B 學士,170,110
18,國立嘉義大學,04131038,企業管理學系,D 日,B 學士,213,110
18,國立嘉義大學,04131038,企業管理學系,P 進,B 學士,180,110
18,國立嘉義大學,04131045,生物事業管理學系,D 日,B 學士,194,110
18,國立嘉義大學,04131045,生物事業管理學系,P 進,B 學士,80,110
18,國立嘉義大學,04143044,行銷與觀光管理學系,D 日,B 學士,193,110
18,國立嘉義大學,05111052,生物資源學系,D 日,B 學士,166,110
18,國立嘉義大學,05121053,生化科技學系,D 日,B 學士,180,110
18,國立嘉義大學,05199058,微生物免疫與生物藥學系,D 日,B 學士,178,110
18,國立嘉義大學,05311059,應用化學系,D 日,B 學士,203,110
18,國立嘉義大學,05331061,電子物理學系,D 日,B 學士,185,110
18,國立嘉義大學,05411062,應用數學系,D 日,B 學士,186,110
18,國立嘉義大學,06131063,資訊管理學系,D 日,B 學士,200,110
18,國立嘉義大學,06131066,資訊工程學系,D 日,B 學士,216,110
18,國立嘉義大學,07141064,電機工程學系,D 日,B 學士,203,110
18,國立嘉義大學,07151067,生物機電工程學系,D 日,B 學士,186,110
18,國立嘉義大學,07151067,生物機電工程學系,P 進,B 學士,153,110
18,國立嘉義大學,07151069,機械與能源工程學系,D 日,B 學士,181,110
18,國立嘉義大學,07211088,食品科學系,D 日,B 學士,203,110
18,國立嘉義大學,07211088,食品科學系,P 進,B 學士,177,110
18,國立嘉義大學,07312072,景觀學系,D 日,B 學士,168,110
18,國立嘉義大學,07321070,土木與水資源工程學系,D 日,B 學士,193,110
18,國立嘉義大學,07321070,土木與水資源工程學系,P 進,B 學士,140,110
18,國立嘉義大學,08111074,農藝學系,D 日,B 學士,177,110
18,國立嘉義大學,08112079,動物科學系,D 日,B 學士,181,110
18,國立嘉義大學,08112079,動物科學系,P 進,B 學士,146,110
18,國立嘉義大學,08121080,園藝學系,D 日,B 學士,180,110
18,國立嘉義大學,08121080,園藝學系,P 進,B 學士,138,110
18,國立嘉義大學,08192092,生物農業科技學系,D 日,B 學士,162,110
18,國立嘉義大學,08194084,植物醫學系,D 日,B 學士,161,110
18,國立嘉義大學,08199076,農場管理進修學士學位學程,P 進,B 學士,312,110
18,國立嘉義大學,08211096,森林暨自然資源學系,D 日,B 學士,170,110
18,國立嘉義大學,08211106,木質材料與設計學系,D 日,B 學士,162,110
18,國立嘉義大學,08211106,木質材料與設計學系,P 進,B 學士,128,110
18,國立嘉義大學,08312047,水生生物科學系,D 日,B 學士,161,110
18,國立嘉義大學,08411108,獸醫學系,D 日,B 學士,237,110
18,國立嘉義大學,10152113,體育與健康休閒學系,P 進,B 學士,178,110
19,國立高雄大學,02122036,工藝與創意設計學系,D 日,B 學士,186,110
19,國立高雄大學,02199005,創意設計與建築學系,D 日,B 學士,12,110
19,國立高雄大學,02311002,西洋語文學系,D 日,B 學士,180,110
19,國立高雄大學,02311003,東亞語文學系,D 日,B 學士,254,110
19,國立高雄大學,03111006,應用經濟學系,D 日,B 學士,228,110
19,國立高雄大學,04121011,金融管理學系,D 日,B 學士,199,110
19,國立高雄大學,04131009,亞太工商管理學系,D 日,B 學士,271,110
19,國立高雄大學,04211015,法律學系,D 日,B 學士,217,110
19,國立高雄大學,04212016,財經法律學系,D 日,B 學士,178,110
19,國立高雄大學,04212017,政治法律學系,D 日,B 學士,213,110
19,國立高雄大學,05111019,生命科學系,D 日,B 學士,185,110
19,國立高雄大學,05311022,應用化學系,D 日,B 學士,183,110
19,國立高雄大學,05331023,應用物理學系,D 日,B 學士,195,110
19,國立高雄大學,05411024,應用數學系,D 日,B 學士,224,110
19,國立高雄大學,06131026,資訊管理學系,D 日,B 學士,203,110
19,國立高雄大學,06131028,資訊工程學系,D 日,B 學士,194,110
19,國立高雄大學,07111030,化學工程及材料工程學系,D 日,B 學士,171,110
19,國立高雄大學,07141027,電機工程學系,D 日,B 學士,428,110
19,國立高雄大學,07311035,建築學系,D 日,B 學士,135,110
19,國立高雄大學,07321029,土木與環境工程學系,D 日,B 學士,258,110
19,國立高雄大學,10141032,運動競技學系,D 日,B 學士,167,110
19,國立高雄大學,10152033,運動健康與休閒學系,D 日,B 學士,253,110
20,國立東華大學,01111001,教育與潛能開發學系,D 日,B 學士,196,110
20,國立東華大學,01113013,特殊教育學系,D 日,B 學士,168,110
20,國立東華大學,01114015,教育行政與管理學系,D 日,B 學士,164,110
20,國立東華大學,01121012,幼兒教育學系,D 日,B 學士,220,110
20,國立東華大學,01141010,體育與運動科學系,D 日,B 學士,189,110
20,國立東華大學,02121019,藝術與設計學系,D 日,B 學士,220,110
20,國立東華大學,02151018,音樂學系,D 日,B 學士,93,110
20,國立東華大學,02191022,藝術創意產業學系,D 日,B 學士,213,110
20,國立東華大學,02199109,原住民族樂舞與藝術學士學位學程,D 日,B 學士,47,110
20,國立東華大學,02221033,歷史學系,D 日,B 學士,216,110
20,國立東華大學,02222042,族群關係與文化學系,D 日,B 學士,164,110
20,國立東華大學,02311029,英美語文學系,D 日,B 學士,225,110
20,國立東華大學,02321028,民族語言與傳播學系,D 日,B 學士,162,110
20,國立東華大學,02322025,中國語文學系,D 日,B 學士,210,110
20,國立東華大學,02323104,華文文學系,D 日,B 學士,227,110
20,國立東華大學,03111034,經濟學系,D 日,B 學士,203,110
20,國立東華大學,03131046,諮商與臨床心理學系,D 日,B 學士,242,110
20,國立東華大學,03141036,社會學系,D 日,B 學士,175,110
20,國立東華大學,03143051,臺灣文化學系,D 日,B 學士,200,110
20,國立東華大學,03199040,民族事務與發展學系,D 日,B 學士,89,110
20,國立東華大學,04111056,會計學系,D 日,B 學士,244,110
20,國立東華大學,04121061,財務金融學系,D 日,B 學士,249,110
20,國立東華大學,04131059,企業管理學系,D 日,B 學士,229,110
20,國立東華大學,04131060,國際企業學系,D 日,B 學士,247,110
20,國立東華大學,04134054,公共行政學系,D 日,B 學士,140,110
20,國立東華大學,04191066,管理學院管理科學與財金國際學士學位學程,D 日,B 學士,93,110
20,國立東華大學,04211067,法律學士學位學程,D 日,B 學士,189,110
20,國立東華大學,05121069,生命科學系,D 日,B 學士,192,110
20,國立東華大學,05211094,自然資源與環境學系,D 日,B 學士,227,110
20,國立東華大學,05311071,化學系,D 日,B 學士,209,110
20,國立東華大學,05331072,物理學系,D 日,B 學士,243,110
20,國立東華大學,05411074,應用數學系,D 日,B 學士,305,110
20,國立東華大學,06131086,資訊工程學系,D 日,B 學士,436,110
20,國立東華大學,06134081,資訊管理學系,D 日,B 學士,216,110
20,國立東華大學,07112090,材料科學與工程學系,D 日,B 學士,225,110
20,國立東華大學,07141083,電機工程學系,D 日,B 學士,237,110
20,國立東華大學,07141085,光電工程學系,D 日,B 學士,175,110
20,國立東華大學,09231041,民族社會工作學士學位學程,D 日,B 學士,106,110
20,國立東華大學,10151091,觀光暨休閒遊憩學系,D 日,B 學士,223,110
20,國立東華大學,99999108,大一不分系學士班,D 日,B 學士,39,110
21,國立暨南國際大學,01111001,國際文教與比較教育學系,D 日,B 學士,195,110
21,國立暨南國際大學,01111004,諮商心理與人力資源發展學系,D 日,B 學士,203,110
21,國立暨南國際大學,01111050,教育學院學士班,D 日,B 學士,48,110
21,國立暨南國際大學,01114010,教育政策與行政學系,D 日,B 學士,168,110
21,國立暨南國際大學,02221015,歷史學系,D 日,B 學士,180,110
21,國立暨南國際大學,02311014,外國語文學系,D 日,B 學士,212,110
21,國立暨南國際大學,02322013,中國語文學系,D 日,B 學士,194,110
21,國立暨南國際大學,03111016,經濟學系,D 日,B 學士,246,110
21,國立暨南國際大學,03141045,原住民文化產業與社會工作學士學位學程原住民族專班,D 日,B 學士,187,110
21,國立暨南國際大學,03143019,東南亞學系,D 日,B 學士,181,110
21,國立暨南國際大學,04121025,財務金融學系,D 日,B 學士,245,110
21,國立暨南國際大學,04131022,國際企業學系,D 日,B 學士,273,110
21,國立暨南國際大學,04131048,管理學院學士班,D 日,B 學士,105,110
21,國立暨南國際大學,04134020,公共行政與政策學系,D 日,B 學士,216,110
21,國立暨南國際大學,05311027,應用化學系,D 日,B 學士,208,110
21,國立暨南國際大學,06131030,資訊管理學系,D 日,B 學士,247,110
21,國立暨南國際大學,06131034,資訊工程學系,D 日,B 學士,237,110
21,國立暨南國際大學,06199049,科技學院學士班,D 日,B 學士,43,110
21,國立暨南國際大學,07112037,應用材料及光電工程學系,D 日,B 學士,200,110
21,國立暨南國際大學,07141031,電機工程學系,D 日,B 學士,278,110
21,國立暨南國際大學,07321035,土木工程學系,D 日,B 學士,191,110
21,國立暨南國際大學,09231038,社會政策與社會工作學系,D 日,B 學士,235,110
21,國立暨南國際大學,10151039,觀光休閒與餐旅管理學系,D 日,B 學士,314,110
28,國立臺北藝術大學,02111018,電影創作學系,D 日,B 學士,203,110
28,國立臺北藝術大學,02111019,動畫學系,D 日,B 學士,193,110
28,國立臺北藝術大學,02131003,美術學系,D 日,B 學士,280,110
28,國立臺北藝術大學,02151005,音樂學系,D 日,B 學士,273,110
28,國立臺北藝術大學,02151006,傳統音樂學系,D 日,B 學士,99,110
28,國立臺北藝術大學,02151032,音樂與影像跨域學士學位學程,D 日,B 學士,30,110
28,國立臺北藝術大學,02152008,戲劇學系,D 日,B 學士,202,110
28,國立臺北藝術大學,02152011,劇場設計學系,D 日,B 學士,159,110
28,國立臺北藝術大學,02152013,舞蹈學系,D 日,B 學士,121,110
28,國立臺北藝術大學,02191023,新媒體藝術學系,D 日,B 學士,186,110
29,國立臺灣藝術大學,02111015,電影學系,D 日,B 學士,208,110
29,國立臺灣藝術大學,02111015,電影學系,P 進,B 學士,145,110
29,國立臺灣藝術大學,02112023,多媒體動畫藝術學系,D 日,B 學士,138,110
29,國立臺灣藝術大學,02112028,視覺傳達設計學系,D 日,B 學士,154,110
29,國立臺灣藝術大學,02112028,視覺傳達設計學系,P 進,B 學士,148,110
29,國立臺灣藝術大學,02131003,美術學系,D 日,B 學士,163,110
29,國立臺灣藝術大學,02131003,美術學系,P 進,B 學士,135,110
29,國立臺灣藝術大學,02131005,書畫藝術學系,D 日,B 學士,147,110
29,國立臺灣藝術大學,02131005,書畫藝術學系,P 進,B 學士,131,110
29,國立臺灣藝術大學,02132006,雕塑學系,D 日,B 學士,166,110
29,國立臺灣藝術大學,02141007,工藝設計學系,D 日,B 學士,138,110
29,國立臺灣藝術大學,02141007,工藝設計學系,P 進,B 學士,145,110
29,國立臺灣藝術大學,02151010,音樂學系,D 日,B 學士,261,110
29,國立臺灣藝術大學,02151010,音樂學系,P 進,B 學士,133,110
29,國立臺灣藝術大學,02151011,中國音樂學系,D 日,B 學士,146,110
29,國立臺灣藝術大學,02151011,中國音樂學系,P 進,B 學士,129,110
29,國立臺灣藝術大學,02152012,戲劇學系,D 日,B 學士,192,110
29,國立臺灣藝術大學,02152012,戲劇學系,P 進,B 學士,181,110
29,國立臺灣藝術大學,02152014,舞蹈學系,D 日,B 學士,156,110
29,國立臺灣藝術大學,02152014,舞蹈學系,P 進,B 學士,144,110
29,國立臺灣藝術大學,02191017,古蹟藝術修護學系,D 日,B 學士,130,110
29,國立臺灣藝術大學,02199030,圖文傳播藝術學系,D 日,B 學士,173,110
29,國立臺灣藝術大學,02199030,圖文傳播藝術學系,P 進,B 學士,157,110
29,國立臺灣藝術大學,03213029,廣播電視學系,D 日,B 學士,181,110
29,國立臺灣藝術大學,03213029,廣播電視學系,P 進,B 學士,149,110
30,國立臺東大學,01111001,教育學系,D 日,B 學士,190,110
30,國立臺東大學,01113008,特殊教育學系,D 日,B 學士,159,110
30,國立臺東大學,01121007,幼兒教育學系,D 日,B 學士,279,110
30,國立臺東大學,01121007,幼兒教育學系幼兒教育學士後學位學程教保員專班,P 進,B 學士,48,110
30,國立臺東大學,01141006,體育學系,D 日,B 學士,193,110
30,國立臺東大學,02112005,數位媒體與文教產業學系,D 日,B 學士,155,110
30,國立臺東大學,02131009,美術產業學系,D 日,B 學士,178,110
30,國立臺東大學,02151011,音樂學系,D 日,B 學士,109,110
30,國立臺東大學,02311015,英美語文學系,D 日,B 學士,169,110
30,國立臺東大學,02323013,華語文學系,D 日,B 學士,178,110
30,國立臺東大學,03199017,公共與文化事務學系,D 日,B 學士,192,110
30,國立臺東大學,04131028,資訊管理學系產業管理與數位行銷進修學士班,P 進,B 學士,112,110
30,國立臺東大學,05111020,生命科學系,D 日,B 學士,165,110
30,國立臺東大學,05399021,應用科學系,D 日,B 學士,322,110
30,國立臺東大學,05411024,應用數學系,D 日,B 學士,159,110
30,國立臺東大學,06131028,資訊管理學系,D 日,B 學士,189,110
30,國立臺東大學,06199023,綠色與資訊科技學士學位學程,D 日,B 學士,122,110
30,國立臺東大學,07141029,資訊工程學系,D 日,B 學士,368,110
30,國立臺東大學,09191040,高齡健康與照護管理原住民專班,D 日,B 學士,98,110
30,國立臺東大學,10141034,運動競技學士學位學程,D 日,B 學士,132,110
30,國立臺東大學,10151031,文化資源與休閒產業學系,D 日,B 學士,184,110
30,國立臺東大學,10151031,文化資源與休閒產業學系產業經營進修學士班,P 進,B 學士,129,110
30,國立臺東大學,10152035,身心整合與運動休閒產業學系,D 日,B 學士,149,110
31,國立宜蘭大學,02311001,外國語文學系,D 日,B 學士,186,110
31,國立宜蘭大學,03111007,應用經濟與管理學系,D 日,B 學士,367,110
31,國立宜蘭大學,07111023,化學工程與材料工程學系,D 日,B 學士,373,110
31,國立宜蘭大學,07121024,環境工程學系,D 日,B 學士,193,110
31,國立宜蘭大學,07121024,環境工程學系,P 進,B 學士,113,110
31,國立宜蘭大學,07141011,電機工程學系,D 日,B 學士,352,110
31,國立宜蘭大學,07141011,電機工程學系,P 進,B 學士,97,110
31,國立宜蘭大學,07141012,電子工程學系,D 日,B 學士,347,110
31,國立宜蘭大學,07141013,資訊工程學系,D 日,B 學士,202,110
31,國立宜蘭大學,07151017,機械與機電工程學系,D 日,B 學士,378,110
31,國立宜蘭大學,07151019,生物機電工程學系,D 日,B 學士,206,110
31,國立宜蘭大學,07211033,食品科學系,D 日,B 學士,378,110
31,國立宜蘭大學,07211033,食品科學系,P 進,B 學士,0,110
31,國立宜蘭大學,07321021,土木工程學系,D 日,B 學士,417,110
31,國立宜蘭大學,08112030,生物技術與動物科學系,D 日,B 學士,392,110
31,國立宜蘭大學,08121031,園藝學系,D 日,B 學士,230,110
31,國立宜蘭大學,08193040,智慧休閒農業進修學士學位學程,P 進,B 學士,97,110
31,國立宜蘭大學,08199037,生物資源學院原住民專班,D 日,B 學士,57,110
31,國立宜蘭大學,08211036,森林暨自然資源學系,D 日,B 學士,205,110
31,國立宜蘭大學,10152038,休閒產業與健康促進學系,D 日,B 學士,193,110
31,國立宜蘭大學,10152038,休閒產業與健康促進學系,P 進,B 學士,119,110
32,國立聯合大學,02122005,文化創意與數位行銷學系,D 日,B 學士,179,110
32,國立聯合大學,02122005,文化創意與數位行銷學系,P 進,B 學士,143,110
32,國立聯合大學,02123006,工業設計學系,D 日,B 學士,155,110
32,國立聯合大學,02123006,工業設計學系,P 進,B 學士,49,110
32,國立聯合大學,02123044,原住民學士學位學程專班,D 日,B 學士,42,110
32,國立聯合大學,02321001,臺灣語文與傳播學系,D 日,B 學士,166,110
32,國立聯合大學,02323002,華語文學系,D 日,B 學士,186,110
32,國立聯合大學,04121014,財務金融學系,D 日,B 學士,198,110
32,國立聯合大學,04121014,財務金融學系,P 進,B 學士,52,110
32,國立聯合大學,04131011,經營管理學系,D 日,B 學士,563,110
32,國立聯合大學,04131011,經營管理學系,P 進,B 學士,191,110
32,國立聯合大學,06131016,資訊管理學系,D 日,B 學士,344,110
32,國立聯合大學,06131020,資訊工程學系,D 日,B 學士,193,110
32,國立聯合大學,06131020,資訊工程學系,P 進,B 學士,146,110
32,國立聯合大學,07111028,化學工程學系,D 日,B 學士,339,110
32,國立聯合大學,07111028,化學工程學系,P 進,B 學士,84,110
32,國立聯合大學,07112029,材料科學工程學系,D 日,B 學士,179,110
32,國立聯合大學,07121034,環境與安全衛生工程學系,D 日,B 學士,381,110
32,國立聯合大學,07132035,能源工程學系,D 日,B 學士,141,110
32,國立聯合大學,07141017,電機工程學系,D 日,B 學士,710,110
32,國立聯合大學,07141018,電子工程學系,D 日,B 學士,713,110
32,國立聯合大學,07141019,光電工程學系,D 日,B 學士,342,110
32,國立聯合大學,07151025,機械工程學系,D 日,B 學士,701,110
32,國立聯合大學,07151025,機械工程學系,P 進,B 學士,141,110
32,國立聯合大學,07311040,建築學系,D 日,B 學士,197,110
32,國立聯合大學,07311040,建築學系室內設計進修學士班,P 進,B 學士,12,110
32,國立聯合大學,07321027,土木與防災工程學系,D 日,B 學士,201,110
32,國立聯合大學,07321027,土木與防災工程學系,P 進,B 學士,133,110
32,國立聯合大學,10151042,文化觀光產業學系,D 日,B 學士,174,110
32,國立聯合大學,10151042,文化觀光產業學系,P 進,B 學士,132,110
35,國立臺南藝術大學,02141020,材質創作與設計系,D 日,B 學士,213,110
35,國立臺南藝術大學,02151001,音樂學系,D 日,B 學士,75,110
35,國立臺南藝術大學,02151002,中國音樂學系,D 日,B 學士,100,110
35,國立臺南藝術大學,02151003,應用音樂學系,D 日,B 學士,237,110
35,國立臺南藝術大學,02191014,藝術史學系,D 日,B 學士,161,110
36,國立臺南大學,01111001,教育學系,D 日,B 學士,359,110
36,國立臺南大學,01113019,特殊教育學系,D 日,B 學士,183,110
36,國立臺南大學,01121018,幼兒教育學系,D 日,B 學士,172,110
36,國立臺南大學,01141017,體育學系,D 日,B 學士,202,110
36,國立臺南大學,02111030,視覺藝術與設計學系,D 日,B 學士,185,110
36,國立臺南大學,02151027,音樂學系,D 日,B 學士,180,110
36,國立臺南大學,02151027,音樂學系,P 進,B 學士,37,110
36,國立臺南大學,02152029,戲劇創作與應用學系,D 日,B 學士,153,110
36,國立臺南大學,02311032,英語學系,D 日,B 學士,189,110
36,國立臺南大學,02311032,英語學系,P 進,B 學士,40,110
36,國立臺南大學,02322031,國語文學系,D 日,B 學士,309,110
36,國立臺南大學,03131036,諮商與輔導學系,D 日,B 學士,186,110
36,國立臺南大學,03143037,文化與自然資源學系,D 日,B 學士,157,110
36,國立臺南大學,04131041,經營與管理學系,D 日,B 學士,157,110
36,國立臺南大學,04134040,行政管理學系,D 日,B 學士,177,110
36,國立臺南大學,05121044,生物科技學系,D 日,B 學士,163,110
36,國立臺南大學,05212063,生態暨環境資源學系,D 日,B 學士,139,110
36,國立臺南大學,05411047,應用數學系,D 日,B 學士,160,110
36,國立臺南大學,06131052,資訊工程學系,D 日,B 學士,178,110
36,國立臺南大學,06134024,數位學習科技學系,D 日,B 學士,188,110
36,國立臺南大學,07112055,材料科學系,D 日,B 學士,164,110
36,國立臺南大學,07132058,綠色能源科技學系,D 日,B 學士,165,110
36,國立臺南大學,07132058,綠色能源科技學系,P 進,B 學士,104,110
36,國立臺南大學,07141049,電機工程學系,D 日,B 學士,189,110
37,國立臺北教育大學,01113003,特殊教育學系,D 日,B 學士,187,110
37,國立臺北教育大學,01114044,教育經營與管理學系,D 日,B 學士,170,110
37,國立臺北教育大學,01121035,幼兒與家庭教育學系,D 日,B 學士,195,110
37,國立臺北教育大學,01131001,教育學系,D 日,B 學士,200,110
37,國立臺北教育大學,01131038,數學暨資訊教育學系人工智慧與資訊教育組,D 日,B 學士,228,110
37,國立臺北教育大學,01141002,體育學系,D 日,B 學士,231,110
37,國立臺北教育大學,02121014,藝術與造形設計學系,D 日,B 學士,336,110
37,國立臺北教育大學,02121028,文化創意產業經營學系,D 日,B 學士,185,110
37,國立臺北教育大學,02122011,數位科技設計學系,D 日,B 學士,166,110
37,國立臺北教育大學,02151031,音樂學系,D 日,B 學士,169,110
37,國立臺北教育大學,02311023,兒童英語教育學系,D 日,B 學士,160,110
37,國立臺北教育大學,02322018,語文與創作學系,D 日,B 學士,337,110
37,國立臺北教育大學,03131007,心理與諮商學系,D 日,B 學士,190,110
37,國立臺北教育大學,03143005,社會與區域發展學系,D 日,B 學士,202,110
37,國立臺北教育大學,05399040,自然科學教育學系,D 日,B 學士,200,110
37,國立臺北教育大學,06131004,資訊科學系,D 日,B 學士,162,110
39,國立臺中教育大學,01111001,教育學系,D 日,B 學士,182,110
39,國立臺中教育大學,01113022,特殊教育學系,D 日,B 學士,193,110
39,國立臺中教育大學,01121021,幼兒教育學系,D 日,B 學士,197,110
39,國立臺中教育大學,01131006,語文教育學系,D 日,B 學士,188,110
39,國立臺中教育大學,01131008,科學教育與應用學系,D 日,B 學士,173,110
39,國立臺中教育大學,01131011,數學教育學系,D 日,B 學士,185,110
39,國立臺中教育大學,01131019,體育學系,D 日,B 學士,204,110
39,國立臺中教育大學,02122034,文化創意產業設計與營運學系,D 日,B 學士,175,110
39,國立臺中教育大學,02131029,美術學系,D 日,B 學士,181,110
39,國立臺中教育大學,02151030,音樂學系,D 日,B 學士,156,110
39,國立臺中教育大學,02311032,英語學系,D 日,B 學士,208,110
39,國立臺中教育大學,02321031,臺灣語文學系,D 日,B 學士,181,110
39,國立臺中教育大學,03131035,諮商與應用心理學系,D 日,B 學士,181,110
39,國立臺中教育大學,03191037,區域與社會發展學系,D 日,B 學士,188,110
39,國立臺中教育大學,04131039,國際企業學系,D 日,B 學士,255,110
39,國立臺中教育大學,06131042,資訊工程學系,D 日,B 學士,202,110
39,國立臺中教育大學,06133041,數位內容科技學系,D 日,B 學士,185,110
44,國立體育大學,10141005,球類運動技術學系,D 日,B 學士,260,110
44,國立體育大學,10141006,陸上運動技術學系,D 日,B 學士,213,110
44,國立體育大學,10141007,技擊運動技術學系,D 日,B 學士,233,110
44,國立體育大學,10141022,競技運動原住民專班,D 日,B 學士,80,110
44,國立體育大學,10152014,運動保健學系,D 日,B 學士,240,110
44,國立體育大學,10152015,休閒產業經營學系,D 日,B 學士,236,110
44,國立體育大學,10152016,體育推廣學系,D 日,B 學士,353,110
44,國立體育大學,10152017,適應體育學系,D 日,B 學士,207,110
48,國立金門大學,02311002,應用英語學系,D 日,B 學士,248,110
48,國立金門大學,02322001,華語文學系,D 日,B 學士,143,110
48,國立金門大學,03121006,國際暨大陸事務學系,D 日,B 學士,141,110
48,國立金門大學,03121006,國際暨大陸事務學系,P 進,B 學士,119,110
48,國立金門大學,04131009,企業管理學系,D 日,B 學士,319,110
48,國立金門大學,04131009,企業管理學系,P 進,B 學士,290,110
48,國立金門大學,04212013,海洋與邊境管理學系,D 日,B 學士,142,110
48,國立金門大學,06131019,資訊工程學系,D 日,B 學士,188,110
48,國立金門大學,07141017,電子工程學系,D 日,B 學士,291,110
48,國立金門大學,07191025,工業工程與管理學系,D 日,B 學士,146,110
48,國立金門大學,07211029,食品科學系,D 日,B 學士,163,110
48,國立金門大學,07311026,建築學系,D 日,B 學士,177,110
48,國立金門大學,07313028,都市計畫與景觀學系,D 日,B 學士,130,110
48,國立金門大學,07321021,土木與工程管理學系,D 日,B 學士,149,110
48,國立金門大學,09131031,護理學系,D 日,B 學士,156,110
48,國立金門大學,09191032,長期照護學系,D 日,B 學士,142,110
48,國立金門大學,09231033,社會工作學系,D 日,B 學士,180,110
48,國立金門大學,09231033,社會工作學系,P 進,B 學士,140,110
48,國立金門大學,10151034,觀光管理學系,D 日,B 學士,202,110
48,國立金門大學,10151034,觀光管理學系,P 進,B 學士,168,110
48,國立金門大學,10152036,運動與休閒學系,D 日,B 學士,157,110
48,國立金門大學,10152036,運動與休閒學系,P 進,B 學士,112,110
49,國立臺灣體育運動大學,01141001,體育學系,D 日,B 學士,407,110
49,國立臺灣體育運動大學,01141001,體育學系,P 進,B 學士,388,110
49,國立臺灣體育運動大學,02112012,運動資訊與傳播學系,D 日,B 學士,191,110
49,國立臺灣體育運動大學,02152002,舞蹈學系,D 日,B 學士,192,110
49,國立臺灣體育運動大學,04199010,運動事業管理學系,D 日,B 學士,214,110
49,國立臺灣體育運動大學,10141003,競技運動學系,D 日,B 學士,228,110
49,國立臺灣體育運動大學,10141004,球類運動學系,D 日,B 學士,471,110
49,國立臺灣體育運動大學,10141005,技擊運動學系,D 日,B 學士,219,110
49,國立臺灣體育運動大學,10142006,運動健康科學學系,D 日,B 學士,202,110
49,國立臺灣體育運動大學,10152007,休閒運動學系,D 日,B 學士,222,110
52,國立屏東大學,01111001,教育學系,D 日,B 學士,327,110
52,國立屏東大學,01111003,教育心理與輔導學系,D 日,B 學士,181,110
52,國立屏東大學,01113017,特殊教育學系,D 日,B 學士,151,110
52,國立屏東大學,01121016,幼兒教育學系,D 日,B 學士,320,110
52,國立屏東大學,01121016,幼兒教育學系幼兒教育學士後學位學程教保員專班,P 進,B 學士,0,110
52,國立屏東大學,01141014,體育學系,D 日,B 學士,212,110
52,國立屏東大學,01199023,科普傳播學系,D 日,B 學士,0,110
52,國立屏東大學,02111025,視覺藝術學系,D 日,B 學士,185,110
52,國立屏東大學,02151024,音樂學系,D 日,B 學士,95,110
52,國立屏東大學,02299033,文化創意產業學系,D 日,B 學士,164,110
52,國立屏東大學,02299034,原住民族健康休閒與文化產業學士學位學程原住民專班,D 日,B 學士,0,110
52,國立屏東大學,02299075,文化發展學士學位學程原住民專班,D 日,B 學士,133,110
52,國立屏東大學,02311029,英語學系,D 日,B 學士,166,110
52,國立屏東大學,02311030,應用英語學系,D 日,B 學士,210,110
52,國立屏東大學,02311031,應用日語學系,D 日,B 學士,246,110
52,國立屏東大學,02322027,中國語文學系,D 日,B 學士,172,110
52,國立屏東大學,03141036,社會發展學系,D 日,B 學士,167,110
52,國立屏東大學,04111038,會計學系,D 日,B 學士,424,110
52,國立屏東大學,04121045,財務金融學系,D 日,B 學士,249,110
52,國立屏東大學,04121045,財務金融學系,P 進,B 學士,146,110
52,國立屏東大學,04131039,企業管理學系,D 日,B 學士,246,110
52,國立屏東大學,04131039,企業管理學系,P 進,B 學士,245,110
52,國立屏東大學,04131042,商業自動化與管理學系,D 日,B 學士,229,110
52,國立屏東大學,04132046,行銷與流通管理產學攜手專班,D 日,B 學士,311,110
52,國立屏東大學,04132046,行銷與流通管理學系,P 進,B 學士,161,110
52,國立屏東大學,04141044,國際貿易學系,D 日,B 學士,244,110
52,國立屏東大學,04141044,國際貿易學系,P 進,B 學士,119,110
52,國立屏東大學,04199047,不動產經營學系,D 日,B 學士,229,110
52,國立屏東大學,05311050,應用化學系,D 日,B 學士,191,110
52,國立屏東大學,05331053,應用物理系,D 日,B 學士,266,110
52,國立屏東大學,05411055,應用數學系,D 日,B 學士,149,110
52,國立屏東大學,06131057,資訊管理學系,D 日,B 學士,239,110
52,國立屏東大學,06131057,資訊管理學系,P 進,B 學士,152,110
52,國立屏東大學,06131061,資訊科學系,D 日,B 學士,196,110
52,國立屏東大學,06199059,電腦與智慧型機器人學士學位學程,D 日,B 學士,60,110
52,國立屏東大學,06199062,電腦與通訊學系,D 日,B 學士,219,110
52,國立屏東大學,07141060,資訊工程學系,D 日,B 學士,260,110
52,國立屏東大學,07141068,智慧機器人學系,D 日,B 學士,80,110
52,國立屏東大學,10151065,休閒事業經營學系,D 日,B 學士,198,110
52,國立屏東大學,99999071,科學傳播學系,D 日,B 學士,111,110
1001,東海大學,02123011,工業設計學系,D 日,B 學士,161,110
1001,東海大學,02131002,美術學系,D 日,B 學士,207,110
1001,東海大學,02131002,美術學系,P 進,B 學士,144,110
1001,東海大學,02151003,音樂學系,D 日,B 學士,179,110
1001,東海大學,02221009,歷史學系,D 日,B 學士,248,110
1001,東海大學,02231010,哲學系,D 日,B 學士,217,110
1001,東海大學,02311005,外國語文學系,D 日,B 學士,434,110
1001,東海大學,02311007,日本語言文化學系,D 日,B 學士,428,110
1001,東海大學,02322004,中國文學系,D 日,B 學士,419,110
1001,東海大學,03111012,經濟學系,D 日,B 學士,549,110
1001,東海大學,03111012,經濟學系,P 進,B 學士,1,110
1001,東海大學,03121013,政治學系,D 日,B 學士,445,110
1001,東海大學,03141014,社會學系,D 日,B 學士,421,110
1001,東海大學,04111018,會計學系,D 日,B 學士,492,110
1001,東海大學,04121024,財務金融學系,D 日,B 學士,498,110
1001,東海大學,04131019,企業管理學系,D 日,B 學士,686,110
1001,東海大學,04131021,國際學院國際經營管理學位學程,D 日,B 學士,268,110
1001,東海大學,04134016,行政管理暨政策學系,D 日,B 學士,321,110
1001,東海大學,04141023,國際經營與貿易學系,D 日,B 學士,691,110
1001,東海大學,04211027,法律學系,D 日,B 學士,519,110
1001,東海大學,04211027,法律學系,P 進,B 學士,141,110
1001,東海大學,05111028,生命科學系,D 日,B 學士,338,110
1001,東海大學,05211056,永續科學與工程學士學位學程,D 日,B 學士,98,110
1001,東海大學,05311030,化學系,D 日,B 學士,365,110
1001,東海大學,05331032,應用物理學系,D 日,B 學士,211,110
1001,東海大學,05411034,應用數學系,D 日,B 學士,181,110
1001,東海大學,05421035,統計學系,D 日,B 學士,406,110
1001,東海大學,06131039,資訊工程學系,D 日,B 學士,581,110
1001,東海大學,06131039,資訊工程學系,P 進,B 學士,29,110
1001,東海大學,06134036,資訊管理學系,D 日,B 學士,275,110
1001,東海大學,07111042,化學工程與材料工程學系,D 日,B 學士,391,110
1001,東海大學,07121045,環境科學與工程學系,D 日,B 學士,324,110
1001,東海大學,07141037,電機工程學系,D 日,B 學士,342,110
1001,東海大學,07191044,工業工程與經營資訊學系,D 日,B 學士,410,110
1001,東海大學,07211052,食品科學系,D 日,B 學士,382,110
1001,東海大學,07311048,建築學系,D 日,B 學士,177,110
1001,東海大學,07312049,景觀學系,D 日,B 學士,218,110
1001,東海大學,08112051,畜產與生物科技學系,D 日,B 學士,402,110
1001,東海大學,09199063,高齡健康與運動科學學士學位學程,D 日,B 學士,74,110
1001,東海大學,09231053,社會工作學系,D 日,B 學士,492,110
1001,東海大學,10131054,餐旅管理學系,D 日,B 學士,289,110
1001,東海大學,10152055,運動休閒與健康管理學位學程,P 進,B 學士,89,110
1001,東海大學,99999064,國際學院不分系英語學士班,D 日,B 學士,8,110
1002,輔仁大學,01114046,教育領導與科技發展學士學位學程,D 日,B 學士,129,110
1002,輔仁大學,02122078,應用美術學系,D 日,B 學士,266,110
1002,輔仁大學,02122078,應用美術學系,P 進,B 學士,234,110
1002,輔仁大學,02122087,藝術與文化創意學士學位學程,P 進,B 學士,218,110
1002,輔仁大學,02124095,室內設計進修學士學位學程,P 進,B 學士,82,110
1002,輔仁大學,02125082,織品服裝學系,D 日,B 學士,999,110
1002,輔仁大學,02151034,音樂學系,D 日,B 學士,176,110
1002,輔仁大學,02211006,天主教研修學士學位學程,D 日,B 學士,27,110
1002,輔仁大學,02211019,宗教學系,D 日,B 學士,233,110
1002,輔仁大學,02211019,宗教學系,P 進,B 學士,39,110
1002,輔仁大學,02221074,歷史學系,D 日,B 學士,467,110
1002,輔仁大學,02221074,歷史學系,P 進,B 學士,111,110
1002,輔仁大學,02231037,哲學系,D 日,B 學士,467,110
1002,輔仁大學,02231037,哲學系,P 進,B 學士,37,110
1002,輔仁大學,02299093,人文社會服務進修學士學位學程,P 進,B 學士,134,110
1002,輔仁大學,02311009,日本語文學系,D 日,B 學士,493,110
1002,輔仁大學,02311009,日本語文學系,P 進,B 學士,389,110
1002,輔仁大學,02311016,西班牙語文學系,D 日,B 學士,271,110
1002,輔仁大學,02311021,法國語文學系,D 日,B 學士,276,110
1002,輔仁大學,02311033,英國語文學系,D 日,B 學士,274,110
1002,輔仁大學,02311033,英國語文學系,P 進,B 學士,329,110
1002,輔仁大學,02311057,義大利語文學系,D 日,B 學士,258,110
1002,輔仁大學,02311072,德語語文學系,D 日,B 學士,260,110
1002,輔仁大學,02322003,中國文學系,D 日,B 學士,492,110
1002,輔仁大學,02322003,中國文學系,P 進,B 學士,124,110
1002,輔仁大學,03111055,經濟學系,D 日,B 學士,473,110
1002,輔仁大學,03111055,經濟學系,P 進,B 學士,187,110
1002,輔仁大學,03131007,心理學系,D 日,B 學士,273,110
1002,輔仁大學,03131081,臨床心理學系,D 日,B 學士,264,110
1002,輔仁大學,03141023,社會學系,D 日,B 學士,244,110
1002,輔仁大學,03211001,大眾傳播學士學位學程,P 進,B 學士,454,110
1002,輔仁大學,03212053,新聞傳播學系,D 日,B 學士,251,110
1002,輔仁大學,03213070,影像傳播學系,D 日,B 學士,282,110
1002,輔仁大學,03222065,圖書資訊學系,D 日,B 學士,225,110
1002,輔仁大學,03222065,圖書資訊學系,P 進,B 學士,89,110
1002,輔仁大學,04111054,會計學系,D 日,B 學士,477,110
1002,輔仁大學,04121027,金融與國際企業學系,D 日,B 學士,480,110
1002,輔仁大學,04131015,企業管理學系,D 日,B 學士,789,110
1002,輔仁大學,04131039,商業管理學士學位學程,P 進,B 學士,452,110
1002,輔仁大學,04143069,廣告傳播學系,D 日,B 學士,274,110
1002,輔仁大學,04211020,法律學系,D 日,B 學士,630,110
1002,輔仁大學,04211020,法律學系,P 進,B 學士,232,110
1002,輔仁大學,04211038,財經法律學系,D 日,B 學士,253,110
1002,輔仁大學,05111011,生命科學系,D 日,B 學士,446,110
1002,輔仁大學,05191080,營養科學系,D 日,B 學士,256,110
1002,輔仁大學,05311005,化學系,D 日,B 學士,489,110
1002,輔仁大學,05331022,物理學系,D 日,B 學士,400,110
1002,輔仁大學,05411073,數學系,D 日,B 學士,457,110
1002,輔仁大學,05421049,統計資訊學系,D 日,B 學士,462,110
1002,輔仁大學,06131058,資訊工程學系,D 日,B 學士,533,110
1002,輔仁大學,06131059,資訊管理學系,D 日,B 學士,462,110
1002,輔仁大學,06131098,人工智慧與資訊安全學士學位學程,D 日,B 學士,16,110
1002,輔仁大學,06132050,軟體工程與數位創意學士學位學程,P 進,B 學士,189,110
1002,輔仁大學,06132097,醫學資訊與健康科技進修學士學位學程,P 進,B 學士,55,110
1002,輔仁大學,06134096,資訊創新與數位生活進修學士學位學程,P 進,B 學士,62,110
1002,輔仁大學,06199086,醫學資訊與創新應用學士學位學程,D 日,B 學士,158,110
1002,輔仁大學,07141064,電機工程學系,D 日,B 學士,479,110
1002,輔仁大學,07211035,食品科學系,D 日,B 學士,242,110
1002,輔仁大學,07312052,景觀設計學系,D 日,B 學士,254,110
1002,輔仁大學,09121085,醫學系,D 日,B 學士,328,110
1002,輔仁大學,09131088,護理學系,D 日,B 學士,403,110
1002,輔仁大學,09152084,職能治療學系,D 日,B 學士,241,110
1002,輔仁大學,09191004,公共衛生學系,D 日,B 學士,228,110
1002,輔仁大學,09199018,呼吸治療學系,D 日,B 學士,152,110
1002,輔仁大學,09211094,長期照護與健康管理進修學士學位學程,P 進,B 學士,160,110
1002,輔仁大學,09221017,兒童與家庭學系,D 日,B 學士,249,110
1002,輔仁大學,09231024,社會工作學系,D 日,B 學士,277,110
1002,輔仁大學,10131075,餐旅管理學系,D 日,B 學士,466,110
1002,輔仁大學,10131075,餐旅管理學系,P 進,B 學士,229,110
1002,輔仁大學,10141089,體育學系,D 日,B 學士,750,110
1002,輔仁大學,10152062,運動休閒管理學士學位學程,P 進,B 學士,257,110
1003,東吳大學,02151001,音樂學系,D 日,B 學士,253,110
1003,東吳大學,02221006,歷史學系,D 日,B 學士,244,110
1003,東吳大學,02231007,哲學系,D 日,B 學士,235,110
1003,東吳大學,02311004,英文學系,D 日,B 學士,714,110
1003,東吳大學,02311004,英文學系,P 進,B 學士,153,110
1003,東吳大學,02311005,日本語文學系,D 日,B 學士,845,110
1003,東吳大學,02311005,日本語文學系,P 進,B 學士,472,110
1003,東吳大學,02311012,德國文化學系,D 日,B 學士,256,110
1003,東吳大學,02322002,中國文學系,D 日,B 學士,693,110
1003,東吳大學,02322002,中國文學系,P 進,B 學士,112,110
1003,東吳大學,03111008,經濟學系,D 日,B 學士,749,110
1003,東吳大學,03121009,政治學系,D 日,B 學士,464,110
1003,東吳大學,03131011,心理學系,D 日,B 學士,284,110
1003,東吳大學,03141010,社會學系,D 日,B 學士,484,110
1003,東吳大學,04111015,會計學系,D 日,B 學士,974,110
1003,東吳大學,04121027,財務工程與精算數學系,D 日,B 學士,714,110
1003,東吳大學,04131016,企業管理學系,D 日,B 學士,924,110
1003,東吳大學,04141019,國際經營與貿易學系,D 日,B 學士,533,110
1003,東吳大學,04191014,商學進修學士班,P 進,B 學士,217,110
1003,東吳大學,04199031,巨量資料管理學院學士學位學程,D 日,B 學士,285,110
1003,東吳大學,04199032,巨量資料分析學士後多元專長培力課程專班,D 日,B 學士,1,110
1003,東吳大學,04211021,法律學系,D 日,B 學士,1218,110
1003,東吳大學,05122022,微生物學系,D 日,B 學士,218,110
1003,東吳大學,05311023,化學系,D 日,B 學士,211,110
1003,東吳大學,05331024,物理學系,D 日,B 學士,218,110
1003,東吳大學,05411025,數學系,D 日,B 學士,201,110
1003,東吳大學,06131028,資訊管理學系,D 日,B 學士,507,110
1003,東吳大學,06134033,資料科學系,D 日,B 學士,88,110
1003,東吳大學,09231030,社會工作學系,D 日,B 學士,538,110
1004,中原大學,01113002,特殊教育學系,D 日,B 學士,210,110
1004,中原大學,02112008,商業設計學系,D 日,B 學士,377,110
1004,中原大學,02122048,設計學院設計學士原住民專班,D 日,B 學士,54,110
1004,中原大學,02122055,設計學院社會設計學士學位學程,D 日,B 學士,1,110
1004,中原大學,02124009,室內設計學系,D 日,B 學士,362,110
1004,中原大學,02299053,人文與教育學院學士學位學程,D 日,B 學士,48,110
1004,中原大學,02311005,應用外國語文學系,D 日,B 學士,420,110
1004,中原大學,02323004,應用華語文學系,D 日,B 學士,491,110
1004,中原大學,03131011,心理學系,D 日,B 學士,583,110
1004,中原大學,04111013,會計學系,D 日,B 學士,672,110
1004,中原大學,04121019,財務金融學系,D 日,B 學士,473,110
1004,中原大學,04131014,企業管理學系,D 日,B 學士,883,110
1004,中原大學,04141018,國際經營與貿易學系,D 日,B 學士,513,110
1004,中原大學,04191017,國際商學學士學位學程,D 日,B 學士,60,110
1004,中原大學,04191057,中原大學與美國天普大學商學管理雙學士學位學程,D 日,B 學士,52,110
1004,中原大學,04199020,商學院學士學位學程,D 日,B 學士,1,110
1004,中原大學,04212021,財經法律學系,D 日,B 學士,534,110
1004,中原大學,05121022,生物科技學系,D 日,B 學士,405,110
1004,中原大學,05311023,化學系,D 日,B 學士,447,110
1004,中原大學,05331024,物理學系,D 日,B 學士,429,110
1004,中原大學,05399052,理學院學士學位學程,D 日,B 學士,1,110
1004,中原大學,05411027,應用數學系,D 日,B 學士,427,110
1004,中原大學,06121060,中原大學美國威大密爾瓦基分校電機與資訊工程雙學士學位學程,D 日,B 學士,18,110
1004,中原大學,06131028,資訊管理學系,D 日,B 學士,472,110
1004,中原大學,07111037,化學工程學系,D 日,B 學士,699,110
1004,中原大學,07121042,環境工程學系,D 日,B 學士,222,110
1004,中原大學,07141029,電機工程學系,D 日,B 學士,483,110
1004,中原大學,07141030,電子工程學系,D 日,B 學士,629,110
1004,中原大學,07141031,資訊工程學系,D 日,B 學士,518,110
1004,中原大學,07141033,電機資訊學院人工智慧應用學士學位學程,D 日,B 學士,202,110
1004,中原大學,07151034,機械工程學系,D 日,B 學士,688,110
1004,中原大學,07191041,工業與系統工程學系,D 日,B 學士,651,110
1004,中原大學,07193043,生物醫學工程學系,D 日,B 學士,422,110
1004,中原大學,07311046,建築學系,D 日,B 學士,312,110
1004,中原大學,07312047,景觀學系,D 日,B 學士,0,110
1004,中原大學,07312059,地景建築學系,D 日,B 學士,233,110
1004,中原大學,07321035,土木工程學系,D 日,B 學士,636,110
1004,中原大學,99999061,全校外籍生大一不分系學士學位學程,D 日,B 學士,30,110
1005,淡江大學,01116092,教育科技學系,D 日,B 學士,469,110
1005,淡江大學,01199108,教育與未來設計學系,D 日,B 學士,44,110
1005,淡江大學,02221078,歷史學系,D 日,B 學士,511,110
1005,淡江大學,02311079,英美語言文化學系全英語學士班,D 日,B 學士,0,110
1005,淡江大學,02311081,俄國語文學系,D 日,B 學士,243,110
1005,淡江大學,02311082,日本語文學系,D 日,B 學士,977,110
1005,淡江大學,02311082,日本語文學系,P 進,B 學士,198,110
1005,淡江大學,02311084,西班牙語文學系,D 日,B 學士,551,110
1005,淡江大學,02311085,德國語文學系,D 日,B 學士,283,110
1005,淡江大學,02311086,法國語文學系,D 日,B 學士,523,110
1005,淡江大學,02311088,英文學系全英語學士班,D 日,B 學士,909,110
1005,淡江大學,02311088,英文學系,P 進,B 學士,137,110
1005,淡江大學,02322090,中國文學學系,D 日,B 學士,567,110
1005,淡江大學,02322090,中國文學學系,P 進,B 學士,14,110
1005,淡江大學,03111075,產業經濟學系,D 日,B 學士,445,110
1005,淡江大學,03111076,經濟學系,D 日,B 學士,691,110
1005,淡江大學,03121074,全球政治經濟學系全英語學士班,D 日,B 學士,157,110
1005,淡江大學,03122059,外交與國際關係學系全英語學士班,D 日,B 學士,268,110
1005,淡江大學,03211055,大眾傳播學系,D 日,B 學士,281,110
1005,淡江大學,03214054,資訊傳播學系,D 日,B 學士,443,110
1005,淡江大學,03222052,資訊與圖書館學系,D 日,B 學士,452,110
1005,淡江大學,04111051,會計學系,D 日,B 學士,747,110
1005,淡江大學,04111051,會計學系,P 進,B 學士,9,110
1005,淡江大學,04121035,商管學院全球財務管理全英語學士學位學程,D 日,B 學士,207,110
1005,淡江大學,04121037,財務金融學系全球財務管理全英語學士班,D 日,B 學士,694,110
1005,淡江大學,04121037,財務金融學系,P 進,B 學士,156,110
1005,淡江大學,04123104,風險管理與保險學系,D 日,B 學士,431,110
1005,淡江大學,04131040,國際企業學系,D 日,B 學士,799,110
1005,淡江大學,04131040,國際企業學系,P 進,B 學士,113,110
1005,淡江大學,04131047,管理科學學系,D 日,B 學士,465,110
1005,淡江大學,04131049,企業管理學系,D 日,B 學士,645,110
1005,淡江大學,04131049,企業管理學系,P 進,B 學士,200,110
1005,淡江大學,04134061,公共行政學系,D 日,B 學士,470,110
1005,淡江大學,04134061,公共行政學系,P 進,B 學士,90,110
1005,淡江大學,05311031,化學學系,D 日,B 學士,427,110
1005,淡江大學,05331030,物理學系,D 日,B 學士,349,110
1005,淡江大學,05399029,理學院尖端材料科學學士學位學程,D 日,B 學士,167,110
1005,淡江大學,05411026,數學學系,D 日,B 學士,408,110
1005,淡江大學,05421024,統計學系,D 日,B 學士,694,110
1005,淡江大學,05421024,統計學系,P 進,B 學士,0,110
1005,淡江大學,06131018,資訊工程學系全英語學士班,D 日,B 學士,1061,110
1005,淡江大學,06131018,資訊工程學系,P 進,B 學士,144,110
1005,淡江大學,06131023,資訊管理學系,D 日,B 學士,738,110
1005,淡江大學,06131107,人工智慧學系,D 日,B 學士,55,110
1005,淡江大學,06132022,資訊創新與科技學系,D 日,B 學士,0,110
1005,淡江大學,07111010,化學工程與材料工程學系,D 日,B 學士,498,110
1005,淡江大學,07122009,水資源及環境工程學系,D 日,B 學士,490,110
1005,淡江大學,07141019,電機工程學系,D 日,B 學士,809,110
1005,淡江大學,07141019,電機工程學系,P 進,B 學士,85,110
1005,淡江大學,07151015,機械與機電工程學系,D 日,B 學士,513,110
1005,淡江大學,07162017,航空太空工程學系,D 日,B 學士,523,110
1005,淡江大學,07311007,建築學系,D 日,B 學士,343,110
1005,淡江大學,07321012,土木工程學系,D 日,B 學士,554,110
1005,淡江大學,10151005,國際觀光管理學系全英語學士班,D 日,B 學士,357,110
1005,淡江大學,10411002,運輸管理學系,D 日,B 學士,505,110
1006,中國文化大學,01111046,教育學系,D 日,B 學士,243,110
1006,中國文化大學,01141023,體育學系,D 日,B 學士,475,110
1006,中國文化大學,02112060,數位媒體學士學位學程,P 進,B 學士,136,110
1006,中國文化大學,02131059,美術學系,D 日,B 學士,260,110
1006,中國文化大學,02151007,中國音樂學系,D 日,B 學士,149,110
1006,中國文化大學,02151040,音樂學系,D 日,B 學士,201,110
1006,中國文化大學,02152008,中國戲劇學系,D 日,B 學士,202,110
1006,中國文化大學,02152009,舞蹈學系,D 日,B 學士,136,110
1006,中國文化大學,02152043,戲劇學系,D 日,B 學士,278,110
1006,中國文化大學,02221098,史學系,D 日,B 學士,224,110
1006,中國文化大學,02231081,哲學系,D 日,B 學士,185,110
1006,中國文化大學,02311010,韓國語文學系,D 日,B 學士,395,110
1006,中國文化大學,02311047,俄國語文學系,D 日,B 學士,164,110
1006,中國文化大學,02311052,英國語文學系,D 日,B 學士,456,110
1006,中國文化大學,02311077,日本語文學系,D 日,B 學士,558,110
1006,中國文化大學,02311079,德國語文學系,D 日,B 學士,69,110
1006,中國文化大學,02311089,法國語文學系,D 日,B 學士,222,110
1006,中國文化大學,02322001,中國文學系,D 日,B 學士,646,110
1006,中國文化大學,03111099,經濟學系,D 日,B 學士,416,110
1006,中國文化大學,03121061,政治學系,D 日,B 學士,228,110
1006,中國文化大學,03131004,心理輔導學系,D 日,B 學士,261,110
1006,中國文化大學,03142088,地理學系,D 日,B 學士,215,110
1006,中國文化大學,03199051,勞動暨人力資源學系,D 日,B 學士,421,110
1006,中國文化大學,03211036,大眾傳播學系,D 日,B 學士,597,110
1006,中國文化大學,03212033,新聞學系,D 日,B 學士,509,110
1006,中國文化大學,03214101,資訊傳播學系,D 日,B 學士,493,110
1006,中國文化大學,04111065,會計學系,D 日,B 學士,444,110
1006,中國文化大學,04121037,財務金融學系,D 日,B 學士,707,110
1006,中國文化大學,04121037,財務金融學系,P 進,B 學士,126,110
1006,中國文化大學,04131015,國際企業管理學系,D 日,B 學士,697,110
1006,中國文化大學,04131015,國際企業管理學系,P 進,B 學士,77,110
1006,中國文化大學,04134012,行政管理學系,D 日,B 學士,442,110
1006,中國文化大學,04141041,國際貿易學系,D 日,B 學士,668,110
1006,中國文化大學,04141041,國際貿易學系,P 進,B 學士,34,110
1006,中國文化大學,04143013,廣告學系,D 日,B 學士,516,110
1006,中國文化大學,04143013,廣告學系,P 進,B 學士,146,110
1006,中國文化大學,04143027,行銷學士學位學程,D 日,B 學士,42,110
1006,中國文化大學,04191014,全球商務學士學位學程,D 日,B 學士,250,110
1006,中國文化大學,04199064,時尚與創意產業品牌建構及經營進修學士學位學程,P 進,B 學士,253,110
1006,中國文化大學,04212020,法律學系,D 日,B 學士,1270,110
1006,中國文化大學,05111091,生命科學系,D 日,B 學士,199,110
1006,中國文化大學,05191057,保健營養學系,D 日,B 學士,227,110
1006,中國文化大學,05311026,化學系,D 日,B 學士,193,110
1006,中國文化大學,05321083,土地資源學系,D 日,B 學士,207,110
1006,中國文化大學,05321112,地質學系,D 日,B 學士,151,110
1006,中國文化大學,05322097,大氣科學系,D 日,B 學士,171,110
1006,中國文化大學,05331115,光電物理學系,D 日,B 學士,162,110
1006,中國文化大學,05411114,應用數學系,D 日,B 學士,306,110
1006,中國文化大學,06131021,資訊工程學系,D 日,B 學士,465,110
1006,中國文化大學,06132006,資訊管理學系,D 日,B 學士,676,110
1006,中國文化大學,06132006,資訊管理學系,P 進,B 學士,60,110
1006,中國文化大學,07111028,化學工程與材料工程學系,D 日,B 學士,388,110
1006,中國文化大學,07141085,電機工程學系,D 日,B 學士,332,110
1006,中國文化大學,07151107,機械工程學系,D 日,B 學士,394,110
1006,中國文化大學,07192108,紡織工程學系,D 日,B 學士,185,110
1006,中國文化大學,07311068,建築及都市設計學系,D 日,B 學士,279,110
1006,中國文化大學,07312103,景觀學系,D 日,B 學士,215,110
1006,中國文化大學,07313118,都市計劃與開發管理學系,D 日,B 學士,199,110
1006,中國文化大學,08112116,動物科學系,D 日,B 學士,207,110
1006,中國文化大學,08121106,園藝暨生物技術學系,D 日,B 學士,206,110
1006,中國文化大學,08211054,森林暨自然保育學系,D 日,B 學士,225,110
1006,中國文化大學,09299082,社會福利學系,D 日,B 學士,492,110
1006,中國文化大學,10111090,生活應用科學系,D 日,B 學士,260,110
1006,中國文化大學,10141002,技擊運動暨國術學系,D 日,B 學士,218,110
1006,中國文化大學,10142093,運動與健康促進學系,D 日,B 學士,255,110
1006,中國文化大學,10151005,觀光事業學系,D 日,B 學士,552,110
1006,中國文化大學,10151070,休閒事業管理學士學位學程,P 進,B 學士,216,110
1006,中國文化大學,99999071,不分系招生,P 進,B 學士,390,110
1007,逢甲大學,02122006,創新設計學士學位學程,D 日,B 學士,18,110
1007,逢甲大學,02124007,室內設計進修學士班,P 進,B 學士,187,110
1007,逢甲大學,02299105,人文社會學士學位學程,D 日,B 學士,2,110
1007,逢甲大學,02311002,外國語文學系,D 日,B 學士,463,110
1007,逢甲大學,02322001,中國文學系,D 日,B 學士,238,110
1007,逢甲大學,03111009,經濟學系,D 日,B 學士,427,110
1007,逢甲大學,03111012,合作經濟暨社會事業經營學系,D 日,B 學士,235,110
1007,逢甲大學,04111017,會計學系,D 日,B 學士,773,110
1007,逢甲大學,04121025,財務金融學系,D 日,B 學士,733,110
1007,逢甲大學,04121028,財務工程與精算學士學位學程,D 日,B 學士,216,110
1007,逢甲大學,04122032,財稅學系,D 日,B 學士,479,110
1007,逢甲大學,04123029,風險管理與保險學系,D 日,B 學士,424,110
1007,逢甲大學,04131019,企業管理學系,D 日,B 學士,551,110
1007,逢甲大學,04131021,國際企業管理全英語學士學位學程,D 日,B 學士,64,110
1007,逢甲大學,04134086,土地管理學系,D 日,B 學士,436,110
1007,逢甲大學,04141024,國際經營與貿易學系,D 日,B 學士,964,110
1007,逢甲大學,04143033,行銷學系,D 日,B 學士,553,110
1007,逢甲大學,04191014,商學進修學士班,P 進,B 學士,466,110
1007,逢甲大學,04199035,澳洲墨爾本皇家理工大學商學與創新雙學士學位學程,D 日,B 學士,89,110
1007,逢甲大學,04199092,美國加州聖荷西州立大學商學大數據分析雙學士學位學程,D 日,B 學士,114,110
1007,逢甲大學,05411039,應用數學系,D 日,B 學士,398,110
1007,逢甲大學,05421040,統計學系,D 日,B 學士,418,110
1007,逢甲大學,06131048,美國加州舊金山州立大學資訊工程雙學士學位學程,D 日,B 學士,1094,110
1007,逢甲大學,06134115,人工智慧技術與應用學士學位學程,D 日,B 學士,46,110
1007,逢甲大學,07111068,化學工程學系,D 日,B 學士,479,110
1007,逢甲大學,07112069,材料科學與工程學系,D 日,B 學士,459,110
1007,逢甲大學,07121075,環境工程與科學學系,D 日,B 學士,422,110
1007,逢甲大學,07122077,水利工程與資源保育學系,D 日,B 學士,357,110
1007,逢甲大學,07141044,電機工程學系,D 日,B 學士,593,110
1007,逢甲大學,07141046,電子工程學系,D 日,B 學士,527,110
1007,逢甲大學,07141050,通訊工程學系,D 日,B 學士,490,110
1007,逢甲大學,07141052,自動控制工程學系,D 日,B 學士,518,110
1007,逢甲大學,07141056,資訊電機學院學士班,D 日,B 學士,121,110
1007,逢甲大學,07141095,美國普渡大學電機資訊雙學士學位學程,D 日,B 學士,71,110
1007,逢甲大學,07141101,光電科學與工程學系,D 日,B 學士,437,110
1007,逢甲大學,07141107,美國加州聖荷西州立大學工程雙學士學位學程,D 日,B 學士,52,110
1007,逢甲大學,07151061,機械與電腦輔助工程學系,D 日,B 學士,581,110
1007,逢甲大學,07151062,精密系統設計學士學位學程,D 日,B 學士,203,110
1007,逢甲大學,07162059,航太與系統工程學系,D 日,B 學士,500,110
1007,逢甲大學,07191072,工業工程與系統管理學系,D 日,B 學士,415,110
1007,逢甲大學,07192074,纖維與複合材料學系,D 日,B 學士,368,110
1007,逢甲大學,07311007,室內設計學士學位學程,D 日,B 學士,44,110
1007,逢甲大學,07311081,建築學士學位學程,D 日,B 學士,350,110
1007,逢甲大學,07311083,建築專業學院學士班,D 日,B 學士,236,110
1007,逢甲大學,07313087,都市計畫與空間資訊學系,D 日,B 學士,411,110
1007,逢甲大學,07321063,土木工程學系,D 日,B 學士,426,110
1007,逢甲大學,07321063,土木工程學系營建工程與管理進修學士班,P 進,B 學士,233,110
1007,逢甲大學,10411093,運輸與物流學系,D 日,B 學士,477,110
1007,逢甲大學,99999094,全校國際生大一不分系學士班,D 日,B 學士,34,110
1007,逢甲大學,99999108,國際雙學士學位學程,D 日,B 學士,15,110
1008,靜宜大學,02311004,英國語文學系,D 日,B 學士,501,110
1008,靜宜大學,02311005,西班牙語文學系,D 日,B 學士,419,110
1008,靜宜大學,02311006,日本語文學系,D 日,B 學士,606,110
1008,靜宜大學,02311007,寰宇外語教育學士學位學程,D 日,B 學士,144,110
1008,靜宜大學,02321002,台灣文學系,D 日,B 學士,221,110
1008,靜宜大學,02322003,中國文學系,D 日,B 學士,442,110
1008,靜宜大學,03211008,大眾傳播學系,D 日,B 學士,290,110
1008,靜宜大學,04111011,會計學系,D 日,B 學士,653,110
1008,靜宜大學,04121019,財務金融學系,D 日,B 學士,701,110
1008,靜宜大學,04131012,企業管理學系,D 日,B 學士,682,110
1008,靜宜大學,04131015,國際企業學系,D 日,B 學士,706,110
1008,靜宜大學,04191010,寰宇管理學士學位學程,D 日,B 學士,182,110
1008,靜宜大學,04211020,法律學士學位學程原住民專班,D 日,B 學士,564,110
1008,靜宜大學,05191031,食品營養學系,D 日,B 學士,443,110
1008,靜宜大學,05212021,生態人文學系,D 日,B 學士,207,110
1008,靜宜大學,05311023,應用化學系,D 日,B 學士,396,110
1008,靜宜大學,05499036,財務工程學系,D 日,B 學士,209,110
1008,靜宜大學,05499037,資料科學暨大數據分析與應用學系,D 日,B 學士,357,110
1008,靜宜大學,06131027,資訊管理學系,D 日,B 學士,503,110
1008,靜宜大學,06132009,資訊傳播工程學系,D 日,B 學士,528,110
1008,靜宜大學,07141030,資訊工程學系,D 日,B 學士,504,110
1008,靜宜大學,07141042,國際資訊學士學位學程,D 日,B 學士,12,110
1008,靜宜大學,09161035,化粧品科學系,D 日,B 學士,485,110
1008,靜宜大學,09231032,社會工作與兒童少年福利學系,D 日,B 學士,575,110
1008,靜宜大學,09231041,健康照顧社會工作學士學位學程原住民專班,D 日,B 學士,50,110
1008,靜宜大學,10151034,觀光事業學系,D 日,B 學士,755,110
1008,靜宜大學,99999045,國際生大一博雅教育學士學位學程,D 日,B 學士,3,110
1009,長庚大學,02122001,工業設計學系,D 日,B 學士,172,110
1009,長庚大學,04131005,工商管理學系,D 日,B 學士,192,110
1009,長庚大學,04133007,醫務管理學系,D 日,B 學士,192,110
1009,長庚大學,04133053,國際健康管理學士學位學程,D 日,B 學士,14,110
1009,長庚大學,05123012,生物醫學系,D 日,B 學士,366,110
1009,長庚大學,06131013,資訊管理學系,D 日,B 學士,391,110
1009,長庚大學,06131018,資訊工程學系,D 日,B 學士,241,110
1009,長庚大學,06132054,人工智慧學士學位學程,D 日,B 學士,47,110
1009,長庚大學,07111025,化工與材料工程學系,D 日,B 學士,218,110
1009,長庚大學,07141014,電機工程學系,D 日,B 學士,393,110
1009,長庚大學,07141016,電子工程學系,D 日,B 學士,374,110
1009,長庚大學,07151022,機械工程學系,D 日,B 學士,172,110
1009,長庚大學,09121028,醫學系,D 日,B 學士,677,110
1009,長庚大學,09131040,學士後護理學系,D 日,B 學士,526,110
1009,長庚大學,09141046,醫學生物技術暨檢驗學系,D 日,B 學士,244,110
1009,長庚大學,09141048,醫學影像暨放射科學系,D 日,B 學士,141,110
1009,長庚大學,09151037,物理治療學系,D 日,B 學士,186,110
1009,長庚大學,09152038,職能治療學系,D 日,B 學士,175,110
1009,長庚大學,09171031,中醫學系,D 日,B 學士,364,110
1009,長庚大學,09199042,呼吸治療學系,D 日,B 學士,151,110
1010,元智大學,02191001,藝術與設計學系,D 日,B 學士,173,110
1010,元智大學,02299049,人文社會學院英語學士班,D 日,B 學士,132,110
1010,元智大學,02311007,應用外語學系,D 日,B 學士,201,110
1010,元智大學,02322004,中國語文學系,D 日,B 學士,201,110
1010,元智大學,03141009,社會暨政策科學學系,D 日,B 學士,207,110
1010,元智大學,04199018,管理學院學士班,D 日,B 學士,1751,110
1010,元智大學,06131011,資訊管理學系,D 日,B 學士,498,110
1010,元智大學,06131028,資訊工程學系,D 日,B 學士,652,110
1010,元智大學,06131051,資訊學院英語學士班,D 日,B 學士,126,110
1010,元智大學,06133013,資訊傳播學系,D 日,B 學士,486,110
1010,元智大學,07111041,化學工程與材料科學學系,D 日,B 學士,456,110
1010,元智大學,07141032,電機通訊學院英語學士班,D 日,B 學士,161,110
1010,元智大學,07141033,電機工程學系,D 日,B 學士,1167,110
1010,元智大學,07151037,機械工程學系,D 日,B 學士,423,110
1010,元智大學,07191043,工業工程與管理學系,D 日,B 學士,424,110
1010,元智大學,07194050,工程學院英語學士班,D 日,B 學士,107,110
1011,中華大學,02123004,工業產品設計學系,D 日,B 學士,38,110
1011,中華大學,02124005,建築與設計學院,P 進,B 學士,54,110
1011,中華大學,02311001,外國語文學系,D 日,B 學士,15,110
1011,中華大學,02311002,應用日語學系,D 日,B 學士,315,110
1011,中華大學,02311057,人文社會學院進修學士班,P 進,B 學士,23,110
1011,中華大學,04121012,財務管理學系,D 日,B 學士,222,110
1011,中華大學,04131007,企業管理學系,D 日,B 學士,291,110
1011,中華大學,04131009,國際企業學系,D 日,B 學士,36,110
1011,中華大學,04131017,管理學院,P 進,B 學士,58,110
1011,中華大學,04134006,行政管理學系,D 日,B 學士,158,110
1011,中華大學,04199016,營建管理學系,D 日,B 學士,4,110
1011,中華大學,05124018,生物資訊學系,D 日,B 學士,49,110
1011,中華大學,06121062,中華大學美國舊?山州?大學資訊管?與決策科學學士學位學程,D 日,B 學士,3,110
1011,中華大學,06131021,資訊管理學系,D 日,B 學士,345,110
1011,中華大學,06131021,資訊管理學系,P 進,B 學士,1,110
1011,中華大學,06131025,資訊工程學系,D 日,B 學士,437,110
1011,中華大學,06134059,應用外語暨智慧商務學士學位學程,D 日,B 學士,46,110
1011,中華大學,07141022,電機工程學系,D 日,B 學士,319,110
1011,中華大學,07141024,電子工程學系,D 日,B 學士,47,110
1011,中華大學,07151028,機械工程學系,D 日,B 學士,199,110
1011,中華大學,07191015,工業管理學系,D 日,B 學士,266,110
1011,中華大學,07194031,光機電與材料學士學位學程,D 日,B 學士,5,110
1011,中華大學,07199053,光電與材料工程學系,D 日,B 學士,229,110
1011,中華大學,07311038,建築與都市計畫學系,D 日,B 學士,274,110
1011,中華大學,07312039,景觀建築學系,D 日,B 學士,128,110
1011,中華大學,07321032,土木工程學系,D 日,B 學士,145,110
1011,中華大學,10131041,餐旅管理學系,D 日,B 學士,297,110
1011,中華大學,10131041,餐旅管理學系,P 進,B 學士,37,110
1011,中華大學,10151052,旅遊與休閒學系,D 日,B 學士,62,110
1011,中華大學,10151055,觀光與會展活動學系,D 日,B 學士,167,110
1011,中華大學,10151056,國際觀光與酒店管理雙學士學位學程,D 日,B 學士,16,110
1012,大葉大學,02112011,視覺傳達設計學系,D 日,B 學士,295,110
1012,大葉大學,02112011,視覺傳達設計學系,P 進,B 學士,8,110
1012,大葉大學,02112037,多媒體數位內容學士學位學程,D 日,B 學士,428,110
1012,大葉大學,02121002,造形藝術學系,D 日,B 學士,229,110
1012,大葉大學,02121002,造形藝術學系,P 進,B 學士,8,110
1012,大葉大學,02123012,工業設計學系,D 日,B 學士,138,110
1012,大葉大學,02123013,綠色產品設計學士學位學程,D 日,B 學士,0,110
1012,大葉大學,02124014,空間設計學系,D 日,B 學士,321,110
1012,大葉大學,02124014,空間設計學系,P 進,B 學士,4,110
1012,大葉大學,02311004,英語學系,D 日,B 學士,128,110
1012,大葉大學,02311006,應用日語學系,D 日,B 學士,246,110
1012,大葉大學,02311006,應用日語學系,P 進,B 學士,27,110
1012,大葉大學,02311008,文創產業國際人才學士學位學程,D 日,B 學士,1,110
1012,大葉大學,02311016,歐洲文化與旅遊學士學位學程,D 日,B 學士,18,110
1012,大葉大學,03211018,傳播藝術學士學位學程,D 日,B 學士,143,110
1012,大葉大學,04111020,會計資訊學系,D 日,B 學士,128,110
1012,大葉大學,04111020,會計資訊學系,P 進,B 學士,8,110
1012,大葉大學,04121025,財務金融學系,D 日,B 學士,195,110
1012,大葉大學,04121025,財務金融學系,P 進,B 學士,22,110
1012,大葉大學,04131021,企業管理學系,D 日,B 學士,193,110
1012,大葉大學,04131021,企業管理學系,P 進,B 學士,35,110
1012,大葉大學,04131024,國際企業管理學系,D 日,B 學士,88,110
1012,大葉大學,04142028,人力資源暨公共關係學系,D 日,B 學士,24,110
1012,大葉大學,05121033,生物資源學系,D 日,B 學士,89,110
1012,大葉大學,05121080,生物醫學系,D 日,B 學士,167,110
1012,大葉大學,06131036,資訊管理學系,D 日,B 學士,132,110
1012,大葉大學,06131036,資訊管理學系,P 進,B 學士,21,110
1012,大葉大學,06131039,資訊工程學系,D 日,B 學士,142,110
1012,大葉大學,07112050,材料科學與工程學系,D 日,B 學士,42,110
1012,大葉大學,07121054,環境工程學系,D 日,B 學士,87,110
1012,大葉大學,07141038,電機工程學系,D 日,B 學士,169,110
1012,大葉大學,07141038,電機工程學系,P 進,B 學士,0,110
1012,大葉大學,07151046,機械與自動化工程學系,D 日,B 學士,263,110
1012,大葉大學,07151046,機械與自動化工程學系,P 進,B 學士,43,110
1012,大葉大學,07191053,工業工程與管理學系,D 日,B 學士,16,110
1012,大葉大學,07193055,醫療器材設計與材料學士學位學程,D 日,B 學士,0,110
1012,大葉大學,07193081,醫學工程學系,D 日,B 學士,85,110
1012,大葉大學,07211078,食品暨應用生物科技學系,D 日,B 學士,105,110
1012,大葉大學,09131065,護理學系,D 日,B 學士,534,110
1012,大葉大學,09141066,視光學系,D 日,B 學士,194,110
1012,大葉大學,09161064,藥用植物與保健學系,D 日,B 學士,117,110
1012,大葉大學,10131067,餐旅管理學系,D 日,B 學士,187,110
1012,大葉大學,10131067,餐旅管理學系,P 進,B 學士,80,110
1012,大葉大學,10142072,運動健康管理學系,D 日,B 學士,153,110
1012,大葉大學,10151069,觀光旅遊學系,D 日,B 學士,118,110
1012,大葉大學,10151069,觀光旅遊學系,P 進,B 學士,17,110
1012,大葉大學,10152070,休閒事業管理學系,D 日,B 學士,96,110
1012,大葉大學,10152070,休閒事業管理學系,P 進,B 學士,46,110
1012,大葉大學,10199074,烘焙暨飲料調製學士學位學程,D 日,B 學士,166,110
1012,大葉大學,10199074,烘焙暨飲料調製進修學士學位學程,P 進,B 學士,14,110
1012,大葉大學,10199075,婚禮企劃暨節慶管理學士學位學程,D 日,B 學士,45,110
1012,大葉大學,10199075,婚禮企劃暨節慶管理進修學士學位學程,P 進,B 學士,7,110
1012,大葉大學,10321076,消防安全學士學位學程,D 日,B 學士,156,110
1013,華梵大學,02112024,攝影與VR設計學系VR與互動媒體組,D 日,B 學士,93,110
1013,華梵大學,02122023,智慧生活設計學系空間設計組,D 日,B 學士,54,110
1013,華梵大學,02123008,工業設計學系,D 日,B 學士,30,110
1013,華梵大學,02131002,美術與文創學系,D 日,B 學士,197,110
1013,華梵大學,02131025,佛教藝術學系,D 日,B 學士,64,110
1013,華梵大學,02191020,藝術設計學院學士班,D 日,B 學士,22,110
1013,華梵大學,02211005,佛教學系,D 日,B 學士,2,110
1013,華梵大學,02231006,哲學系,D 日,B 學士,12,110
1013,華梵大學,02311004,外國語文學系,D 日,B 學士,19,110
1013,華梵大學,02322003,中國文學系,D 日,B 學士,16,110
1013,華梵大學,06131011,資訊管理學系,D 日,B 學士,12,110
1013,華梵大學,06132022,智慧生活科技學系大數據與管理組,D 日,B 學士,66,110
1013,華梵大學,07141012,電子工程學系,D 日,B 學士,18,110
1013,華梵大學,07151014,機電工程學系,D 日,B 學士,15,110
1013,華梵大學,07191015,工業工程與經營資訊學系,D 日,B 學士,10,110
1013,華梵大學,07311016,建築學系,D 日,B 學士,27,110
1013,華梵大學,07312019,景觀與環境設計學系,D 日,B 學士,11,110
1014,義守大學,02111001,電影與電視學系,D 日,B 學士,307,110
1014,義守大學,02112005,數位多媒體設計學系,D 日,B 學士,189,110
1014,義守大學,02122004,傳播與設計學院原住民專班,D 日,B 學士,62,110
1014,義守大學,02122068,國際傳媒與娛樂管理學系,D 日,B 學士,117,110
1014,義守大學,02123006,創意商品設計學系,D 日,B 學士,188,110
1014,義守大學,02311002,應用英語學系,D 日,B 學士,372,110
1014,義守大學,02311002,應用英語學系,P 進,B 學士,0,110
1014,義守大學,02311003,應用日語學系,D 日,B 學士,319,110
1014,義守大學,02311003,應用日語學系,P 進,B 學士,4,110
1014,義守大學,03211008,大眾傳播學系,D 日,B 學士,312,110
1014,義守大學,03211008,大眾傳播學系,P 進,B 學士,1,110
1014,義守大學,03214063,傳播產製英語學士學位學程,D 日,B 學士,17,110
1014,義守大學,04111009,會計學系,D 日,B 學士,255,110
1014,義守大學,04121017,國際財務金融學系,D 日,B 學士,101,110
1014,義守大學,04121066,財務金融管理學系,D 日,B 學士,429,110
1014,義守大學,04121066,財務金融管理學系,P 進,B 學士,26,110
1014,義守大學,04131010,企業管理學系,D 日,B 學士,368,110
1014,義守大學,04131010,企業管理學系,P 進,B 學士,243,110
1014,義守大學,04131013,國際企業經營學系,D 日,B 學士,156,110
1014,義守大學,04133018,醫務管理學系,D 日,B 學士,376,110
1014,義守大學,04134007,公共政策與管理學系,D 日,B 學士,192,110
1014,義守大學,04141015,國際商務學系,D 日,B 學士,347,110
1014,義守大學,04199019,工業管理學系,D 日,B 學士,188,110
1014,義守大學,04199019,工業管理學系,P 進,B 學士,76,110
1014,義守大學,04199035,管理學院進修學士班,P 進,B 學士,51,110
1014,義守大學,05121020,生物科技學系,D 日,B 學士,192,110
1014,義守大學,05191044,營養學系,D 日,B 學士,252,110
1014,義守大學,05499023,財務與計算數學系,D 日,B 學士,0,110
1014,義守大學,05499070,資料科學與大數據分析學系,D 日,B 學士,132,110
1014,義守大學,06131024,資訊管理學系,D 日,B 學士,354,110
1014,義守大學,06131024,資訊管理學系,P 進,B 學士,197,110
1014,義守大學,06131027,資訊工程學系,D 日,B 學士,452,110
1014,義守大學,06131027,資訊工程學系,P 進,B 學士,0,110
1014,義守大學,07111033,化學工程學系,D 日,B 學士,294,110
1014,義守大學,07112034,材料科學與工程學系,D 日,B 學士,304,110
1014,義守大學,07141025,電機工程學系,D 日,B 學士,582,110
1014,義守大學,07141025,電機工程學系,P 進,B 學士,79,110
1014,義守大學,07141026,電子工程學系,D 日,B 學士,257,110
1014,義守大學,07141028,通訊工程學系,D 日,B 學士,0,110
1014,義守大學,07141069,智慧網路科技學系,D 日,B 學士,135,110
1014,義守大學,07151030,機械與自動化工程學系,D 日,B 學士,298,110
1014,義守大學,07151030,機械與自動化工程學系,P 進,B 學士,3,110
1014,義守大學,07193037,生物醫學工程學系,D 日,B 學士,378,110
1014,義守大學,07194062,智慧化自動控制英語學士學位學程,D 日,B 學士,63,110
1014,義守大學,07321031,土木工程學系,D 日,B 學士,275,110
1014,義守大學,07321032,土木與生態工程學系,D 日,B 學士,0,110
1014,義守大學,09121011,學士後醫學系外國學生專班,D 日,B 學士,154,110
1014,義守大學,09121040,學士後中醫學系,D 日,B 學士,250,110
1014,義守大學,09131046,護理學系,D 日,B 學士,648,110
1014,義守大學,09141050,醫學影像暨放射科學系,D 日,B 學士,311,110
1014,義守大學,09141061,醫學檢驗技術學系,D 日,B 學士,269,110
1014,義守大學,09151042,物理治療學系,D 日,B 學士,305,110
1014,義守大學,09152043,職能治療學系,D 日,B 學士,310,110
1014,義守大學,09191041,健康管理學系,D 日,B 學士,195,110
1014,義守大學,09191041,健康管理學系,P 進,B 學士,3,110
1014,義守大學,09211047,醫學院長期照護原住民專班,D 日,B 學士,12,110
1014,義守大學,10131051,餐旅管理學系,D 日,B 學士,310,110
1014,義守大學,10131051,餐旅管理學系,P 進,B 學士,24,110
1014,義守大學,10131052,廚藝學系,D 日,B 學士,353,110
1014,義守大學,10131052,廚藝學系,P 進,B 學士,47,110
1014,義守大學,10151053,觀光學系,D 日,B 學士,257,110
1014,義守大學,10151053,觀光學系,P 進,B 學士,9,110
1014,義守大學,10151055,國際觀光餐旅學系,D 日,B 學士,160,110
1014,義守大學,10151057,休閒事業管理學系,D 日,B 學士,191,110
1014,義守大學,10151057,休閒事業管理學系,P 進,B 學士,80,110
1014,義守大學,10199058,娛樂事業管理學系,D 日,B 學士,0,110
1014,義守大學,10199059,觀光餐旅學院原住民專班,D 日,B 學士,73,110
1014,義守大學,10199059,觀光餐旅學院進修學士班,P 進,B 學士,34,110
1015,世新大學,02111018,廣播電視電影學系,D 日,B 學士,1080,110
1015,世新大學,02111045,影視進修學士學位學程,P 進,B 學士,44,110
1015,世新大學,02112004,數位多媒體設計學系動畫設計組,D 日,B 學士,512,110
1015,世新大學,02311002,英語學系,D 日,B 學士,0,110
1015,世新大學,02311003,日本語文學系,D 日,B 學士,438,110
1015,世新大學,02311044,英語暨傳播應用學系,D 日,B 學士,390,110
1015,世新大學,02322001,中國文學系,D 日,B 學士,181,110
1015,世新大學,03111005,經濟學系,D 日,B 學士,348,110
1015,世新大學,03141008,社會心理學系,D 日,B 學士,446,110
1015,世新大學,03211016,傳播匯流與創新管理學士學位學程,P 進,B 學士,37,110
1015,世新大學,03212017,新聞學系,D 日,B 學士,707,110
1015,世新大學,03214013,資訊傳播學系,D 日,B 學士,249,110
1015,世新大學,03214014,口語傳播暨社群媒體學系,D 日,B 學士,486,110
1015,世新大學,03214020,圖文傳播暨數位出版學系,D 日,B 學士,477,110
1015,世新大學,03214020,圖文傳播暨數位出版學系,P 進,B 學士,188,110
1015,世新大學,03214038,全媒體學士學位學程,P 進,B 學士,234,110
1015,世新大學,04121024,財務金融學系,D 日,B 學士,379,110
1015,世新大學,04131023,企業管理學系,D 日,B 學士,214,110
1015,世新大學,04131023,企業管理學系,P 進,B 學士,89,110
1015,世新大學,04134009,行政管理學系,D 日,B 學士,410,110
1015,世新大學,04143019,公共關係暨廣告學系,D 日,B 學士,736,110
1015,世新大學,04199025,傳播管理學系,D 日,B 學士,639,110
1015,世新大學,04211026,法律學系,D 日,B 學士,447,110
1015,世新大學,06131028,資訊管理學系智慧網路應用組,D 日,B 學士,746,110
1015,世新大學,10151029,觀光學系,D 日,B 學士,632,110
1016,銘傳大學,02112012,數位媒體設計學系,D 日,B 學士,624,110
1016,銘傳大學,02112072,商業設計學系,D 日,B 學士,509,110
1016,銘傳大學,02121090,動漫文創設計學士學位學程,D 日,B 學士,183,110
1016,銘傳大學,02123073,商品設計學系,D 日,B 學士,516,110
1016,銘傳大學,02125095,時尚與創新管理學士學位學程,D 日,B 學士,74,110
1016,銘傳大學,02311010,應用日語學系,D 日,B 學士,518,110
1016,銘傳大學,02311031,應用英語學系,D 日,B 學士,705,110
1016,銘傳大學,02322002,應用中國文學系,D 日,B 學士,446,110
1016,銘傳大學,02323042,華語文教學學系,D 日,B 學士,371,110
1016,銘傳大學,03122005,國際事務與外交學士學位學程,D 日,B 學士,190,110
1016,銘傳大學,03131054,諮商與工商心理學系,D 日,B 學士,302,110
1016,銘傳大學,03141088,犯罪防治學系,D 日,B 學士,442,110
1016,銘傳大學,03211063,新聞與大眾傳播學士學位學程,D 日,B 學士,174,110
1016,銘傳大學,03212046,新聞學系,D 日,B 學士,232,110
1016,銘傳大學,03213047,廣播電視學系,D 日,B 學士,416,110
1016,銘傳大學,03213064,新媒體暨傳播管理學系,D 日,B 學士,342,110
1016,銘傳大學,04111032,會計學系,D 日,B 學士,768,110
1016,銘傳大學,04121020,財務金融學系,D 日,B 學士,772,110
1016,銘傳大學,04121059,經濟與金融學系,D 日,B 學士,472,110
1016,銘傳大學,04123056,風險管理與保險學系,D 日,B 學士,548,110
1016,銘傳大學,04131017,國際企業與貿易學士學位學程,D 日,B 學士,553,110
1016,銘傳大學,04131036,企業管理學系,D 日,B 學士,857,110
1016,銘傳大學,04131061,國際企業學系,D 日,B 學士,814,110
1016,銘傳大學,04133022,醫療資訊與管理學系,D 日,B 學士,377,110
1016,銘傳大學,04134006,公共事務學系,D 日,B 學士,246,110
1016,銘傳大學,04141097,國際商務管理泰國境外學士學位學程,D 日,B 學士,4,110
1016,銘傳大學,04143015,廣告暨策略行銷學系,D 日,B 學士,326,110
1016,銘傳大學,04199027,時尚創意管理學士學位學程,D 日,B 學士,35,110
1016,銘傳大學,04199089,金融科技應用學士學位學程,D 日,B 學士,172,110
1016,銘傳大學,04211039,法律學系,D 日,B 學士,415,110
1016,銘傳大學,04212024,財金法律學系,D 日,B 學士,211,110
1016,銘傳大學,05121009,生物科技學系,D 日,B 學士,390,110
1016,銘傳大學,05421079,應用統計與資料科學學系,D 日,B 學士,356,110
1016,銘傳大學,06131029,資訊工程學系,D 日,B 學士,451,110
1016,銘傳大學,06131045,資訊管理學系,D 日,B 學士,643,110
1016,銘傳大學,06132078,資訊傳播工程學系,D 日,B 學士,406,110
1016,銘傳大學,06134050,電腦與通訊工程學系,D 日,B 學士,370,110
1016,銘傳大學,06134068,資訊科技應用學士學位學程,D 日,B 學士,43,110
1016,銘傳大學,06134096,資訊科技應用與管理學士學位學程,D 日,B 學士,52,110
1016,銘傳大學,07141025,電子工程學系,D 日,B 學士,347,110
1016,銘傳大學,07193043,生物醫學工程學系,D 日,B 學士,194,110
1016,銘傳大學,07311026,建築學系,D 日,B 學士,258,110
1016,銘傳大學,07313048,都市規劃與防災學系,D 日,B 學士,210,110
1016,銘傳大學,10131044,餐旅管理學系,D 日,B 學士,403,110
1016,銘傳大學,10151008,旅遊與觀光學士學位學程,D 日,B 學士,78,110
1016,銘傳大學,10151033,觀光事業學系,D 日,B 學士,295,110
1016,銘傳大學,10152076,休閒遊憩管理學系,D 日,B 學士,245,110
1017,實踐大學,02112012,媒體傳達設計學系,D 日,B 學士,388,110
1017,實踐大學,02112013,電腦動畫學士學位學程,D 日,B 學士,171,110
1017,實踐大學,02112039,資訊模擬與設計學系,D 日,B 學士,337,110
1017,實踐大學,02122009,時尚設計學系,D 日,B 學士,527,110
1017,實踐大學,02123014,工業產品設計學系,D 日,B 學士,262,110
1017,實踐大學,02125051,服裝設計學系,D 日,B 學士,549,110
1017,實踐大學,02125051,服裝設計學系,P 進,B 學士,420,110
1017,實踐大學,02125053,服飾設計與經營學系,D 日,B 學士,530,110
1017,實踐大學,02125053,服飾設計與經營學系,P 進,B 學士,68,110
1017,實踐大學,02151001,音樂學系,D 日,B 學士,178,110
1017,實踐大學,02311004,應用外語學系,D 日,B 學士,433,110
1017,實踐大學,02311004,應用外語學系,P 進,B 學士,178,110
1017,實踐大學,02311005,應用英語學系,D 日,B 學士,154,110
1017,實踐大學,02311006,應用日文學系,D 日,B 學士,406,110
1017,實踐大學,02322002,應用中文學系,D 日,B 學士,146,110
1017,實踐大學,04111019,會計學系,D 日,B 學士,435,110
1017,實踐大學,04111019,會計學系,P 進,B 學士,11,110
1017,實踐大學,04111020,會計暨稅務學系,D 日,B 學士,166,110
1017,實踐大學,04121029,財務金融學系,D 日,B 學士,448,110
1017,實踐大學,04121029,財務金融學系,P 進,B 學士,97,110
1017,實踐大學,04121032,金融管理學系,D 日,B 學士,224,110
1017,實踐大學,04123033,風險管理與保險學系,D 日,B 學士,408,110
1017,實踐大學,04123033,風險管理與保險學系,P 進,B 學士,6,110
1017,實踐大學,04131021,企業管理學系,D 日,B 學士,457,110
1017,實踐大學,04131021,企業管理學系企業管理組,P 進,B 學士,303,110
1017,實踐大學,04131022,國際企業管理學系,D 日,B 學士,212,110
1017,實踐大學,04131022,國際企業管理學系,P 進,B 學士,11,110
1017,實踐大學,04131023,國際企業英語學士學位學程,D 日,B 學士,212,110
1017,實踐大學,04141026,國際貿易學系,D 日,B 學士,155,110
1017,實踐大學,04141028,國際經營與貿易學系,D 日,B 學士,461,110
1017,實踐大學,04141028,國際經營與貿易學系,P 進,B 學士,80,110
1017,實踐大學,04143035,行銷管理學系,D 日,B 學士,200,110
1017,實踐大學,05191043,食品營養與保健生技學系,D 日,B 學士,452,110
1017,實踐大學,06131037,資訊科技與管理學系,D 日,B 學士,423,110
1017,實踐大學,06131038,資訊管理學系,D 日,B 學士,156,110
1017,實踐大學,06131040,資訊科技與通訊學系,D 日,B 學士,270,110
1017,實踐大學,07311041,建築設計學系,D 日,B 學士,230,110
1017,實踐大學,09221045,家庭研究與兒童發展學系,D 日,B 學士,224,110
1017,實踐大學,09221045,家庭研究與兒童發展學系,P 進,B 學士,139,110
1017,實踐大學,09231044,社會工作學系,D 日,B 學士,444,110
1017,實踐大學,09231044,社會工作學系,P 進,B 學士,147,110
1017,實踐大學,10131046,餐飲管理學系,D 日,B 學士,276,110
1017,實踐大學,10131046,餐飲管理學系,P 進,B 學士,195,110
1017,實踐大學,10131054,智慧服務管理英語學士學位學程,D 日,B 學士,65,110
1017,實踐大學,10151047,觀光管理學系,D 日,B 學士,395,110
1017,實踐大學,10151047,觀光管理學系,P 進,B 學士,27,110
1017,實踐大學,10152049,休閒產業管理學系,D 日,B 學士,188,110
1019,高雄醫學大學,03131002,心理學系,D 日,B 學士,220,110
1019,高雄醫學大學,04133003,醫務管理暨醫療資訊學系,D 日,B 學士,222,110
1019,高雄醫學大學,05111016,生物醫學暨環境生物學系,D 日,B 學士,163,110
1019,高雄醫學大學,05121005,生物科技學系,D 日,B 學士,150,110
1019,高雄醫學大學,05121051,生命科學院學士班,D 日,B 學士,17,110
1019,高雄醫學大學,05311017,醫藥暨應用化學系,D 日,B 學士,356,110
1019,高雄醫學大學,09111044,牙醫學系,D 日,B 學士,538,110
1019,高雄醫學大學,09111046,口腔衛生學系,D 日,B 學士,136,110
1019,高雄醫學大學,09121011,學士後醫學系,D 日,B 學士,1126,110
1019,高雄醫學大學,09131032,護理學系,D 日,B 學士,274,110
1019,高雄醫學大學,09141036,醫學檢驗生物技術學系,D 日,B 學士,143,110
1019,高雄醫學大學,09141037,醫學影像暨放射科學系,D 日,B 學士,140,110
1019,高雄醫學大學,09151028,物理治療學系,D 日,B 學士,176,110
1019,高雄醫學大學,09152029,職能治療學系,D 日,B 學士,181,110
1019,高雄醫學大學,09159030,運動醫學系,D 日,B 學士,220,110
1019,高雄醫學大學,09161024,藥學系,D 日,B 學士,421,110
1019,高雄醫學大學,09161027,香粧品學系,D 日,B 學士,230,110
1019,高雄醫學大學,09191021,公共衛生學系,D 日,B 學士,168,110
1019,高雄醫學大學,09199033,呼吸治療學系,D 日,B 學士,164,110
1019,高雄醫學大學,09231049,醫學社會學與社會工作學系,D 日,B 學士,202,110
1020,南華大學,01121001,幼兒教育學系,D 日,B 學士,179,110
1020,南華大學,02111059,視覺藝術與設計學系,D 日,B 學士,190,110
1020,南華大學,02122062,產品與室內設計學系,D 日,B 學士,201,110
1020,南華大學,02122062,產品與室內設計學系,P 進,B 學士,59,110
1020,南華大學,02151003,民族音樂學系,D 日,B 學士,109,110
1020,南華大學,02299011,生死學系,D 日,B 學士,597,110
1020,南華大學,02299011,生死學系,P 進,B 學士,118,110
1020,南華大學,02311008,外國語文學系,D 日,B 學士,162,110
1020,南華大學,02322009,文學系,D 日,B 學士,136,110
1020,南華大學,03122019,國際事務與企業學系,D 日,B 學士,141,110
1020,南華大學,03141017,應用社會學系,D 日,B 學士,252,110
1020,南華大學,03214026,傳播學系,D 日,B 學士,206,110
1020,南華大學,04121031,財務金融學系,D 日,B 學士,190,110
1020,南華大學,04131029,企業管理學系,D 日,B 學士,172,110
1020,南華大學,04141030,管理學院國際企業學士學位學程,D 日,B 學士,128,110
1020,南華大學,04199033,文化創意事業管理學系,D 日,B 學士,139,110
1020,南華大學,05121040,自然生物科技學系,D 日,B 學士,178,110
1020,南華大學,06121043,科技學院資訊科技進修學士班,P 進,B 學士,120,110
1020,南華大學,06131042,資訊管理學系,D 日,B 學士,180,110
1020,南華大學,07141044,資訊工程學系,D 日,B 學士,337,110
1020,南華大學,07311045,建築與景觀學系,D 日,B 學士,227,110
1020,南華大學,10141061,運動與健康促進學士學位學程,D 日,B 學士,154,110
1020,南華大學,10151048,旅遊管理學系,D 日,B 學士,321,110
1021,真理大學,02151001,音樂應用學系,D 日,B 學士,142,110
1021,真理大學,02211064,宗教文化與資訊管理學系,D 日,B 學士,99,110
1021,真理大學,02299013,人文與資訊學系,D 日,B 學士,120,110
1021,真理大學,02311006,英美語文學系,D 日,B 學士,242,110
1021,真理大學,02311009,應用日語學系,D 日,B 學士,343,110
1021,真理大學,02311009,應用日語學系,P 進,B 學士,5,110
1021,真理大學,02321002,台灣文學系,D 日,B 學士,136,110
1021,真理大學,03111014,經濟學系,D 日,B 學士,197,110
1021,真理大學,03214058,運動資訊傳播學系,D 日,B 學士,253,110
1021,真理大學,04111019,會計資訊學系,D 日,B 學士,202,110
1021,真理大學,04111066,理財與稅務規劃學系,D 日,B 學士,129,110
1021,真理大學,04121024,財務金融學系,D 日,B 學士,264,110
1021,真理大學,04131020,企業管理學系,D 日,B 學士,269,110
1021,真理大學,04131020,企業管理學系,P 進,B 學士,1,110
1021,真理大學,04141023,國際貿易學系,D 日,B 學士,0,110
1021,真理大學,04141067,國際企業與貿易學系,D 日,B 學士,256,110
1021,真理大學,04199029,工業管理與經營資訊學系,D 日,B 學士,169,110
1021,真理大學,04199057,運動管理學系,D 日,B 學士,317,110
1021,真理大學,04199062,航空事業學系,D 日,B 學士,169,110
1021,真理大學,04211031,法律學系,D 日,B 學士,412,110
1021,真理大學,04211031,法律學系,P 進,B 學士,4,110
1021,真理大學,05499065,統計資訊與精算學系,D 日,B 學士,136,110
1021,真理大學,06131041,資訊工程學系,D 日,B 學士,247,110
1021,真理大學,06134039,資訊管理學系,D 日,B 學士,249,110
1021,真理大學,10151044,觀光事業學系,D 日,B 學士,315,110
1021,真理大學,10151044,觀光事業學系,P 進,B 學士,1,110
1021,真理大學,10151045,觀光數位知識學系,D 日,B 學士,195,110
1022,大同大學,02112004,媒體設計學系,D 日,B 學士,361,110
1022,大同大學,02123005,工業設計學系,D 日,B 學士,370,110
1022,大同大學,02311001,應用外語學系,D 日,B 學士,202,110
1022,大同大學,04131007,事業經營學系,D 日,B 學士,426,110
1022,大同大學,06131006,資訊經營學系,D 日,B 學士,228,110
1022,大同大學,06131012,資訊工程學系,D 日,B 學士,466,110
1022,大同大學,07111021,化學工程與生物科技學系,D 日,B 學士,408,110
1022,大同大學,07112016,材料工程學系,D 日,B 學士,0,110
1022,大同大學,07141010,電機工程學系,D 日,B 學士,432,110
1022,大同大學,07151014,機械工程學系,D 日,B 學士,0,110
1022,大同大學,07151023,機械與材料工程學系,D 日,B 學士,589,110
1022,大同大學,07194022,工程學院學士班,D 日,B 學士,43,110
1027,慈濟大學,02311003,英美語文學系,D 日,B 學士,86,110
1027,慈濟大學,02322004,東方語文學系,D 日,B 學士,200,110
1027,慈濟大學,03131008,人類發展與心理學系,D 日,B 學士,151,110
1027,慈濟大學,03213036,國際數位媒體科技學士學位學程,D 日,B 學士,7,110
1027,慈濟大學,03214009,傳播學系,D 日,B 學士,208,110
1027,慈濟大學,04131035,國際服務產業管理學士學位學程,D 日,B 學士,36,110
1027,慈濟大學,05111010,生命科學系,D 日,B 學士,122,110
1027,慈濟大學,05121012,分子生物暨人類遺傳學系,D 日,B 學士,135,110
1027,慈濟大學,06133032,醫學資訊學系,D 日,B 學士,155,110
1027,慈濟大學,09121015,醫學系,D 日,B 學士,348,110
1027,慈濟大學,09121023,學士後中醫學系,D 日,B 學士,223,110
1027,慈濟大學,09131028,護理學系,D 日,B 學士,318,110
1027,慈濟大學,09141031,醫學檢驗生物技術學系,D 日,B 學士,194,110
1027,慈濟大學,09151027,物理治療學系,D 日,B 學士,183,110
1027,慈濟大學,09191024,公共衛生學系,D 日,B 學士,125,110
1027,慈濟大學,09221002,兒童發展與家庭教育學系,D 日,B 學士,163,110
1027,慈濟大學,09231034,社會工作學系,D 日,B 學士,190,110
1028,臺北醫學大學,04133002,醫務管理學系,D 日,B 學士,283,110
1028,臺北醫學大學,05191032,保健營養學系,D 日,B 學士,263,110
1028,臺北醫學大學,07193009,生物醫學工程學系,D 日,B 學士,127,110
1028,臺北醫學大學,07211012,食品安全學系,D 日,B 學士,146,110
1028,臺北醫學大學,09111044,牙醫學系,D 日,B 學士,569,110
1028,臺北醫學大學,09111045,牙體技術學系,D 日,B 學士,160,110
1028,臺北醫學大學,09111046,口腔衛生學系,D 日,B 學士,110,110
1028,臺北醫學大學,09121013,醫學系,D 日,B 學士,931,110
1028,臺北醫學大學,09131037,學士後護理學系,D 日,B 學士,360,110
1028,臺北醫學大學,09141041,醫學檢驗暨生物技術學系,D 日,B 學士,258,110
1028,臺北醫學大學,09161024,藥學系,D 日,B 學士,810,110
1028,臺北醫學大學,09191020,公共衛生學系,D 日,B 學士,168,110
1028,臺北醫學大學,09199035,呼吸治療學系,D 日,B 學士,179,110
1028,臺北醫學大學,09211049,高齡健康管理學系,D 日,B 學士,187,110
1029,中山醫學大學,02311003,應用外國語言學系,D 日,B 學士,182,110
1029,中山醫學大學,03131004,心理學系,D 日,B 學士,210,110
1029,中山醫學大學,04133006,醫療產業科技管理學系,D 日,B 學士,165,110
1029,中山醫學大學,05121012,生物醫學科學學系,D 日,B 學士,307,110
1029,中山醫學大學,05191026,營養學系,D 日,B 學士,368,110
1029,中山醫學大學,05399015,醫學應用化學系,D 日,B 學士,183,110
1029,中山醫學大學,06131033,醫學資訊學系,D 日,B 學士,177,110
1029,中山醫學大學,09111038,牙醫學系,D 日,B 學士,492,110
1029,中山醫學大學,09121018,醫學系,D 日,B 學士,828,110
1029,中山醫學大學,09131028,護理學系,D 日,B 學士,427,110
1029,中山醫學大學,09141030,醫學檢驗暨生物技術學系,D 日,B 學士,324,110
1029,中山醫學大學,09141031,醫學影像暨放射科學系,D 日,B 學士,305,110
1029,中山醫學大學,09141032,視光學系,D 日,B 學士,229,110
1029,中山醫學大學,09151022,物理治療學系,D 日,B 學士,232,110
1029,中山醫學大學,09152023,職能治療學系,D 日,B 學士,219,110
1029,中山醫學大學,09153024,語言治療與聽力學系,D 日,B 學士,416,110
1029,中山醫學大學,09191020,公共衛生學系,D 日,B 學士,263,110
1029,中山醫學大學,09231045,醫學社會暨社會工作學系,D 日,B 學士,381,110
1029,中山醫學大學,10131046,健康餐飲暨產業管理學系,D 日,B 學士,0,110
1029,中山醫學大學,10131049,健康產業科技管理學系,D 日,B 學士,154,110
1029,中山醫學大學,10221021,職業安全衛生學系,D 日,B 學士,193,110
1033,長榮大學,02111015,媒體設計科技學系,D 日,B 學士,0,110
1033,長榮大學,02111081,數位媒體設計學系,D 日,B 學士,150,110
1033,長榮大學,02112016,數位內容設計學系,D 日,B 學士,79,110
1033,長榮大學,02122014,創新互動設計學士學位學程,D 日,B 學士,1,110
1033,長榮大學,02122064,互動設計學系,D 日,B 學士,79,110
1033,長榮大學,02131001,美術學系,D 日,B 學士,147,110
1033,長榮大學,02131002,書畫藝術學系,D 日,B 學士,83,110
1033,長榮大學,02141004,台灣文化創意產業學士學位學程,D 日,B 學士,71,110
1033,長榮大學,02211011,神學系,D 日,B 學士,5,110
1033,長榮大學,02231012,應用哲學系,D 日,B 學士,74,110
1033,長榮大學,02299034,管理學院學士班原住民專班,D 日,B 學士,0,110
1033,長榮大學,02299066,東南亞文化與產業學士學位學程,D 日,B 學士,129,110
1033,長榮大學,02311005,應用日語學系,D 日,B 學士,415,110
1033,長榮大學,02311076,日語進修學士學位學程,P 進,B 學士,44,110
1033,長榮大學,02312007,翻譯學系,D 日,B 學士,255,110
1033,長榮大學,03131018,健康心理學系,D 日,B 學士,254,110
1033,長榮大學,03211021,大眾傳播學系,D 日,B 學士,386,110
1033,長榮大學,04111024,會計資訊學系,D 日,B 學士,203,110
1033,長榮大學,04121030,財務金融學系,D 日,B 學士,245,110
1033,長榮大學,04131025,企業管理學系,D 日,B 學士,223,110
1033,長榮大學,04131028,國際企業學系,D 日,B 學士,239,110
1033,長榮大學,04133031,醫務管理學系,D 日,B 學士,171,110
1033,長榮大學,04141029,國際會展管理學士學位學程,D 日,B 學士,29,110
1033,長榮大學,04191022,國際財務與商務管理學士學位學程,D 日,B 學士,16,110
1033,長榮大學,04199027,管理進修學士學位學程,P 進,B 學士,120,110
1033,長榮大學,04199032,科技管理學位學程,D 日,B 學士,0,110
1033,長榮大學,04199063,不動產財務金融學士學位學程,D 日,B 學士,21,110
1033,長榮大學,04199067,創新應用管理學系,D 日,B 學士,62,110
1033,長榮大學,05121035,生物科技學系,D 日,B 學士,145,110
1033,長榮大學,05191048,保健營養學系,D 日,B 學士,179,110
1033,長榮大學,05211065,永續發展國際學士學位學程,D 日,B 學士,64,110
1033,長榮大學,05211078,綠能與環境資源學系,D 日,B 學士,102,110
1033,長榮大學,06111077,資訊暨設計學院學士班,D 日,B 學士,175,110
1033,長榮大學,06131037,資訊管理學系,D 日,B 學士,99,110
1033,長榮大學,06131039,資訊工程學系,D 日,B 學士,183,110
1033,長榮大學,06134068,智慧生活應用學士學位學程,D 日,B 學士,11,110
1033,長榮大學,07141041,科技工程與管理學系,D 日,B 學士,36,110
1033,長榮大學,07162069,無人機應用學士學位學程,D 日,B 學士,57,110
1033,長榮大學,07211053,環境與食品安全檢驗學士學位學程,D 日,B 學士,160,110
1033,長榮大學,07313042,土地管理與開發學系,D 日,B 學士,139,110
1033,長榮大學,08193075,蘭花產業應用學士學位學程,D 日,B 學士,43,110
1033,長榮大學,09131049,護理學系,D 日,B 學士,387,110
1033,長榮大學,09199054,醫藥科學產業學士學位學程,D 日,B 學士,1,110
1033,長榮大學,09199071,醫藥科學產業學系,D 日,B 學士,122,110
1033,長榮大學,09231055,社會工作學系,D 日,B 學士,260,110
1033,長榮大學,09299070,醫學社會暨健康照護學士學位學程,D 日,B 學士,135,110
1033,長榮大學,09299074,醫藥照護產業進修學士學位學程,P 進,B 學士,1,110
1033,長榮大學,10141058,運動競技學系,D 日,B 學士,215,110
1033,長榮大學,10141058,運動競技學系,P 進,B 學士,79,110
1033,長榮大學,10151056,觀光與餐飲服務事業進修學士學位學程,P 進,B 學士,44,110
1033,長榮大學,10151057,觀光與餐飲管理學系,D 日,B 學士,322,110
1033,長榮大學,10221045,職業安全與衛生學系,D 日,B 學士,283,110
1033,長榮大學,10221079,職安消防進修學士學位學程,P 進,B 學士,24,110
1033,長榮大學,10321062,消防安全學士學位學程,D 日,B 學士,186,110
1033,長榮大學,10412061,航運管理學系,D 日,B 學士,465,110
1035,中國醫藥大學,04133029,醫務管理學系,D 日,B 學士,76,110
1035,中國醫藥大學,05121043,生物科技學系,D 日,B 學士,221,110
1035,中國醫藥大學,05191021,營養學系,D 日,B 學士,324,110
1035,中國醫藥大學,09111019,牙醫學系,D 日,B 學士,309,110
1035,中國醫藥大學,09111030,口腔衛生學系,D 日,B 學士,0,110
1035,中國醫藥大學,09121014,中醫學系,D 日,B 學士,1360,110
1035,中國醫藥大學,09121016,醫學系,D 日,B 學士,801,110
1035,中國醫藥大學,09131045,護理學系,D 日,B 學士,305,110
1035,中國醫藥大學,09141017,醫學檢驗生物技術學系,D 日,B 學士,195,110
1035,中國醫藥大學,09141032,生物醫學影像暨放射科學學系,D 日,B 學士,225,110
1035,中國醫藥大學,09151010,物理治療學系,D 日,B 學士,250,110
1035,中國醫藥大學,09159047,運動醫學系,D 日,B 學士,192,110
1035,中國醫藥大學,09161034,藥學系,D 日,B 學士,1194,110
1035,中國醫藥大學,09161039,中國藥學暨中藥資源學系,D 日,B 學士,139,110
1035,中國醫藥大學,09161042,藥用化妝品學系,D 日,B 學士,178,110
1035,中國醫藥大學,09191026,公共衛生學系,D 日,B 學士,211,110
1035,中國醫藥大學,09191056,公共衛生學院大一不分系,D 日,B 學士,150,110
1035,中國醫藥大學,10221038,職業安全與衛生學系,D 日,B 學士,124,110
1039,玄奘大學,02112013,視覺傳達設計學系,D 日,B 學士,139,110
1039,玄奘大學,02112013,視覺傳達設計學系,P 進,B 學士,3,110
1039,玄奘大學,02125012,時尚設計學系,D 日,B 學士,59,110
1039,玄奘大學,02152004,影劇藝術學系,D 日,B 學士,144,110
1039,玄奘大學,02199005,藝術與創意設計學系,D 日,B 學士,140,110
1039,玄奘大學,02199044,藝術設計學院學士班,D 日,B 學士,19,110
1039,玄奘大學,02211010,宗教與文化學系,D 日,B 學士,70,110
1039,玄奘大學,02311008,應用外語學系,D 日,B 學士,10,110
1039,玄奘大學,02311008,應用外語學系日語組,P 進,B 學士,0,110
1039,玄奘大學,02311043,應用日語學系,D 日,B 學士,109,110
1039,玄奘大學,03131016,應用心理學系,D 日,B 學士,266,110
1039,玄奘大學,03131016,應用心理學系,P 進,B 學士,1,110
1039,玄奘大學,03211018,大眾傳播學系,D 日,B 學士,179,110
1039,玄奘大學,03211018,大眾傳播學系,P 進,B 學士,4,110
1039,玄奘大學,03212021,廣播與電視新聞學系,D 日,B 學士,13,110
1039,玄奘大學,03299023,傳播學院原住民學士專班,D 日,B 學士,0,110
1039,玄奘大學,04131024,企業管理學系,D 日,B 學士,4,110
1039,玄奘大學,04131024,企業管理學系,P 進,B 學士,8,110
1039,玄奘大學,04211032,法律學系,D 日,B 學士,152,110
1039,玄奘大學,04211032,法律學系,P 進,B 學士,7,110
1039,玄奘大學,06134034,資訊管理學系,D 日,B 學士,18,110
1039,玄奘大學,09231036,社會工作學系,D 日,B 學士,151,110
1039,玄奘大學,10131040,餐旅管理學系,D 日,B 學士,157,110
1039,玄奘大學,10131040,餐旅管理學系,P 進,B 學士,6,110
1039,玄奘大學,10199042,生命禮儀學位學程,P 進,B 學士,1,110
1048,亞洲大學,01121001,幼兒教育學系,D 日,B 學士,375,110
1048,亞洲大學,02112006,視覺傳達設計學系,D 日,B 學士,422,110
1048,亞洲大學,02112007,數位媒體設計學系,D 日,B 學士,431,110
1048,亞洲大學,02122004,時尚設計學系,D 日,B 學士,343,110
1048,亞洲大學,02122005,創意設計學院不分系國際設計學士班,D 日,B 學士,27,110
1048,亞洲大學,02123011,創意商品設計學系,D 日,B 學士,393,110
1048,亞洲大學,02123011,創意商品設計學系,P 進,B 學士,91,110
1048,亞洲大學,02124012,室內設計學系,D 日,B 學士,258,110
1048,亞洲大學,02311002,外國語文學系,D 日,B 學士,277,110
1048,亞洲大學,03131013,心理學系,D 日,B 學士,487,110
1048,亞洲大學,03213014,資訊傳播學系,D 日,B 學士,373,110
1048,亞洲大學,04111015,會計與資訊學系,D 日,B 學士,268,110
1048,亞洲大學,04121019,財務金融學系,D 日,B 學士,411,110
1048,亞洲大學,04121020,國際財務金融管理學士學位學程,D 日,B 學士,21,110
1048,亞洲大學,04131017,經營管理學系,D 日,B 學士,507,110
1048,亞洲大學,04131017,經營管理學系,P 進,B 學士,124,110
1048,亞洲大學,04199026,管理學院進修學士學位學程,P 進,B 學士,168,110
1048,亞洲大學,04212027,財經法律學系,D 日,B 學士,367,110
1048,亞洲大學,05191053,食品營養與保健生技學系保健化妝品組,D 日,B 學士,397,110
1048,亞洲大學,05191053,食品營養與保健生技學系,P 進,B 學士,174,110
1048,亞洲大學,06134033,行動商務與多媒體應用學系,D 日,B 學士,342,110
1048,亞洲大學,06134037,資訊工程學系,D 日,B 學士,482,110
1048,亞洲大學,07193029,生物資訊與醫學工程學系,D 日,B 學士,160,110
1048,亞洲大學,08411045,學士後獸醫學系,D 日,B 學士,161,110
1048,亞洲大學,09131046,護理學系,D 日,B 學士,471,110
1048,亞洲大學,09131061,學士後護理學系,D 日,B 學士,81,110
1048,亞洲大學,09141047,視光學系,D 日,B 學士,373,110
1048,亞洲大學,09141060,醫學檢驗暨生物技術學系,D 日,B 學士,264,110
1048,亞洲大學,09151056,物理治療學系,D 日,B 學士,127,110
1048,亞洲大學,09152052,職能治療學系,D 日,B 學士,207,110
1048,亞洲大學,09153051,聽力暨語言治療學系,D 日,B 學士,206,110
1048,亞洲大學,09191021,健康產業管理學系,D 日,B 學士,378,110
1048,亞洲大學,09231048,社會工作學系,D 日,B 學士,415,110
1048,亞洲大學,09231048,社會工作學系,P 進,B 學士,166,110
1048,亞洲大學,10151049,休閒與遊憩管理學系,D 日,B 學士,419,110
1048,亞洲大學,10151049,休閒與遊憩管理學系,P 進,B 學士,1,110
1049,開南大學,02111001,創意產業與數位電影學士學位學程,D 日,B 學士,1,110
1049,開南大學,02111058,電影與創意媒體學系,D 日,B 學士,171,110
1049,開南大學,02122009,數位空間與商品設計學士學位學程,D 日,B 學士,5,110
1049,開南大學,02125044,形象與健康管理進修學士學位學程,P 進,B 學士,0,110
1049,開南大學,02125060,形象管理學士學位學程,D 日,B 學士,15,110
1049,開南大學,02125060,形象管理進修學士學位學程,P 進,B 學士,78,110
1049,開南大學,02311006,應用英語學系,D 日,B 學士,181,110
1049,開南大學,02311006,應用英語學系,P 進,B 學士,85,110
1049,開南大學,02311008,應用日語學系,D 日,B 學士,400,110
1049,開南大學,02311008,應用日語學系,P 進,B 學士,129,110
1049,開南大學,02323004,應用華語學系,D 日,B 學士,355,110
1049,開南大學,03213003,資訊傳播學系,D 日,B 學士,154,110
1049,開南大學,04111014,會計學系,D 日,B 學士,65,110
1049,開南大學,04111014,會計學系,P 進,B 學士,21,110
1049,開南大學,04121021,財務金融學系,D 日,B 學士,16,110
1049,開南大學,04131016,國際企業學系,D 日,B 學士,168,110
1049,開南大學,04131016,國際企業學系,P 進,B 學士,190,110
1049,開南大學,04131017,企業與創業管理學系,D 日,B 學士,153,110
1049,開南大學,04131017,企業與創業管理學系,P 進,B 學士,99,110
1049,開南大學,04131031,商學院國際榮譽學士學位學程,D 日,B 學士,21,110
1049,開南大學,04134012,公共事務管理學系,D 日,B 學士,15,110
1049,開南大學,04143024,行銷學系,D 日,B 學士,67,110
1049,開南大學,04199061,數位多媒體設計學系,D 日,B 學士,22,110
1049,開南大學,04199061,數位多媒體設計學系,P 進,B 學士,28,110
1049,開南大學,04211011,法律學系,D 日,B 學士,359,110
1049,開南大學,04211011,法律學系,P 進,B 學士,29,110
1049,開南大學,05191037,保健營養學系,D 日,B 學士,165,110
1049,開南大學,06121032,資訊管理學系,D 日,B 學士,177,110
1049,開南大學,06121032,資訊管理學系,P 進,B 學士,54,110
1049,開南大學,06131036,資訊學院進修學士班,P 進,B 學士,1,110
1049,開南大學,09191026,健康產業管理學系,D 日,B 學士,128,110
1049,開南大學,09199038,養生與健康行銷學系,D 日,B 學士,52,110
1049,開南大學,10131039,觀光與餐飲旅館學系,D 日,B 學士,331,110
1049,開南大學,10131039,觀光與餐飲旅館學系,P 進,B 學士,160,110
1049,開南大學,10152043,休閒事業管理學系,D 日,B 學士,132,110
1049,開南大學,10411059,交通運輸學系,D 日,B 學士,50,110
1049,開南大學,10411062,國際物流與運輸管理學系,D 日,B 學士,145,110
1049,開南大學,10411062,國際物流與運輸管理學系,P 進,B 學士,28,110
1049,開南大學,10413046,空運管理學系,D 日,B 學士,300,110
1049,開南大學,10413046,空運管理學系,P 進,B 學士,25,110
1050,佛光大學,02123018,產品與媒體設計學系,D 日,B 學士,246,110
1050,佛光大學,02211010,佛教學系,D 日,B 學士,82,110
1050,佛光大學,02221011,歷史學系,D 日,B 學士,101,110
1050,佛光大學,02299015,文化資產與創意學系,D 日,B 學士,113,110
1050,佛光大學,02311007,外國語文學系,D 日,B 學士,153,110
1050,佛光大學,02322006,中國文學與應用學系,D 日,B 學士,119,110
1050,佛光大學,03111020,應用經濟學系,D 日,B 學士,160,110
1050,佛光大學,03131024,心理學系,D 日,B 學士,195,110
1050,佛光大學,03141023,未來與樂活產業學系,D 日,B 學士,146,110
1050,佛光大學,03141035,社會學暨社會工作學系,D 日,B 學士,187,110
1050,佛光大學,03211028,傳播學系,D 日,B 學士,304,110
1050,佛光大學,04131030,管理學系,D 日,B 學士,179,110
1050,佛光大學,04134025,公共事務學系,D 日,B 學士,193,110
1050,佛光大學,06134032,資訊應用學系,D 日,B 學士,260,110
1050,佛光大學,10131036,健康與創意蔬食產業學系,D 日,B 學士,199,110
1058,明道大學,02111010,數位設計學系,D 日,B 學士,187,110
1058,明道大學,02112010,數位設計學系,P 進,B 學士,0,110
1058,明道大學,02125007,時尚造形學系,D 日,B 學士,31,110
1058,明道大學,02125007,時尚造形學系,P 進,B 學士,16,110
1058,明道大學,02299043,中華文化與傳播學系,D 日,B 學士,69,110
1058,明道大學,02311044,應用外語學系,D 日,B 學士,179,110
1058,明道大學,02311044,應用外語學系,P 進,B 學士,2,110
1058,明道大學,04131013,企業管理學系,D 日,B 學士,156,110
1058,明道大學,04131013,企業管理學系,P 進,B 學士,87,110
1058,明道大學,06111012,資訊傳播學系,D 日,B 學士,14,110
1058,明道大學,07112032,材料與能源工程學系,D 日,B 學士,63,110
1058,明道大學,07312035,景觀與環境設計學系,D 日,B 學士,76,110
1058,明道大學,07312035,景觀與環境設計學系,P 進,B 學士,4,110
1058,明道大學,08111037,精緻農業學系,D 日,B 學士,129,110
1058,明道大學,08111037,精緻農業學系,P 進,B 學士,104,110
1058,明道大學,08192038,應用科學院進修學士班,P 進,B 學士,32,110
1058,明道大學,10131039,餐旅管理學系,D 日,B 學士,290,110
1058,明道大學,10131039,餐旅管理學系,P 進,B 學士,131,110
1058,明道大學,10152040,休閒保健學系,D 日,B 學士,130,110
1058,明道大學,10152040,休閒保健學系,P 進,B 學士,80,110
1067,台灣首府大學,01121002,幼兒教育學系,D 日,B 學士,78,110
1067,台灣首府大學,04131009,企業管理學系,D 日,B 學士,54,110
1067,台灣首府大學,04131009,企業管理學系,P 進,B 學士,3,110
1067,台灣首府大學,04199016,休閒資訊管理學系,D 日,B 學士,13,110
1067,台灣首府大學,04199016,休閒資訊管理學系,P 進,B 學士,25,110
1067,台灣首府大學,06134021,資訊與多媒體設計學系,D 日,B 學士,38,110
1067,台灣首府大學,06134021,資訊與多媒體設計學系,P 進,B 學士,0,110
1067,台灣首府大學,10131030,餐旅管理學系,D 日,B 學士,106,110
1067,台灣首府大學,10131030,餐旅管理學系,P 進,B 學士,76,110
1067,台灣首府大學,10131032,烘焙管理學系,D 日,B 學士,138,110
1067,台灣首府大學,10131034,飯店管理學系,D 日,B 學士,65,110
1067,台灣首府大學,10151036,觀光事業管理學系,D 日,B 學士,81,110
1067,台灣首府大學,10151036,觀光事業管理學系,P 進,B 學士,47,110
1067,台灣首府大學,10152038,休閒管理學系,D 日,B 學士,17,110
1067,台灣首府大學,10152038,休閒管理學系,P 進,B 學士,17,110
1079,康寧大學,02311003,應用外語學系,D 日,B 學士,5,110
1079,康寧大學,02311003,應用外語學系,P 進,B 學士,0,110
1079,康寧大學,03211009,資訊傳播學系,D 日,B 學士,7,110
1079,康寧大學,04131011,企業管理學系,P 進,B 學士,2,110
1079,康寧大學,06131064,健康數位科技學系,D 日,B 學士,6,110
1079,康寧大學,09131043,健康照護管理學系,D 日,B 學士,3,110
1079,康寧大學,09131043,健康照護管理學系,P 進,B 學士,3,110
1079,康寧大學,09212062,長期照護學系,D 日,B 學士,104,110
1079,康寧大學,09221048,嬰幼兒保育學系,D 日,B 學士,110,110
1079,康寧大學,10121058,保健美容學系,D 日,B 學士,0,110
1079,康寧大學,10131050,餐飲管理學系,D 日,B 學士,0,110
1079,康寧大學,10131050,餐飲管理學系,P 進,B 學士,0,110
1079,康寧大學,10152055,休閒管理學系,D 日,B 學士,1,110
1079,康寧大學,10152055,休閒管理學系,P 進,B 學士,1,110
1125,中信金融管理學院,04121014,財務金融學系,D 日,B 學士,171,110
1125,中信金融管理學院,04131012,企業管理學系,D 日,B 學士,158,110
1125,中信金融管理學院,04199032,金融管理學院學士班,D 日,B 學士,154,110
1125,中信金融管理學院,04212022,財經法律學系,D 日,B 學士,164,110
1125,中信金融管理學院,06131033,人工智慧學系,D 日,B 學士,118,110
1195,馬偕醫學院,09121002,醫學系,D 日,B 學士,277,110
1195,馬偕醫學院,09131004,護理學系,D 日,B 學士,292,110
1195,馬偕醫學院,09153003,聽力暨語言治療學系,D 日,B 學士,158,110
1196,法鼓文理學院,02211002,佛教學系,D 日,B 學士,52,110
3002,臺北市立大學,01111001,教育學系,D 日,B 學士,257,110
3002,臺北市立大學,01113029,特殊教育學系,D 日,B 學士,171,110
3002,臺北市立大學,01116036,學習與媒材設計學系,D 日,B 學士,169,110
3002,臺北市立大學,01121027,幼兒教育學系,D 日,B 學士,332,110
3002,臺北市立大學,01131017,英語教學系,D 日,B 學士,144,110
3002,臺北市立大學,01141025,體育學系,D 日,B 學士,219,110
3002,臺北市立大學,02111040,視覺藝術學系,D 日,B 學士,193,110
3002,臺北市立大學,02151037,音樂學系,D 日,B 學士,212,110
3002,臺北市立大學,02152039,舞蹈學系,D 日,B 學士,172,110
3002,臺北市立大學,02221019,歷史與地理學系,D 日,B 學士,169,110
3002,臺北市立大學,02322043,中國語文學系,D 日,B 學士,228,110
3002,臺北市立大學,03131055,心理與諮商學系,D 日,B 學士,173,110
3002,臺北市立大學,04134056,社會暨公共事務學系,D 日,B 學士,151,110
3002,臺北市立大學,04199045,都會產業經營與行銷學系,D 日,B 學士,138,110
3002,臺北市立大學,05211023,地球環境暨生物資源學系,D 日,B 學士,131,110
3002,臺北市立大學,05399011,應用物理暨化學系,D 日,B 學士,131,110
3002,臺北市立大學,05411012,數學系,D 日,B 學士,170,110
3002,臺北市立大學,06131016,資訊科學系,D 日,B 學士,178,110
3002,臺北市立大學,07313058,城市發展學系,D 日,B 學士,121,110
3002,臺北市立大學,09191059,衛生福利學系,D 日,B 學士,124,110
3002,臺北市立大學,10141046,運動藝術學系,D 日,B 學士,176,110
3002,臺北市立大學,10141060,球類運動學系,D 日,B 學士,593,110
3002,臺北市立大學,10141062,陸上運動學系,D 日,B 學士,224,110
3002,臺北市立大學,10141063,水上運動學系,D 日,B 學士,112,110
3002,臺北市立大學,10141064,技擊運動學系,D 日,B 學士,203,110
3002,臺北市立大學,10142052,運動健康科學系,D 日,B 學士,223,110
3002,臺北市立大學,10152050,休閒運動管理學系,D 日,B 學士,231,110
1,國立政治大學,01111001,教育學系,D 日,B 學士,218,111
1,國立政治大學,02221020,歷史學系,D 日,B 學士,173,111
1,國立政治大學,02222031,民族學系,D 日,B 學士,180,111
1,國立政治大學,02231022,哲學系,D 日,B 學士,190,111
1,國立政治大學,02311009,英國語文學系,D 日,B 學士,272,111
1,國立政治大學,02311011,日本語文學系,D 日,B 學士,187,111
1,國立政治大學,02311012,阿拉伯語文學系,D 日,B 學士,164,111
1,國立政治大學,02311014,韓國語文學系,D 日,B 學士,144,111
1,國立政治大學,02311015,土耳其語文學系,D 日,B 學士,115,111
1,國立政治大學,02311016,歐洲語文學系,D 日,B 學士,274,111
1,國立政治大學,02311017,斯拉夫語文學系,D 日,B 學士,213,111
1,國立政治大學,02311087,東南亞語言與文化學士學位學程,D 日,B 學士,125,111
1,國立政治大學,02322008,中國文學系,D 日,B 學士,336,111
1,國立政治大學,03111024,經濟學系,D 日,B 學士,415,111
1,國立政治大學,03121026,政治學系,D 日,B 學士,215,111
1,國立政治大學,03122045,外交學系,D 日,B 學士,278,111
1,國立政治大學,03131032,心理學系,D 日,B 學士,212,111
1,國立政治大學,03141030,社會學系,D 日,B 學士,215,111
1,國立政治大學,03143043,地政學系,D 日,B 學士,490,111
1,國立政治大學,03211056,傳播學院大一大二不分系,D 日,B 學士,391,111
1,國立政治大學,03213052,廣播電視學系,D 日,B 學士,218,111
1,國立政治大學,03214051,新聞學系,D 日,B 學士,99,111
1,國立政治大學,04111059,會計學系,D 日,B 學士,392,111
1,國立政治大學,04121065,財務管理學系,D 日,B 學士,208,111
1,國立政治大學,04121068,金融學系,D 日,B 學士,255,111
1,國立政治大學,04122070,財政學系,D 日,B 學士,376,111
1,國立政治大學,04123069,風險管理與保險學系,D 日,B 學士,231,111
1,國立政治大學,04131060,企業管理學系,D 日,B 學士,451,111
1,國立政治大學,04131091,創新國際學院學士班,D 日,B 學士,115,111
1,國立政治大學,04134041,公共行政學系,D 日,B 學士,190,111
1,國立政治大學,04141067,國際經營與貿易學系,D 日,B 學士,397,111
1,國立政治大學,04143055,廣告學系,D 日,B 學士,251,111
1,國立政治大學,04211073,法律學系,D 日,B 學士,741,111
1,國立政治大學,05411078,應用數學系,D 日,B 學士,183,111
1,國立政治大學,05421079,統計學系,D 日,B 學士,234,111
1,國立政治大學,06131080,資訊管理學系,D 日,B 學士,348,111
1,國立政治大學,06131081,資訊科學系,D 日,B 學士,236,111
2,國立清華大學,01111084,教育與學習科技學系,D 日,B 學士,184,111
2,國立清華大學,01111112,竹師教育學院學士班,D 日,B 學士,135,111
2,國立清華大學,01113095,特殊教育學系,D 日,B 學士,158,111
2,國立清華大學,01121091,幼兒教育學系,D 日,B 學士,162,111
2,國立清華大學,01131105,英語教學系,D 日,B 學士,174,111
2,國立清華大學,01141127,運動科學系,D 日,B 學士,198,111
2,國立清華大學,02131098,藝術與設計學系,D 日,B 學士,317,111
2,國立清華大學,02151096,音樂學系,D 日,B 學士,150,111
2,國立清華大學,02191113,藝術學院學士班,D 日,B 學士,145,111
2,國立清華大學,02299010,人文社會學院學士班,D 日,B 學士,359,111
2,國立清華大學,02311002,外國語文學系,D 日,B 學士,188,111
2,國立清華大學,02322003,中國文學系,D 日,B 學士,211,111
2,國立清華大學,02322109,中國語文學系,D 日,B 學士,1,111
2,國立清華大學,03111011,經濟學系,D 日,B 學士,489,111
2,國立清華大學,03131077,教育心理與諮商學系,D 日,B 學士,186,111
2,國立清華大學,04121020,計量財務金融學系,D 日,B 學士,250,111
2,國立清華大學,04199023,科技管理學院學士班,D 日,B 學士,321,111
2,國立清華大學,05111106,應用科學系,D 日,B 學士,2,111
2,國立清華大學,05121025,生命科學系,D 日,B 學士,208,111
2,國立清華大學,05199032,生命科學院學士班,D 日,B 學士,138,111
2,國立清華大學,05211102,環境與文化資源學系,D 日,B 學士,7,111
2,國立清華大學,05311037,化學系,D 日,B 學士,265,111
2,國立清華大學,05331038,物理學系,D 日,B 學士,294,111
2,國立清華大學,05399042,理學院學士班,D 日,B 學士,158,111
2,國立清華大學,05411043,數學系,D 日,B 學士,267,111
2,國立清華大學,05411092,應用數學系,D 日,B 學士,0,111
2,國立清華大學,06131053,資訊工程學系,D 日,B 學士,590,111
2,國立清華大學,07111057,化學工程學系,D 日,B 學士,257,111
2,國立清華大學,07112058,材料科學工程學系,D 日,B 學士,464,111
2,國立清華大學,07112071,工學院學士班,D 日,B 學士,149,111
2,國立清華大學,07141049,電機工程學系,D 日,B 學士,486,111
2,國立清華大學,07141055,電機資訊學院學士班,D 日,B 學士,265,111
2,國立清華大學,07151056,動力機械工程學系,D 日,B 學士,460,111
2,國立清華大學,07191061,工業工程與工程管理學系,D 日,B 學士,285,111
2,國立清華大學,07193063,生醫工程與環境科學系,D 日,B 學士,171,111
2,國立清華大學,07194066,工程與系統科學系,D 日,B 學士,418,111
2,國立清華大學,07194069,原子科學院學士班,D 日,B 學士,98,111
2,國立清華大學,09121073,醫學科學系,D 日,B 學士,138,111
2,國立清華大學,09121140,學士後醫學系,D 日,B 學士,22,111
2,國立清華大學,99999075,清華學院學士班,D 日,B 學士,101,111
2,國立清華大學,99999120,清華學院國際學士班,D 日,B 學士,247,111
3,國立臺灣大學,02152003,戲劇學系,D 日,B 學士,169,111
3,國立臺灣大學,02221012,歷史學系,D 日,B 學士,245,111
3,國立臺灣大學,02222013,人類學系,D 日,B 學士,185,111
3,國立臺灣大學,02231014,哲學系,D 日,B 學士,192,111
3,國立臺灣大學,02311007,外國語文學系,D 日,B 學士,575,111
3,國立臺灣大學,02311009,日本語文學系,D 日,B 學士,255,111
3,國立臺灣大學,02322006,中國文學系,D 日,B 學士,296,111
3,國立臺灣大學,03111015,經濟學系,D 日,B 學士,617,111
3,國立臺灣大學,03121016,政治學系,D 日,B 學士,753,111
3,國立臺灣大學,03131019,心理學系,D 日,B 學士,311,111
3,國立臺灣大學,03141018,社會學系,D 日,B 學士,206,111
3,國立臺灣大學,03142021,地理環境資源學系,D 日,B 學士,153,111
3,國立臺灣大學,03222025,圖書資訊學系,D 日,B 學士,207,111
3,國立臺灣大學,04111027,會計學系,D 日,B 學士,558,111
3,國立臺灣大學,04121032,財務金融學系,D 日,B 學士,530,111
3,國立臺灣大學,04131029,工商管理學系,D 日,B 學士,459,111
3,國立臺灣大學,04131031,國際企業學系,D 日,B 學士,405,111
3,國立臺灣大學,04211035,法律學系,D 日,B 學士,827,111
3,國立臺灣大學,05111038,生命科學系,D 日,B 學士,235,111
3,國立臺灣大學,05111041,昆蟲學系,D 日,B 學士,114,111
3,國立臺灣大學,05121151,生化科技學系,D 日,B 學士,191,111
3,國立臺灣大學,05311051,化學系,D 日,B 學士,279,111
3,國立臺灣大學,05321052,地質科學系,D 日,B 學士,148,111
3,國立臺灣大學,05322056,大氣科學系,D 日,B 學士,148,111
3,國立臺灣大學,05331054,物理學系,D 日,B 學士,274,111
3,國立臺灣大學,05411059,數學系,D 日,B 學士,205,111
3,國立臺灣大學,06131062,資訊管理學系,D 日,B 學士,225,111
3,國立臺灣大學,06131067,資訊工程學系,D 日,B 學士,590,111
3,國立臺灣大學,07111076,化學工程學系,D 日,B 學士,449,111
3,國立臺灣大學,07112078,材料科學與工程學系,D 日,B 學士,203,111
3,國立臺灣大學,07141064,電機工程學系,D 日,B 學士,834,111
3,國立臺灣大學,07151069,機械工程學系,D 日,B 學士,612,111
3,國立臺灣大學,07151082,工程科學及海洋工程學系,D 日,B 學士,213,111
3,國立臺灣大學,07151161,生物機電工程學系,D 日,B 學士,184,111
3,國立臺灣大學,07193083,醫學工程學系,D 日,B 學士,89,111
3,國立臺灣大學,07321074,土木工程學系,D 日,B 學士,465,111
3,國立臺灣大學,07321075,生物環境系統工程學系,D 日,B 學士,201,111
3,國立臺灣大學,08111087,農藝學系,D 日,B 學士,137,111
3,國立臺灣大學,08112089,動物科學技術學系,D 日,B 學士,152,111
3,國立臺灣大學,08121091,園藝暨景觀學系,D 日,B 學士,201,111
3,國立臺灣大學,08191100,農業化學系,D 日,B 學士,176,111
3,國立臺灣大學,08193096,農業經濟學系,D 日,B 學士,194,111
3,國立臺灣大學,08193098,生物產業傳播暨發展學系,D 日,B 學士,280,111
3,國立臺灣大學,08194094,植物病理與微生物學系,D 日,B 學士,128,111
3,國立臺灣大學,08211102,森林環境暨資源學系,D 日,B 學士,264,111
3,國立臺灣大學,08411104,獸醫學系,D 日,B 學士,355,111
3,國立臺灣大學,09111137,牙醫學系,D 日,B 學士,221,111
3,國立臺灣大學,09121107,醫學系,D 日,B 學士,901,111
3,國立臺灣大學,09131134,護理學系,D 日,B 學士,252,111
3,國立臺灣大學,09141136,醫學檢驗暨生物技術學系,D 日,B 學士,153,111
3,國立臺灣大學,09151132,物理治療學系,D 日,B 學士,219,111
3,國立臺灣大學,09152133,職能治療學系,D 日,B 學士,156,111
3,國立臺灣大學,09161129,藥學系,D 日,B 學士,282,111
3,國立臺灣大學,09191122,公共衛生學系,D 日,B 學士,163,111
3,國立臺灣大學,09231144,社會工作學系,D 日,B 學士,218,111
3,國立臺灣大學,10152171,國際體育運動事務學士學位學程,D 日,B 學士,12,111
3,國立臺灣大學,99999172,創新領域學士學位學程,D 日,B 學士,8,111
4,國立臺灣師範大學,01111001,教育學系,D 日,B 學士,267,111
4,國立臺灣師範大學,01113018,特殊教育學系,D 日,B 學士,170,111
4,國立臺灣師範大學,01116079,學習科學學士學位學程,D 日,B 學士,71,111
4,國立臺灣師範大學,01121086,學士後學位學程教保員專班,D 日,B 學士,0,111
4,國立臺灣師範大學,01131004,公民教育與活動領導學系,D 日,B 學士,363,111
4,國立臺灣師範大學,01131009,社會教育學系,D 日,B 學士,228,111
4,國立臺灣師範大學,01131017,健康促進與衛生教育學系,D 日,B 學士,179,111
4,國立臺灣師範大學,01141007,人類發展與家庭學系,D 日,B 學士,293,111
4,國立臺灣師範大學,01141010,工業教育學系,D 日,B 學士,125,111
4,國立臺灣師範大學,01141087,體育與運動科學系,D 日,B 學士,261,111
4,國立臺灣師範大學,01199021,教育學院學士班,D 日,B 學士,46,111
4,國立臺灣師範大學,01199022,科技應用與人力資源發展學系,D 日,B 學士,256,111
4,國立臺灣師範大學,02112037,設計學系,D 日,B 學士,161,111
4,國立臺灣師範大學,02131023,美術學系,D 日,B 學士,195,111
4,國立臺灣師範大學,02151024,音樂學系,D 日,B 學士,254,111
4,國立臺灣師範大學,02152027,表演藝術學士學位學程,D 日,B 學士,95,111
4,國立臺灣師範大學,02221035,歷史學系,D 日,B 學士,244,111
4,國立臺灣師範大學,02311033,英語學系,D 日,B 學士,335,111
4,國立臺灣師範大學,02313005,華語文教學系,D 日,B 學士,418,111
4,國立臺灣師範大學,02321028,臺灣語文學系,D 日,B 學士,105,111
4,國立臺灣師範大學,02322029,國文學系,D 日,B 學士,430,111
4,國立臺灣師範大學,03131003,教育心理與輔導學系,D 日,B 學士,189,111
4,國立臺灣師範大學,03142041,地理學系,D 日,B 學士,330,111
4,國立臺灣師範大學,03143042,東亞學系,D 日,B 學士,228,111
4,國立臺灣師範大學,03214050,圖文傳播學系,D 日,B 學士,193,111
4,國立臺灣師範大學,04131051,企業管理學系,D 日,B 學士,242,111
4,國立臺灣師範大學,05111056,生命科學系,D 日,B 學士,256,111
4,國立臺灣師範大學,05191083,營養科學學士學位學程,D 日,B 學士,134,111
4,國立臺灣師範大學,05311059,化學系,D 日,B 學士,320,111
4,國立臺灣師範大學,05321060,地球科學系,D 日,B 學士,162,111
4,國立臺灣師範大學,05331061,物理學系,D 日,B 學士,284,111
4,國立臺灣師範大學,05411062,數學系,D 日,B 學士,394,111
4,國立臺灣師範大學,06131065,資訊工程學系,D 日,B 學士,252,111
4,國立臺灣師範大學,07141063,電機工程學系,D 日,B 學士,215,111
4,國立臺灣師範大學,07141080,光電工程學士學位學程,D 日,B 學士,86,111
4,國立臺灣師範大學,07151068,機電工程學系,D 日,B 學士,252,111
4,國立臺灣師範大學,07161081,車輛與能源工程學士學位學程,D 日,B 學士,99,111
4,國立臺灣師範大學,10141074,運動競技學系,D 日,B 學士,262,111
5,國立成功大學,02123113,工業設計學系,D 日,B 學士,193,111
5,國立成功大學,02221110,歷史學系,D 日,B 學士,241,111
5,國立成功大學,02311108,外國語文學系,D 日,B 學士,296,111
5,國立成功大學,02321106,台灣文學系,D 日,B 學士,193,111
5,國立成功大學,02322107,中國文學系,D 日,B 學士,211,111
5,國立成功大學,03111114,經濟學系,D 日,B 學士,252,111
5,國立成功大學,03121115,政治學系,D 日,B 學士,249,111
5,國立成功大學,03131117,心理學系,D 日,B 學士,275,111
5,國立成功大學,04111120,會計學系,D 日,B 學士,264,111
5,國立成功大學,04131121,企業管理學系,D 日,B 學士,230,111
5,國立成功大學,04199057,工業與資訊管理學系,D 日,B 學士,253,111
5,國立成功大學,04212001,法律學系,D 日,B 學士,286,111
5,國立成功大學,05111003,生命科學系,D 日,B 學士,215,111
5,國立成功大學,05121008,生物科技與產業科學系,D 日,B 學士,183,111
5,國立成功大學,05311017,化學系,D 日,B 學士,249,111
5,國立成功大學,05321019,地球科學系,D 日,B 學士,177,111
5,國立成功大學,05331021,物理學系,D 日,B 學士,229,111
5,國立成功大學,05411027,數學系,D 日,B 學士,241,111
5,國立成功大學,05421029,統計學系,D 日,B 學士,276,111
5,國立成功大學,06131036,資訊工程學系,D 日,B 學士,499,111
5,國立成功大學,07111050,化學工程學系,D 日,B 學士,557,111
5,國立成功大學,07112063,材料科學及工程學系,D 日,B 學士,410,111
5,國立成功大學,07121070,環境工程學系,D 日,B 學士,228,111
5,國立成功大學,07122026,水利及海洋工程學系,D 日,B 學士,182,111
5,國立成功大學,07132052,能源工程國際學士學位學程,D 日,B 學士,113,111
5,國立成功大學,07141032,電機工程學系,D 日,B 學士,705,111
5,國立成功大學,07141035,光電科學與工程學系,D 日,B 學士,233,111
5,國立成功大學,07141071,工程科學系,D 日,B 學士,284,111
5,國立成功大學,07151042,機械工程學系,D 日,B 學士,678,111
5,國立成功大學,07162043,航空太空工程學系,D 日,B 學士,250,111
5,國立成功大學,07163044,系統及船舶機電工程學系,D 日,B 學士,207,111
5,國立成功大學,07193061,生物醫學工程學系,D 日,B 學士,172,111
5,國立成功大學,07241064,資源工程學系,D 日,B 學士,192,111
5,國立成功大學,07311075,建築學系,D 日,B 學士,302,111
5,國立成功大學,07313076,都市計劃學系,D 日,B 學士,197,111
5,國立成功大學,07321049,土木工程學系,D 日,B 學士,462,111
5,國立成功大學,07322067,測量及空間資訊學系,D 日,B 學士,200,111
5,國立成功大學,09111130,牙醫學系,D 日,B 學士,105,111
5,國立成功大學,09121077,醫學系,D 日,B 學士,530,111
5,國立成功大學,09131090,護理學系,D 日,B 學士,123,111
5,國立成功大學,09141094,醫學檢驗生物技術學系,D 日,B 學士,132,111
5,國立成功大學,09151082,物理治療學系,D 日,B 學士,154,111
5,國立成功大學,09152089,職能治療學系,D 日,B 學士,113,111
5,國立成功大學,09161086,藥學系,D 日,B 學士,170,111
5,國立成功大學,10411098,交通管理科學系,D 日,B 學士,196,111
5,國立成功大學,99999102,全校不分系學士學位學程,D 日,B 學士,103,111
6,國立中興大學,02221007,歷史學系,D 日,B 學士,258,111
6,國立中興大學,02299008,文化創意產業學士學位學程,P 進,B 學士,0,111
6,國立中興大學,02299109,數位人文與文創產業進修學士學位學程,P 進,B 學士,148,111
6,國立中興大學,02311006,外國語文學系,D 日,B 學士,254,111
6,國立中興大學,02311006,外國語文學系,P 進,B 學士,209,111
6,國立中興大學,02321103,台灣人文創新學士學位學程,D 日,B 學士,44,111
6,國立中興大學,02322005,中國文學系,D 日,B 學士,212,111
6,國立中興大學,02322005,中國文學系,P 進,B 學士,164,111
6,國立中興大學,03111009,應用經濟學系,D 日,B 學士,218,111
6,國立中興大學,04111015,會計學系,D 日,B 學士,179,111
6,國立中興大學,04121019,財務金融學系,D 日,B 學士,229,111
6,國立中興大學,04131016,企業管理學系,D 日,B 學士,251,111
6,國立中興大學,04131018,創新產業經營學士學位學程,P 進,B 學士,180,111
6,國立中興大學,04143020,行銷學系,D 日,B 學士,208,111
6,國立中興大學,04211023,法律學系,D 日,B 學士,186,111
6,國立中興大學,05111026,生命科學系,D 日,B 學士,378,111
6,國立中興大學,05111029,昆蟲學系,D 日,B 學士,205,111
6,國立中興大學,05121031,生物科技學士學位學程,D 日,B 學士,133,111
6,國立中興大學,05292082,水土保持學系,D 日,B 學士,229,111
6,國立中興大學,05311039,化學系,D 日,B 學士,229,111
6,國立中興大學,05331040,物理學系,D 日,B 學士,243,111
6,國立中興大學,05411041,應用數學系,D 日,B 學士,337,111
6,國立中興大學,06131043,資訊管理學系,D 日,B 學士,136,111
6,國立中興大學,06131048,資訊科學與工程學系,D 日,B 學士,0,111
6,國立中興大學,06131108,資訊工程學系,D 日,B 學士,150,111
6,國立中興大學,07111055,化學工程學系,D 日,B 學士,213,111
6,國立中興大學,07112057,材料科學與工程學系,D 日,B 學士,233,111
6,國立中興大學,07121059,環境工程學系,D 日,B 學士,202,111
6,國立中興大學,07141045,電機工程學系,D 日,B 學士,323,111
6,國立中興大學,07141102,電機資訊學院學士班,D 日,B 學士,93,111
6,國立中興大學,07151050,機械工程學系,D 日,B 學士,394,111
6,國立中興大學,07151052,生物產業機電工程學系,D 日,B 學士,234,111
6,國立中興大學,07199107,智慧創意工程學士學位學程,D 日,B 學士,29,111
6,國立中興大學,07211081,食品暨應用生物科技學系,D 日,B 學士,222,111
6,國立中興大學,07312061,景觀與遊憩學士學位學程,D 日,B 學士,83,111
6,國立中興大學,07321054,土木工程學系,D 日,B 學士,373,111
6,國立中興大學,08111063,農藝學系,D 日,B 學士,200,111
6,國立中興大學,08112066,動物科學系,D 日,B 學士,210,111
6,國立中興大學,08121067,園藝學系,D 日,B 學士,178,111
6,國立中興大學,08191083,土壤環境科學系,D 日,B 學士,179,111
6,國立中興大學,08193076,生物產業管理進修學士學位學程,P 進,B 學士,191,111
6,國立中興大學,08193078,國際農企業學士學位學程,D 日,B 學士,96,111
6,國立中興大學,08194068,植物病理學系,D 日,B 學士,199,111
6,國立中興大學,08211086,森林學系,D 日,B 學士,260,111
6,國立中興大學,08411087,獸醫學系,D 日,B 學士,378,111
6,國立中興大學,09121110,學士後醫學系,D 日,B 學士,23,111
7,國立陽明交通大學,02299008,人文社會學系,D 日,B 學士,189,111
7,國立陽明交通大學,02311005,外國語文學系,D 日,B 學士,206,111
7,國立陽明交通大學,03211015,傳播與科技學系,D 日,B 學士,175,111
7,國立陽明交通大學,04121020,資訊管理與財務金融學系,D 日,B 學士,175,111
7,國立陽明交通大學,04131018,管理科學系,D 日,B 學士,218,111
7,國立陽明交通大學,05121028,生物科技學系,D 日,B 學士,288,111
7,國立陽明交通大學,05121112,生命科學系暨基因體科學研究所,D 日,B 學士,108,111
7,國立陽明交通大學,05199163,學士班大一大二不分系,D 日,B 學士,27,111
7,國立陽明交通大學,05311036,應用化學系,D 日,B 學士,211,111
7,國立陽明交通大學,05331041,電子物理學系,D 日,B 學士,246,111
7,國立陽明交通大學,05399044,理學院科學學士學位學程,D 日,B 學士,3,111
7,國立陽明交通大學,05411045,應用數學系,D 日,B 學士,217,111
7,國立陽明交通大學,06131058,資訊工程學系,D 日,B 學士,812,111
7,國立陽明交通大學,07112072,材料科學與工程學系,D 日,B 學士,214,111
7,國立陽明交通大學,07141050,電機工程學系,D 日,B 學士,1064,111
7,國立陽明交通大學,07141055,光電工程學系,D 日,B 學士,154,111
7,國立陽明交通大學,07141068,電機資訊學士班,D 日,B 學士,3,111
7,國立陽明交通大學,07141074,奈米科學及工程學士學位學程,D 日,B 學士,137,111
7,國立陽明交通大學,07151070,機械工程學系,D 日,B 學士,408,111
7,國立陽明交通大學,07191075,工業工程與管理學系,D 日,B 學士,276,111
7,國立陽明交通大學,07193122,生物醫學工程學系,D 日,B 學士,124,111
7,國立陽明交通大學,07193172,數位醫療學士學位學程,D 日,B 學士,4,111
7,國立陽明交通大學,07199102,系統工程與科技學士學位學程,D 日,B 學士,732,111
7,國立陽明交通大學,07321071,土木工程學系,D 日,B 學士,321,111
7,國立陽明交通大學,09111160,牙醫學系,D 日,B 學士,259,111
7,國立陽明交通大學,09121125,醫學系,D 日,B 學士,893,111
7,國立陽明交通大學,09131149,護理學系,D 日,B 學士,164,111
7,國立陽明交通大學,09141158,醫學生物技術暨檢驗學系,D 日,B 學士,142,111
7,國立陽明交通大學,09141159,生物醫學影像暨放射科學系,D 日,B 學士,135,111
7,國立陽明交通大學,09151148,物理治療暨輔助科技學系,D 日,B 學士,219,111
7,國立陽明交通大學,09161142,藥學系,D 日,B 學士,175,111
7,國立陽明交通大學,10411086,運輸與物流管理學系,D 日,B 學士,193,111
7,國立陽明交通大學,99999096,百川學士學位學程,D 日,B 學士,113,111
8,國立中央大學,02299080,文學院學士班,D 日,B 學士,60,111
8,國立中央大學,02311007,英美語文學系,D 日,B 學士,198,111
8,國立中央大學,02311008,法國語文學系,D 日,B 學士,215,111
8,國立中央大學,02322006,中國文學系,D 日,B 學士,196,111
8,國立中央大學,03111013,經濟學系,D 日,B 學士,240,111
8,國立中央大學,03199020,客家語文暨社會科學學系,D 日,B 學士,143,111
8,國立中央大學,04121024,財務金融學系,D 日,B 學士,259,111
8,國立中央大學,04131023,企業管理學系,D 日,B 學士,396,111
8,國立中央大學,05121031,生命科學系,D 日,B 學士,154,111
8,國立中央大學,05311035,化學學系,D 日,B 學士,151,111
8,國立中央大學,05321036,地球科學學系,D 日,B 學士,178,111
8,國立中央大學,05321078,地球科學學院學士班,D 日,B 學士,61,111
8,國立中央大學,05322044,大氣科學學系,D 日,B 學士,164,111
8,國立中央大學,05322079,太空科學與工程學系,D 日,B 學士,95,111
8,國立中央大學,05331042,物理學系,D 日,B 學士,195,111
8,國立中央大學,05399050,理學院學士班,D 日,B 學士,70,111
8,國立中央大學,05411051,數學系,D 日,B 學士,310,111
8,國立中央大學,06131053,資訊管理學系,D 日,B 學士,430,111
8,國立中央大學,06131059,資訊工程學系,D 日,B 學士,416,111
8,國立中央大學,07111069,化學工程與材料工程學系,D 日,B 學士,204,111
8,國立中央大學,07141055,電機工程學系,D 日,B 學士,444,111
8,國立中央大學,07141057,光電科學與工程學系,D 日,B 學士,190,111
8,國立中央大學,07141060,通訊工程學系,D 日,B 學士,201,111
8,國立中央大學,07141077,資訊電機學院學士班,D 日,B 學士,90,111
8,國立中央大學,07151064,機械工程學系,D 日,B 學士,532,111
8,國立中央大學,07193074,生醫科學與工程學系,D 日,B 學士,104,111
8,國立中央大學,07194076,工學院學士班,D 日,B 學士,101,111
8,國立中央大學,07321067,土木工程學系,D 日,B 學士,357,111
9,國立中山大學,02151002,音樂學系,D 日,B 學士,162,111
9,國立中山大學,02152003,劇場藝術學系,D 日,B 學士,198,111
9,國立中山大學,02311006,外國語文學系,D 日,B 學士,231,111
9,國立中山大學,02322005,中國文學系,D 日,B 學士,201,111
9,國立中山大學,03141013,社會學系,D 日,B 學士,160,111
9,國立中山大學,04121024,財務管理學系,D 日,B 學士,205,111
9,國立中山大學,04131021,企業管理學系,D 日,B 學士,372,111
9,國立中山大學,04131022,國際經營管理全英語學士學位學程,D 日,B 學士,35,111
9,國立中山大學,04134010,政治經濟學系,D 日,B 學士,216,111
9,國立中山大學,05111033,生物科學系,D 日,B 學士,200,111
9,國立中山大學,05311037,化學系,D 日,B 學士,218,111
9,國立中山大學,05323044,海洋生物科技暨資源學系,D 日,B 學士,147,111
9,國立中山大學,05323047,海洋科學系,D 日,B 學士,123,111
9,國立中山大學,05331038,物理學系,D 日,B 學士,205,111
9,國立中山大學,05411051,應用數學系,D 日,B 學士,209,111
9,國立中山大學,06111055,資訊工程學系,D 日,B 學士,242,111
9,國立中山大學,06131052,資訊管理學系,D 日,B 學士,216,111
9,國立中山大學,07112063,材料與光電科學學系,D 日,B 學士,216,111
9,國立中山大學,07122065,海洋環境及工程學系,D 日,B 學士,162,111
9,國立中山大學,07141053,電機工程學系,D 日,B 學士,492,111
9,國立中山大學,07141054,光電工程學系,D 日,B 學士,188,111
9,國立中山大學,07151061,機械與機電工程學系,D 日,B 學士,437,111
9,國立中山大學,09121083,學士後醫學系,D 日,B 學士,23,111
9,國立中山大學,99999071,人文暨科技跨領域學士學位學程,D 日,B 學士,87,111
12,國立臺灣海洋大學,02122005,海洋文創設計產業學士學位學程,D 日,B 學士,137,111
12,國立臺灣海洋大學,04199055,海洋觀光管理學士學位學程,D 日,B 學士,173,111
12,國立臺灣海洋大學,04199056,海洋經營管理學士學位學程,D 日,B 學士,125,111
12,國立臺灣海洋大學,04212010,海洋法政學士學位學程,D 日,B 學士,138,111
12,國立臺灣海洋大學,05121014,生命科學暨生物科技學系,D 日,B 學士,185,111
12,國立臺灣海洋大學,05121018,海洋生物科技學士學位學程,D 日,B 學士,126,111
12,國立臺灣海洋大學,05323020,海洋環境資訊系,D 日,B 學士,171,111
12,國立臺灣海洋大學,06131028,資訊工程學系,D 日,B 學士,509,111
12,國立臺灣海洋大學,07122040,河海工程學系,D 日,B 學士,316,111
12,國立臺灣海洋大學,07122041,海洋工程科技學士學位學程,D 日,B 學士,101,111
12,國立臺灣海洋大學,07141025,電機工程學系,D 日,B 學士,440,111
12,國立臺灣海洋大學,07141027,光電與材料科技學系,D 日,B 學士,140,111
12,國立臺灣海洋大學,07141030,通訊與導航工程學系,D 日,B 學士,229,111
12,國立臺灣海洋大學,07151036,機械與機電工程學系,D 日,B 學士,375,111
12,國立臺灣海洋大學,07163033,系統工程暨造船學系,D 日,B 學士,197,111
12,國立臺灣海洋大學,07163035,輪機工程學系,D 日,B 學士,384,111
12,國立臺灣海洋大學,07163035,輪機工程學系學士後多元專長培力課程專班,P 進,B 學士,76,111
12,國立臺灣海洋大學,07211042,食品科學系,D 日,B 學士,435,111
12,國立臺灣海洋大學,07211042,食品科學系,P 進,B 學士,96,111
12,國立臺灣海洋大學,08311045,環境生物與漁業科學學系,D 日,B 學士,173,111
12,國立臺灣海洋大學,08312046,水產養殖學系,D 日,B 學士,411,111
12,國立臺灣海洋大學,10411050,運輸科學系,D 日,B 學士,355,111
12,國立臺灣海洋大學,10412048,航運管理學系,D 日,B 學士,466,111
12,國立臺灣海洋大學,10412048,航運管理學系,P 進,B 學士,322,111
12,國立臺灣海洋大學,10414052,商船學系,D 日,B 學士,508,111
12,國立臺灣海洋大學,10414052,商船學系學士後多元專長培力課程專班,P 進,B 學士,103,111
13,國立中正大學,01112005,成人及繼續教育學系,D 日,B 學士,111,111
13,國立中正大學,02221015,歷史學系,D 日,B 學士,171,111
13,國立中正大學,02231016,哲學系,D 日,B 學士,210,111
13,國立中正大學,02311012,外國語文學系,D 日,B 學士,216,111
13,國立中正大學,02322011,中國文學系,D 日,B 學士,171,111
13,國立中正大學,03111017,經濟學系,D 日,B 學士,386,111
13,國立中正大學,03121018,政治學系,D 日,B 學士,199,111
13,國立中正大學,03131019,心理學系,D 日,B 學士,222,111
13,國立中正大學,03191025,勞工關係學系,D 日,B 學士,185,111
13,國立中正大學,03199026,犯罪防治學系,D 日,B 學士,157,111
13,國立中正大學,03211028,傳播學系,D 日,B 學士,193,111
13,國立中正大學,04111032,會計與資訊科技學系,D 日,B 學士,218,111
13,國立中正大學,04121034,財務金融學系,D 日,B 學士,346,111
13,國立中正大學,04131033,企業管理學系,D 日,B 學士,319,111
13,國立中正大學,04211039,法律學系,D 日,B 學士,330,111
13,國立中正大學,04212040,財經法律學系,D 日,B 學士,193,111
13,國立中正大學,05121075,生物醫學科學系,D 日,B 學士,165,111
13,國立中正大學,05311045,化學暨生物化學系,D 日,B 學士,187,111
13,國立中正大學,05321047,地球與環境科學系,D 日,B 學士,147,111
13,國立中正大學,05331067,物理學系,D 日,B 學士,204,111
13,國立中正大學,05411049,數學系,D 日,B 學士,183,111
13,國立中正大學,06131053,資訊管理學系,D 日,B 學士,210,111
13,國立中正大學,06131055,資訊工程學系,D 日,B 學士,406,111
13,國立中正大學,07111061,化學工程學系,D 日,B 學士,186,111
13,國立中正大學,07141054,電機工程學系,D 日,B 學士,318,111
13,國立中正大學,07141056,通訊工程學系,D 日,B 學士,193,111
13,國立中正大學,07151058,機械工程學系,D 日,B 學士,388,111
13,國立中正大學,09231063,社會福利學系,D 日,B 學士,198,111
13,國立中正大學,10141064,運動競技學系,D 日,B 學士,113,111
13,國立中正大學,99999079,紫荊不分系學士學位學程,D 日,B 學士,33,111
14,國立高雄師範大學,01111001,教育學系,D 日,B 學士,157,111
14,國立高雄師範大學,01113010,特殊教育學系,D 日,B 學士,151,111
14,國立高雄師範大學,01141003,工業科技教育學系,D 日,B 學士,155,111
14,國立高雄師範大學,01141005,體育學系,D 日,B 學士,211,111
14,國立高雄師範大學,02112022,視覺設計學系,D 日,B 學士,164,111
14,國立高雄師範大學,02123024,工業設計學系,D 日,B 學士,143,111
14,國立高雄師範大學,02131012,美術學系,D 日,B 學士,170,111
14,國立高雄師範大學,02141055,藝術產業學士原住民專班,D 日,B 學士,116,111
14,國立高雄師範大學,02151013,音樂學系,D 日,B 學士,110,111
14,國立高雄師範大學,02311021,英語學系,D 日,B 學士,319,111
14,國立高雄師範大學,02321057,語言與文化學士原住民專班,D 日,B 學士,94,111
14,國立高雄師範大學,02322019,國文學系,D 日,B 學士,354,111
14,國立高雄師範大學,03142030,地理學系,D 日,B 學士,161,111
14,國立高雄師範大學,04131032,事業經營學系,D 日,B 學士,135,111
14,國立高雄師範大學,05121034,生物科技系,D 日,B 學士,166,111
14,國立高雄師範大學,05311036,化學系,D 日,B 學士,155,111
14,國立高雄師範大學,05331037,物理學系,D 日,B 學士,156,111
14,國立高雄師範大學,05411038,數學系,D 日,B 學士,320,111
14,國立高雄師範大學,06132039,軟體工程與管理學系,D 日,B 學士,131,111
14,國立高雄師範大學,07141041,電子工程學系,D 日,B 學士,185,111
14,國立高雄師範大學,07141060,電機工程學系,D 日,B 學士,181,111
14,國立高雄師範大學,10141056,運動競技與產業學士原住民專班,D 日,B 學士,136,111
15,國立彰化師範大學,01113012,特殊教育學系,D 日,B 學士,263,111
15,國立彰化師範大學,01131006,公共事務與公民教育學系,D 日,B 學士,139,111
15,國立彰化師範大學,01141007,工業教育與技術學系,D 日,B 學士,0,111
15,國立彰化師範大學,01141011,運動學系,D 日,B 學士,250,111
15,國立彰化師範大學,02131017,美術學系,D 日,B 學士,170,111
15,國立彰化師範大學,02311020,英語學系,D 日,B 學士,224,111
15,國立彰化師範大學,02322019,國文學系,D 日,B 學士,354,111
15,國立彰化師範大學,03131025,輔導與諮商學系,D 日,B 學士,340,111
15,國立彰化師範大學,03142027,地理學系,D 日,B 學士,180,111
15,國立彰化師範大學,04111028,會計學系,D 日,B 學士,336,111
15,國立彰化師範大學,04121031,財務金融技術學系,D 日,B 學士,151,111
15,國立彰化師範大學,04131029,企業管理學系,D 日,B 學士,212,111
15,國立彰化師範大學,05111034,生物學系,D 日,B 學士,176,111
15,國立彰化師範大學,05311035,化學系,D 日,B 學士,212,111
15,國立彰化師範大學,05331037,物理學系,D 日,B 學士,328,111
15,國立彰化師範大學,05411038,數學系,D 日,B 學士,320,111
15,國立彰化師範大學,06131040,資訊管理學系,D 日,B 學士,217,111
15,國立彰化師範大學,06131050,資訊工程學系,D 日,B 學士,210,111
15,國立彰化師範大學,07141042,電機工程學系,D 日,B 學士,188,111
15,國立彰化師範大學,07141043,電子工程學系,D 日,B 學士,196,111
15,國立彰化師範大學,07141054,機電工程學系,D 日,B 學士,207,111
15,國立彰化師範大學,07199007,工業教育與技術學系,D 日,B 學士,315,111
17,國立臺北大學,02221005,歷史學系,D 日,B 學士,183,111
17,國立臺北大學,02311004,應用外語學系,D 日,B 學士,227,111
17,國立臺北大學,02322002,中國文學系,D 日,B 學士,197,111
17,國立臺北大學,03111009,經濟學系,D 日,B 學士,501,111
17,國立臺北大學,03111009,經濟學系,P 進,B 學士,176,111
17,國立臺北大學,03141011,社會學系,D 日,B 學士,206,111
17,國立臺北大學,04111017,會計學系,D 日,B 學士,529,111
17,國立臺北大學,04121022,金融與合作經營學系,D 日,B 學士,284,111
17,國立臺北大學,04121022,金融與合作經營學系,P 進,B 學士,173,111
17,國立臺北大學,04122023,財政學系,D 日,B 學士,292,111
17,國立臺北大學,04122023,財政學系,P 進,B 學士,192,111
17,國立臺北大學,04131018,企業管理學系,D 日,B 學士,529,111
17,國立臺北大學,04131018,企業管理學系,P 進,B 學士,327,111
17,國立臺北大學,04134013,公共行政暨政策學系,D 日,B 學士,460,111
17,國立臺北大學,04134013,公共行政暨政策學系,P 進,B 學士,332,111
17,國立臺北大學,04134024,不動產與城鄉環境學系,D 日,B 學士,487,111
17,國立臺北大學,04134024,不動產與城鄉環境學系,P 進,B 學士,172,111
17,國立臺北大學,04141026,商學院數位行銷進修學士學位學程,P 進,B 學士,180,111
17,國立臺北大學,04211028,法律學系,D 日,B 學士,836,111
17,國立臺北大學,04211028,法律學系,P 進,B 學士,214,111
17,國立臺北大學,05421033,統計學系,D 日,B 學士,251,111
17,國立臺北大學,06131036,資訊工程學系,D 日,B 學士,223,111
17,國立臺北大學,07141035,電機工程學系,D 日,B 學士,183,111
17,國立臺北大學,07141037,通訊工程學系,D 日,B 學士,150,111
17,國立臺北大學,09231041,社會工作學系,D 日,B 學士,204,111
17,國立臺北大學,09231041,社會工作學系,P 進,B 學士,205,111
17,國立臺北大學,10152042,休閒運動管理學系,D 日,B 學士,217,111
18,國立嘉義大學,01111001,教育學系,D 日,B 學士,163,111
18,國立嘉義大學,01113017,特殊教育學系,D 日,B 學士,157,111
18,國立嘉義大學,01116021,數位學習設計與管理學系,D 日,B 學士,189,111
18,國立嘉義大學,01121016,幼兒教育學系,D 日,B 學士,219,111
18,國立嘉義大學,01141113,體育與健康休閒學系,D 日,B 學士,190,111
18,國立嘉義大學,02131025,視覺藝術學系,D 日,B 學士,187,111
18,國立嘉義大學,02151024,音樂學系,D 日,B 學士,178,111
18,國立嘉義大學,02221033,應用歷史學系,D 日,B 學士,174,111
18,國立嘉義大學,02311031,外國語言學系,D 日,B 學士,341,111
18,國立嘉義大學,02322029,中國文學系,D 日,B 學士,183,111
18,國立嘉義大學,02322029,中國文學系,P 進,B 學士,79,111
18,國立嘉義大學,03111034,應用經濟學系,D 日,B 學士,199,111
18,國立嘉義大學,03131035,輔導與諮商學系,D 日,B 學士,217,111
18,國立嘉義大學,04121041,財務金融學系,D 日,B 學士,195,111
18,國立嘉義大學,04121041,財務金融學系,P 進,B 學士,175,111
18,國立嘉義大學,04131038,企業管理學系,D 日,B 學士,220,111
18,國立嘉義大學,04131038,企業管理學系,P 進,B 學士,177,111
18,國立嘉義大學,04131045,生物事業管理學系,D 日,B 學士,0,111
18,國立嘉義大學,04131045,生物事業管理學系,P 進,B 學士,0,111
18,國立嘉義大學,04131116,科技管理學系,D 日,B 學士,198,111
18,國立嘉義大學,04131116,科技管理學系,P 進,B 學士,78,111
18,國立嘉義大學,04143044,行銷與觀光管理學系,D 日,B 學士,193,111
18,國立嘉義大學,05111052,生物資源學系,D 日,B 學士,159,111
18,國立嘉義大學,05121053,生化科技學系,D 日,B 學士,168,111
18,國立嘉義大學,05199058,微生物免疫與生物藥學系,D 日,B 學士,185,111
18,國立嘉義大學,05311059,應用化學系,D 日,B 學士,218,111
18,國立嘉義大學,05331061,電子物理學系,D 日,B 學士,197,111
18,國立嘉義大學,05411062,應用數學系,D 日,B 學士,167,111
18,國立嘉義大學,06131063,資訊管理學系,D 日,B 學士,214,111
18,國立嘉義大學,06131066,資訊工程學系,D 日,B 學士,230,111
18,國立嘉義大學,07141064,電機工程學系,D 日,B 學士,216,111
18,國立嘉義大學,07151067,生物機電工程學系,D 日,B 學士,188,111
18,國立嘉義大學,07151067,生物機電工程學系,P 進,B 學士,150,111
18,國立嘉義大學,07151069,機械與能源工程學系,D 日,B 學士,187,111
18,國立嘉義大學,07211088,食品科學系,D 日,B 學士,189,111
18,國立嘉義大學,07211088,食品科學系,P 進,B 學士,175,111
18,國立嘉義大學,07312072,景觀學系,D 日,B 學士,162,111
18,國立嘉義大學,07321070,土木與水資源工程學系,D 日,B 學士,196,111
18,國立嘉義大學,07321070,土木與水資源工程學系,P 進,B 學士,139,111
18,國立嘉義大學,08111074,農藝學系,D 日,B 學士,153,111
18,國立嘉義大學,08112079,動物科學系,D 日,B 學士,175,111
18,國立嘉義大學,08112079,動物科學系,P 進,B 學士,138,111
18,國立嘉義大學,08121080,園藝學系,D 日,B 學士,168,111
18,國立嘉義大學,08121080,園藝學系,P 進,B 學士,121,111
18,國立嘉義大學,08192092,生物農業科技學系,D 日,B 學士,139,111
18,國立嘉義大學,08194084,植物醫學系,D 日,B 學士,141,111
18,國立嘉義大學,08199076,農場管理進修學士學位學程,P 進,B 學士,309,111
18,國立嘉義大學,08211096,森林暨自然資源學系,D 日,B 學士,150,111
18,國立嘉義大學,08211106,木質材料與設計學系,D 日,B 學士,155,111
18,國立嘉義大學,08211106,木質材料與設計學系,P 進,B 學士,113,111
18,國立嘉義大學,08312047,水生生物科學系,D 日,B 學士,153,111
18,國立嘉義大學,08411108,獸醫學系,D 日,B 學士,225,111
18,國立嘉義大學,10152113,體育與健康休閒學系,P 進,B 學士,177,111
19,國立高雄大學,02122036,工藝與創意設計學系,D 日,B 學士,207,111
19,國立高雄大學,02199005,創意設計與建築學系,D 日,B 學士,1,111
19,國立高雄大學,02311002,西洋語文學系,D 日,B 學士,161,111
19,國立高雄大學,02311003,東亞語文學系,D 日,B 學士,251,111
19,國立高雄大學,03111006,應用經濟學系,D 日,B 學士,226,111
19,國立高雄大學,04121011,金融管理學系,D 日,B 學士,209,111
19,國立高雄大學,04131009,亞太工商管理學系,D 日,B 學士,265,111
19,國立高雄大學,04211015,法律學系,D 日,B 學士,211,111
19,國立高雄大學,04212016,財經法律學系,D 日,B 學士,182,111
19,國立高雄大學,04212017,政治法律學系,D 日,B 學士,214,111
19,國立高雄大學,05111019,生命科學系,D 日,B 學士,185,111
19,國立高雄大學,05311022,應用化學系,D 日,B 學士,188,111
19,國立高雄大學,05331023,應用物理學系,D 日,B 學士,193,111
19,國立高雄大學,05411024,應用數學系,D 日,B 學士,216,111
19,國立高雄大學,06131026,資訊管理學系,D 日,B 學士,228,111
19,國立高雄大學,06131028,資訊工程學系,D 日,B 學士,195,111
19,國立高雄大學,07111030,化學工程及材料工程學系,D 日,B 學士,174,111
19,國立高雄大學,07141027,電機工程學系,D 日,B 學士,444,111
19,國立高雄大學,07311035,建築學系,D 日,B 學士,168,111
19,國立高雄大學,07321029,土木與環境工程學系,D 日,B 學士,248,111
19,國立高雄大學,10141032,運動競技學系,D 日,B 學士,187,111
19,國立高雄大學,10152033,運動健康與休閒學系,D 日,B 學士,239,111
20,國立東華大學,01111001,教育與潛能開發學系,D 日,B 學士,191,111
20,國立東華大學,01113013,特殊教育學系,D 日,B 學士,160,111
20,國立東華大學,01114015,教育行政與管理學系,D 日,B 學士,165,111
20,國立東華大學,01121012,幼兒教育學系,D 日,B 學士,200,111
20,國立東華大學,01141010,體育與運動科學系,D 日,B 學士,184,111
20,國立東華大學,02121019,藝術與設計學系,D 日,B 學士,228,111
20,國立東華大學,02151018,音樂學系,D 日,B 學士,96,111
20,國立東華大學,02191022,藝術創意產業學系,D 日,B 學士,227,111
20,國立東華大學,02199109,原住民族樂舞與藝術學士學位學程,D 日,B 學士,60,111
20,國立東華大學,02221033,歷史學系,D 日,B 學士,234,111
20,國立東華大學,02222042,族群關係與文化學系,D 日,B 學士,169,111
20,國立東華大學,02311029,英美語文學系,D 日,B 學士,213,111
20,國立東華大學,02321028,民族語言與傳播學系,D 日,B 學士,165,111
20,國立東華大學,02322025,中國語文學系,D 日,B 學士,184,111
20,國立東華大學,02323104,華文文學系,D 日,B 學士,212,111
20,國立東華大學,03111034,經濟學系,D 日,B 學士,211,111
20,國立東華大學,03131046,諮商與臨床心理學系,D 日,B 學士,247,111
20,國立東華大學,03141036,社會學系,D 日,B 學士,180,111
20,國立東華大學,03143051,臺灣文化學系,D 日,B 學士,192,111
20,國立東華大學,03199040,民族事務與發展學系,D 日,B 學士,78,111
20,國立東華大學,04111056,會計學系,D 日,B 學士,243,111
20,國立東華大學,04121061,財務金融學系,D 日,B 學士,255,111
20,國立東華大學,04131059,企業管理學系,D 日,B 學士,230,111
20,國立東華大學,04131060,國際企業學系,D 日,B 學士,233,111
20,國立東華大學,04134054,公共行政學系,D 日,B 學士,149,111
20,國立東華大學,04191066,管理學院管理科學與財金國際學士學位學程,D 日,B 學士,90,111
20,國立東華大學,04211067,法律學系,D 日,B 學士,204,111
20,國立東華大學,05121069,生命科學系,D 日,B 學士,177,111
20,國立東華大學,05211094,自然資源與環境學系,D 日,B 學士,221,111
20,國立東華大學,05311071,化學系,D 日,B 學士,204,111
20,國立東華大學,05331072,物理學系,D 日,B 學士,240,111
20,國立東華大學,05411074,應用數學系,D 日,B 學士,306,111
20,國立東華大學,06131086,資訊工程學系,D 日,B 學士,481,111
20,國立東華大學,06134081,資訊管理學系,D 日,B 學士,230,111
20,國立東華大學,07112090,材料科學與工程學系,D 日,B 學士,226,111
20,國立東華大學,07141083,電機工程學系,D 日,B 學士,242,111
20,國立東華大學,07141085,光電工程學系,D 日,B 學士,183,111
20,國立東華大學,09231041,民族社會工作學士學位學程,D 日,B 學士,117,111
20,國立東華大學,10151091,觀光暨休閒遊憩學系,D 日,B 學士,213,111
20,國立東華大學,99999113,縱谷跨域書院學士學位學程,D 日,B 學士,38,111
21,國立暨南國際大學,01111001,國際文教與比較教育學系,D 日,B 學士,182,111
21,國立暨南國際大學,01111004,諮商心理與人力資源發展學系,D 日,B 學士,194,111
21,國立暨南國際大學,01111050,教育學院學士班,D 日,B 學士,71,111
21,國立暨南國際大學,01114010,教育政策與行政學系,D 日,B 學士,165,111
21,國立暨南國際大學,02221015,歷史學系,D 日,B 學士,163,111
21,國立暨南國際大學,02311014,外國語文學系,D 日,B 學士,193,111
21,國立暨南國際大學,02322013,中國語文學系,D 日,B 學士,204,111
21,國立暨南國際大學,03111016,經濟學系,D 日,B 學士,239,111
21,國立暨南國際大學,03141045,原住民文化產業與社會工作學士學位學程原住民族專班,D 日,B 學士,196,111
21,國立暨南國際大學,03143019,東南亞學系,D 日,B 學士,184,111
21,國立暨南國際大學,04121025,財務金融學系,D 日,B 學士,251,111
21,國立暨南國際大學,04131022,國際企業學系,D 日,B 學士,274,111
21,國立暨南國際大學,04131048,管理學院學士班,D 日,B 學士,158,111
21,國立暨南國際大學,04134020,公共行政與政策學系,D 日,B 學士,214,111
21,國立暨南國際大學,05311027,應用化學系,D 日,B 學士,212,111
21,國立暨南國際大學,06131030,資訊管理學系,D 日,B 學士,258,111
21,國立暨南國際大學,06131034,資訊工程學系,D 日,B 學士,241,111
21,國立暨南國際大學,06199049,科技學院學士班,D 日,B 學士,67,111
21,國立暨南國際大學,07112037,應用材料及光電工程學系,D 日,B 學士,204,111
21,國立暨南國際大學,07141031,電機工程學系,D 日,B 學士,280,111
21,國立暨南國際大學,07321035,土木工程學系,D 日,B 學士,168,111
21,國立暨南國際大學,09231038,社會政策與社會工作學系,D 日,B 學士,232,111
21,國立暨南國際大學,10151039,觀光休閒與餐旅管理學系,D 日,B 學士,316,111
28,國立臺北藝術大學,02111018,電影創作學系,D 日,B 學士,215,111
28,國立臺北藝術大學,02111019,動畫學系,D 日,B 學士,197,111
28,國立臺北藝術大學,02131003,美術學系,D 日,B 學士,281,111
28,國立臺北藝術大學,02151005,音樂學系,D 日,B 學士,272,111
28,國立臺北藝術大學,02151006,傳統音樂學系,D 日,B 學士,102,111
28,國立臺北藝術大學,02151032,音樂與影像跨域學士學位學程,D 日,B 學士,58,111
28,國立臺北藝術大學,02152008,戲劇學系,D 日,B 學士,204,111
28,國立臺北藝術大學,02152011,劇場設計學系,D 日,B 學士,161,111
28,國立臺北藝術大學,02152013,舞蹈學系,D 日,B 學士,134,111
28,國立臺北藝術大學,02191023,新媒體藝術學系,D 日,B 學士,173,111
29,國立臺灣藝術大學,02111015,電影學系,D 日,B 學士,215,111
29,國立臺灣藝術大學,02111015,電影學系,P 進,B 學士,137,111
29,國立臺灣藝術大學,02112023,多媒體動畫藝術學系,D 日,B 學士,143,111
29,國立臺灣藝術大學,02112028,視覺傳達設計學系,D 日,B 學士,153,111
29,國立臺灣藝術大學,02112028,視覺傳達設計學系,P 進,B 學士,147,111
29,國立臺灣藝術大學,02131003,美術學系,D 日,B 學士,161,111
29,國立臺灣藝術大學,02131003,美術學系,P 進,B 學士,130,111
29,國立臺灣藝術大學,02131005,書畫藝術學系,D 日,B 學士,150,111
29,國立臺灣藝術大學,02131005,書畫藝術學系,P 進,B 學士,131,111
29,國立臺灣藝術大學,02132006,雕塑學系,D 日,B 學士,169,111
29,國立臺灣藝術大學,02141007,工藝設計學系,D 日,B 學士,135,111
29,國立臺灣藝術大學,02141007,工藝設計學系,P 進,B 學士,149,111
29,國立臺灣藝術大學,02151010,音樂學系,D 日,B 學士,257,111
29,國立臺灣藝術大學,02151010,音樂學系,P 進,B 學士,128,111
29,國立臺灣藝術大學,02151011,中國音樂學系,D 日,B 學士,139,111
29,國立臺灣藝術大學,02151011,中國音樂學系,P 進,B 學士,125,111
29,國立臺灣藝術大學,02152012,戲劇學系,D 日,B 學士,198,111
29,國立臺灣藝術大學,02152012,戲劇學系,P 進,B 學士,184,111
29,國立臺灣藝術大學,02152014,舞蹈學系,D 日,B 學士,146,111
29,國立臺灣藝術大學,02152014,舞蹈學系,P 進,B 學士,139,111
29,國立臺灣藝術大學,02191017,古蹟藝術修護學系,D 日,B 學士,133,111
29,國立臺灣藝術大學,02199030,圖文傳播藝術學系,D 日,B 學士,168,111
29,國立臺灣藝術大學,02199030,圖文傳播藝術學系,P 進,B 學士,162,111
29,國立臺灣藝術大學,02199036,亞太建築空間與文物保存學士學位學程,D 日,B 學士,25,111
29,國立臺灣藝術大學,03213029,廣播電視學系,D 日,B 學士,182,111
29,國立臺灣藝術大學,03213029,廣播電視學系,P 進,B 學士,151,111
30,國立臺東大學,01111001,教育學系,D 日,B 學士,176,111
30,國立臺東大學,01113008,特殊教育學系,D 日,B 學士,163,111
30,國立臺東大學,01121007,幼兒教育學系,D 日,B 學士,289,111
30,國立臺東大學,01121007,幼兒教育學系幼兒教育學士後學位學程教保員專班,P 進,B 學士,40,111
30,國立臺東大學,01141006,體育學系,D 日,B 學士,192,111
30,國立臺東大學,02112005,數位媒體與文教產業學系,D 日,B 學士,154,111
30,國立臺東大學,02131009,美術產業學系,D 日,B 學士,164,111
30,國立臺東大學,02151011,音樂學系,D 日,B 學士,99,111
30,國立臺東大學,02311015,英美語文學系,D 日,B 學士,154,111
30,國立臺東大學,02323013,華語文學系,D 日,B 學士,159,111
30,國立臺東大學,03199017,公共與文化事務學系,D 日,B 學士,187,111
30,國立臺東大學,04131028,資訊管理學系產業管理與數位行銷進修學士班,P 進,B 學士,95,111
30,國立臺東大學,05111020,生命科學系,D 日,B 學士,165,111
30,國立臺東大學,05399021,應用科學系,D 日,B 學士,317,111
30,國立臺東大學,05411024,應用數學系,D 日,B 學士,165,111
30,國立臺東大學,06131028,資訊管理學系,D 日,B 學士,194,111
30,國立臺東大學,06131029,資訊工程學系,D 日,B 學士,381,111
30,國立臺東大學,06199023,綠色與資訊科技學士學位學程,D 日,B 學士,122,111
30,國立臺東大學,09191040,高齡健康與照護管理原住民專班,D 日,B 學士,102,111
30,國立臺東大學,10141034,運動競技學士學位學程,D 日,B 學士,129,111
30,國立臺東大學,10151031,文化資源與休閒產業學系,D 日,B 學士,179,111
30,國立臺東大學,10151031,文化資源與休閒產業學系產業經營進修學士班,P 進,B 學士,112,111
30,國立臺東大學,10152035,身心整合與運動休閒產業學系,D 日,B 學士,160,111
30,國立臺東大學,99999044,全校不分系學士學位學程,D 日,B 學士,17,111
31,國立宜蘭大學,02311001,外國語文學系,D 日,B 學士,196,111
31,國立宜蘭大學,03111007,應用經濟與管理學系,D 日,B 學士,374,111
31,國立宜蘭大學,07111023,化學工程與材料工程學系,D 日,B 學士,377,111
31,國立宜蘭大學,07121024,環境工程學系,D 日,B 學士,192,111
31,國立宜蘭大學,07121024,環境工程學系,P 進,B 學士,98,111
31,國立宜蘭大學,07141011,電機工程學系,D 日,B 學士,367,111
31,國立宜蘭大學,07141011,電機工程學系,P 進,B 學士,94,111
31,國立宜蘭大學,07141012,電子工程學系,D 日,B 學士,370,111
31,國立宜蘭大學,07141013,資訊工程學系,D 日,B 學士,202,111
31,國立宜蘭大學,07151017,機械與機電工程學系,D 日,B 學士,372,111
31,國立宜蘭大學,07151019,生物機電工程學系,D 日,B 學士,207,111
31,國立宜蘭大學,07211033,食品科學系,D 日,B 學士,360,111
31,國立宜蘭大學,07321021,土木工程學系,D 日,B 學士,416,111
31,國立宜蘭大學,08112030,生物技術與動物科學系,D 日,B 學士,385,111
31,國立宜蘭大學,08121031,園藝學系,D 日,B 學士,214,111
31,國立宜蘭大學,08193040,智慧休閒農業進修學士學位學程,P 進,B 學士,98,111
31,國立宜蘭大學,08199037,生物資源學院原住民專班,D 日,B 學士,66,111
31,國立宜蘭大學,08211036,森林暨自然資源學系,D 日,B 學士,196,111
31,國立宜蘭大學,10152038,休閒產業與健康促進學系,D 日,B 學士,194,111
31,國立宜蘭大學,10152038,休閒產業與健康促進學系,P 進,B 學士,113,111
32,國立聯合大學,02122005,文化創意與數位行銷學系,D 日,B 學士,190,111
32,國立聯合大學,02122005,文化創意與數位行銷學系,P 進,B 學士,134,111
32,國立聯合大學,02123006,工業設計學系,D 日,B 學士,147,111
32,國立聯合大學,02123006,工業設計學系,P 進,B 學士,47,111
32,國立聯合大學,02123044,原住民學士學位學程專班,D 日,B 學士,44,111
32,國立聯合大學,02321001,臺灣語文與傳播學系,D 日,B 學士,146,111
32,國立聯合大學,02323002,華語文學系,D 日,B 學士,170,111
32,國立聯合大學,04121014,財務金融學系,D 日,B 學士,206,111
32,國立聯合大學,04121014,財務金融學系,P 進,B 學士,30,111
32,國立聯合大學,04131011,經營管理學系,D 日,B 學士,568,111
32,國立聯合大學,04131011,經營管理學系,P 進,B 學士,170,111
32,國立聯合大學,06131016,資訊管理學系,D 日,B 學士,359,111
32,國立聯合大學,06131020,資訊工程學系,D 日,B 學士,190,111
32,國立聯合大學,06131020,資訊工程學系,P 進,B 學士,133,111
32,國立聯合大學,07111028,化學工程學系,D 日,B 學士,346,111
32,國立聯合大學,07111028,化學工程學系,P 進,B 學士,81,111
32,國立聯合大學,07112029,材料科學工程學系,D 日,B 學士,182,111
32,國立聯合大學,07121034,環境與安全衛生工程學系,D 日,B 學士,343,111
32,國立聯合大學,07132035,能源工程學系,D 日,B 學士,135,111
32,國立聯合大學,07141017,電機工程學系,D 日,B 學士,730,111
32,國立聯合大學,07141018,電子工程學系,D 日,B 學士,740,111
32,國立聯合大學,07141019,光電工程學系,D 日,B 學士,346,111
32,國立聯合大學,07151025,機械工程學系,D 日,B 學士,715,111
32,國立聯合大學,07151025,機械工程學系,P 進,B 學士,204,111
32,國立聯合大學,07311040,建築學系,D 日,B 學士,204,111
32,國立聯合大學,07311040,建築學系室內設計進修學士班,P 進,B 學士,2,111
32,國立聯合大學,07321027,土木與防災工程學系,D 日,B 學士,190,111
32,國立聯合大學,07321027,土木與防災工程學系,P 進,B 學士,125,111
32,國立聯合大學,10151042,文化觀光產業學系,D 日,B 學士,171,111
32,國立聯合大學,10151042,文化觀光產業學系,P 進,B 學士,127,111
35,國立臺南藝術大學,02141020,材質創作與設計系,D 日,B 學士,212,111
35,國立臺南藝術大學,02151001,音樂學系,D 日,B 學士,77,111
35,國立臺南藝術大學,02151002,中國音樂學系,D 日,B 學士,98,111
35,國立臺南藝術大學,02151003,應用音樂學系,D 日,B 學士,243,111
35,國立臺南藝術大學,02191014,藝術史學系,D 日,B 學士,159,111
36,國立臺南大學,01111001,教育學系,D 日,B 學士,301,111
36,國立臺南大學,01113019,特殊教育學系,D 日,B 學士,179,111
36,國立臺南大學,01121018,幼兒教育學系,D 日,B 學士,171,111
36,國立臺南大學,01141017,體育學系,D 日,B 學士,194,111
36,國立臺南大學,02111030,視覺藝術與設計學系,D 日,B 學士,183,111
36,國立臺南大學,02151027,音樂學系,D 日,B 學士,168,111
36,國立臺南大學,02151027,音樂學系,P 進,B 學士,22,111
36,國立臺南大學,02152029,戲劇創作與應用學系,D 日,B 學士,168,111
36,國立臺南大學,02311032,英語學系,D 日,B 學士,189,111
36,國立臺南大學,02311032,英語學系,P 進,B 學士,53,111
36,國立臺南大學,02322031,國語文學系,D 日,B 學士,268,111
36,國立臺南大學,03131036,諮商與輔導學系,D 日,B 學士,190,111
36,國立臺南大學,03143037,文化與自然資源學系,D 日,B 學士,161,111
36,國立臺南大學,04131041,經營與管理學系,D 日,B 學士,158,111
36,國立臺南大學,04134040,行政管理學系,D 日,B 學士,178,111
36,國立臺南大學,05121044,生物科技學系,D 日,B 學士,172,111
36,國立臺南大學,05212063,生態暨環境資源學系,D 日,B 學士,149,111
36,國立臺南大學,05411047,應用數學系,D 日,B 學士,154,111
36,國立臺南大學,06131052,資訊工程學系,D 日,B 學士,186,111
36,國立臺南大學,06134024,數位學習科技學系,D 日,B 學士,205,111
36,國立臺南大學,07112055,材料科學系,D 日,B 學士,174,111
36,國立臺南大學,07132058,綠色能源科技學系,D 日,B 學士,168,111
36,國立臺南大學,07132058,綠色能源科技學系,P 進,B 學士,105,111
36,國立臺南大學,07141049,電機工程學系,D 日,B 學士,186,111
37,國立臺北教育大學,01113003,特殊教育學系,D 日,B 學士,191,111
37,國立臺北教育大學,01114044,教育經營與管理學系,D 日,B 學士,178,111
37,國立臺北教育大學,01121035,幼兒與家庭教育學系,D 日,B 學士,192,111
37,國立臺北教育大學,01131001,教育學系,D 日,B 學士,192,111
37,國立臺北教育大學,01131038,數學暨資訊教育學系,D 日,B 學士,239,111
37,國立臺北教育大學,01141002,體育學系,D 日,B 學士,231,111
37,國立臺北教育大學,02121014,藝術與造形設計學系,D 日,B 學士,338,111
37,國立臺北教育大學,02121028,文化創意產業經營學系,D 日,B 學士,184,111
37,國立臺北教育大學,02122011,數位科技設計學系,D 日,B 學士,175,111
37,國立臺北教育大學,02151031,音樂學系,D 日,B 學士,176,111
37,國立臺北教育大學,02311023,兒童英語教育學系,D 日,B 學士,142,111
37,國立臺北教育大學,02322018,語文與創作學系,D 日,B 學士,342,111
37,國立臺北教育大學,03131007,心理與諮商學系,D 日,B 學士,195,111
37,國立臺北教育大學,03191005,社會與區域發展學系,D 日,B 學士,200,111
37,國立臺北教育大學,05399040,自然科學教育學系,D 日,B 學士,188,111
37,國立臺北教育大學,06131004,資訊科學系,D 日,B 學士,162,111
39,國立臺中教育大學,01111001,教育學系,D 日,B 學士,168,111
39,國立臺中教育大學,01113022,特殊教育學系,D 日,B 學士,185,111
39,國立臺中教育大學,01121021,幼兒教育學系,D 日,B 學士,200,111
39,國立臺中教育大學,01131006,語文教育學系,D 日,B 學士,180,111
39,國立臺中教育大學,01131008,科學教育與應用學系,D 日,B 學士,174,111
39,國立臺中教育大學,01131011,數學教育學系,D 日,B 學士,180,111
39,國立臺中教育大學,01131019,體育學系,D 日,B 學士,202,111
39,國立臺中教育大學,02122034,文化創意產業設計與營運學系,D 日,B 學士,188,111
39,國立臺中教育大學,02131029,美術學系,D 日,B 學士,183,111
39,國立臺中教育大學,02151030,音樂學系,D 日,B 學士,155,111
39,國立臺中教育大學,02311032,英語學系,D 日,B 學士,168,111
39,國立臺中教育大學,02321031,臺灣語文學系,D 日,B 學士,186,111
39,國立臺中教育大學,03131035,諮商與應用心理學系,D 日,B 學士,192,111
39,國立臺中教育大學,03191037,區域與社會發展學系,D 日,B 學士,191,111
39,國立臺中教育大學,04131039,國際企業學系,D 日,B 學士,263,111
39,國立臺中教育大學,06131042,資訊工程學系,D 日,B 學士,207,111
39,國立臺中教育大學,06133041,數位內容科技學系,D 日,B 學士,189,111
44,國立體育大學,01113017,適應體育學系,D 日,B 學士,197,111
44,國立體育大學,01141016,體育推廣學系,D 日,B 學士,405,111
44,國立體育大學,10141005,球類運動技術學系,D 日,B 學士,275,111
44,國立體育大學,10141006,陸上運動技術學系,D 日,B 學士,198,111
44,國立體育大學,10141007,技擊運動技術學系,D 日,B 學士,231,111
44,國立體育大學,10141022,競技運動原住民專班,D 日,B 學士,112,111
44,國立體育大學,10152014,運動保健學系,D 日,B 學士,248,111
44,國立體育大學,10152015,休閒產業經營學系,D 日,B 學士,248,111
48,國立金門大學,02311002,應用英語學系,D 日,B 學士,221,111
48,國立金門大學,02322001,華語文學系,D 日,B 學士,132,111
48,國立金門大學,03121006,國際暨大陸事務學系,D 日,B 學士,142,111
48,國立金門大學,03121006,國際暨大陸事務學系,P 進,B 學士,118,111
48,國立金門大學,04131009,企業管理學系,D 日,B 學士,347,111
48,國立金門大學,04131009,企業管理學系,P 進,B 學士,243,111
48,國立金門大學,04212013,海洋與邊境管理學系,D 日,B 學士,140,111
48,國立金門大學,06131019,資訊工程學系,D 日,B 學士,210,111
48,國立金門大學,06131019,資訊工程學系,P 進,B 學士,1,111
48,國立金門大學,07141017,電子工程學系,D 日,B 學士,309,111
48,國立金門大學,07191025,工業工程與管理學系,D 日,B 學士,154,111
48,國立金門大學,07211029,食品科學系,D 日,B 學士,150,111
48,國立金門大學,07311026,建築學系,D 日,B 學士,189,111
48,國立金門大學,07313028,都市計畫與景觀學系,D 日,B 學士,114,111
48,國立金門大學,07321021,土木與工程管理學系,D 日,B 學士,139,111
48,國立金門大學,09131031,護理學系,D 日,B 學士,155,111
48,國立金門大學,09191032,長期照護學系,D 日,B 學士,164,111
48,國立金門大學,09231033,社會工作學系,D 日,B 學士,174,111
48,國立金門大學,09231033,社會工作學系,P 進,B 學士,135,111
48,國立金門大學,10151034,觀光管理學系,D 日,B 學士,192,111
48,國立金門大學,10151034,觀光管理學系,P 進,B 學士,168,111
48,國立金門大學,10152036,運動與休閒學系,D 日,B 學士,159,111
48,國立金門大學,10152036,運動與休閒學系,P 進,B 學士,110,111
49,國立臺灣體育運動大學,01141001,體育學系,D 日,B 學士,420,111
49,國立臺灣體育運動大學,01141001,體育學系,P 進,B 學士,367,111
49,國立臺灣體育運動大學,02112012,運動資訊與傳播學系,D 日,B 學士,196,111
49,國立臺灣體育運動大學,02152002,舞蹈學系,D 日,B 學士,201,111
49,國立臺灣體育運動大學,04199010,運動事業管理學系,D 日,B 學士,212,111
49,國立臺灣體育運動大學,10141003,競技運動學系,D 日,B 學士,216,111
49,國立臺灣體育運動大學,10141004,球類運動學系,D 日,B 學士,463,111
49,國立臺灣體育運動大學,10141005,技擊運動學系,D 日,B 學士,223,111
49,國立臺灣體育運動大學,10142006,運動健康科學學系,D 日,B 學士,200,111
49,國立臺灣體育運動大學,10152007,休閒運動學系,D 日,B 學士,220,111
52,國立屏東大學,01111001,教育學系,D 日,B 學士,317,111
52,國立屏東大學,01111003,教育心理與輔導學系,D 日,B 學士,176,111
52,國立屏東大學,01113017,特殊教育學系,D 日,B 學士,138,111
52,國立屏東大學,01121016,幼兒教育學系,D 日,B 學士,276,111
52,國立屏東大學,01141014,體育學系,D 日,B 學士,193,111
52,國立屏東大學,02111025,視覺藝術學系,D 日,B 學士,175,111
52,國立屏東大學,02151024,音樂學系,D 日,B 學士,99,111
52,國立屏東大學,02299033,文化創意產業學系,D 日,B 學士,170,111
52,國立屏東大學,02299075,文化發展學士學位學程原住民專班,D 日,B 學士,138,111
52,國立屏東大學,02311029,英語學系,D 日,B 學士,145,111
52,國立屏東大學,02311030,應用英語學系,D 日,B 學士,209,111
52,國立屏東大學,02311031,應用日語學系,D 日,B 學士,243,111
52,國立屏東大學,02322027,中國語文學系,D 日,B 學士,163,111
52,國立屏東大學,03141036,社會發展學系,D 日,B 學士,167,111
52,國立屏東大學,04111038,會計學系,D 日,B 學士,413,111
52,國立屏東大學,04121045,財務金融學系,D 日,B 學士,250,111
52,國立屏東大學,04121045,財務金融學系,P 進,B 學士,126,111
52,國立屏東大學,04131039,企業管理學系,D 日,B 學士,244,111
52,國立屏東大學,04131039,企業管理學系,P 進,B 學士,200,111
52,國立屏東大學,04131042,商業自動化與管理學系,D 日,B 學士,218,111
52,國立屏東大學,04132046,行銷與流通管理學系,D 日,B 學士,260,111
52,國立屏東大學,04132046,行銷與流通管理學系,P 進,B 學士,161,111
52,國立屏東大學,04141044,國際貿易學系,D 日,B 學士,0,111
52,國立屏東大學,04141044,國際貿易學系,P 進,B 學士,0,111
52,國立屏東大學,04141076,國際經營與貿易學系,D 日,B 學士,253,111
52,國立屏東大學,04141076,國際經營與貿易學系,P 進,B 學士,99,111
52,國立屏東大學,04199047,不動產經營學系,D 日,B 學士,238,111
52,國立屏東大學,04199080,大數據商務應用學士學位學程,D 日,B 學士,42,111
52,國立屏東大學,05311050,應用化學系,D 日,B 學士,193,111
52,國立屏東大學,05331053,應用物理系,D 日,B 學士,268,111
52,國立屏東大學,05411055,應用數學系,D 日,B 學士,142,111
52,國立屏東大學,06131057,資訊管理學系,D 日,B 學士,241,111
52,國立屏東大學,06131057,資訊管理學系,P 進,B 學士,129,111
52,國立屏東大學,06131061,資訊科學系,D 日,B 學士,0,111
52,國立屏東大學,06131077,電腦科學與人工智慧學系,D 日,B 學士,194,111
52,國立屏東大學,06199059,電腦與智慧型機器人學士學位學程,D 日,B 學士,29,111
52,國立屏東大學,06199062,電腦與通訊學系,D 日,B 學士,223,111
52,國立屏東大學,07141060,資訊工程學系,D 日,B 學士,302,111
52,國立屏東大學,07141068,智慧機器人學系,D 日,B 學士,126,111
52,國立屏東大學,10151065,休閒事業經營學系,D 日,B 學士,196,111
52,國立屏東大學,99999071,科學傳播學系,D 日,B 學士,97,111
1001,東海大學,02123011,工業設計學系,D 日,B 學士,165,111
1001,東海大學,02131002,美術學系,D 日,B 學士,204,111
1001,東海大學,02131002,美術學系,P 進,B 學士,115,111
1001,東海大學,02151003,音樂學系,D 日,B 學士,162,111
1001,東海大學,02221009,歷史學系,D 日,B 學士,226,111
1001,東海大學,02231010,哲學系,D 日,B 學士,195,111
1001,東海大學,02311005,外國語文學系,D 日,B 學士,392,111
1001,東海大學,02311007,日本語言文化學系,D 日,B 學士,426,111
1001,東海大學,02322004,中國文學系,D 日,B 學士,394,111
1001,東海大學,03111012,經濟學系,D 日,B 學士,492,111
1001,東海大學,03111012,經濟學系,P 進,B 學士,1,111
1001,東海大學,03121013,政治學系,D 日,B 學士,386,111
1001,東海大學,03141014,社會學系,D 日,B 學士,377,111
1001,東海大學,04111018,會計學系,D 日,B 學士,462,111
1001,東海大學,04121024,財務金融學系,D 日,B 學士,502,111
1001,東海大學,04131019,企業管理學系,D 日,B 學士,683,111
1001,東海大學,04131021,國際學院國際經營管理學位學程,D 日,B 學士,268,111
1001,東海大學,04134016,行政管理暨政策學系,D 日,B 學士,339,111
1001,東海大學,04141023,國際經營與貿易學系,D 日,B 學士,636,111
1001,東海大學,04211027,法律學系,D 日,B 學士,513,111
1001,東海大學,04211027,法律學系,P 進,B 學士,122,111
1001,東海大學,05111028,生命科學系,D 日,B 學士,336,111
1001,東海大學,05211056,永續科學與工程學士學位學程,D 日,B 學士,0,111
1001,東海大學,05211065,永續科學與管理學士學位學程,D 日,B 學士,77,111
1001,東海大學,05311030,化學系,D 日,B 學士,353,111
1001,東海大學,05331032,應用物理學系,D 日,B 學士,201,111
1001,東海大學,05411034,應用數學系,D 日,B 學士,166,111
1001,東海大學,05421035,統計學系,D 日,B 學士,372,111
1001,東海大學,06131039,資訊工程學系,D 日,B 學士,625,111
1001,東海大學,06131039,資訊工程學系,P 進,B 學士,17,111
1001,東海大學,06134036,資訊管理學系,D 日,B 學士,267,111
1001,東海大學,07111042,化學工程與材料工程學系,D 日,B 學士,348,111
1001,東海大學,07121045,環境科學與工程學系,D 日,B 學士,311,111
1001,東海大學,07141037,電機工程學系,D 日,B 學士,367,111
1001,東海大學,07191044,工業工程與經營資訊學系,D 日,B 學士,383,111
1001,東海大學,07211052,食品科學系,D 日,B 學士,354,111
1001,東海大學,07311048,建築學系,D 日,B 學士,181,111
1001,東海大學,07312049,景觀學系,D 日,B 學士,198,111
1001,東海大學,08112051,畜產與生物科技學系,D 日,B 學士,385,111
1001,東海大學,09199063,高齡健康與運動科學學士學位學程,D 日,B 學士,112,111
1001,東海大學,09231053,社會工作學系,D 日,B 學士,472,111
1001,東海大學,10131054,餐旅管理學系,D 日,B 學士,257,111
1001,東海大學,10152055,運動休閒與健康管理學位學程,P 進,B 學士,53,111
1001,東海大學,99999064,國際學院不分系英語學士班,D 日,B 學士,20,111
1002,輔仁大學,01114046,教育領導與科技發展學士學位學程,D 日,B 學士,138,111
1002,輔仁大學,02122078,應用美術學系,D 日,B 學士,256,111
1002,輔仁大學,02122078,應用美術學系,P 進,B 學士,241,111
1002,輔仁大學,02122087,藝術與文化創意學士學位學程,P 進,B 學士,224,111
1002,輔仁大學,02124095,室內設計進修學士學位學程,P 進,B 學士,134,111
1002,輔仁大學,02125082,織品服裝學系,D 日,B 學士,1014,111
1002,輔仁大學,02151034,音樂學系,D 日,B 學士,175,111
1002,輔仁大學,02211006,天主教研修學士學位學程,D 日,B 學士,32,111
1002,輔仁大學,02211019,宗教學系,D 日,B 學士,239,111
1002,輔仁大學,02211019,宗教學系,P 進,B 學士,16,111
1002,輔仁大學,02221074,歷史學系,D 日,B 學士,438,111
1002,輔仁大學,02221074,歷史學系,P 進,B 學士,96,111
1002,輔仁大學,02231037,哲學系,D 日,B 學士,443,111
1002,輔仁大學,02231037,哲學系,P 進,B 學士,17,111
1002,輔仁大學,02299093,人文社會服務進修學士學位學程,P 進,B 學士,148,111
1002,輔仁大學,02311009,日本語文學系,D 日,B 學士,482,111
1002,輔仁大學,02311009,日本語文學系,P 進,B 學士,400,111
1002,輔仁大學,02311016,西班牙語文學系,D 日,B 學士,260,111
1002,輔仁大學,02311021,法國語文學系,D 日,B 學士,263,111
1002,輔仁大學,02311033,英國語文學系,D 日,B 學士,266,111
1002,輔仁大學,02311033,英國語文學系,P 進,B 學士,310,111
1002,輔仁大學,02311057,義大利語文學系,D 日,B 學士,255,111
1002,輔仁大學,02311072,德語語文學系,D 日,B 學士,255,111
1002,輔仁大學,02322003,中國文學系,D 日,B 學士,487,111
1002,輔仁大學,02322003,中國文學系,P 進,B 學士,102,111
1002,輔仁大學,03111055,經濟學系,D 日,B 學士,449,111
1002,輔仁大學,03111055,經濟學系,P 進,B 學士,174,111
1002,輔仁大學,03131007,心理學系,D 日,B 學士,273,111
1002,輔仁大學,03131081,臨床心理學系,D 日,B 學士,284,111
1002,輔仁大學,03141023,社會學系,D 日,B 學士,247,111
1002,輔仁大學,03211001,大眾傳播學士學位學程,P 進,B 學士,490,111
1002,輔仁大學,03212053,新聞傳播學系,D 日,B 學士,260,111
1002,輔仁大學,03213070,影像傳播學系,D 日,B 學士,294,111
1002,輔仁大學,03222065,圖書資訊學系,D 日,B 學士,230,111
1002,輔仁大學,03222065,圖書資訊學系,P 進,B 學士,47,111
1002,輔仁大學,04111054,會計學系,D 日,B 學士,487,111
1002,輔仁大學,04121027,金融與國際企業學系,D 日,B 學士,489,111
1002,輔仁大學,04131015,企業管理學系,D 日,B 學士,791,111
1002,輔仁大學,04131039,商業管理學士學位學程,P 進,B 學士,456,111
1002,輔仁大學,04143069,廣告傳播學系,D 日,B 學士,276,111
1002,輔仁大學,04211020,法律學系,D 日,B 學士,651,111
1002,輔仁大學,04211020,法律學系,P 進,B 學士,236,111
1002,輔仁大學,04211038,財經法律學系,D 日,B 學士,252,111
1002,輔仁大學,05111011,生命科學系,D 日,B 學士,442,111
1002,輔仁大學,05191080,營養科學系,D 日,B 學士,251,111
1002,輔仁大學,05311005,化學系,D 日,B 學士,503,111
1002,輔仁大學,05331022,物理學系,D 日,B 學士,398,111
1002,輔仁大學,05411073,數學系,D 日,B 學士,433,111
1002,輔仁大學,05421049,統計資訊學系,D 日,B 學士,455,111
1002,輔仁大學,06131058,資訊工程學系,D 日,B 學士,549,111
1002,輔仁大學,06131059,資訊管理學系,D 日,B 學士,483,111
1002,輔仁大學,06131098,人工智慧與資訊安全學士學位學程,D 日,B 學士,54,111
1002,輔仁大學,06132050,軟體工程與數位創意學士學位學程,P 進,B 學士,199,111
1002,輔仁大學,06132097,醫學資訊與健康科技進修學士學位學程,P 進,B 學士,66,111
1002,輔仁大學,06134096,資訊創新與數位生活進修學士學位學程,P 進,B 學士,80,111
1002,輔仁大學,06199086,醫學資訊與創新應用學士學位學程,D 日,B 學士,153,111
1002,輔仁大學,07141064,電機工程學系,D 日,B 學士,511,111
1002,輔仁大學,07211035,食品科學系,D 日,B 學士,232,111
1002,輔仁大學,07312052,景觀設計學系,D 日,B 學士,269,111
1002,輔仁大學,09121085,醫學系,D 日,B 學士,326,111
1002,輔仁大學,09131088,護理學系,D 日,B 學士,396,111
1002,輔仁大學,09152084,職能治療學系,D 日,B 學士,250,111
1002,輔仁大學,09191004,公共衛生學系,D 日,B 學士,226,111
1002,輔仁大學,09199018,呼吸治療學系,D 日,B 學士,153,111
1002,輔仁大學,09211094,長期照護與健康管理進修學士學位學程,P 進,B 學士,165,111
1002,輔仁大學,09221017,兒童與家庭學系,D 日,B 學士,254,111
1002,輔仁大學,09231024,社會工作學系,D 日,B 學士,286,111
1002,輔仁大學,10131075,餐旅管理學系,D 日,B 學士,468,111
1002,輔仁大學,10131075,餐旅管理學系,P 進,B 學士,225,111
1002,輔仁大學,10141089,體育學系,D 日,B 學士,818,111
1002,輔仁大學,10152062,運動休閒管理學士學位學程,P 進,B 學士,255,111
1002,輔仁大學,99999099,跨領域全英語學士學位學程,D 日,B 學士,12,111
1003,東吳大學,02151001,音樂學系,D 日,B 學士,250,111
1003,東吳大學,02221006,歷史學系,D 日,B 學士,238,111
1003,東吳大學,02231007,哲學系,D 日,B 學士,233,111
1003,東吳大學,02311004,英文學系,D 日,B 學士,684,111
1003,東吳大學,02311004,英文學系,P 進,B 學士,117,111
1003,東吳大學,02311005,日本語文學系,D 日,B 學士,839,111
1003,東吳大學,02311005,日本語文學系,P 進,B 學士,380,111
1003,東吳大學,02311012,德國文化學系,D 日,B 學士,227,111
1003,東吳大學,02313034,外國語文學院跨領域國際學士班,D 日,B 學士,14,111
1003,東吳大學,02322002,中國文學系,D 日,B 學士,669,111
1003,東吳大學,02322002,中國文學系,P 進,B 學士,85,111
1003,東吳大學,03111008,經濟學系,D 日,B 學士,765,111
1003,東吳大學,03121009,政治學系,D 日,B 學士,485,111
1003,東吳大學,03131011,心理學系,D 日,B 學士,275,111
1003,東吳大學,03141010,社會學系,D 日,B 學士,467,111
1003,東吳大學,04111015,會計學系,D 日,B 學士,974,111
1003,東吳大學,04121027,財務工程與精算數學系,D 日,B 學士,730,111
1003,東吳大學,04131016,企業管理學系,D 日,B 學士,951,111
1003,東吳大學,04141019,國際經營與貿易學系,D 日,B 學士,536,111
1003,東吳大學,04191014,商學進修學士班,P 進,B 學士,190,111
1003,東吳大學,04199031,巨量資料管理學院學士學位學程,D 日,B 學士,198,111
1003,東吳大學,04199032,巨量資料分析學士後多元專長培力課程專班,D 日,B 學士,0,111
1003,東吳大學,04211021,法律學系,D 日,B 學士,1217,111
1003,東吳大學,05122022,微生物學系,D 日,B 學士,206,111
1003,東吳大學,05311023,化學系,D 日,B 學士,210,111
1003,東吳大學,05331024,物理學系,D 日,B 學士,202,111
1003,東吳大學,05411025,數學系,D 日,B 學士,186,111
1003,東吳大學,06131028,資訊管理學系,D 日,B 學士,522,111
1003,東吳大學,06134033,資料科學系,D 日,B 學士,166,111
1003,東吳大學,09231030,社會工作學系,D 日,B 學士,528,111
1004,中原大學,01113002,特殊教育學系,D 日,B 學士,192,111
1004,中原大學,02112008,商業設計學系,D 日,B 學士,386,111
1004,中原大學,02122048,設計學院設計學士原住民專班,D 日,B 學士,47,111
1004,中原大學,02122055,設計學院社會設計學士學位學程,D 日,B 學士,1,111
1004,中原大學,02124009,室內設計學系,D 日,B 學士,349,111
1004,中原大學,02299053,人文與教育學院學士學位學程,D 日,B 學士,54,111
1004,中原大學,02311005,應用外國語文學系,D 日,B 學士,423,111
1004,中原大學,02323004,應用華語文學系,D 日,B 學士,486,111
1004,中原大學,03131011,心理學系,D 日,B 學士,569,111
1004,中原大學,04111013,會計學系,D 日,B 學士,667,111
1004,中原大學,04121019,財務金融學系,D 日,B 學士,457,111
1004,中原大學,04131014,企業管理學系,D 日,B 學士,885,111
1004,中原大學,04141018,國際經營與貿易學系,D 日,B 學士,526,111
1004,中原大學,04191017,國際商學學士學位學程,D 日,B 學士,68,111
1004,中原大學,04191057,中原大學與美國天普大學商學管理雙學士學位學程,D 日,B 學士,60,111
1004,中原大學,04212021,財經法律學系,D 日,B 學士,533,111
1004,中原大學,05121022,生物科技學系,D 日,B 學士,396,111
1004,中原大學,05311023,化學系,D 日,B 學士,466,111
1004,中原大學,05331024,物理學系,D 日,B 學士,431,111
1004,中原大學,05411027,應用數學系,D 日,B 學士,412,111
1004,中原大學,06121060,中原大學美國威大密爾瓦基分校電機與資訊工程雙學士學位學程,D 日,B 學士,37,111
1004,中原大學,06131028,資訊管理學系,D 日,B 學士,502,111
1004,中原大學,06131031,資訊工程學系,D 日,B 學士,506,111
1004,中原大學,06131062,電機資訊學院智慧運算與大數據學士班,D 日,B 學士,75,111
1004,中原大學,07111037,化學工程學系,D 日,B 學士,691,111
1004,中原大學,07121042,環境工程學系,D 日,B 學士,213,111
1004,中原大學,07141029,電機工程學系,D 日,B 學士,501,111
1004,中原大學,07141030,電子工程學系,D 日,B 學士,610,111
1004,中原大學,07141033,電機資訊學院學士班,D 日,B 學士,203,111
1004,中原大學,07151034,機械工程學系,D 日,B 學士,710,111
1004,中原大學,07191041,工業與系統工程學系,D 日,B 學士,631,111
1004,中原大學,07193043,生物醫學工程學系,D 日,B 學士,442,111
1004,中原大學,07311046,建築學系,D 日,B 學士,305,111
1004,中原大學,07312059,地景建築學系,D 日,B 學士,231,111
1004,中原大學,07321035,土木工程學系,D 日,B 學士,633,111
1004,中原大學,99999061,全校外籍生大一不分系學士學位學程,D 日,B 學士,53,111
1005,淡江大學,01116092,教育科技學系,D 日,B 學士,423,111
1005,淡江大學,01199108,教育與未來設計學系,D 日,B 學士,77,111
1005,淡江大學,02221078,歷史學系,D 日,B 學士,474,111
1005,淡江大學,02311081,俄國語文學系,D 日,B 學士,220,111
1005,淡江大學,02311082,日本語文學系,D 日,B 學士,928,111
1005,淡江大學,02311082,日本語文學系,P 進,B 學士,160,111
1005,淡江大學,02311084,西班牙語文學系,D 日,B 學士,476,111
1005,淡江大學,02311085,德國語文學系,D 日,B 學士,253,111
1005,淡江大學,02311086,法國語文學系,D 日,B 學士,434,111
1005,淡江大學,02311088,英文學系,D 日,B 學士,797,111
1005,淡江大學,02311088,英文學系,P 進,B 學士,115,111
1005,淡江大學,02322090,中國文學學系,D 日,B 學士,501,111
1005,淡江大學,02322090,中國文學學系,P 進,B 學士,1,111
1005,淡江大學,03111075,產業經濟學系,D 日,B 學士,405,111
1005,淡江大學,03111076,經濟學系,D 日,B 學士,658,111
1005,淡江大學,03121074,全球政治經濟學系全英語學士班,D 日,B 學士,146,111
1005,淡江大學,03122059,外交與國際關係學系全英語學士班,D 日,B 學士,283,111
1005,淡江大學,03211055,大眾傳播學系,D 日,B 學士,291,111
1005,淡江大學,03214054,資訊傳播學系,D 日,B 學士,417,111
1005,淡江大學,03222052,資訊與圖書館學系,D 日,B 學士,447,111
1005,淡江大學,04111051,會計學系,D 日,B 學士,763,111
1005,淡江大學,04111051,會計學系,P 進,B 學士,2,111
1005,淡江大學,04121035,商管學院全球財務管理全英語學士學位學程,D 日,B 學士,141,111
1005,淡江大學,04121037,財務金融學系,D 日,B 學士,733,111
1005,淡江大學,04121037,財務金融學系,P 進,B 學士,133,111
1005,淡江大學,04123104,風險管理與保險學系,D 日,B 學士,427,111
1005,淡江大學,04131040,國際企業學系,D 日,B 學士,777,111
1005,淡江大學,04131040,國際企業學系,P 進,B 學士,102,111
1005,淡江大學,04131047,管理科學學系,D 日,B 學士,447,111
1005,淡江大學,04131049,企業管理學系,D 日,B 學士,637,111
1005,淡江大學,04131049,企業管理學系,P 進,B 學士,183,111
1005,淡江大學,04134061,公共行政學系,D 日,B 學士,439,111
1005,淡江大學,04134061,公共行政學系,P 進,B 學士,74,111
1005,淡江大學,05311031,化學學系,D 日,B 學士,403,111
1005,淡江大學,05331030,物理學系,D 日,B 學士,331,111
1005,淡江大學,05399029,理學院尖端材料科學學士學位學程,D 日,B 學士,153,111
1005,淡江大學,05411026,數學學系,D 日,B 學士,365,111
1005,淡江大學,05421024,統計學系,D 日,B 學士,670,111
1005,淡江大學,06131018,資訊工程學系,D 日,B 學士,1097,111
1005,淡江大學,06131018,資訊工程學系,P 進,B 學士,156,111
1005,淡江大學,06131023,資訊管理學系,D 日,B 學士,724,111
1005,淡江大學,06131107,人工智慧學系,D 日,B 學士,165,111
1005,淡江大學,07111010,化學工程與材料工程學系,D 日,B 學士,440,111
1005,淡江大學,07122009,水資源及環境工程學系,D 日,B 學士,445,111
1005,淡江大學,07141019,電機工程學系,D 日,B 學士,796,111
1005,淡江大學,07141019,電機工程學系,P 進,B 學士,76,111
1005,淡江大學,07151015,機械與機電工程學系,D 日,B 學士,464,111
1005,淡江大學,07162017,航空太空工程學系,D 日,B 學士,509,111
1005,淡江大學,07311007,建築學系,D 日,B 學士,337,111
1005,淡江大學,07321012,土木工程學系,D 日,B 學士,485,111
1005,淡江大學,10151005,國際觀光管理學系全英語學士班,D 日,B 學士,349,111
1005,淡江大學,10411002,運輸管理學系,D 日,B 學士,472,111
1006,中國文化大學,01111046,教育學系,D 日,B 學士,213,111
1006,中國文化大學,01141023,體育學系,D 日,B 學士,452,111
1006,中國文化大學,02112060,數位媒體學士學位學程,P 進,B 學士,100,111
1006,中國文化大學,02131059,美術學系,D 日,B 學士,240,111
1006,中國文化大學,02151007,中國音樂學系,D 日,B 學士,137,111
1006,中國文化大學,02151040,音樂學系,D 日,B 學士,176,111
1006,中國文化大學,02152008,中國戲劇學系,D 日,B 學士,191,111
1006,中國文化大學,02152009,舞蹈學系,D 日,B 學士,125,111
1006,中國文化大學,02152043,戲劇學系,D 日,B 學士,282,111
1006,中國文化大學,02221098,史學系,D 日,B 學士,192,111
1006,中國文化大學,02231081,哲學系,D 日,B 學士,150,111
1006,中國文化大學,02311010,韓國語文學系,D 日,B 學士,432,111
1006,中國文化大學,02311047,俄國語文學系,D 日,B 學士,134,111
1006,中國文化大學,02311052,英國語文學系,D 日,B 學士,379,111
1006,中國文化大學,02311077,日本語文學系,D 日,B 學士,493,111
1006,中國文化大學,02311079,德國語文學系,D 日,B 學士,17,111
1006,中國文化大學,02311089,法國語文學系,D 日,B 學士,184,111
1006,中國文化大學,02322001,中國文學系,D 日,B 學士,540,111
1006,中國文化大學,03111099,經濟學系,D 日,B 學士,369,111
1006,中國文化大學,03121061,政治學系,D 日,B 學士,199,111
1006,中國文化大學,03131004,心理輔導學系,D 日,B 學士,235,111
1006,中國文化大學,03142088,地理學系,D 日,B 學士,186,111
1006,中國文化大學,03199051,勞動暨人力資源學系,D 日,B 學士,376,111
1006,中國文化大學,03211036,大眾傳播學系,D 日,B 學士,554,111
1006,中國文化大學,03212033,新聞學系,D 日,B 學士,436,111
1006,中國文化大學,03214101,資訊傳播學系,D 日,B 學士,447,111
1006,中國文化大學,04111065,會計學系,D 日,B 學士,409,111
1006,中國文化大學,04121037,財務金融學系,D 日,B 學士,677,111
1006,中國文化大學,04121037,財務金融學系,P 進,B 學士,117,111
1006,中國文化大學,04131015,國際企業管理學系,D 日,B 學士,639,111
1006,中國文化大學,04131015,國際企業管理學系,P 進,B 學士,51,111
1006,中國文化大學,04134012,行政管理學系,D 日,B 學士,370,111
1006,中國文化大學,04141041,國際貿易學系,D 日,B 學士,601,111
1006,中國文化大學,04141041,國際貿易學系,P 進,B 學士,37,111
1006,中國文化大學,04143013,廣告學系,D 日,B 學士,492,111
1006,中國文化大學,04143013,廣告學系,P 進,B 學士,99,111
1006,中國文化大學,04143027,行銷學士學位學程,D 日,B 學士,70,111
1006,中國文化大學,04191014,全球商務學士學位學程,D 日,B 學士,227,111
1006,中國文化大學,04199064,時尚與創意產業品牌建構及經營進修學士學位學程,P 進,B 學士,253,111
1006,中國文化大學,04199123,表演藝術管理進修學士學位學程,P 進,B 學士,27,111
1006,中國文化大學,04212020,法律學系,D 日,B 學士,1111,111
1006,中國文化大學,05111091,生命科學系,D 日,B 學士,171,111
1006,中國文化大學,05191057,保健營養學系,D 日,B 學士,217,111
1006,中國文化大學,05311026,化學系,D 日,B 學士,168,111
1006,中國文化大學,05321083,土地資源學系,D 日,B 學士,205,111
1006,中國文化大學,05321112,地質學系,D 日,B 學士,144,111
1006,中國文化大學,05322097,大氣科學系,D 日,B 學士,137,111
1006,中國文化大學,05331115,光電物理學系,D 日,B 學士,132,111
1006,中國文化大學,05411114,應用數學系,D 日,B 學士,235,111
1006,中國文化大學,06131021,資訊工程學系,D 日,B 學士,437,111
1006,中國文化大學,06132006,資訊管理學系,D 日,B 學士,581,111
1006,中國文化大學,06132006,資訊管理學系,P 進,B 學士,44,111
1006,中國文化大學,07111028,化學工程與材料工程學系,D 日,B 學士,320,111
1006,中國文化大學,07141085,電機工程學系,D 日,B 學士,329,111
1006,中國文化大學,07151107,機械工程學系,D 日,B 學士,329,111
1006,中國文化大學,07192108,紡織工程學系,D 日,B 學士,163,111
1006,中國文化大學,07311068,建築及都市設計學系,D 日,B 學士,256,111
1006,中國文化大學,07312103,景觀學系,D 日,B 學士,173,111
1006,中國文化大學,07313118,都市計劃與開發管理學系,D 日,B 學士,178,111
1006,中國文化大學,08112116,動物科學系,D 日,B 學士,176,111
1006,中國文化大學,08121106,園藝暨生物技術學系,D 日,B 學士,172,111
1006,中國文化大學,08211054,森林暨自然保育學系,D 日,B 學士,218,111
1006,中國文化大學,09299082,社會福利學系,D 日,B 學士,434,111
1006,中國文化大學,10111090,生活應用科學系,D 日,B 學士,253,111
1006,中國文化大學,10141002,技擊運動暨國術學系,D 日,B 學士,214,111
1006,中國文化大學,10142093,運動與健康促進學系,D 日,B 學士,268,111
1006,中國文化大學,10151005,觀光事業學系,D 日,B 學士,521,111
1006,中國文化大學,10151070,休閒事業管理學士學位學程,P 進,B 學士,214,111
1006,中國文化大學,99999071,不分系招生,P 進,B 學士,362,111
1007,逢甲大學,02122006,創新設計學士學位學程,D 日,B 學士,3,111
1007,逢甲大學,02124007,室內設計進修學士班,P 進,B 學士,169,111
1007,逢甲大學,02299105,人文社會學士學位學程,D 日,B 學士,1,111
1007,逢甲大學,02311002,外國語文學系,D 日,B 學士,446,111
1007,逢甲大學,02322001,中國文學系,D 日,B 學士,228,111
1007,逢甲大學,03111009,經濟學系,D 日,B 學士,441,111
1007,逢甲大學,03111012,合作經濟暨社會事業經營學系,D 日,B 學士,235,111
1007,逢甲大學,04111017,會計學系,D 日,B 學士,754,111
1007,逢甲大學,04121025,財務金融學系,D 日,B 學士,728,111
1007,逢甲大學,04121028,財務工程與精算學士學位學程,D 日,B 學士,207,111
1007,逢甲大學,04122032,財稅學系,D 日,B 學士,480,111
1007,逢甲大學,04123029,風險管理與保險學系,D 日,B 學士,417,111
1007,逢甲大學,04131019,企業管理學系,D 日,B 學士,559,111
1007,逢甲大學,04131021,國際企業管理全英語學士學位學程,D 日,B 學士,127,111
1007,逢甲大學,04134086,土地管理學系,D 日,B 學士,450,111
1007,逢甲大學,04141024,國際經營與貿易學系,D 日,B 學士,889,111
1007,逢甲大學,04143033,行銷學系,D 日,B 學士,557,111
1007,逢甲大學,04191014,澳洲昆士蘭大學商學雙學士學位學程,D 日,B 學士,13,111
1007,逢甲大學,04191014,商學進修學士班,P 進,B 學士,446,111
1007,逢甲大學,04199035,澳洲墨爾本皇家理工大學商學與創新雙學士學位學程,D 日,B 學士,109,111
1007,逢甲大學,04199092,美國加州聖荷西州立大學商學大數據分析雙學士學位學程,D 日,B 學士,113,111
1007,逢甲大學,05411039,應用數學系,D 日,B 學士,386,111
1007,逢甲大學,05421040,統計學系,D 日,B 學士,423,111
1007,逢甲大學,06131048,資訊工程學系,D 日,B 學士,1069,111
1007,逢甲大學,06134115,人工智慧技術與應用學士學位學程,D 日,B 學士,105,111
1007,逢甲大學,07111068,化學工程學系,D 日,B 學士,474,111
1007,逢甲大學,07112069,材料科學與工程學系,D 日,B 學士,510,111
1007,逢甲大學,07121075,環境工程與科學學系,D 日,B 學士,416,111
1007,逢甲大學,07122077,水利工程與資源保育學系,D 日,B 學士,347,111
1007,逢甲大學,07141044,電機工程學系,D 日,B 學士,573,111
1007,逢甲大學,07141046,電子工程學系,D 日,B 學士,617,111
1007,逢甲大學,07141050,通訊工程學系,D 日,B 學士,508,111
1007,逢甲大學,07141052,自動控制工程學系,D 日,B 學士,534,111
1007,逢甲大學,07141056,資訊電機學院學士班,D 日,B 學士,125,111
1007,逢甲大學,07141095,美國普渡大學電機資訊雙學士學位學程,D 日,B 學士,82,111
1007,逢甲大學,07141101,光電科學與工程學系,D 日,B 學士,458,111
1007,逢甲大學,07141107,美國加州聖荷西州立大學電機工程雙學士學位學程,D 日,B 學士,62,111
1007,逢甲大學,07151061,機械與電腦輔助工程學系,D 日,B 學士,522,111
1007,逢甲大學,07151062,精密系統設計學士學位學程,D 日,B 學士,191,111
1007,逢甲大學,07162059,航太與系統工程學系,D 日,B 學士,479,111
1007,逢甲大學,07191072,工業工程與系統管理學系,D 日,B 學士,420,111
1007,逢甲大學,07192074,纖維與複合材料學系,D 日,B 學士,284,111
1007,逢甲大學,07311007,室內設計學士學位學程,D 日,B 學士,50,111
1007,逢甲大學,07311081,建築學士學位學程,D 日,B 學士,339,111
1007,逢甲大學,07311083,建築專業學院學士班,D 日,B 學士,242,111
1007,逢甲大學,07313087,都市計畫與空間資訊學系,D 日,B 學士,402,111
1007,逢甲大學,07321063,土木工程學系,D 日,B 學士,434,111
1007,逢甲大學,07321063,土木工程學系營建工程與管理進修學士班,P 進,B 學士,220,111
1007,逢甲大學,10411093,運輸與物流學系,D 日,B 學士,462,111
1007,逢甲大學,99999094,全校國際生大一不分系學士班,D 日,B 學士,44,111
1007,逢甲大學,99999108,國際雙學士學位學程,D 日,B 學士,26,111
1008,靜宜大學,02311004,英國語文學系,D 日,B 學士,442,111
1008,靜宜大學,02311005,西班牙語文學系,D 日,B 學士,372,111
1008,靜宜大學,02311006,日本語文學系,D 日,B 學士,585,111
1008,靜宜大學,02311007,寰宇外語教育學士學位學程,D 日,B 學士,134,111
1008,靜宜大學,02321002,台灣文學系,D 日,B 學士,221,111
1008,靜宜大學,02322003,中國文學系,D 日,B 學士,395,111
1008,靜宜大學,03211008,大眾傳播學系,D 日,B 學士,281,111
1008,靜宜大學,04111011,會計學系,D 日,B 學士,619,111
1008,靜宜大學,04121019,財務金融學系,D 日,B 學士,690,111
1008,靜宜大學,04131012,企業管理學系,D 日,B 學士,645,111
1008,靜宜大學,04131015,國際企業學系,D 日,B 學士,681,111
1008,靜宜大學,04191010,寰宇管理學士學位學程,D 日,B 學士,202,111
1008,靜宜大學,04211020,法律學系,D 日,B 學士,540,111
1008,靜宜大學,05191031,食品營養學系,D 日,B 學士,397,111
1008,靜宜大學,05212021,生態人文學系,D 日,B 學士,197,111
1008,靜宜大學,05311023,應用化學系,D 日,B 學士,400,111
1008,靜宜大學,05499036,財務工程學系,D 日,B 學士,190,111
1008,靜宜大學,05499037,資料科學暨大數據分析與應用學系,D 日,B 學士,363,111
1008,靜宜大學,06131027,資訊管理學系,D 日,B 學士,489,111
1008,靜宜大學,06132009,資訊傳播工程學系,D 日,B 學士,519,111
1008,靜宜大學,07141030,資訊工程學系,D 日,B 學士,512,111
1008,靜宜大學,07141042,國際資訊學士學位學程,D 日,B 學士,20,111
1008,靜宜大學,09161035,化粧品科學系,D 日,B 學士,452,111
1008,靜宜大學,09231032,社會工作與兒童少年福利學系,D 日,B 學士,534,111
1008,靜宜大學,09231041,健康照顧社會工作學士學位學程原住民專班,D 日,B 學士,68,111
1008,靜宜大學,10151034,觀光事業學系,D 日,B 學士,694,111
1009,長庚大學,02122001,工業設計學系,D 日,B 學士,152,111
1009,長庚大學,04131005,工商管理學系,D 日,B 學士,190,111
1009,長庚大學,04133007,醫務管理學系,D 日,B 學士,202,111
1009,長庚大學,04133053,國際健康管理學士學位學程,D 日,B 學士,4,111
1009,長庚大學,05123012,生物醫學系,D 日,B 學士,383,111
1009,長庚大學,06131013,資訊管理學系,D 日,B 學士,378,111
1009,長庚大學,06131018,資訊工程學系,D 日,B 學士,251,111
1009,長庚大學,06131054,人工智慧學士學位學程,D 日,B 學士,82,111
1009,長庚大學,07111025,化工與材料工程學系,D 日,B 學士,217,111
1009,長庚大學,07141014,電機工程學系,D 日,B 學士,399,111
1009,長庚大學,07141016,電子工程學系,D 日,B 學士,363,111
1009,長庚大學,07151022,機械工程學系,D 日,B 學士,173,111
1009,長庚大學,07193027,生物醫學工程學系,D 日,B 學士,22,111
1009,長庚大學,09121028,醫學系,D 日,B 學士,669,111
1009,長庚大學,09131040,護理學系,D 日,B 學士,504,111
1009,長庚大學,09141046,醫學生物技術暨檢驗學系,D 日,B 學士,231,111
1009,長庚大學,09141048,醫學影像暨放射科學系,D 日,B 學士,137,111
1009,長庚大學,09151037,物理治療學系,D 日,B 學士,188,111
1009,長庚大學,09152038,職能治療學系,D 日,B 學士,175,111
1009,長庚大學,09171031,中醫學系,D 日,B 學士,366,111
1009,長庚大學,09199042,呼吸治療學系,D 日,B 學士,150,111
1010,元智大學,02191001,藝術與設計學系,D 日,B 學士,143,111
1010,元智大學,02299049,人文社會學院英語學士班,D 日,B 學士,131,111
1010,元智大學,02311007,應用外語學系,D 日,B 學士,199,111
1010,元智大學,02322004,中國語文學系,D 日,B 學士,175,111
1010,元智大學,03141009,社會暨政策科學學系,D 日,B 學士,194,111
1010,元智大學,04199018,管理學院學士班,D 日,B 學士,1632,111
1010,元智大學,06131011,資訊管理學系,D 日,B 學士,532,111
1010,元智大學,06131028,資訊工程學系,D 日,B 學士,655,111
1010,元智大學,06131051,資訊學院英語學士班,D 日,B 學士,135,111
1010,元智大學,06133013,資訊傳播學系,D 日,B 學士,489,111
1010,元智大學,07111041,化學工程與材料科學學系,D 日,B 學士,445,111
1010,元智大學,07141032,電機通訊學院英語學士班,D 日,B 學士,163,111
1010,元智大學,07141033,電機工程學系,D 日,B 學士,1225,111
1010,元智大學,07151037,機械工程學系,D 日,B 學士,400,111
1010,元智大學,07191043,工業工程與管理學系,D 日,B 學士,400,111
1010,元智大學,07194050,工程學院英語學士班,D 日,B 學士,92,111
1011,中華大學,02123004,工業產品設計學系,D 日,B 學士,22,111
1011,中華大學,02124005,建築與設計學院,P 進,B 學士,54,111
1011,中華大學,02311001,外國語文學系,D 日,B 學士,0,111
1011,中華大學,02311002,應用日語學系,D 日,B 學士,258,111
1011,中華大學,02311057,人文社會學院進修學士班,P 進,B 學士,23,111
1011,中華大學,04121012,財務管理學系,D 日,B 學士,202,111
1011,中華大學,04131007,企業管理學系,D 日,B 學士,267,111
1011,中華大學,04131009,國際企業學系,D 日,B 學士,8,111
1011,中華大學,04131017,管理學院,P 進,B 學士,60,111
1011,中華大學,04134006,行政管理學系,D 日,B 學士,132,111
1011,中華大學,04199016,營建管理學系,D 日,B 學士,1,111
1011,中華大學,05124018,生物資訊學系,D 日,B 學士,22,111
1011,中華大學,06121062,中華大學美國舊金山州立大學資訊管理與決策科學學士學位學程,D 日,B 學士,3,111
1011,中華大學,06131021,資訊管理學系,D 日,B 學士,261,111
1011,中華大學,06131021,資訊管理學系,P 進,B 學士,0,111
1011,中華大學,06131025,資訊工程學系,D 日,B 學士,447,111
1011,中華大學,06134059,應用外語暨智慧商務學士學位學程,D 日,B 學士,60,111
1011,中華大學,07141022,電機工程學系,D 日,B 學士,285,111
1011,中華大學,07141024,電子工程學系,D 日,B 學士,29,111
1011,中華大學,07151028,機械工程學系,D 日,B 學士,184,111
1011,中華大學,07191015,工業管理學系,D 日,B 學士,190,111
1011,中華大學,07194031,光機電與材料學士學位學程,D 日,B 學士,3,111
1011,中華大學,07199053,光電與材料工程學系,D 日,B 學士,198,111
1011,中華大學,07311038,建築與都市計畫學系,D 日,B 學士,270,111
1011,中華大學,07312039,景觀建築學系,D 日,B 學士,101,111
1011,中華大學,07321032,土木工程學系,D 日,B 學士,155,111
1011,中華大學,10131041,餐旅管理學系,D 日,B 學士,260,111
1011,中華大學,10131041,餐旅管理學系,P 進,B 學士,37,111
1011,中華大學,10151052,旅遊與休閒學系,D 日,B 學士,32,111
1011,中華大學,10151055,觀光與會展活動學系,D 日,B 學士,160,111
1011,中華大學,10151056,國際觀光與酒店管理雙學士學位學程,D 日,B 學士,19,111
1012,大葉大學,02112011,視覺傳達設計學系,D 日,B 學士,232,111
1012,大葉大學,02112011,視覺傳達設計學系,P 進,B 學士,3,111
1012,大葉大學,02112037,多媒體數位內容學士學位學程,D 日,B 學士,410,111
1012,大葉大學,02121002,造形藝術學系,D 日,B 學士,162,111
1012,大葉大學,02121002,造形藝術學系,P 進,B 學士,6,111
1012,大葉大學,02123012,工業設計學系,D 日,B 學士,120,111
1012,大葉大學,02123013,綠色產品設計學士學位學程,D 日,B 學士,2,111
1012,大葉大學,02124014,空間設計學系,D 日,B 學士,283,111
1012,大葉大學,02124014,空間設計學系,P 進,B 學士,1,111
1012,大葉大學,02311004,英語學系,D 日,B 學士,89,111
1012,大葉大學,02311006,應用日語學系,D 日,B 學士,218,111
1012,大葉大學,02311006,應用日語學系,P 進,B 學士,21,111
1012,大葉大學,02311008,文創產業國際人才學士學位學程,D 日,B 學士,1,111
1012,大葉大學,02311016,歐洲文化與旅遊學士學位學程,D 日,B 學士,5,111
1012,大葉大學,03211018,傳播藝術學士學位學程,D 日,B 學士,112,111
1012,大葉大學,04111020,會計資訊學系,D 日,B 學士,112,111
1012,大葉大學,04111020,會計資訊學系,P 進,B 學士,4,111
1012,大葉大學,04121025,財務金融學系,D 日,B 學士,158,111
1012,大葉大學,04121025,財務金融學系,P 進,B 學士,36,111
1012,大葉大學,04131021,企業管理學系,D 日,B 學士,141,111
1012,大葉大學,04131021,企業管理學系,P 進,B 學士,17,111
1012,大葉大學,04131024,國際企業管理學系,D 日,B 學士,62,111
1012,大葉大學,04142028,人力資源暨公共關係學系,D 日,B 學士,12,111
1012,大葉大學,05121033,生物資源學系,D 日,B 學士,55,111
1012,大葉大學,05121080,生物醫學系,D 日,B 學士,153,111
1012,大葉大學,06131036,資訊管理學系,D 日,B 學士,115,111
1012,大葉大學,06131036,資訊管理學系,P 進,B 學士,2,111
1012,大葉大學,06131039,資訊工程學系,D 日,B 學士,119,111
1012,大葉大學,07112050,材料科學與工程學系,D 日,B 學士,30,111
1012,大葉大學,07121054,環境工程學系,D 日,B 學士,78,111
1012,大葉大學,07141038,電機工程學系,D 日,B 學士,147,111
1012,大葉大學,07151046,機械與自動化工程學系,D 日,B 學士,216,111
1012,大葉大學,07151046,機械與自動化工程學系,P 進,B 學士,26,111
1012,大葉大學,07191053,工業工程與管理學系,D 日,B 學士,7,111
1012,大葉大學,07193081,醫學工程學系,D 日,B 學士,81,111
1012,大葉大學,07211078,食品暨應用生物科技學系,D 日,B 學士,0,111
1012,大葉大學,09131065,護理學系,D 日,B 學士,447,111
1012,大葉大學,09141066,視光學系,D 日,B 學士,161,111
1012,大葉大學,09152082,職能治療學系,D 日,B 學士,29,111
1012,大葉大學,09161064,藥用植物與保健學系,D 日,B 學士,0,111
1012,大葉大學,09199083,藥用植物與食品保健學系,D 日,B 學士,197,111
1012,大葉大學,10131067,餐旅管理學系,D 日,B 學士,140,111
1012,大葉大學,10131067,餐旅管理學系,P 進,B 學士,84,111
1012,大葉大學,10142072,運動健康管理學系,D 日,B 學士,159,111
1012,大葉大學,10151069,觀光旅遊學系,D 日,B 學士,110,111
1012,大葉大學,10151069,觀光旅遊學系,P 進,B 學士,11,111
1012,大葉大學,10152070,休閒事業管理學系,D 日,B 學士,69,111
1012,大葉大學,10152070,休閒事業管理學系,P 進,B 學士,25,111
1012,大葉大學,10199074,烘焙暨飲料調製學士學位學程,D 日,B 學士,139,111
1012,大葉大學,10199074,烘焙暨飲料調製進修學士學位學程,P 進,B 學士,5,111
1012,大葉大學,10199075,婚禮企劃暨節慶管理學士學位學程,D 日,B 學士,19,111
1012,大葉大學,10199075,婚禮企劃暨節慶管理學士學位學程,P 進,B 學士,0,111
1012,大葉大學,10321076,消防安全學士學位學程,D 日,B 學士,127,111
1013,華梵大學,02112024,攝影與VR設計學系,D 日,B 學士,101,111
1013,華梵大學,02122023,智慧生活設計學系空間設計組,D 日,B 學士,81,111
1013,華梵大學,02123008,工業設計學系,D 日,B 學士,12,111
1013,華梵大學,02131002,美術與文創學系,D 日,B 學士,175,111
1013,華梵大學,02131025,佛教藝術學系,D 日,B 學士,81,111
1013,華梵大學,02191020,藝術設計學院學士班,D 日,B 學士,6,111
1013,華梵大學,02211005,佛教學系,D 日,B 學士,0,111
1013,華梵大學,02231006,哲學系,D 日,B 學士,2,111
1013,華梵大學,02311004,外國語文學系,D 日,B 學士,6,111
1013,華梵大學,02322003,中國文學系,D 日,B 學士,5,111
1013,華梵大學,06131011,資訊管理學系,D 日,B 學士,3,111
1013,華梵大學,06132022,智慧生活科技學系,D 日,B 學士,82,111
1013,華梵大學,07141012,電子工程學系,D 日,B 學士,2,111
1013,華梵大學,07151014,機電工程學系,D 日,B 學士,3,111
1013,華梵大學,07191015,工業工程與經營資訊學系,D 日,B 學士,1,111
1013,華梵大學,07311016,建築學系,D 日,B 學士,2,111
1013,華梵大學,07312019,景觀與環境設計學系,D 日,B 學士,0,111
1014,義守大學,02111001,電影與電視學系,D 日,B 學士,278,111
1014,義守大學,02112005,數位多媒體設計學系,D 日,B 學士,191,111
1014,義守大學,02122004,傳播與設計學院原住民專班,D 日,B 學士,58,111
1014,義守大學,02122068,國際傳媒與娛樂管理學系,D 日,B 學士,122,111
1014,義守大學,02123006,創意商品設計學系,D 日,B 學士,155,111
1014,義守大學,02311002,應用英語學系,D 日,B 學士,290,111
1014,義守大學,02311003,應用日語學系,D 日,B 學士,280,111
1014,義守大學,02311003,應用日語學系,P 進,B 學士,2,111
1014,義守大學,03211008,大眾傳播學系,D 日,B 學士,306,111
1014,義守大學,03211008,大眾傳播學系,P 進,B 學士,0,111
1014,義守大學,03214063,傳播產製英語學士學位學程,D 日,B 學士,12,111
1014,義守大學,04111009,會計學系,D 日,B 學士,232,111
1014,義守大學,04121017,國際財務金融學系,D 日,B 學士,92,111
1014,義守大學,04121066,財務金融管理學系,D 日,B 學士,391,111
1014,義守大學,04121066,財務金融管理學系,P 進,B 學士,20,111
1014,義守大學,04131010,企業管理學系,D 日,B 學士,328,111
1014,義守大學,04131010,企業管理學系,P 進,B 學士,176,111
1014,義守大學,04131013,國際企業經營學系,D 日,B 學士,147,111
1014,義守大學,04133018,醫務管理學系,D 日,B 學士,360,111
1014,義守大學,04134007,公共政策與管理學系,D 日,B 學士,182,111
1014,義守大學,04141015,國際商務學系,D 日,B 學士,313,111
1014,義守大學,04199019,工業管理學系,D 日,B 學士,158,111
1014,義守大學,04199019,工業管理學系,P 進,B 學士,69,111
1014,義守大學,04199035,管理學院進修學士班,P 進,B 學士,35,111
1014,義守大學,05121020,生物科技學系,D 日,B 學士,182,111
1014,義守大學,05191044,營養學系,D 日,B 學士,231,111
1014,義守大學,05499070,資料科學與大數據分析學系,D 日,B 學士,130,111
1014,義守大學,06131024,資訊管理學系,D 日,B 學士,332,111
1014,義守大學,06131024,資訊管理學系,P 進,B 學士,241,111
1014,義守大學,06131027,資訊工程學系,D 日,B 學士,472,111
1014,義守大學,07111033,化學工程學系,D 日,B 學士,264,111
1014,義守大學,07112034,材料科學與工程學系,D 日,B 學士,279,111
1014,義守大學,07141025,電機工程學系,D 日,B 學士,562,111
1014,義守大學,07141025,電機工程學系,P 進,B 學士,53,111
1014,義守大學,07141026,電子工程學系,D 日,B 學士,242,111
1014,義守大學,07141069,智慧網路科技學系,D 日,B 學士,129,111
1014,義守大學,07141072,智慧科技英語學士學位學程,D 日,B 學士,90,111
1014,義守大學,07151030,機械與自動化工程學系,D 日,B 學士,259,111
1014,義守大學,07151030,機械與自動化工程學系,P 進,B 學士,2,111
1014,義守大學,07193037,生物醫學工程學系,D 日,B 學士,336,111
1014,義守大學,07194062,智慧化自動控制英語學士學位學程,D 日,B 學士,0,111
1014,義守大學,07321031,土木工程學系,D 日,B 學士,237,111
1014,義守大學,09121011,醫學系(公費生),D 日,B 學士,156,111
1014,義守大學,09121040,學士後中醫學系,D 日,B 學士,246,111
1014,義守大學,09131046,護理學系,D 日,B 學士,584,111
1014,義守大學,09141050,醫學影像暨放射科學系,D 日,B 學士,329,111
1014,義守大學,09141061,醫學檢驗技術學系,D 日,B 學士,295,111
1014,義守大學,09151042,物理治療學系,D 日,B 學士,349,111
1014,義守大學,09152043,職能治療學系,D 日,B 學士,297,111
1014,義守大學,09191041,健康管理學系,D 日,B 學士,163,111
1014,義守大學,09191041,健康管理學系,P 進,B 學士,2,111
1014,義守大學,09211047,醫學院長期照護原住民專班,D 日,B 學士,7,111
1014,義守大學,10131051,餐旅管理學系,D 日,B 學士,246,111
1014,義守大學,10131051,餐旅管理學系,P 進,B 學士,6,111
1014,義守大學,10131052,廚藝學系,D 日,B 學士,322,111
1014,義守大學,10131052,廚藝學系,P 進,B 學士,46,111
1014,義守大學,10151053,觀光學系,D 日,B 學士,206,111
1014,義守大學,10151053,觀光學系,P 進,B 學士,4,111
1014,義守大學,10151055,國際觀光餐旅學系,D 日,B 學士,148,111
1014,義守大學,10151057,休閒事業管理學系,D 日,B 學士,172,111
1014,義守大學,10151057,休閒事業管理學系,P 進,B 學士,47,111
1014,義守大學,10199059,觀光餐旅學院原住民專班,D 日,B 學士,57,111
1014,義守大學,10199059,觀光餐旅學院進修學士班,P 進,B 學士,31,111
1015,世新大學,02111018,廣播電視電影學系,D 日,B 學士,1082,111
1015,世新大學,02111045,影視進修學士學位學程,P 進,B 學士,136,111
1015,世新大學,02112004,數位多媒體設計學系,D 日,B 學士,467,111
1015,世新大學,02311003,日本語文學系,D 日,B 學士,408,111
1015,世新大學,02311044,英語暨傳播應用學系,D 日,B 學士,307,111
1015,世新大學,02322001,中國文學系,D 日,B 學士,144,111
1015,世新大學,03111005,經濟學系,D 日,B 學士,308,111
1015,世新大學,03141008,社會心理學系,D 日,B 學士,391,111
1015,世新大學,03211016,傳播匯流與創新管理學士學位學程,P 進,B 學士,10,111
1015,世新大學,03212017,新聞學系,D 日,B 學士,661,111
1015,世新大學,03214013,資訊傳播學系,D 日,B 學士,255,111
1015,世新大學,03214014,口語傳播暨社群媒體學系,D 日,B 學士,462,111
1015,世新大學,03214020,圖文傳播暨數位出版學系,D 日,B 學士,470,111
1015,世新大學,03214020,圖文傳播暨數位出版學系,P 進,B 學士,235,111
1015,世新大學,03214038,全媒體學士學位學程,P 進,B 學士,226,111
1015,世新大學,04121024,財務金融學系,D 日,B 學士,363,111
1015,世新大學,04131023,企業管理學系,D 日,B 學士,215,111
1015,世新大學,04131023,企業管理學系,P 進,B 學士,89,111
1015,世新大學,04134009,行政管理學系,D 日,B 學士,364,111
1015,世新大學,04143019,公共關係暨廣告學系,D 日,B 學士,741,111
1015,世新大學,04199025,傳播管理學系,D 日,B 學士,647,111
1015,世新大學,04211026,法律學系,D 日,B 學士,465,111
1015,世新大學,06131028,資訊管理學系,D 日,B 學士,716,111
1015,世新大學,10151029,觀光學系,D 日,B 學士,553,111
1016,銘傳大學,02112012,數位媒體設計學系,D 日,B 學士,600,111
1016,銘傳大學,02112072,商業設計學系,D 日,B 學士,467,111
1016,銘傳大學,02121090,動漫文創設計學士學位學程,D 日,B 學士,176,111
1016,銘傳大學,02123073,商品設計學系,D 日,B 學士,476,111
1016,銘傳大學,02125095,時尚與創新管理學士學位學程,D 日,B 學士,112,111
1016,銘傳大學,02311010,應用日語學系,D 日,B 學士,483,111
1016,銘傳大學,02311031,應用英語學系,D 日,B 學士,607,111
1016,銘傳大學,02322002,應用中國文學系,D 日,B 學士,380,111
1016,銘傳大學,02323042,華語文教學學系,D 日,B 學士,310,111
1016,銘傳大學,03122005,國際事務與外交學士學位學程,D 日,B 學士,213,111
1016,銘傳大學,03131054,諮商與工商心理學系,D 日,B 學士,334,111
1016,銘傳大學,03141088,犯罪防治學系,D 日,B 學士,457,111
1016,銘傳大學,03211047,廣播電視學系,D 日,B 學士,416,111
1016,銘傳大學,03211063,新聞與大眾傳播學士學位學程,D 日,B 學士,188,111
1016,銘傳大學,03212046,新聞學系,D 日,B 學士,192,111
1016,銘傳大學,03213064,新媒體暨傳播管理學系,D 日,B 學士,332,111
1016,銘傳大學,04111032,會計學系,D 日,B 學士,751,111
1016,銘傳大學,04121020,財務金融學系,D 日,B 學士,702,111
1016,銘傳大學,04121059,經濟與金融學系,D 日,B 學士,430,111
1016,銘傳大學,04123056,風險管理與保險學系,D 日,B 學士,509,111
1016,銘傳大學,04131017,國際企業與貿易學士學位學程,D 日,B 學士,574,111
1016,銘傳大學,04131036,企業管理學系,D 日,B 學士,818,111
1016,銘傳大學,04131061,國際企業學系,D 日,B 學士,764,111
1016,銘傳大學,04131100,國際學院工商管理學士學位學程泰國境外專班,D 日,B 學士,4,111
1016,銘傳大學,04133022,醫療資訊與管理學系,D 日,B 學士,371,111
1016,銘傳大學,04134006,公共事務學系,D 日,B 學士,0,111
1016,銘傳大學,04134099,公共事務與行政管理學系,D 日,B 學士,249,111
1016,銘傳大學,04141097,國際商務管理泰國境外學士學位學程,D 日,B 學士,3,111
1016,銘傳大學,04143015,廣告暨策略行銷學系,D 日,B 學士,318,111
1016,銘傳大學,04199027,時尚創意管理學士學位學程,D 日,B 學士,19,111
1016,銘傳大學,04199089,金融科技應用學士學位學程,D 日,B 學士,179,111
1016,銘傳大學,04211039,法律學系,D 日,B 學士,413,111
1016,銘傳大學,04212024,財金法律學系,D 日,B 學士,207,111
1016,銘傳大學,05121009,生物科技學系,D 日,B 學士,380,111
1016,銘傳大學,05421079,應用統計與資料科學學系,D 日,B 學士,329,111
1016,銘傳大學,06131029,資訊工程學系,D 日,B 學士,463,111
1016,銘傳大學,06131045,資訊管理學系,D 日,B 學士,634,111
1016,銘傳大學,06132078,資訊傳播工程學系,D 日,B 學士,375,111
1016,銘傳大學,06134050,電腦與通訊工程學系,D 日,B 學士,357,111
1016,銘傳大學,06134068,資訊科技應用學士學位學程,D 日,B 學士,18,111
1016,銘傳大學,06134096,資訊科技應用與管理學士學位學程,D 日,B 學士,79,111
1016,銘傳大學,07141025,電子工程學系,D 日,B 學士,338,111
1016,銘傳大學,07193043,生物醫學工程學系,D 日,B 學士,190,111
1016,銘傳大學,07311026,建築學系,D 日,B 學士,252,111
1016,銘傳大學,07313048,都市規劃與防災學系,D 日,B 學士,197,111
1016,銘傳大學,10131044,餐旅管理學系,D 日,B 學士,387,111
1016,銘傳大學,10151008,旅遊與觀光學士學位學程,D 日,B 學士,85,111
1016,銘傳大學,10151033,觀光事業學系,D 日,B 學士,273,111
1016,銘傳大學,10152076,休閒遊憩管理學系,D 日,B 學士,244,111
1017,實踐大學,02112012,媒體傳達設計學系,D 日,B 學士,392,111
1017,實踐大學,02112013,電腦動畫學士學位學程,D 日,B 學士,165,111
1017,實踐大學,02112039,資訊模擬與設計學系,D 日,B 學士,291,111
1017,實踐大學,02122009,時尚設計學系,D 日,B 學士,490,111
1017,實踐大學,02123014,工業產品設計學系,D 日,B 學士,263,111
1017,實踐大學,02125051,服裝設計學系,D 日,B 學士,540,111
1017,實踐大學,02125051,服裝設計學系,P 進,B 學士,359,111
1017,實踐大學,02125053,服飾設計與經營學系,D 日,B 學士,501,111
1017,實踐大學,02125053,服飾設計與經營學系,P 進,B 學士,42,111
1017,實踐大學,02151001,音樂學系,D 日,B 學士,157,111
1017,實踐大學,02311004,應用外語學系,D 日,B 學士,389,111
1017,實踐大學,02311004,應用外語學系,P 進,B 學士,144,111
1017,實踐大學,02311005,應用英語學系,D 日,B 學士,133,111
1017,實踐大學,02311006,應用日文學系,D 日,B 學士,372,111
1017,實踐大學,02322002,應用中文學系,D 日,B 學士,124,111
1017,實踐大學,04111019,會計學系,D 日,B 學士,384,111
1017,實踐大學,04111019,會計學系,P 進,B 學士,1,111
1017,實踐大學,04111020,會計暨稅務學系,D 日,B 學士,167,111
1017,實踐大學,04121029,財務金融學系,D 日,B 學士,436,111
1017,實踐大學,04121029,財務金融學系,P 進,B 學士,85,111
1017,實踐大學,04121032,金融管理學系,D 日,B 學士,222,111
1017,實踐大學,04123033,風險管理與保險學系,D 日,B 學士,402,111
1017,實踐大學,04123033,風險管理與保險學系,P 進,B 學士,2,111
1017,實踐大學,04131021,企業管理學系,D 日,B 學士,418,111
1017,實踐大學,04131021,企業管理學系企業管理組,P 進,B 學士,265,111
1017,實踐大學,04131022,國際企業管理學系,D 日,B 學士,174,111
1017,實踐大學,04131022,國際企業管理學系,P 進,B 學士,5,111
1017,實踐大學,04131023,國際企業英語學士學位學程,D 日,B 學士,173,111
1017,實踐大學,04141026,國際貿易學系,D 日,B 學士,119,111
1017,實踐大學,04141028,國際經營與貿易學系,D 日,B 學士,438,111
1017,實踐大學,04141028,國際經營與貿易學系,P 進,B 學士,54,111
1017,實踐大學,04143035,行銷管理學系,D 日,B 學士,179,111
1017,實踐大學,05191043,食品營養與保健生技學系,D 日,B 學士,423,111
1017,實踐大學,06131037,資訊科技與管理學系,D 日,B 學士,420,111
1017,實踐大學,06131038,資訊管理學系,D 日,B 學士,139,111
1017,實踐大學,06131040,資訊科技與通訊學系,D 日,B 學士,233,111
1017,實踐大學,07311041,建築設計學系,D 日,B 學士,233,111
1017,實踐大學,09221045,家庭研究與兒童發展學系,D 日,B 學士,229,111
1017,實踐大學,09221045,家庭研究與兒童發展學系,P 進,B 學士,118,111
1017,實踐大學,09231044,社會工作學系,D 日,B 學士,429,111
1017,實踐大學,09231044,社會工作學系,P 進,B 學士,120,111
1017,實踐大學,10131046,餐飲管理學系,D 日,B 學士,268,111
1017,實踐大學,10131046,餐飲管理學系,P 進,B 學士,180,111
1017,實踐大學,10131054,智慧服務管理英語學士學位學程,D 日,B 學士,89,111
1017,實踐大學,10151047,觀光管理學系,D 日,B 學士,324,111
1017,實踐大學,10151047,觀光管理學系,P 進,B 學士,31,111
1017,實踐大學,10152049,休閒產業管理學系,D 日,B 學士,180,111
1019,高雄醫學大學,03131002,心理學系,D 日,B 學士,221,111
1019,高雄醫學大學,04133003,醫務管理暨醫療資訊學系,D 日,B 學士,225,111
1019,高雄醫學大學,05111016,生物醫學暨環境生物學系,D 日,B 學士,169,111
1019,高雄醫學大學,05121005,生物科技學系,D 日,B 學士,154,111
1019,高雄醫學大學,05121051,生命科學院學士班,D 日,B 學士,23,111
1019,高雄醫學大學,05311017,醫藥暨應用化學系,D 日,B 學士,342,111
1019,高雄醫學大學,09111044,牙醫學系,D 日,B 學士,538,111
1019,高雄醫學大學,09111046,口腔衛生學系,D 日,B 學士,139,111
1019,高雄醫學大學,09121011,醫學系,D 日,B 學士,1113,111
1019,高雄醫學大學,09131032,護理學系,D 日,B 學士,279,111
1019,高雄醫學大學,09141036,醫學檢驗生物技術學系,D 日,B 學士,144,111
1019,高雄醫學大學,09141037,醫學影像暨放射科學系,D 日,B 學士,144,111
1019,高雄醫學大學,09151028,物理治療學系,D 日,B 學士,171,111
1019,高雄醫學大學,09152029,職能治療學系,D 日,B 學士,192,111
1019,高雄醫學大學,09159030,運動醫學系,D 日,B 學士,209,111
1019,高雄醫學大學,09161024,藥學系,D 日,B 學士,413,111
1019,高雄醫學大學,09161027,香粧品學系,D 日,B 學士,237,111
1019,高雄醫學大學,09191021,公共衛生學系,D 日,B 學士,169,111
1019,高雄醫學大學,09199033,呼吸治療學系,D 日,B 學士,174,111
1019,高雄醫學大學,09231049,醫學社會學與社會工作學系,D 日,B 學士,218,111
1020,南華大學,01121001,幼兒教育學系,D 日,B 學士,168,111
1020,南華大學,02111059,視覺藝術與設計學系,D 日,B 學士,184,111
1020,南華大學,02122062,產品與室內設計學系,D 日,B 學士,192,111
1020,南華大學,02122062,產品與室內設計學系,P 進,B 學士,65,111
1020,南華大學,02151003,民族音樂學系,D 日,B 學士,94,111
1020,南華大學,02299011,生死學系,D 日,B 學士,582,111
1020,南華大學,02299011,生死學系,P 進,B 學士,117,111
1020,南華大學,02311008,外國語文學系,D 日,B 學士,147,111
1020,南華大學,02322009,文學系,D 日,B 學士,124,111
1020,南華大學,03122019,國際事務與企業學系,D 日,B 學士,138,111
1020,南華大學,03141017,應用社會學系,D 日,B 學士,236,111
1020,南華大學,03214026,傳播學系,D 日,B 學士,195,111
1020,南華大學,04121031,財務金融學系,D 日,B 學士,192,111
1020,南華大學,04131029,企業管理學系,D 日,B 學士,149,111
1020,南華大學,04141030,管理學院國際企業學士學位學程,D 日,B 學士,122,111
1020,南華大學,04199033,文化創意事業管理學系,D 日,B 學士,130,111
1020,南華大學,05121040,自然生物科技學系,D 日,B 學士,163,111
1020,南華大學,06121043,科技學院資訊科技進修學士班,P 進,B 學士,116,111
1020,南華大學,06131042,資訊管理學系,D 日,B 學士,174,111
1020,南華大學,07141044,資訊工程學系,D 日,B 學士,337,111
1020,南華大學,07311045,建築與景觀學系,D 日,B 學士,232,111
1020,南華大學,10141061,運動與健康促進學士學位學程,D 日,B 學士,170,111
1020,南華大學,10151048,旅遊管理學系,D 日,B 學士,205,111
1021,真理大學,02151001,音樂應用學系,D 日,B 學士,133,111
1021,真理大學,02211064,宗教文化與資訊管理學系,D 日,B 學士,111,111
1021,真理大學,02299013,人文與資訊學系,D 日,B 學士,113,111
1021,真理大學,02311006,英美語文學系,D 日,B 學士,190,111
1021,真理大學,02311009,應用日語學系,D 日,B 學士,289,111
1021,真理大學,02311009,應用日語學系,P 進,B 學士,1,111
1021,真理大學,02321002,台灣文學系,D 日,B 學士,125,111
1021,真理大學,03111014,經濟學系,D 日,B 學士,169,111
1021,真理大學,03214058,運動資訊傳播學系,D 日,B 學士,231,111
1021,真理大學,04111019,會計資訊學系,D 日,B 學士,167,111
1021,真理大學,04111066,理財與稅務規劃學系,D 日,B 學士,129,111
1021,真理大學,04121024,財務金融學系,D 日,B 學士,219,111
1021,真理大學,04131020,企業管理學系,D 日,B 學士,209,111
1021,真理大學,04131020,企業管理學系,P 進,B 學士,0,111
1021,真理大學,04141067,國際企業與貿易學系,D 日,B 學士,214,111
1021,真理大學,04199029,工業管理與經營資訊學系,D 日,B 學士,151,111
1021,真理大學,04199057,運動管理學系,D 日,B 學士,296,111
1021,真理大學,04199062,航空事業學系,D 日,B 學士,141,111
1021,真理大學,04211031,法律學系,D 日,B 學士,347,111
1021,真理大學,04211031,法律學系,P 進,B 學士,0,111
1021,真理大學,05499065,統計資訊與精算學系,D 日,B 學士,105,111
1021,真理大學,06131041,資訊工程學系,D 日,B 學士,222,111
1021,真理大學,06134039,資訊管理學系,D 日,B 學士,202,111
1021,真理大學,10151044,觀光事業學系,D 日,B 學士,252,111
1021,真理大學,10151045,觀光數位知識學系,D 日,B 學士,160,111
1022,大同大學,02112004,媒體設計學系,D 日,B 學士,351,111
1022,大同大學,02123005,工業設計學系,D 日,B 學士,361,111
1022,大同大學,02311001,應用外語學系,D 日,B 學士,170,111
1022,大同大學,04131007,事業經營學系,D 日,B 學士,396,111
1022,大同大學,06131006,資訊經營學系,D 日,B 學士,213,111
1022,大同大學,06131012,資訊工程學系,D 日,B 學士,505,111
1022,大同大學,07111021,化學工程與生物科技學系,D 日,B 學士,387,111
1022,大同大學,07141010,電機工程學系,D 日,B 學士,439,111
1022,大同大學,07151023,機械與材料工程學系,D 日,B 學士,488,111
1022,大同大學,07194022,工程學院學士班,D 日,B 學士,41,111
1027,慈濟大學,02311003,英美語文學系,D 日,B 學士,77,111
1027,慈濟大學,02322004,東方語文學系,D 日,B 學士,161,111
1027,慈濟大學,03131008,人類發展與心理學系,D 日,B 學士,127,111
1027,慈濟大學,03213036,國際數位媒體科技學士學位學程,D 日,B 學士,12,111
1027,慈濟大學,03214009,傳播學系,D 日,B 學士,168,111
1027,慈濟大學,04131035,國際服務產業管理學士學位學程,D 日,B 學士,44,111
1027,慈濟大學,05111010,生命科學系,D 日,B 學士,87,111
1027,慈濟大學,05121012,分子生物暨人類遺傳學系,D 日,B 學士,113,111
1027,慈濟大學,06133032,醫學資訊學系,D 日,B 學士,137,111
1027,慈濟大學,09121015,醫學系,D 日,B 學士,339,111
1027,慈濟大學,09121023,學士後中醫學系,D 日,B 學士,226,111
1027,慈濟大學,09131028,護理學系,D 日,B 學士,279,111
1027,慈濟大學,09141031,醫學檢驗生物技術學系,D 日,B 學士,196,111
1027,慈濟大學,09151027,物理治療學系,D 日,B 學士,178,111
1027,慈濟大學,09191024,公共衛生學系,D 日,B 學士,97,111
1027,慈濟大學,09221002,兒童發展與家庭教育學系,D 日,B 學士,150,111
1027,慈濟大學,09231034,社會工作學系,D 日,B 學士,167,111
1028,臺北醫學大學,04133002,醫務管理學系,D 日,B 學士,283,111
1028,臺北醫學大學,05191032,保健營養學系,D 日,B 學士,259,111
1028,臺北醫學大學,07193009,生物醫學工程學系,D 日,B 學士,137,111
1028,臺北醫學大學,07211012,食品安全學系,D 日,B 學士,135,111
1028,臺北醫學大學,09111044,牙醫學系,D 日,B 學士,562,111
1028,臺北醫學大學,09111045,牙體技術學系,D 日,B 學士,155,111
1028,臺北醫學大學,09111046,口腔衛生學系,D 日,B 學士,105,111
1028,臺北醫學大學,09121013,醫學系,D 日,B 學士,927,111
1028,臺北醫學大學,09131037,護理學系,D 日,B 學士,369,111
1028,臺北醫學大學,09141041,醫學檢驗暨生物技術學系,D 日,B 學士,251,111
1028,臺北醫學大學,09161024,藥學系,D 日,B 學士,820,111
1028,臺北醫學大學,09191020,公共衛生學系,D 日,B 學士,177,111
1028,臺北醫學大學,09199035,呼吸治療學系,D 日,B 學士,168,111
1028,臺北醫學大學,09211049,高齡健康管理學系,D 日,B 學士,0,111
1028,臺北醫學大學,09211065,高齡健康暨長期照護學系,D 日,B 學士,195,111
1029,中山醫學大學,02311003,應用外國語言學系,D 日,B 學士,165,111
1029,中山醫學大學,03131004,心理學系,D 日,B 學士,217,111
1029,中山醫學大學,04133006,醫療產業科技管理學系,D 日,B 學士,185,111
1029,中山醫學大學,05121012,生物醫學科學學系,D 日,B 學士,284,111
1029,中山醫學大學,05191026,營養學系,D 日,B 學士,392,111
1029,中山醫學大學,05399015,醫學應用化學系,D 日,B 學士,183,111
1029,中山醫學大學,06131033,醫學資訊學系,D 日,B 學士,183,111
1029,中山醫學大學,09111038,牙醫學系,D 日,B 學士,481,111
1029,中山醫學大學,09121018,醫學系,D 日,B 學士,841,111
1029,中山醫學大學,09131028,護理學系,D 日,B 學士,372,111
1029,中山醫學大學,09141030,醫學檢驗暨生物技術學系,D 日,B 學士,337,111
1029,中山醫學大學,09141031,醫學影像暨放射科學系,D 日,B 學士,317,111
1029,中山醫學大學,09141032,視光學系,D 日,B 學士,234,111
1029,中山醫學大學,09151022,物理治療學系,D 日,B 學士,229,111
1029,中山醫學大學,09152023,職能治療學系,D 日,B 學士,216,111
1029,中山醫學大學,09153024,語言治療與聽力學系,D 日,B 學士,403,111
1029,中山醫學大學,09191020,公共衛生學系,D 日,B 學士,254,111
1029,中山醫學大學,09231045,醫學社會暨社會工作學系,D 日,B 學士,359,111
1029,中山醫學大學,10131049,健康產業科技管理學系,D 日,B 學士,140,111
1029,中山醫學大學,10221021,職業安全衛生學系,D 日,B 學士,191,111
1033,長榮大學,02111081,數位媒體設計學系,D 日,B 學士,145,111
1033,長榮大學,02112016,數位內容設計學系,D 日,B 學士,46,111
1033,長榮大學,02112064,互動設計學系,D 日,B 學士,74,111
1033,長榮大學,02122014,創新互動設計學士學位學程,D 日,B 學士,0,111
1033,長榮大學,02131001,美術學系,D 日,B 學士,130,111
1033,長榮大學,02131002,書畫藝術學系,D 日,B 學士,70,111
1033,長榮大學,02141004,台灣文化創意產業學士學位學程,D 日,B 學士,68,111
1033,長榮大學,02211011,神學系,D 日,B 學士,1,111
1033,長榮大學,02231012,應用哲學系,D 日,B 學士,70,111
1033,長榮大學,02299066,東南亞文化與產業學士學位學程,D 日,B 學士,113,111
1033,長榮大學,02311005,應用日語學系,D 日,B 學士,355,111
1033,長榮大學,02311076,日語進修學士學位學程,P 進,B 學士,40,111
1033,長榮大學,02312007,翻譯學系,D 日,B 學士,191,111
1033,長榮大學,03131018,健康心理學系,D 日,B 學士,242,111
1033,長榮大學,03211021,大眾傳播學系,D 日,B 學士,310,111
1033,長榮大學,04111024,會計資訊學系,D 日,B 學士,161,111
1033,長榮大學,04121030,財務金融學系,D 日,B 學士,232,111
1033,長榮大學,04131025,企業管理學系,D 日,B 學士,197,111
1033,長榮大學,04131028,國際企業學系,D 日,B 學士,198,111
1033,長榮大學,04133031,醫務管理學系,D 日,B 學士,153,111
1033,長榮大學,04141029,國際會展管理學士學位學程,D 日,B 學士,15,111
1033,長榮大學,04191022,國際財務與商務管理學士學位學程,D 日,B 學士,4,111
1033,長榮大學,04199027,管理進修學士學位學程,P 進,B 學士,117,111
1033,長榮大學,04199063,不動產財務金融學士學位學程,D 日,B 學士,13,111
1033,長榮大學,04199067,創新應用管理學系,D 日,B 學士,53,111
1033,長榮大學,05121035,生物科技學系,D 日,B 學士,130,111
1033,長榮大學,05191048,保健營養學系,D 日,B 學士,157,111
1033,長榮大學,05211065,永續發展國際學士學位學程,D 日,B 學士,77,111
1033,長榮大學,05211078,綠能與環境資源學系,D 日,B 學士,127,111
1033,長榮大學,06111077,資訊暨設計學院學士班,D 日,B 學士,109,111
1033,長榮大學,06131037,資訊管理學系,D 日,B 學士,89,111
1033,長榮大學,06131039,資訊工程學系,D 日,B 學士,195,111
1033,長榮大學,06134068,智慧生活應用學士學位學程,D 日,B 學士,5,111
1033,長榮大學,07141041,科技工程與管理學系,D 日,B 學士,2,111
1033,長榮大學,07162069,無人機應用學士學位學程,D 日,B 學士,51,111
1033,長榮大學,07211053,環境與食品安全檢驗學士學位學程,D 日,B 學士,0,111
1033,長榮大學,07211083,食品安全衛生與檢驗學士學位學程,D 日,B 學士,143,111
1033,長榮大學,07313042,土地管理與開發學系,D 日,B 學士,107,111
1033,長榮大學,08199075,蘭花產業應用學士學位學程,D 日,B 學士,34,111
1033,長榮大學,09131049,護理學系,D 日,B 學士,341,111
1033,長榮大學,09199071,醫藥科學產業學系,D 日,B 學士,108,111
1033,長榮大學,09211070,醫學社會暨健康照護學士學位學程,D 日,B 學士,114,111
1033,長榮大學,09231055,社會工作學系,D 日,B 學士,231,111
1033,長榮大學,10141058,運動競技學系,D 日,B 學士,195,111
1033,長榮大學,10141058,運動競技學系,P 進,B 學士,59,111
1033,長榮大學,10151056,觀光與餐飲服務事業進修學士學位學程,P 進,B 學士,32,111
1033,長榮大學,10151057,觀光與餐飲管理學系,D 日,B 學士,249,111
1033,長榮大學,10221045,職業安全與衛生學系,D 日,B 學士,259,111
1033,長榮大學,10221079,職安消防進修學士學位學程,P 進,B 學士,12,111
1033,長榮大學,10321062,消防安全學士學位學程,D 日,B 學士,152,111
1033,長榮大學,10412061,航運管理學系,D 日,B 學士,417,111
1035,中國醫藥大學,04133029,醫務管理學系,D 日,B 學士,64,111
1035,中國醫藥大學,05121043,生物科技學系,D 日,B 學士,219,111
1035,中國醫藥大學,05191021,營養學系,D 日,B 學士,314,111
1035,中國醫藥大學,07193031,生物醫學工程學系,D 日,B 學士,41,111
1035,中國醫藥大學,09111019,牙醫學系,D 日,B 學士,312,111
1035,中國醫藥大學,09121014,中醫學系,D 日,B 學士,1361,111
1035,中國醫藥大學,09121016,醫學系,D 日,B 學士,792,111
1035,中國醫藥大學,09131045,護理學系,D 日,B 學士,296,111
1035,中國醫藥大學,09141017,醫學檢驗生物技術學系,D 日,B 學士,177,111
1035,中國醫藥大學,09141032,生物醫學影像暨放射科學學系,D 日,B 學士,232,111
1035,中國醫藥大學,09151010,物理治療學系,D 日,B 學士,247,111
1035,中國醫藥大學,09159047,運動醫學系,D 日,B 學士,198,111
1035,中國醫藥大學,09161034,藥學系,D 日,B 學士,1214,111
1035,中國醫藥大學,09161039,中國藥學暨中藥資源學系,D 日,B 學士,135,111
1035,中國醫藥大學,09161042,藥用化妝品學系,D 日,B 學士,191,111
1035,中國醫藥大學,09191026,公共衛生學系,D 日,B 學士,226,111
1035,中國醫藥大學,09191056,公共衛生學院大一不分系,D 日,B 學士,146,111
1035,中國醫藥大學,10221038,職業安全與衛生學系,D 日,B 學士,139,111
1039,玄奘大學,02112013,視覺傳達設計學系,D 日,B 學士,122,111
1039,玄奘大學,02112013,視覺傳達設計學系,P 進,B 學士,0,111
1039,玄奘大學,02125012,時尚設計學系,D 日,B 學士,48,111
1039,玄奘大學,02152004,影劇藝術學系,D 日,B 學士,97,111
1039,玄奘大學,02199005,藝術與創意設計學系,D 日,B 學士,126,111
1039,玄奘大學,02199044,藝術設計學院學士班,D 日,B 學士,9,111
1039,玄奘大學,02211010,宗教與文化學系,D 日,B 學士,73,111
1039,玄奘大學,02311008,應用外語學系,D 日,B 學士,2,111
1039,玄奘大學,02311043,應用日語學系,D 日,B 學士,109,111
1039,玄奘大學,03131016,應用心理學系,D 日,B 學士,263,111
1039,玄奘大學,03131016,應用心理學系,P 進,B 學士,1,111
1039,玄奘大學,03211018,大眾傳播學系,D 日,B 學士,148,111
1039,玄奘大學,03211018,大眾傳播學系,P 進,B 學士,0,111
1039,玄奘大學,03212021,廣播與電視新聞學系,D 日,B 學士,1,111
1039,玄奘大學,04131024,企業管理學系,D 日,B 學士,0,111
1039,玄奘大學,04131024,企業管理學系,P 進,B 學士,1,111
1039,玄奘大學,04211032,法律學系,D 日,B 學士,136,111
1039,玄奘大學,04211032,法律學系,P 進,B 學士,2,111
1039,玄奘大學,06134034,資訊管理學系,D 日,B 學士,3,111
1039,玄奘大學,09231036,社會工作學系,D 日,B 學士,117,111
1039,玄奘大學,10131040,餐旅管理學系,D 日,B 學士,122,111
1039,玄奘大學,10131040,餐旅管理學系,P 進,B 學士,0,111
1039,玄奘大學,10199042,生命禮儀學位學程,P 進,B 學士,1,111
1048,亞洲大學,01121001,幼兒教育學系,D 日,B 學士,367,111
1048,亞洲大學,02112006,視覺傳達設計學系,D 日,B 學士,371,111
1048,亞洲大學,02112007,數位媒體設計學系,D 日,B 學士,406,111
1048,亞洲大學,02122004,時尚設計學系,D 日,B 學士,311,111
1048,亞洲大學,02122005,創意設計學院不分系國際設計學士班,D 日,B 學士,16,111
1048,亞洲大學,02123011,創意商品設計學系,D 日,B 學士,345,111
1048,亞洲大學,02123011,創意商品設計學系,P 進,B 學士,67,111
1048,亞洲大學,02124012,室內設計學系,D 日,B 學士,280,111
1048,亞洲大學,02311002,外國語文學系,D 日,B 學士,220,111
1048,亞洲大學,03131013,心理學系,D 日,B 學士,485,111
1048,亞洲大學,03213014,資訊傳播學系,D 日,B 學士,357,111
1048,亞洲大學,04111015,會計與資訊學系,D 日,B 學士,246,111
1048,亞洲大學,04121019,財務金融學系,D 日,B 學士,409,111
1048,亞洲大學,04121020,國際財務金融管理學士學位學程,D 日,B 學士,8,111
1048,亞洲大學,04131017,經營管理學系,D 日,B 學士,463,111
1048,亞洲大學,04131017,經營管理學系,P 進,B 學士,125,111
1048,亞洲大學,04199026,管理學院進修學士學位學程,P 進,B 學士,86,111
1048,亞洲大學,04212027,財經法律學系,D 日,B 學士,355,111
1048,亞洲大學,05191053,食品營養與保健生技學系食品營養組,D 日,B 學士,380,111
1048,亞洲大學,05191053,食品營養與保健生技學系,P 進,B 學士,134,111
1048,亞洲大學,06134033,行動商務與多媒體應用學系,D 日,B 學士,333,111
1048,亞洲大學,06134037,資訊工程學系,D 日,B 學士,481,111
1048,亞洲大學,07193029,生物資訊與醫學工程學系,D 日,B 學士,169,111
1048,亞洲大學,08411045,學士後獸醫學系,D 日,B 學士,169,111
1048,亞洲大學,09131046,護理學系,D 日,B 學士,460,111
1048,亞洲大學,09131061,學士後護理學系,D 日,B 學士,122,111
1048,亞洲大學,09141047,視光學系,D 日,B 學士,359,111
1048,亞洲大學,09141060,醫學檢驗暨生物技術學系,D 日,B 學士,247,111
1048,亞洲大學,09151056,物理治療學系,D 日,B 學士,180,111
1048,亞洲大學,09152052,職能治療學系,D 日,B 學士,203,111
1048,亞洲大學,09153051,聽力暨語言治療學系,D 日,B 學士,205,111
1048,亞洲大學,09191021,健康產業管理學系,D 日,B 學士,365,111
1048,亞洲大學,09231048,社會工作學系,D 日,B 學士,395,111
1048,亞洲大學,09231048,社會工作學系,P 進,B 學士,141,111
1048,亞洲大學,10151049,休閒與遊憩管理學系,D 日,B 學士,372,111
1048,亞洲大學,10151049,休閒與遊憩管理學系,P 進,B 學士,0,111
1049,開南大學,02111001,創意產業與數位電影學士學位學程,D 日,B 學士,0,111
1049,開南大學,02111058,電影與創意媒體學系,D 日,B 學士,183,111
1049,開南大學,02122009,數位空間與商品設計學士學位學程,D 日,B 學士,1,111
1049,開南大學,02125060,形象管理學士學位學程,D 日,B 學士,2,111
1049,開南大學,02125060,形象管理進修學士學位學程,P 進,B 學士,89,111
1049,開南大學,02299065,文化創意與治理進修學士學位學程,P 進,B 學士,11,111
1049,開南大學,02311006,應用英語學系,D 日,B 學士,154,111
1049,開南大學,02311006,應用英語學系,P 進,B 學士,112,111
1049,開南大學,02311008,應用日語學系,D 日,B 學士,369,111
1049,開南大學,02311008,應用日語學系,P 進,B 學士,116,111
1049,開南大學,02323004,應用華語學系,D 日,B 學士,327,111
1049,開南大學,03213003,資訊傳播學系,D 日,B 學士,140,111
1049,開南大學,04111014,會計學系,D 日,B 學士,47,111
1049,開南大學,04111014,會計學系,P 進,B 學士,10,111
1049,開南大學,04121021,財務金融學系,D 日,B 學士,4,111
1049,開南大學,04131016,國際企業學系,D 日,B 學士,188,111
1049,開南大學,04131016,國際企業學系,P 進,B 學士,193,111
1049,開南大學,04131017,企業與創業管理學系,D 日,B 學士,144,111
1049,開南大學,04131017,企業與創業管理學系,P 進,B 學士,119,111
1049,開南大學,04131031,商學院國際榮譽學士學位學程,D 日,B 學士,17,111
1049,開南大學,04134012,公共事務管理學系,D 日,B 學士,2,111
1049,開南大學,04143024,行銷學系,D 日,B 學士,48,111
1049,開南大學,04199061,數位多媒體設計學系,D 日,B 學士,17,111
1049,開南大學,04199061,數位多媒體設計學系,P 進,B 學士,16,111
1049,開南大學,04211011,法律學系,D 日,B 學士,317,111
1049,開南大學,04211011,法律學系,P 進,B 學士,41,111
1049,開南大學,05191037,保健營養學系,D 日,B 學士,139,111
1049,開南大學,06121032,資訊管理學系,D 日,B 學士,170,111
1049,開南大學,06121032,資訊管理學系,P 進,B 學士,57,111
1049,開南大學,09191026,健康產業管理學系,D 日,B 學士,118,111
1049,開南大學,09199038,養生與健康行銷學系,D 日,B 學士,33,111
1049,開南大學,10131039,觀光與餐飲旅館學系,D 日,B 學士,263,111
1049,開南大學,10131039,觀光與餐飲旅館學系,P 進,B 學士,183,111
1049,開南大學,10152043,休閒事業管理學系,D 日,B 學士,113,111
1049,開南大學,10411059,交通運輸學系,D 日,B 學士,33,111
1049,開南大學,10411062,國際物流與運輸管理學系,D 日,B 學士,137,111
1049,開南大學,10411062,國際物流與運輸管理學系,P 進,B 學士,46,111
1049,開南大學,10413046,空運管理學系,D 日,B 學士,283,111
1049,開南大學,10413046,空運管理學系,P 進,B 學士,9,111
1050,佛光大學,02123018,產品與媒體設計學系,D 日,B 學士,242,111
1050,佛光大學,02211010,佛教學系,D 日,B 學士,74,111
1050,佛光大學,02221011,歷史學系,D 日,B 學士,112,111
1050,佛光大學,02299015,文化資產與創意學系,D 日,B 學士,87,111
1050,佛光大學,02311007,外國語文學系,D 日,B 學士,150,111
1050,佛光大學,02322006,中國文學與應用學系,D 日,B 學士,108,111
1050,佛光大學,03111020,應用經濟學系,D 日,B 學士,156,111
1050,佛光大學,03131024,心理學系,D 日,B 學士,178,111
1050,佛光大學,03141023,未來與樂活產業學系,D 日,B 學士,127,111
1050,佛光大學,03141035,社會學暨社會工作學系,D 日,B 學士,183,111
1050,佛光大學,03211028,傳播學系,D 日,B 學士,274,111
1050,佛光大學,04131030,管理學系,D 日,B 學士,165,111
1050,佛光大學,04134025,公共事務學系,D 日,B 學士,183,111
1050,佛光大學,06134032,資訊應用學系,D 日,B 學士,254,111
1050,佛光大學,10131036,健康與創意蔬食產業學系,D 日,B 學士,176,111
1058,明道大學,02111010,數位設計學系,D 日,B 學士,137,111
1058,明道大學,02125007,時尚造形學系,D 日,B 學士,14,111
1058,明道大學,02125007,時尚造形學系,P 進,B 學士,5,111
1058,明道大學,02299043,中華文化與傳播學系,D 日,B 學士,40,111
1058,明道大學,02311044,應用外語學系,D 日,B 學士,96,111
1058,明道大學,02311044,應用外語學系,P 進,B 學士,0,111
1058,明道大學,04131013,企業管理學系,D 日,B 學士,74,111
1058,明道大學,04131013,企業管理學系,P 進,B 學士,62,111
1058,明道大學,06111012,資訊傳播學系,D 日,B 學士,4,111
1058,明道大學,07112032,材料與能源工程學系,D 日,B 學士,0,111
1058,明道大學,07132046,智慧能源工程學系,D 日,B 學士,48,111
1058,明道大學,07312035,景觀與環境設計學系,D 日,B 學士,44,111
1058,明道大學,07312035,景觀與環境設計學系,P 進,B 學士,0,111
1058,明道大學,08111037,精緻農業學系原住民專班,D 日,B 學士,0,111
1058,明道大學,08111047,智慧暨精緻農業學系,D 日,B 學士,75,111
1058,明道大學,08111047,智慧暨精緻農業學系,P 進,B 學士,135,111
1058,明道大學,08192038,應用科學院進修學士班,P 進,B 學士,2,111
1058,明道大學,10131039,餐旅管理學系,D 日,B 學士,172,111
1058,明道大學,10131039,餐旅管理學系,P 進,B 學士,95,111
1058,明道大學,10152040,休閒保健學系,D 日,B 學士,89,111
1058,明道大學,10152040,休閒保健學系,P 進,B 學士,69,111
1067,台灣首府大學,01121002,幼兒教育學系,D 日,B 學士,25,111
1067,台灣首府大學,04131009,企業管理學系,D 日,B 學士,17,111
1067,台灣首府大學,04131009,企業管理學系,P 進,B 學士,0,111
1067,台灣首府大學,04199016,休閒資訊管理學系,D 日,B 學士,3,111
1067,台灣首府大學,04199016,休閒資訊管理學系,P 進,B 學士,3,111
1067,台灣首府大學,06134021,資訊與多媒體設計學系,D 日,B 學士,2,111
1067,台灣首府大學,10131030,餐旅管理學系,D 日,B 學士,44,111
1067,台灣首府大學,10131030,餐旅管理學系,P 進,B 學士,37,111
1067,台灣首府大學,10131032,烘焙管理學系,D 日,B 學士,65,111
1067,台灣首府大學,10131034,飯店管理學系,D 日,B 學士,30,111
1067,台灣首府大學,10151036,觀光事業管理學系,D 日,B 學士,36,111
1067,台灣首府大學,10151036,觀光事業管理學系,P 進,B 學士,38,111
1067,台灣首府大學,10152038,休閒管理學系,D 日,B 學士,1,111
1067,台灣首府大學,10152038,休閒管理學系,P 進,B 學士,3,111
1079,康寧大學,02311003,應用外語學系,D 日,B 學士,0,111
1079,康寧大學,03211009,資訊傳播學系,D 日,B 學士,0,111
1079,康寧大學,04131011,企業管理學系,P 進,B 學士,0,111
1079,康寧大學,06131064,健康數位科技學系,D 日,B 學士,0,111
1079,康寧大學,09131043,健康照護管理學系,D 日,B 學士,1,111
1079,康寧大學,09131043,健康照護管理學系,P 進,B 學士,2,111
1079,康寧大學,09212062,長期照護學系,D 日,B 學士,84,111
1079,康寧大學,09221048,嬰幼兒保育學系,D 日,B 學士,98,111
1079,康寧大學,10152055,休閒管理學系,D 日,B 學士,0,111
1079,康寧大學,10152055,休閒管理學系,P 進,B 學士,0,111
1125,中信金融管理學院,04121014,財務金融學系,D 日,B 學士,170,111
1125,中信金融管理學院,04131012,企業管理學系,D 日,B 學士,144,111
1125,中信金融管理學院,04199032,金融管理學院學士班,D 日,B 學士,178,111
1125,中信金融管理學院,04212022,財經法律學系,D 日,B 學士,153,111
1125,中信金融管理學院,06131033,人工智慧學系,D 日,B 學士,131,111
1195,馬偕醫學院,09121002,醫學系,D 日,B 學士,276,111
1195,馬偕醫學院,09131004,護理學系,D 日,B 學士,265,111
1195,馬偕醫學院,09153003,聽力暨語言治療學系,D 日,B 學士,163,111
1196,法鼓文理學院,02211002,佛教學系,D 日,B 學士,57,111
3002,臺北市立大學,01111001,教育學系,D 日,B 學士,263,111
3002,臺北市立大學,01113029,特殊教育學系,D 日,B 學士,174,111
3002,臺北市立大學,01116036,學習與媒材設計學系,D 日,B 學士,174,111
3002,臺北市立大學,01121027,幼兒教育學系,D 日,B 學士,339,111
3002,臺北市立大學,01131017,英語教學系,D 日,B 學士,142,111
3002,臺北市立大學,01141025,體育學系,D 日,B 學士,211,111
3002,臺北市立大學,02111040,視覺藝術學系,D 日,B 學士,193,111
3002,臺北市立大學,02151037,音樂學系,D 日,B 學士,212,111
3002,臺北市立大學,02152039,舞蹈學系,D 日,B 學士,172,111
3002,臺北市立大學,02221019,歷史與地理學系,D 日,B 學士,171,111
3002,臺北市立大學,02322043,中國語文學系,D 日,B 學士,229,111
3002,臺北市立大學,03131055,心理與諮商學系,D 日,B 學士,172,111
3002,臺北市立大學,04134056,社會暨公共事務學系,D 日,B 學士,152,111
3002,臺北市立大學,04199045,都會產業經營與行銷學系,D 日,B 學士,141,111
3002,臺北市立大學,05211023,地球環境暨生物資源學系,D 日,B 學士,129,111
3002,臺北市立大學,05399011,應用物理暨化學系,D 日,B 學士,138,111
3002,臺北市立大學,05411012,數學系,D 日,B 學士,176,111
3002,臺北市立大學,06131016,資訊科學系,D 日,B 學士,194,111
3002,臺北市立大學,07313058,城市發展學系,D 日,B 學士,118,111
3002,臺北市立大學,09191059,衛生福利學系,D 日,B 學士,121,111
3002,臺北市立大學,10141046,運動藝術學系,D 日,B 學士,166,111
3002,臺北市立大學,10141060,球類運動學系,D 日,B 學士,565,111
3002,臺北市立大學,10141062,陸上運動學系,D 日,B 學士,201,111
3002,臺北市立大學,10141063,水上運動學系,D 日,B 學士,108,111
3002,臺北市立大學,10141064,技擊運動學系,D 日,B 學士,209,111
3002,臺北市立大學,10142052,運動健康科學系,D 日,B 學士,215,111
3002,臺北市立大學,10152050,休閒運動管理學系,D 日,B 學士,202,111
1,國立政治大學,01111001,教育學系,D 日,B 學士,212,112
1,國立政治大學,02221020,歷史學系,D 日,B 學士,176,112
1,國立政治大學,02222031,民族學系,D 日,B 學士,186,112
1,國立政治大學,02231022,哲學系,D 日,B 學士,193,112
1,國立政治大學,02311009,英國語文學系,D 日,B 學士,280,112
1,國立政治大學,02311011,日本語文學系,D 日,B 學士,170,112
1,國立政治大學,02311012,阿拉伯語文學系,D 日,B 學士,176,112
1,國立政治大學,02311014,韓國語文學系,D 日,B 學士,155,112
1,國立政治大學,02311015,土耳其語文學系,D 日,B 學士,123,112
1,國立政治大學,02311016,歐洲語文學系,D 日,B 學士,262,112
1,國立政治大學,02311017,斯拉夫語文學系,D 日,B 學士,202,112
1,國立政治大學,02311087,東南亞語言與文化學士學位學程,D 日,B 學士,158,112
1,國立政治大學,02322008,中國文學系,D 日,B 學士,328,112
1,國立政治大學,03111024,經濟學系,D 日,B 學士,395,112
1,國立政治大學,03121026,政治學系,D 日,B 學士,220,112
1,國立政治大學,03122045,外交學系,D 日,B 學士,264,112
1,國立政治大學,03131032,心理學系,D 日,B 學士,221,112
1,國立政治大學,03141030,社會學系,D 日,B 學士,210,112
1,國立政治大學,03143043,地政學系,D 日,B 學士,499,112
1,國立政治大學,03211056,傳播學院大一大二不分系,D 日,B 學士,405,112
1,國立政治大學,03213052,廣播電視學系,D 日,B 學士,207,112
1,國立政治大學,03214051,新聞學系,D 日,B 學士,93,112
1,國立政治大學,04111059,會計學系,D 日,B 學士,395,112
1,國立政治大學,04121065,財務管理學系,D 日,B 學士,212,112
1,國立政治大學,04121068,金融學系,D 日,B 學士,259,112
1,國立政治大學,04122070,財政學系,D 日,B 學士,380,112
1,國立政治大學,04123069,風險管理與保險學系,D 日,B 學士,220,112
1,國立政治大學,04131060,企業管理學系,D 日,B 學士,442,112
1,國立政治大學,04131091,創新國際學院學士班,D 日,B 學士,157,112
1,國立政治大學,04134041,公共行政學系,D 日,B 學士,180,112
1,國立政治大學,04141067,國際經營與貿易學系,D 日,B 學士,386,112
1,國立政治大學,04143055,廣告學系,D 日,B 學士,238,112
1,國立政治大學,04211073,法律學系,D 日,B 學士,736,112
1,國立政治大學,05411078,應用數學系,D 日,B 學士,201,112
1,國立政治大學,05421079,統計學系,D 日,B 學士,235,112
1,國立政治大學,06131080,資訊管理學系,D 日,B 學士,349,112
1,國立政治大學,06131081,資訊科學系,D 日,B 學士,238,112
2,國立清華大學,01111084,教育與學習科技學系,D 日,B 學士,182,112
2,國立清華大學,01111112,竹師教育學院學士班,D 日,B 學士,137,112
2,國立清華大學,01113095,特殊教育學系,D 日,B 學士,159,112
2,國立清華大學,01121091,幼兒教育學系,D 日,B 學士,166,112
2,國立清華大學,01131105,英語教學系,D 日,B 學士,148,112
2,國立清華大學,01141127,運動科學系,D 日,B 學士,200,112
2,國立清華大學,02131098,藝術與設計學系,D 日,B 學士,328,112
2,國立清華大學,02151096,音樂學系,D 日,B 學士,157,112
2,國立清華大學,02191113,藝術學院學士班,D 日,B 學士,153,112
2,國立清華大學,02299010,人文社會學院學士班,D 日,B 學士,349,112
2,國立清華大學,02311002,外國語文學系,D 日,B 學士,191,112
2,國立清華大學,02322003,中國文學系,D 日,B 學士,215,112
2,國立清華大學,03111011,經濟學系,D 日,B 學士,478,112
2,國立清華大學,03131077,教育心理與諮商學系,D 日,B 學士,187,112
2,國立清華大學,04121020,計量財務金融學系,D 日,B 學士,253,112
2,國立清華大學,04199023,科技管理學院學士班,D 日,B 學士,346,112
2,國立清華大學,05111106,應用科學系,D 日,B 學士,1,112
2,國立清華大學,05121025,生命科學系,D 日,B 學士,210,112
2,國立清華大學,05199032,生命科學院學士班,D 日,B 學士,0,112
2,國立清華大學,05199142,生命科學暨醫學院學士班,D 日,B 學士,138,112
2,國立清華大學,05211102,環境與文化資源學系,D 日,B 學士,1,112
2,國立清華大學,05311037,化學系,D 日,B 學士,280,112
2,國立清華大學,05331038,物理學系,D 日,B 學士,289,112
2,國立清華大學,05399042,理學院學士班,D 日,B 學士,169,112
2,國立清華大學,05411043,數學系,D 日,B 學士,262,112
2,國立清華大學,06131053,資訊工程學系,D 日,B 學士,604,112
2,國立清華大學,07111057,化學工程學系,D 日,B 學士,247,112
2,國立清華大學,07112058,材料科學工程學系,D 日,B 學士,462,112
2,國立清華大學,07112071,工學院學士班,D 日,B 學士,174,112
2,國立清華大學,07141049,電機工程學系,D 日,B 學士,496,112
2,國立清華大學,07141055,電機資訊學院學士班,D 日,B 學士,306,112
2,國立清華大學,07151056,動力機械工程學系,D 日,B 學士,468,112
2,國立清華大學,07191061,工業工程與工程管理學系,D 日,B 學士,293,112
2,國立清華大學,07193063,生醫工程與環境科學系,D 日,B 學士,175,112
2,國立清華大學,07194066,工程與系統科學系,D 日,B 學士,415,112
2,國立清華大學,07194069,原子科學院學士班,D 日,B 學士,109,112
2,國立清華大學,09121073,醫學科學系,D 日,B 學士,152,112
2,國立清華大學,09121140,學士後醫學系,D 日,B 學士,46,112
2,國立清華大學,99999075,清華學院學士班,D 日,B 學士,93,112
2,國立清華大學,99999120,清華學院國際學士班,D 日,B 學士,235,112
3,國立臺灣大學,02152003,戲劇學系,D 日,B 學士,165,112
3,國立臺灣大學,02221012,歷史學系,D 日,B 學士,258,112
3,國立臺灣大學,02222013,人類學系,D 日,B 學士,191,112
3,國立臺灣大學,02231014,哲學系,D 日,B 學士,192,112
3,國立臺灣大學,02311007,外國語文學系,D 日,B 學士,581,112
3,國立臺灣大學,02311009,日本語文學系,D 日,B 學士,264,112
3,國立臺灣大學,02322006,中國文學系,D 日,B 學士,300,112
3,國立臺灣大學,03111015,經濟學系,D 日,B 學士,652,112
3,國立臺灣大學,03121016,政治學系,D 日,B 學士,723,112
3,國立臺灣大學,03131019,心理學系,D 日,B 學士,306,112
3,國立臺灣大學,03141018,社會學系,D 日,B 學士,218,112
3,國立臺灣大學,03142021,地理環境資源學系,D 日,B 學士,153,112
3,國立臺灣大學,03222025,圖書資訊學系,D 日,B 學士,213,112
3,國立臺灣大學,04111027,會計學系,D 日,B 學士,558,112
3,國立臺灣大學,04121032,財務金融學系,D 日,B 學士,526,112
3,國立臺灣大學,04131029,工商管理學系,D 日,B 學士,469,112
3,國立臺灣大學,04131031,國際企業學系,D 日,B 學士,413,112
3,國立臺灣大學,04211035,法律學系,D 日,B 學士,817,112
3,國立臺灣大學,05111038,生命科學系,D 日,B 學士,250,112
3,國立臺灣大學,05111041,昆蟲學系,D 日,B 學士,128,112
3,國立臺灣大學,05121151,生化科技學系,D 日,B 學士,215,112
3,國立臺灣大學,05121179,生物科技與食品營養學士學位學程,D 日,B 學士,15,112
3,國立臺灣大學,05311051,化學系,D 日,B 學士,279,112
3,國立臺灣大學,05321052,地質科學系,D 日,B 學士,145,112
3,國立臺灣大學,05322056,大氣科學系,D 日,B 學士,158,112
3,國立臺灣大學,05331054,物理學系,D 日,B 學士,277,112
3,國立臺灣大學,05411059,數學系,D 日,B 學士,201,112
3,國立臺灣大學,06131062,資訊管理學系,D 日,B 學士,245,112
3,國立臺灣大學,06131067,資訊工程學系,D 日,B 學士,616,112
3,國立臺灣大學,07111076,化學工程學系,D 日,B 學士,464,112
3,國立臺灣大學,07112078,材料科學與工程學系,D 日,B 學士,204,112
3,國立臺灣大學,07141064,電機工程學系,D 日,B 學士,853,112
3,國立臺灣大學,07151069,機械工程學系,D 日,B 學士,617,112
3,國立臺灣大學,07151082,工程科學及海洋工程學系,D 日,B 學士,221,112
3,國立臺灣大學,07151161,生物機電工程學系,D 日,B 學士,195,112
3,國立臺灣大學,07151180,智慧工程科技全英語學士學位學程,D 日,B 學士,21,112
3,國立臺灣大學,07193083,醫學工程學系,D 日,B 學士,93,112
3,國立臺灣大學,07321074,土木工程學系,D 日,B 學士,471,112
3,國立臺灣大學,07321075,生物環境系統工程學系,D 日,B 學士,202,112
3,國立臺灣大學,08111087,農藝學系,D 日,B 學士,133,112
3,國立臺灣大學,08112089,動物科學技術學系,D 日,B 學士,149,112
3,國立臺灣大學,08121091,園藝暨景觀學系,D 日,B 學士,201,112
3,國立臺灣大學,08191100,農業化學系,D 日,B 學士,182,112
3,國立臺灣大學,08193096,農業經濟學系,D 日,B 學士,186,112
3,國立臺灣大學,08193098,生物產業傳播暨發展學系,D 日,B 學士,266,112
3,國立臺灣大學,08194094,植物病理與微生物學系,D 日,B 學士,123,112
3,國立臺灣大學,08211102,森林環境暨資源學系,D 日,B 學士,271,112
3,國立臺灣大學,08411104,獸醫學系,D 日,B 學士,360,112
3,國立臺灣大學,09111137,牙醫學系,D 日,B 學士,218,112
3,國立臺灣大學,09121107,醫學系,D 日,B 學士,902,112
3,國立臺灣大學,09131134,護理學系,D 日,B 學士,251,112
3,國立臺灣大學,09141136,醫學檢驗暨生物技術學系,D 日,B 學士,148,112
3,國立臺灣大學,09151132,物理治療學系,D 日,B 學士,207,112
3,國立臺灣大學,09152133,職能治療學系,D 日,B 學士,145,112
3,國立臺灣大學,09161129,藥學系,D 日,B 學士,283,112
3,國立臺灣大學,09191122,公共衛生學系,D 日,B 學士,161,112
3,國立臺灣大學,09231144,社會工作學系,D 日,B 學士,227,112
3,國立臺灣大學,10152171,國際體育運動事務學士學位學程,D 日,B 學士,24,112
3,國立臺灣大學,99999172,創新領域學士學位學程,D 日,B 學士,17,112
4,國立臺灣師範大學,01111001,教育學系,D 日,B 學士,273,112
4,國立臺灣師範大學,01113018,特殊教育學系,D 日,B 學士,170,112
4,國立臺灣師範大學,01116079,學習科學學士學位學程,D 日,B 學士,70,112
4,國立臺灣師範大學,01131004,公民教育與活動領導學系,D 日,B 學士,368,112
4,國立臺灣師範大學,01131009,社會教育學系,D 日,B 學士,225,112
4,國立臺灣師範大學,01131017,健康促進與衛生教育學系,D 日,B 學士,174,112
4,國立臺灣師範大學,01141007,人類發展與家庭學系,D 日,B 學士,0,112
4,國立臺灣師範大學,01141010,工業教育學系,D 日,B 學士,120,112
4,國立臺灣師範大學,01141087,體育與運動科學系,D 日,B 學士,253,112
4,國立臺灣師範大學,01141090,幼兒與家庭科學學系,D 日,B 學士,316,112
4,國立臺灣師範大學,01199021,教育學院學士班,D 日,B 學士,44,112
4,國立臺灣師範大學,01199022,科技應用與人力資源發展學系,D 日,B 學士,247,112
4,國立臺灣師範大學,02112037,設計學系,D 日,B 學士,166,112
4,國立臺灣師範大學,02131023,美術學系,D 日,B 學士,201,112
4,國立臺灣師範大學,02151024,音樂學系,D 日,B 學士,255,112
4,國立臺灣師範大學,02152027,表演藝術學士學位學程,D 日,B 學士,96,112
4,國立臺灣師範大學,02221035,歷史學系,D 日,B 學士,237,112
4,國立臺灣師範大學,02311033,英語學系,D 日,B 學士,338,112
4,國立臺灣師範大學,02313005,華語文教學系,D 日,B 學士,410,112
4,國立臺灣師範大學,02321028,臺灣語文學系,D 日,B 學士,96,112
4,國立臺灣師範大學,02322029,國文學系,D 日,B 學士,438,112
4,國立臺灣師範大學,03131003,教育心理與輔導學系,D 日,B 學士,190,112
4,國立臺灣師範大學,03142041,地理學系,D 日,B 學士,337,112
4,國立臺灣師範大學,03143042,東亞學系,D 日,B 學士,241,112
4,國立臺灣師範大學,03214050,圖文傳播學系,D 日,B 學士,198,112
4,國立臺灣師範大學,04131051,企業管理學系,D 日,B 學士,246,112
4,國立臺灣師範大學,05111056,生命科學系,D 日,B 學士,238,112
4,國立臺灣師範大學,05191083,營養科學學士學位學程,D 日,B 學士,144,112
4,國立臺灣師範大學,05311059,化學系,D 日,B 學士,321,112
4,國立臺灣師範大學,05321060,地球科學系,D 日,B 學士,162,112
4,國立臺灣師範大學,05331061,物理學系,D 日,B 學士,289,112
4,國立臺灣師範大學,05411062,數學系,D 日,B 學士,394,112
4,國立臺灣師範大學,06131065,資訊工程學系,D 日,B 學士,252,112
4,國立臺灣師範大學,07141063,電機工程學系,D 日,B 學士,234,112
4,國立臺灣師範大學,07141080,光電工程學士學位學程,D 日,B 學士,88,112
4,國立臺灣師範大學,07151068,機電工程學系,D 日,B 學士,301,112
4,國立臺灣師範大學,07161081,車輛與能源工程學士學位學程,D 日,B 學士,100,112
4,國立臺灣師範大學,10141074,運動競技學系,D 日,B 學士,271,112
5,國立成功大學,02123113,工業設計學系,D 日,B 學士,192,112
5,國立成功大學,02221110,歷史學系,D 日,B 學士,240,112
5,國立成功大學,02311108,外國語文學系,D 日,B 學士,298,112
5,國立成功大學,02321106,台灣文學系,D 日,B 學士,195,112
5,國立成功大學,02322107,中國文學系,D 日,B 學士,221,112
5,國立成功大學,03111114,經濟學系,D 日,B 學士,273,112
5,國立成功大學,03121115,政治學系,D 日,B 學士,261,112
5,國立成功大學,03131117,心理學系,D 日,B 學士,293,112
5,國立成功大學,04111120,會計學系,D 日,B 學士,251,112
5,國立成功大學,04131121,企業管理學系,D 日,B 學士,232,112
5,國立成功大學,04199057,工業與資訊管理學系,D 日,B 學士,251,112
5,國立成功大學,04212001,法律學系,D 日,B 學士,297,112
5,國立成功大學,05111003,生命科學系,D 日,B 學士,198,112
5,國立成功大學,05121008,生物科技與產業科學系,D 日,B 學士,193,112
5,國立成功大學,05311017,化學系,D 日,B 學士,275,112
5,國立成功大學,05321019,地球科學系,D 日,B 學士,167,112
5,國立成功大學,05331021,物理學系,D 日,B 學士,234,112
5,國立成功大學,05411027,數學系,D 日,B 學士,237,112
5,國立成功大學,05421029,統計學系,D 日,B 學士,259,112
5,國立成功大學,06131036,資訊工程學系,D 日,B 學士,532,112
5,國立成功大學,07111050,化學工程學系,D 日,B 學士,559,112
5,國立成功大學,07112063,材料科學及工程學系,D 日,B 學士,399,112
5,國立成功大學,07121070,環境工程學系,D 日,B 學士,224,112
5,國立成功大學,07122026,水利及海洋工程學系,D 日,B 學士,192,112
5,國立成功大學,07132052,能源工程國際學士學位學程,D 日,B 學士,111,112
5,國立成功大學,07141032,電機工程學系,D 日,B 學士,719,112
5,國立成功大學,07141035,光電科學與工程學系,D 日,B 學士,245,112
5,國立成功大學,07141071,工程科學系,D 日,B 學士,286,112
5,國立成功大學,07151042,機械工程學系,D 日,B 學士,695,112
5,國立成功大學,07162043,航空太空工程學系,D 日,B 學士,262,112
5,國立成功大學,07163044,系統及船舶機電工程學系,D 日,B 學士,227,112
5,國立成功大學,07193061,生物醫學工程學系,D 日,B 學士,164,112
5,國立成功大學,07241064,資源工程學系,D 日,B 學士,188,112
5,國立成功大學,07311075,建築學系,D 日,B 學士,311,112
5,國立成功大學,07313076,都市計劃學系,D 日,B 學士,193,112
5,國立成功大學,07321049,土木工程學系,D 日,B 學士,448,112
5,國立成功大學,07322067,測量及空間資訊學系,D 日,B 學士,205,112
5,國立成功大學,09111130,牙醫學系,D 日,B 學士,132,112
5,國立成功大學,09121077,醫學系,D 日,B 學士,514,112
5,國立成功大學,09131090,護理學系,D 日,B 學士,125,112
5,國立成功大學,09141094,醫學檢驗生物技術學系,D 日,B 學士,124,112
5,國立成功大學,09151082,物理治療學系,D 日,B 學士,142,112
5,國立成功大學,09152089,職能治療學系,D 日,B 學士,113,112
5,國立成功大學,09161086,藥學系,D 日,B 學士,183,112
5,國立成功大學,10411098,交通管理科學系,D 日,B 學士,198,112
5,國立成功大學,99999102,全校不分系學士學位學程,D 日,B 學士,101,112
6,國立中興大學,02221007,歷史學系,D 日,B 學士,257,112
6,國立中興大學,02299109,數位人文與文創產業進修學士學位學程,P 進,B 學士,140,112
6,國立中興大學,02311006,外國語文學系,D 日,B 學士,238,112
6,國立中興大學,02311006,外國語文學系,P 進,B 學士,170,112
6,國立中興大學,02321103,台灣人文創新學士學位學程,D 日,B 學士,68,112
6,國立中興大學,02322005,中國文學系,D 日,B 學士,205,112
6,國立中興大學,02322005,中國文學系,P 進,B 學士,148,112
6,國立中興大學,03111009,應用經濟學系,D 日,B 學士,200,112
6,國立中興大學,04111015,會計學系,D 日,B 學士,176,112
6,國立中興大學,04121019,財務金融學系,D 日,B 學士,216,112
6,國立中興大學,04131016,企業管理學系,D 日,B 學士,236,112
6,國立中興大學,04131018,創新產業經營學士學位學程,P 進,B 學士,184,112
6,國立中興大學,04143020,行銷學系,D 日,B 學士,208,112
6,國立中興大學,04211023,法律學系,D 日,B 學士,180,112
6,國立中興大學,05111026,生命科學系,D 日,B 學士,370,112
6,國立中興大學,05111029,昆蟲學系,D 日,B 學士,202,112
6,國立中興大學,05121031,生物科技學士學位學程,D 日,B 學士,128,112
6,國立中興大學,05292082,水土保持學系,D 日,B 學士,232,112
6,國立中興大學,05311039,化學系,D 日,B 學士,243,112
6,國立中興大學,05331040,物理學系,D 日,B 學士,247,112
6,國立中興大學,05411041,應用數學系,D 日,B 學士,347,112
6,國立中興大學,06131043,資訊管理學系,D 日,B 學士,131,112
6,國立中興大學,06131108,資訊工程學系,D 日,B 學士,139,112
6,國立中興大學,07111055,化學工程學系,D 日,B 學士,213,112
6,國立中興大學,07112057,材料科學與工程學系,D 日,B 學士,236,112
6,國立中興大學,07121059,環境工程學系,D 日,B 學士,198,112
6,國立中興大學,07141045,電機工程學系,D 日,B 學士,288,112
6,國立中興大學,07141102,電機資訊學院學士班,D 日,B 學士,126,112
6,國立中興大學,07151050,機械工程學系,D 日,B 學士,401,112
6,國立中興大學,07151052,生物產業機電工程學系,D 日,B 學士,232,112
6,國立中興大學,07199107,智慧創意工程學士學位學程,D 日,B 學士,41,112
6,國立中興大學,07211081,食品暨應用生物科技學系,D 日,B 學士,215,112
6,國立中興大學,07312061,景觀與遊憩學士學位學程,D 日,B 學士,76,112
6,國立中興大學,07321054,土木工程學系,D 日,B 學士,393,112
6,國立中興大學,08111063,農藝學系,D 日,B 學士,196,112
6,國立中興大學,08112066,動物科學系,D 日,B 學士,209,112
6,國立中興大學,08121067,園藝學系,D 日,B 學士,180,112
6,國立中興大學,08191083,土壤環境科學系,D 日,B 學士,184,112
6,國立中興大學,08193076,生物產業管理進修學士學位學程,P 進,B 學士,186,112
6,國立中興大學,08193078,國際農企業學士學位學程,D 日,B 學士,85,112
6,國立中興大學,08194068,植物病理學系,D 日,B 學士,194,112
6,國立中興大學,08211086,森林學系,D 日,B 學士,270,112
6,國立中興大學,08411087,獸醫學系,D 日,B 學士,372,112
6,國立中興大學,09121110,學士後醫學系,D 日,B 學士,46,112
7,國立陽明交通大學,02299008,人文社會學系,D 日,B 學士,195,112
7,國立陽明交通大學,02311005,外國語文學系,D 日,B 學士,201,112
7,國立陽明交通大學,03211015,傳播與科技學系,D 日,B 學士,164,112
7,國立陽明交通大學,04121020,資訊管理與財務金融學系,D 日,B 學士,179,112
7,國立陽明交通大學,04131018,管理科學系,D 日,B 學士,222,112
7,國立陽明交通大學,05121028,生物科技學系,D 日,B 學士,284,112
7,國立陽明交通大學,05121112,生命科學系暨基因體科學研究所,D 日,B 學士,105,112
7,國立陽明交通大學,05199163,學士班大一大二不分系,D 日,B 學士,18,112
7,國立陽明交通大學,05311036,應用化學系,D 日,B 學士,209,112
7,國立陽明交通大學,05331041,電子物理學系,D 日,B 學士,258,112
7,國立陽明交通大學,05399044,理學院科學學士學位學程,D 日,B 學士,2,112
7,國立陽明交通大學,05411045,應用數學系,D 日,B 學士,206,112
7,國立陽明交通大學,06131058,資訊工程學系,D 日,B 學士,827,112
7,國立陽明交通大學,07112072,材料科學與工程學系,D 日,B 學士,211,112
7,國立陽明交通大學,07141050,電機工程學系,D 日,B 學士,1086,112
7,國立陽明交通大學,07141055,光電工程學系,D 日,B 學士,148,112
7,國立陽明交通大學,07141068,電機資訊學士班,D 日,B 學士,0,112
7,國立陽明交通大學,07141074,奈米科學及工程學士學位學程,D 日,B 學士,181,112
7,國立陽明交通大學,07141179,學士後電子與光子學士學位學程,D 日,B 學士,44,112
7,國立陽明交通大學,07151070,機械工程學系,D 日,B 學士,412,112
7,國立陽明交通大學,07191075,工業工程與管理學系,D 日,B 學士,265,112
7,國立陽明交通大學,07193122,生物醫學工程學系,D 日,B 學士,118,112
7,國立陽明交通大學,07193172,數位醫療學士學位學程,D 日,B 學士,2,112
7,國立陽明交通大學,07199102,系統工程與科技學士學位學程,D 日,B 學士,635,112
7,國立陽明交通大學,07321071,土木工程學系,D 日,B 學士,324,112
7,國立陽明交通大學,09111160,牙醫學系,D 日,B 學士,255,112
7,國立陽明交通大學,09121125,醫學系,D 日,B 學士,891,112
7,國立陽明交通大學,09131149,護理學系,D 日,B 學士,158,112
7,國立陽明交通大學,09141158,醫學生物技術暨檢驗學系,D 日,B 學士,153,112
7,國立陽明交通大學,09141159,生物醫學影像暨放射科學系,D 日,B 學士,133,112
7,國立陽明交通大學,09151148,物理治療暨輔助科技學系,D 日,B 學士,225,112
7,國立陽明交通大學,09161142,藥學系,D 日,B 學士,183,112
7,國立陽明交通大學,10411086,運輸與物流管理學系,D 日,B 學士,193,112
7,國立陽明交通大學,99999096,百川學士學位學程,D 日,B 學士,125,112
8,國立中央大學,02299080,文學院學士班,D 日,B 學士,76,112
8,國立中央大學,02311007,英美語文學系,D 日,B 學士,199,112
8,國立中央大學,02311008,法國語文學系,D 日,B 學士,215,112
8,國立中央大學,02322006,中國文學系,D 日,B 學士,189,112
8,國立中央大學,03111013,經濟學系,D 日,B 學士,249,112
8,國立中央大學,03199020,客家語文暨社會科學學系,D 日,B 學士,142,112
8,國立中央大學,04121024,財務金融學系,D 日,B 學士,274,112
8,國立中央大學,04131023,企業管理學系,D 日,B 學士,403,112
8,國立中央大學,05121031,生命科學系,D 日,B 學士,155,112
8,國立中央大學,05311035,化學學系,D 日,B 學士,154,112
8,國立中央大學,05321036,地球科學學系,D 日,B 學士,193,112
8,國立中央大學,05321078,地球科學學院學士班,D 日,B 學士,65,112
8,國立中央大學,05322044,大氣科學學系,D 日,B 學士,130,112
8,國立中央大學,05322079,太空科學與工程學系,D 日,B 學士,122,112
8,國立中央大學,05331042,物理學系,D 日,B 學士,191,112
8,國立中央大學,05399050,理學院學士班,D 日,B 學士,77,112
8,國立中央大學,05411051,數學系,D 日,B 學士,314,112
8,國立中央大學,06131053,資訊管理學系,D 日,B 學士,417,112
8,國立中央大學,06131059,資訊工程學系,D 日,B 學士,427,112
8,國立中央大學,07111069,化學工程與材料工程學系,D 日,B 學士,210,112
8,國立中央大學,07141055,電機工程學系,D 日,B 學士,443,112
8,國立中央大學,07141057,光電科學與工程學系,D 日,B 學士,192,112
8,國立中央大學,07141060,通訊工程學系,D 日,B 學士,195,112
8,國立中央大學,07141077,資訊電機學院學士班,D 日,B 學士,99,112
8,國立中央大學,07151064,機械工程學系,D 日,B 學士,557,112
8,國立中央大學,07193074,生醫科學與工程學系,D 日,B 學士,116,112
8,國立中央大學,07194076,工學院學士班,D 日,B 學士,102,112
8,國立中央大學,07321067,土木工程學系,D 日,B 學士,368,112
9,國立中山大學,02151002,音樂學系,D 日,B 學士,157,112
9,國立中山大學,02152003,劇場藝術學系,D 日,B 學士,198,112
9,國立中山大學,02311006,外國語文學系,D 日,B 學士,222,112
9,國立中山大學,02322005,中國文學系,D 日,B 學士,202,112
9,國立中山大學,03141013,社會學系,D 日,B 學士,171,112
9,國立中山大學,04121024,財務管理學系,D 日,B 學士,207,112
9,國立中山大學,04131021,企業管理學系,D 日,B 學士,371,112
9,國立中山大學,04131022,國際經營管理全英語學士學位學程,D 日,B 學士,66,112
9,國立中山大學,04134010,政治經濟學系,D 日,B 學士,213,112
9,國立中山大學,05111033,生物科學系,D 日,B 學士,192,112
9,國立中山大學,05311037,化學系,D 日,B 學士,218,112
9,國立中山大學,05323044,海洋生物科技暨資源學系,D 日,B 學士,136,112
9,國立中山大學,05323047,海洋科學系,D 日,B 學士,122,112
9,國立中山大學,05331038,物理學系,D 日,B 學士,211,112
9,國立中山大學,05411051,應用數學系,D 日,B 學士,207,112
9,國立中山大學,06111055,資訊工程學系,D 日,B 學士,263,112
9,國立中山大學,06131052,資訊管理學系,D 日,B 學士,211,112
9,國立中山大學,07112063,材料與光電科學學系,D 日,B 學士,223,112
9,國立中山大學,07122065,海洋環境及工程學系,D 日,B 學士,165,112
9,國立中山大學,07141053,電機工程學系,D 日,B 學士,493,112
9,國立中山大學,07141054,光電工程學系,D 日,B 學士,200,112
9,國立中山大學,07151061,機械與機電工程學系,D 日,B 學士,435,112
9,國立中山大學,09121083,學士後醫學系,D 日,B 學士,46,112
9,國立中山大學,99999071,人文暨科技跨領域學士學位學程,D 日,B 學士,111,112
12,國立臺灣海洋大學,02122005,海洋文創設計產業學士學位學程,D 日,B 學士,141,112
12,國立臺灣海洋大學,04199055,海洋觀光管理學士學位學程,D 日,B 學士,160,112
12,國立臺灣海洋大學,04199056,海洋經營管理學士學位學程,D 日,B 學士,122,112
12,國立臺灣海洋大學,04212010,海洋法政學士學位學程,D 日,B 學士,145,112
12,國立臺灣海洋大學,05121014,生命科學暨生物科技學系,D 日,B 學士,188,112
12,國立臺灣海洋大學,05121018,海洋生物科技學士學位學程,D 日,B 學士,126,112
12,國立臺灣海洋大學,05323020,海洋環境資訊系,D 日,B 學士,179,112
12,國立臺灣海洋大學,06131028,資訊工程學系,D 日,B 學士,508,112
12,國立臺灣海洋大學,07122040,河海工程學系,D 日,B 學士,319,112
12,國立臺灣海洋大學,07122041,海洋工程科技學士學位學程,D 日,B 學士,99,112
12,國立臺灣海洋大學,07141025,電機工程學系,D 日,B 學士,446,112
12,國立臺灣海洋大學,07141027,光電與材料科技學系,D 日,B 學士,149,112
12,國立臺灣海洋大學,07141030,通訊與導航工程學系,D 日,B 學士,247,112
12,國立臺灣海洋大學,07151036,機械與機電工程學系,D 日,B 學士,378,112
12,國立臺灣海洋大學,07163033,系統工程暨造船學系,D 日,B 學士,206,112
12,國立臺灣海洋大學,07163035,輪機工程學系,D 日,B 學士,378,112
12,國立臺灣海洋大學,07163035,輪機工程學系,P 進,B 學士,86,112
12,國立臺灣海洋大學,07211042,食品科學系,D 日,B 學士,430,112
12,國立臺灣海洋大學,07211042,食品科學系,P 進,B 學士,68,112
12,國立臺灣海洋大學,08311045,環境生物與漁業科學學系,D 日,B 學士,194,112
12,國立臺灣海洋大學,08312046,水產養殖學系,D 日,B 學士,396,112
12,國立臺灣海洋大學,10411050,運輸科學系,D 日,B 學士,357,112
12,國立臺灣海洋大學,10412048,航運管理學系,D 日,B 學士,466,112
12,國立臺灣海洋大學,10412048,航運管理學系,P 進,B 學士,281,112
12,國立臺灣海洋大學,10414052,商船學系,D 日,B 學士,477,112
12,國立臺灣海洋大學,10414052,商船學系,P 進,B 學士,116,112
13,國立中正大學,01112005,成人及繼續教育學系,D 日,B 學士,105,112
13,國立中正大學,02221015,歷史學系,D 日,B 學士,189,112
13,國立中正大學,02231016,哲學系,D 日,B 學士,202,112
13,國立中正大學,02311012,外國語文學系,D 日,B 學士,219,112
13,國立中正大學,02322011,中國文學系,D 日,B 學士,174,112
13,國立中正大學,03111017,經濟學系,D 日,B 學士,396,112
13,國立中正大學,03121018,政治學系,D 日,B 學士,201,112
13,國立中正大學,03131019,心理學系,D 日,B 學士,212,112
13,國立中正大學,03191025,勞工關係學系,D 日,B 學士,195,112
13,國立中正大學,03199026,犯罪防治學系,D 日,B 學士,161,112
13,國立中正大學,03211028,傳播學系,D 日,B 學士,203,112
13,國立中正大學,04111032,會計與資訊科技學系,D 日,B 學士,216,112
13,國立中正大學,04121034,財務金融學系,D 日,B 學士,331,112
13,國立中正大學,04131033,企業管理學系,D 日,B 學士,327,112
13,國立中正大學,04211039,法律學系,D 日,B 學士,336,112
13,國立中正大學,04212040,財經法律學系,D 日,B 學士,191,112
13,國立中正大學,05121075,生物醫學科學系,D 日,B 學士,159,112
13,國立中正大學,05311045,化學暨生物化學系,D 日,B 學士,192,112
13,國立中正大學,05321047,地球與環境科學系,D 日,B 學士,150,112
13,國立中正大學,05331067,物理學系,D 日,B 學士,204,112
13,國立中正大學,05411049,數學系,D 日,B 學士,191,112
13,國立中正大學,06131053,資訊管理學系,D 日,B 學士,200,112
13,國立中正大學,06131055,資訊工程學系,D 日,B 學士,398,112
13,國立中正大學,07111061,化學工程學系,D 日,B 學士,195,112
13,國立中正大學,07141054,電機工程學系,D 日,B 學士,330,112
13,國立中正大學,07141056,通訊工程學系,D 日,B 學士,196,112
13,國立中正大學,07151058,機械工程學系,D 日,B 學士,398,112
13,國立中正大學,09231063,社會福利學系,D 日,B 學士,203,112
13,國立中正大學,10141064,運動競技學系,D 日,B 學士,122,112
13,國立中正大學,99999079,紫荊不分系學士學位學程,D 日,B 學士,57,112
14,國立高雄師範大學,01111001,教育學系,D 日,B 學士,152,112
14,國立高雄師範大學,01113010,特殊教育學系,D 日,B 學士,163,112
14,國立高雄師範大學,01141003,工業科技教育學系,D 日,B 學士,154,112
14,國立高雄師範大學,01141005,體育學系,D 日,B 學士,212,112
14,國立高雄師範大學,02112022,視覺設計學系,D 日,B 學士,164,112
14,國立高雄師範大學,02123024,工業設計學系,D 日,B 學士,137,112
14,國立高雄師範大學,02131012,美術學系,D 日,B 學士,178,112
14,國立高雄師範大學,02141055,藝術產業學士原住民專班,D 日,B 學士,122,112
14,國立高雄師範大學,02151013,音樂學系,D 日,B 學士,106,112
14,國立高雄師範大學,02311021,英語學系,D 日,B 學士,329,112
14,國立高雄師範大學,02321057,語言與文化學士原住民專班,D 日,B 學士,111,112
14,國立高雄師範大學,02322019,國文學系,D 日,B 學士,368,112
14,國立高雄師範大學,03142030,地理學系,D 日,B 學士,168,112
14,國立高雄師範大學,04131032,事業經營學系,D 日,B 學士,137,112
14,國立高雄師範大學,05121034,生物科技系,D 日,B 學士,158,112
14,國立高雄師範大學,05311036,化學系,D 日,B 學士,162,112
14,國立高雄師範大學,05331037,物理學系,D 日,B 學士,159,112
14,國立高雄師範大學,05411038,數學系,D 日,B 學士,327,112
14,國立高雄師範大學,06132039,軟體工程與管理學系,D 日,B 學士,140,112
14,國立高雄師範大學,07141041,電子工程學系,D 日,B 學士,192,112
14,國立高雄師範大學,07141060,電機工程學系,D 日,B 學士,199,112
14,國立高雄師範大學,10141056,運動競技與產業學士原住民專班,D 日,B 學士,150,112
15,國立彰化師範大學,01113012,特殊教育學系,D 日,B 學士,291,112
15,國立彰化師範大學,01131006,公共事務與公民教育學系,D 日,B 學士,141,112
15,國立彰化師範大學,01141011,運動學系,D 日,B 學士,227,112
15,國立彰化師範大學,02131017,美術學系,D 日,B 學士,183,112
15,國立彰化師範大學,02311020,英語學系,D 日,B 學士,232,112
15,國立彰化師範大學,02322019,國文學系,D 日,B 學士,342,112
15,國立彰化師範大學,03131025,輔導與諮商學系,D 日,B 學士,339,112
15,國立彰化師範大學,03142027,地理學系,D 日,B 學士,182,112
15,國立彰化師範大學,04111028,會計學系,D 日,B 學士,332,112
15,國立彰化師範大學,04121031,財務金融技術學系,D 日,B 學士,148,112
15,國立彰化師範大學,04131029,企業管理學系,D 日,B 學士,199,112
15,國立彰化師範大學,05111034,生物學系,D 日,B 學士,175,112
15,國立彰化師範大學,05311035,化學系,D 日,B 學士,209,112
15,國立彰化師範大學,05331037,物理學系,D 日,B 學士,334,112
15,國立彰化師範大學,05411038,數學系,D 日,B 學士,310,112
15,國立彰化師範大學,06131040,資訊管理學系,D 日,B 學士,215,112
15,國立彰化師範大學,06131050,資訊工程學系,D 日,B 學士,222,112
15,國立彰化師範大學,07141042,電機工程學系,D 日,B 學士,195,112
15,國立彰化師範大學,07141043,電子工程學系,D 日,B 學士,207,112
15,國立彰化師範大學,07141054,機電工程學系,D 日,B 學士,199,112
15,國立彰化師範大學,07199007,工業教育與技術學系,D 日,B 學士,334,112
15,國立彰化師範大學,09211065,高齡健康促進與照護管理原住民專班,D 日,B 學士,28,112
17,國立臺北大學,02221005,歷史學系,D 日,B 學士,185,112
17,國立臺北大學,02311004,應用外語學系,D 日,B 學士,230,112
17,國立臺北大學,02313046,創新華語文教學學士學位學程,D 日,B 學士,5,112
17,國立臺北大學,02322002,中國文學系,D 日,B 學士,201,112
17,國立臺北大學,03111009,經濟學系,D 日,B 學士,509,112
17,國立臺北大學,03111009,經濟學系,P 進,B 學士,156,112
17,國立臺北大學,03141011,社會學系,D 日,B 學士,213,112
17,國立臺北大學,04111017,會計學系,D 日,B 學士,538,112
17,國立臺北大學,04121022,金融與合作經營學系,D 日,B 學士,270,112
17,國立臺北大學,04121022,金融與合作經營學系,P 進,B 學士,188,112
17,國立臺北大學,04122023,財政學系,D 日,B 學士,286,112
17,國立臺北大學,04122023,財政學系,P 進,B 學士,175,112
17,國立臺北大學,04131018,企業管理學系,D 日,B 學士,519,112
17,國立臺北大學,04131018,企業管理學系,P 進,B 學士,303,112
17,國立臺北大學,04131045,智慧永續發展與管理英語學士學位學程,D 日,B 學士,10,112
17,國立臺北大學,04134013,公共行政暨政策學系,D 日,B 學士,476,112
17,國立臺北大學,04134013,公共行政暨政策學系,P 進,B 學士,288,112
17,國立臺北大學,04134024,不動產與城鄉環境學系,D 日,B 學士,472,112
17,國立臺北大學,04134024,不動產與城鄉環境學系,P 進,B 學士,161,112
17,國立臺北大學,04141026,商學院數位行銷進修學士學位學程,P 進,B 學士,180,112
17,國立臺北大學,04211028,法律學系,D 日,B 學士,834,112
17,國立臺北大學,04211028,法律學系,P 進,B 學士,220,112
17,國立臺北大學,05421033,統計學系,D 日,B 學士,248,112
17,國立臺北大學,06131036,資訊工程學系,D 日,B 學士,231,112
17,國立臺北大學,07141035,電機工程學系,D 日,B 學士,194,112
17,國立臺北大學,07141037,通訊工程學系,D 日,B 學士,153,112
17,國立臺北大學,09231041,社會工作學系,D 日,B 學士,216,112
17,國立臺北大學,09231041,社會工作學系,P 進,B 學士,203,112
17,國立臺北大學,10152042,休閒運動管理學系,D 日,B 學士,210,112
18,國立嘉義大學,01111001,教育學系,D 日,B 學士,165,112
18,國立嘉義大學,01113017,特殊教育學系,D 日,B 學士,164,112
18,國立嘉義大學,01116021,數位學習設計與管理學系,D 日,B 學士,188,112
18,國立嘉義大學,01121016,幼兒教育學系,D 日,B 學士,204,112
18,國立嘉義大學,01141113,體育與健康休閒學系,D 日,B 學士,202,112
18,國立嘉義大學,02131025,視覺藝術學系,D 日,B 學士,190,112
18,國立嘉義大學,02151024,音樂學系,D 日,B 學士,154,112
18,國立嘉義大學,02221033,應用歷史學系,D 日,B 學士,191,112
18,國立嘉義大學,02311031,外國語言學系,D 日,B 學士,372,112
18,國立嘉義大學,02322029,中國文學系,D 日,B 學士,196,112
18,國立嘉義大學,02322029,中國文學系,P 進,B 學士,56,112
18,國立嘉義大學,03111034,應用經濟學系,D 日,B 學士,204,112
18,國立嘉義大學,03131035,輔導與諮商學系,D 日,B 學士,226,112
18,國立嘉義大學,04121041,財務金融學系,D 日,B 學士,215,112
18,國立嘉義大學,04121041,財務金融學系,P 進,B 學士,168,112
18,國立嘉義大學,04131038,企業管理學系,D 日,B 學士,223,112
18,國立嘉義大學,04131038,企業管理學系,P 進,B 學士,172,112
18,國立嘉義大學,04131116,科技管理學系,D 日,B 學士,200,112
18,國立嘉義大學,04131116,科技管理學系,P 進,B 學士,63,112
18,國立嘉義大學,04143044,行銷與觀光管理學系,D 日,B 學士,189,112
18,國立嘉義大學,05111052,生物資源學系,D 日,B 學士,165,112
18,國立嘉義大學,05121053,生化科技學系,D 日,B 學士,189,112
18,國立嘉義大學,05199058,微生物免疫與生物藥學系,D 日,B 學士,180,112
18,國立嘉義大學,05311059,應用化學系,D 日,B 學士,220,112
18,國立嘉義大學,05331061,電子物理學系,D 日,B 學士,210,112
18,國立嘉義大學,05411062,應用數學系,D 日,B 學士,176,112
18,國立嘉義大學,06131063,資訊管理學系,D 日,B 學士,230,112
18,國立嘉義大學,06131066,資訊工程學系,D 日,B 學士,238,112
18,國立嘉義大學,07141064,電機工程學系,D 日,B 學士,215,112
18,國立嘉義大學,07151067,生物機電工程學系,D 日,B 學士,200,112
18,國立嘉義大學,07151067,生物機電工程學系,P 進,B 學士,140,112
18,國立嘉義大學,07151069,機械與能源工程學系,D 日,B 學士,198,112
18,國立嘉義大學,07211088,食品科學系,D 日,B 學士,194,112
18,國立嘉義大學,07211088,食品科學系,P 進,B 學士,153,112
18,國立嘉義大學,07312072,景觀學系,D 日,B 學士,153,112
18,國立嘉義大學,07321070,土木與水資源工程學系,D 日,B 學士,195,112
18,國立嘉義大學,07321070,土木與水資源工程學系,P 進,B 學士,107,112
18,國立嘉義大學,08111074,農藝學系,D 日,B 學士,151,112
18,國立嘉義大學,08112079,動物科學系,D 日,B 學士,169,112
18,國立嘉義大學,08112079,動物科學系,P 進,B 學士,140,112
18,國立嘉義大學,08121080,園藝學系,D 日,B 學士,173,112
18,國立嘉義大學,08121080,園藝學系,P 進,B 學士,108,112
18,國立嘉義大學,08192092,生物農業科技學系,D 日,B 學士,0,112
18,國立嘉義大學,08192117,農業生物科技學系,D 日,B 學士,149,112
18,國立嘉義大學,08194084,植物醫學系,D 日,B 學士,141,112
18,國立嘉義大學,08199076,農場管理進修學士學位學程,P 進,B 學士,308,112
18,國立嘉義大學,08211096,森林暨自然資源學系,D 日,B 學士,156,112
18,國立嘉義大學,08211106,木質材料與設計學系,D 日,B 學士,160,112
18,國立嘉義大學,08211106,木質材料與設計學系,P 進,B 學士,105,112
18,國立嘉義大學,08312047,水生生物科學系,D 日,B 學士,148,112
18,國立嘉義大學,08411108,獸醫學系,D 日,B 學士,234,112
18,國立嘉義大學,10152113,體育與健康休閒學系,P 進,B 學士,171,112
19,國立高雄大學,02122036,工藝與創意設計學系,D 日,B 學士,222,112
19,國立高雄大學,02199005,創意設計與建築學系,D 日,B 學士,1,112
19,國立高雄大學,02311002,西洋語文學系,D 日,B 學士,172,112
19,國立高雄大學,02311003,東亞語文學系,D 日,B 學士,248,112
19,國立高雄大學,03111006,應用經濟學系,D 日,B 學士,227,112
19,國立高雄大學,04121011,金融管理學系,D 日,B 學士,212,112
19,國立高雄大學,04131009,亞太工商管理學系,D 日,B 學士,267,112
19,國立高雄大學,04211015,法律學系,D 日,B 學士,217,112
19,國立高雄大學,04212016,財經法律學系,D 日,B 學士,180,112
19,國立高雄大學,04212017,政治法律學系,D 日,B 學士,207,112
19,國立高雄大學,05111019,生命科學系,D 日,B 學士,180,112
19,國立高雄大學,05311022,應用化學系,D 日,B 學士,191,112
19,國立高雄大學,05331023,應用物理學系,D 日,B 學士,201,112
19,國立高雄大學,05411024,應用數學系,D 日,B 學士,220,112
19,國立高雄大學,06131026,資訊管理學系,D 日,B 學士,232,112
19,國立高雄大學,06131028,資訊工程學系,D 日,B 學士,198,112
19,國立高雄大學,07111030,化學工程及材料工程學系,D 日,B 學士,182,112
19,國立高雄大學,07141027,電機工程學系,D 日,B 學士,485,112
19,國立高雄大學,07311035,建築學系,D 日,B 學士,171,112
19,國立高雄大學,07321029,土木與環境工程學系,D 日,B 學士,244,112
19,國立高雄大學,10141032,運動競技學系,D 日,B 學士,193,112
19,國立高雄大學,10152033,運動健康與休閒學系,D 日,B 學士,268,112
20,國立東華大學,01111001,教育與潛能開發學系,D 日,B 學士,188,112
20,國立東華大學,01113013,特殊教育學系,D 日,B 學士,141,112
20,國立東華大學,01114015,教育行政與管理學系,D 日,B 學士,175,112
20,國立東華大學,01121012,幼兒教育學系,D 日,B 學士,159,112
20,國立東華大學,01141010,體育與運動科學系,D 日,B 學士,192,112
20,國立東華大學,02121019,藝術與設計學系,D 日,B 學士,239,112
20,國立東華大學,02151018,音樂學系,D 日,B 學士,84,112
20,國立東華大學,02191022,藝術創意產業學系,D 日,B 學士,225,112
20,國立東華大學,02199109,原住民族樂舞與藝術學士學位學程,D 日,B 學士,60,112
20,國立東華大學,02221033,歷史學系,D 日,B 學士,223,112
20,國立東華大學,02222042,族群關係與文化學系,D 日,B 學士,148,112
20,國立東華大學,02311029,英美語文學系,D 日,B 學士,218,112
20,國立東華大學,02321028,民族語言與傳播學系,D 日,B 學士,167,112
20,國立東華大學,02322025,中國語文學系,D 日,B 學士,192,112
20,國立東華大學,02323104,華文文學系,D 日,B 學士,213,112
20,國立東華大學,03111034,經濟學系,D 日,B 學士,207,112
20,國立東華大學,03131046,諮商與臨床心理學系,D 日,B 學士,237,112
20,國立東華大學,03141036,社會學系,D 日,B 學士,181,112
20,國立東華大學,03143051,臺灣文化學系,D 日,B 學士,172,112
20,國立東華大學,03199040,民族事務與發展學系,D 日,B 學士,82,112
20,國立東華大學,04111056,會計學系,D 日,B 學士,240,112
20,國立東華大學,04111115,管理學院會計與資訊管理國際學士班,D 日,B 學士,20,112
20,國立東華大學,04121061,財務金融學系,D 日,B 學士,266,112
20,國立東華大學,04131059,企業管理學系,D 日,B 學士,237,112
20,國立東華大學,04131060,國際企業學系,D 日,B 學士,227,112
20,國立東華大學,04134054,公共行政學系,D 日,B 學士,167,112
20,國立東華大學,04191066,管理學院管理科學與財金國際學士學位學程,D 日,B 學士,100,112
20,國立東華大學,04211067,法律學系,D 日,B 學士,200,112
20,國立東華大學,05121069,生命科學系,D 日,B 學士,177,112
20,國立東華大學,05211094,自然資源與環境學系,D 日,B 學士,221,112
20,國立東華大學,05311071,化學系,D 日,B 學士,208,112
20,國立東華大學,05331072,物理學系,D 日,B 學士,245,112
20,國立東華大學,05411074,應用數學系,D 日,B 學士,292,112
20,國立東華大學,06131086,資訊工程學系,D 日,B 學士,536,112
20,國立東華大學,06134081,資訊管理學系,D 日,B 學士,248,112
20,國立東華大學,07112090,材料科學與工程學系,D 日,B 學士,244,112
20,國立東華大學,07141083,電機工程學系,D 日,B 學士,267,112
20,國立東華大學,07141085,光電工程學系,D 日,B 學士,197,112
20,國立東華大學,09231041,民族社會工作學士學位學程,D 日,B 學士,115,112
20,國立東華大學,10151091,觀光暨休閒遊憩學系,D 日,B 學士,206,112
20,國立東華大學,99999113,縱谷跨域書院學士學位學程,D 日,B 學士,59,112
21,國立暨南國際大學,01111001,國際文教與比較教育學系,D 日,B 學士,166,112
21,國立暨南國際大學,01111004,諮商心理與人力資源發展學系,D 日,B 學士,196,112
21,國立暨南國際大學,01111050,教育學院學士班,D 日,B 學士,90,112
21,國立暨南國際大學,01114010,教育政策與行政學系,D 日,B 學士,159,112
21,國立暨南國際大學,02221015,歷史學系,D 日,B 學士,166,112
21,國立暨南國際大學,02311014,外國語文學系,D 日,B 學士,187,112
21,國立暨南國際大學,02322013,中國語文學系,D 日,B 學士,198,112
21,國立暨南國際大學,03111016,經濟學系,D 日,B 學士,231,112
21,國立暨南國際大學,03141045,原住民文化產業與社會工作學士學位學程原住民族專班,D 日,B 學士,172,112
21,國立暨南國際大學,03143019,東南亞學系,D 日,B 學士,184,112
21,國立暨南國際大學,04121025,財務金融學系,D 日,B 學士,260,112
21,國立暨南國際大學,04131022,國際企業學系,D 日,B 學士,277,112
21,國立暨南國際大學,04131048,管理學院學士班,D 日,B 學士,168,112
21,國立暨南國際大學,04134020,公共行政與政策學系,D 日,B 學士,219,112
21,國立暨南國際大學,05311027,應用化學系,D 日,B 學士,220,112
21,國立暨南國際大學,06131030,資訊管理學系,D 日,B 學士,280,112
21,國立暨南國際大學,06131034,資訊工程學系,D 日,B 學士,258,112
21,國立暨南國際大學,06199049,科技學院學士班,D 日,B 學士,84,112
21,國立暨南國際大學,07112037,應用材料及光電工程學系,D 日,B 學士,219,112
21,國立暨南國際大學,07141031,電機工程學系,D 日,B 學士,291,112
21,國立暨南國際大學,07321035,土木工程學系,D 日,B 學士,169,112
21,國立暨南國際大學,09131056,護理學系,D 日,B 學士,48,112
21,國立暨南國際大學,09231038,社會政策與社會工作學系,D 日,B 學士,238,112
21,國立暨南國際大學,10151039,觀光休閒與餐旅管理學系,D 日,B 學士,322,112
28,國立臺北藝術大學,02111018,電影創作學系,D 日,B 學士,220,112
28,國立臺北藝術大學,02111019,動畫學系,D 日,B 學士,191,112
28,國立臺北藝術大學,02131003,美術學系,D 日,B 學士,276,112
28,國立臺北藝術大學,02151005,音樂學系,D 日,B 學士,268,112
28,國立臺北藝術大學,02151006,傳統音樂學系,D 日,B 學士,97,112
28,國立臺北藝術大學,02151032,音樂與影像跨域學士學位學程,D 日,B 學士,83,112
28,國立臺北藝術大學,02152008,戲劇學系,D 日,B 學士,209,112
28,國立臺北藝術大學,02152011,劇場設計學系,D 日,B 學士,159,112
28,國立臺北藝術大學,02152013,舞蹈學系,D 日,B 學士,124,112
28,國立臺北藝術大學,02191023,新媒體藝術學系,D 日,B 學士,170,112
29,國立臺灣藝術大學,02111015,電影學系,D 日,B 學士,220,112
29,國立臺灣藝術大學,02111015,電影學系,P 進,B 學士,134,112
29,國立臺灣藝術大學,02112023,多媒體動畫藝術學系,D 日,B 學士,140,112
29,國立臺灣藝術大學,02112028,視覺傳達設計學系,D 日,B 學士,154,112
29,國立臺灣藝術大學,02112028,視覺傳達設計學系,P 進,B 學士,153,112
29,國立臺灣藝術大學,02131003,美術學系,D 日,B 學士,166,112
29,國立臺灣藝術大學,02131003,美術學系,P 進,B 學士,125,112
29,國立臺灣藝術大學,02131005,書畫藝術學系,D 日,B 學士,138,112
29,國立臺灣藝術大學,02131005,書畫藝術學系,P 進,B 學士,127,112
29,國立臺灣藝術大學,02132006,雕塑學系,D 日,B 學士,161,112
29,國立臺灣藝術大學,02141007,工藝設計學系,D 日,B 學士,143,112
29,國立臺灣藝術大學,02141007,工藝設計學系,P 進,B 學士,150,112
29,國立臺灣藝術大學,02151010,音樂學系,D 日,B 學士,263,112
29,國立臺灣藝術大學,02151010,音樂學系,P 進,B 學士,120,112
29,國立臺灣藝術大學,02151011,中國音樂學系,D 日,B 學士,148,112
29,國立臺灣藝術大學,02151011,中國音樂學系,P 進,B 學士,101,112
29,國立臺灣藝術大學,02152012,戲劇學系,D 日,B 學士,188,112
29,國立臺灣藝術大學,02152012,戲劇學系,P 進,B 學士,182,112
29,國立臺灣藝術大學,02152014,舞蹈學系,D 日,B 學士,145,112
29,國立臺灣藝術大學,02152014,舞蹈學系,P 進,B 學士,125,112
29,國立臺灣藝術大學,02191017,古蹟藝術修護學系,D 日,B 學士,136,112
29,國立臺灣藝術大學,02199030,圖文傳播藝術學系,D 日,B 學士,171,112
29,國立臺灣藝術大學,02199030,圖文傳播藝術學系,P 進,B 學士,152,112
29,國立臺灣藝術大學,02199036,亞太建築空間與文物保存學士學位學程,D 日,B 學士,45,112
29,國立臺灣藝術大學,03213029,廣播電視學系,D 日,B 學士,189,112
29,國立臺灣藝術大學,03213029,廣播電視學系,P 進,B 學士,146,112
30,國立臺東大學,01111001,教育學系,D 日,B 學士,180,112
30,國立臺東大學,01113008,特殊教育學系,D 日,B 學士,153,112
30,國立臺東大學,01121007,幼兒教育學系,D 日,B 學士,300,112
30,國立臺東大學,01121007,幼兒教育學系幼兒教育學士後學位學程教保員專班,P 進,B 學士,48,112
30,國立臺東大學,01141006,體育學系,D 日,B 學士,200,112
30,國立臺東大學,02112005,數位媒體與文教產業學系,D 日,B 學士,155,112
30,國立臺東大學,02131009,美術產業學系,D 日,B 學士,162,112
30,國立臺東大學,02151011,音樂學系,D 日,B 學士,93,112
30,國立臺東大學,02311015,英美語文學系,D 日,B 學士,145,112
30,國立臺東大學,02323013,華語文學系,D 日,B 學士,150,112
30,國立臺東大學,03199017,公共與文化事務學系,D 日,B 學士,191,112
30,國立臺東大學,04131028,資訊管理學系產業管理與數位行銷進修學士班,P 進,B 學士,77,112
30,國立臺東大學,05111020,生命科學系,D 日,B 學士,173,112
30,國立臺東大學,05399021,應用科學系,D 日,B 學士,323,112
30,國立臺東大學,05411024,應用數學系,D 日,B 學士,161,112
30,國立臺東大學,06131028,資訊管理學系,D 日,B 學士,189,112
30,國立臺東大學,06131029,資訊工程學系,D 日,B 學士,385,112
30,國立臺東大學,06199023,綠色與資訊科技學士學位學程,D 日,B 學士,118,112
30,國立臺東大學,09211040,高齡健康與照護管理原住民專班,D 日,B 學士,104,112
30,國立臺東大學,10141034,運動競技學士學位學程,D 日,B 學士,128,112
30,國立臺東大學,10151031,文化資源與休閒產業學系,D 日,B 學士,172,112
30,國立臺東大學,10151031,文化資源與休閒產業學系產業經營進修學士班,P 進,B 學士,121,112
30,國立臺東大學,10152035,身心整合與運動休閒產業學系,D 日,B 學士,159,112
30,國立臺東大學,99999044,全校不分系學士學位學程,D 日,B 學士,33,112
31,國立宜蘭大學,02311001,外國語文學系,D 日,B 學士,184,112
31,國立宜蘭大學,03111007,應用經濟與管理學系,D 日,B 學士,365,112
31,國立宜蘭大學,07111023,化學工程與材料工程學系,D 日,B 學士,391,112
31,國立宜蘭大學,07121024,環境工程學系,D 日,B 學士,196,112
31,國立宜蘭大學,07121024,環境工程學系,P 進,B 學士,91,112
31,國立宜蘭大學,07141011,電機工程學系,D 日,B 學士,371,112
31,國立宜蘭大學,07141011,電機工程學系,P 進,B 學士,93,112
31,國立宜蘭大學,07141012,電子工程學系,D 日,B 學士,374,112
31,國立宜蘭大學,07141013,資訊工程學系,D 日,B 學士,209,112
31,國立宜蘭大學,07151017,機械與機電工程學系,D 日,B 學士,387,112
31,國立宜蘭大學,07151019,生物機電工程學系,D 日,B 學士,204,112
31,國立宜蘭大學,07211033,食品科學系,D 日,B 學士,360,112
31,國立宜蘭大學,07321021,土木工程學系,D 日,B 學士,397,112
31,國立宜蘭大學,08112030,生物技術與動物科學系,D 日,B 學士,384,112
31,國立宜蘭大學,08121031,園藝學系,D 日,B 學士,214,112
31,國立宜蘭大學,08193040,智慧休閒農業進修學士學位學程,P 進,B 學士,92,112
31,國立宜蘭大學,08199037,生物資源學院原住民專班,D 日,B 學士,73,112
31,國立宜蘭大學,08211036,森林暨自然資源學系,D 日,B 學士,191,112
31,國立宜蘭大學,10152038,休閒產業與健康促進學系,D 日,B 學士,178,112
31,國立宜蘭大學,10152038,休閒產業與健康促進學系,P 進,B 學士,105,112
32,國立聯合大學,02122005,文化創意與數位行銷學系,D 日,B 學士,189,112
32,國立聯合大學,02122005,文化創意與數位行銷學系,P 進,B 學士,114,112
32,國立聯合大學,02123006,工業設計學系,D 日,B 學士,145,112
32,國立聯合大學,02123006,工業設計學系,P 進,B 學士,35,112
32,國立聯合大學,02123044,原住民學士學位學程專班,D 日,B 學士,43,112
32,國立聯合大學,02321001,臺灣語文與傳播學系,D 日,B 學士,153,112
32,國立聯合大學,02323002,華語文學系,D 日,B 學士,170,112
32,國立聯合大學,04121014,財務金融學系,D 日,B 學士,201,112
32,國立聯合大學,04121014,財務金融學系,P 進,B 學士,17,112
32,國立聯合大學,04131011,經營管理學系,D 日,B 學士,556,112
32,國立聯合大學,04131011,經營管理學系,P 進,B 學士,168,112
32,國立聯合大學,06131016,資訊管理學系,D 日,B 學士,368,112
32,國立聯合大學,06131020,資訊工程學系,D 日,B 學士,191,112
32,國立聯合大學,06131020,資訊工程學系,P 進,B 學士,124,112
32,國立聯合大學,07111028,化學工程學系,D 日,B 學士,355,112
32,國立聯合大學,07111028,化學工程學系,P 進,B 學士,70,112
32,國立聯合大學,07112029,材料科學工程學系,D 日,B 學士,186,112
32,國立聯合大學,07121034,環境與安全衛生工程學系,D 日,B 學士,351,112
32,國立聯合大學,07132035,能源工程學系,D 日,B 學士,135,112
32,國立聯合大學,07141017,電機工程學系,D 日,B 學士,735,112
32,國立聯合大學,07141018,電子工程學系,D 日,B 學士,756,112
32,國立聯合大學,07141019,光電工程學系,D 日,B 學士,348,112
32,國立聯合大學,07151025,機械工程學系,D 日,B 學士,738,112
32,國立聯合大學,07151025,機械工程學系,P 進,B 學士,256,112
32,國立聯合大學,07311040,建築學系,D 日,B 學士,213,112
32,國立聯合大學,07311040,建築學系室內設計進修學士班,P 進,B 學士,2,112
32,國立聯合大學,07321027,土木與防災工程學系,D 日,B 學士,179,112
32,國立聯合大學,07321027,土木與防災工程學系,P 進,B 學士,119,112
32,國立聯合大學,10151042,文化觀光產業學系,D 日,B 學士,167,112
32,國立聯合大學,10151042,文化觀光產業學系,P 進,B 學士,115,112
35,國立臺南藝術大學,02141020,材質創作與設計系,D 日,B 學士,210,112
35,國立臺南藝術大學,02151001,音樂學系,D 日,B 學士,77,112
35,國立臺南藝術大學,02151002,中國音樂學系,D 日,B 學士,102,112
35,國立臺南藝術大學,02151003,應用音樂學系,D 日,B 學士,256,112
35,國立臺南藝術大學,02191014,藝術史學系,D 日,B 學士,157,112
36,國立臺南大學,01111001,教育學系,D 日,B 學士,355,112
36,國立臺南大學,01113019,特殊教育學系,D 日,B 學士,178,112
36,國立臺南大學,01121018,幼兒教育學系,D 日,B 學士,176,112
36,國立臺南大學,01141017,體育學系,D 日,B 學士,176,112
36,國立臺南大學,02131030,視覺藝術與設計學系,D 日,B 學士,182,112
36,國立臺南大學,02151027,音樂學系,D 日,B 學士,153,112
36,國立臺南大學,02151027,音樂學系,P 進,B 學士,14,112
36,國立臺南大學,02152029,戲劇創作與應用學系,D 日,B 學士,160,112
36,國立臺南大學,02311032,英語學系,D 日,B 學士,185,112
36,國立臺南大學,02311032,英語學系,P 進,B 學士,66,112
36,國立臺南大學,02322031,國語文學系,D 日,B 學士,299,112
36,國立臺南大學,03131036,諮商與輔導學系,D 日,B 學士,188,112
36,國立臺南大學,03143037,文化與自然資源學系,D 日,B 學士,165,112
36,國立臺南大學,04131041,經營與管理學系,D 日,B 學士,159,112
36,國立臺南大學,04134040,行政管理學系,D 日,B 學士,178,112
36,國立臺南大學,05121044,生物科技學系,D 日,B 學士,169,112
36,國立臺南大學,05212063,生態暨環境資源學系,D 日,B 學士,152,112
36,國立臺南大學,05411047,應用數學系,D 日,B 學士,161,112
36,國立臺南大學,06131052,資訊工程學系,D 日,B 學士,178,112
36,國立臺南大學,06134024,數位學習科技學系,D 日,B 學士,198,112
36,國立臺南大學,07112055,材料科學系,D 日,B 學士,178,112
36,國立臺南大學,07132058,綠色能源科技學系,D 日,B 學士,179,112
36,國立臺南大學,07132058,綠色能源科技學系,P 進,B 學士,109,112
36,國立臺南大學,07141049,電機工程學系,D 日,B 學士,193,112
37,國立臺北教育大學,01113003,特殊教育學系,D 日,B 學士,182,112
37,國立臺北教育大學,01114044,教育經營與管理學系,D 日,B 學士,179,112
37,國立臺北教育大學,01121035,幼兒與家庭教育學系,D 日,B 學士,188,112
37,國立臺北教育大學,01131001,教育學系,D 日,B 學士,182,112
37,國立臺北教育大學,01131038,數學暨資訊教育學系,D 日,B 學士,242,112
37,國立臺北教育大學,01141002,體育學系,D 日,B 學士,224,112
37,國立臺北教育大學,02121014,藝術與造形設計學系,D 日,B 學士,348,112
37,國立臺北教育大學,02121028,文化創意產業經營學系,D 日,B 學士,189,112
37,國立臺北教育大學,02122011,數位科技設計學系,D 日,B 學士,174,112
37,國立臺北教育大學,02151031,音樂學系,D 日,B 學士,172,112
37,國立臺北教育大學,02311023,兒童英語教育學系,D 日,B 學士,162,112
37,國立臺北教育大學,02322018,語文與創作學系,D 日,B 學士,346,112
37,國立臺北教育大學,03131007,心理與諮商學系,D 日,B 學士,194,112
37,國立臺北教育大學,03191005,社會與區域發展學系,D 日,B 學士,204,112
37,國立臺北教育大學,05399040,自然科學教育學系,D 日,B 學士,195,112
37,國立臺北教育大學,06131004,資訊科學系,D 日,B 學士,171,112
39,國立臺中教育大學,01111001,教育學系,D 日,B 學士,172,112
39,國立臺中教育大學,01113022,特殊教育學系,D 日,B 學士,183,112
39,國立臺中教育大學,01121021,幼兒教育學系,D 日,B 學士,199,112
39,國立臺中教育大學,01131006,語文教育學系,D 日,B 學士,193,112
39,國立臺中教育大學,01131008,科學教育與應用學系,D 日,B 學士,171,112
39,國立臺中教育大學,01131011,數學教育學系,D 日,B 學士,190,112
39,國立臺中教育大學,01131019,體育學系,D 日,B 學士,213,112
39,國立臺中教育大學,02122034,文化創意產業設計與營運學系,D 日,B 學士,188,112
39,國立臺中教育大學,02131029,美術學系,D 日,B 學士,181,112
39,國立臺中教育大學,02151030,音樂學系,D 日,B 學士,146,112
39,國立臺中教育大學,02311032,英語學系,D 日,B 學士,201,112
39,國立臺中教育大學,02321031,臺灣語文學系,D 日,B 學士,193,112
39,國立臺中教育大學,03131035,諮商與應用心理學系,D 日,B 學士,197,112
39,國立臺中教育大學,03191037,區域與社會發展學系,D 日,B 學士,191,112
39,國立臺中教育大學,04131039,國際企業學系,D 日,B 學士,273,112
39,國立臺中教育大學,06131042,資訊工程學系,D 日,B 學士,202,112
39,國立臺中教育大學,06133041,數位內容科技學系,D 日,B 學士,190,112
44,國立體育大學,01113017,適應體育學系,D 日,B 學士,208,112
44,國立體育大學,01141016,體育推廣學系,D 日,B 學士,416,112
44,國立體育大學,10141005,球類運動技術學系,D 日,B 學士,270,112
44,國立體育大學,10141006,陸上運動技術學系,D 日,B 學士,201,112
44,國立體育大學,10141007,技擊運動技術學系,D 日,B 學士,221,112
44,國立體育大學,10141022,競技運動原住民專班,D 日,B 學士,144,112
44,國立體育大學,10152014,運動保健學系,D 日,B 學士,243,112
44,國立體育大學,10152015,休閒產業經營學系,D 日,B 學士,239,112
48,國立金門大學,02311002,應用英語學系,D 日,B 學士,199,112
48,國立金門大學,02323001,華語文學系,D 日,B 學士,116,112
48,國立金門大學,03121006,國際暨大陸事務學系,D 日,B 學士,141,112
48,國立金門大學,03121006,國際暨大陸事務學系,P 進,B 學士,92,112
48,國立金門大學,04131009,企業管理學系,D 日,B 學士,340,112
48,國立金門大學,04131009,企業管理學系,P 進,B 學士,207,112
48,國立金門大學,04212013,海洋與邊境管理學系,D 日,B 學士,142,112
48,國立金門大學,06131019,資訊工程學系,D 日,B 學士,217,112
48,國立金門大學,07141017,電子工程學系,D 日,B 學士,0,112
48,國立金門大學,07141043,電機工程學系,D 日,B 學士,302,112
48,國立金門大學,07191025,工業工程與管理學系,D 日,B 學士,142,112
48,國立金門大學,07211029,食品科學系,D 日,B 學士,142,112
48,國立金門大學,07311026,建築學系,D 日,B 學士,205,112
48,國立金門大學,07313028,都市計畫與景觀學系,D 日,B 學士,116,112
48,國立金門大學,07321021,土木與工程管理學系,D 日,B 學士,126,112
48,國立金門大學,09131031,護理學系,D 日,B 學士,152,112
48,國立金門大學,09191032,長期照護學系,D 日,B 學士,164,112
48,國立金門大學,09231033,社會工作學系,D 日,B 學士,182,112
48,國立金門大學,09231033,社會工作學系,P 進,B 學士,142,112
48,國立金門大學,10151034,觀光管理學系,D 日,B 學士,202,112
48,國立金門大學,10151034,觀光管理學系,P 進,B 學士,157,112
48,國立金門大學,10152036,運動與休閒學系,D 日,B 學士,155,112
48,國立金門大學,10152036,運動與休閒學系,P 進,B 學士,103,112
49,國立臺灣體育運動大學,01141001,體育學系,D 日,B 學士,431,112
49,國立臺灣體育運動大學,01141001,體育學系,P 進,B 學士,348,112
49,國立臺灣體育運動大學,02112012,運動資訊與傳播學系,D 日,B 學士,199,112
49,國立臺灣體育運動大學,02152002,舞蹈學系,D 日,B 學士,203,112
49,國立臺灣體育運動大學,04199010,運動事業管理學系,D 日,B 學士,207,112
49,國立臺灣體育運動大學,10141003,競技運動學系,D 日,B 學士,212,112
49,國立臺灣體育運動大學,10141004,球類運動學系,D 日,B 學士,463,112
49,國立臺灣體育運動大學,10141005,技擊運動學系,D 日,B 學士,225,112
49,國立臺灣體育運動大學,10142006,運動健康科學學系,D 日,B 學士,198,112
49,國立臺灣體育運動大學,10152007,休閒運動學系,D 日,B 學士,218,112
52,國立屏東大學,01111001,教育學系,D 日,B 學士,335,112
52,國立屏東大學,01111003,教育心理與輔導學系,D 日,B 學士,174,112
52,國立屏東大學,01113017,特殊教育學系,D 日,B 學士,150,112
52,國立屏東大學,01121016,幼兒教育學系,D 日,B 學士,303,112
52,國立屏東大學,01141014,體育學系,D 日,B 學士,190,112
52,國立屏東大學,02111025,視覺藝術學系,D 日,B 學士,181,112
52,國立屏東大學,02151024,音樂學系,D 日,B 學士,85,112
52,國立屏東大學,02299033,文化創意產業學系,D 日,B 學士,171,112
52,國立屏東大學,02299075,文化發展學士學位學程原住民專班,D 日,B 學士,143,112
52,國立屏東大學,02311029,英語學系,D 日,B 學士,135,112
52,國立屏東大學,02311030,應用英語學系,D 日,B 學士,199,112
52,國立屏東大學,02311031,應用日語學系,D 日,B 學士,239,112
52,國立屏東大學,02322027,中國語文學系,D 日,B 學士,152,112
52,國立屏東大學,03141036,社會發展學系,D 日,B 學士,175,112
52,國立屏東大學,04111038,會計學系,D 日,B 學士,385,112
52,國立屏東大學,04121045,財務金融學系,D 日,B 學士,242,112
52,國立屏東大學,04121045,財務金融學系,P 進,B 學士,136,112
52,國立屏東大學,04131039,企業管理學系,D 日,B 學士,243,112
52,國立屏東大學,04131039,企業管理學系,P 進,B 學士,181,112
52,國立屏東大學,04131042,商業自動化與管理學系,D 日,B 學士,218,112
52,國立屏東大學,04132046,行銷與流通管理學系,D 日,B 學士,225,112
52,國立屏東大學,04132046,行銷與流通管理學系,P 進,B 學士,123,112
52,國立屏東大學,04141076,國際經營與貿易學系,D 日,B 學士,239,112
52,國立屏東大學,04141076,國際經營與貿易學系,P 進,B 學士,78,112
52,國立屏東大學,04199047,不動產經營學系,D 日,B 學士,241,112
52,國立屏東大學,04199080,大數據商務應用學士學位學程,D 日,B 學士,85,112
52,國立屏東大學,05311050,應用化學系,D 日,B 學士,192,112
52,國立屏東大學,05331053,應用物理系,D 日,B 學士,271,112
52,國立屏東大學,05411055,應用數學系,D 日,B 學士,140,112
52,國立屏東大學,06131057,資訊管理學系,D 日,B 學士,236,112
52,國立屏東大學,06131057,資訊管理學系,P 進,B 學士,116,112
52,國立屏東大學,06131077,電腦科學與人工智慧學系,D 日,B 學士,200,112
52,國立屏東大學,06199059,電腦與智慧型機器人學士學位學程,D 日,B 學士,1,112
52,國立屏東大學,06199062,電腦與通訊學系,D 日,B 學士,221,112
52,國立屏東大學,07141060,資訊工程學系,D 日,B 學士,322,112
52,國立屏東大學,07141068,智慧機器人學系,D 日,B 學士,170,112
52,國立屏東大學,10151065,休閒事業經營學系,D 日,B 學士,198,112
52,國立屏東大學,99999071,科學傳播學系,D 日,B 學士,101,112
1001,東海大學,02123011,工業設計學系,D 日,B 學士,158,112
1001,東海大學,02131002,美術學系,D 日,B 學士,189,112
1001,東海大學,02131002,美術學系,P 進,B 學士,113,112
1001,東海大學,02151003,音樂學系,D 日,B 學士,151,112
1001,東海大學,02221009,歷史學系,D 日,B 學士,238,112
1001,東海大學,02231010,哲學系,D 日,B 學士,207,112
1001,東海大學,02311005,外國語文學系,D 日,B 學士,421,112
1001,東海大學,02311007,日本語言文化學系,D 日,B 學士,434,112
1001,東海大學,02322004,中國文學系,D 日,B 學士,406,112
1001,東海大學,03111012,經濟學系,D 日,B 學士,512,112
1001,東海大學,03121013,政治學系,D 日,B 學士,358,112
1001,東海大學,03141014,社會學系,D 日,B 學士,372,112
1001,東海大學,04111018,會計學系,D 日,B 學士,465,112
1001,東海大學,04121024,財務金融學系,D 日,B 學士,507,112
1001,東海大學,04131019,企業管理學系,D 日,B 學士,729,112
1001,東海大學,04131021,國際學院國際經營管理學位學程,D 日,B 學士,275,112
1001,東海大學,04134016,行政管理暨政策學系,D 日,B 學士,364,112
1001,東海大學,04141023,國際經營與貿易學系,D 日,B 學士,649,112
1001,東海大學,04211027,法律學系,D 日,B 學士,524,112
1001,東海大學,04211027,法律學系,P 進,B 學士,109,112
1001,東海大學,05111028,生命科學系,D 日,B 學士,348,112
1001,東海大學,05211065,永續科學與管理學士學位學程,D 日,B 學士,87,112
1001,東海大學,05311030,化學系,D 日,B 學士,356,112
1001,東海大學,05331032,應用物理學系,D 日,B 學士,202,112
1001,東海大學,05411034,應用數學系,D 日,B 學士,164,112
1001,東海大學,05421035,統計學系,D 日,B 學士,375,112
1001,東海大學,06131039,資訊工程學系,D 日,B 學士,614,112
1001,東海大學,06131039,資訊工程學系,P 進,B 學士,7,112
1001,東海大學,06134036,資訊管理學系,D 日,B 學士,278,112
1001,東海大學,07111042,化學工程與材料工程學系,D 日,B 學士,379,112
1001,東海大學,07121045,環境科學與工程學系,D 日,B 學士,321,112
1001,東海大學,07141037,電機工程學系,D 日,B 學士,393,112
1001,東海大學,07191044,工業工程與經營資訊學系,D 日,B 學士,383,112
1001,東海大學,07211052,食品科學系,D 日,B 學士,369,112
1001,東海大學,07311048,建築學系,D 日,B 學士,185,112
1001,東海大學,07312049,景觀學系,D 日,B 學士,211,112
1001,東海大學,08112051,畜產與生物科技學系,D 日,B 學士,389,112
1001,東海大學,09199063,高齡健康與運動科學學士學位學程,D 日,B 學士,155,112
1001,東海大學,09231053,社會工作學系,D 日,B 學士,502,112
1001,東海大學,10131054,餐旅管理學系,D 日,B 學士,269,112
1001,東海大學,10152055,運動休閒與健康管理學位學程,P 進,B 學士,21,112
1001,東海大學,99999064,國際學院不分系英語學士班,D 日,B 學士,12,112
1002,輔仁大學,01114046,教育領導與科技發展學士學位學程,D 日,B 學士,140,112
1002,輔仁大學,02122078,應用美術學系,D 日,B 學士,268,112
1002,輔仁大學,02122078,應用美術學系,P 進,B 學士,225,112
1002,輔仁大學,02122087,藝術與文化創意學士學位學程,P 進,B 學士,206,112
1002,輔仁大學,02124095,室內設計進修學士學位學程,P 進,B 學士,171,112
1002,輔仁大學,02125082,織品服裝學系,D 日,B 學士,1044,112
1002,輔仁大學,02151034,音樂學系,D 日,B 學士,167,112
1002,輔仁大學,02211006,天主教研修學士學位學程,D 日,B 學士,36,112
1002,輔仁大學,02211019,宗教學系,D 日,B 學士,249,112
1002,輔仁大學,02211019,宗教學系,P 進,B 學士,3,112
1002,輔仁大學,02221074,歷史學系,D 日,B 學士,437,112
1002,輔仁大學,02221074,歷史學系,P 進,B 學士,83,112
1002,輔仁大學,02231037,哲學系,D 日,B 學士,418,112
1002,輔仁大學,02231037,哲學系,P 進,B 學士,6,112
1002,輔仁大學,02299093,人文社會服務進修學士學位學程,P 進,B 學士,123,112
1002,輔仁大學,02311009,日本語文學系,D 日,B 學士,509,112
1002,輔仁大學,02311009,日本語文學系,P 進,B 學士,364,112
1002,輔仁大學,02311016,西班牙語文學系,D 日,B 學士,282,112
1002,輔仁大學,02311021,法國語文學系,D 日,B 學士,272,112
1002,輔仁大學,02311033,英國語文學系,D 日,B 學士,280,112
1002,輔仁大學,02311033,英國語文學系,P 進,B 學士,253,112
1002,輔仁大學,02311057,義大利語文學系,D 日,B 學士,246,112
1002,輔仁大學,02311072,德語語文學系,D 日,B 學士,260,112
1002,輔仁大學,02322003,中國文學系,D 日,B 學士,472,112
1002,輔仁大學,02322003,中國文學系,P 進,B 學士,80,112
1002,輔仁大學,03111055,經濟學系,D 日,B 學士,474,112
1002,輔仁大學,03111055,經濟學系,P 進,B 學士,144,112
1002,輔仁大學,03131007,心理學系,D 日,B 學士,281,112
1002,輔仁大學,03131081,臨床心理學系,D 日,B 學士,289,112
1002,輔仁大學,03141023,社會學系,D 日,B 學士,252,112
1002,輔仁大學,03211001,大眾傳播學士學位學程,P 進,B 學士,430,112
1002,輔仁大學,03212053,新聞傳播學系,D 日,B 學士,286,112
1002,輔仁大學,03213070,影像傳播學系,D 日,B 學士,297,112
1002,輔仁大學,03222065,圖書資訊學系,D 日,B 學士,245,112
1002,輔仁大學,03222065,圖書資訊學系,P 進,B 學士,6,112
1002,輔仁大學,04111054,會計學系,D 日,B 學士,484,112
1002,輔仁大學,04121027,金融與國際企業學系,D 日,B 學士,512,112
1002,輔仁大學,04131015,企業管理學系,D 日,B 學士,793,112
1002,輔仁大學,04131039,商業管理學士學位學程,P 進,B 學士,395,112
1002,輔仁大學,04143069,廣告傳播學系,D 日,B 學士,276,112
1002,輔仁大學,04211020,法律學系,D 日,B 學士,630,112
1002,輔仁大學,04211020,法律學系,P 進,B 學士,201,112
1002,輔仁大學,04211038,財經法律學系,D 日,B 學士,258,112
1002,輔仁大學,05111011,生命科學系,D 日,B 學士,434,112
1002,輔仁大學,05191080,營養科學系,D 日,B 學士,256,112
1002,輔仁大學,05311005,化學系,D 日,B 學士,505,112
1002,輔仁大學,05331022,物理學系,D 日,B 學士,415,112
1002,輔仁大學,05411073,數學系,D 日,B 學士,436,112
1002,輔仁大學,05421049,統計資訊學系,D 日,B 學士,456,112
1002,輔仁大學,06131058,資訊工程學系,D 日,B 學士,535,112
1002,輔仁大學,06131059,資訊管理學系,D 日,B 學士,480,112
1002,輔仁大學,06131098,人工智慧與資訊安全學士學位學程,D 日,B 學士,94,112
1002,輔仁大學,06132050,軟體工程與數位創意學士學位學程,P 進,B 學士,200,112
1002,輔仁大學,06132097,醫學資訊與健康科技進修學士學位學程,P 進,B 學士,43,112
1002,輔仁大學,06134096,資訊創新與數位生活進修學士學位學程,P 進,B 學士,106,112
1002,輔仁大學,06199086,醫學資訊與創新應用學士學位學程,D 日,B 學士,164,112
1002,輔仁大學,07141064,電機工程學系,D 日,B 學士,517,112
1002,輔仁大學,07211035,食品科學系,D 日,B 學士,245,112
1002,輔仁大學,07312052,景觀設計學系,D 日,B 學士,227,112
1002,輔仁大學,09121085,醫學系,D 日,B 學士,318,112
1002,輔仁大學,09131088,護理學系,D 日,B 學士,396,112
1002,輔仁大學,09152084,職能治療學系,D 日,B 學士,241,112
1002,輔仁大學,09191004,公共衛生學系,D 日,B 學士,230,112
1002,輔仁大學,09199018,呼吸治療學系,D 日,B 學士,143,112
1002,輔仁大學,09211094,長期照護與健康管理進修學士學位學程,P 進,B 學士,173,112
1002,輔仁大學,09221017,兒童與家庭學系,D 日,B 學士,247,112
1002,輔仁大學,09231024,社會工作學系,D 日,B 學士,266,112
1002,輔仁大學,10131075,餐旅管理學系,D 日,B 學士,452,112
1002,輔仁大學,10131075,餐旅管理學系,P 進,B 學士,219,112
1002,輔仁大學,10141089,體育學系,D 日,B 學士,819,112
1002,輔仁大學,10152062,運動休閒管理學士學位學程,P 進,B 學士,246,112
1002,輔仁大學,99999099,跨領域全英語學士學位學程,D 日,B 學士,15,112
1003,東吳大學,02151001,音樂學系,D 日,B 學士,246,112
1003,東吳大學,02221006,歷史學系,D 日,B 學士,242,112
1003,東吳大學,02231007,哲學系,D 日,B 學士,239,112
1003,東吳大學,02311004,英文學系,D 日,B 學士,691,112
1003,東吳大學,02311004,英文學系,P 進,B 學士,74,112
1003,東吳大學,02311005,日本語文學系,D 日,B 學士,850,112
1003,東吳大學,02311005,日本語文學系,P 進,B 學士,307,112
1003,東吳大學,02311012,德國文化學系,D 日,B 學士,211,112
1003,東吳大學,02313034,外國語文學院跨領域國際學士班,D 日,B 學士,29,112
1003,東吳大學,02322002,中國文學系,D 日,B 學士,671,112
1003,東吳大學,02322002,中國文學系,P 進,B 學士,58,112
1003,東吳大學,03111008,經濟學系,D 日,B 學士,749,112
1003,東吳大學,03121009,政治學系,D 日,B 學士,516,112
1003,東吳大學,03131011,心理學系,D 日,B 學士,287,112
1003,東吳大學,03141010,社會學系,D 日,B 學士,480,112
1003,東吳大學,04111015,會計學系,D 日,B 學士,973,112
1003,東吳大學,04121027,財務工程與精算數學系,D 日,B 學士,734,112
1003,東吳大學,04131016,企業管理學系,D 日,B 學士,939,112
1003,東吳大學,04141019,國際經營與貿易學系,D 日,B 學士,534,112
1003,東吳大學,04191014,商學進修學士班,P 進,B 學士,162,112
1003,東吳大學,04199031,巨量資料管理學院學士學位學程,D 日,B 學士,104,112
1003,東吳大學,04211021,法律學系,D 日,B 學士,1242,112
1003,東吳大學,05122022,微生物學系,D 日,B 學士,213,112
1003,東吳大學,05311023,化學系,D 日,B 學士,212,112
1003,東吳大學,05331024,物理學系,D 日,B 學士,208,112
1003,東吳大學,05411025,數學系,D 日,B 學士,173,112
1003,東吳大學,06131028,資訊管理學系,D 日,B 學士,547,112
1003,東吳大學,06134033,資料科學系,D 日,B 學士,277,112
1003,東吳大學,09231030,社會工作學系,D 日,B 學士,542,112
1004,中原大學,01113002,特殊教育學系,D 日,B 學士,193,112
1004,中原大學,02112008,商業設計學系,D 日,B 學士,383,112
1004,中原大學,02122048,設計學院設計學士原住民專班,D 日,B 學士,44,112
1004,中原大學,02122055,設計學院社會設計學士學位學程,D 日,B 學士,0,112
1004,中原大學,02124009,室內設計學系,D 日,B 學士,331,112
1004,中原大學,02299053,人文與教育學院學士學位學程,D 日,B 學士,35,112
1004,中原大學,02311005,應用外國語文學系,D 日,B 學士,439,112
1004,中原大學,02323004,應用華語文學系,D 日,B 學士,494,112
1004,中原大學,03131011,心理學系,D 日,B 學士,544,112
1004,中原大學,04111013,會計學系,D 日,B 學士,660,112
1004,中原大學,04121019,財務金融學系,D 日,B 學士,445,112
1004,中原大學,04131014,企業管理學系,D 日,B 學士,870,112
1004,中原大學,04141018,國際經營與貿易學系,D 日,B 學士,537,112
1004,中原大學,04191017,國際商學學士學位學程,D 日,B 學士,72,112
1004,中原大學,04191057,中原大學與美國天普大學商學管理雙學士學位學程,D 日,B 學士,58,112
1004,中原大學,04199020,商學院學士學位學程,D 日,B 學士,1,112
1004,中原大學,04212021,財經法律學系,D 日,B 學士,518,112
1004,中原大學,05121022,生物科技學系,D 日,B 學士,401,112
1004,中原大學,05311023,化學系,D 日,B 學士,474,112
1004,中原大學,05331024,物理學系,D 日,B 學士,446,112
1004,中原大學,05411027,應用數學系,D 日,B 學士,413,112
1004,中原大學,06121060,中原大學美國威大密爾瓦基分校電機與資訊工程雙學士學位學程,D 日,B 學士,48,112
1004,中原大學,06131028,資訊管理學系,D 日,B 學士,510,112
1004,中原大學,06131031,資訊工程學系,D 日,B 學士,510,112
1004,中原大學,06131062,電機資訊學院智慧運算與大數據學士班,D 日,B 學士,112,112
1004,中原大學,07111037,化學工程學系,D 日,B 學士,682,112
1004,中原大學,07121042,環境工程學系,D 日,B 學士,224,112
1004,中原大學,07141029,電機工程學系,D 日,B 學士,488,112
1004,中原大學,07141030,電子工程學系,D 日,B 學士,599,112
1004,中原大學,07141033,電機資訊學院學士班,D 日,B 學士,186,112
1004,中原大學,07151034,機械工程學系,D 日,B 學士,704,112
1004,中原大學,07191041,工業與系統工程學系,D 日,B 學士,639,112
1004,中原大學,07193043,生物醫學工程學系,D 日,B 學士,441,112
1004,中原大學,07311046,建築學系,D 日,B 學士,303,112
1004,中原大學,07311063,英國牛津布魯克斯大學建築及都市設計雙學士學位學程,D 日,B 學士,20,112
1004,中原大學,07312059,地景建築學系,D 日,B 學士,225,112
1004,中原大學,07321035,土木工程學系,D 日,B 學士,630,112
1004,中原大學,99999061,全校外籍生大一不分系學士學位學程,D 日,B 學士,53,112
1005,淡江大學,01116092,教育科技學系,D 日,B 學士,414,112
1005,淡江大學,01199108,教育與未來設計學系,D 日,B 學士,121,112
1005,淡江大學,02221078,歷史學系,D 日,B 學士,396,112
1005,淡江大學,02311081,俄國語文學系,D 日,B 學士,170,112
1005,淡江大學,02311082,日本語文學系,D 日,B 學士,926,112
1005,淡江大學,02311082,日本語文學系,P 進,B 學士,119,112
1005,淡江大學,02311084,西班牙語文學系,D 日,B 學士,428,112
1005,淡江大學,02311085,德國語文學系,D 日,B 學士,215,112
1005,淡江大學,02311086,法國語文學系,D 日,B 學士,375,112
1005,淡江大學,02311088,英文學系,D 日,B 學士,764,112
1005,淡江大學,02311088,英文學系,P 進,B 學士,92,112
1005,淡江大學,02322090,中國文學學系,D 日,B 學士,422,112
1005,淡江大學,03111075,產業經濟學系,D 日,B 學士,357,112
1005,淡江大學,03111076,經濟學系,D 日,B 學士,679,112
1005,淡江大學,03121074,全球政治經濟學系全英語學士班,D 日,B 學士,129,112
1005,淡江大學,03122059,外交與國際關係學系全英語學士班,D 日,B 學士,253,112
1005,淡江大學,03211055,大眾傳播學系,D 日,B 學士,350,112
1005,淡江大學,03214054,資訊傳播學系,D 日,B 學士,403,112
1005,淡江大學,03222052,資訊與圖書館學系,D 日,B 學士,414,112
1005,淡江大學,04111051,會計學系,D 日,B 學士,788,112
1005,淡江大學,04111051,會計學系,P 進,B 學士,1,112
1005,淡江大學,04121035,商管學院全球財務管理全英語學士學位學程,D 日,B 學士,62,112
1005,淡江大學,04121037,財務金融學系,D 日,B 學士,823,112
1005,淡江大學,04121037,財務金融學系,P 進,B 學士,120,112
1005,淡江大學,04123104,風險管理與保險學系,D 日,B 學士,412,112
1005,淡江大學,04131040,國際企業學系,D 日,B 學士,798,112
1005,淡江大學,04131040,國際企業學系,P 進,B 學士,80,112
1005,淡江大學,04131047,管理科學學系,D 日,B 學士,397,112
1005,淡江大學,04131049,企業管理學系,D 日,B 學士,667,112
1005,淡江大學,04131049,企業管理學系,P 進,B 學士,145,112
1005,淡江大學,04134061,公共行政學系,D 日,B 學士,460,112
1005,淡江大學,04134061,公共行政學系,P 進,B 學士,55,112
1005,淡江大學,05311031,化學學系,D 日,B 學士,361,112
1005,淡江大學,05331030,物理學系,D 日,B 學士,328,112
1005,淡江大學,05399029,理學院尖端材料科學學士學位學程,D 日,B 學士,118,112
1005,淡江大學,05411026,數學學系,D 日,B 學士,310,112
1005,淡江大學,05421024,統計學系,D 日,B 學士,634,112
1005,淡江大學,06131018,資訊工程學系,D 日,B 學士,1111,112
1005,淡江大學,06131018,資訊工程學系,P 進,B 學士,135,112
1005,淡江大學,06131023,資訊管理學系,D 日,B 學士,758,112
1005,淡江大學,06131107,人工智慧學系,D 日,B 學士,328,112
1005,淡江大學,07111010,化學工程與材料工程學系,D 日,B 學士,423,112
1005,淡江大學,07122009,水資源及環境工程學系,D 日,B 學士,389,112
1005,淡江大學,07141019,電機工程學系,D 日,B 學士,904,112
1005,淡江大學,07141019,電機工程學系,P 進,B 學士,69,112
1005,淡江大學,07151015,機械與機電工程學系,D 日,B 學士,439,112
1005,淡江大學,07162017,航空太空工程學系,D 日,B 學士,541,112
1005,淡江大學,07311007,建築學系,D 日,B 學士,348,112
1005,淡江大學,07321012,土木工程學系,D 日,B 學士,476,112
1005,淡江大學,10151005,國際觀光管理學系全英語學士班,D 日,B 學士,303,112
1005,淡江大學,10411002,運輸管理學系,D 日,B 學士,472,112
1006,中國文化大學,01111046,教育學系,D 日,B 學士,174,112
1006,中國文化大學,01141023,體育學系,D 日,B 學士,457,112
1006,中國文化大學,02112060,數位媒體學士學位學程,P 進,B 學士,81,112
1006,中國文化大學,02131059,美術學系,D 日,B 學士,248,112
1006,中國文化大學,02151007,中國音樂學系,D 日,B 學士,120,112
1006,中國文化大學,02151040,音樂學系,D 日,B 學士,147,112
1006,中國文化大學,02152008,中國戲劇學系,D 日,B 學士,163,112
1006,中國文化大學,02152009,舞蹈學系,D 日,B 學士,119,112
1006,中國文化大學,02152043,戲劇學系,D 日,B 學士,265,112
1006,中國文化大學,02221098,史學系,D 日,B 學士,155,112
1006,中國文化大學,02231081,哲學系,D 日,B 學士,127,112
1006,中國文化大學,02311010,韓國語文學系,D 日,B 學士,495,112
1006,中國文化大學,02311047,俄國語文學系,D 日,B 學士,94,112
1006,中國文化大學,02311052,英國語文學系,D 日,B 學士,286,112
1006,中國文化大學,02311077,日本語文學系,D 日,B 學士,443,112
1006,中國文化大學,02311079,德國語文學系,D 日,B 學士,10,112
1006,中國文化大學,02311089,法國語文學系,D 日,B 學士,159,112
1006,中國文化大學,02322001,中國文學系,D 日,B 學士,437,112
1006,中國文化大學,03111099,經濟學系,D 日,B 學士,300,112
1006,中國文化大學,03121061,政治學系,D 日,B 學士,134,112
1006,中國文化大學,03131004,心理輔導學系,D 日,B 學士,250,112
1006,中國文化大學,03142088,地理學系,D 日,B 學士,153,112
1006,中國文化大學,03199051,勞動暨人力資源學系,D 日,B 學士,288,112
1006,中國文化大學,03211036,大眾傳播學系,D 日,B 學士,513,112
1006,中國文化大學,03212033,新聞學系,D 日,B 學士,337,112
1006,中國文化大學,03214101,資訊傳播學系,D 日,B 學士,391,112
1006,中國文化大學,04111065,會計學系,D 日,B 學士,337,112
1006,中國文化大學,04121037,財務金融學系,D 日,B 學士,601,112
1006,中國文化大學,04121037,財務金融學系,P 進,B 學士,103,112
1006,中國文化大學,04131015,國際企業管理學系,D 日,B 學士,506,112
1006,中國文化大學,04131015,國際企業管理學系,P 進,B 學士,56,112
1006,中國文化大學,04134012,行政管理學系,D 日,B 學士,284,112
1006,中國文化大學,04141041,國際貿易學系,D 日,B 學士,469,112
1006,中國文化大學,04141041,國際貿易學系,P 進,B 學士,27,112
1006,中國文化大學,04143013,廣告學系,D 日,B 學士,429,112
1006,中國文化大學,04143013,廣告學系,P 進,B 學士,72,112
1006,中國文化大學,04143027,行銷學士學位學程,D 日,B 學士,95,112
1006,中國文化大學,04191014,全球商務學士學位學程,D 日,B 學士,196,112
1006,中國文化大學,04199064,時尚與創意產業品牌建構及經營進修學士學位學程,P 進,B 學士,232,112
1006,中國文化大學,04199123,表演藝術管理進修學士學位學程,P 進,B 學士,44,112
1006,中國文化大學,04212020,法律學系,D 日,B 學士,1046,112
1006,中國文化大學,05111091,生命科學系,D 日,B 學士,138,112
1006,中國文化大學,05191057,保健營養學系,D 日,B 學士,196,112
1006,中國文化大學,05311026,化學系,D 日,B 學士,152,112
1006,中國文化大學,05321083,土地資源學系,D 日,B 學士,180,112
1006,中國文化大學,05321112,地質學系,D 日,B 學士,118,112
1006,中國文化大學,05322097,大氣科學系,D 日,B 學士,122,112
1006,中國文化大學,05331115,光電物理學系,D 日,B 學士,138,112
1006,中國文化大學,05499114,應用數學系,D 日,B 學士,210,112
1006,中國文化大學,06131021,資訊工程學系,D 日,B 學士,433,112
1006,中國文化大學,06132006,資訊管理學系,D 日,B 學士,496,112
1006,中國文化大學,06132006,資訊管理學系,P 進,B 學士,23,112
1006,中國文化大學,07111028,化學工程與材料工程學系,D 日,B 學士,303,112
1006,中國文化大學,07141085,電機工程學系,D 日,B 學士,354,112
1006,中國文化大學,07151107,機械工程學系,D 日,B 學士,312,112
1006,中國文化大學,07192108,紡織工程學系,D 日,B 學士,127,112
1006,中國文化大學,07311068,建築及都市設計學系,D 日,B 學士,250,112
1006,中國文化大學,07312103,景觀學系,D 日,B 學士,151,112
1006,中國文化大學,07313118,都市計劃與開發管理學系,D 日,B 學士,151,112
1006,中國文化大學,08112116,動物科學系,D 日,B 學士,178,112
1006,中國文化大學,08121106,園藝暨生物技術學系,D 日,B 學士,137,112
1006,中國文化大學,08211054,森林暨自然保育學系,D 日,B 學士,164,112
1006,中國文化大學,09299082,社會福利學系,D 日,B 學士,333,112
1006,中國文化大學,10111090,生活應用科學系,D 日,B 學士,209,112
1006,中國文化大學,10141002,技擊運動暨國術學系,D 日,B 學士,150,112
1006,中國文化大學,10142093,運動與健康促進學系,D 日,B 學士,212,112
1006,中國文化大學,10142125,體育運動健康學院不分系學士班,D 日,B 學士,103,112
1006,中國文化大學,10151005,觀光事業學系,D 日,B 學士,430,112
1006,中國文化大學,10151070,休閒事業管理學士學位學程,P 進,B 學士,149,112
1006,中國文化大學,99999071,不分系招生,P 進,B 學士,352,112
1007,逢甲大學,02122006,創新設計學士學位學程,D 日,B 學士,1,112
1007,逢甲大學,02124007,室內設計進修學士班,P 進,B 學士,162,112
1007,逢甲大學,02311002,外國語文學系,D 日,B 學士,426,112
1007,逢甲大學,02322001,中國文學系,D 日,B 學士,220,112
1007,逢甲大學,03111009,經濟學系,D 日,B 學士,448,112
1007,逢甲大學,03111012,合作經濟暨社會事業經營學系,D 日,B 學士,237,112
1007,逢甲大學,04111017,會計學系,D 日,B 學士,741,112
1007,逢甲大學,04121025,財務金融學系,D 日,B 學士,749,112
1007,逢甲大學,04121028,財務工程與精算學士學位學程,D 日,B 學士,210,112
1007,逢甲大學,04122032,財稅學系,D 日,B 學士,471,112
1007,逢甲大學,04123029,風險管理與保險學系,D 日,B 學士,434,112
1007,逢甲大學,04131019,企業管理學系,D 日,B 學士,561,112
1007,逢甲大學,04131021,國際企業管理全英語學士學位學程,D 日,B 學士,190,112
1007,逢甲大學,04134086,土地管理學系,D 日,B 學士,464,112
1007,逢甲大學,04141024,國際經營與貿易學系,D 日,B 學士,809,112
1007,逢甲大學,04143033,行銷學系,D 日,B 學士,548,112
1007,逢甲大學,04191014,澳洲昆士蘭大學商學雙學士學位學程,D 日,B 學士,30,112
1007,逢甲大學,04191014,商學進修學士班,P 進,B 學士,393,112
1007,逢甲大學,04199035,澳洲墨爾本皇家理工大學商學與創新雙學士學位學程,D 日,B 學士,90,112
1007,逢甲大學,04199092,美國加州聖荷西州立大學商學大數據分析雙學士學位學程,D 日,B 學士,103,112
1007,逢甲大學,05299119,學士後工程與科學學院淨零智慧永續學士班,D 日,B 學士,16,112
1007,逢甲大學,05411039,應用數學系,D 日,B 學士,367,112
1007,逢甲大學,05421040,統計學系,D 日,B 學士,419,112
1007,逢甲大學,06131048,資訊工程學系,D 日,B 學士,1067,112
1007,逢甲大學,06134115,人工智慧技術與應用學士學位學程,D 日,B 學士,157,112
1007,逢甲大學,07111068,化學工程學系,D 日,B 學士,488,112
1007,逢甲大學,07112069,材料科學與工程學系,D 日,B 學士,542,112
1007,逢甲大學,07121075,環境工程與科學學系,D 日,B 學士,412,112
1007,逢甲大學,07122077,水利工程與資源保育學系,D 日,B 學士,343,112
1007,逢甲大學,07141044,電機工程學系,D 日,B 學士,564,112
1007,逢甲大學,07141046,電子工程學系,D 日,B 學士,674,112
1007,逢甲大學,07141050,通訊工程學系,D 日,B 學士,534,112
1007,逢甲大學,07141052,自動控制工程學系,D 日,B 學士,541,112
1007,逢甲大學,07141056,資訊電機學院學士班,D 日,B 學士,116,112
1007,逢甲大學,07141095,美國普渡大學電機資訊雙學士學位學程,D 日,B 學士,79,112
1007,逢甲大學,07141101,光電科學與工程學系,D 日,B 學士,466,112
1007,逢甲大學,07141107,美國加州聖荷西州立大學電機工程雙學士學位學程,D 日,B 學士,73,112
1007,逢甲大學,07151061,機械與電腦輔助工程學系,D 日,B 學士,496,112
1007,逢甲大學,07151062,精密系統設計學士學位學程,D 日,B 學士,195,112
1007,逢甲大學,07162059,航太與系統工程學系,D 日,B 學士,457,112
1007,逢甲大學,07191072,工業工程與系統管理學系,D 日,B 學士,421,112
1007,逢甲大學,07192074,纖維與複合材料學系,D 日,B 學士,236,112
1007,逢甲大學,07311007,室內設計學士學位學程,D 日,B 學士,51,112
1007,逢甲大學,07311081,建築學士學位學程,D 日,B 學士,348,112
1007,逢甲大學,07311083,建築專業學院學士班,D 日,B 學士,233,112
1007,逢甲大學,07313087,都市計畫與空間資訊學系,D 日,B 學士,378,112
1007,逢甲大學,07321063,土木工程學系,D 日,B 學士,429,112
1007,逢甲大學,07321063,土木工程學系營建工程與管理進修學士班,P 進,B 學士,221,112
1007,逢甲大學,10411093,運輸與物流學系,D 日,B 學士,451,112
1007,逢甲大學,99999094,全校國際生大一不分系學士班,D 日,B 學士,44,112
1007,逢甲大學,99999108,國際雙學士學位學程,D 日,B 學士,43,112
1008,靜宜大學,02311004,英國語文學系,D 日,B 學士,360,112
1008,靜宜大學,02311005,西班牙語文學系,D 日,B 學士,310,112
1008,靜宜大學,02311006,日本語文學系,D 日,B 學士,605,112
1008,靜宜大學,02311007,寰宇外語教育學士學位學程,D 日,B 學士,135,112
1008,靜宜大學,02321002,台灣文學系,D 日,B 學士,192,112
1008,靜宜大學,02322003,中國文學系,D 日,B 學士,329,112
1008,靜宜大學,03211008,大眾傳播學系,D 日,B 學士,303,112
1008,靜宜大學,04111011,會計學系,D 日,B 學士,542,112
1008,靜宜大學,04121019,財務金融學系,D 日,B 學士,644,112
1008,靜宜大學,04131012,企業管理學系,D 日,B 學士,562,112
1008,靜宜大學,04131015,國際企業學系,D 日,B 學士,633,112
1008,靜宜大學,04191010,寰宇管理學士學位學程,D 日,B 學士,187,112
1008,靜宜大學,04211020,法律學系,D 日,B 學士,530,112
1008,靜宜大學,05191031,食品營養學系,D 日,B 學士,365,112
1008,靜宜大學,05212021,生態人文學系,D 日,B 學士,197,112
1008,靜宜大學,05311023,應用化學系,D 日,B 學士,389,112
1008,靜宜大學,05499036,財務工程學系,D 日,B 學士,213,112
1008,靜宜大學,05499037,資料科學暨大數據分析與應用學系,D 日,B 學士,343,112
1008,靜宜大學,06131027,資訊管理學系,D 日,B 學士,430,112
1008,靜宜大學,06132009,資訊傳播工程學系,D 日,B 學士,426,112
1008,靜宜大學,07141030,資訊工程學系,D 日,B 學士,527,112
1008,靜宜大學,07141042,國際資訊學士學位學程,D 日,B 學士,25,112
1008,靜宜大學,09161035,化粧品科學系,D 日,B 學士,433,112
1008,靜宜大學,09231032,社會工作與兒童少年福利學系,D 日,B 學士,509,112
1008,靜宜大學,09231041,健康照顧社會工作學士學位學程原住民專班,D 日,B 學士,72,112
1008,靜宜大學,10151034,觀光事業學系,D 日,B 學士,611,112
1009,長庚大學,02122001,工業設計學系,D 日,B 學士,156,112
1009,長庚大學,04121058,數位金融科技學系,D 日,B 學士,36,112
1009,長庚大學,04131005,工商管理學系,D 日,B 學士,212,112
1009,長庚大學,04133007,醫務管理學系,D 日,B 學士,198,112
1009,長庚大學,04133053,國際健康管理學士學位學程,D 日,B 學士,1,112
1009,長庚大學,05123012,生物醫學系,D 日,B 學士,354,112
1009,長庚大學,06131013,資訊管理學系,D 日,B 學士,339,112
1009,長庚大學,06131018,資訊工程學系,D 日,B 學士,248,112
1009,長庚大學,06132054,人工智慧學系,D 日,B 學士,113,112
1009,長庚大學,07111025,化工與材料工程學系,D 日,B 學士,220,112
1009,長庚大學,07141014,電機工程學系,D 日,B 學士,403,112
1009,長庚大學,07141016,電子工程學系,D 日,B 學士,346,112
1009,長庚大學,07151022,機械工程學系,D 日,B 學士,163,112
1009,長庚大學,07193027,生物醫學工程學系,D 日,B 學士,49,112
1009,長庚大學,09121028,醫學系,D 日,B 學士,662,112
1009,長庚大學,09131040,護理學系,D 日,B 學士,475,112
1009,長庚大學,09141046,醫學生物技術暨檢驗學系,D 日,B 學士,233,112
1009,長庚大學,09141048,醫學影像暨放射科學系,D 日,B 學士,145,112
1009,長庚大學,09151037,物理治療學系,D 日,B 學士,209,112
1009,長庚大學,09152038,職能治療學系,D 日,B 學士,181,112
1009,長庚大學,09171031,中醫學系,D 日,B 學士,379,112
1009,長庚大學,09199042,呼吸治療學系,D 日,B 學士,150,112
1010,元智大學,02191001,藝術與設計學系,D 日,B 學士,147,112
1010,元智大學,02299049,人文社會學院英語學士班,D 日,B 學士,117,112
1010,元智大學,02311007,應用外語學系,D 日,B 學士,216,112
1010,元智大學,02322004,中國語文學系,D 日,B 學士,168,112
1010,元智大學,03141009,社會暨政策科學學系,D 日,B 學士,197,112
1010,元智大學,04199018,管理學院學士班,D 日,B 學士,1666,112
1010,元智大學,06131011,資訊管理學系,D 日,B 學士,553,112
1010,元智大學,06131028,資訊工程學系,D 日,B 學士,676,112
1010,元智大學,06131051,資訊學院英語學士班,D 日,B 學士,169,112
1010,元智大學,06133013,資訊傳播學系,D 日,B 學士,466,112
1010,元智大學,07111041,化學工程與材料科學學系,D 日,B 學士,479,112
1010,元智大學,07141032,電機通訊學院英語學士班,D 日,B 學士,149,112
1010,元智大學,07141033,電機工程學系,D 日,B 學士,1255,112
1010,元智大學,07151037,機械工程學系,D 日,B 學士,415,112
1010,元智大學,07191043,工業工程與管理學系,D 日,B 學士,419,112
1010,元智大學,07194050,工程學院英語學士班,D 日,B 學士,88,112
1011,中華大學,02123004,工業產品設計學系,D 日,B 學士,8,112
1011,中華大學,02124005,建築與設計學院,P 進,B 學士,35,112
1011,中華大學,02311002,應用日語學系,D 日,B 學士,202,112
1011,中華大學,02311057,人文社會學院進修學士班,P 進,B 學士,19,112
1011,中華大學,04121012,財務管理學系,D 日,B 學士,159,112
1011,中華大學,04131007,企業管理學系,D 日,B 學士,216,112
1011,中華大學,04131009,國際企業學系,D 日,B 學士,2,112
1011,中華大學,04131017,管理學院,P 進,B 學士,31,112
1011,中華大學,04134006,行政管理學系,D 日,B 學士,111,112
1011,中華大學,04199016,營建管理學系,D 日,B 學士,0,112
1011,中華大學,04199064,創新產業學院進修學士班,P 進,B 學士,23,112
1011,中華大學,05124018,生物資訊學系,D 日,B 學士,3,112
1011,中華大學,06121062,中華大學美國舊金山州立大學資訊管理與決策科學學士學位學程,D 日,B 學士,7,112
1011,中華大學,06131021,資訊管理學系,D 日,B 學士,213,112
1011,中華大學,06131025,資訊工程學系,D 日,B 學士,459,112
1011,中華大學,06134059,應用外語暨智慧商務學士學位學程,D 日,B 學士,69,112
1011,中華大學,07141022,電機工程學系,D 日,B 學士,303,112
1011,中華大學,07141024,電子工程學系,D 日,B 學士,11,112
1011,中華大學,07151028,機械工程學系,D 日,B 學士,150,112
1011,中華大學,07191015,工業管理學系,D 日,B 學士,208,112
1011,中華大學,07199053,光電與材料工程學系,D 日,B 學士,200,112
1011,中華大學,07311038,建築與都市計畫學系,D 日,B 學士,230,112
1011,中華大學,07312039,景觀建築學系,D 日,B 學士,66,112
1011,中華大學,07321032,土木工程學系,D 日,B 學士,130,112
1011,中華大學,10131041,餐旅管理學系,D 日,B 學士,179,112
1011,中華大學,10131041,餐旅管理學系,P 進,B 學士,25,112
1011,中華大學,10151046,觀光學院,D 日,B 學士,20,112
1011,中華大學,10151052,旅遊與休閒學系,D 日,B 學士,9,112
1011,中華大學,10151055,觀光與會展活動學系,D 日,B 學士,125,112
1011,中華大學,10151056,國際觀光與酒店管理雙學士學位學程,D 日,B 學士,19,112
1012,大葉大學,02112011,視覺傳達設計學系,D 日,B 學士,158,112
1012,大葉大學,02112011,視覺傳達設計學系,P 進,B 學士,1,112
1012,大葉大學,02112037,多媒體數位內容學士學位學程,D 日,B 學士,344,112
1012,大葉大學,02121002,造形藝術學系,D 日,B 學士,113,112
1012,大葉大學,02121002,造形藝術學系,P 進,B 學士,2,112
1012,大葉大學,02123012,工業設計學系,D 日,B 學士,105,112
1012,大葉大學,02124014,空間設計學系,D 日,B 學士,237,112
1012,大葉大學,02311004,英語學系,D 日,B 學士,63,112
1012,大葉大學,02311006,應用日語學系,D 日,B 學士,157,112
1012,大葉大學,02311006,應用日語學系,P 進,B 學士,9,112
1012,大葉大學,02311008,文創產業國際人才學士學位學程,D 日,B 學士,0,112
1012,大葉大學,02311016,歐洲文化與旅遊學士學位學程,D 日,B 學士,0,112
1012,大葉大學,03211018,傳播藝術學士學位學程,D 日,B 學士,84,112
1012,大葉大學,04111020,會計資訊學系,D 日,B 學士,80,112
1012,大葉大學,04111020,會計資訊學系,P 進,B 學士,1,112
1012,大葉大學,04121025,財務金融學系,D 日,B 學士,119,112
1012,大葉大學,04121025,財務金融學系,P 進,B 學士,46,112
1012,大葉大學,04131021,企業管理學系,D 日,B 學士,98,112
1012,大葉大學,04131021,企業管理學系,P 進,B 學士,15,112
1012,大葉大學,04131024,國際企業管理學系,D 日,B 學士,37,112
1012,大葉大學,04142028,人力資源暨公共關係學系,D 日,B 學士,3,112
1012,大葉大學,05121033,生物資源學系,D 日,B 學士,32,112
1012,大葉大學,05121080,生物醫學系,D 日,B 學士,114,112
1012,大葉大學,06131036,資訊管理學系,D 日,B 學士,72,112
1012,大葉大學,06131036,資訊管理學系,P 進,B 學士,1,112
1012,大葉大學,06131039,資訊工程學系,D 日,B 學士,113,112
1012,大葉大學,07112050,材料科學與工程學系,D 日,B 學士,20,112
1012,大葉大學,07121054,環境工程學系,D 日,B 學士,53,112
1012,大葉大學,07141038,電機工程學系,D 日,B 學士,134,112
1012,大葉大學,07151046,機械與自動化工程學系,D 日,B 學士,158,112
1012,大葉大學,07151046,機械與自動化工程學系,P 進,B 學士,23,112
1012,大葉大學,07191053,工業工程與管理學系,D 日,B 學士,1,112
1012,大葉大學,07193081,醫學工程學系,D 日,B 學士,68,112
1012,大葉大學,09131065,護理學系,D 日,B 學士,361,112
1012,大葉大學,09141066,視光學系,D 日,B 學士,118,112
1012,大葉大學,09152082,職能治療學系,D 日,B 學士,58,112
1012,大葉大學,09199083,藥用植物與食品保健學系,D 日,B 學士,160,112
1012,大葉大學,10131067,餐旅管理學系,D 日,B 學士,98,112
1012,大葉大學,10131067,餐旅管理學系,P 進,B 學士,77,112
1012,大葉大學,10142072,運動健康管理學系,D 日,B 學士,160,112
1012,大葉大學,10151069,觀光旅遊學系,D 日,B 學士,75,112
1012,大葉大學,10151069,觀光旅遊學系,P 進,B 學士,8,112
1012,大葉大學,10152070,休閒事業管理學系,D 日,B 學士,47,112
1012,大葉大學,10152070,休閒事業管理學系,P 進,B 學士,11,112
1012,大葉大學,10199074,烘焙暨飲料調製學士學位學程,D 日,B 學士,126,112
1012,大葉大學,10199074,烘焙暨飲料調製進修學士學位學程,P 進,B 學士,0,112
1012,大葉大學,10199075,婚禮企劃暨節慶管理學士學位學程,D 日,B 學士,4,112
1012,大葉大學,10321076,消防安全學士學位學程,D 日,B 學士,84,112
1013,華梵大學,02112024,攝影與VR設計學系,D 日,B 學士,92,112
1013,華梵大學,02122023,智慧生活設計學系,D 日,B 學士,98,112
1013,華梵大學,02123008,工業設計學系,D 日,B 學士,6,112
1013,華梵大學,02131002,美術與文創學系,D 日,B 學士,158,112
1013,華梵大學,02131025,佛教藝術學系,D 日,B 學士,101,112
1013,華梵大學,02191020,藝術設計學院學士班,D 日,B 學士,3,112
1013,華梵大學,02231006,哲學系,D 日,B 學士,0,112
1013,華梵大學,02311004,外國語文學系,D 日,B 學士,1,112
1013,華梵大學,02322003,中國文學系,D 日,B 學士,0,112
1013,華梵大學,06131011,資訊管理學系,D 日,B 學士,0,112
1013,華梵大學,06132022,智慧生活科技學系,D 日,B 學士,83,112
1013,華梵大學,07141012,電子工程學系,D 日,B 學士,1,112
1013,華梵大學,07151014,機電工程學系,D 日,B 學士,1,112
1013,華梵大學,07191015,工業工程與經營資訊學系,D 日,B 學士,0,112
1013,華梵大學,07311016,建築學系,D 日,B 學士,0,112
1014,義守大學,02111001,電影與電視學系,D 日,B 學士,242,112
1014,義守大學,02112005,數位多媒體設計學系,D 日,B 學士,0,112
1014,義守大學,02122004,傳播與設計學院原住民專班,D 日,B 學士,47,112
1014,義守大學,02122068,國際傳媒與娛樂管理學系,D 日,B 學士,109,112
1014,義守大學,02122073,創意整合設計學系,D 日,B 學士,130,112
1014,義守大學,02122075,新媒體設計學系,D 日,B 學士,171,112
1014,義守大學,02123006,創意商品設計學系,D 日,B 學士,0,112
1014,義守大學,02311002,應用英語學系,D 日,B 學士,0,112
1014,義守大學,02311003,應用日語學系,D 日,B 學士,252,112
1014,義守大學,02311003,應用日語學系,P 進,B 學士,0,112
1014,義守大學,02311074,國際溝通暨應用英語學系,D 日,B 學士,223,112
1014,義守大學,03211008,大眾傳播學系,D 日,B 學士,241,112
1014,義守大學,03214063,傳播產製英語學士學位學程,D 日,B 學士,5,112
1014,義守大學,04111009,會計學系,D 日,B 學士,198,112
1014,義守大學,04121017,國際財務金融學系,D 日,B 學士,55,112
1014,義守大學,04121066,財務金融管理學系,D 日,B 學士,325,112
1014,義守大學,04121066,財務金融管理學系,P 進,B 學士,37,112
1014,義守大學,04121084,財務與商業分析英語學士學位學程,D 日,B 學士,13,112
1014,義守大學,04131010,企業管理學系,D 日,B 學士,276,112
1014,義守大學,04131010,企業管理學系,P 進,B 學士,118,112
1014,義守大學,04131013,國際企業經營學系,D 日,B 學士,127,112
1014,義守大學,04131015,國際商務學系,D 日,B 學士,241,112
1014,義守大學,04131019,工業管理學系,D 日,B 學士,120,112
1014,義守大學,04131019,工業管理學系,P 進,B 學士,48,112
1014,義守大學,04133018,醫務管理學系,D 日,B 學士,315,112
1014,義守大學,04134007,公共政策與管理學系,D 日,B 學士,137,112
1014,義守大學,04199035,管理學院進修學士班,P 進,B 學士,21,112
1014,義守大學,05121020,生物科技學系,D 日,B 學士,0,112
1014,義守大學,05121079,醫學科學與生物科技學系,D 日,B 學士,180,112
1014,義守大學,05191044,營養學系,D 日,B 學士,227,112
1014,義守大學,06131024,資訊管理學系,D 日,B 學士,278,112
1014,義守大學,06131024,資訊管理學系,P 進,B 學士,249,112
1014,義守大學,06131027,資訊工程學系,D 日,B 學士,448,112
1014,義守大學,06131069,智慧網路科技學系,D 日,B 學士,113,112
1014,義守大學,06131070,資料科學與大數據分析學系,D 日,B 學士,114,112
1014,義守大學,07111033,化學工程學系,D 日,B 學士,232,112
1014,義守大學,07112034,材料科學與工程學系,D 日,B 學士,275,112
1014,義守大學,07141025,電機工程學系,D 日,B 學士,533,112
1014,義守大學,07141025,電機工程學系,P 進,B 學士,50,112
1014,義守大學,07141026,電子工程學系,D 日,B 學士,244,112
1014,義守大學,07141072,智慧科技英語學士學位學程,D 日,B 學士,89,112
1014,義守大學,07141081,半導體學士學位學程,D 日,B 學士,27,112
1014,義守大學,07151030,機械與自動化工程學系,D 日,B 學士,224,112
1014,義守大學,07151030,機械與自動化工程學系,P 進,B 學士,0,112
1014,義守大學,07193037,生物醫學工程學系,D 日,B 學士,299,112
1014,義守大學,07321031,土木工程學系,D 日,B 學士,182,112
1014,義守大學,09121011,醫學系(公費生),D 日,B 學士,166,112
1014,義守大學,09121040,學士後中醫學系,D 日,B 學士,248,112
1014,義守大學,09131046,護理學系,D 日,B 學士,578,112
1014,義守大學,09141050,醫學影像暨放射科學系,D 日,B 學士,363,112
1014,義守大學,09141061,醫學檢驗技術學系,D 日,B 學士,311,112
1014,義守大學,09151042,物理治療學系,D 日,B 學士,374,112
1014,義守大學,09152043,職能治療學系,D 日,B 學士,344,112
1014,義守大學,09191041,健康管理學系,D 日,B 學士,131,112
1014,義守大學,09191041,健康管理學系,P 進,B 學士,1,112
1014,義守大學,09191083,精準醫學暨健康科技學士學位學程,D 日,B 學士,6,112
1014,義守大學,09211047,醫學院長期照護原住民專班,D 日,B 學士,2,112
1014,義守大學,10131051,餐旅管理學系,D 日,B 學士,221,112
1014,義守大學,10131051,餐旅管理學系,P 進,B 學士,4,112
1014,義守大學,10131052,廚藝學系,D 日,B 學士,0,112
1014,義守大學,10131052,廚藝學系,P 進,B 學士,0,112
1014,義守大學,10131077,廚藝暨美食學學系,D 日,B 學士,277,112
1014,義守大學,10131077,廚藝暨美食學學系,P 進,B 學士,25,112
1014,義守大學,10151053,觀光學系,D 日,B 學士,0,112
1014,義守大學,10151055,國際觀光餐旅學系,D 日,B 學士,94,112
1014,義守大學,10151057,休閒事業管理學系,D 日,B 學士,0,112
1014,義守大學,10151057,休閒事業管理學系,P 進,B 學士,0,112
1014,義守大學,10151078,觀光智慧服務與科技學系,D 日,B 學士,165,112
1014,義守大學,10151078,觀光智慧服務與科技學系,P 進,B 學士,6,112
1014,義守大學,10151082,智慧觀光餐旅管理英語學士學位學程,D 日,B 學士,18,112
1014,義守大學,10152076,運動科技與休閒管理學系,D 日,B 學士,131,112
1014,義守大學,10152076,運動科技與休閒管理學系,P 進,B 學士,14,112
1014,義守大學,10199059,觀光餐旅學院原住民專班,D 日,B 學士,46,112
1014,義守大學,10199059,觀光餐旅學院進修學士班,P 進,B 學士,26,112
1015,世新大學,02111018,廣播電視電影學系,D 日,B 學士,1360,112
1015,世新大學,02111045,影視進修學士學位學程,P 進,B 學士,219,112
1015,世新大學,02112004,數位多媒體設計學系,D 日,B 學士,517,112
1015,世新大學,02112048,圖文傳播學系,D 日,B 學士,542,112
1015,世新大學,02112048,圖文傳播學系,P 進,B 學士,208,112
1015,世新大學,02311003,日本語文學系,D 日,B 學士,378,112
1015,世新大學,02311044,英語暨傳播應用學系,D 日,B 學士,240,112
1015,世新大學,02322001,中國文學系,D 日,B 學士,138,112
1015,世新大學,03111005,經濟學系,D 日,B 學士,267,112
1015,世新大學,03141008,社會心理學系,D 日,B 學士,367,112
1015,世新大學,03211016,傳播匯流與創新管理學士學位學程,P 進,B 學士,2,112
1015,世新大學,03212017,新聞學系,D 日,B 學士,658,112
1015,世新大學,03214013,資訊傳播學系,D 日,B 學士,278,112
1015,世新大學,03214014,口語傳播暨社群媒體學系,D 日,B 學士,483,112
1015,世新大學,03214020,圖文傳播暨數位出版學系,D 日,B 學士,0,112
1015,世新大學,03214020,圖文傳播暨數位出版學系,P 進,B 學士,0,112
1015,世新大學,03214038,全媒體學士學位學程,P 進,B 學士,173,112
1015,世新大學,04121024,財務金融學系,D 日,B 學士,346,112
1015,世新大學,04131023,企業管理學系,D 日,B 學士,207,112
1015,世新大學,04131023,企業管理學系,P 進,B 學士,71,112
1015,世新大學,04134009,行政管理學系,D 日,B 學士,302,112
1015,世新大學,04143019,公共關係暨廣告學系,D 日,B 學士,806,112
1015,世新大學,04199025,傳播管理學系,D 日,B 學士,660,112
1015,世新大學,04211026,法律學系,D 日,B 學士,453,112
1015,世新大學,06131028,資訊管理學系,D 日,B 學士,681,112
1015,世新大學,10151029,觀光學系,D 日,B 學士,467,112
1016,銘傳大學,02112012,數位媒體設計學系,D 日,B 學士,602,112
1016,銘傳大學,02112072,商業設計學系,D 日,B 學士,471,112
1016,銘傳大學,02121090,動漫文創設計學士學位學程,D 日,B 學士,163,112
1016,銘傳大學,02123073,商品設計學系,D 日,B 學士,417,112
1016,銘傳大學,02125095,時尚與創新管理學士學位學程,D 日,B 學士,146,112
1016,銘傳大學,02311010,應用日語學系,D 日,B 學士,490,112
1016,銘傳大學,02311031,應用英語學系,D 日,B 學士,488,112
1016,銘傳大學,02322002,應用中國文學系,D 日,B 學士,271,112
1016,銘傳大學,02323042,華語文教學學系,D 日,B 學士,232,112
1016,銘傳大學,03122005,國際事務與外交學士學位學程,D 日,B 學士,175,112
1016,銘傳大學,03131054,諮商與工商心理學系,D 日,B 學士,0,112
1016,銘傳大學,03131102,諮商臨床與工商心理學系,D 日,B 學士,397,112
1016,銘傳大學,03141088,犯罪防治學系,D 日,B 學士,467,112
1016,銘傳大學,03211047,廣播電視學系,D 日,B 學士,436,112
1016,銘傳大學,03211063,新聞與大眾傳播學士學位學程,D 日,B 學士,204,112
1016,銘傳大學,03212046,新聞學系,D 日,B 學士,181,112
1016,銘傳大學,03213064,新媒體暨傳播管理學系,D 日,B 學士,324,112
1016,銘傳大學,04111032,會計學系,D 日,B 學士,686,112
1016,銘傳大學,04121020,財務金融學系,D 日,B 學士,734,112
1016,銘傳大學,04121059,經濟與金融學系,D 日,B 學士,361,112
1016,銘傳大學,04123056,風險管理與保險學系,D 日,B 學士,427,112
1016,銘傳大學,04131017,國際企業與貿易學士學位學程,D 日,B 學士,565,112
1016,銘傳大學,04131036,企業管理學系,D 日,B 學士,801,112
1016,銘傳大學,04131061,國際企業學系,D 日,B 學士,761,112
1016,銘傳大學,04131100,國際學院工商管理學士學位學程泰國境外專班,D 日,B 學士,13,112
1016,銘傳大學,04133022,醫療資訊與管理學系,D 日,B 學士,325,112
1016,銘傳大學,04134099,公共事務與行政管理學系,D 日,B 學士,222,112
1016,銘傳大學,04141097,國際商務管理泰國境外學士學位學程,D 日,B 學士,3,112
1016,銘傳大學,04143015,廣告暨策略行銷學系,D 日,B 學士,340,112
1016,銘傳大學,04199027,時尚創意管理學士學位學程,D 日,B 學士,4,112
1016,銘傳大學,04199089,金融科技應用學士學位學程,D 日,B 學士,167,112
1016,銘傳大學,04211039,法律學系,D 日,B 學士,412,112
1016,銘傳大學,04212024,財金法律學系,D 日,B 學士,206,112
1016,銘傳大學,05121009,生物科技學系,D 日,B 學士,365,112
1016,銘傳大學,05421079,應用統計與資料科學學系,D 日,B 學士,285,112
1016,銘傳大學,06131029,資訊工程學系,D 日,B 學士,476,112
1016,銘傳大學,06131045,資訊管理學系,D 日,B 學士,612,112
1016,銘傳大學,06132078,資訊傳播工程學系,D 日,B 學士,0,112
1016,銘傳大學,06132101,人工智慧應用學系,D 日,B 學士,371,112
1016,銘傳大學,06134068,資訊科技應用學士學位學程,D 日,B 學士,6,112
1016,銘傳大學,06134096,資訊科技應用與管理學士學位學程,D 日,B 學士,80,112
1016,銘傳大學,07141025,電子工程學系,D 日,B 學士,331,112
1016,銘傳大學,07141050,電腦與通訊工程學系,D 日,B 學士,355,112
1016,銘傳大學,07193043,生物醫學工程學系,D 日,B 學士,184,112
1016,銘傳大學,07311026,建築學系,D 日,B 學士,274,112
1016,銘傳大學,07313048,都市規劃與防災學系,D 日,B 學士,156,112
1016,銘傳大學,10131044,餐旅管理學系,D 日,B 學士,393,112
1016,銘傳大學,10151008,旅遊與觀光學士學位學程,D 日,B 學士,86,112
1016,銘傳大學,10151033,觀光事業學系,D 日,B 學士,254,112
1016,銘傳大學,10152076,休閒遊憩管理學系,D 日,B 學士,230,112
1017,實踐大學,02112012,媒體傳達設計學系,D 日,B 學士,392,112
1017,實踐大學,02112013,電腦動畫學士學位學程,D 日,B 學士,191,112
1017,實踐大學,02112039,資訊模擬與設計學系,D 日,B 學士,285,112
1017,實踐大學,02122009,時尚設計學系,D 日,B 學士,476,112
1017,實踐大學,02123014,工業產品設計學系,D 日,B 學士,242,112
1017,實踐大學,02125051,服裝設計學系,D 日,B 學士,535,112
1017,實踐大學,02125051,服裝設計學系,P 進,B 學士,313,112
1017,實踐大學,02125053,服飾設計與經營學系,D 日,B 學士,460,112
1017,實踐大學,02125053,服飾設計與經營學系,P 進,B 學士,20,112
1017,實踐大學,02151001,音樂學系,D 日,B 學士,152,112
1017,實踐大學,02311004,應用外語學系,D 日,B 學士,343,112
1017,實踐大學,02311004,應用外語學系,P 進,B 學士,95,112
1017,實踐大學,02311005,應用英語學系,D 日,B 學士,88,112
1017,實踐大學,02311006,應用日文學系,D 日,B 學士,324,112
1017,實踐大學,02322002,應用中文學系,D 日,B 學士,77,112
1017,實踐大學,04111019,會計學系,D 日,B 學士,324,112
1017,實踐大學,04111019,會計學系,P 進,B 學士,0,112
1017,實踐大學,04111020,會計暨稅務學系,D 日,B 學士,128,112
1017,實踐大學,04121029,財務金融學系,D 日,B 學士,408,112
1017,實踐大學,04121029,財務金融學系,P 進,B 學士,67,112
1017,實踐大學,04121032,金融管理學系,D 日,B 學士,197,112
1017,實踐大學,04123033,風險管理與保險學系,D 日,B 學士,376,112
1017,實踐大學,04123033,風險管理與保險學系,P 進,B 學士,1,112
1017,實踐大學,04131021,企業管理學系,D 日,B 學士,419,112
1017,實踐大學,04131021,企業管理學系,P 進,B 學士,206,112
1017,實踐大學,04131022,國際企業管理學系,D 日,B 學士,179,112
1017,實踐大學,04131023,國際企業英語學士學位學程,D 日,B 學士,151,112
1017,實踐大學,04131056,東南亞智慧商務學士學位學程,D 日,B 學士,10,112
1017,實踐大學,04141026,國際貿易學系,D 日,B 學士,78,112
1017,實踐大學,04141028,國際經營與貿易學系,D 日,B 學士,401,112
1017,實踐大學,04141028,國際經營與貿易學系,P 進,B 學士,20,112
1017,實踐大學,04143035,行銷管理學系,D 日,B 學士,108,112
1017,實踐大學,04211055,法律學系,D 日,B 學士,41,112
1017,實踐大學,05191043,食品營養與保健生技學系,D 日,B 學士,387,112
1017,實踐大學,06131037,資訊科技與管理學系,D 日,B 學士,394,112
1017,實踐大學,06131038,資訊管理學系,D 日,B 學士,104,112
1017,實踐大學,06131040,資訊科技與通訊學系,D 日,B 學士,181,112
1017,實踐大學,07311041,建築設計學系,D 日,B 學士,225,112
1017,實踐大學,09221045,家庭研究與兒童發展學系,D 日,B 學士,229,112
1017,實踐大學,09221045,家庭研究與兒童發展學系,P 進,B 學士,123,112
1017,實踐大學,09231044,社會工作學系,D 日,B 學士,415,112
1017,實踐大學,09231044,社會工作學系,P 進,B 學士,95,112
1017,實踐大學,10131046,餐飲管理學系,D 日,B 學士,269,112
1017,實踐大學,10131046,餐飲管理學系,P 進,B 學士,137,112
1017,實踐大學,10131054,智慧服務管理英語學士學位學程,D 日,B 學士,107,112
1017,實踐大學,10151047,觀光管理學系,D 日,B 學士,246,112
1017,實踐大學,10151047,觀光管理學系,P 進,B 學士,30,112
1017,實踐大學,10152049,休閒產業管理學系,D 日,B 學士,170,112
1019,高雄醫學大學,03131002,心理學系,D 日,B 學士,223,112
1019,高雄醫學大學,04133003,醫務管理暨醫療資訊學系,D 日,B 學士,218,112
1019,高雄醫學大學,05111016,生物醫學暨環境生物學系,D 日,B 學士,176,112
1019,高雄醫學大學,05121005,生物科技學系,D 日,B 學士,158,112
1019,高雄醫學大學,05121051,生命科學院學士班,D 日,B 學士,26,112
1019,高雄醫學大學,05311017,醫藥暨應用化學系,D 日,B 學士,344,112
1019,高雄醫學大學,09111044,牙醫學系,D 日,B 學士,537,112
1019,高雄醫學大學,09111046,口腔衛生學系,D 日,B 學士,132,112
1019,高雄醫學大學,09121011,醫學系,D 日,B 學士,1099,112
1019,高雄醫學大學,09131032,護理學系,D 日,B 學士,275,112
1019,高雄醫學大學,09141036,醫學檢驗生物技術學系,D 日,B 學士,153,112
1019,高雄醫學大學,09141037,醫學影像暨放射科學系,D 日,B 學士,154,112
1019,高雄醫學大學,09151028,物理治療學系,D 日,B 學士,175,112
1019,高雄醫學大學,09152029,職能治療學系,D 日,B 學士,190,112
1019,高雄醫學大學,09159030,運動醫學系,D 日,B 學士,207,112
1019,高雄醫學大學,09161024,藥學系,D 日,B 學士,500,112
1019,高雄醫學大學,09161027,香粧品學系,D 日,B 學士,246,112
1019,高雄醫學大學,09191021,公共衛生學系,D 日,B 學士,175,112
1019,高雄醫學大學,09199033,呼吸治療學系,D 日,B 學士,174,112
1019,高雄醫學大學,09231049,醫學社會學與社會工作學系,D 日,B 學士,226,112
1020,南華大學,01121001,幼兒教育學系,D 日,B 學士,162,112
1020,南華大學,02111059,視覺藝術與設計學系,D 日,B 學士,184,112
1020,南華大學,02122062,產品與室內設計學系,D 日,B 學士,181,112
1020,南華大學,02122062,產品與室內設計學系,P 進,B 學士,54,112
1020,南華大學,02151003,民族音樂學系,D 日,B 學士,99,112
1020,南華大學,02299011,生死學系,D 日,B 學士,559,112
1020,南華大學,02299011,生死學系,P 進,B 學士,122,112
1020,南華大學,02311008,外國語文學系,D 日,B 學士,112,112
1020,南華大學,02322009,文學系,D 日,B 學士,112,112
1020,南華大學,03122019,國際事務與企業學系,D 日,B 學士,132,112
1020,南華大學,03141017,應用社會學系,D 日,B 學士,221,112
1020,南華大學,03214026,傳播學系,D 日,B 學士,185,112
1020,南華大學,04121031,財務金融學系,D 日,B 學士,190,112
1020,南華大學,04131029,企業管理學系,D 日,B 學士,133,112
1020,南華大學,04141030,管理學院國際企業學士學位學程,D 日,B 學士,118,112
1020,南華大學,04199033,文化創意事業管理學系,D 日,B 學士,110,112
1020,南華大學,05121040,自然生物科技學系,D 日,B 學士,150,112
1020,南華大學,06121043,科技學院資訊科技進修學士班,P 進,B 學士,99,112
1020,南華大學,06131042,資訊管理學系,D 日,B 學士,169,112
1020,南華大學,07141044,資訊工程學系,D 日,B 學士,319,112
1020,南華大學,07311045,建築與景觀學系,D 日,B 學士,0,112
1020,南華大學,07311064,建築學系,D 日,B 學士,216,112
1020,南華大學,10141061,運動與健康促進學士學位學程,D 日,B 學士,164,112
1020,南華大學,10151048,旅遊管理學系,D 日,B 學士,151,112
1021,真理大學,02151001,音樂應用學系,D 日,B 學士,119,112
1021,真理大學,02211064,宗教文化與資訊管理學系,D 日,B 學士,99,112
1021,真理大學,02299013,人文與資訊學系,D 日,B 學士,89,112
1021,真理大學,02311006,英美語文學系,D 日,B 學士,133,112
1021,真理大學,02311009,應用日語學系,D 日,B 學士,224,112
1021,真理大學,02311009,應用日語學系,P 進,B 學士,1,112
1021,真理大學,02321002,台灣文學系,D 日,B 學士,88,112
1021,真理大學,03111014,經濟學系,D 日,B 學士,122,112
1021,真理大學,03214058,運動資訊傳播學系,D 日,B 學士,188,112
1021,真理大學,04111019,會計資訊學系,D 日,B 學士,104,112
1021,真理大學,04111066,理財與稅務規劃學系,D 日,B 學士,89,112
1021,真理大學,04121024,財務金融學系,D 日,B 學士,155,112
1021,真理大學,04131020,企業管理學系,D 日,B 學士,145,112
1021,真理大學,04141067,國際企業與貿易學系,D 日,B 學士,157,112
1021,真理大學,04199029,工業管理與經營資訊學系,D 日,B 學士,102,112
1021,真理大學,04199057,運動管理學系,D 日,B 學士,239,112
1021,真理大學,04199062,航空事業學系,D 日,B 學士,123,112
1021,真理大學,04211031,法律學系,D 日,B 學士,260,112
1021,真理大學,05499065,統計資訊與精算學系,D 日,B 學士,90,112
1021,真理大學,06131041,資訊工程學系,D 日,B 學士,182,112
1021,真理大學,06134039,資訊管理學系,D 日,B 學士,127,112
1021,真理大學,10151044,觀光事業學系,D 日,B 學士,198,112
1021,真理大學,10151045,觀光數位知識學系,D 日,B 學士,113,112
1022,大同大學,02112004,媒體設計學系,D 日,B 學士,344,112
1022,大同大學,02123005,工業設計學系,D 日,B 學士,350,112
1022,大同大學,02311001,應用外語學系,D 日,B 學士,155,112
1022,大同大學,04131007,事業經營學系,D 日,B 學士,325,112
1022,大同大學,06131006,資訊經營學系,D 日,B 學士,192,112
1022,大同大學,06131012,資訊工程學系,D 日,B 學士,500,112
1022,大同大學,07111021,化學工程與生物科技學系,D 日,B 學士,350,112
1022,大同大學,07141010,電機工程學系,D 日,B 學士,468,112
1022,大同大學,07151023,機械與材料工程學系,D 日,B 學士,418,112
1022,大同大學,07194022,工程學院學士班,D 日,B 學士,41,112
1027,慈濟大學,02311003,英美語文學系,D 日,B 學士,0,112
1027,慈濟大學,02311038,外國語文學系,D 日,B 學士,51,112
1027,慈濟大學,02322004,東方語文學系,D 日,B 學士,120,112
1027,慈濟大學,03131008,人類發展與心理學系,D 日,B 學士,117,112
1027,慈濟大學,03213036,國際數位媒體科技學士學位學程,D 日,B 學士,24,112
1027,慈濟大學,03214009,傳播學系,D 日,B 學士,135,112
1027,慈濟大學,04131035,國際服務產業管理學士學位學程,D 日,B 學士,44,112
1027,慈濟大學,05111010,生命科學系,D 日,B 學士,0,112
1027,慈濟大學,05121012,分子生物暨人類遺傳學系,D 日,B 學士,90,112
1027,慈濟大學,06133032,醫學資訊學系,D 日,B 學士,117,112
1027,慈濟大學,07193039,生物醫學暨工程學系,D 日,B 學士,84,112
1027,慈濟大學,09121015,醫學系,D 日,B 學士,341,112
1027,慈濟大學,09121023,學士後中醫學系,D 日,B 學士,225,112
1027,慈濟大學,09131028,護理學系,D 日,B 學士,284,112
1027,慈濟大學,09141031,醫學檢驗生物技術學系,D 日,B 學士,201,112
1027,慈濟大學,09151027,物理治療學系,D 日,B 學士,175,112
1027,慈濟大學,09191024,公共衛生學系,D 日,B 學士,80,112
1027,慈濟大學,09221002,兒童發展與家庭教育學系,D 日,B 學士,128,112
1027,慈濟大學,09231034,社會工作學系,D 日,B 學士,132,112
1028,臺北醫學大學,04133002,醫務管理學系,D 日,B 學士,284,112
1028,臺北醫學大學,05191032,保健營養學系,D 日,B 學士,246,112
1028,臺北醫學大學,07193009,生物醫學工程學系,D 日,B 學士,133,112
1028,臺北醫學大學,07211012,食品安全學系,D 日,B 學士,124,112
1028,臺北醫學大學,09111044,牙醫學系,D 日,B 學士,563,112
1028,臺北醫學大學,09111045,牙體技術學系,D 日,B 學士,147,112
1028,臺北醫學大學,09111046,口腔衛生學系,D 日,B 學士,95,112
1028,臺北醫學大學,09121013,醫學系,D 日,B 學士,925,112
1028,臺北醫學大學,09131037,護理學系,D 日,B 學士,355,112
1028,臺北醫學大學,09141041,醫學檢驗暨生物技術學系,D 日,B 學士,259,112
1028,臺北醫學大學,09161024,藥學系,D 日,B 學士,868,112
1028,臺北醫學大學,09191020,公共衛生學系,D 日,B 學士,181,112
1028,臺北醫學大學,09199035,呼吸治療學系,D 日,B 學士,164,112
1028,臺北醫學大學,09211065,高齡健康暨長期照護學系,D 日,B 學士,194,112
1029,中山醫學大學,02311003,應用外國語言學系,D 日,B 學士,181,112
1029,中山醫學大學,03131004,心理學系,D 日,B 學士,216,112
1029,中山醫學大學,04133006,醫療產業科技管理學系,D 日,B 學士,188,112
1029,中山醫學大學,05121012,生物醫學科學學系,D 日,B 學士,309,112
1029,中山醫學大學,05191026,營養學系,D 日,B 學士,387,112
1029,中山醫學大學,05399015,醫學應用化學系,D 日,B 學士,183,112
1029,中山醫學大學,06131033,醫學資訊學系,D 日,B 學士,168,112
1029,中山醫學大學,09111038,牙醫學系,D 日,B 學士,481,112
1029,中山醫學大學,09121018,醫學系,D 日,B 學士,850,112
1029,中山醫學大學,09131028,護理學系,D 日,B 學士,422,112
1029,中山醫學大學,09141030,醫學檢驗暨生物技術學系,D 日,B 學士,327,112
1029,中山醫學大學,09141031,醫學影像暨放射科學系,D 日,B 學士,313,112
1029,中山醫學大學,09141032,視光學系,D 日,B 學士,236,112
1029,中山醫學大學,09151022,物理治療學系,D 日,B 學士,226,112
1029,中山醫學大學,09152023,職能治療學系,D 日,B 學士,204,112
1029,中山醫學大學,09153024,語言治療與聽力學系,D 日,B 學士,377,112
1029,中山醫學大學,09191020,公共衛生學系,D 日,B 學士,286,112
1029,中山醫學大學,09231045,醫學社會暨社會工作學系,D 日,B 學士,387,112
1029,中山醫學大學,10131049,健康產業科技管理學系,D 日,B 學士,146,112
1029,中山醫學大學,10221021,職業安全衛生學系,D 日,B 學士,216,112
1033,長榮大學,02111081,數位媒體設計學系,D 日,B 學士,149,112
1033,長榮大學,02112016,數位內容設計學系,D 日,B 學士,6,112
1033,長榮大學,02112064,互動設計學系,D 日,B 學士,84,112
1033,長榮大學,02131001,美術學系,D 日,B 學士,113,112
1033,長榮大學,02131002,書畫藝術學系,D 日,B 學士,67,112
1033,長榮大學,02141004,台灣文化創意產業學士學位學程,D 日,B 學士,62,112
1033,長榮大學,02211011,神學系,D 日,B 學士,0,112
1033,長榮大學,02231012,應用哲學系,D 日,B 學士,58,112
1033,長榮大學,02299066,東南亞文化與產業學士學位學程,D 日,B 學士,93,112
1033,長榮大學,02311005,應用日語學系,D 日,B 學士,287,112
1033,長榮大學,02311076,日語進修學士學位學程,P 進,B 學士,30,112
1033,長榮大學,02312007,翻譯學系,D 日,B 學士,160,112
1033,長榮大學,03131018,健康心理學系,D 日,B 學士,187,112
1033,長榮大學,03211021,大眾傳播學系,D 日,B 學士,222,112
1033,長榮大學,04111024,會計資訊學系,D 日,B 學士,126,112
1033,長榮大學,04121030,財務金融學系,D 日,B 學士,227,112
1033,長榮大學,04131025,企業管理學系,D 日,B 學士,180,112
1033,長榮大學,04131028,國際企業學系,D 日,B 學士,159,112
1033,長榮大學,04133031,醫務管理學系,D 日,B 學士,119,112
1033,長榮大學,04141029,國際會展管理學士學位學程,D 日,B 學士,4,112
1033,長榮大學,04191022,國際財務與商務管理學士學位學程,D 日,B 學士,1,112
1033,長榮大學,04199027,管理進修學士學位學程,P 進,B 學士,101,112
1033,長榮大學,04199063,不動產財務金融學士學位學程,D 日,B 學士,0,112
1033,長榮大學,04199067,創新應用管理學系,D 日,B 學士,31,112
1033,長榮大學,05121035,生物科技學系,D 日,B 學士,110,112
1033,長榮大學,05191048,保健營養學系,D 日,B 學士,121,112
1033,長榮大學,05211065,永續發展國際學士學位學程,D 日,B 學士,80,112
1033,長榮大學,05211078,綠能與環境資源學系,D 日,B 學士,123,112
1033,長榮大學,06111077,資訊暨設計學院學士班,D 日,B 學士,9,112
1033,長榮大學,06131037,資訊管理學系,D 日,B 學士,87,112
1033,長榮大學,06131039,資訊工程學系,D 日,B 學士,201,112
1033,長榮大學,06134068,智慧生活應用學士學位學程,D 日,B 學士,1,112
1033,長榮大學,07141041,科技工程與管理學系,D 日,B 學士,2,112
1033,長榮大學,07162069,無人機應用學士學位學程,D 日,B 學士,56,112
1033,長榮大學,07211083,食品安全衛生與檢驗學士學位學程,D 日,B 學士,124,112
1033,長榮大學,07313042,土地管理與開發學系,D 日,B 學士,88,112
1033,長榮大學,08199075,蘭花產業應用學士學位學程,D 日,B 學士,21,112
1033,長榮大學,09131049,護理學系,D 日,B 學士,276,112
1033,長榮大學,09199071,醫藥科學產業學系,D 日,B 學士,83,112
1033,長榮大學,09211070,醫學社會暨健康照護學士學位學程,D 日,B 學士,75,112
1033,長榮大學,09231055,社會工作學系,D 日,B 學士,208,112
1033,長榮大學,10141058,運動競技學系,D 日,B 學士,179,112
1033,長榮大學,10141058,運動競技學系,P 進,B 學士,36,112
1033,長榮大學,10151056,觀光與餐飲服務事業進修學士學位學程,P 進,B 學士,22,112
1033,長榮大學,10151057,觀光與餐飲管理學系,D 日,B 學士,184,112
1033,長榮大學,10221045,職業安全與衛生學系,D 日,B 學士,224,112
1033,長榮大學,10221079,職安消防進修學士學位學程現役軍人營區專班,P 進,B 學士,6,112
1033,長榮大學,10321062,消防安全學士學位學程,D 日,B 學士,145,112
1033,長榮大學,10412061,航運管理學系,D 日,B 學士,375,112
1035,中國醫藥大學,04133029,醫務管理學系,D 日,B 學士,69,112
1035,中國醫藥大學,05121043,生物科技學系,D 日,B 學士,217,112
1035,中國醫藥大學,05191021,營養學系,D 日,B 學士,300,112
1035,中國醫藥大學,07193031,生物醫學工程學系,D 日,B 學士,77,112
1035,中國醫藥大學,09111019,牙醫學系,D 日,B 學士,303,112
1035,中國醫藥大學,09121014,中醫學系,D 日,B 學士,1338,112
1035,中國醫藥大學,09121016,醫學系,D 日,B 學士,802,112
1035,中國醫藥大學,09131045,護理學系,D 日,B 學士,303,112
1035,中國醫藥大學,09141017,醫學檢驗生物技術學系,D 日,B 學士,184,112
1035,中國醫藥大學,09141032,生物醫學影像暨放射科學學系,D 日,B 學士,224,112
1035,中國醫藥大學,09151010,物理治療學系,D 日,B 學士,255,112
1035,中國醫藥大學,09159047,運動醫學系,D 日,B 學士,194,112
1035,中國醫藥大學,09161034,藥學系,D 日,B 學士,1267,112
1035,中國醫藥大學,09161039,中國藥學暨中藥資源學系,D 日,B 學士,133,112
1035,中國醫藥大學,09161042,藥用化妝品學系,D 日,B 學士,188,112
1035,中國醫藥大學,09191026,公共衛生學系,D 日,B 學士,207,112
1035,中國醫藥大學,09191056,公共衛生學院大一不分系,D 日,B 學士,136,112
1035,中國醫藥大學,10221038,職業安全與衛生學系,D 日,B 學士,159,112
1039,玄奘大學,02112013,視覺傳達設計學系,D 日,B 學士,111,112
1039,玄奘大學,02125012,時尚設計學系,D 日,B 學士,35,112
1039,玄奘大學,02152004,影劇藝術學系,D 日,B 學士,60,112
1039,玄奘大學,02199005,藝術與創意設計學系,D 日,B 學士,107,112
1039,玄奘大學,02199044,藝術設計學院學士班,D 日,B 學士,6,112
1039,玄奘大學,02211010,宗教與文化學系,D 日,B 學士,70,112
1039,玄奘大學,02311008,應用外語學系,D 日,B 學士,0,112
1039,玄奘大學,02311043,應用日語學系,D 日,B 學士,107,112
1039,玄奘大學,03131016,應用心理學系,D 日,B 學士,221,112
1039,玄奘大學,03131016,應用心理學系,P 進,B 學士,0,112
1039,玄奘大學,03211018,大眾傳播學系,D 日,B 學士,110,112
1039,玄奘大學,03212021,廣播與電視新聞學系,D 日,B 學士,0,112
1039,玄奘大學,04131024,企業管理學系,P 進,B 學士,0,112
1039,玄奘大學,04211032,法律學系,D 日,B 學士,104,112
1039,玄奘大學,04211032,法律學系,P 進,B 學士,0,112
1039,玄奘大學,06134034,資訊管理學系,D 日,B 學士,0,112
1039,玄奘大學,09231036,社會工作學系,D 日,B 學士,87,112
1039,玄奘大學,10131040,餐旅管理學系,D 日,B 學士,85,112
1048,亞洲大學,01121001,幼兒教育學系,D 日,B 學士,375,112
1048,亞洲大學,02112006,視覺傳達設計學系,D 日,B 學士,329,112
1048,亞洲大學,02112007,數位媒體設計學系,D 日,B 學士,402,112
1048,亞洲大學,02122004,時尚設計學系,D 日,B 學士,284,112
1048,亞洲大學,02122005,創意設計學院不分系國際設計學士班,D 日,B 學士,4,112
1048,亞洲大學,02123011,創意商品設計學系,D 日,B 學士,279,112
1048,亞洲大學,02123011,創意商品設計學系,P 進,B 學士,60,112
1048,亞洲大學,02124012,室內設計學系,D 日,B 學士,294,112
1048,亞洲大學,02311002,外國語文學系,D 日,B 學士,186,112
1048,亞洲大學,03131013,心理學系,D 日,B 學士,514,112
1048,亞洲大學,03213014,資訊傳播學系,D 日,B 學士,349,112
1048,亞洲大學,04111015,會計與資訊學系,D 日,B 學士,227,112
1048,亞洲大學,04121019,財務金融學系,D 日,B 學士,401,112
1048,亞洲大學,04121020,國際財務金融管理學士學位學程,D 日,B 學士,0,112
1048,亞洲大學,04131017,經營管理學系,D 日,B 學士,452,112
1048,亞洲大學,04131017,經營管理學系,P 進,B 學士,134,112
1048,亞洲大學,04199026,管理學院進修學士學位學程,P 進,B 學士,41,112
1048,亞洲大學,04212027,財經法律學系,D 日,B 學士,337,112
1048,亞洲大學,05191053,食品營養與保健生技學系,D 日,B 學士,400,112
1048,亞洲大學,05191053,食品營養與保健生技學系,P 進,B 學士,103,112
1048,亞洲大學,06134033,行動商務與多媒體應用學系,D 日,B 學士,280,112
1048,亞洲大學,06134037,資訊工程學系,D 日,B 學士,489,112
1048,亞洲大學,07193029,生物資訊與醫學工程學系,D 日,B 學士,211,112
1048,亞洲大學,08411045,學士後獸醫學系,D 日,B 學士,177,112
1048,亞洲大學,09131046,護理學系,D 日,B 學士,532,112
1048,亞洲大學,09131061,學士後護理學系,D 日,B 學士,143,112
1048,亞洲大學,09141047,視光學系,D 日,B 學士,381,112
1048,亞洲大學,09141060,醫學檢驗暨生物技術學系,D 日,B 學士,288,112
1048,亞洲大學,09151056,物理治療學系,D 日,B 學士,209,112
1048,亞洲大學,09152052,職能治療學系,D 日,B 學士,237,112
1048,亞洲大學,09153051,聽力暨語言治療學系,D 日,B 學士,239,112
1048,亞洲大學,09191021,健康產業管理學系,D 日,B 學士,343,112
1048,亞洲大學,09231048,社會工作學系,D 日,B 學士,398,112
1048,亞洲大學,09231048,社會工作學系,P 進,B 學士,105,112
1048,亞洲大學,10151049,休閒與遊憩管理學系,D 日,B 學士,309,112
1049,開南大學,02111058,電影與創意媒體學系,D 日,B 學士,157,112
1049,開南大學,02125060,形象管理學士學位學程,D 日,B 學士,2,112
1049,開南大學,02125060,形象管理進修學士學位學程,P 進,B 學士,72,112
1049,開南大學,02299065,文化創意與治理進修學士學位學程,P 進,B 學士,37,112
1049,開南大學,02311006,應用英語學系,D 日,B 學士,161,112
1049,開南大學,02311006,應用英語學系,P 進,B 學士,97,112
1049,開南大學,02311008,應用日語學系,D 日,B 學士,321,112
1049,開南大學,02311008,應用日語學系,P 進,B 學士,89,112
1049,開南大學,02323004,應用華語學系,D 日,B 學士,290,112
1049,開南大學,03213003,資訊傳播學系,D 日,B 學士,120,112
1049,開南大學,04111014,會計學系,D 日,B 學士,18,112
1049,開南大學,04111014,會計學系,P 進,B 學士,7,112
1049,開南大學,04121021,財務金融學系,D 日,B 學士,0,112
1049,開南大學,04131016,國際企業學系,D 日,B 學士,176,112
1049,開南大學,04131016,國際企業學系,P 進,B 學士,165,112
1049,開南大學,04131017,企業與創業管理學系,D 日,B 學士,128,112
1049,開南大學,04131017,企業與創業管理學系,P 進,B 學士,133,112
1049,開南大學,04131031,商學院國際榮譽學士學位學程,D 日,B 學士,36,112
1049,開南大學,04134012,公共事務管理學系原住民族事務專班,D 日,B 學士,1,112
1049,開南大學,04143024,行銷學系,D 日,B 學士,27,112
1049,開南大學,04199061,數位多媒體設計學系,D 日,B 學士,0,112
1049,開南大學,04199061,數位多媒體設計學系,P 進,B 學士,9,112
1049,開南大學,04211011,法律學系,D 日,B 學士,217,112
1049,開南大學,04211011,法律學系,P 進,B 學士,100,112
1049,開南大學,05191037,保健營養學系,D 日,B 學士,99,112
1049,開南大學,06121032,資訊管理學系,D 日,B 學士,126,112
1049,開南大學,06121032,資訊管理學系,P 進,B 學士,44,112
1049,開南大學,09191026,健康產業管理學系,D 日,B 學士,102,112
1049,開南大學,09199038,養生與健康行銷學系,D 日,B 學士,15,112
1049,開南大學,10131039,觀光與餐飲旅館學系,D 日,B 學士,223,112
1049,開南大學,10131039,觀光與餐飲旅館學系,P 進,B 學士,165,112
1049,開南大學,10152043,休閒事業管理學系,D 日,B 學士,95,112
1049,開南大學,10411059,交通運輸學系,D 日,B 學士,4,112
1049,開南大學,10411062,國際物流與運輸管理學系,D 日,B 學士,134,112
1049,開南大學,10411062,國際物流與運輸管理學系,P 進,B 學士,54,112
1049,開南大學,10413046,空運管理學系,D 日,B 學士,248,112
1049,開南大學,10413046,空運管理學系,P 進,B 學士,4,112
1050,佛光大學,02123018,產品與媒體設計學系,D 日,B 學士,221,112
1050,佛光大學,02211010,佛教學系,D 日,B 學士,66,112
1050,佛光大學,02221011,歷史學系,D 日,B 學士,102,112
1050,佛光大學,02299015,文化資產與創意學系,D 日,B 學士,65,112
1050,佛光大學,02311007,外國語文學系,D 日,B 學士,125,112
1050,佛光大學,02322006,中國文學與應用學系,D 日,B 學士,83,112
1050,佛光大學,03111020,應用經濟學系,D 日,B 學士,161,112
1050,佛光大學,03131024,心理學系,D 日,B 學士,167,112
1050,佛光大學,03141023,未來與樂活產業學系,D 日,B 學士,110,112
1050,佛光大學,03141035,社會學暨社會工作學系,D 日,B 學士,158,112
1050,佛光大學,03211028,傳播學系,D 日,B 學士,227,112
1050,佛光大學,04131030,管理學系,D 日,B 學士,118,112
1050,佛光大學,04134025,公共事務學系,D 日,B 學士,149,112
1050,佛光大學,06134032,資訊應用學系,D 日,B 學士,203,112
1050,佛光大學,10131036,健康與創意蔬食產業學系,D 日,B 學士,165,112
1050,佛光大學,10142040,管理學院運動與健康促進管理學士學位學程,D 日,B 學士,17,112
1058,明道大學,02122010,數位設計學系,D 日,B 學士,60,112
1058,明道大學,02125007,時尚造形學系,D 日,B 學士,2,112
1058,明道大學,02125007,時尚造形學系,P 進,B 學士,0,112
1058,明道大學,02299043,中華文化與傳播學系,D 日,B 學士,20,112
1058,明道大學,02311044,應用外語學系,D 日,B 學士,39,112
1058,明道大學,04131013,企業管理學系,D 日,B 學士,24,112
1058,明道大學,04131013,企業管理學系,P 進,B 學士,21,112
1058,明道大學,06111012,資訊傳播學系,D 日,B 學士,0,112
1058,明道大學,07132046,智慧能源工程學系,D 日,B 學士,23,112
1058,明道大學,07312035,景觀與環境設計學系,D 日,B 學士,18,112
1058,明道大學,07312035,景觀與環境設計學系,P 進,B 學士,1,112
1058,明道大學,08111047,智慧暨精緻農業學系,D 日,B 學士,28,112
1058,明道大學,08111047,智慧暨精緻農業學系,P 進,B 學士,102,112
1058,明道大學,08192038,應用科學院進修學士班,P 進,B 學士,0,112
1058,明道大學,10131039,餐旅管理學系,D 日,B 學士,68,112
1058,明道大學,10131039,餐旅管理學系,P 進,B 學士,60,112
1058,明道大學,10152040,休閒保健學系,D 日,B 學士,48,112
1058,明道大學,10152040,休閒保健學系,P 進,B 學士,41,112
1067,台灣首府大學,01121002,幼兒教育學系,D 日,B 學士,0,112
1067,台灣首府大學,04131009,企業管理學系,D 日,B 學士,0,112
1067,台灣首府大學,04199016,休閒資訊管理學系,D 日,B 學士,0,112
1067,台灣首府大學,04199016,休閒資訊管理學系,P 進,B 學士,0,112
1067,台灣首府大學,06134021,資訊與多媒體設計學系,D 日,B 學士,0,112
1067,台灣首府大學,10131030,餐旅管理學系,D 日,B 學士,0,112
1067,台灣首府大學,10131030,餐旅管理學系,P 進,B 學士,0,112
1067,台灣首府大學,10131032,烘焙管理學系,D 日,B 學士,0,112
1067,台灣首府大學,10131034,飯店管理學系,D 日,B 學士,0,112
1067,台灣首府大學,10151036,觀光事業管理學系,D 日,B 學士,0,112
1067,台灣首府大學,10151036,觀光事業管理學系,P 進,B 學士,0,112
1067,台灣首府大學,10152038,休閒管理學系,D 日,B 學士,0,112
1067,台灣首府大學,10152038,休閒管理學系,P 進,B 學士,0,112
1079,康寧大學,09131043,健康照護管理學系,D 日,B 學士,0,112
1079,康寧大學,09131043,健康照護管理學系,P 進,B 學士,0,112
1079,康寧大學,09212062,長期照護學系,D 日,B 學士,78,112
1079,康寧大學,09221048,嬰幼兒保育學系,D 日,B 學士,78,112
1125,中信金融管理學院,04121014,財務金融學系,D 日,B 學士,170,112
1125,中信金融管理學院,04131012,企業管理學系,D 日,B 學士,138,112
1125,中信金融管理學院,04199032,金融管理學院學士班,D 日,B 學士,194,112
1125,中信金融管理學院,04212022,財經法律學系,D 日,B 學士,144,112
1125,中信金融管理學院,06131033,人工智慧學系,D 日,B 學士,108,112
1125,中信金融管理學院,10152035,運動產業管理學士學位學程,D 日,B 學士,45,112
1195,馬偕醫學院,09121002,醫學系,D 日,B 學士,276,112
1195,馬偕醫學院,09131004,護理學系,D 日,B 學士,287,112
1195,馬偕醫學院,09141007,視光學系,D 日,B 學士,30,112
1195,馬偕醫學院,09153003,聽力暨語言治療學系,D 日,B 學士,156,112
1196,法鼓文理學院,01199001,生命教育學系,P 進,B 學士,19,112
1196,法鼓文理學院,02211002,佛教學系,D 日,B 學士,51,112
3002,臺北市立大學,01111001,教育學系,D 日,B 學士,265,112
3002,臺北市立大學,01113029,特殊教育學系,D 日,B 學士,181,112
3002,臺北市立大學,01116036,學習與媒材設計學系,D 日,B 學士,178,112
3002,臺北市立大學,01121027,幼兒教育學系,D 日,B 學士,337,112
3002,臺北市立大學,01131017,英語教學系,D 日,B 學士,155,112
3002,臺北市立大學,01141025,體育學系,D 日,B 學士,201,112
3002,臺北市立大學,02111040,視覺藝術學系,D 日,B 學士,195,112
3002,臺北市立大學,02151037,音樂學系,D 日,B 學士,215,112
3002,臺北市立大學,02152039,舞蹈學系,D 日,B 學士,164,112
3002,臺北市立大學,02221019,歷史與地理學系,D 日,B 學士,182,112
3002,臺北市立大學,02322043,中國語文學系,D 日,B 學士,225,112
3002,臺北市立大學,03131055,心理與諮商學系,D 日,B 學士,174,112
3002,臺北市立大學,04134056,社會暨公共事務學系,D 日,B 學士,145,112
3002,臺北市立大學,04199045,都會產業經營與行銷學系,D 日,B 學士,137,112
3002,臺北市立大學,05211023,地球環境暨生物資源學系,D 日,B 學士,131,112
3002,臺北市立大學,05399011,應用物理暨化學系,D 日,B 學士,133,112
3002,臺北市立大學,05411012,數學系,D 日,B 學士,164,112
3002,臺北市立大學,06131016,資訊科學系,D 日,B 學士,195,112
3002,臺北市立大學,07313058,城市發展學系,D 日,B 學士,121,112
3002,臺北市立大學,09191059,衛生福利學系,D 日,B 學士,120,112
3002,臺北市立大學,10141046,運動藝術學系,D 日,B 學士,166,112
3002,臺北市立大學,10141060,球類運動學系,D 日,B 學士,557,112
3002,臺北市立大學,10141062,陸上運動學系,D 日,B 學士,196,112
3002,臺北市立大學,10141063,水上運動學系,D 日,B 學士,109,112
3002,臺北市立大學,10141064,技擊運動學系,D 日,B 學士,201,112
3002,臺北市立大學,10142052,運動健康科學系,D 日,B 學士,209,112
3002,臺北市立大學,10152050,休閒運動管理學系,D 日,B 學士,219,112
1,國立政治大學,01111001,教育學系,D 日,B 學士,221,113
1,國立政治大學,02221020,歷史學系,D 日,B 學士,179,113
1,國立政治大學,02222031,民族學系,D 日,B 學士,186,113
1,國立政治大學,02231022,哲學系,D 日,B 學士,204,113
1,國立政治大學,02311009,英國語文學系,D 日,B 學士,283,113
1,國立政治大學,02311011,日本語文學系,D 日,B 學士,162,113
1,國立政治大學,02311012,阿拉伯語文學系,D 日,B 學士,168,113
1,國立政治大學,02311014,韓國語文學系,D 日,B 學士,153,113
1,國立政治大學,02311015,土耳其語文學系,D 日,B 學士,115,113
1,國立政治大學,02311016,歐洲語文學系,D 日,B 學士,264,113
1,國立政治大學,02311017,斯拉夫語文學系,D 日,B 學士,198,113
1,國立政治大學,02311087,東南亞語言與文化學士學位學程,D 日,B 學士,0,113
1,國立政治大學,02311099,東南亞語文學系,D 日,B 學士,187,113
1,國立政治大學,02322008,中國文學系,D 日,B 學士,339,113
1,國立政治大學,03111024,經濟學系,D 日,B 學士,395,113
1,國立政治大學,03121026,政治學系,D 日,B 學士,236,113
1,國立政治大學,03122045,外交學系,D 日,B 學士,270,113
1,國立政治大學,03131032,心理學系,D 日,B 學士,224,113
1,國立政治大學,03141030,社會學系,D 日,B 學士,179,113
1,國立政治大學,03143043,地政學系,D 日,B 學士,512,113
1,國立政治大學,03211056,傳播學院大一大二不分系,D 日,B 學士,414,113
1,國立政治大學,03213052,廣播電視學系,D 日,B 學士,212,113
1,國立政治大學,03214051,新聞學系,D 日,B 學士,92,113
1,國立政治大學,04111059,會計學系,D 日,B 學士,375,113
1,國立政治大學,04121065,財務管理學系,D 日,B 學士,209,113
1,國立政治大學,04121068,金融學系,D 日,B 學士,255,113
1,國立政治大學,04122070,財政學系,D 日,B 學士,384,113
1,國立政治大學,04123069,風險管理與保險學系,D 日,B 學士,231,113
1,國立政治大學,04131060,企業管理學系,D 日,B 學士,431,113
1,國立政治大學,04131091,創新國際學院學士班,D 日,B 學士,183,113
1,國立政治大學,04134041,公共行政學系,D 日,B 學士,185,113
1,國立政治大學,04141067,國際經營與貿易學系,D 日,B 學士,380,113
1,國立政治大學,04143055,廣告學系,D 日,B 學士,234,113
1,國立政治大學,04211073,法律學系,D 日,B 學士,742,113
1,國立政治大學,05411078,應用數學系,D 日,B 學士,189,113
1,國立政治大學,05421079,統計學系,D 日,B 學士,234,113
1,國立政治大學,06131080,資訊管理學系,D 日,B 學士,345,113
1,國立政治大學,06131081,資訊科學系,D 日,B 學士,231,113
2,國立清華大學,01111084,教育與學習科技學系,D 日,B 學士,181,113
2,國立清華大學,01111112,竹師教育學院學士班,D 日,B 學士,152,113
2,國立清華大學,01113095,特殊教育學系,D 日,B 學士,162,113
2,國立清華大學,01121091,幼兒教育學系,D 日,B 學士,155,113
2,國立清華大學,01131105,英語教學系,D 日,B 學士,151,113
2,國立清華大學,01141127,運動科學系,D 日,B 學士,192,113
2,國立清華大學,02131098,藝術與設計學系,D 日,B 學士,317,113
2,國立清華大學,02151096,音樂學系,D 日,B 學士,143,113
2,國立清華大學,02191113,藝術學院學士班,D 日,B 學士,160,113
2,國立清華大學,02299010,人文社會學院學士班,D 日,B 學士,338,113
2,國立清華大學,02311002,外國語文學系,D 日,B 學士,187,113
2,國立清華大學,02322003,中國文學系,D 日,B 學士,224,113
2,國立清華大學,03111011,經濟學系,D 日,B 學士,476,113
2,國立清華大學,03131077,教育心理與諮商學系,D 日,B 學士,199,113
2,國立清華大學,04121020,計量財務金融學系,D 日,B 學士,262,113
2,國立清華大學,04199023,科技管理學院學士班,D 日,B 學士,360,113
2,國立清華大學,05121025,生命科學系,D 日,B 學士,197,113
2,國立清華大學,05199142,生命科學暨醫學院學士班,D 日,B 學士,133,113
2,國立清華大學,05211102,環境與文化資源學系,D 日,B 學士,1,113
2,國立清華大學,05311037,化學系,D 日,B 學士,279,113
2,國立清華大學,05331038,物理學系,D 日,B 學士,292,113
2,國立清華大學,05399042,理學院學士班,D 日,B 學士,153,113
2,國立清華大學,05411043,數學系,D 日,B 學士,285,113
2,國立清華大學,06131053,資訊工程學系,D 日,B 學士,594,113
2,國立清華大學,07111057,化學工程學系,D 日,B 學士,240,113
2,國立清華大學,07112058,材料科學工程學系,D 日,B 學士,431,113
2,國立清華大學,07112071,工學院學士班,D 日,B 學士,195,113
2,國立清華大學,07141049,電機工程學系,D 日,B 學士,504,113
2,國立清華大學,07141055,電機資訊學院學士班,D 日,B 學士,326,113
2,國立清華大學,07151056,動力機械工程學系,D 日,B 學士,473,113
2,國立清華大學,07191061,工業工程與工程管理學系,D 日,B 學士,294,113
2,國立清華大學,07193063,生醫工程與環境科學系,D 日,B 學士,176,113
2,國立清華大學,07194066,工程與系統科學系,D 日,B 學士,415,113
2,國立清華大學,07194069,原子科學院學士班,D 日,B 學士,116,113
2,國立清華大學,09121073,醫學科學系,D 日,B 學士,153,113
2,國立清華大學,09121140,學士後醫學系,D 日,B 學士,67,113
2,國立清華大學,99999075,清華學院學士班,D 日,B 學士,92,113
2,國立清華大學,99999120,清華學院國際學士班,D 日,B 學士,232,113
3,國立臺灣大學,02152003,戲劇學系,D 日,B 學士,169,113
3,國立臺灣大學,02221012,歷史學系,D 日,B 學士,259,113
3,國立臺灣大學,02222013,人類學系,D 日,B 學士,195,113
3,國立臺灣大學,02231014,哲學系,D 日,B 學士,190,113
3,國立臺灣大學,02311007,外國語文學系,D 日,B 學士,564,113
3,國立臺灣大學,02311009,日本語文學系,D 日,B 學士,271,113
3,國立臺灣大學,02322006,中國文學系,D 日,B 學士,298,113
3,國立臺灣大學,03111015,經濟學系,D 日,B 學士,668,113
3,國立臺灣大學,03121016,政治學系,D 日,B 學士,756,113
3,國立臺灣大學,03131019,心理學系,D 日,B 學士,308,113
3,國立臺灣大學,03141018,社會學系,D 日,B 學士,229,113
3,國立臺灣大學,03142021,地理環境資源學系,D 日,B 學士,150,113
3,國立臺灣大學,03222025,圖書資訊學系,D 日,B 學士,218,113
3,國立臺灣大學,04111027,會計學系,D 日,B 學士,550,113
3,國立臺灣大學,04121032,財務金融學系,D 日,B 學士,541,113
3,國立臺灣大學,04131029,工商管理學系,D 日,B 學士,450,113
3,國立臺灣大學,04131031,國際企業學系,D 日,B 學士,407,113
3,國立臺灣大學,04211035,法律學系,D 日,B 學士,796,113
3,國立臺灣大學,05111038,生命科學系,D 日,B 學士,259,113
3,國立臺灣大學,05111041,昆蟲學系,D 日,B 學士,135,113
3,國立臺灣大學,05121151,生化科技學系,D 日,B 學士,223,113
3,國立臺灣大學,05121179,生物科技與食品營養學士學位學程,D 日,B 學士,33,113
3,國立臺灣大學,05311051,化學系,D 日,B 學士,279,113
3,國立臺灣大學,05321052,地質科學系,D 日,B 學士,141,113
3,國立臺灣大學,05322056,大氣科學系,D 日,B 學士,159,113
3,國立臺灣大學,05331054,物理學系,D 日,B 學士,286,113
3,國立臺灣大學,05411059,數學系,D 日,B 學士,201,113
3,國立臺灣大學,06131062,資訊管理學系,D 日,B 學士,238,113
3,國立臺灣大學,06131067,資訊工程學系,D 日,B 學士,610,113
3,國立臺灣大學,07111076,化學工程學系,D 日,B 學士,459,113
3,國立臺灣大學,07112078,材料科學與工程學系,D 日,B 學士,201,113
3,國立臺灣大學,07141064,電機工程學系,D 日,B 學士,852,113
3,國立臺灣大學,07141182,國際半導體學士學位學程,D 日,B 學士,2,113
3,國立臺灣大學,07151069,機械工程學系,D 日,B 學士,641,113
3,國立臺灣大學,07151082,工程科學及海洋工程學系,D 日,B 學士,226,113
3,國立臺灣大學,07151161,生物機電工程學系,D 日,B 學士,199,113
3,國立臺灣大學,07151180,智慧工程科技全英語學士學位學程,D 日,B 學士,45,113
3,國立臺灣大學,07193083,醫學工程學系,D 日,B 學士,100,113
3,國立臺灣大學,07321074,土木工程學系,D 日,B 學士,472,113
3,國立臺灣大學,07321075,生物環境系統工程學系,D 日,B 學士,196,113
3,國立臺灣大學,08111087,農藝學系,D 日,B 學士,130,113
3,國立臺灣大學,08112089,動物科學技術學系,D 日,B 學士,140,113
3,國立臺灣大學,08121091,園藝暨景觀學系,D 日,B 學士,212,113
3,國立臺灣大學,08191100,農業化學系,D 日,B 學士,175,113
3,國立臺灣大學,08193096,農業經濟學系,D 日,B 學士,187,113
3,國立臺灣大學,08193098,生物產業傳播暨發展學系,D 日,B 學士,255,113
3,國立臺灣大學,08194094,植物病理與微生物學系,D 日,B 學士,125,113
3,國立臺灣大學,08211102,森林環境暨資源學系,D 日,B 學士,263,113
3,國立臺灣大學,08411104,獸醫學系,D 日,B 學士,365,113
3,國立臺灣大學,09111137,牙醫學系,D 日,B 學士,219,113
3,國立臺灣大學,09121107,醫學系,D 日,B 學士,884,113
3,國立臺灣大學,09131134,護理學系,D 日,B 學士,255,113
3,國立臺灣大學,09141136,醫學檢驗暨生物技術學系,D 日,B 學士,166,113
3,國立臺灣大學,09151132,物理治療學系,D 日,B 學士,212,113
3,國立臺灣大學,09152133,職能治療學系,D 日,B 學士,143,113
3,國立臺灣大學,09161129,藥學系,D 日,B 學士,287,113
3,國立臺灣大學,09191122,公共衛生學系,D 日,B 學士,155,113
3,國立臺灣大學,09231144,社會工作學系,D 日,B 學士,221,113
3,國立臺灣大學,10152171,國際體育運動事務學士學位學程,D 日,B 學士,38,113
3,國立臺灣大學,99999172,創新領域學士學位學程,D 日,B 學士,24,113
4,國立臺灣師範大學,01111001,教育學系,D 日,B 學士,280,113
4,國立臺灣師範大學,01113018,特殊教育學系,D 日,B 學士,175,113
4,國立臺灣師範大學,01116079,學習科學學士學位學程,D 日,B 學士,73,113
4,國立臺灣師範大學,01131004,公民教育與活動領導學系,D 日,B 學士,378,113
4,國立臺灣師範大學,01131009,社會教育學系,D 日,B 學士,225,113
4,國立臺灣師範大學,01131017,健康促進與衛生教育學系,D 日,B 學士,166,113
4,國立臺灣師範大學,01141010,工業教育學系,D 日,B 學士,123,113
4,國立臺灣師範大學,01141087,體育與運動科學系,D 日,B 學士,252,113
4,國立臺灣師範大學,01141090,幼兒與家庭科學學系,D 日,B 學士,303,113
4,國立臺灣師範大學,01199021,教育學院學士班,D 日,B 學士,54,113
4,國立臺灣師範大學,01199022,科技應用與人力資源發展學系,D 日,B 學士,263,113
4,國立臺灣師範大學,02112037,設計學系,D 日,B 學士,173,113
4,國立臺灣師範大學,02131023,美術學系,D 日,B 學士,206,113
4,國立臺灣師範大學,02151024,音樂學系,D 日,B 學士,264,113
4,國立臺灣師範大學,02152027,表演藝術學士學位學程,D 日,B 學士,94,113
4,國立臺灣師範大學,02221035,歷史學系,D 日,B 學士,252,113
4,國立臺灣師範大學,02311033,英語學系,D 日,B 學士,350,113
4,國立臺灣師範大學,02313005,華語文教學系,D 日,B 學士,401,113
4,國立臺灣師範大學,02321028,臺灣語文學系,D 日,B 學士,98,113
4,國立臺灣師範大學,02322029,國文學系,D 日,B 學士,436,113
4,國立臺灣師範大學,03131003,教育心理與輔導學系,D 日,B 學士,195,113
4,國立臺灣師範大學,03142041,地理學系,D 日,B 學士,349,113
4,國立臺灣師範大學,03143042,東亞學系,D 日,B 學士,243,113
4,國立臺灣師範大學,03143095,全球研究全英語學士學位學程,D 日,B 學士,17,113
4,國立臺灣師範大學,03214050,圖文傳播學系,D 日,B 學士,199,113
4,國立臺灣師範大學,04131051,企業管理學系,D 日,B 學士,244,113
4,國立臺灣師範大學,05111056,生命科學系,D 日,B 學士,241,113
4,國立臺灣師範大學,05191083,營養科學學士學位學程,D 日,B 學士,133,113
4,國立臺灣師範大學,05311059,化學系,D 日,B 學士,318,113
4,國立臺灣師範大學,05321060,地球科學系,D 日,B 學士,164,113
4,國立臺灣師範大學,05331061,物理學系,D 日,B 學士,284,113
4,國立臺灣師範大學,05411062,數學系,D 日,B 學士,375,113
4,國立臺灣師範大學,06131065,資訊工程學系,D 日,B 學士,256,113
4,國立臺灣師範大學,07141063,電機工程學系,D 日,B 學士,240,113
4,國立臺灣師範大學,07141080,光電工程學士學位學程,D 日,B 學士,86,113
4,國立臺灣師範大學,07151068,機電工程學系,D 日,B 學士,294,113
4,國立臺灣師範大學,07161081,車輛與能源工程學士學位學程,D 日,B 學士,106,113
4,國立臺灣師範大學,10141074,運動競技學系,D 日,B 學士,277,113
5,國立成功大學,02123113,工業設計學系,D 日,B 學士,195,113
5,國立成功大學,02221110,歷史學系,D 日,B 學士,228,113
5,國立成功大學,02311108,外國語文學系,D 日,B 學士,283,113
5,國立成功大學,02321106,台灣文學系,D 日,B 學士,182,113
5,國立成功大學,02322107,中國文學系,D 日,B 學士,232,113
5,國立成功大學,03111114,經濟學系,D 日,B 學士,272,113
5,國立成功大學,03121115,政治學系,D 日,B 學士,258,113
5,國立成功大學,03131117,心理學系,D 日,B 學士,288,113
5,國立成功大學,04111120,會計學系,D 日,B 學士,239,113
5,國立成功大學,04131121,企業管理學系,D 日,B 學士,226,113
5,國立成功大學,04199057,工業與資訊管理學系,D 日,B 學士,250,113
5,國立成功大學,04212001,法律學系,D 日,B 學士,303,113
5,國立成功大學,05111003,生命科學系,D 日,B 學士,196,113
5,國立成功大學,05121008,生物科技與產業科學系,D 日,B 學士,192,113
5,國立成功大學,05311017,化學系,D 日,B 學士,266,113
5,國立成功大學,05321019,地球科學系,D 日,B 學士,167,113
5,國立成功大學,05331021,物理學系,D 日,B 學士,237,113
5,國立成功大學,05411027,數學系,D 日,B 學士,226,113
5,國立成功大學,05421029,統計學系,D 日,B 學士,250,113
5,國立成功大學,06131036,資訊工程學系,D 日,B 學士,555,113
5,國立成功大學,07111050,化學工程學系,D 日,B 學士,567,113
5,國立成功大學,07112063,材料科學及工程學系,D 日,B 學士,439,113
5,國立成功大學,07121070,環境工程學系,D 日,B 學士,211,113
5,國立成功大學,07122026,水利及海洋工程學系,D 日,B 學士,200,113
5,國立成功大學,07132052,能源工程國際學士學位學程,D 日,B 學士,110,113
5,國立成功大學,07141032,電機工程學系,D 日,B 學士,726,113
5,國立成功大學,07141035,光電科學與工程學系,D 日,B 學士,246,113
5,國立成功大學,07141071,工程科學系,D 日,B 學士,287,113
5,國立成功大學,07151042,機械工程學系,D 日,B 學士,702,113
5,國立成功大學,07162043,航空太空工程學系,D 日,B 學士,268,113
5,國立成功大學,07163044,系統及船舶機電工程學系,D 日,B 學士,228,113
5,國立成功大學,07193061,生物醫學工程學系,D 日,B 學士,160,113
5,國立成功大學,07241064,資源工程學系,D 日,B 學士,190,113
5,國立成功大學,07311075,建築學系,D 日,B 學士,308,113
5,國立成功大學,07313076,都市計劃學系,D 日,B 學士,186,113
5,國立成功大學,07321049,土木工程學系,D 日,B 學士,459,113
5,國立成功大學,07322067,測量及空間資訊學系,D 日,B 學士,207,113
5,國立成功大學,09111130,牙醫學系,D 日,B 學士,157,113
5,國立成功大學,09121077,醫學系,D 日,B 學士,505,113
5,國立成功大學,09131090,護理學系,D 日,B 學士,134,113
5,國立成功大學,09141094,醫學檢驗生物技術學系,D 日,B 學士,133,113
5,國立成功大學,09151082,物理治療學系,D 日,B 學士,149,113
5,國立成功大學,09152089,職能治療學系,D 日,B 學士,119,113
5,國立成功大學,09161086,藥學系,D 日,B 學士,190,113
5,國立成功大學,09191079,公共衛生學系,D 日,B 學士,8,113
5,國立成功大學,10411098,交通管理科學系,D 日,B 學士,198,113
5,國立成功大學,99999102,全校不分系學士學位學程,D 日,B 學士,92,113
6,國立中興大學,02221007,歷史學系,D 日,B 學士,248,113
6,國立中興大學,02299109,數位人文與文創產業進修學士學位學程,P 進,B 學士,135,113
6,國立中興大學,02311006,外國語文學系,D 日,B 學士,240,113
6,國立中興大學,02311006,外國語文學系,P 進,B 學士,162,113
6,國立中興大學,02321103,台灣人文創新學士學位學程,D 日,B 學士,71,113
6,國立中興大學,02322005,中國文學系,D 日,B 學士,227,113
6,國立中興大學,02322005,中國文學系,P 進,B 學士,141,113
6,國立中興大學,03111009,應用經濟學系,D 日,B 學士,194,113
6,國立中興大學,04111015,會計學系,D 日,B 學士,176,113
6,國立中興大學,04121019,財務金融學系,D 日,B 學士,222,113
6,國立中興大學,04131016,企業管理學系,D 日,B 學士,231,113
6,國立中興大學,04131018,創新產業經營學士學位學程,P 進,B 學士,190,113
6,國立中興大學,04143020,行銷學系,D 日,B 學士,221,113
6,國立中興大學,04211023,法律學系,D 日,B 學士,189,113
6,國立中興大學,05111026,生命科學系,D 日,B 學士,363,113
6,國立中興大學,05111029,昆蟲學系,D 日,B 學士,200,113
6,國立中興大學,05121031,生物科技學士學位學程,D 日,B 學士,128,113
6,國立中興大學,05292082,水土保持學系,D 日,B 學士,224,113
6,國立中興大學,05311039,化學系,D 日,B 學士,250,113
6,國立中興大學,05331040,物理學系,D 日,B 學士,255,113
6,國立中興大學,05411041,應用數學系,D 日,B 學士,352,113
6,國立中興大學,06131043,資訊管理學系,D 日,B 學士,128,113
6,國立中興大學,06131108,資訊工程學系,D 日,B 學士,148,113
6,國立中興大學,07111055,化學工程學系,D 日,B 學士,211,113
6,國立中興大學,07112057,材料科學與工程學系,D 日,B 學士,225,113
6,國立中興大學,07121059,環境工程學系,D 日,B 學士,201,113
6,國立中興大學,07141045,電機工程學系,D 日,B 學士,277,113
6,國立中興大學,07141102,電機資訊學院學士班,D 日,B 學士,131,113
6,國立中興大學,07151050,機械工程學系,D 日,B 學士,400,113
6,國立中興大學,07151052,生物產業機電工程學系,D 日,B 學士,232,113
6,國立中興大學,07199107,智慧創意工程學士學位學程,D 日,B 學士,56,113
6,國立中興大學,07211081,食品暨應用生物科技學系,D 日,B 學士,219,113
6,國立中興大學,07312061,景觀與遊憩學士學位學程,D 日,B 學士,77,113
6,國立中興大學,07321054,土木工程學系,D 日,B 學士,375,113
6,國立中興大學,08111063,農藝學系,D 日,B 學士,199,113
6,國立中興大學,08112066,動物科學系,D 日,B 學士,206,113
6,國立中興大學,08121067,園藝學系,D 日,B 學士,172,113
6,國立中興大學,08191083,土壤環境科學系,D 日,B 學士,183,113
6,國立中興大學,08193076,生物產業管理進修學士學位學程,P 進,B 學士,181,113
6,國立中興大學,08193078,國際農企業學士學位學程,D 日,B 學士,93,113
6,國立中興大學,08194068,植物病理學系,D 日,B 學士,195,113
6,國立中興大學,08211086,森林學系,D 日,B 學士,271,113
6,國立中興大學,08411087,獸醫學系,D 日,B 學士,373,113
6,國立中興大學,09121110,學士後醫學系,D 日,B 學士,69,113
7,國立陽明交通大學,02299008,人文社會學系,D 日,B 學士,206,113
7,國立陽明交通大學,02311005,外國語文學系,D 日,B 學士,210,113
7,國立陽明交通大學,03211015,傳播與科技學系,D 日,B 學士,165,113
7,國立陽明交通大學,04121020,資訊管理與財務金融學系,D 日,B 學士,190,113
7,國立陽明交通大學,04131018,管理科學系,D 日,B 學士,226,113
7,國立陽明交通大學,05121028,生物科技學系,D 日,B 學士,284,113
7,國立陽明交通大學,05121112,生命科學系暨基因體科學研究所,D 日,B 學士,115,113
7,國立陽明交通大學,05199163,學士班大一大二不分系,D 日,B 學士,19,113
7,國立陽明交通大學,05311036,應用化學系,D 日,B 學士,205,113
7,國立陽明交通大學,05331041,電子物理學系,D 日,B 學士,247,113
7,國立陽明交通大學,05399044,理學院科學學士學位學程,D 日,B 學士,2,113
7,國立陽明交通大學,05411045,應用數學系,D 日,B 學士,212,113
7,國立陽明交通大學,06131058,資訊工程學系,D 日,B 學士,818,113
7,國立陽明交通大學,07112072,材料科學與工程學系,D 日,B 學士,215,113
7,國立陽明交通大學,07141050,電機工程學系,D 日,B 學士,1079,113
7,國立陽明交通大學,07141055,光電工程學系,D 日,B 學士,148,113
7,國立陽明交通大學,07141074,奈米科學及工程學士學位學程,D 日,B 學士,0,113
7,國立陽明交通大學,07141179,學士後電子與光子學士學位學程,D 日,B 學士,162,113
7,國立陽明交通大學,07141184,半導體工程學系,D 日,B 學士,217,113
7,國立陽明交通大學,07151070,機械工程學系,D 日,B 學士,422,113
7,國立陽明交通大學,07191075,工業工程與管理學系,D 日,B 學士,255,113
7,國立陽明交通大學,07193122,生物醫學工程學系,D 日,B 學士,114,113
7,國立陽明交通大學,07193172,數位醫療學士學位學程,D 日,B 學士,1,113
7,國立陽明交通大學,07199102,系統工程與科技學士學位學程,D 日,B 學士,589,113
7,國立陽明交通大學,07321071,土木工程學系,D 日,B 學士,329,113
7,國立陽明交通大學,09111160,牙醫學系,D 日,B 學士,253,113
7,國立陽明交通大學,09121125,醫學系,D 日,B 學士,879,113
7,國立陽明交通大學,09121183,中醫學系,D 日,B 學士,28,113
7,國立陽明交通大學,09131149,護理學系,D 日,B 學士,152,113
7,國立陽明交通大學,09141158,醫學生物技術暨檢驗學系,D 日,B 學士,152,113
7,國立陽明交通大學,09141159,生物醫學影像暨放射科學系,D 日,B 學士,141,113
7,國立陽明交通大學,09151148,物理治療暨輔助科技學系,D 日,B 學士,231,113
7,國立陽明交通大學,09161142,藥學系,D 日,B 學士,177,113
7,國立陽明交通大學,10411086,運輸與物流管理學系,D 日,B 學士,193,113
7,國立陽明交通大學,99999096,百川學士學位學程,D 日,B 學士,135,113
8,國立中央大學,02299080,文學院學士班,D 日,B 學士,80,113
8,國立中央大學,02311007,英美語文學系,D 日,B 學士,192,113
8,國立中央大學,02311008,法國語文學系,D 日,B 學士,198,113
8,國立中央大學,02322006,中國文學系,D 日,B 學士,188,113
8,國立中央大學,03111013,經濟學系,D 日,B 學士,265,113
8,國立中央大學,03199020,客家語文暨社會科學學系,D 日,B 學士,141,113
8,國立中央大學,04121024,財務金融學系,D 日,B 學士,275,113
8,國立中央大學,04131023,企業管理學系,D 日,B 學士,414,113
8,國立中央大學,05121031,生命科學系,D 日,B 學士,162,113
8,國立中央大學,05311035,化學學系,D 日,B 學士,152,113
8,國立中央大學,05321036,地球科學學系,D 日,B 學士,184,113
8,國立中央大學,05321078,地球科學學院學士班,D 日,B 學士,67,113
8,國立中央大學,05322044,大氣科學學系,D 日,B 學士,127,113
8,國立中央大學,05322079,太空科學與工程學系,D 日,B 學士,130,113
8,國立中央大學,05331042,物理學系,D 日,B 學士,187,113
8,國立中央大學,05399050,理學院學士班,D 日,B 學士,74,113
8,國立中央大學,05411051,數學系,D 日,B 學士,314,113
8,國立中央大學,06131053,資訊管理學系,D 日,B 學士,421,113
8,國立中央大學,06131059,資訊工程學系,D 日,B 學士,429,113
8,國立中央大學,07111069,化學工程與材料工程學系,D 日,B 學士,219,113
8,國立中央大學,07141055,電機工程學系,D 日,B 學士,445,113
8,國立中央大學,07141057,光電科學與工程學系,D 日,B 學士,202,113
8,國立中央大學,07141060,通訊工程學系,D 日,B 學士,191,113
8,國立中央大學,07141077,資訊電機學院學士班,D 日,B 學士,95,113
8,國立中央大學,07151064,機械工程學系,D 日,B 學士,545,113
8,國立中央大學,07193074,生醫科學與工程學系,D 日,B 學士,123,113
8,國立中央大學,07194076,工學院學士班,D 日,B 學士,99,113
8,國立中央大學,07321067,土木工程學系,D 日,B 學士,356,113
9,國立中山大學,02151002,音樂學系,D 日,B 學士,153,113
9,國立中山大學,02152003,劇場藝術學系,D 日,B 學士,206,113
9,國立中山大學,02311006,外國語文學系,D 日,B 學士,211,113
9,國立中山大學,02322005,中國文學系,D 日,B 學士,197,113
9,國立中山大學,03141013,社會學系,D 日,B 學士,172,113
9,國立中山大學,04121024,財務管理學系,D 日,B 學士,216,113
9,國立中山大學,04131021,企業管理學系,D 日,B 學士,346,113
9,國立中山大學,04131022,國際經營管理全英語學士學位學程,D 日,B 學士,100,113
9,國立中山大學,04134010,政治經濟學系,D 日,B 學士,219,113
9,國立中山大學,05111033,生物科學系,D 日,B 學士,195,113
9,國立中山大學,05121044,海洋生物科技暨資源學系,D 日,B 學士,134,113
9,國立中山大學,05121089,生物醫學科技學系全英語學士班,D 日,B 學士,28,113
9,國立中山大學,05311037,化學系,D 日,B 學士,224,113
9,國立中山大學,05323047,海洋科學系,D 日,B 學士,119,113
9,國立中山大學,05331038,物理學系,D 日,B 學士,211,113
9,國立中山大學,05411051,應用數學系,D 日,B 學士,205,113
9,國立中山大學,06111055,資訊工程學系,D 日,B 學士,299,113
9,國立中山大學,06131052,資訊管理學系,D 日,B 學士,201,113
9,國立中山大學,07112063,材料與光電科學學系,D 日,B 學士,210,113
9,國立中山大學,07122065,海洋環境及工程學系,D 日,B 學士,171,113
9,國立中山大學,07141053,電機工程學系,D 日,B 學士,486,113
9,國立中山大學,07141054,光電工程學系,D 日,B 學士,196,113
9,國立中山大學,07151061,機械與機電工程學系,D 日,B 學士,449,113
9,國立中山大學,09121083,學士後醫學系,D 日,B 學士,66,113
9,國立中山大學,99999071,人文暨科技跨領域學士學位學程,D 日,B 學士,119,113
12,國立臺灣海洋大學,02122005,海洋文創設計產業學士學位學程,D 日,B 學士,139,113
12,國立臺灣海洋大學,04199055,海洋觀光管理學士學位學程,D 日,B 學士,163,113
12,國立臺灣海洋大學,04199056,海洋經營管理學士學位學程,D 日,B 學士,137,113
12,國立臺灣海洋大學,04212010,海洋法政學士學位學程,D 日,B 學士,149,113
12,國立臺灣海洋大學,05121014,生命科學暨生物科技學系,D 日,B 學士,188,113
12,國立臺灣海洋大學,05121018,海洋生物科技學士學位學程,D 日,B 學士,117,113
12,國立臺灣海洋大學,05323020,海洋環境資訊系,D 日,B 學士,167,113
12,國立臺灣海洋大學,06131028,資訊工程學系,D 日,B 學士,497,113
12,國立臺灣海洋大學,07122040,河海工程學系,D 日,B 學士,342,113
12,國立臺灣海洋大學,07122041,海洋工程科技學士學位學程,D 日,B 學士,102,113
12,國立臺灣海洋大學,07141025,電機工程學系,D 日,B 學士,417,113
12,國立臺灣海洋大學,07141027,光電與材料科技學系,D 日,B 學士,148,113
12,國立臺灣海洋大學,07141030,通訊與導航工程學系,D 日,B 學士,234,113
12,國立臺灣海洋大學,07151036,機械與機電工程學系,D 日,B 學士,395,113
12,國立臺灣海洋大學,07163033,系統工程暨造船學系,D 日,B 學士,205,113
12,國立臺灣海洋大學,07163035,輪機工程學系,D 日,B 學士,393,113
12,國立臺灣海洋大學,07163035,輪機工程學系,P 進,B 學士,72,113
12,國立臺灣海洋大學,07211042,食品科學系,D 日,B 學士,416,113
12,國立臺灣海洋大學,07211042,食品科學系,P 進,B 學士,47,113
12,國立臺灣海洋大學,08311045,環境生物與漁業科學學系,D 日,B 學士,187,113
12,國立臺灣海洋大學,08312046,水產養殖學系,D 日,B 學士,381,113
12,國立臺灣海洋大學,10411050,運輸科學系,D 日,B 學士,367,113
12,國立臺灣海洋大學,10412048,航運管理學系,D 日,B 學士,454,113
12,國立臺灣海洋大學,10412048,航運管理學系,P 進,B 學士,253,113
12,國立臺灣海洋大學,10414052,商船學系,D 日,B 學士,463,113
12,國立臺灣海洋大學,10414052,商船學系,P 進,B 學士,131,113
13,國立中正大學,01112005,成人及繼續教育學系,D 日,B 學士,115,113
13,國立中正大學,02221015,歷史學系,D 日,B 學士,183,113
13,國立中正大學,02231016,哲學系,D 日,B 學士,205,113
13,國立中正大學,02311012,外國語文學系,D 日,B 學士,217,113
13,國立中正大學,02322011,中國文學系,D 日,B 學士,171,113
13,國立中正大學,03111017,經濟學系,D 日,B 學士,401,113
13,國立中正大學,03121018,政治學系,D 日,B 學士,180,113
13,國立中正大學,03131019,心理學系,D 日,B 學士,208,113
13,國立中正大學,03191025,勞工關係學系,D 日,B 學士,192,113
13,國立中正大學,03199026,犯罪防治學系,D 日,B 學士,150,113
13,國立中正大學,03211028,傳播學系,D 日,B 學士,203,113
13,國立中正大學,04111032,會計與資訊科技學系,D 日,B 學士,212,113
13,國立中正大學,04121034,財務金融學系,D 日,B 學士,320,113
13,國立中正大學,04131033,企業管理學系,D 日,B 學士,344,113
13,國立中正大學,04211039,法律學系,D 日,B 學士,337,113
13,國立中正大學,04212040,財經法律學系,D 日,B 學士,185,113
13,國立中正大學,05121075,生物醫學科學系,D 日,B 學士,163,113
13,國立中正大學,05311045,化學暨生物化學系,D 日,B 學士,207,113
13,國立中正大學,05321047,地球與環境科學系,D 日,B 學士,162,113
13,國立中正大學,05331067,物理學系,D 日,B 學士,202,113
13,國立中正大學,05411049,數學系,D 日,B 學士,185,113
13,國立中正大學,06131053,資訊管理學系,D 日,B 學士,189,113
13,國立中正大學,06131055,資訊工程學系,D 日,B 學士,392,113
13,國立中正大學,07111061,化學工程學系,D 日,B 學士,192,113
13,國立中正大學,07141054,電機工程學系,D 日,B 學士,328,113
13,國立中正大學,07141056,通訊工程學系,D 日,B 學士,186,113
13,國立中正大學,07151058,機械工程學系,D 日,B 學士,395,113
13,國立中正大學,09231063,社會福利學系,D 日,B 學士,200,113
13,國立中正大學,10141064,運動競技學系,D 日,B 學士,112,113
13,國立中正大學,99999079,紫荊不分系學士學位學程,D 日,B 學士,83,113
14,國立高雄師範大學,01111001,教育學系,D 日,B 學士,137,113
14,國立高雄師範大學,01113010,特殊教育學系,D 日,B 學士,152,113
14,國立高雄師範大學,01141003,工業科技教育學系,D 日,B 學士,142,113
14,國立高雄師範大學,01141005,體育學系,D 日,B 學士,208,113
14,國立高雄師範大學,02112022,視覺設計學系,D 日,B 學士,149,113
14,國立高雄師範大學,02123024,工業設計學系,D 日,B 學士,141,113
14,國立高雄師範大學,02131012,美術學系,D 日,B 學士,177,113
14,國立高雄師範大學,02141055,藝術產業學士原住民專班,D 日,B 學士,129,113
14,國立高雄師範大學,02151013,音樂學系,D 日,B 學士,111,113
14,國立高雄師範大學,02311021,英語學系,D 日,B 學士,346,113
14,國立高雄師範大學,02321057,語言與文化學士原住民專班,D 日,B 學士,105,113
14,國立高雄師範大學,02322019,國文學系,D 日,B 學士,370,113
14,國立高雄師範大學,03142030,地理學系,D 日,B 學士,151,113
14,國立高雄師範大學,04131032,事業經營學系,D 日,B 學士,143,113
14,國立高雄師範大學,05121034,生物科技系,D 日,B 學士,159,113
14,國立高雄師範大學,05311036,化學系,D 日,B 學士,154,113
14,國立高雄師範大學,05331037,物理學系,D 日,B 學士,160,113
14,國立高雄師範大學,05411038,數學系,D 日,B 學士,298,113
14,國立高雄師範大學,06132039,軟體工程與管理學系,D 日,B 學士,138,113
14,國立高雄師範大學,07141041,電子工程學系,D 日,B 學士,190,113
14,國立高雄師範大學,07141060,電機工程學系,D 日,B 學士,175,113
14,國立高雄師範大學,10141056,運動競技與產業學士原住民專班,D 日,B 學士,144,113
15,國立彰化師範大學,01113012,特殊教育學系,D 日,B 學士,251,113
15,國立彰化師範大學,01131006,公共事務與公民教育學系,D 日,B 學士,162,113
15,國立彰化師範大學,01141011,運動學系,D 日,B 學士,247,113
15,國立彰化師範大學,02131017,美術學系,D 日,B 學士,179,113
15,國立彰化師範大學,02311020,英語學系,D 日,B 學士,220,113
15,國立彰化師範大學,02322019,國文學系,D 日,B 學士,326,113
15,國立彰化師範大學,03131025,輔導與諮商學系,D 日,B 學士,335,113
15,國立彰化師範大學,03142027,地理學系,D 日,B 學士,187,113
15,國立彰化師範大學,04111028,會計學系,D 日,B 學士,333,113
15,國立彰化師範大學,04121031,財務金融技術學系,D 日,B 學士,143,113
15,國立彰化師範大學,04131029,企業管理學系,D 日,B 學士,201,113
15,國立彰化師範大學,05111034,生物學系,D 日,B 學士,155,113
15,國立彰化師範大學,05311035,化學系,D 日,B 學士,209,113
15,國立彰化師範大學,05331037,物理學系,D 日,B 學士,324,113
15,國立彰化師範大學,05411038,數學系,D 日,B 學士,319,113
15,國立彰化師範大學,06131040,資訊管理學系,D 日,B 學士,213,113
15,國立彰化師範大學,06131050,資訊工程學系,D 日,B 學士,223,113
15,國立彰化師範大學,07141042,電機工程學系,D 日,B 學士,201,113
15,國立彰化師範大學,07141043,電子工程學系,D 日,B 學士,249,113
15,國立彰化師範大學,07141054,機電工程學系,D 日,B 學士,203,113
15,國立彰化師範大學,07199007,工業教育與技術學系,D 日,B 學士,358,113
15,國立彰化師範大學,09211065,高齡健康促進與照護管理原住民專班,D 日,B 學士,53,113
17,國立臺北大學,02221005,歷史學系,D 日,B 學士,180,113
17,國立臺北大學,02311004,應用外語學系,D 日,B 學士,242,113
17,國立臺北大學,02313046,創新華語文教學學士學位學程,D 日,B 學士,23,113
17,國立臺北大學,02322002,中國文學系,D 日,B 學士,196,113
17,國立臺北大學,03111009,經濟學系,D 日,B 學士,520,113
17,國立臺北大學,03111009,經濟學系,P 進,B 學士,130,113
17,國立臺北大學,03141011,社會學系,D 日,B 學士,215,113
17,國立臺北大學,04111017,會計學系,D 日,B 學士,531,113
17,國立臺北大學,04121022,金融與合作經營學系,D 日,B 學士,268,113
17,國立臺北大學,04121022,金融與合作經營學系,P 進,B 學士,167,113
17,國立臺北大學,04122023,財政學系,D 日,B 學士,289,113
17,國立臺北大學,04122023,財政學系,P 進,B 學士,148,113
17,國立臺北大學,04131018,企業管理學系,D 日,B 學士,523,113
17,國立臺北大學,04131018,企業管理學系,P 進,B 學士,281,113
17,國立臺北大學,04131045,智慧永續發展與管理英語學士學位學程,D 日,B 學士,20,113
17,國立臺北大學,04134013,公共行政暨政策學系,D 日,B 學士,468,113
17,國立臺北大學,04134013,公共行政暨政策學系,P 進,B 學士,251,113
17,國立臺北大學,04134024,不動產與城鄉環境學系,D 日,B 學士,477,113
17,國立臺北大學,04134024,不動產與城鄉環境學系,P 進,B 學士,161,113
17,國立臺北大學,04141026,商學院數位行銷進修學士學位學程,P 進,B 學士,158,113
17,國立臺北大學,04211028,法律學系,D 日,B 學士,837,113
17,國立臺北大學,04211028,法律學系,P 進,B 學士,216,113
17,國立臺北大學,05421033,統計學系,D 日,B 學士,250,113
17,國立臺北大學,06131036,資訊工程學系,D 日,B 學士,232,113
17,國立臺北大學,07141035,電機工程學系,D 日,B 學士,199,113
17,國立臺北大學,07141037,通訊工程學系,D 日,B 學士,150,113
17,國立臺北大學,09231041,社會工作學系,D 日,B 學士,218,113
17,國立臺北大學,09231041,社會工作學系,P 進,B 學士,199,113
17,國立臺北大學,10152042,休閒運動管理學系,D 日,B 學士,230,113
18,國立嘉義大學,01111001,教育學系,D 日,B 學士,162,113
18,國立嘉義大學,01113017,特殊教育學系,D 日,B 學士,162,113
18,國立嘉義大學,01116021,數位學習設計與管理學系,D 日,B 學士,184,113
18,國立嘉義大學,01121016,幼兒教育學系,D 日,B 學士,204,113
18,國立嘉義大學,01141113,體育與健康休閒學系,D 日,B 學士,204,113
18,國立嘉義大學,02131025,視覺藝術學系,D 日,B 學士,174,113
18,國立嘉義大學,02151024,音樂學系,D 日,B 學士,150,113
18,國立嘉義大學,02221033,應用歷史學系,D 日,B 學士,194,113
18,國立嘉義大學,02311031,外國語言學系,D 日,B 學士,391,113
18,國立嘉義大學,02322029,中國文學系,D 日,B 學士,202,113
18,國立嘉義大學,02322029,中國文學系,P 進,B 學士,48,113
18,國立嘉義大學,03111034,應用經濟學系,D 日,B 學士,207,113
18,國立嘉義大學,03131035,輔導與諮商學系,D 日,B 學士,225,113
18,國立嘉義大學,04121041,財務金融學系,D 日,B 學士,210,113
18,國立嘉義大學,04121041,財務金融學系,P 進,B 學士,163,113
18,國立嘉義大學,04131038,企業管理學系,D 日,B 學士,225,113
18,國立嘉義大學,04131038,企業管理學系,P 進,B 學士,156,113
18,國立嘉義大學,04131116,科技管理學系,D 日,B 學士,203,113
18,國立嘉義大學,04131116,科技管理學系,P 進,B 學士,52,113
18,國立嘉義大學,04143044,行銷與觀光管理學系,D 日,B 學士,183,113
18,國立嘉義大學,05111052,生物資源學系,D 日,B 學士,165,113
18,國立嘉義大學,05121053,生化科技學系,D 日,B 學士,194,113
18,國立嘉義大學,05199058,微生物免疫與生物藥學系,D 日,B 學士,184,113
18,國立嘉義大學,05311059,應用化學系,D 日,B 學士,211,113
18,國立嘉義大學,05331061,電子物理學系,D 日,B 學士,216,113
18,國立嘉義大學,05411062,應用數學系,D 日,B 學士,177,113
18,國立嘉義大學,06131063,資訊管理學系,D 日,B 學士,225,113
18,國立嘉義大學,06131066,資訊工程學系,D 日,B 學士,230,113
18,國立嘉義大學,07141064,電機工程學系,D 日,B 學士,206,113
18,國立嘉義大學,07151067,生物機電工程學系,D 日,B 學士,211,113
18,國立嘉義大學,07151067,生物機電工程學系,P 進,B 學士,103,113
18,國立嘉義大學,07151069,機械與能源工程學系,D 日,B 學士,193,113
18,國立嘉義大學,07211088,食品科學系,D 日,B 學士,195,113
18,國立嘉義大學,07211088,食品科學系,P 進,B 學士,139,113
18,國立嘉義大學,07312072,景觀學系,D 日,B 學士,145,113
18,國立嘉義大學,07321070,土木與水資源工程學系,D 日,B 學士,193,113
18,國立嘉義大學,07321070,土木與水資源工程學系,P 進,B 學士,111,113
18,國立嘉義大學,08111074,農藝學系,D 日,B 學士,155,113
18,國立嘉義大學,08112079,動物科學系,D 日,B 學士,171,113
18,國立嘉義大學,08112079,動物科學系,P 進,B 學士,97,113
18,國立嘉義大學,08121080,園藝學系,D 日,B 學士,165,113
18,國立嘉義大學,08121080,園藝學系,P 進,B 學士,94,113
18,國立嘉義大學,08192117,農業生物科技學系,D 日,B 學士,154,113
18,國立嘉義大學,08194084,植物醫學系,D 日,B 學士,132,113
18,國立嘉義大學,08199076,農場管理進修學士學位學程,P 進,B 學士,308,113
18,國立嘉義大學,08211096,森林暨自然資源學系,D 日,B 學士,145,113
18,國立嘉義大學,08211106,木質材料與設計學系,D 日,B 學士,164,113
18,國立嘉義大學,08211106,木質材料與設計學系,P 進,B 學士,86,113
18,國立嘉義大學,08312047,水生生物科學系,D 日,B 學士,161,113
18,國立嘉義大學,08411108,獸醫學系,D 日,B 學士,247,113
18,國立嘉義大學,10152113,體育與健康休閒學系,P 進,B 學士,165,113
19,國立高雄大學,02122036,工藝與創意設計學系,D 日,B 學士,205,113
19,國立高雄大學,02199005,創意設計與建築學系,D 日,B 學士,0,113
19,國立高雄大學,02311002,西洋語文學系,D 日,B 學士,166,113
19,國立高雄大學,02311003,東亞語文學系,D 日,B 學士,245,113
19,國立高雄大學,03111006,應用經濟學系,D 日,B 學士,213,113
19,國立高雄大學,04121011,金融管理學系,D 日,B 學士,0,113
19,國立高雄大學,04121039,財務金融學系,D 日,B 學士,220,113
19,國立高雄大學,04131009,亞太工商管理學系,D 日,B 學士,260,113
19,國立高雄大學,04211015,法律學系,D 日,B 學士,229,113
19,國立高雄大學,04212016,財經法律學系,D 日,B 學士,188,113
19,國立高雄大學,04212017,政治法律學系,D 日,B 學士,212,113
19,國立高雄大學,05111019,生命科學系,D 日,B 學士,189,113
19,國立高雄大學,05311022,應用化學系,D 日,B 學士,200,113
19,國立高雄大學,05331023,應用物理學系,D 日,B 學士,220,113
19,國立高雄大學,05411024,應用數學系,D 日,B 學士,219,113
19,國立高雄大學,06131026,資訊管理學系,D 日,B 學士,253,113
19,國立高雄大學,06131028,資訊工程學系,D 日,B 學士,193,113
19,國立高雄大學,07111030,化學工程及材料工程學系,D 日,B 學士,194,113
19,國立高雄大學,07141027,電機工程學系,D 日,B 學士,508,113
19,國立高雄大學,07311035,建築學系,D 日,B 學士,170,113
19,國立高雄大學,07321029,土木與環境工程學系,D 日,B 學士,212,113
19,國立高雄大學,10141032,運動競技學系,D 日,B 學士,201,113
19,國立高雄大學,10152033,運動健康與休閒學系,D 日,B 學士,263,113
20,國立東華大學,01111001,教育與潛能開發學系,D 日,B 學士,172,113
20,國立東華大學,01113013,特殊教育學系,D 日,B 學士,138,113
20,國立東華大學,01114015,教育行政與管理學系,D 日,B 學士,169,113
20,國立東華大學,01121012,幼兒教育學系,D 日,B 學士,160,113
20,國立東華大學,01141010,體育與運動科學系,D 日,B 學士,200,113
20,國立東華大學,02121019,藝術與設計學系,D 日,B 學士,227,113
20,國立東華大學,02151018,音樂學系,D 日,B 學士,79,113
20,國立東華大學,02191022,藝術創意產業學系,D 日,B 學士,218,113
20,國立東華大學,02199109,原住民族樂舞與藝術學士學位學程,D 日,B 學士,58,113
20,國立東華大學,02221033,歷史學系,D 日,B 學士,229,113
20,國立東華大學,02222042,族群關係與文化學系,D 日,B 學士,123,113
20,國立東華大學,02311029,英美語文學系,D 日,B 學士,191,113
20,國立東華大學,02321028,民族語言與傳播學系,D 日,B 學士,157,113
20,國立東華大學,02322025,中國語文學系,D 日,B 學士,169,113
20,國立東華大學,02323104,華文文學系,D 日,B 學士,189,113
20,國立東華大學,03111034,經濟學系,D 日,B 學士,216,113
20,國立東華大學,03131046,諮商與臨床心理學系,D 日,B 學士,236,113
20,國立東華大學,03141036,社會學系,D 日,B 學士,169,113
20,國立東華大學,03143051,臺灣文化學系,D 日,B 學士,137,113
20,國立東華大學,03191103,民族發展與社會工作學系,D 日,B 學士,99,113
20,國立東華大學,03199040,民族事務與發展學系,D 日,B 學士,0,113
20,國立東華大學,04111056,會計學系,D 日,B 學士,236,113
20,國立東華大學,04111115,管理學院會計與資訊管理國際學士班,D 日,B 學士,37,113
20,國立東華大學,04121061,財務金融學系,D 日,B 學士,266,113
20,國立東華大學,04131059,企業管理學系,D 日,B 學士,241,113
20,國立東華大學,04131060,國際企業學系,D 日,B 學士,219,113
20,國立東華大學,04134054,公共行政學系,D 日,B 學士,154,113
20,國立東華大學,04143119,管理學院數位行銷與服務創新國際學士班,D 日,B 學士,12,113
20,國立東華大學,04191066,管理學院管理科學與財金國際學士學位學程,D 日,B 學士,115,113
20,國立東華大學,04211067,法律學系,D 日,B 學士,208,113
20,國立東華大學,05121069,生命科學系,D 日,B 學士,0,113
20,國立東華大學,05121116,生化暨分子醫學科學系,D 日,B 學士,175,113
20,國立東華大學,05211094,自然資源與環境學系,D 日,B 學士,215,113
20,國立東華大學,05311071,化學系,D 日,B 學士,199,113
20,國立東華大學,05331072,物理學系,D 日,B 學士,228,113
20,國立東華大學,05411074,應用數學系,D 日,B 學士,250,113
20,國立東華大學,05499118,理工學院大數據科學國際學士班,D 日,B 學士,20,113
20,國立東華大學,06131086,資訊工程學系,D 日,B 學士,588,113
20,國立東華大學,06134081,資訊管理學系,D 日,B 學士,266,113
20,國立東華大學,07112090,材料科學與工程學系,D 日,B 學士,239,113
20,國立東華大學,07141083,電機工程學系,D 日,B 學士,264,113
20,國立東華大學,07141085,光電工程學系,D 日,B 學士,194,113
20,國立東華大學,09231041,民族社會工作學士學位學程,D 日,B 學士,91,113
20,國立東華大學,10151091,觀光暨休閒遊憩學系,D 日,B 學士,193,113
20,國立東華大學,99999113,縱谷跨域書院學士學位學程,D 日,B 學士,86,113
21,國立暨南國際大學,01111001,國際文教與比較教育學系,D 日,B 學士,162,113
21,國立暨南國際大學,01111004,諮商心理與人力資源發展學系,D 日,B 學士,203,113
21,國立暨南國際大學,01111050,教育學院學士班,D 日,B 學士,98,113
21,國立暨南國際大學,01114010,教育政策與行政學系,D 日,B 學士,175,113
21,國立暨南國際大學,02221015,歷史學系,D 日,B 學士,160,113
21,國立暨南國際大學,02311014,外國語文學系,D 日,B 學士,174,113
21,國立暨南國際大學,02322013,中國語文學系,D 日,B 學士,194,113
21,國立暨南國際大學,03111016,經濟學系,D 日,B 學士,231,113
21,國立暨南國際大學,03141045,原住民文化產業與社會工作學士學位學程原住民族專班,D 日,B 學士,164,113
21,國立暨南國際大學,03143019,東南亞學系,D 日,B 學士,185,113
21,國立暨南國際大學,04121025,財務金融學系,D 日,B 學士,260,113
21,國立暨南國際大學,04131022,國際企業學系,D 日,B 學士,291,113
21,國立暨南國際大學,04131048,管理學院學士班,D 日,B 學士,161,113
21,國立暨南國際大學,04134020,公共行政與政策學系,D 日,B 學士,229,113
21,國立暨南國際大學,05311027,應用化學系,D 日,B 學士,223,113
21,國立暨南國際大學,06131030,資訊管理學系,D 日,B 學士,294,113
21,國立暨南國際大學,06131034,資訊工程學系,D 日,B 學士,273,113
21,國立暨南國際大學,06199049,科技學院學士班,D 日,B 學士,94,113
21,國立暨南國際大學,07112037,應用材料及光電工程學系,D 日,B 學士,230,113
21,國立暨南國際大學,07141031,電機工程學系,D 日,B 學士,290,113
21,國立暨南國際大學,07321035,土木工程學系,D 日,B 學士,171,113
21,國立暨南國際大學,09131056,護理學系,D 日,B 學士,99,113
21,國立暨南國際大學,09211058,高齡健康與長期照顧管理學士學位學程原住民族專班,D 日,B 學士,17,113
21,國立暨南國際大學,09231038,社會政策與社會工作學系,D 日,B 學士,239,113
21,國立暨南國際大學,10151039,觀光休閒與餐旅管理學系,D 日,B 學士,308,113
28,國立臺北藝術大學,02111018,電影創作學系,D 日,B 學士,220,113
28,國立臺北藝術大學,02111019,動畫學系,D 日,B 學士,193,113
28,國立臺北藝術大學,02131003,美術學系,D 日,B 學士,260,113
28,國立臺北藝術大學,02151005,音樂學系,D 日,B 學士,264,113
28,國立臺北藝術大學,02151006,傳統音樂學系,D 日,B 學士,91,113
28,國立臺北藝術大學,02151032,音樂與影像跨域學士學位學程,D 日,B 學士,107,113
28,國立臺北藝術大學,02152008,戲劇學系,D 日,B 學士,198,113
28,國立臺北藝術大學,02152011,劇場設計學系,D 日,B 學士,157,113
28,國立臺北藝術大學,02152013,舞蹈學系,D 日,B 學士,136,113
28,國立臺北藝術大學,02191023,新媒體藝術學系,D 日,B 學士,163,113
29,國立臺灣藝術大學,02111015,電影學系,D 日,B 學士,214,113
29,國立臺灣藝術大學,02111015,電影學系,P 進,B 學士,134,113
29,國立臺灣藝術大學,02112023,多媒體動畫藝術學系,D 日,B 學士,130,113
29,國立臺灣藝術大學,02112028,視覺傳達設計學系,D 日,B 學士,156,113
29,國立臺灣藝術大學,02112028,視覺傳達設計學系,P 進,B 學士,148,113
29,國立臺灣藝術大學,02131003,美術學系,D 日,B 學士,169,113
29,國立臺灣藝術大學,02131003,美術學系,P 進,B 學士,141,113
29,國立臺灣藝術大學,02131005,書畫藝術學系,D 日,B 學士,134,113
29,國立臺灣藝術大學,02131005,書畫藝術學系,P 進,B 學士,130,113
29,國立臺灣藝術大學,02132006,雕塑學系,D 日,B 學士,168,113
29,國立臺灣藝術大學,02141007,工藝設計學系,D 日,B 學士,144,113
29,國立臺灣藝術大學,02141007,工藝設計學系,P 進,B 學士,157,113
29,國立臺灣藝術大學,02151010,音樂學系,D 日,B 學士,244,113
29,國立臺灣藝術大學,02151010,音樂學系,P 進,B 學士,109,113
29,國立臺灣藝術大學,02151011,中國音樂學系,D 日,B 學士,152,113
29,國立臺灣藝術大學,02151011,中國音樂學系,P 進,B 學士,86,113
29,國立臺灣藝術大學,02152012,戲劇學系,D 日,B 學士,191,113
29,國立臺灣藝術大學,02152012,戲劇學系,P 進,B 學士,194,113
29,國立臺灣藝術大學,02152014,舞蹈學系,D 日,B 學士,147,113
29,國立臺灣藝術大學,02152014,舞蹈學系,P 進,B 學士,115,113
29,國立臺灣藝術大學,02191017,古蹟藝術修護學系,D 日,B 學士,134,113
29,國立臺灣藝術大學,02199030,圖文傳播藝術學系,D 日,B 學士,179,113
29,國立臺灣藝術大學,02199030,圖文傳播藝術學系,P 進,B 學士,155,113
29,國立臺灣藝術大學,02199036,亞太建築空間與文物保存學士學位學程,D 日,B 學士,64,113
29,國立臺灣藝術大學,03213029,廣播電視學系,D 日,B 學士,193,113
29,國立臺灣藝術大學,03213029,廣播電視學系,P 進,B 學士,141,113
30,國立臺東大學,01111001,教育學系,D 日,B 學士,183,113
30,國立臺東大學,01113008,特殊教育學系,D 日,B 學士,151,113
30,國立臺東大學,01121007,幼兒教育學系,D 日,B 學士,278,113
30,國立臺東大學,01121007,幼兒教育學系幼兒教育學士後學位學程教保員專班,P 進,B 學士,50,113
30,國立臺東大學,01141006,體育學系,D 日,B 學士,199,113
30,國立臺東大學,02112005,數位媒體與文教產業學系,D 日,B 學士,154,113
30,國立臺東大學,02131009,美術產業學系,D 日,B 學士,152,113
30,國立臺東大學,02151011,音樂學系,D 日,B 學士,110,113
30,國立臺東大學,02311015,英美語文學系,D 日,B 學士,137,113
30,國立臺東大學,02323013,華語文學系,D 日,B 學士,122,113
30,國立臺東大學,03199017,公共與文化事務學系,D 日,B 學士,185,113
30,國立臺東大學,04131028,資訊管理學系產業管理與數位行銷進修學士班,P 進,B 學士,69,113
30,國立臺東大學,05111020,生命科學系,D 日,B 學士,162,113
30,國立臺東大學,05399021,應用科學系,D 日,B 學士,322,113
30,國立臺東大學,05411024,應用數學系,D 日,B 學士,154,113
30,國立臺東大學,06131028,資訊管理學系,D 日,B 學士,190,113
30,國立臺東大學,06131029,資訊工程學系,D 日,B 學士,372,113
30,國立臺東大學,06199023,綠色與資訊科技學士學位學程,D 日,B 學士,85,113
30,國立臺東大學,07132046,綠能與資訊科技學系,D 日,B 學士,32,113
30,國立臺東大學,09211040,高齡健康與照護管理原住民專班,D 日,B 學士,106,113
30,國立臺東大學,10141034,運動競技學士學位學程,D 日,B 學士,102,113
30,國立臺東大學,10141047,競技與運動科學學系,D 日,B 學士,35,113
30,國立臺東大學,10142035,身心整合與運動休閒產業學系,D 日,B 學士,146,113
30,國立臺東大學,10151031,文化資源與休閒產業學系,D 日,B 學士,171,113
30,國立臺東大學,10151031,文化資源與休閒產業學系產業經營進修學士班,P 進,B 學士,102,113
30,國立臺東大學,99999044,全校不分系學士學位學程,D 日,B 學士,55,113
31,國立宜蘭大學,02311001,外國語文學系,D 日,B 學士,175,113
31,國立宜蘭大學,03111007,應用經濟與管理學系,D 日,B 學士,376,113
31,國立宜蘭大學,07111023,化學工程與材料工程學系,D 日,B 學士,385,113
31,國立宜蘭大學,07121024,環境工程學系,D 日,B 學士,192,113
31,國立宜蘭大學,07121024,環境工程學系,P 進,B 學士,86,113
31,國立宜蘭大學,07141011,電機工程學系,D 日,B 學士,352,113
31,國立宜蘭大學,07141011,電機工程學系,P 進,B 學士,86,113
31,國立宜蘭大學,07141012,電子工程學系,D 日,B 學士,365,113
31,國立宜蘭大學,07141013,資訊工程學系,D 日,B 學士,205,113
31,國立宜蘭大學,07151017,機械與機電工程學系,D 日,B 學士,370,113
31,國立宜蘭大學,07151019,生物機電工程學系,D 日,B 學士,199,113
31,國立宜蘭大學,07211033,食品科學系,D 日,B 學士,344,113
31,國立宜蘭大學,07321021,土木工程學系,D 日,B 學士,400,113
31,國立宜蘭大學,08112030,生物技術與動物科學系,D 日,B 學士,377,113
31,國立宜蘭大學,08121031,園藝學系,D 日,B 學士,206,113
31,國立宜蘭大學,08193040,智慧休閒農業進修學士學位學程,P 進,B 學士,89,113
31,國立宜蘭大學,08199037,生物資源學院原住民專班,D 日,B 學士,65,113
31,國立宜蘭大學,08211036,森林暨自然資源學系,D 日,B 學士,188,113
31,國立宜蘭大學,10152038,休閒產業與健康促進學系,D 日,B 學士,176,113
31,國立宜蘭大學,10152038,休閒產業與健康促進學系,P 進,B 學士,99,113
32,國立聯合大學,02122005,文化創意與數位行銷學系,D 日,B 學士,189,113
32,國立聯合大學,02122005,文化創意與數位行銷學系,P 進,B 學士,94,113
32,國立聯合大學,02123006,工業設計學系,D 日,B 學士,142,113
32,國立聯合大學,02123006,工業設計學系,P 進,B 學士,30,113
32,國立聯合大學,02123044,原住民學士學位學程專班,D 日,B 學士,38,113
32,國立聯合大學,02321001,臺灣語文與傳播學系,D 日,B 學士,142,113
32,國立聯合大學,02323002,華語文學系,D 日,B 學士,166,113
32,國立聯合大學,04121014,財務金融學系,D 日,B 學士,196,113
32,國立聯合大學,04121014,財務金融學系,P 進,B 學士,4,113
32,國立聯合大學,04131011,經營管理學系,D 日,B 學士,535,113
32,國立聯合大學,04131011,經營管理學系,P 進,B 學士,141,113
32,國立聯合大學,06131016,資訊管理學系,D 日,B 學士,343,113
32,國立聯合大學,06131020,資訊工程學系,D 日,B 學士,188,113
32,國立聯合大學,06131020,資訊工程學系,P 進,B 學士,97,113
32,國立聯合大學,07111028,化學工程學系,D 日,B 學士,350,113
32,國立聯合大學,07111028,化學工程學系,P 進,B 學士,70,113
32,國立聯合大學,07112029,材料科學工程學系,D 日,B 學士,189,113
32,國立聯合大學,07121034,環境與安全衛生工程學系,D 日,B 學士,334,113
32,國立聯合大學,07132035,能源工程學系,D 日,B 學士,137,113
32,國立聯合大學,07141017,電機工程學系,D 日,B 學士,720,113
32,國立聯合大學,07141018,電子工程學系,D 日,B 學士,770,113
32,國立聯合大學,07141019,光電工程學系,D 日,B 學士,356,113
32,國立聯合大學,07151025,機械工程學系,D 日,B 學士,709,113
32,國立聯合大學,07151025,機械工程學系,P 進,B 學士,324,113
32,國立聯合大學,07311040,建築學系,D 日,B 學士,220,113
32,國立聯合大學,07321027,土木與防災工程學系,D 日,B 學士,177,113
32,國立聯合大學,07321027,土木與防災工程學系,P 進,B 學士,108,113
32,國立聯合大學,10151042,文化觀光產業學系,D 日,B 學士,166,113
32,國立聯合大學,10151042,文化觀光產業學系,P 進,B 學士,98,113
35,國立臺南藝術大學,02141020,材質創作與設計系,D 日,B 學士,196,113
35,國立臺南藝術大學,02151001,音樂學系,D 日,B 學士,64,113
35,國立臺南藝術大學,02151002,中國音樂學系,D 日,B 學士,103,113
35,國立臺南藝術大學,02151003,應用音樂學系,D 日,B 學士,259,113
35,國立臺南藝術大學,02191014,藝術史學系,D 日,B 學士,141,113
36,國立臺南大學,01111001,教育學系,D 日,B 學士,363,113
36,國立臺南大學,01113019,特殊教育學系,D 日,B 學士,170,113
36,國立臺南大學,01121018,幼兒教育學系,D 日,B 學士,183,113
36,國立臺南大學,01141017,體育學系,D 日,B 學士,181,113
36,國立臺南大學,02131030,視覺藝術與設計學系,D 日,B 學士,181,113
36,國立臺南大學,02151027,音樂學系,D 日,B 學士,144,113
36,國立臺南大學,02151027,音樂學系,P 進,B 學士,7,113
36,國立臺南大學,02152029,戲劇創作與應用學系,D 日,B 學士,164,113
36,國立臺南大學,02311032,英語學系,D 日,B 學士,191,113
36,國立臺南大學,02311032,英語學系,P 進,B 學士,65,113
36,國立臺南大學,02322031,國語文學系,D 日,B 學士,314,113
36,國立臺南大學,03131036,諮商與輔導學系,D 日,B 學士,185,113
36,國立臺南大學,03143037,文化與自然資源學系,D 日,B 學士,160,113
36,國立臺南大學,04131041,經營與管理學系,D 日,B 學士,156,113
36,國立臺南大學,04134040,行政管理學系,D 日,B 學士,180,113
36,國立臺南大學,05121044,生物科技學系,D 日,B 學士,173,113
36,國立臺南大學,05212063,生態暨環境資源學系,D 日,B 學士,148,113
36,國立臺南大學,05411047,應用數學系,D 日,B 學士,152,113
36,國立臺南大學,06131052,資訊工程學系,D 日,B 學士,168,113
36,國立臺南大學,06134024,數位學習科技學系,D 日,B 學士,203,113
36,國立臺南大學,07112055,材料科學系,D 日,B 學士,180,113
36,國立臺南大學,07132058,綠色能源科技學系,D 日,B 學士,181,113
36,國立臺南大學,07132058,綠色能源科技學系,P 進,B 學士,93,113
36,國立臺南大學,07141049,電機工程學系,D 日,B 學士,181,113
37,國立臺北教育大學,01113003,特殊教育學系,D 日,B 學士,184,113
37,國立臺北教育大學,01114044,教育經營與管理學系,D 日,B 學士,174,113
37,國立臺北教育大學,01121035,幼兒與家庭教育學系,D 日,B 學士,185,113
37,國立臺北教育大學,01131001,教育學系,D 日,B 學士,183,113
37,國立臺北教育大學,01131038,數學暨資訊教育學系,D 日,B 學士,239,113
37,國立臺北教育大學,01141002,體育學系,D 日,B 學士,231,113
37,國立臺北教育大學,02121014,藝術與造形設計學系,D 日,B 學士,364,113
37,國立臺北教育大學,02121028,文化創意產業經營學系,D 日,B 學士,179,113
37,國立臺北教育大學,02122011,數位科技設計學系,D 日,B 學士,177,113
37,國立臺北教育大學,02151031,音樂學系,D 日,B 學士,157,113
37,國立臺北教育大學,02311023,兒童英語教育學系,D 日,B 學士,156,113
37,國立臺北教育大學,02322018,語文與創作學系,D 日,B 學士,349,113
37,國立臺北教育大學,03131007,心理與諮商學系,D 日,B 學士,187,113
37,國立臺北教育大學,03191005,社會與區域發展學系,D 日,B 學士,205,113
37,國立臺北教育大學,05399040,自然科學教育學系,D 日,B 學士,194,113
37,國立臺北教育大學,06131004,資訊科學系,D 日,B 學士,164,113
39,國立臺中教育大學,01111001,教育學系,D 日,B 學士,180,113
39,國立臺中教育大學,01113022,特殊教育學系,D 日,B 學士,182,113
39,國立臺中教育大學,01121021,幼兒教育學系,D 日,B 學士,193,113
39,國立臺中教育大學,01131006,語文教育學系,D 日,B 學士,194,113
39,國立臺中教育大學,01131008,科學教育與應用學系,D 日,B 學士,164,113
39,國立臺中教育大學,01131011,數學教育學系,D 日,B 學士,188,113
39,國立臺中教育大學,01131019,體育學系,D 日,B 學士,200,113
39,國立臺中教育大學,02122034,文化創意產業設計與營運學系,D 日,B 學士,201,113
39,國立臺中教育大學,02131029,美術學系,D 日,B 學士,183,113
39,國立臺中教育大學,02151030,音樂學系,D 日,B 學士,156,113
39,國立臺中教育大學,02311032,英語學系,D 日,B 學士,216,113
39,國立臺中教育大學,02321031,臺灣語文學系,D 日,B 學士,188,113
39,國立臺中教育大學,03131035,諮商與應用心理學系,D 日,B 學士,191,113
39,國立臺中教育大學,03191037,區域與社會發展學系,D 日,B 學士,194,113
39,國立臺中教育大學,04131039,國際企業學系,D 日,B 學士,268,113
39,國立臺中教育大學,06131042,資訊工程學系,D 日,B 學士,201,113
39,國立臺中教育大學,06133041,數位內容科技學系,D 日,B 學士,187,113
44,國立體育大學,01113017,適應體育學系,D 日,B 學士,207,113
44,國立體育大學,01141016,體育推廣學系,D 日,B 學士,448,113
44,國立體育大學,10141005,球類運動技術學系,D 日,B 學士,257,113
44,國立體育大學,10141006,陸上運動技術學系,D 日,B 學士,203,113
44,國立體育大學,10141007,技擊運動技術學系,D 日,B 學士,222,113
44,國立體育大學,10141022,競技運動原住民專班,D 日,B 學士,150,113
44,國立體育大學,10152014,運動保健學系,D 日,B 學士,240,113
44,國立體育大學,10152015,休閒產業經營學系,D 日,B 學士,234,113
48,國立金門大學,02311002,應用英語學系,D 日,B 學士,157,113
48,國立金門大學,02323001,華語文學系,D 日,B 學士,104,113
48,國立金門大學,03121006,國際暨大陸事務學系,D 日,B 學士,126,113
48,國立金門大學,03121006,國際暨大陸事務學系,P 進,B 學士,73,113
48,國立金門大學,04131009,企業管理學系,D 日,B 學士,348,113
48,國立金門大學,04131009,企業管理學系,P 進,B 學士,194,113
48,國立金門大學,04212013,海洋與邊境管理學系,D 日,B 學士,150,113
48,國立金門大學,06131019,資訊工程學系,D 日,B 學士,210,113
48,國立金門大學,07141043,電機工程學系,D 日,B 學士,282,113
48,國立金門大學,07191025,工業工程與管理學系,D 日,B 學士,141,113
48,國立金門大學,07211029,食品科學系,D 日,B 學士,135,113
48,國立金門大學,07311026,建築學系,D 日,B 學士,185,113
48,國立金門大學,07313028,都市計畫與景觀學系,D 日,B 學士,114,113
48,國立金門大學,07321021,土木與工程管理學系,D 日,B 學士,120,113
48,國立金門大學,09131031,護理學系,D 日,B 學士,143,113
48,國立金門大學,09191032,長期照護學系,D 日,B 學士,140,113
48,國立金門大學,09231033,社會工作學系,D 日,B 學士,155,113
48,國立金門大學,09231033,社會工作學系,P 進,B 學士,126,113
48,國立金門大學,10151034,觀光管理學系,D 日,B 學士,201,113
48,國立金門大學,10151034,觀光管理學系,P 進,B 學士,146,113
48,國立金門大學,10152036,運動與休閒學系,D 日,B 學士,152,113
48,國立金門大學,10152036,運動與休閒學系,P 進,B 學士,104,113
49,國立臺灣體育運動大學,01141001,體育學系,D 日,B 學士,438,113
49,國立臺灣體育運動大學,01141001,體育學系,P 進,B 學士,323,113
49,國立臺灣體育運動大學,02112012,運動資訊與傳播學系,D 日,B 學士,202,113
49,國立臺灣體育運動大學,02152002,舞蹈學系,D 日,B 學士,187,113
49,國立臺灣體育運動大學,04199010,運動事業管理學系,D 日,B 學士,212,113
49,國立臺灣體育運動大學,10141003,競技運動學系,D 日,B 學士,197,113
49,國立臺灣體育運動大學,10141004,球類運動學系,D 日,B 學士,462,113
49,國立臺灣體育運動大學,10141005,技擊運動學系,D 日,B 學士,218,113
49,國立臺灣體育運動大學,10142006,運動健康科學學系,D 日,B 學士,202,113
49,國立臺灣體育運動大學,10152007,休閒運動學系,D 日,B 學士,220,113
52,國立屏東大學,01111001,教育學系,D 日,B 學士,333,113
52,國立屏東大學,01111003,教育心理與輔導學系,D 日,B 學士,173,113
52,國立屏東大學,01113017,特殊教育學系,D 日,B 學士,159,113
52,國立屏東大學,01121016,幼兒教育學系,D 日,B 學士,302,113
52,國立屏東大學,01141014,體育學系,D 日,B 學士,201,113
52,國立屏東大學,02111025,視覺藝術學系,D 日,B 學士,184,113
52,國立屏東大學,02151024,音樂學系,D 日,B 學士,77,113
52,國立屏東大學,02299033,文化創意產業學系,D 日,B 學士,171,113
52,國立屏東大學,02299075,文化發展學士學位學程原住民專班,D 日,B 學士,151,113
52,國立屏東大學,02311029,英語學系,D 日,B 學士,122,113
52,國立屏東大學,02311030,應用英語學系,D 日,B 學士,188,113
52,國立屏東大學,02311031,應用日語學系,D 日,B 學士,252,113
52,國立屏東大學,02322027,中國語文學系,D 日,B 學士,148,113
52,國立屏東大學,03141036,社會發展學系,D 日,B 學士,182,113
52,國立屏東大學,04111038,會計學系,D 日,B 學士,372,113
52,國立屏東大學,04121045,財務金融學系,D 日,B 學士,247,113
52,國立屏東大學,04121045,財務金融學系,P 進,B 學士,107,113
52,國立屏東大學,04131039,企業管理學系,D 日,B 學士,240,113
52,國立屏東大學,04131039,企業管理學系,P 進,B 學士,149,113
52,國立屏東大學,04131042,商業自動化與管理學系,D 日,B 學士,0,113
52,國立屏東大學,04131082,商業大數據學系,D 日,B 學士,246,113
52,國立屏東大學,04132046,行銷與流通管理學系,D 日,B 學士,224,113
52,國立屏東大學,04132046,行銷與流通管理學系,P 進,B 學士,72,113
52,國立屏東大學,04141076,國際經營與貿易學系,D 日,B 學士,247,113
52,國立屏東大學,04141076,國際經營與貿易學系,P 進,B 學士,70,113
52,國立屏東大學,04199047,不動產經營學系,D 日,B 學士,258,113
52,國立屏東大學,04199080,大數據商務應用學士學位學程,D 日,B 學士,82,113
52,國立屏東大學,05311050,應用化學系,D 日,B 學士,194,113
52,國立屏東大學,05331053,應用物理系,D 日,B 學士,284,113
52,國立屏東大學,05411055,應用數學系,D 日,B 學士,132,113
52,國立屏東大學,06131057,資訊管理學系,D 日,B 學士,225,113
52,國立屏東大學,06131057,資訊管理學系,P 進,B 學士,86,113
52,國立屏東大學,06131077,電腦科學與人工智慧學系,D 日,B 學士,205,113
52,國立屏東大學,06199059,電腦與智慧型機器人學士學位學程,D 日,B 學士,0,113
52,國立屏東大學,06199062,電腦與通訊學系,D 日,B 學士,211,113
52,國立屏東大學,07141060,資訊工程學系,D 日,B 學士,328,113
52,國立屏東大學,07141068,智慧機器人學系,D 日,B 學士,177,113
52,國立屏東大學,10151065,休閒事業經營學系,D 日,B 學士,191,113
52,國立屏東大學,99999071,科學傳播學系,D 日,B 學士,91,113
1001,東海大學,02123011,工業設計學系,D 日,B 學士,167,113
1001,東海大學,02131002,美術學系,D 日,B 學士,190,113
1001,東海大學,02131002,美術學系,P 進,B 學士,108,113
1001,東海大學,02151003,音樂學系,D 日,B 學士,145,113
1001,東海大學,02221009,歷史學系,D 日,B 學士,246,113
1001,東海大學,02231010,哲學系,D 日,B 學士,197,113
1001,東海大學,02311005,外國語文學系,D 日,B 學士,432,113
1001,東海大學,02311007,日本語言文化學系,D 日,B 學士,446,113
1001,東海大學,02322004,中國文學系,D 日,B 學士,397,113
1001,東海大學,03111012,經濟學系,D 日,B 學士,508,113
1001,東海大學,03121013,政治學系,D 日,B 學士,366,113
1001,東海大學,03141014,社會學系,D 日,B 學士,344,113
1001,東海大學,04111018,會計學系,D 日,B 學士,458,113
1001,東海大學,04121024,財務金融學系,D 日,B 學士,519,113
1001,東海大學,04131019,企業管理學系,D 日,B 學士,727,113
1001,東海大學,04131021,國際學院國際經營管理學位學程,D 日,B 學士,259,113
1001,東海大學,04134016,行政管理暨政策學系,D 日,B 學士,364,113
1001,東海大學,04141023,國際經營與貿易學系,D 日,B 學士,588,113
1001,東海大學,04211027,法律學系,D 日,B 學士,522,113
1001,東海大學,04211027,法律學系,P 進,B 學士,88,113
1001,東海大學,05111028,生命科學系,D 日,B 學士,339,113
1001,東海大學,05211065,永續科學與管理學士學位學程,D 日,B 學士,91,113
1001,東海大學,05311030,化學系,D 日,B 學士,373,113
1001,東海大學,05331032,應用物理學系,D 日,B 學士,205,113
1001,東海大學,05411034,應用數學系,D 日,B 學士,0,113
1001,東海大學,05411066,智慧計算暨應用數學系,D 日,B 學士,174,113
1001,東海大學,05421035,統計學系,D 日,B 學士,375,113
1001,東海大學,06131039,資訊工程學系,D 日,B 學士,632,113
1001,東海大學,06131039,資訊工程學系,P 進,B 學士,4,113
1001,東海大學,06134036,資訊管理學系,D 日,B 學士,274,113
1001,東海大學,07111042,化學工程與材料工程學系,D 日,B 學士,392,113
1001,東海大學,07121045,環境科學與工程學系,D 日,B 學士,324,113
1001,東海大學,07141037,電機工程學系,D 日,B 學士,410,113
1001,東海大學,07191044,工業工程與經營資訊學系,D 日,B 學士,385,113
1001,東海大學,07211052,食品科學系,D 日,B 學士,354,113
1001,東海大學,07311048,建築學系,D 日,B 學士,195,113
1001,東海大學,07312049,景觀學系,D 日,B 學士,207,113
1001,東海大學,08111068,智慧暨精緻農業學位學程,P 進,B 學士,62,113
1001,東海大學,08112051,畜產與生物科技學系,D 日,B 學士,405,113
1001,東海大學,09211063,高齡健康與運動科學學士學位學程,D 日,B 學士,163,113
1001,東海大學,09231053,社會工作學系,D 日,B 學士,500,113
1001,東海大學,10131054,餐旅管理學系,D 日,B 學士,274,113
1001,東海大學,10152055,運動休閒與健康管理學位學程,P 進,B 學士,7,113
1001,東海大學,99999064,國際學院不分系英語學士班,D 日,B 學士,26,113
1002,輔仁大學,01114046,教育領導與科技發展學士學位學程,D 日,B 學士,140,113
1002,輔仁大學,02122078,應用美術學系,D 日,B 學士,278,113
1002,輔仁大學,02122078,應用美術學系,P 進,B 學士,233,113
1002,輔仁大學,02122087,藝術與文化創意學士學位學程,P 進,B 學士,199,113
1002,輔仁大學,02124095,室內設計進修學士學位學程,P 進,B 學士,189,113
1002,輔仁大學,02125082,織品服裝學系,D 日,B 學士,1015,113
1002,輔仁大學,02151034,音樂學系,D 日,B 學士,176,113
1002,輔仁大學,02211006,天主教研修學士學位學程,D 日,B 學士,42,113
1002,輔仁大學,02211019,宗教學系,D 日,B 學士,258,113
1002,輔仁大學,02211019,宗教學系,P 進,B 學士,0,113
1002,輔仁大學,02221074,歷史學系,D 日,B 學士,432,113
1002,輔仁大學,02221074,歷史學系,P 進,B 學士,89,113
1002,輔仁大學,02231037,哲學系,D 日,B 學士,405,113
1002,輔仁大學,02231037,哲學系,P 進,B 學士,4,113
1002,輔仁大學,02299093,人文社會服務進修學士學位學程,P 進,B 學士,122,113
1002,輔仁大學,02299102,人文與社區創新學士學位學程,D 日,B 學士,37,113
1002,輔仁大學,02311009,日本語文學系,D 日,B 學士,496,113
1002,輔仁大學,02311009,日本語文學系,P 進,B 學士,353,113
1002,輔仁大學,02311016,西班牙語文學系,D 日,B 學士,249,113
1002,輔仁大學,02311021,法國語文學系,D 日,B 學士,271,113
1002,輔仁大學,02311033,英國語文學系,D 日,B 學士,268,113
1002,輔仁大學,02311033,英國語文學系,P 進,B 學士,222,113
1002,輔仁大學,02311057,義大利語文學系,D 日,B 學士,242,113
1002,輔仁大學,02311072,德語語文學系,D 日,B 學士,252,113
1002,輔仁大學,02311103,國際溝通與科技創新學士學位學程,D 日,B 學士,30,113
1002,輔仁大學,02322003,中國文學系,D 日,B 學士,467,113
1002,輔仁大學,02322003,中國文學系,P 進,B 學士,73,113
1002,輔仁大學,03111055,經濟學系,D 日,B 學士,477,113
1002,輔仁大學,03111055,經濟學系,P 進,B 學士,148,113
1002,輔仁大學,03131007,心理學系,D 日,B 學士,301,113
1002,輔仁大學,03131081,臨床心理學系,D 日,B 學士,291,113
1002,輔仁大學,03141023,社會學系,D 日,B 學士,262,113
1002,輔仁大學,03211001,大眾傳播學士學位學程,P 進,B 學士,407,113
1002,輔仁大學,03212053,新聞傳播學系,D 日,B 學士,285,113
1002,輔仁大學,03213070,影像傳播學系,D 日,B 學士,307,113
1002,輔仁大學,03222065,圖書資訊學系,D 日,B 學士,238,113
1002,輔仁大學,03222065,圖書資訊學系,P 進,B 學士,2,113
1002,輔仁大學,04111054,會計學系,D 日,B 學士,477,113
1002,輔仁大學,04121027,金融與國際企業學系,D 日,B 學士,522,113
1002,輔仁大學,04131015,企業管理學系,D 日,B 學士,774,113
1002,輔仁大學,04131039,商業管理學士學位學程,P 進,B 學士,383,113
1002,輔仁大學,04143069,廣告傳播學系,D 日,B 學士,274,113
1002,輔仁大學,04143101,服飾採購與行銷進修學士學位學程,P 進,B 學士,23,113
1002,輔仁大學,04211020,法律學系,D 日,B 學士,640,113
1002,輔仁大學,04211020,法律學系,P 進,B 學士,213,113
1002,輔仁大學,04211038,財經法律學系,D 日,B 學士,262,113
1002,輔仁大學,05111011,生命科學系,D 日,B 學士,429,113
1002,輔仁大學,05191080,營養科學系,D 日,B 學士,257,113
1002,輔仁大學,05311005,化學系,D 日,B 學士,499,113
1002,輔仁大學,05331022,物理學系,D 日,B 學士,403,113
1002,輔仁大學,05411073,數學系,D 日,B 學士,427,113
1002,輔仁大學,05421049,統計資訊學系,D 日,B 學士,466,113
1002,輔仁大學,06131058,資訊工程學系,D 日,B 學士,511,113
1002,輔仁大學,06131059,資訊管理學系,D 日,B 學士,477,113
1002,輔仁大學,06131098,人工智慧與資訊安全學士學位學程,D 日,B 學士,155,113
1002,輔仁大學,06132050,軟體工程與數位創意學士學位學程,P 進,B 學士,207,113
1002,輔仁大學,06132097,醫學資訊與健康科技進修學士學位學程,P 進,B 學士,22,113
1002,輔仁大學,06134096,資訊創新與數位生活進修學士學位學程,P 進,B 學士,123,113
1002,輔仁大學,06199086,醫學資訊與創新應用學士學位學程,D 日,B 學士,189,113
1002,輔仁大學,07141064,電機工程學系,D 日,B 學士,516,113
1002,輔仁大學,07211035,食品科學系,D 日,B 學士,229,113
1002,輔仁大學,07312052,景觀設計學系,D 日,B 學士,223,113
1002,輔仁大學,09121085,醫學系,D 日,B 學士,322,113
1002,輔仁大學,09131088,護理學系,D 日,B 學士,391,113
1002,輔仁大學,09131104,學士後護理學系,D 日,B 學士,41,113
1002,輔仁大學,09152084,職能治療學系,D 日,B 學士,246,113
1002,輔仁大學,09191004,公共衛生學系,D 日,B 學士,227,113
1002,輔仁大學,09199018,呼吸治療學系,D 日,B 學士,154,113
1002,輔仁大學,09211094,長期照護與健康管理進修學士學位學程,P 進,B 學士,170,113
1002,輔仁大學,09221017,兒童與家庭學系,D 日,B 學士,297,113
1002,輔仁大學,09231024,社會工作學系,D 日,B 學士,269,113
1002,輔仁大學,10131075,餐旅管理學系,D 日,B 學士,459,113
1002,輔仁大學,10131075,餐旅管理學系,P 進,B 學士,211,113
1002,輔仁大學,10141089,體育學系,D 日,B 學士,806,113
1002,輔仁大學,10152062,運動休閒管理學士學位學程,P 進,B 學士,244,113
1002,輔仁大學,99999099,跨領域全英語學士學位學程,D 日,B 學士,26,113
1003,東吳大學,02151001,音樂學系,D 日,B 學士,239,113
1003,東吳大學,02221006,歷史學系,D 日,B 學士,233,113
1003,東吳大學,02231007,哲學系,D 日,B 學士,240,113
1003,東吳大學,02311004,英文學系,D 日,B 學士,710,113
1003,東吳大學,02311004,英文學系,P 進,B 學士,47,113
1003,東吳大學,02311005,日本語文學系,D 日,B 學士,824,113
1003,東吳大學,02311005,日本語文學系,P 進,B 學士,257,113
1003,東吳大學,02311012,德國文化學系,D 日,B 學士,211,113
1003,東吳大學,02313034,外國語文學院跨領域國際學士班,D 日,B 學士,34,113
1003,東吳大學,02322002,中國文學系,D 日,B 學士,695,113
1003,東吳大學,02322002,中國文學系,P 進,B 學士,36,113
1003,東吳大學,03111008,經濟學系,D 日,B 學士,742,113
1003,東吳大學,03121009,政治學系,D 日,B 學士,510,113
1003,東吳大學,03131011,心理學系,D 日,B 學士,283,113
1003,東吳大學,03141010,社會學系,D 日,B 學士,464,113
1003,東吳大學,04111015,會計學系,D 日,B 學士,978,113
1003,東吳大學,04121027,財務工程與精算數學系,D 日,B 學士,733,113
1003,東吳大學,04131016,企業管理學系,D 日,B 學士,930,113
1003,東吳大學,04141019,國際經營與貿易學系,D 日,B 學士,515,113
1003,東吳大學,04191014,商學進修學士班,P 進,B 學士,121,113
1003,東吳大學,04199031,巨量資料管理學院學士學位學程,D 日,B 學士,14,113
1003,東吳大學,04211021,法律學系,D 日,B 學士,1220,113
1003,東吳大學,05122022,微生物學系,D 日,B 學士,217,113
1003,東吳大學,05311023,化學系,D 日,B 學士,230,113
1003,東吳大學,05331024,物理學系,D 日,B 學士,216,113
1003,東吳大學,05411025,數學系,D 日,B 學士,181,113
1003,東吳大學,06131028,資訊管理學系,D 日,B 學士,534,113
1003,東吳大學,06134033,資料科學系,D 日,B 學士,380,113
1003,東吳大學,09231030,社會工作學系,D 日,B 學士,531,113
1004,中原大學,01113002,特殊教育學系,D 日,B 學士,193,113
1004,中原大學,02112008,商業設計學系,D 日,B 學士,375,113
1004,中原大學,02122048,設計學院設計學士原住民專班,D 日,B 學士,37,113
1004,中原大學,02124009,室內設計學系,D 日,B 學士,302,113
1004,中原大學,02299053,人文與教育學院學士學位學程,D 日,B 學士,17,113
1004,中原大學,02311005,應用外國語文學系,D 日,B 學士,423,113
1004,中原大學,02323004,應用華語文學系,D 日,B 學士,495,113
1004,中原大學,03131011,心理學系,D 日,B 學士,529,113
1004,中原大學,04111013,會計學系,D 日,B 學士,646,113
1004,中原大學,04121019,財務金融學系,D 日,B 學士,451,113
1004,中原大學,04131014,企業管理學系,D 日,B 學士,875,113
1004,中原大學,04141018,國際經營與貿易學系,D 日,B 學士,535,113
1004,中原大學,04191017,國際商學學士學位學程,D 日,B 學士,88,113
1004,中原大學,04191057,中原大學與美國天普大學商學管理雙學士學位學程,D 日,B 學士,50,113
1004,中原大學,04199020,商學院學士學位學程,D 日,B 學士,0,113
1004,中原大學,04212021,財經法律學系,D 日,B 學士,514,113
1004,中原大學,05121022,生物科技學系,D 日,B 學士,413,113
1004,中原大學,05311023,化學系,D 日,B 學士,492,113
1004,中原大學,05331024,物理學系,D 日,B 學士,447,113
1004,中原大學,05411027,應用數學系,D 日,B 學士,412,113
1004,中原大學,06121060,中原大學美國威大密爾瓦基分校電機與資訊工程雙學士學位學程,D 日,B 學士,68,113
1004,中原大學,06131028,資訊管理學系,D 日,B 學士,515,113
1004,中原大學,06131031,資訊工程學系,D 日,B 學士,504,113
1004,中原大學,06131062,電機資訊學院智慧運算與大數據學士班,D 日,B 學士,159,113
1004,中原大學,07111037,化學工程學系,D 日,B 學士,663,113
1004,中原大學,07121042,環境工程學系,D 日,B 學士,221,113
1004,中原大學,07121065,淨零循環經濟學士後專班,D 日,B 學士,14,113
1004,中原大學,07141029,電機工程學系,D 日,B 學士,482,113
1004,中原大學,07141030,電子工程學系,D 日,B 學士,582,113
1004,中原大學,07141033,電機資訊學院,D 日,B 學士,180,113
1004,中原大學,07151034,機械工程學系,D 日,B 學士,700,113
1004,中原大學,07191041,工業與系統工程學系,D 日,B 學士,619,113
1004,中原大學,07193043,生物醫學工程學系,D 日,B 學士,449,113
1004,中原大學,07311046,建築學系,D 日,B 學士,293,113
1004,中原大學,07311063,英國牛津布魯克斯大學建築及都市設計雙學士學位學程,D 日,B 學士,39,113
1004,中原大學,07312059,地景建築學系,D 日,B 學士,224,113
1004,中原大學,07321035,土木工程學系,D 日,B 學士,631,113
1004,中原大學,99999061,全校外籍生大一不分系學士學位學程,D 日,B 學士,20,113
1005,淡江大學,01116092,教育科技學系,D 日,B 學士,396,113
1005,淡江大學,01199108,教育與未來設計學系,D 日,B 學士,167,113
1005,淡江大學,02221078,歷史學系,D 日,B 學士,336,113
1005,淡江大學,02311081,俄國語文學系,D 日,B 學士,148,113
1005,淡江大學,02311082,日本語文學系,D 日,B 學士,906,113
1005,淡江大學,02311082,日本語文學系,P 進,B 學士,102,113
1005,淡江大學,02311084,西班牙語文學系,D 日,B 學士,351,113
1005,淡江大學,02311085,德國語文學系,D 日,B 學士,175,113
1005,淡江大學,02311086,法國語文學系,D 日,B 學士,306,113
1005,淡江大學,02311088,英文學系,D 日,B 學士,752,113
1005,淡江大學,02311088,英文學系,P 進,B 學士,46,113
1005,淡江大學,02322090,中國文學學系,D 日,B 學士,360,113
1005,淡江大學,03111075,產業經濟學系,D 日,B 學士,309,113
1005,淡江大學,03111076,經濟學系,D 日,B 學士,688,113
1005,淡江大學,03121074,全球政治經濟學系全英語學士班,D 日,B 學士,119,113
1005,淡江大學,03122059,外交與國際關係學系全英語學士班,D 日,B 學士,246,113
1005,淡江大學,03211055,大眾傳播學系,D 日,B 學士,401,113
1005,淡江大學,03214054,資訊傳播學系,D 日,B 學士,383,113
1005,淡江大學,03222052,資訊與圖書館學系,D 日,B 學士,413,113
1005,淡江大學,04111051,會計學系,D 日,B 學士,806,113
1005,淡江大學,04111051,會計學系,P 進,B 學士,1,113
1005,淡江大學,04121035,商管學院全球財務管理全英語學士學位學程,D 日,B 學士,5,113
1005,淡江大學,04121037,財務金融學系,D 日,B 學士,933,113
1005,淡江大學,04121037,財務金融學系,P 進,B 學士,102,113
1005,淡江大學,04123104,風險管理與保險學系,D 日,B 學士,414,113
1005,淡江大學,04131040,國際企業學系,D 日,B 學士,838,113
1005,淡江大學,04131040,國際企業學系,P 進,B 學士,54,113
1005,淡江大學,04131047,管理科學學系,D 日,B 學士,338,113
1005,淡江大學,04131049,企業管理學系,D 日,B 學士,726,113
1005,淡江大學,04131049,企業管理學系,P 進,B 學士,121,113
1005,淡江大學,04134061,公共行政學系,D 日,B 學士,474,113
1005,淡江大學,04134061,公共行政學系,P 進,B 學士,32,113
1005,淡江大學,05311031,化學學系,D 日,B 學士,358,113
1005,淡江大學,05331030,物理學系,D 日,B 學士,318,113
1005,淡江大學,05399029,理學院尖端材料科學學士學位學程,D 日,B 學士,83,113
1005,淡江大學,05411026,數學學系,D 日,B 學士,0,113
1005,淡江大學,05411110,應用數學與數據科學學系,D 日,B 學士,264,113
1005,淡江大學,05421024,統計學系,D 日,B 學士,570,113
1005,淡江大學,06131018,資訊工程學系,D 日,B 學士,1177,113
1005,淡江大學,06131018,資訊工程學系,P 進,B 學士,144,113
1005,淡江大學,06131023,資訊管理學系,D 日,B 學士,789,113
1005,淡江大學,06131107,人工智慧學系,D 日,B 學士,510,113
1005,淡江大學,07111010,化學工程與材料工程學系,D 日,B 學士,422,113
1005,淡江大學,07122009,水資源及環境工程學系,D 日,B 學士,323,113
1005,淡江大學,07141019,電機工程學系,D 日,B 學士,931,113
1005,淡江大學,07141019,電機工程學系,P 進,B 學士,43,113
1005,淡江大學,07151015,機械與機電工程學系,D 日,B 學士,437,113
1005,淡江大學,07162017,航空太空工程學系,D 日,B 學士,579,113
1005,淡江大學,07311007,建築學系,D 日,B 學士,339,113
1005,淡江大學,07321012,土木工程學系,D 日,B 學士,460,113
1005,淡江大學,10151005,國際觀光管理學系全英語學士班,D 日,B 學士,285,113
1005,淡江大學,10411002,運輸管理學系,D 日,B 學士,480,113
1006,中國文化大學,01111046,教育學系,D 日,B 學士,144,113
1006,中國文化大學,01141023,體育學系,D 日,B 學士,516,113
1006,中國文化大學,02112060,數位媒體學士學位學程,P 進,B 學士,70,113
1006,中國文化大學,02131059,美術學系,D 日,B 學士,239,113
1006,中國文化大學,02151007,中國音樂學系,D 日,B 學士,105,113
1006,中國文化大學,02151040,音樂學系,D 日,B 學士,121,113
1006,中國文化大學,02152008,中國戲劇學系,D 日,B 學士,125,113
1006,中國文化大學,02152009,舞蹈學系,D 日,B 學士,121,113
1006,中國文化大學,02152043,戲劇學系,D 日,B 學士,297,113
1006,中國文化大學,02221098,史學系,D 日,B 學士,131,113
1006,中國文化大學,02231081,哲學系,D 日,B 學士,108,113
1006,中國文化大學,02311010,韓國語文學系,D 日,B 學士,519,113
1006,中國文化大學,02311047,俄國語文學系,D 日,B 學士,61,113
1006,中國文化大學,02311052,英國語文學系,D 日,B 學士,218,113
1006,中國文化大學,02311077,日本語文學系,D 日,B 學士,440,113
1006,中國文化大學,02311079,德國語文學系,D 日,B 學士,6,113
1006,中國文化大學,02311089,法國語文學系,D 日,B 學士,127,113
1006,中國文化大學,02322001,中國文學系,D 日,B 學士,323,113
1006,中國文化大學,03111099,經濟學系,D 日,B 學士,228,113
1006,中國文化大學,03121061,政治學系,D 日,B 學士,119,113
1006,中國文化大學,03131004,心理輔導學系,D 日,B 學士,277,113
1006,中國文化大學,03142088,地理學系,D 日,B 學士,140,113
1006,中國文化大學,03199051,勞動暨人力資源學系,D 日,B 學士,191,113
1006,中國文化大學,03211036,大眾傳播學系,D 日,B 學士,489,113
1006,中國文化大學,03212033,新聞學系,D 日,B 學士,262,113
1006,中國文化大學,03214101,資訊傳播學系,D 日,B 學士,327,113
1006,中國文化大學,04111065,會計學系,D 日,B 學士,260,113
1006,中國文化大學,04121037,財務金融學系,D 日,B 學士,533,113
1006,中國文化大學,04121037,財務金融學系,P 進,B 學士,73,113
1006,中國文化大學,04131015,國際企業管理學系,D 日,B 學士,401,113
1006,中國文化大學,04131015,國際企業管理學系,P 進,B 學士,41,113
1006,中國文化大學,04134012,行政管理學系,D 日,B 學士,204,113
1006,中國文化大學,04141041,國際貿易學系,D 日,B 學士,349,113
1006,中國文化大學,04141041,國際貿易學系,P 進,B 學士,23,113
1006,中國文化大學,04143013,廣告學系,D 日,B 學士,367,113
1006,中國文化大學,04143013,廣告學系,P 進,B 學士,48,113
1006,中國文化大學,04143027,行銷學士學位學程,D 日,B 學士,125,113
1006,中國文化大學,04191014,全球商務學士學位學程,D 日,B 學士,175,113
1006,中國文化大學,04199064,時尚與創意產業品牌建構及經營進修學士學位學程,P 進,B 學士,201,113
1006,中國文化大學,04199123,表演藝術管理進修學士學位學程,P 進,B 學士,68,113
1006,中國文化大學,04212020,法律學系,D 日,B 學士,952,113
1006,中國文化大學,05111091,生命科學系,D 日,B 學士,120,113
1006,中國文化大學,05191057,保健營養學系,D 日,B 學士,180,113
1006,中國文化大學,05211127,ESG與碳資產管理學士後專班,D 日,B 學士,6,113
1006,中國文化大學,05311026,化學系,D 日,B 學士,138,113
1006,中國文化大學,05321083,土地資源學系,D 日,B 學士,151,113
1006,中國文化大學,05321112,地質學系,D 日,B 學士,95,113
1006,中國文化大學,05322097,大氣科學系,D 日,B 學士,117,113
1006,中國文化大學,05331115,光電物理學系,D 日,B 學士,140,113
1006,中國文化大學,05499114,應用數學系,D 日,B 學士,182,113
1006,中國文化大學,06131021,資訊工程學系,D 日,B 學士,428,113
1006,中國文化大學,06132006,資訊管理學系,D 日,B 學士,405,113
1006,中國文化大學,06132006,資訊管理學系,P 進,B 學士,13,113
1006,中國文化大學,07111028,化學工程與材料工程學系,D 日,B 學士,297,113
1006,中國文化大學,07141085,電機工程學系,D 日,B 學士,379,113
1006,中國文化大學,07151107,機械工程學系,D 日,B 學士,283,113
1006,中國文化大學,07192108,紡織工程學系,D 日,B 學士,114,113
1006,中國文化大學,07311068,建築及都市設計學系,D 日,B 學士,227,113
1006,中國文化大學,07312103,景觀學系,D 日,B 學士,129,113
1006,中國文化大學,07313118,都市計劃與開發管理學系,D 日,B 學士,126,113
1006,中國文化大學,08112116,動物科學系,D 日,B 學士,163,113
1006,中國文化大學,08121106,園藝暨生物技術學系,D 日,B 學士,114,113
1006,中國文化大學,08211054,森林暨自然保育學系,D 日,B 學士,144,113
1006,中國文化大學,09299082,社會福利學系,D 日,B 學士,263,113
1006,中國文化大學,10111090,生活應用科學系,D 日,B 學士,185,113
1006,中國文化大學,10141002,技擊運動暨國術學系,D 日,B 學士,105,113
1006,中國文化大學,10142093,運動與健康促進學系,D 日,B 學士,158,113
1006,中國文化大學,10142125,體育運動健康學院不分系學士班,D 日,B 學士,189,113
1006,中國文化大學,10151005,觀光事業學系,D 日,B 學士,360,113
1006,中國文化大學,10151070,休閒事業管理學士學位學程,P 進,B 學士,138,113
1006,中國文化大學,99999071,不分系招生,P 進,B 學士,328,113
1007,逢甲大學,02122006,創新設計學士學位學程,D 日,B 學士,0,113
1007,逢甲大學,02124007,室內設計學士學位學程,D 日,B 學士,92,113
1007,逢甲大學,02124007,室內設計進修學士班,P 進,B 學士,135,113
1007,逢甲大學,02311002,外國語文學系,D 日,B 學士,386,113
1007,逢甲大學,02322001,中國文學系,D 日,B 學士,217,113
1007,逢甲大學,03111009,經濟學系,D 日,B 學士,447,113
1007,逢甲大學,03111012,合作經濟暨社會事業經營學系,D 日,B 學士,248,113
1007,逢甲大學,04111017,會計學系,D 日,B 學士,733,113
1007,逢甲大學,04121025,財務金融學系,D 日,B 學士,740,113
1007,逢甲大學,04121028,財務工程與精算學士學位學程,D 日,B 學士,209,113
1007,逢甲大學,04122032,財稅學系,D 日,B 學士,477,113
1007,逢甲大學,04123029,風險管理與保險學系,D 日,B 學士,427,113
1007,逢甲大學,04131019,企業管理學系,D 日,B 學士,573,113
1007,逢甲大學,04131021,國際企業管理全英語學士學位學程,D 日,B 學士,240,113
1007,逢甲大學,04134086,土地管理學系,D 日,B 學士,468,113
1007,逢甲大學,04141024,國際經營與貿易學系,D 日,B 學士,753,113
1007,逢甲大學,04143033,行銷學系,D 日,B 學士,553,113
1007,逢甲大學,04191014,澳洲昆士蘭大學商學雙學士學位學程,D 日,B 學士,47,113
1007,逢甲大學,04191014,商學進修學士班,P 進,B 學士,395,113
1007,逢甲大學,04199035,澳洲墨爾本皇家理工大學商學與創新雙學士學位學程,D 日,B 學士,89,113
1007,逢甲大學,04199092,美國加州聖荷西州立大學商學大數據分析雙學士學位學程,D 日,B 學士,93,113
1007,逢甲大學,05299119,學士後工程與科學學院淨零智慧永續學士班,D 日,B 學士,22,113
1007,逢甲大學,05411039,應用數學系,D 日,B 學士,361,113
1007,逢甲大學,05421040,統計學系,D 日,B 學士,416,113
1007,逢甲大學,06131048,資訊工程學系,D 日,B 學士,1088,113
1007,逢甲大學,06134115,人工智慧技術與應用學士學位學程,D 日,B 學士,203,113
1007,逢甲大學,07111068,化學工程學系,D 日,B 學士,489,113
1007,逢甲大學,07112069,材料科學與工程學系,D 日,B 學士,549,113
1007,逢甲大學,07121075,環境工程與科學學系,D 日,B 學士,423,113
1007,逢甲大學,07122077,水利工程與資源保育學系,D 日,B 學士,337,113
1007,逢甲大學,07141044,電機工程學系,D 日,B 學士,560,113
1007,逢甲大學,07141046,電子工程學系,D 日,B 學士,698,113
1007,逢甲大學,07141050,通訊工程學系,D 日,B 學士,535,113
1007,逢甲大學,07141052,自動控制工程學系,D 日,B 學士,556,113
1007,逢甲大學,07141056,資訊電機學院學士班,D 日,B 學士,119,113
1007,逢甲大學,07141095,美國普渡大學電機資訊雙學士學位學程,D 日,B 學士,53,113
1007,逢甲大學,07141101,光電科學與工程學系,D 日,B 學士,467,113
1007,逢甲大學,07141107,美國加州聖荷西州立大學電機工程雙學士學位學程,D 日,B 學士,77,113
1007,逢甲大學,07151061,機械與電腦輔助工程學系,D 日,B 學士,514,113
1007,逢甲大學,07151062,精密系統設計學士學位學程,D 日,B 學士,190,113
1007,逢甲大學,07162059,航太與系統工程學系,D 日,B 學士,464,113
1007,逢甲大學,07191072,工業工程與系統管理學系,D 日,B 學士,434,113
1007,逢甲大學,07192074,纖維與複合材料學系,D 日,B 學士,199,113
1007,逢甲大學,07311081,建築學士學位學程,D 日,B 學士,363,113
1007,逢甲大學,07311083,建築專業學院學士班,D 日,B 學士,217,113
1007,逢甲大學,07313087,都市計畫與空間資訊學系,D 日,B 學士,375,113
1007,逢甲大學,07321063,土木工程學系,D 日,B 學士,432,113
1007,逢甲大學,07321063,土木工程學系營建工程與管理進修學士班,P 進,B 學士,220,113
1007,逢甲大學,10411093,運輸與物流學系,D 日,B 學士,454,113
1007,逢甲大學,99999094,全校國際生大一不分系學士班,D 日,B 學士,20,113
1007,逢甲大學,99999108,國際雙學士學位學程,D 日,B 學士,49,113
1008,靜宜大學,02311004,英國語文學系,D 日,B 學士,304,113
1008,靜宜大學,02311005,西班牙語文學系,D 日,B 學士,251,113
1008,靜宜大學,02311006,日本語文學系,D 日,B 學士,554,113
1008,靜宜大學,02311007,寰宇外語教育學士學位學程,D 日,B 學士,128,113
1008,靜宜大學,02321002,台灣文學系,D 日,B 學士,182,113
1008,靜宜大學,02322003,中國文學系,D 日,B 學士,253,113
1008,靜宜大學,03211008,大眾傳播學系,D 日,B 學士,332,113
1008,靜宜大學,04111011,會計學系,D 日,B 學士,483,113
1008,靜宜大學,04121019,財務金融學系,D 日,B 學士,603,113
1008,靜宜大學,04131012,企業管理學系,D 日,B 學士,503,113
1008,靜宜大學,04131015,國際企業學系,D 日,B 學士,596,113
1008,靜宜大學,04191010,寰宇管理學士學位學程,D 日,B 學士,188,113
1008,靜宜大學,04211020,法律學系,D 日,B 學士,568,113
1008,靜宜大學,05191031,食品營養學系,D 日,B 學士,372,113
1008,靜宜大學,05212021,生態人文學系,D 日,B 學士,178,113
1008,靜宜大學,05311023,應用化學系,D 日,B 學士,393,113
1008,靜宜大學,05499036,財務工程學系,D 日,B 學士,265,113
1008,靜宜大學,05499037,資料科學暨大數據分析與應用學系,D 日,B 學士,344,113
1008,靜宜大學,06131027,資訊管理學系,D 日,B 學士,411,113
1008,靜宜大學,06132009,資訊傳播工程學系,D 日,B 學士,386,113
1008,靜宜大學,07141030,資訊工程學系,D 日,B 學士,538,113
1008,靜宜大學,07141042,國際資訊學士學位學程,D 日,B 學士,38,113
1008,靜宜大學,09161035,化粧品科學系,D 日,B 學士,415,113
1008,靜宜大學,09231032,社會工作與兒童少年福利學系,D 日,B 學士,486,113
1008,靜宜大學,09231041,健康照顧社會工作學士學位學程原住民專班,D 日,B 學士,66,113
1008,靜宜大學,10151034,觀光事業學系,D 日,B 學士,593,113
1009,長庚大學,02122001,工業設計學系,D 日,B 學士,157,113
1009,長庚大學,04121058,數位金融科技學系,D 日,B 學士,71,113
1009,長庚大學,04131005,工商管理學系,D 日,B 學士,236,113
1009,長庚大學,04133007,醫務管理學系,D 日,B 學士,200,113
1009,長庚大學,04133053,國際健康管理學士學位學程,D 日,B 學士,1,113
1009,長庚大學,05123012,生物醫學系,D 日,B 學士,342,113
1009,長庚大學,06131013,資訊管理學系,D 日,B 學士,300,113
1009,長庚大學,06131018,資訊工程學系,D 日,B 學士,240,113
1009,長庚大學,06132054,人工智慧學系,D 日,B 學士,131,113
1009,長庚大學,07111025,化工與材料工程學系,D 日,B 學士,214,113
1009,長庚大學,07141014,電機工程學系,D 日,B 學士,409,113
1009,長庚大學,07141016,電子工程學系,D 日,B 學士,332,113
1009,長庚大學,07151022,機械工程學系,D 日,B 學士,172,113
1009,長庚大學,07193027,生物醫學工程學系,D 日,B 學士,78,113
1009,長庚大學,09121028,醫學系,D 日,B 學士,655,113
1009,長庚大學,09131040,護理學系,D 日,B 學士,474,113
1009,長庚大學,09141046,醫學生物技術暨檢驗學系,D 日,B 學士,239,113
1009,長庚大學,09141048,醫學影像暨放射科學系,D 日,B 學士,148,113
1009,長庚大學,09151037,物理治療學系,D 日,B 學士,214,113
1009,長庚大學,09152038,職能治療學系,D 日,B 學士,198,113
1009,長庚大學,09159042,呼吸治療學系,D 日,B 學士,143,113
1009,長庚大學,09171031,中醫學系,D 日,B 學士,374,113
1010,元智大學,02191001,藝術與設計學系,D 日,B 學士,137,113
1010,元智大學,02299049,人文社會學院英語學士班,D 日,B 學士,137,113
1010,元智大學,02311007,應用外語學系,D 日,B 學士,222,113
1010,元智大學,02322004,中國語文學系,D 日,B 學士,157,113
1010,元智大學,03141009,社會暨政策科學學系,D 日,B 學士,196,113
1010,元智大學,04199018,管理學院學士班,D 日,B 學士,1708,113
1010,元智大學,05211058,淨零碳排永續發展學士後專班,D 日,B 學士,23,113
1010,元智大學,06131011,資訊管理學系,D 日,B 學士,556,113
1010,元智大學,06131028,資訊工程學系,D 日,B 學士,664,113
1010,元智大學,06131051,資訊學院英語學士班,D 日,B 學士,199,113
1010,元智大學,06133013,資訊傳播學系,D 日,B 學士,503,113
1010,元智大學,07111041,化學工程與材料科學學系,D 日,B 學士,479,113
1010,元智大學,07141032,電機通訊學院英語學士班,D 日,B 學士,154,113
1010,元智大學,07141033,電機工程學系,D 日,B 學士,1329,113
1010,元智大學,07151037,機械工程學系,D 日,B 學士,407,113
1010,元智大學,07191043,工業工程與管理學系,D 日,B 學士,446,113
1010,元智大學,07194050,工程學院英語學士班,D 日,B 學士,87,113
1010,元智大學,09131057,護理學系,D 日,B 學士,43,113
1011,中華大學,02123004,工業產品設計學系,D 日,B 學士,3,113
1011,中華大學,02124005,建築與設計學院,P 進,B 學士,24,113
1011,中華大學,02311002,應用日語學系,D 日,B 學士,145,113
1011,中華大學,02311057,人文社會學院進修學士班,P 進,B 學士,0,113
1011,中華大學,02311065,國際人文社會暨智慧商務學院進修學士班,P 進,B 學士,14,113
1011,中華大學,04121012,財務管理學系,D 日,B 學士,109,113
1011,中華大學,04131007,企業管理學系,D 日,B 學士,144,113
1011,中華大學,04131009,國際企業學系,D 日,B 學士,0,113
1011,中華大學,04131017,管理學院,P 進,B 學士,15,113
1011,中華大學,04134006,行政管理學系,D 日,B 學士,69,113
1011,中華大學,04199064,創新產業學院進修學士班,P 進,B 學士,36,113
1011,中華大學,04199067,國際事務暨智慧行銷學士學位學程,D 日,B 學士,1,113
1011,中華大學,05124018,生物資訊學系,D 日,B 學士,0,113
1011,中華大學,06111066,加州大學爾灣分校資訊管理與資料科學學士學位學程,D 日,B 學士,2,113
1011,中華大學,06121062,中華大學美國舊金山州立大學資訊管理與決策科學學士學位學程,D 日,B 學士,5,113
1011,中華大學,06131021,資訊管理學系,D 日,B 學士,163,113
1011,中華大學,06131025,資訊工程學系,D 日,B 學士,424,113
1011,中華大學,06134059,應用外語暨智慧商務學士學位學程,D 日,B 學士,49,113
1011,中華大學,07141022,電機工程學系,D 日,B 學士,335,113
1011,中華大學,07141024,電子工程學系,D 日,B 學士,1,113
1011,中華大學,07151028,機械工程學系,D 日,B 學士,87,113
1011,中華大學,07191015,工業管理學系,D 日,B 學士,283,113
1011,中華大學,07199053,光電與材料工程學系,D 日,B 學士,195,113
1011,中華大學,07311038,建築與都市計畫學系,D 日,B 學士,255,113
1011,中華大學,07312039,景觀建築學系,D 日,B 學士,0,113
1011,中華大學,07321032,土木工程學系,D 日,B 學士,133,113
1011,中華大學,10131041,餐旅管理學系,D 日,B 學士,98,113
1011,中華大學,10131041,餐旅管理學系,P 進,B 學士,14,113
1011,中華大學,10151046,觀光學院,D 日,B 學士,148,113
1011,中華大學,10151052,旅遊與休閒學系,D 日,B 學士,0,113
1011,中華大學,10151055,觀光與會展活動學系,D 日,B 學士,70,113
1011,中華大學,10151056,國際觀光與酒店管理雙學士學位學程,D 日,B 學士,14,113
1012,大葉大學,02112011,視覺傳達設計學系,D 日,B 學士,0,113
1012,大葉大學,02112037,多媒體數位內容學士學位學程,D 日,B 學士,326,113
1012,大葉大學,02121002,造形藝術學系,D 日,B 學士,74,113
1012,大葉大學,02121002,造形藝術學系,P 進,B 學士,1,113
1012,大葉大學,02122010,設計學系,D 日,B 學士,164,113
1012,大葉大學,02122010,設計學系,P 進,B 學士,1,113
1012,大葉大學,02123012,工業設計學系,D 日,B 學士,0,113
1012,大葉大學,02124014,空間設計學系,D 日,B 學士,185,113
1012,大葉大學,02311004,英語學系,D 日,B 學士,56,113
1012,大葉大學,02311006,應用日語學系,D 日,B 學士,109,113
1012,大葉大學,02311006,應用日語學系,P 進,B 學士,3,113
1012,大葉大學,03211018,傳播藝術學士學位學程,D 日,B 學士,46,113
1012,大葉大學,04111020,會計資訊學系,D 日,B 學士,0,113
1012,大葉大學,04111085,會計與資訊管理學系,D 日,B 學士,105,113
1012,大葉大學,04121025,財務金融學系,D 日,B 學士,87,113
1012,大葉大學,04121025,財務金融學系,P 進,B 學士,53,113
1012,大葉大學,04131021,企業管理學系,D 日,B 學士,71,113
1012,大葉大學,04131021,企業管理學系,P 進,B 學士,1,113
1012,大葉大學,04131024,國際企業管理學系,D 日,B 學士,15,113
1012,大葉大學,05121033,生物資源學系,D 日,B 學士,8,113
1012,大葉大學,05121080,生物醫學系,D 日,B 學士,89,113
1012,大葉大學,06131036,資訊管理學系,D 日,B 學士,0,113
1012,大葉大學,06131039,資訊工程學系,D 日,B 學士,102,113
1012,大葉大學,07112050,材料科學與工程學系,D 日,B 學士,10,113
1012,大葉大學,07121054,環境工程學系,D 日,B 學士,54,113
1012,大葉大學,07141038,電機工程學系,D 日,B 學士,133,113
1012,大葉大學,07151046,機械與自動化工程學系,D 日,B 學士,148,113
1012,大葉大學,07151046,機械與自動化工程學系,P 進,B 學士,9,113
1012,大葉大學,07193081,醫學工程學系,D 日,B 學士,52,113
1012,大葉大學,09131065,護理學系,D 日,B 學士,252,113
1012,大葉大學,09131084,學士後護理學系,D 日,B 學士,41,113
1012,大葉大學,09141066,視光學系,D 日,B 學士,112,113
1012,大葉大學,09152082,職能治療學系,D 日,B 學士,82,113
1012,大葉大學,09199083,藥用植物與食品保健學系,D 日,B 學士,110,113
1012,大葉大學,10131067,餐旅管理學系,D 日,B 學士,77,113
1012,大葉大學,10131067,餐旅管理學系,P 進,B 學士,91,113
1012,大葉大學,10142072,運動健康管理學系,D 日,B 學士,154,113
1012,大葉大學,10151069,觀光旅遊學系,D 日,B 學士,0,113
1012,大葉大學,10151069,觀光旅遊學系,P 進,B 學士,0,113
1012,大葉大學,10151086,觀光休閒學系,D 日,B 學士,90,113
1012,大葉大學,10151086,觀光休閒學系,P 進,B 學士,4,113
1012,大葉大學,10152070,休閒事業管理學系,D 日,B 學士,0,113
1012,大葉大學,10152070,休閒事業管理學系,P 進,B 學士,0,113
1012,大葉大學,10199074,烘焙暨飲料調製學士學位學程,D 日,B 學士,78,113
1012,大葉大學,10199075,婚禮企劃暨節慶管理學士學位學程,D 日,B 學士,1,113
1012,大葉大學,10321076,消防安全學士學位學程,D 日,B 學士,52,113
1013,華梵大學,02112024,攝影與VR設計學系,D 日,B 學士,94,113
1013,華梵大學,02122023,智慧生活設計學系,D 日,B 學士,112,113
1013,華梵大學,02123008,工業設計學系,D 日,B 學士,0,113
1013,華梵大學,02131002,美術與文創學系,D 日,B 學士,177,113
1013,華梵大學,02131025,佛教藝術學系,D 日,B 學士,117,113
1013,華梵大學,02191020,藝術設計學院學士班,D 日,B 學士,0,113
1013,華梵大學,02311004,外國語文學系,D 日,B 學士,1,113
1013,華梵大學,06131022,智慧生活科技學系,D 日,B 學士,67,113
1013,華梵大學,07141012,電子工程學系,D 日,B 學士,0,113
1014,義守大學,02111001,電影與電視學系,D 日,B 學士,214,113
1014,義守大學,02122004,傳播與設計學院原住民專班,D 日,B 學士,34,113
1014,義守大學,02122068,國際傳媒與娛樂管理學系,D 日,B 學士,104,113
1014,義守大學,02122073,創意整合設計學系,D 日,B 學士,118,113
1014,義守大學,02122075,新媒體設計學系,D 日,B 學士,135,113
1014,義守大學,02311003,應用日語學系,D 日,B 學士,219,113
1014,義守大學,02311074,國際溝通暨應用英語學系,D 日,B 學士,154,113
1014,義守大學,03211008,大眾傳播學系,D 日,B 學士,213,113
1014,義守大學,03214063,傳播產製英語學士學位學程,D 日,B 學士,0,113
1014,義守大學,04111009,會計學系,D 日,B 學士,165,113
1014,義守大學,04121017,國際財務金融學系,D 日,B 學士,38,113
1014,義守大學,04121066,財務金融管理學系,D 日,B 學士,274,113
1014,義守大學,04121066,財務金融管理學系,P 進,B 學士,59,113
1014,義守大學,04121084,財務與商業分析英語學士學位學程,D 日,B 學士,19,113
1014,義守大學,04131010,企業管理學系,D 日,B 學士,211,113
1014,義守大學,04131010,企業管理學系,P 進,B 學士,87,113
1014,義守大學,04131013,國際企業經營學系,D 日,B 學士,125,113
1014,義守大學,04131015,國際商務學系,D 日,B 學士,185,113
1014,義守大學,04131019,工業管理學系,D 日,B 學士,93,113
1014,義守大學,04131019,工業管理學系,P 進,B 學士,35,113
1014,義守大學,04133018,醫務管理學系,D 日,B 學士,279,113
1014,義守大學,04134007,公共政策與管理學系,D 日,B 學士,89,113
1014,義守大學,04199035,管理學院進修學士班,P 進,B 學士,22,113
1014,義守大學,05121079,醫學科學與生物科技學系,D 日,B 學士,178,113
1014,義守大學,05191044,營養學系,D 日,B 學士,206,113
1014,義守大學,06131024,資訊管理學系,D 日,B 學士,238,113
1014,義守大學,06131024,資訊管理學系,P 進,B 學士,286,113
1014,義守大學,06131027,資訊工程學系,D 日,B 學士,509,113
1014,義守大學,06131069,智慧網路科技學系,D 日,B 學士,97,113
1014,義守大學,06131070,資料科學與大數據分析學系,D 日,B 學士,93,113
1014,義守大學,07111033,化學工程學系,D 日,B 學士,224,113
1014,義守大學,07112034,材料科學與工程學系,D 日,B 學士,273,113
1014,義守大學,07141025,電機工程學系,D 日,B 學士,525,113
1014,義守大學,07141025,電機工程學系,P 進,B 學士,48,113
1014,義守大學,07141026,電子工程學系,D 日,B 學士,226,113
1014,義守大學,07141072,智慧科技英語學士學位學程,D 日,B 學士,88,113
1014,義守大學,07141081,半導體學士學位學程,D 日,B 學士,50,113
1014,義守大學,07151030,機械與自動化工程學系,D 日,B 學士,217,113
1014,義守大學,07193037,生物醫學工程學系,D 日,B 學士,283,113
1014,義守大學,07321031,土木工程學系,D 日,B 學士,175,113
1014,義守大學,09121011,醫學系,D 日,B 學士,166,113
1014,義守大學,09121040,學士後中醫學系,D 日,B 學士,249,113
1014,義守大學,09131046,護理學系,D 日,B 學士,542,113
1014,義守大學,09141050,醫學影像暨放射科學系,D 日,B 學士,378,113
1014,義守大學,09141061,醫學檢驗技術學系,D 日,B 學士,342,113
1014,義守大學,09151042,物理治療學系,D 日,B 學士,397,113
1014,義守大學,09152043,職能治療學系,D 日,B 學士,358,113
1014,義守大學,09191041,健康管理學系,D 日,B 學士,92,113
1014,義守大學,09191041,健康管理學系,P 進,B 學士,0,113
1014,義守大學,09211047,醫學院長期照護原住民專班,D 日,B 學士,0,113
1014,義守大學,10131051,餐旅管理學系,D 日,B 學士,285,113
1014,義守大學,10131051,餐旅管理學系,P 進,B 學士,2,113
1014,義守大學,10131077,廚藝暨美食學學系,D 日,B 學士,247,113
1014,義守大學,10131077,廚藝暨美食學學系,P 進,B 學士,5,113
1014,義守大學,10151055,國際觀光餐旅學系,D 日,B 學士,67,113
1014,義守大學,10151078,觀光智慧服務與科技學系,D 日,B 學士,118,113
1014,義守大學,10151078,觀光智慧服務與科技學系,P 進,B 學士,5,113
1014,義守大學,10151082,智慧觀光餐旅管理英語學士學位學程,D 日,B 學士,45,113
1014,義守大學,10152076,運動科技與休閒管理學系,D 日,B 學士,91,113
1014,義守大學,10152076,運動科技與休閒管理學系,P 進,B 學士,19,113
1014,義守大學,10199059,觀光餐旅學院原住民專班,D 日,B 學士,31,113
1014,義守大學,10199059,觀光餐旅學院進修學士班,P 進,B 學士,18,113
1015,世新大學,02111018,廣播電視電影學系,D 日,B 學士,1604,113
1015,世新大學,02111045,影視進修學士學位學程,P 進,B 學士,302,113
1015,世新大學,02112004,數位多媒體設計學系,D 日,B 學士,538,113
1015,世新大學,02112048,圖文傳播學系,D 日,B 學士,587,113
1015,世新大學,02112048,圖文傳播學系,P 進,B 學士,212,113
1015,世新大學,02311003,日本語文學系,D 日,B 學士,353,113
1015,世新大學,02311044,英語暨傳播應用學系,D 日,B 學士,206,113
1015,世新大學,02322001,中國文學系,D 日,B 學士,99,113
1015,世新大學,03111005,經濟學系,D 日,B 學士,240,113
1015,世新大學,03141008,社會心理學系,D 日,B 學士,316,113
1015,世新大學,03211016,傳播匯流與創新管理學士學位學程,P 進,B 學士,0,113
1015,世新大學,03211038,新聞傳播學院全媒體原住民專班,D 日,B 學士,22,113
1015,世新大學,03212017,新聞學系,D 日,B 學士,633,113
1015,世新大學,03214013,資訊傳播學系,D 日,B 學士,315,113
1015,世新大學,03214014,口語傳播暨社群媒體學系,D 日,B 學士,502,113
1015,世新大學,03214038,全媒體學士學位學程,P 進,B 學士,164,113
1015,世新大學,04121024,財務金融學系,D 日,B 學士,314,113
1015,世新大學,04131023,企業管理學系,D 日,B 學士,194,113
1015,世新大學,04131023,企業管理學系,P 進,B 學士,72,113
1015,世新大學,04134009,行政管理學系,D 日,B 學士,235,113
1015,世新大學,04143019,公共關係暨廣告學系,D 日,B 學士,858,113
1015,世新大學,04199025,傳播管理學系,D 日,B 學士,666,113
1015,世新大學,04211026,法律學系,D 日,B 學士,460,113
1015,世新大學,06131028,資訊管理學系,D 日,B 學士,644,113
1015,世新大學,10151029,觀光學系,D 日,B 學士,427,113
1016,銘傳大學,02112012,數位媒體設計學系,D 日,B 學士,605,113
1016,銘傳大學,02112072,商業設計學系,D 日,B 學士,454,113
1016,銘傳大學,02121090,動漫文創設計學士學位學程,D 日,B 學士,165,113
1016,銘傳大學,02123073,商品設計學系,D 日,B 學士,362,113
1016,銘傳大學,02125095,時尚與創新管理學士學位學程,D 日,B 學士,145,113
1016,銘傳大學,02311010,應用日語學系,D 日,B 學士,503,113
1016,銘傳大學,02311031,應用英語學系,D 日,B 學士,356,113
1016,銘傳大學,02322002,應用中國文學系,D 日,B 學士,216,113
1016,銘傳大學,02323042,華語文教學學系,D 日,B 學士,155,113
1016,銘傳大學,03122005,國際事務與外交學士學位學程,D 日,B 學士,137,113
1016,銘傳大學,03131102,諮商臨床與工商心理學系,D 日,B 學士,466,113
1016,銘傳大學,03141088,犯罪防治學系,D 日,B 學士,485,113
1016,銘傳大學,03211047,廣播電視學系,D 日,B 學士,423,113
1016,銘傳大學,03211063,新聞與大眾傳播學士學位學程,D 日,B 學士,231,113
1016,銘傳大學,03212046,新聞學系,D 日,B 學士,0,113
1016,銘傳大學,03212104,影音新聞暨社群傳播學系,D 日,B 學士,158,113
1016,銘傳大學,03213064,新媒體暨傳播管理學系,D 日,B 學士,310,113
1016,銘傳大學,04111032,會計學系,D 日,B 學士,686,113
1016,銘傳大學,04121020,財務金融學系,D 日,B 學士,748,113
1016,銘傳大學,04121021,金融學系,D 日,B 學士,301,113
1016,銘傳大學,04121059,經濟與金融學系,D 日,B 學士,0,113
1016,銘傳大學,04123056,風險管理與保險學系,D 日,B 學士,403,113
1016,銘傳大學,04131017,國際企業與貿易學士學位學程,D 日,B 學士,555,113
1016,銘傳大學,04131036,企業管理學系,D 日,B 學士,782,113
1016,銘傳大學,04131061,國際企業學系,D 日,B 學士,737,113
1016,銘傳大學,04131100,國際學院工商管理學士學位學程泰國境外專班,D 日,B 學士,21,113
1016,銘傳大學,04133022,醫療資訊與管理學系,D 日,B 學士,316,113
1016,銘傳大學,04134099,公共事務與行政管理學系,D 日,B 學士,224,113
1016,銘傳大學,04141097,國際商務管理泰國境外學士學位學程,D 日,B 學士,0,113
1016,銘傳大學,04143015,廣告暨策略行銷學系,D 日,B 學士,371,113
1016,銘傳大學,04199027,時尚創意管理學士學位學程,D 日,B 學士,0,113
1016,銘傳大學,04199089,金融科技應用學士學位學程,D 日,B 學士,174,113
1016,銘傳大學,04211039,法律學系,D 日,B 學士,419,113
1016,銘傳大學,04212024,財金法律學系,D 日,B 學士,206,113
1016,銘傳大學,05121009,生物科技學系,D 日,B 學士,383,113
1016,銘傳大學,05421079,應用統計與資料科學學系,D 日,B 學士,224,113
1016,銘傳大學,06131029,資訊工程學系,D 日,B 學士,602,113
1016,銘傳大學,06131045,資訊管理學系,D 日,B 學士,633,113
1016,銘傳大學,06132101,人工智慧應用學系,D 日,B 學士,402,113
1016,銘傳大學,06134068,資訊科技應用學士學位學程,D 日,B 學士,1,113
1016,銘傳大學,06134096,資訊科技應用與管理學士學位學程,D 日,B 學士,79,113
1016,銘傳大學,07141025,電子工程學系,D 日,B 學士,339,113
1016,銘傳大學,07141050,電腦與通訊工程學系,D 日,B 學士,361,113
1016,銘傳大學,07141105,半導體應用學士學位學程,D 日,B 學士,41,113
1016,銘傳大學,07193043,生物醫學工程學系,D 日,B 學士,183,113
1016,銘傳大學,07311026,建築學系,D 日,B 學士,262,113
1016,銘傳大學,07313048,都市規劃與防災學系,D 日,B 學士,172,113
1016,銘傳大學,10131044,餐旅管理學系,D 日,B 學士,428,113
1016,銘傳大學,10151008,旅遊與觀光學士學位學程,D 日,B 學士,74,113
1016,銘傳大學,10151033,觀光事業學系,D 日,B 學士,267,113
1016,銘傳大學,10152076,休閒遊憩管理學系,D 日,B 學士,248,113
1017,實踐大學,02112012,媒體傳達設計學系,D 日,B 學士,405,113
1017,實踐大學,02112013,電腦動畫學士學位學程,D 日,B 學士,214,113
1017,實踐大學,02112039,資訊模擬與設計學系,D 日,B 學士,254,113
1017,實踐大學,02112058,視覺特效學士學位學程,D 日,B 學士,14,113
1017,實踐大學,02121057,建築職人學士學位學程,D 日,B 學士,45,113
1017,實踐大學,02122009,時尚設計學系,D 日,B 學士,425,113
1017,實踐大學,02123014,工業產品設計學系,D 日,B 學士,255,113
1017,實踐大學,02125051,服裝設計學系,D 日,B 學士,541,113
1017,實踐大學,02125051,服裝設計學系,P 進,B 學士,296,113
1017,實踐大學,02125053,服飾設計與經營學系,D 日,B 學士,358,113
1017,實踐大學,02125053,服飾設計與經營學系,P 進,B 學士,7,113
1017,實踐大學,02151001,音樂學系,D 日,B 學士,146,113
1017,實踐大學,02311004,應用外語學系,D 日,B 學士,347,113
1017,實踐大學,02311004,應用外語學系,P 進,B 學士,51,113
1017,實踐大學,02311005,應用英語學系,D 日,B 學士,47,113
1017,實踐大學,02311006,應用日文學系,D 日,B 學士,304,113
1017,實踐大學,02322002,應用中文學系,D 日,B 學士,43,113
1017,實踐大學,04111019,會計學系,D 日,B 學士,306,113
1017,實踐大學,04111020,會計暨稅務學系,D 日,B 學士,92,113
1017,實踐大學,04121029,財務金融學系,D 日,B 學士,412,113
1017,實踐大學,04121029,財務金融學系,P 進,B 學士,59,113
1017,實踐大學,04121032,金融管理學系,D 日,B 學士,189,113
1017,實踐大學,04123033,風險管理與保險學系,D 日,B 學士,373,113
1017,實踐大學,04123033,風險管理與保險學系,P 進,B 學士,0,113
1017,實踐大學,04131021,企業管理學系,D 日,B 學士,438,113
1017,實踐大學,04131021,企業管理學系,P 進,B 學士,150,113
1017,實踐大學,04131022,國際企業管理學系,D 日,B 學士,156,113
1017,實踐大學,04131023,國際企業英語學士學位學程,D 日,B 學士,170,113
1017,實踐大學,04131056,東南亞智慧商務學士學位學程,D 日,B 學士,21,113
1017,實踐大學,04141026,國際貿易學系,D 日,B 學士,49,113
1017,實踐大學,04141028,國際經營與貿易學系,D 日,B 學士,402,113
1017,實踐大學,04141028,國際經營與貿易學系,P 進,B 學士,4,113
1017,實踐大學,04143035,行銷管理學系,D 日,B 學士,45,113
1017,實踐大學,04211055,法律學系,D 日,B 學士,84,113
1017,實踐大學,05191043,食品營養與保健生技學系,D 日,B 學士,363,113
1017,實踐大學,06131037,資訊科技與管理學系,D 日,B 學士,390,113
1017,實踐大學,06131038,資訊管理學系,D 日,B 學士,137,113
1017,實踐大學,06131040,資訊科技與通訊學系,D 日,B 學士,195,113
1017,實踐大學,07311041,建築設計學系,D 日,B 學士,245,113
1017,實踐大學,09221045,家庭研究與兒童發展學系,D 日,B 學士,228,113
1017,實踐大學,09221045,家庭研究與兒童發展學系,P 進,B 學士,135,113
1017,實踐大學,09231044,社會工作學系,D 日,B 學士,403,113
1017,實踐大學,09231044,社會工作學系,P 進,B 學士,81,113
1017,實踐大學,10131046,餐飲管理學系,D 日,B 學士,304,113
1017,實踐大學,10131046,餐飲管理學系,P 進,B 學士,110,113
1017,實踐大學,10131054,智慧服務管理英語學士學位學程,D 日,B 學士,111,113
1017,實踐大學,10151047,觀光管理學系,D 日,B 學士,174,113
1017,實踐大學,10151047,觀光管理學系,P 進,B 學士,26,113
1017,實踐大學,10152049,休閒產業管理學系,D 日,B 學士,161,113
1019,高雄醫學大學,03131002,心理學系,D 日,B 學士,223,113
1019,高雄醫學大學,04133003,醫務管理暨醫療資訊學系,D 日,B 學士,217,113
1019,高雄醫學大學,05111016,生物醫學暨環境生物學系,D 日,B 學士,171,113
1019,高雄醫學大學,05121005,生物科技學系,D 日,B 學士,162,113
1019,高雄醫學大學,05121051,生命科學院學士班,D 日,B 學士,27,113
1019,高雄醫學大學,05311017,醫藥暨應用化學系,D 日,B 學士,333,113
1019,高雄醫學大學,09111044,牙醫學系,D 日,B 學士,532,113
1019,高雄醫學大學,09111046,口腔衛生學系,D 日,B 學士,145,113
1019,高雄醫學大學,09121011,醫學系,D 日,B 學士,1098,113
1019,高雄醫學大學,09131032,護理學系,D 日,B 學士,271,113
1019,高雄醫學大學,09141036,醫學檢驗生物技術學系,D 日,B 學士,153,113
1019,高雄醫學大學,09141037,醫學影像暨放射科學系,D 日,B 學士,155,113
1019,高雄醫學大學,09151028,物理治療學系,D 日,B 學士,177,113
1019,高雄醫學大學,09152029,職能治療學系,D 日,B 學士,190,113
1019,高雄醫學大學,09159030,運動醫學系,D 日,B 學士,217,113
1019,高雄醫學大學,09161024,藥學系,D 日,B 學士,509,113
1019,高雄醫學大學,09161027,香粧品學系,D 日,B 學士,245,113
1019,高雄醫學大學,09191021,公共衛生學系,D 日,B 學士,175,113
1019,高雄醫學大學,09199033,呼吸治療學系,D 日,B 學士,182,113
1019,高雄醫學大學,09231049,醫學社會學與社會工作學系,D 日,B 學士,239,113
1020,南華大學,01121001,幼兒教育學系,D 日,B 學士,134,113
1020,南華大學,02111059,視覺藝術與設計學系,D 日,B 學士,168,113
1020,南華大學,02122062,產品與室內設計學系,D 日,B 學士,181,113
1020,南華大學,02122062,產品與室內設計學系,P 進,B 學士,27,113
1020,南華大學,02151003,民族音樂學系,D 日,B 學士,98,113
1020,南華大學,02299011,生死學系,D 日,B 學士,542,113
1020,南華大學,02299011,生死學系,P 進,B 學士,109,113
1020,南華大學,02311008,外國語文學系,D 日,B 學士,88,113
1020,南華大學,02322009,文學系,D 日,B 學士,107,113
1020,南華大學,03122019,國際事務與企業學系,D 日,B 學士,145,113
1020,南華大學,03141017,應用社會學系,D 日,B 學士,193,113
1020,南華大學,03214026,傳播學系,D 日,B 學士,186,113
1020,南華大學,04121031,財務金融學系,D 日,B 學士,173,113
1020,南華大學,04131029,企業管理學系,D 日,B 學士,124,113
1020,南華大學,04141030,管理學院國際企業學士學位學程,D 日,B 學士,119,113
1020,南華大學,04199033,文化創意事業管理學系,D 日,B 學士,107,113
1020,南華大學,05121040,自然生物科技學系,D 日,B 學士,169,113
1020,南華大學,06121043,科技學院資訊科技進修學士班,P 進,B 學士,82,113
1020,南華大學,06131042,資訊管理學系,D 日,B 學士,166,113
1020,南華大學,07141044,資訊工程學系,D 日,B 學士,285,113
1020,南華大學,07311064,建築學系,D 日,B 學士,181,113
1020,南華大學,10141061,運動與健康促進學士學位學程,D 日,B 學士,158,113
1020,南華大學,10151048,旅遊管理學系,D 日,B 學士,147,113
1021,真理大學,02151001,音樂應用學系,D 日,B 學士,78,113
1021,真理大學,02211064,宗教文化與資訊管理學系,D 日,B 學士,86,113
1021,真理大學,02299013,人文與資訊學系,D 日,B 學士,62,113
1021,真理大學,02311006,英美語文學系,D 日,B 學士,83,113
1021,真理大學,02311009,應用日語學系,D 日,B 學士,148,113
1021,真理大學,02321002,台灣文學系,D 日,B 學士,58,113
1021,真理大學,03111014,經濟學系,D 日,B 學士,76,113
1021,真理大學,03214058,運動資訊傳播學系,D 日,B 學士,116,113
1021,真理大學,04111019,會計資訊學系,D 日,B 學士,64,113
1021,真理大學,04111066,理財與稅務規劃學系,D 日,B 學士,46,113
1021,真理大學,04121024,財務金融學系,D 日,B 學士,98,113
1021,真理大學,04131020,企業管理學系,D 日,B 學士,103,113
1021,真理大學,04141067,國際企業與貿易學系,D 日,B 學士,102,113
1021,真理大學,04199029,工業管理與經營資訊學系,D 日,B 學士,50,113
1021,真理大學,04199057,運動管理學系,D 日,B 學士,184,113
1021,真理大學,04199062,航空事業學系,D 日,B 學士,82,113
1021,真理大學,04211031,法律學系,D 日,B 學士,176,113
1021,真理大學,05499065,統計資訊與精算學系,D 日,B 學士,53,113
1021,真理大學,06131041,資訊工程學系,D 日,B 學士,149,113
1021,真理大學,06134039,資訊管理學系,D 日,B 學士,84,113
1021,真理大學,10151044,觀光事業學系,D 日,B 學士,216,113
1021,真理大學,10151045,觀光數位知識學系,D 日,B 學士,79,113
1022,大同大學,02112004,媒體設計學系,D 日,B 學士,348,113
1022,大同大學,02123005,工業設計學系,D 日,B 學士,363,113
1022,大同大學,02311001,應用外語學系,D 日,B 學士,156,113
1022,大同大學,04131007,事業經營學系,D 日,B 學士,309,113
1022,大同大學,06131006,資訊經營學系,D 日,B 學士,183,113
1022,大同大學,06131012,資訊工程學系,D 日,B 學士,493,113
1022,大同大學,07111021,化學工程與生物科技學系,D 日,B 學士,326,113
1022,大同大學,07141010,電機工程學系,D 日,B 學士,474,113
1022,大同大學,07151023,機械與材料工程學系,D 日,B 學士,361,113
1022,大同大學,07194022,工程學院學士班,D 日,B 學士,42,113
1027,慈濟大學,02311038,外國語文學系,D 日,B 學士,31,113
1027,慈濟大學,02322004,東方語文學系,D 日,B 學士,95,113
1027,慈濟大學,03131008,人類發展與心理學系,D 日,B 學士,108,113
1027,慈濟大學,03213036,國際數位媒體科技學士學位學程,D 日,B 學士,38,113
1027,慈濟大學,03214009,傳播學系,D 日,B 學士,96,113
1027,慈濟大學,04131035,國際服務產業管理學士學位學程,D 日,B 學士,33,113
1027,慈濟大學,04131058,經營管理學系,D 日,B 學士,159,113
1027,慈濟大學,04133054,醫務暨健康管理學系,D 日,B 學士,105,113
1027,慈濟大學,05121012,分子生物暨人類遺傳學系,D 日,B 學士,91,113
1027,慈濟大學,06131048,資訊科技與管理學系,D 日,B 學士,155,113
1027,慈濟大學,06133032,醫學資訊學系,D 日,B 學士,108,113
1027,慈濟大學,07193039,生物醫學暨工程學系,D 日,B 學士,95,113
1027,慈濟大學,09121015,醫學系,D 日,B 學士,336,113
1027,慈濟大學,09121023,學士後中醫學系,D 日,B 學士,222,113
1027,慈濟大學,09131028,護理系,D 日,B 學士,878,113
1027,慈濟大學,09131042,學士後護理學系,D 日,B 學士,29,113
1027,慈濟大學,09141031,醫學檢驗生物技術學系,D 日,B 學士,202,113
1027,慈濟大學,09141052,醫學影像暨放射科學系,D 日,B 學士,96,113
1027,慈濟大學,09151027,物理治療學系,D 日,B 學士,181,113
1027,慈濟大學,09161043,藥學系,D 日,B 學士,17,113
1027,慈濟大學,09191024,公共衛生學系,D 日,B 學士,71,113
1027,慈濟大學,09221002,兒童發展與家庭教育學系,D 日,B 學士,114,113
1027,慈濟大學,09231034,社會工作學系,D 日,B 學士,106,113
1027,慈濟大學,10131057,廚藝管理系,D 日,B 學士,0,113
1028,臺北醫學大學,04133002,醫務管理學系,D 日,B 學士,275,113
1028,臺北醫學大學,05191032,保健營養學系,D 日,B 學士,239,113
1028,臺北醫學大學,07193009,生物醫學工程學系,D 日,B 學士,144,113
1028,臺北醫學大學,07211012,食品安全學系,D 日,B 學士,116,113
1028,臺北醫學大學,09111044,牙醫學系,D 日,B 學士,557,113
1028,臺北醫學大學,09111045,牙體技術學系,D 日,B 學士,146,113
1028,臺北醫學大學,09111046,口腔衛生學系,D 日,B 學士,111,113
1028,臺北醫學大學,09121013,醫學系,D 日,B 學士,912,113
1028,臺北醫學大學,09131037,護理學系,D 日,B 學士,349,113
1028,臺北醫學大學,09141041,醫學檢驗暨生物技術學系,D 日,B 學士,246,113
1028,臺北醫學大學,09161024,藥學系,D 日,B 學士,894,113
1028,臺北醫學大學,09191020,公共衛生學系,D 日,B 學士,174,113
1028,臺北醫學大學,09199035,呼吸治療學系,D 日,B 學士,163,113
1028,臺北醫學大學,09211065,高齡健康暨長期照護學系,D 日,B 學士,198,113
1029,中山醫學大學,02311003,應用外國語言學系,D 日,B 學士,177,113
1029,中山醫學大學,03131004,心理學系,D 日,B 學士,219,113
1029,中山醫學大學,04133006,醫療產業科技管理學系,D 日,B 學士,192,113
1029,中山醫學大學,05121012,生物醫學科學學系,D 日,B 學士,314,113
1029,中山醫學大學,05191026,營養學系,D 日,B 學士,394,113
1029,中山醫學大學,05399015,醫學應用化學系,D 日,B 學士,178,113
1029,中山醫學大學,06131033,醫學資訊學系,D 日,B 學士,182,113
1029,中山醫學大學,09111038,牙醫學系,D 日,B 學士,481,113
1029,中山醫學大學,09121018,醫學系,D 日,B 學士,869,113
1029,中山醫學大學,09131028,護理學系,D 日,B 學士,464,113
1029,中山醫學大學,09141030,醫學檢驗暨生物技術學系,D 日,B 學士,338,113
1029,中山醫學大學,09141031,醫學影像暨放射科學系,D 日,B 學士,307,113
1029,中山醫學大學,09141032,視光學系,D 日,B 學士,237,113
1029,中山醫學大學,09151022,物理治療學系,D 日,B 學士,225,113
1029,中山醫學大學,09152023,職能治療學系,D 日,B 學士,190,113
1029,中山醫學大學,09153024,語言治療與聽力學系,D 日,B 學士,394,113
1029,中山醫學大學,09191020,公共衛生學系,D 日,B 學士,288,113
1029,中山醫學大學,09231045,醫學社會暨社會工作學系,D 日,B 學士,381,113
1029,中山醫學大學,10131049,健康產業科技管理學系,D 日,B 學士,152,113
1029,中山醫學大學,10221021,職業安全衛生學系,D 日,B 學士,226,113
1033,長榮大學,02111081,數位媒體設計學系,D 日,B 學士,105,113
1033,長榮大學,02112016,數位內容設計學系,D 日,B 學士,0,113
1033,長榮大學,02112064,互動設計學系,D 日,B 學士,60,113
1033,長榮大學,02131001,美術學系,D 日,B 學士,95,113
1033,長榮大學,02131002,書畫藝術學系,D 日,B 學士,70,113
1033,長榮大學,02141004,台灣文化創意產業學士學位學程,D 日,B 學士,44,113
1033,長榮大學,02231012,應用哲學系,D 日,B 學士,36,113
1033,長榮大學,02299066,東南亞文化與產業學士學位學程,D 日,B 學士,58,113
1033,長榮大學,02311005,應用日語學系,D 日,B 學士,226,113
1033,長榮大學,02311076,日語進修學士學位學程,P 進,B 學士,19,113
1033,長榮大學,02312007,翻譯學系,D 日,B 學士,136,113
1033,長榮大學,03131018,健康心理學系,D 日,B 學士,156,113
1033,長榮大學,03211021,大眾傳播學系,D 日,B 學士,160,113
1033,長榮大學,04111024,會計資訊學系,D 日,B 學士,106,113
1033,長榮大學,04121030,財務金融學系,D 日,B 學士,214,113
1033,長榮大學,04131025,企業管理學系,D 日,B 學士,156,113
1033,長榮大學,04131028,國際企業學系,D 日,B 學士,135,113
1033,長榮大學,04133031,醫務管理學系,D 日,B 學士,95,113
1033,長榮大學,04141029,國際會展管理學士學位學程,D 日,B 學士,4,113
1033,長榮大學,04199027,管理進修學士學位學程,P 進,B 學士,106,113
1033,長榮大學,04199067,創新應用管理學系,D 日,B 學士,18,113
1033,長榮大學,05121035,生物科技學系,D 日,B 學士,113,113
1033,長榮大學,05191048,保健營養學系,D 日,B 學士,115,113
1033,長榮大學,05211065,永續發展國際學士學位學程,D 日,B 學士,60,113
1033,長榮大學,05211078,綠能與環境資源學系,D 日,B 學士,110,113
1033,長榮大學,06131037,資訊管理學系,D 日,B 學士,84,113
1033,長榮大學,06131039,資訊工程學系,D 日,B 學士,208,113
1033,長榮大學,07141041,科技工程與管理學系,D 日,B 學士,1,113
1033,長榮大學,07162069,無人機應用學士學位學程,D 日,B 學士,43,113
1033,長榮大學,07211083,食品安全衛生與檢驗學士學位學程,D 日,B 學士,104,113
1033,長榮大學,07313042,土地管理與開發學系,D 日,B 學士,58,113
1033,長榮大學,08199075,蘭花產業應用學士學位學程,D 日,B 學士,9,113
1033,長榮大學,09131049,護理學系,D 日,B 學士,223,113
1033,長榮大學,09199071,醫藥科學產業學系,D 日,B 學士,89,113
1033,長榮大學,09211070,醫學社會暨健康照護學士學位學程,D 日,B 學士,47,113
1033,長榮大學,09231055,社會工作學系,D 日,B 學士,173,113
1033,長榮大學,10141058,運動競技學系,D 日,B 學士,162,113
1033,長榮大學,10141058,運動競技學系,P 進,B 學士,38,113
1033,長榮大學,10151056,觀光與餐飲服務事業進修學士學位學程,P 進,B 學士,12,113
1033,長榮大學,10151057,觀光與餐飲管理學系,D 日,B 學士,145,113
1033,長榮大學,10221045,職業安全與衛生學系,D 日,B 學士,176,113
1033,長榮大學,10221079,職安消防進修學士學位學程現役軍人營區專班,P 進,B 學士,5,113
1033,長榮大學,10321062,消防安全學士學位學程,D 日,B 學士,123,113
1033,長榮大學,10412061,航運管理學系,D 日,B 學士,324,113
1035,中國醫藥大學,04133029,醫務管理學系,D 日,B 學士,65,113
1035,中國醫藥大學,05121043,生物科技學系,D 日,B 學士,212,113
1035,中國醫藥大學,05191021,營養學系,D 日,B 學士,303,113
1035,中國醫藥大學,06199067,醫療資訊學系,D 日,B 學士,37,113
1035,中國醫藥大學,07193031,生物醫學工程學系,D 日,B 學士,119,113
1035,中國醫藥大學,09111019,牙醫學系,D 日,B 學士,313,113
1035,中國醫藥大學,09121014,中醫學系,D 日,B 學士,1353,113
1035,中國醫藥大學,09121016,醫學系,D 日,B 學士,804,113
1035,中國醫藥大學,09131045,護理學系,D 日,B 學士,300,113
1035,中國醫藥大學,09141017,醫學檢驗生物技術學系,D 日,B 學士,182,113
1035,中國醫藥大學,09141032,生物醫學影像暨放射科學學系,D 日,B 學士,217,113
1035,中國醫藥大學,09151010,物理治療學系,D 日,B 學士,255,113
1035,中國醫藥大學,09159047,運動醫學系,D 日,B 學士,185,113
1035,中國醫藥大學,09161034,藥學系,D 日,B 學士,1300,113
1035,中國醫藥大學,09161039,中國藥學暨中藥資源學系,D 日,B 學士,116,113
1035,中國醫藥大學,09161042,藥用化妝品學系,D 日,B 學士,193,113
1035,中國醫藥大學,09191026,公共衛生學系,D 日,B 學士,181,113
1035,中國醫藥大學,09191056,公共衛生學院大一不分系,D 日,B 學士,143,113
1035,中國醫藥大學,10221038,職業安全與衛生學系,D 日,B 學士,162,113
1039,玄奘大學,02112013,視覺傳達設計學系,D 日,B 學士,80,113
1039,玄奘大學,02125012,時尚設計學系,D 日,B 學士,24,113
1039,玄奘大學,02152004,影劇藝術學系,D 日,B 學士,55,113
1039,玄奘大學,02199005,藝術與創意設計學系,D 日,B 學士,84,113
1039,玄奘大學,02199044,藝術設計學院學士班,D 日,B 學士,4,113
1039,玄奘大學,02211010,宗教與文化學系,D 日,B 學士,50,113
1039,玄奘大學,02311043,應用日語學系,D 日,B 學士,92,113
1039,玄奘大學,03131016,應用心理學系,D 日,B 學士,175,113
1039,玄奘大學,03211018,大眾傳播學系,D 日,B 學士,91,113
1039,玄奘大學,04211032,法律學系,D 日,B 學士,75,113
1039,玄奘大學,06134034,資訊管理學系,D 日,B 學士,0,113
1039,玄奘大學,09231036,社會工作學系,D 日,B 學士,52,113
1039,玄奘大學,10131040,餐旅管理學系,D 日,B 學士,114,113
1048,亞洲大學,01121001,幼兒教育學系,D 日,B 學士,377,113
1048,亞洲大學,02112006,視覺傳達設計學系,D 日,B 學士,0,113
1048,亞洲大學,02112007,數位媒體設計學系,D 日,B 學士,677,113
1048,亞洲大學,02122004,時尚設計學系,D 日,B 學士,255,113
1048,亞洲大學,02122005,創意設計學院不分系國際設計學士班,D 日,B 學士,4,113
1048,亞洲大學,02123011,創意商品設計學系,D 日,B 學士,261,113
1048,亞洲大學,02123011,創意商品設計學系,P 進,B 學士,46,113
1048,亞洲大學,02124012,室內設計學系,D 日,B 學士,273,113
1048,亞洲大學,02311002,外國語文學系,D 日,B 學士,178,113
1048,亞洲大學,03131013,心理學系,D 日,B 學士,521,113
1048,亞洲大學,03213014,資訊傳播學系,D 日,B 學士,344,113
1048,亞洲大學,04111015,會計與資訊學系,D 日,B 學士,231,113
1048,亞洲大學,04121019,財務金融學系,D 日,B 學士,402,113
1048,亞洲大學,04131017,經營管理學系,D 日,B 學士,696,113
1048,亞洲大學,04131017,經營管理學系,P 進,B 學士,128,113
1048,亞洲大學,04199026,管理學院進修學士學位學程,P 進,B 學士,10,113
1048,亞洲大學,04212027,財經法律學系,D 日,B 學士,337,113
1048,亞洲大學,05191053,食品營養與保健生技學系,D 日,B 學士,390,113
1048,亞洲大學,05191053,食品營養與保健生技學系,P 進,B 學士,73,113
1048,亞洲大學,06134033,行動商務與多媒體應用學系,D 日,B 學士,264,113
1048,亞洲大學,06134037,資訊工程學系,D 日,B 學士,538,113
1048,亞洲大學,07193029,生物資訊與醫學工程學系,D 日,B 學士,249,113
1048,亞洲大學,08411045,學士後獸醫學系,D 日,B 學士,178,113
1048,亞洲大學,09131046,護理學系,D 日,B 學士,609,113
1048,亞洲大學,09131061,學士後護理學系,D 日,B 學士,138,113
1048,亞洲大學,09141047,視光學系,D 日,B 學士,381,113
1048,亞洲大學,09141060,醫學檢驗暨生物技術學系,D 日,B 學士,319,113
1048,亞洲大學,09151056,物理治療學系,D 日,B 學士,222,113
1048,亞洲大學,09152052,職能治療學系,D 日,B 學士,292,113
1048,亞洲大學,09153051,聽力暨語言治療學系,D 日,B 學士,268,113
1048,亞洲大學,09211021,健康產業管理學系,D 日,B 學士,420,113
1048,亞洲大學,09211025,長期照護學系,D 日,B 學士,45,113
1048,亞洲大學,09231048,社會工作學系,D 日,B 學士,392,113
1048,亞洲大學,09231048,社會工作學系,P 進,B 學士,71,113
1048,亞洲大學,10151049,休閒與遊憩管理學系,D 日,B 學士,0,113
1049,開南大學,02111058,電影與創意媒體學系,D 日,B 學士,171,113
1049,開南大學,02125060,形象管理學士學位學程,D 日,B 學士,0,113
1049,開南大學,02125060,形象管理進修學士學位學程,P 進,B 學士,74,113
1049,開南大學,02299065,文化創意與治理進修學士學位學程,P 進,B 學士,53,113
1049,開南大學,02311006,應用英語學系,D 日,B 學士,146,113
1049,開南大學,02311006,應用英語學系,P 進,B 學士,77,113
1049,開南大學,02311008,應用日語學系,D 日,B 學士,291,113
1049,開南大學,02311008,應用日語學系,P 進,B 學士,89,113
1049,開南大學,02323004,應用華語學系,D 日,B 學士,336,113
1049,開南大學,03213003,資訊傳播學系,D 日,B 學士,126,113
1049,開南大學,04111014,會計學系,D 日,B 學士,4,113
1049,開南大學,04111014,會計學系,P 進,B 學士,1,113
1049,開南大學,04131016,國際企業學系,D 日,B 學士,155,113
1049,開南大學,04131016,國際企業學系,P 進,B 學士,146,113
1049,開南大學,04131017,企業與創業管理學系,D 日,B 學士,136,113
1049,開南大學,04131017,企業與創業管理學系,P 進,B 學士,135,113
1049,開南大學,04131031,商學院國際榮譽學士學位學程,D 日,B 學士,73,113
1049,開南大學,04132062,國際物流與運輸管理學系,D 日,B 學士,245,113
1049,開南大學,04132062,國際物流與運輸管理學系,P 進,B 學士,54,113
1049,開南大學,04143024,行銷學系,D 日,B 學士,4,113
1049,開南大學,04199061,數位多媒體設計學系,P 進,B 學士,0,113
1049,開南大學,04211011,法律學系,D 日,B 學士,193,113
1049,開南大學,04211011,法律學系,P 進,B 學士,178,113
1049,開南大學,05191037,保健營養學系,D 日,B 學士,110,113
1049,開南大學,06131032,資訊管理學系,D 日,B 學士,202,113
1049,開南大學,06131032,資訊管理學系,P 進,B 學士,39,113
1049,開南大學,06199066,AI科技與創新設計學士學位學程,D 日,B 學士,20,113
1049,開南大學,09191026,健康產業管理學系,D 日,B 學士,129,113
1049,開南大學,09191026,健康產業管理學系,P 進,B 學士,28,113
1049,開南大學,09199038,養生與健康行銷學系,D 日,B 學士,0,113
1049,開南大學,10131039,觀光與餐飲旅館學系,D 日,B 學士,379,113
1049,開南大學,10131039,觀光與餐飲旅館學系,P 進,B 學士,189,113
1049,開南大學,10152043,休閒事業管理學系,D 日,B 學士,104,113
1049,開南大學,10411059,交通運輸學系,D 日,B 學士,1,113
1049,開南大學,10413046,空運管理學系,D 日,B 學士,272,113
1049,開南大學,10413046,空運管理學系,P 進,B 學士,4,113
1050,佛光大學,02123018,產品與媒體設計學系,D 日,B 學士,207,113
1050,佛光大學,02211010,佛教學系,D 日,B 學士,65,113
1050,佛光大學,02221011,歷史學系,D 日,B 學士,85,113
1050,佛光大學,02299015,文化資產與創意學系,D 日,B 學士,35,113
1050,佛光大學,02311007,外國語文學系,D 日,B 學士,114,113
1050,佛光大學,02322006,中國文學與應用學系,D 日,B 學士,58,113
1050,佛光大學,03111020,應用經濟學系,D 日,B 學士,142,113
1050,佛光大學,03131024,心理學系,D 日,B 學士,179,113
1050,佛光大學,03141023,未來與樂活產業學系,D 日,B 學士,0,113
1050,佛光大學,03141041,樂活產業學系,D 日,B 學士,93,113
1050,佛光大學,03211028,傳播學系,D 日,B 學士,206,113
1050,佛光大學,04131030,管理學系,D 日,B 學士,84,113
1050,佛光大學,04134025,公共事務學系,D 日,B 學士,113,113
1050,佛光大學,06134032,資訊應用學系,D 日,B 學士,158,113
1050,佛光大學,07311042,建築環境設計學士學位學程,D 日,B 學士,13,113
1050,佛光大學,09231035,社會學暨社會工作學系,D 日,B 學士,125,113
1050,佛光大學,10131036,健康與創意蔬食產業學系,D 日,B 學士,157,113
1050,佛光大學,10142040,管理學院運動與健康促進管理學士學位學程,D 日,B 學士,52,113
1058,明道大學,02122010,數位設計學系,D 日,B 學士,0,113
1058,明道大學,02125007,時尚造形學系,D 日,B 學士,0,113
1058,明道大學,02299043,中華文化與傳播學系,D 日,B 學士,0,113
1058,明道大學,02311044,應用外語學系,D 日,B 學士,0,113
1058,明道大學,04131013,企業管理學系,D 日,B 學士,0,113
1058,明道大學,04131013,企業管理學系,P 進,B 學士,0,113
1058,明道大學,07132046,智慧能源工程學系,D 日,B 學士,0,113
1058,明道大學,07312035,景觀與環境設計學系,D 日,B 學士,0,113
1058,明道大學,07312035,景觀與環境設計學系,P 進,B 學士,0,113
1058,明道大學,08111047,智慧暨精緻農業學系,D 日,B 學士,0,113
1058,明道大學,08111047,智慧暨精緻農業學系,P 進,B 學士,0,113
1058,明道大學,10131039,餐旅管理學系,D 日,B 學士,0,113
1058,明道大學,10131039,餐旅管理學系,P 進,B 學士,0,113
1058,明道大學,10152040,休閒保健學系,D 日,B 學士,0,113
1058,明道大學,10152040,休閒保健學系,P 進,B 學士,0,113
1079,康寧大學,09211062,長期照護學系,D 日,B 學士,68,113
1079,康寧大學,09221048,嬰幼兒保育學系,D 日,B 學士,69,113
1125,中信金融管理學院,04121014,財務金融學系,D 日,B 學士,150,113
1125,中信金融管理學院,04131012,企業管理學系,D 日,B 學士,125,113
1125,中信金融管理學院,04199032,金融管理學院學士班,D 日,B 學士,170,113
1125,中信金融管理學院,04212022,財經法律學系,D 日,B 學士,121,113
1125,中信金融管理學院,06131033,人工智慧學系,D 日,B 學士,82,113
1125,中信金融管理學院,10152035,運動產業管理學士學位學程,D 日,B 學士,83,113
1195,馬偕醫學院,09121002,醫學系,D 日,B 學士,279,113
1195,馬偕醫學院,09131004,護理學系,D 日,B 學士,273,113
1195,馬偕醫學院,09141007,視光學系,D 日,B 學士,59,113
1195,馬偕醫學院,09141008,醫學檢驗暨再生醫學學系,D 日,B 學士,37,113
1195,馬偕醫學院,09153003,聽力暨語言治療學系,D 日,B 學士,166,113
1196,法鼓文理學院,01199001,生命教育學系,P 進,B 學士,35,113
1196,法鼓文理學院,02211002,佛教學系,D 日,B 學士,51,113
3002,臺北市立大學,01111001,教育學系,D 日,B 學士,266,113
3002,臺北市立大學,01113029,特殊教育學系,D 日,B 學士,180,113
3002,臺北市立大學,01116036,學習與媒材設計學系,D 日,B 學士,176,113
3002,臺北市立大學,01121027,幼兒教育學系,D 日,B 學士,332,113
3002,臺北市立大學,01131017,英語教學系,D 日,B 學士,166,113
3002,臺北市立大學,01141025,體育學系,D 日,B 學士,202,113
3002,臺北市立大學,02111040,視覺藝術學系,D 日,B 學士,199,113
3002,臺北市立大學,02151037,音樂學系,D 日,B 學士,202,113
3002,臺北市立大學,02152039,舞蹈學系,D 日,B 學士,175,113
3002,臺北市立大學,02221019,歷史與地理學系,D 日,B 學士,189,113
3002,臺北市立大學,02322043,中國語文學系,D 日,B 學士,216,113
3002,臺北市立大學,03131055,心理與諮商學系,D 日,B 學士,179,113
3002,臺北市立大學,04134056,社會暨公共事務學系,D 日,B 學士,149,113
3002,臺北市立大學,04199045,都會產業經營與行銷學系,D 日,B 學士,138,113
3002,臺北市立大學,05211023,地球環境暨生物資源學系,D 日,B 學士,133,113
3002,臺北市立大學,05399011,應用物理暨化學系,D 日,B 學士,128,113
3002,臺北市立大學,05411012,數學系,D 日,B 學士,162,113
3002,臺北市立大學,06131016,資訊科學系,D 日,B 學士,188,113
3002,臺北市立大學,07313058,城市發展學系,D 日,B 學士,124,113
3002,臺北市立大學,09191059,衛生福利學系,D 日,B 學士,113,113
3002,臺北市立大學,10141046,運動藝術學系,D 日,B 學士,166,113
3002,臺北市立大學,10141060,球類運動學系,D 日,B 學士,543,113
3002,臺北市立大學,10141062,陸上運動學系,D 日,B 學士,189,113
3002,臺北市立大學,10141063,水上運動學系,D 日,B 學士,104,113
3002,臺北市立大學,10141064,技擊運動學系,D 日,B 學士,196,113
3002,臺北市立大學,10142052,運動健康科學系,D 日,B 學士,210,113
3002,臺北市立大學,10152050,休閒運動管理學系,D 日,B 學士,226,113
