學校代碼,學校名稱,科系代碼,科系名稱,日間∕進修別,等級別,學生數,年份
1,國立政治大學,01111001,教育學系,D 日,M 碩士,28,109
1,國立政治大學,01114005,教育行政與政策研究所,D 日,M 碩士,45,109
1,國立政治大學,01114006,學校行政碩士在職專班,N 職,M 碩士,80,109
1,國立政治大學,01121004,幼兒教育研究所,D 日,M 碩士,39,109
1,國立政治大學,02211019,宗教研究所,D 日,M 碩士,31,109
1,國立政治大學,02221020,歷史學系,D 日,M 碩士,64,109
1,國立政治大學,02221021,台灣史研究所,D 日,M 碩士,55,109
1,國立政治大學,02222031,民族學系,D 日,M 碩士,25,109
1,國立政治大學,02231022,哲學系,D 日,M 碩士,44,109
1,國立政治大學,02311009,英國語文學系,D 日,M 碩士,51,109
1,國立政治大學,02311009,英國語文學系英語教學碩士在職專班,N 職,M 碩士,27,109
1,國立政治大學,02311011,日本語文學系,D 日,M 碩士,26,109
1,國立政治大學,02311014,韓國語文學系,D 日,M 碩士,20,109
1,國立政治大學,02311017,斯拉夫語文學系,D 日,M 碩士,12,109
1,國立政治大學,02321007,台灣文學研究所,D 日,M 碩士,45,109
1,國立政治大學,02322008,中國文學系,D 日,M 碩士,96,109
1,國立政治大學,02322008,中國文學系國文教學碩士在職專班,N 職,M 碩士,79,109
1,國立政治大學,02323002,華語文教學碩士學位學程,D 日,M 碩士,61,109
1,國立政治大學,02399018,語言學研究所,D 日,M 碩士,29,109
1,國立政治大學,03111024,經濟學系,D 日,M 碩士,103,109
1,國立政治大學,03111025,應用經濟與社會發展英語碩士學位學程,D 日,M 碩士,30,109
1,國立政治大學,03121026,政治學系,D 日,M 碩士,74,109
1,國立政治大學,03121029,國際事務學院國家安全與大陸研究碩士在職專班,N 職,M 碩士,54,109
1,國立政治大學,03122045,外交學系,D 日,M 碩士,84,109
1,國立政治大學,03122045,外交學系戰略與國際事務碩士在職專班,N 職,M 碩士,61,109
1,國立政治大學,03122046,國際研究英語碩士學位學程,D 日,M 碩士,45,109
1,國立政治大學,03131032,心理學系,D 日,M 碩士,82,109
1,國立政治大學,03131033,輔導與諮商碩士學位學程,D 日,M 碩士,40,109
1,國立政治大學,03141030,社會學系,D 日,M 碩士,65,109
1,國立政治大學,03143023,中東與中亞研究碩士學位學程,D 日,M 碩士,18,109
1,國立政治大學,03143028,東亞研究所,D 日,M 碩士,83,109
1,國立政治大學,03143036,日本研究碩士學位學程,D 日,M 碩士,38,109
1,國立政治大學,03143038,俄羅斯研究所,D 日,M 碩士,30,109
1,國立政治大學,03143040,亞太研究英語碩士學位學程,D 日,M 碩士,45,109
1,國立政治大學,03143043,地政學系,D 日,M 碩士,81,109
1,國立政治大學,03143043,地政學系,N 職,M 碩士,100,109
1,國立政治大學,03143090,土地政策與環境規劃碩士原住民專班,D 日,M 碩士,23,109
1,國立政治大學,03191047,國家發展研究所,D 日,M 碩士,79,109
1,國立政治大學,03199048,勞工研究所,D 日,M 碩士,77,109
1,國立政治大學,03211049,傳播學院傳播碩士學位學程,D 日,M 碩士,237,109
1,國立政治大學,03211050,國際傳播英語碩士學位學程,D 日,M 碩士,53,109
1,國立政治大學,03211056,傳播學院碩士在職專班,N 職,M 碩士,103,109
1,國立政治大學,03222054,圖書資訊與檔案學研究所,D 日,M 碩士,60,109
1,國立政治大學,03222054,圖書資訊與檔案學研究所圖書資訊學數位碩士在職專班,N 職,M 碩士,55,109
1,國立政治大學,04111059,會計學系,D 日,M 碩士,131,109
1,國立政治大學,04121065,財務管理學系,D 日,M 碩士,72,109
1,國立政治大學,04121068,金融學系,D 日,M 碩士,83,109
1,國立政治大學,04122070,財政學系,D 日,M 碩士,78,109
1,國立政治大學,04123069,風險管理與保險學系,D 日,M 碩士,70,109
1,國立政治大學,04131060,企業管理研究所(MBA學位學程),D 日,M 碩士,253,109
1,國立政治大學,04131062,經營管理碩士學程全球華商班(含高階經營班),N 職,M 碩士,504,109
1,國立政治大學,04131064,國際經營管理英語碩士學位學程,D 日,M 碩士,131,109
1,國立政治大學,04134041,公共行政學系,D 日,M 碩士,104,109
1,國立政治大學,04134042,行政管理碩士學程,N 職,M 碩士,347,109
1,國立政治大學,04141067,國際經營與貿易學系,D 日,M 碩士,100,109
1,國立政治大學,04199072,科技管理與智慧財產研究所,D 日,M 碩士,158,109
1,國立政治大學,04211074,法律科際整合研究所,D 日,M 碩士,87,109
1,國立政治大學,04211075,法學院碩士在職專班,N 職,M 碩士,258,109
1,國立政治大學,04212073,法律學系,D 日,M 碩士,247,109
1,國立政治大學,05199083,神經科學研究所,D 日,M 碩士,10,109
1,國立政治大學,05331077,應用物理研究所,D 日,M 碩士,12,109
1,國立政治大學,05411078,應用數學系,D 日,M 碩士,56,109
1,國立政治大學,05421079,統計學系,D 日,M 碩士,61,109
1,國立政治大學,06131080,資訊管理學系,D 日,M 碩士,91,109
1,國立政治大學,06131081,資訊科學系,D 日,M 碩士,125,109
1,國立政治大學,06131081,資訊科學系,N 職,M 碩士,98,109
1,國立政治大學,06134057,數位內容碩士學位學程,D 日,M 碩士,51,109
1,國立政治大學,09231084,社會工作研究所,D 日,M 碩士,66,109
2,國立清華大學,01111084,教育與學習科技學系,D 日,M 碩士,129,109
2,國立清華大學,01111084,教育與學習科技學系碩士在職專班,N 職,M 碩士,195,109
2,國立清華大學,01112083,人力資源與數位學習科技研究所,D 日,M 碩士,3,109
2,國立清華大學,01113095,特殊教育學系,D 日,M 碩士,53,109
2,國立清華大學,01113110,學前特殊教育碩士在職學位學程,N 職,M 碩士,33,109
2,國立清華大學,01115124,華德福教育碩士在職學位學程,N 職,M 碩士,16,109
2,國立清華大學,01121091,幼兒教育學系,D 日,M 碩士,63,109
2,國立清華大學,01121091,幼兒教育學系,N 職,M 碩士,61,109
2,國立清華大學,01131085,數理教育研究所,D 日,M 碩士,71,109
2,國立清華大學,01131085,數理教育研究所,N 職,M 碩士,93,109
2,國立清華大學,01131105,英語教學系,D 日,M 碩士,35,109
2,國立清華大學,01141090,體育學系,D 日,M 碩士,-,109
2,國立清華大學,01141090,體育學系體育碩士在職專班,N 職,M 碩士,-,109
2,國立清華大學,01141098,藝術與設計學系美勞教師碩士在職專班,N 職,M 碩士,46,109
2,國立清華大學,01141127,運動科學系,D 日,M 碩士,52,109
2,國立清華大學,01141127,運動科學系,N 職,M 碩士,54,109
2,國立清華大學,02131098,藝術與設計學系,D 日,M 碩士,81,109
2,國立清華大學,02151096,音樂學系,D 日,M 碩士,74,109
2,國立清華大學,02151096,音樂學系碩士在職專班,N 職,M 碩士,13,109
2,國立清華大學,02221006,歷史研究所,D 日,M 碩士,36,109
2,國立清華大學,02222007,人類學研究所,D 日,M 碩士,38,109
2,國立清華大學,02231008,哲學研究所,D 日,M 碩士,23,109
2,國立清華大學,02299009,亞際文化研究國際碩士學位學程(台灣聯合大學系統),D 日,M 碩士,8,109
2,國立清華大學,02311002,外國語文學系,D 日,M 碩士,31,109
2,國立清華大學,02321001,台灣文學研究所,D 日,M 碩士,44,109
2,國立清華大學,02321101,臺灣語言研究與教學研究所,D 日,M 碩士,66,109
2,國立清華大學,02322003,中國文學系,D 日,M 碩士,81,109
2,國立清華大學,02322109,中國語文學系,D 日,M 碩士,19,109
2,國立清華大學,02322109,中國語文學系碩士在職專班,N 職,M 碩士,23,109
2,國立清華大學,02323114,華文文學研究所,D 日,M 碩士,33,109
2,國立清華大學,02399005,語言學研究所,D 日,M 碩士,46,109
2,國立清華大學,03111011,經濟學系,D 日,M 碩士,51,109
2,國立清華大學,03131077,教育心理與諮商學系,D 日,M 碩士,144,109
2,國立清華大學,03131077,教育心理與諮商學系教育心理與諮商碩士在職專班,N 職,M 碩士,146,109
2,國立清華大學,03141012,社會學研究所,D 日,M 碩士,74,109
2,國立清華大學,03143013,台灣研究教師在職進修碩士學位班,N 職,M 碩士,66,109
2,國立清華大學,03199015,學習科學研究所,D 日,M 碩士,7,109
2,國立清華大學,03199111,學習科學與科技研究所,D 日,M 碩士,68,109
2,國立清華大學,04121019,科技管理學院財務金融碩士在職專班,N 職,M 碩士,63,109
2,國立清華大學,04121020,計量財務金融學系,D 日,M 碩士,42,109
2,國立清華大學,04131016,經營管理碩士在職專班,N 職,M 碩士,158,109
2,國立清華大學,04131018,國際專業管理碩士班,D 日,M 碩士,66,109
2,國立清華大學,04134014,科技管理學院公共政策與管理碩士在職專班,N 職,M 碩士,59,109
2,國立清華大學,04199017,科技管理研究所,D 日,M 碩士,58,109
2,國立清華大學,04199021,高階經營管理碩士在職專班,N 職,M 碩士,101,109
2,國立清華大學,04199022,服務科學研究所,D 日,M 碩士,52,109
2,國立清華大學,04212024,科技法律研究所,D 日,M 碩士,110,109
2,國立清華大學,05111106,應用科學系,D 日,M 碩士,-,109
2,國立清華大學,05121026,生物科技研究所,D 日,M 碩士,57,109
2,國立清華大學,05121028,分子與細胞生物研究所,D 日,M 碩士,42,109
2,國立清華大學,05121030,生物資訊與結構生物研究所,D 日,M 碩士,59,109
2,國立清華大學,05121072,分子醫學研究所,D 日,M 碩士,50,109
2,國立清華大學,05199033,系統神經科學研究所,D 日,M 碩士,25,109
2,國立清華大學,05211102,環境與文化資源學系,D 日,M 碩士,44,109
2,國立清華大學,05211102,環境與文化資源學系碩士在職專班,N 職,M 碩士,40,109
2,國立清華大學,05311037,化學系,D 日,M 碩士,184,109
2,國立清華大學,05331038,物理學系,D 日,M 碩士,167,109
2,國立清華大學,05332039,天文研究所,D 日,M 碩士,17,109
2,國立清華大學,05399040,先進光源科技碩士學位學程,D 日,M 碩士,17,109
2,國立清華大學,05399121,分析與環境科學研究所,D 日,M 碩士,33,109
2,國立清華大學,05411043,數學系,D 日,M 碩士,51,109
2,國立清華大學,05411092,應用數學系,D 日,M 碩士,-,109
2,國立清華大學,05411115,計算與建模科學研究所,D 日,M 碩士,25,109
2,國立清華大學,05421044,統計學研究所,D 日,M 碩士,53,109
2,國立清華大學,06131053,資訊工程學系,D 日,M 碩士,393,109
2,國立清華大學,06131122,資訊安全研究所,D 日,M 碩士,25,109
2,國立清華大學,06134046,資訊系統與應用研究所,D 日,M 碩士,141,109
2,國立清華大學,07111057,化學工程學系,D 日,M 碩士,164,109
2,國立清華大學,07112058,材料科學工程學系,D 日,M 碩士,273,109
2,國立清華大學,07131068,核子工程與科學研究所,D 日,M 碩士,39,109
2,國立清華大學,07141049,電機工程學系,D 日,M 碩士,402,109
2,國立清華大學,07141050,電子工程研究所,D 日,M 碩士,202,109
2,國立清華大學,07141052,光電工程研究所,D 日,M 碩士,132,109
2,國立清華大學,07141054,通訊工程研究所,D 日,M 碩士,162,109
2,國立清華大學,07151056,動力機械工程學系,D 日,M 碩士,299,109
2,國立清華大學,07151125,智慧生產與智能馬達電控產業碩士專班,D 日,M 碩士,6,109
2,國立清華大學,07151128,資通訊科技產品智慧設計控制與熱流產業碩士專班,D 日,M 碩士,3,109
2,國立清華大學,07151129,智慧生產與製造產業碩士專班,D 日,M 碩士,5,109
2,國立清華大學,07191061,工業工程與工程管理學系,D 日,M 碩士,187,109
2,國立清華大學,07191061,工業工程與工程管理學系,N 職,M 碩士,109,109
2,國立清華大學,07191123,智慧製造跨院高階主管碩士在職學位學程,N 職,M 碩士,40,109
2,國立清華大學,07193063,生醫工程與環境科學系,D 日,M 碩士,115,109
2,國立清華大學,07193065,生物醫學工程研究所,D 日,M 碩士,39,109
2,國立清華大學,07194059,奈米工程與微系統研究所,D 日,M 碩士,59,109
2,國立清華大學,07194066,工程與系統科學系,D 日,M 碩士,175,109
2,國立清華大學,07199070,全球營運管理碩士雙聯學位學程,D 日,M 碩士,15,109
2,國立清華大學,99999074,跨院國際碩士學位學程,D 日,M 碩士,40,109
3,國立臺灣大學,01131001,華語教學碩士學位學程,D 日,M 碩士,51,109
3,國立臺灣大學,02151002,音樂學研究所,D 日,M 碩士,28,109
3,國立臺灣大學,02152003,戲劇學系,D 日,M 碩士,32,109
3,國立臺灣大學,02191004,藝術史研究所,D 日,M 碩士,39,109
3,國立臺灣大學,02221012,歷史學系,D 日,M 碩士,81,109
3,國立臺灣大學,02222013,人類學系,D 日,M 碩士,35,109
3,國立臺灣大學,02231014,哲學系,D 日,M 碩士,39,109
3,國立臺灣大學,02311007,外國語文學系,D 日,M 碩士,71,109
3,國立臺灣大學,02311009,日本語文學系,D 日,M 碩士,47,109
3,國立臺灣大學,02312010,翻譯碩士學位學程,D 日,M 碩士,49,109
3,國立臺灣大學,02321005,臺灣文學研究所,D 日,M 碩士,38,109
3,國立臺灣大學,02322006,中國文學系,D 日,M 碩士,83,109
3,國立臺灣大學,02399011,語言學研究所,D 日,M 碩士,34,109
3,國立臺灣大學,03111015,經濟學系,D 日,M 碩士,127,109
3,國立臺灣大學,03111015,經濟學系,N 職,M 碩士,84,109
3,國立臺灣大學,03121016,政治學系,D 日,M 碩士,131,109
3,國立臺灣大學,03121016,政治學系,N 職,M 碩士,85,109
3,國立臺灣大學,03131019,心理學系,D 日,M 碩士,115,109
3,國立臺灣大學,03141018,社會學系,D 日,M 碩士,43,109
3,國立臺灣大學,03142021,地理環境資源學系,D 日,M 碩士,63,109
3,國立臺灣大學,03142021,地理環境資源學系,N 職,M 碩士,1,109
3,國立臺灣大學,03191023,國家發展研究所,D 日,M 碩士,210,109
3,國立臺灣大學,03191023,國家發展研究所,N 職,M 碩士,83,109
3,國立臺灣大學,03212024,新聞研究所,D 日,M 碩士,98,109
3,國立臺灣大學,03222025,圖書資訊學系,D 日,M 碩士,54,109
3,國立臺灣大學,04111027,會計學系,D 日,M 碩士,111,109
3,國立臺灣大學,04121032,財務金融學系,D 日,M 碩士,138,109
3,國立臺灣大學,04131026,商學研究所,D 日,M 碩士,137,109
3,國立臺灣大學,04131028,管理學院企業管理碩士專班,D 日,M 碩士,164,109
3,國立臺灣大學,04131030,事業經營碩士在職學位學程,N 職,M 碩士,66,109
3,國立臺灣大學,04131031,國際企業學系,D 日,M 碩士,136,109
3,國立臺灣大學,04134022,公共事務研究所,D 日,M 碩士,60,109
3,國立臺灣大學,04199034,臺大復旦EMBA境外專班,N 職,M 碩士,259,109
3,國立臺灣大學,04199146,管理學院碩士在職專班,N 職,M 碩士,480,109
3,國立臺灣大學,04199148,管理學院創業創新管理碩士在職專班,N 職,M 碩士,84,109
3,國立臺灣大學,04211035,法律學系,D 日,M 碩士,496,109
3,國立臺灣大學,04212036,科際整合法律學研究所,D 日,M 碩士,151,109
3,國立臺灣大學,04212037,事業經營法務碩士在職學位學程,N 職,M 碩士,58,109
3,國立臺灣大學,05111038,生命科學系,D 日,M 碩士,74,109
3,國立臺灣大學,05111040,植物科學研究所,D 日,M 碩士,60,109
3,國立臺灣大學,05111041,昆蟲學系,D 日,M 碩士,32,109
3,國立臺灣大學,05121044,生物科技研究所,D 日,M 碩士,36,109
3,國立臺灣大學,05121045,生化科學研究所,D 日,M 碩士,55,109
3,國立臺灣大學,05121046,分子與細胞生物學研究所,D 日,M 碩士,54,109
3,國立臺灣大學,05121047,基因體與系統生物學學位學程,D 日,M 碩士,14,109
3,國立臺灣大學,05121151,生化科技學系,D 日,M 碩士,110,109
3,國立臺灣大學,05121160,生物科技管理碩士在職學位學程,N 職,M 碩士,59,109
3,國立臺灣大學,05123050,生物化學暨分子生物學研究所,D 日,M 碩士,68,109
3,國立臺灣大學,05212043,生態學與演化生物學研究所,D 日,M 碩士,53,109
3,國立臺灣大學,05311051,化學系,D 日,M 碩士,208,109
3,國立臺灣大學,05321052,地質科學系,D 日,M 碩士,80,109
3,國立臺灣大學,05321053,氣候變遷與永續發展國際碩士學位學程,D 日,M 碩士,35,109
3,國立臺灣大學,05322056,大氣科學系,D 日,M 碩士,44,109
3,國立臺灣大學,05323057,海洋研究所,D 日,M 碩士,96,109
3,國立臺灣大學,05331054,物理學系,D 日,M 碩士,195,109
3,國立臺灣大學,05331055,應用物理學研究所,D 日,M 碩士,36,109
3,國立臺灣大學,05332058,天文物理研究所,D 日,M 碩士,14,109
3,國立臺灣大學,05411059,數學系,D 日,M 碩士,35,109
3,國立臺灣大學,05421060,統計碩士學位學程,D 日,M 碩士,30,109
3,國立臺灣大學,05499061,應用數學科學研究所,D 日,M 碩士,18,109
3,國立臺灣大學,06131062,資訊管理學系,D 日,M 碩士,124,109
3,國立臺灣大學,06131063,資訊網路與多媒體研究所,D 日,M 碩士,115,109
3,國立臺灣大學,06131067,資訊工程學系,D 日,M 碩士,371,109
3,國立臺灣大學,06131067,資訊工程學系,N 職,M 碩士,20,109
3,國立臺灣大學,06131158,資料科學碩士學位學程,D 日,M 碩士,39,109
3,國立臺灣大學,07111076,化學工程學系,D 日,M 碩士,226,109
3,國立臺灣大學,07111077,高分子科學與工程學研究所,D 日,M 碩士,55,109
3,國立臺灣大學,07112078,材料科學與工程學系,D 日,M 碩士,173,109
3,國立臺灣大學,07121080,環境工程學研究所,D 日,M 碩士,113,109
3,國立臺灣大學,07121080,環境工程學研究所,N 職,M 碩士,11,109
3,國立臺灣大學,07141064,電機工程學系,D 日,M 碩士,247,109
3,國立臺灣大學,07141065,電子工程學研究所,D 日,M 碩士,408,109
3,國立臺灣大學,07141066,光電工程學研究所,D 日,M 碩士,271,109
3,國立臺灣大學,07141068,電信工程學研究所,D 日,M 碩士,315,109
3,國立臺灣大學,07141068,電信工程學研究所智慧科技與資訊安全碩士在職專班,N 職,M 碩士,20,109
3,國立臺灣大學,07151069,機械工程學系,D 日,M 碩士,424,109
3,國立臺灣大學,07151082,工程科學及海洋工程學系,D 日,M 碩士,219,109
3,國立臺灣大學,07151161,生物機電工程學系,D 日,M 碩士,107,109
3,國立臺灣大學,07191079,工業工程學研究所,D 日,M 碩士,61,109
3,國立臺灣大學,07191079,工業工程學研究所,N 職,M 碩士,36,109
3,國立臺灣大學,07193081,生醫電子與資訊學研究所,D 日,M 碩士,115,109
3,國立臺灣大學,07193083,醫學工程學研究所,D 日,M 碩士,91,109
3,國立臺灣大學,07194071,應用力學研究所,D 日,M 碩士,172,109
3,國立臺灣大學,07211099,食品科技研究所,D 日,M 碩士,91,109
3,國立臺灣大學,07313086,建築與城鄉研究所,D 日,M 碩士,139,109
3,國立臺灣大學,07321074,土木工程學系,D 日,M 碩士,364,109
3,國立臺灣大學,07321074,土木工程學系,N 職,M 碩士,48,109
3,國立臺灣大學,07321075,生物環境系統工程學系,D 日,M 碩士,73,109
3,國立臺灣大學,08111087,農藝學系,D 日,M 碩士,63,109
3,國立臺灣大學,08112089,動物科學技術學系,D 日,M 碩士,54,109
3,國立臺灣大學,08121091,園藝暨景觀學系,D 日,M 碩士,119,109
3,國立臺灣大學,08191100,農業化學系,D 日,M 碩士,59,109
3,國立臺灣大學,08192164,全球農業科技與基因體科學碩士學位學程,D 日,M 碩士,5,109
3,國立臺灣大學,08193096,農業經濟學系,D 日,M 碩士,92,109
3,國立臺灣大學,08193096,農業經濟學系,N 職,M 碩士,66,109
3,國立臺灣大學,08193098,生物產業傳播暨發展學系,D 日,M 碩士,32,109
3,國立臺灣大學,08193098,生物產業傳播暨發展學系,N 職,M 碩士,38,109
3,國立臺灣大學,08194094,植物病理與微生物學系,D 日,M 碩士,51,109
3,國立臺灣大學,08194095,植物醫學碩士學位學程,D 日,M 碩士,32,109
3,國立臺灣大學,08211102,森林環境暨資源學系,D 日,M 碩士,115,109
3,國立臺灣大學,08311103,漁業科學研究所,D 日,M 碩士,37,109
3,國立臺灣大學,08411104,獸醫學系,D 日,M 碩士,32,109
3,國立臺灣大學,08411105,臨床動物醫學研究所,D 日,M 碩士,34,109
3,國立臺灣大學,08411106,分子暨比較病理生物學研究所,D 日,M 碩士,19,109
3,國立臺灣大學,09111138,臨床牙醫學研究所,D 日,M 碩士,64,109
3,國立臺灣大學,09111138,臨床牙醫學研究所,N 職,M 碩士,12,109
3,國立臺灣大學,09111139,口腔生物科學研究所,D 日,M 碩士,36,109
3,國立臺灣大學,09121048,微生物學研究所,D 日,M 碩士,80,109
3,國立臺灣大學,09121108,臨床醫學研究所,N 職,M 碩士,80,109
3,國立臺灣大學,09121109,分子醫學研究所,D 日,M 碩士,26,109
3,國立臺灣大學,09121109,分子醫學研究所,N 職,M 碩士,28,109
3,國立臺灣大學,09121110,免疫學研究所,D 日,M 碩士,31,109
3,國立臺灣大學,09121111,生理學研究所,D 日,M 碩士,42,109
3,國立臺灣大學,09121112,病理學研究所,D 日,M 碩士,11,109
3,國立臺灣大學,09121114,解剖學暨細胞生物學研究所,D 日,M 碩士,19,109
3,國立臺灣大學,09121120,基因體暨蛋白體醫學研究所,D 日,M 碩士,12,109
3,國立臺灣大學,09121121,醫學教育暨生醫倫理研究所,D 日,M 碩士,12,109
3,國立臺灣大學,09121130,藥理學研究所,D 日,M 碩士,42,109
3,國立臺灣大學,09121140,法醫學研究所,D 日,M 碩士,20,109
3,國立臺灣大學,09121142,腦與心智科學研究所,D 日,M 碩士,37,109
3,國立臺灣大學,09131134,護理學系,D 日,M 碩士,95,109
3,國立臺灣大學,09141136,醫學檢驗暨生物技術學系,D 日,M 碩士,51,109
3,國立臺灣大學,09141143,醫療器材與醫學影像研究所,D 日,M 碩士,14,109
3,國立臺灣大學,09151132,物理治療學系,D 日,M 碩士,38,109
3,國立臺灣大學,09152133,職能治療學系,D 日,M 碩士,26,109
3,國立臺灣大學,09161129,藥學系,D 日,M 碩士,56,109
3,國立臺灣大學,09161131,臨床藥學研究所,D 日,M 碩士,16,109
3,國立臺灣大學,09191122,公共衛生碩士學位學程,D 日,M 碩士,82,109
3,國立臺灣大學,09191126,流行病學與預防醫學研究所,D 日,M 碩士,86,109
3,國立臺灣大學,09191126,流行病學與預防醫學研究所,N 職,M 碩士,18,109
3,國立臺灣大學,09191127,健康政策與管理研究所,D 日,M 碩士,63,109
3,國立臺灣大學,09191127,健康政策與管理研究所高階經營碩士在職專班,N 職,M 碩士,39,109
3,國立臺灣大學,09191128,健康行為與社區科學研究所,D 日,M 碩士,36,109
3,國立臺灣大學,09191157,食品安全與健康研究所,D 日,M 碩士,35,109
3,國立臺灣大學,09191162,環境與職業健康科學研究所,D 日,M 碩士,85,109
3,國立臺灣大學,09191163,全球衛生碩士學位學程,D 日,M 碩士,28,109
3,國立臺灣大學,09199141,毒理學研究所,D 日,M 碩士,25,109
3,國立臺灣大學,09199159,國際三校農業生技與健康醫療碩士學位學程,D 日,M 碩士,10,109
3,國立臺灣大學,09231144,社會工作學系,D 日,M 碩士,61,109
3,國立臺灣大學,10152145,運動設施與健康管理碩士學位學程,D 日,M 碩士,47,109
4,國立臺灣師範大學,01111001,教育學系,D 日,M 碩士,70,109
4,國立臺灣師範大學,01111001,教育學系碩士在職專班,N 職,M 碩士,122,109
4,國立臺灣師範大學,01113018,特殊教育學系,D 日,M 碩士,73,109
4,國立臺灣師範大學,01113018,特殊教育學系,N 職,M 碩士,80,109
4,國立臺灣師範大學,01114019,教育政策與行政研究所,D 日,M 碩士,51,109
4,國立臺灣師範大學,01115002,課程與教學研究所,D 日,M 碩士,50,109
4,國立臺灣師範大學,01115006,科學教育研究所,D 日,M 碩士,75,109
4,國立臺灣師範大學,01116014,資訊教育研究所,D 日,M 碩士,56,109
4,國立臺灣師範大學,01118010,工業教育學系,D 日,M 碩士,96,109
4,國立臺灣師範大學,01131004,公民教育與活動領導學系,D 日,M 碩士,82,109
4,國立臺灣師範大學,01131004,公民教育與活動領導學系碩士在職專班,N 職,M 碩士,81,109
4,國立臺灣師範大學,01131009,社會教育學系,D 日,M 碩士,76,109
4,國立臺灣師範大學,01131009,社會教育學系社會教育與文化行政碩士在職專班,N 職,M 碩士,55,109
4,國立臺灣師範大學,01131017,健康促進與衛生教育學系,D 日,M 碩士,56,109
4,國立臺灣師範大學,01141007,人類發展與家庭學系,D 日,M 碩士,77,109
4,國立臺灣師範大學,01141007,人類發展與家庭學系幼兒教育碩士在職專班,N 職,M 碩士,4,109
4,國立臺灣師範大學,01141010,工業教育學系碩士在職專班,N 職,M 碩士,84,109
4,國立臺灣師範大學,01141013,環境教育研究所,D 日,M 碩士,65,109
4,國立臺灣師範大學,01141015,體育學系,D 日,M 碩士,153,109
4,國立臺灣師範大學,01141015,體育學系碩士在職專班,N 職,M 碩士,57,109
4,國立臺灣師範大學,01141017,健康促進與衛生教育學系碩士在職專班,N 職,M 碩士,103,109
4,國立臺灣師範大學,01199021,教育學院創造力發展碩士在職專班,N 職,M 碩士,102,109
4,國立臺灣師範大學,01199022,科技應用與人力資源發展學系,D 日,M 碩士,80,109
4,國立臺灣師範大學,01199022,科技應用與人力資源發展學系人力資源發展碩士在職專班,N 職,M 碩士,79,109
4,國立臺灣師範大學,02112037,設計學系,D 日,M 碩士,77,109
4,國立臺灣師範大學,02112037,設計學系設計創作碩士在職專班,N 職,M 碩士,90,109
4,國立臺灣師範大學,02131023,美術學系,D 日,M 碩士,125,109
4,國立臺灣師範大學,02131023,美術學系碩士在職專班,N 職,M 碩士,155,109
4,國立臺灣師範大學,02151024,音樂學系,D 日,M 碩士,132,109
4,國立臺灣師範大學,02151024,音樂學系,N 職,M 碩士,179,109
4,國立臺灣師範大學,02151025,民族音樂研究所,D 日,M 碩士,57,109
4,國立臺灣師範大學,02152027,表演藝術研究所,D 日,M 碩士,84,109
4,國立臺灣師範大學,02191026,藝術史研究所,D 日,M 碩士,45,109
4,國立臺灣師範大學,02199C01,流行音樂產業碩士專班,D 日,M 碩士,-,109
4,國立臺灣師範大學,02221035,歷史學系,D 日,M 碩士,103,109
4,國立臺灣師範大學,02221035,歷史學系歷史教學碩士在職專班,N 職,M 碩士,3,109
4,國立臺灣師範大學,02221036,臺灣史研究所,D 日,M 碩士,54,109
4,國立臺灣師範大學,02299045,歐洲文化與觀光研究所,D 日,M 碩士,43,109
4,國立臺灣師範大學,02311033,英語學系,D 日,M 碩士,162,109
4,國立臺灣師範大學,02311033,英語學系英語教學碩士在職專班,N 職,M 碩士,54,109
4,國立臺灣師範大學,02312034,翻譯研究所,D 日,M 碩士,90,109
4,國立臺灣師範大學,02312034,翻譯研究所軍事口譯碩士在職專班,N 職,M 碩士,8,109
4,國立臺灣師範大學,02313005,華語文教學系,D 日,M 碩士,200,109
4,國立臺灣師範大學,02313005,華語文教學系碩士在職專班,N 職,M 碩士,79,109
4,國立臺灣師範大學,02321028,臺灣語文學系,D 日,M 碩士,55,109
4,國立臺灣師範大學,02322029,國文學系,D 日,M 碩士,103,109
4,國立臺灣師範大學,02322029,國文學系,N 職,M 碩士,105,109
4,國立臺灣師範大學,03121039,政治學研究所,D 日,M 碩士,1,109
4,國立臺灣師範大學,03131003,教育心理與輔導學系,D 日,M 碩士,115,109
4,國立臺灣師範大學,03131003,教育心理與輔導學系,N 職,M 碩士,90,109
4,國立臺灣師範大學,03142041,地理學系,D 日,M 碩士,72,109
4,國立臺灣師範大學,03142041,地理學系地理碩士在職專班,N 職,M 碩士,44,109
4,國立臺灣師範大學,03143042,東亞學系,D 日,M 碩士,62,109
4,國立臺灣師範大學,03199070,復健諮商研究所,D 日,M 碩士,23,109
4,國立臺灣師範大學,03211048,大眾傳播研究所,D 日,M 碩士,91,109
4,國立臺灣師範大學,03214050,圖文傳播學系,D 日,M 碩士,66,109
4,國立臺灣師範大學,03214050,圖文傳播學系,N 職,M 碩士,97,109
4,國立臺灣師範大學,03222049,圖書資訊學研究所,D 日,M 碩士,58,109
4,國立臺灣師範大學,03222049,圖書資訊學研究所碩士在職專班,N 職,M 碩士,57,109
4,國立臺灣師範大學,04131047,全球經營與策略研究所,D 日,M 碩士,64,109
4,國立臺灣師範大學,04131052,管理研究所,D 日,M 碩士,90,109
4,國立臺灣師範大學,04131055,管理學院高階經理人企業管理碩士在職專班,N 職,M 碩士,173,109
4,國立臺灣師範大學,04131082,運動與休閒學院樂活產業高階經理人企業管理碩士在職專班,N 職,M 碩士,71,109
4,國立臺灣師範大學,04191054,國際人力資源發展研究所,D 日,M 碩士,59,109
4,國立臺灣師範大學,05111056,生命科學系,D 日,M 碩士,96,109
4,國立臺灣師範大學,05121084,生技醫藥產業碩士學位學程,D 日,M 碩士,14,109
4,國立臺灣師範大學,05191083,營養科學碩士學位學程,D 日,M 碩士,19,109
4,國立臺灣師範大學,05311059,化學系,D 日,M 碩士,175,109
4,國立臺灣師範大學,05321060,地球科學系,D 日,M 碩士,59,109
4,國立臺灣師範大學,05331061,物理學系,D 日,M 碩士,83,109
4,國立臺灣師範大學,05411062,數學系,D 日,M 碩士,75,109
4,國立臺灣師範大學,05499062,數學系數學教學碩士在職專班,N 職,M 碩士,4,109
4,國立臺灣師範大學,06131065,資訊工程學系,D 日,M 碩士,174,109
4,國立臺灣師範大學,07141063,電機工程學系,D 日,M 碩士,101,109
4,國立臺灣師範大學,07141080,光電工程研究所,D 日,M 碩士,51,109
4,國立臺灣師範大學,07151068,機電工程學系,D 日,M 碩士,65,109
4,國立臺灣師範大學,09231071,社會工作學研究所,D 日,M 碩士,77,109
4,國立臺灣師範大學,10141074,運動競技學系,D 日,M 碩士,74,109
4,國立臺灣師範大學,10152077,運動休閒與餐旅管理研究所,D 日,M 碩士,101,109
4,國立臺灣師範大學,10152077,運動休閒與餐旅管理研究所運動休閒與餐旅管理碩士在職專班,N 職,M 碩士,74,109
4,國立臺灣師範大學,99999078,管理學院國際時尚高階管理碩士在職專班,N 職,M 碩士,79,109
5,國立成功大學,01111103,教育研究所,D 日,M 碩士,51,109
5,國立成功大學,02121105,科技藝術碩士學位學程,D 日,M 碩士,17,109
5,國立成功大學,02122112,創意產業設計研究所,D 日,M 碩士,61,109
5,國立成功大學,02123113,工業設計學系,D 日,M 碩士,94,109
5,國立成功大學,02123113,工業設計學系,N 職,M 碩士,41,109
5,國立成功大學,02152051,戲劇碩士學位學程,D 日,M 碩士,24,109
5,國立成功大學,02191104,藝術研究所,D 日,M 碩士,52,109
5,國立成功大學,02221110,歷史學系,D 日,M 碩士,46,109
5,國立成功大學,02222111,考古學研究所,D 日,M 碩士,43,109
5,國立成功大學,02311108,外國語文學系,D 日,M 碩士,43,109
5,國立成功大學,02321106,台灣文學系,D 日,M 碩士,45,109
5,國立成功大學,02321106,台灣文學系,N 職,M 碩士,12,109
5,國立成功大學,02322107,中國文學系碩士班,D 日,M 碩士,79,109
5,國立成功大學,02322107,中國文學系,N 職,M 碩士,1,109
5,國立成功大學,03111114,經濟學系,D 日,M 碩士,31,109
5,國立成功大學,03121115,政治學系政治經濟學碩士班,D 日,M 碩士,35,109
5,國立成功大學,03121115,政治學系政治經濟學碩士在職專班,N 職,M 碩士,49,109
5,國立成功大學,03131117,心理學系,D 日,M 碩士,46,109
5,國立成功大學,03131119,行為醫學研究所,D 日,M 碩士,30,109
5,國立成功大學,04111120,會計學系,D 日,M 碩士,91,109
5,國立成功大學,04121126,財務金融研究所,D 日,M 碩士,56,109
5,國立成功大學,04121126,財務金融研究所,N 職,M 碩士,125,109
5,國立成功大學,04131055,高階管理碩士在職專班(EMBA),N 職,M 碩士,238,109
5,國立成功大學,04131056,電信管理研究所,D 日,M 碩士,35,109
5,國立成功大學,04131121,企業管理學系,D 日,M 碩士,131,109
5,國立成功大學,04131121,企業管理學系,N 職,M 碩士,96,109
5,國立成功大學,04131122,經營管理碩士學位學程(AMBA),D 日,M 碩士,44,109
5,國立成功大學,04131124,國際企業研究所,D 日,M 碩士,64,109
5,國立成功大學,04131125,國際經營管理研究所(IMBA),D 日,M 碩士,102,109
5,國立成功大學,04131125,國際經營管理研究所(IMBA),N 職,M 碩士,84,109
5,國立成功大學,04199024,海洋科技與事務研究所,D 日,M 碩士,20,109
5,國立成功大學,04199057,工業與資訊管理學系,D 日,M 碩士,90,109
5,國立成功大學,04199057,工業與資訊管理學系,N 職,M 碩士,114,109
5,國立成功大學,04212001,法律學系,D 日,M 碩士,167,109
5,國立成功大學,04212001,法律學系,N 職,M 碩士,34,109
5,國立成功大學,05111003,生命科學系,D 日,M 碩士,64,109
5,國立成功大學,05111132,熱帶植物與微生物科學研究所,D 日,M 碩士,20,109
5,國立成功大學,05121008,生物科技與產業科學系,D 日,M 碩士,67,109
5,國立成功大學,05122009,微生物及免疫學研究所,D 日,M 碩士,42,109
5,國立成功大學,05123010,生物化學暨分子生物學研究所,D 日,M 碩士,50,109
5,國立成功大學,05291025,自然災害減災及管理國際碩士學位學程,D 日,M 碩士,21,109
5,國立成功大學,05311017,化學系,D 日,M 碩士,127,109
5,國立成功大學,05321019,地球科學系,D 日,M 碩士,60,109
5,國立成功大學,05321019,地球科學系,N 職,M 碩士,17,109
5,國立成功大學,05331021,物理學系,D 日,M 碩士,105,109
5,國立成功大學,05331023,太空與電漿科學研究所,D 日,M 碩士,23,109
5,國立成功大學,05411027,數學系,D 日,M 碩士,59,109
5,國立成功大學,05421029,統計學系,D 日,M 碩士,32,109
5,國立成功大學,05421128,數據科學研究所,D 日,M 碩士,23,109
5,國立成功大學,06131030,資訊管理研究所,D 日,M 碩士,66,109
5,國立成功大學,06131036,資訊工程學系,D 日,M 碩士,271,109
5,國立成功大學,06131036,資訊工程學系人工智慧與資訊系統碩士在職專班,N 職,M 碩士,13,109
5,國立成功大學,06131037,電腦與通信工程研究所,D 日,M 碩士,242,109
5,國立成功大學,06131095,醫學資訊研究所,D 日,M 碩士,33,109
5,國立成功大學,06131131,人工智慧科技碩士學位學程,D 日,M 碩士,27,109
5,國立成功大學,07111050,化學工程學系,D 日,M 碩士,238,109
5,國立成功大學,07112063,材料科學及工程學系,D 日,M 碩士,267,109
5,國立成功大學,07112065,尖端材料國際碩士學位學程,D 日,M 碩士,10,109
5,國立成功大學,07121070,環境工程學系,D 日,M 碩士,99,109
5,國立成功大學,07122026,水利及海洋工程學系,D 日,M 碩士,96,109
5,國立成功大學,07122026,水利及海洋工程學系,N 職,M 碩士,26,109
5,國立成功大學,07132052,能源工程國際碩士學位學程,D 日,M 碩士,30,109
5,國立成功大學,07141032,電機工程學系,D 日,M 碩士,635,109
5,國立成功大學,07141032,電機工程學系,N 職,M 碩士,75,109
5,國立成功大學,07141033,微電子工程研究所,D 日,M 碩士,121,109
5,國立成功大學,07141035,光電科學與工程學系,D 日,M 碩士,170,109
5,國立成功大學,07141040,奈米積體電路工程碩士學位學程,D 日,M 碩士,33,109
5,國立成功大學,07141041,製造資訊與系統研究所,D 日,M 碩士,66,109
5,國立成功大學,07141071,工程科學系,D 日,M 碩士,205,109
5,國立成功大學,07141071,工程科學系,N 職,M 碩士,130,109
5,國立成功大學,07151042,機械工程學系,D 日,M 碩士,378,109
5,國立成功大學,07151133,智慧製造國際碩士學位學程,D 日,M 碩士,9,109
5,國立成功大學,07162043,航空太空工程學系,D 日,M 碩士,211,109
5,國立成功大學,07162043,航空太空工程學系,N 職,M 碩士,50,109
5,國立成功大學,07162100,民航研究所,D 日,M 碩士,23,109
5,國立成功大學,07163044,系統及船舶機電工程學系,D 日,M 碩士,95,109
5,國立成功大學,07191072,工程管理碩士在職專班,N 職,M 碩士,114,109
5,國立成功大學,07193061,生物醫學工程學系,D 日,M 碩士,125,109
5,國立成功大學,07211127,食品安全衛生暨風險管理研究所,D 日,M 碩士,36,109
5,國立成功大學,07241064,資源工程學系,D 日,M 碩士,91,109
5,國立成功大學,07311075,建築學系,D 日,M 碩士,185,109
5,國立成功大學,07311075,建築學系,N 職,M 碩士,57,109
5,國立成功大學,07313076,都市計劃學系,D 日,M 碩士,112,109
5,國立成功大學,07321049,土木工程學系,D 日,M 碩士,269,109
5,國立成功大學,07321049,土木工程學系,N 職,M 碩士,48,109
5,國立成功大學,07322067,測量及空間資訊學系,D 日,M 碩士,61,109
5,國立成功大學,09111096,口腔醫學研究所,D 日,M 碩士,27,109
5,國立成功大學,09121054,分子醫學研究所,D 日,M 碩士,38,109
5,國立成功大學,09121078,臨床醫學研究所,D 日,M 碩士,33,109
5,國立成功大學,09121078,臨床醫學研究所,N 職,M 碩士,17,109
5,國立成功大學,09121083,生理學研究所,D 日,M 碩士,41,109
5,國立成功大學,09121084,細胞生物與解剖學研究所,D 日,M 碩士,18,109
5,國立成功大學,09131090,護理學系,D 日,M 碩士,74,109
5,國立成功大學,09141094,醫學檢驗生物技術學系,D 日,M 碩士,35,109
5,國立成功大學,09151082,物理治療學系,D 日,M 碩士,32,109
5,國立成功大學,09152089,職能治療學系,D 日,M 碩士,15,109
5,國立成功大學,09161087,藥理學研究所,D 日,M 碩士,38,109
5,國立成功大學,09161088,臨床藥學與藥物科技研究所,D 日,M 碩士,28,109
5,國立成功大學,09191079,公共衛生研究所,D 日,M 碩士,36,109
5,國立成功大學,09191079,醫學院公共衛生碩士在職專班,N 職,M 碩士,33,109
5,國立成功大學,09191085,環境醫學研究所,D 日,M 碩士,52,109
5,國立成功大學,09211101,老年學研究所,D 日,M 碩士,28,109
5,國立成功大學,10152097,體育健康與休閒研究所,D 日,M 碩士,47,109
5,國立成功大學,10152097,體育健康與休閒研究所運動健康與休閒管理碩士在職專班,N 職,M 碩士,57,109
5,國立成功大學,10411098,交通管理科學系,D 日,M 碩士,79,109
5,國立成功大學,10411098,交通管理科學系,N 職,M 碩士,68,109
6,國立中興大學,01111001,教師專業發展研究所,D 日,M 碩士,36,109
6,國立中興大學,02221007,歷史學系,D 日,M 碩士,37,109
6,國立中興大學,02221007,歷史學系,N 職,M 碩士,15,109
6,國立中興大學,02311006,外國語文學系,D 日,M 碩士,27,109
6,國立中興大學,02321003,台灣文學與跨國文化研究所,D 日,M 碩士,34,109
6,國立中興大學,02321003,台灣文學與跨國文化研究所,N 職,M 碩士,29,109
6,國立中興大學,02322005,中國文學系,D 日,M 碩士,57,109
6,國立中興大學,02322005,中國文學系,N 職,M 碩士,35,109
6,國立中興大學,03111009,應用經濟學系,D 日,M 碩士,30,109
6,國立中興大學,03111009,應用經濟學系,N 職,M 碩士,32,109
6,國立中興大學,03122010,國際政治研究所,D 日,M 碩士,46,109
6,國立中興大學,03122010,國際政治研究所,N 職,M 碩士,64,109
6,國立中興大學,03222013,圖書資訊學研究所,D 日,M 碩士,33,109
6,國立中興大學,04111015,會計學系,D 日,M 碩士,45,109
6,國立中興大學,04121019,財務金融學系,D 日,M 碩士,64,109
6,國立中興大學,04131016,企業管理學系,D 日,M 碩士,66,109
6,國立中興大學,04131097,運動與健康管理研究所,D 日,M 碩士,25,109
6,國立中興大學,04134011,國家政策與公共事務研究所,D 日,M 碩士,29,109
6,國立中興大學,04134011,國家政策與公共事務研究所,N 職,M 碩士,73,109
6,國立中興大學,04143020,行銷學系,D 日,M 碩士,52,109
6,國立中興大學,04199012,全球事務研究跨洲碩士學位學程,D 日,M 碩士,42,109
6,國立中興大學,04199021,科技管理研究所碩士班,D 日,M 碩士,77,109
6,國立中興大學,04199021,科技管理研究所智慧科技管理碩士在職專班,N 職,M 碩士,9,109
6,國立中興大學,04199022,高階經理人碩士在職專班,N 職,M 碩士,277,109
6,國立中興大學,04211023,法律學系,D 日,M 碩士,87,109
6,國立中興大學,04211023,法律學系,N 職,M 碩士,120,109
6,國立中興大學,05111026,生命科學系,D 日,M 碩士,130,109
6,國立中興大學,05111026,生命科學碩士在職專班,N 職,M 碩士,54,109
6,國立中興大學,05111029,昆蟲學系,D 日,M 碩士,46,109
6,國立中興大學,05121027,生物科技學研究所,D 日,M 碩士,42,109
6,國立中興大學,05121033,分子生物學研究所,D 日,M 碩士,52,109
6,國立中興大學,05121035,生物醫學研究所,D 日,M 碩士,32,109
6,國立中興大學,05121037,基因體暨生物資訊學研究所,D 日,M 碩士,26,109
6,國立中興大學,05123034,生物化學研究所,D 日,M 碩士,34,109
6,國立中興大學,05292082,水土保持學系,D 日,M 碩士,51,109
6,國立中興大學,05292082,水土保持學系,N 職,M 碩士,55,109
6,國立中興大學,05311039,化學系,D 日,M 碩士,142,109
6,國立中興大學,05331040,物理學系,D 日,M 碩士,30,109
6,國立中興大學,05331040,物理學系(奈米電子與光電能源)中科碩士在職專班,N 職,M 碩士,2,109
6,國立中興大學,05331058,奈米科學研究所,D 日,M 碩士,44,109
6,國立中興大學,05411041,應用數學系,D 日,M 碩士,50,109
6,國立中興大學,05411041,應用數學系,N 職,M 碩士,39,109
6,國立中興大學,05421042,統計學研究所,D 日,M 碩士,40,109
6,國立中興大學,06131043,資訊管理學系,D 日,M 碩士,95,109
6,國立中興大學,06131043,資訊管理學系,N 職,M 碩士,81,109
6,國立中興大學,06131048,資訊科學與工程學系,D 日,M 碩士,155,109
6,國立中興大學,06131048,資訊科學與工程學系,N 職,M 碩士,92,109
6,國立中興大學,06132100,人工智慧與資料科學碩士在職學位學程,N 職,M 碩士,39,109
6,國立中興大學,07111055,化學工程學系,D 日,M 碩士,125,109
6,國立中興大學,07111055,化學工程學系,N 職,M 碩士,47,109
6,國立中興大學,07112057,材料科學與工程學系,D 日,M 碩士,120,109
6,國立中興大學,07112057,材料科學與工程學系,N 職,M 碩士,98,109
6,國立中興大學,07112099,光電材料產業碩士專班,D 日,M 碩士,3,109
6,國立中興大學,07121059,環境工程學系,D 日,M 碩士,86,109
6,國立中興大學,07121059,環境工程學系,N 職,M 碩士,97,109
6,國立中興大學,07141045,電機工程學系,D 日,M 碩士,183,109
6,國立中興大學,07141045,電機工程學系,N 職,M 碩士,101,109
6,國立中興大學,07141046,光電工程研究所,D 日,M 碩士,27,109
6,國立中興大學,07141049,通訊工程研究所,D 日,M 碩士,28,109
6,國立中興大學,07141104,電子系統產業碩士專班,D 日,M 碩士,3,109
6,國立中興大學,07141105,電機控制產業碩士專班,D 日,M 碩士,3,109
6,國立中興大學,07141C02,光電半導體技術產業碩士專班,D 日,M 碩士,10,109
6,國立中興大學,07151050,機械工程學系,D 日,M 碩士,196,109
6,國立中興大學,07151050,機械工程學系,N 職,M 碩士,103,109
6,國立中興大學,07151051,精密工程研究所,D 日,M 碩士,53,109
6,國立中興大學,07151051,精密工程研究所,N 職,M 碩士,25,109
6,國立中興大學,07151052,生物產業機電工程學系,D 日,M 碩士,45,109
6,國立中興大學,07193060,生醫工程研究所,D 日,M 碩士,30,109
6,國立中興大學,07211081,食品暨應用生物科技學系,D 日,M 碩士,95,109
6,國立中興大學,07211081,食品暨應用生物科技學系,N 職,M 碩士,45,109
6,國立中興大學,07211098,食品安全研究所,D 日,M 碩士,32,109
6,國立中興大學,07312061,景觀與遊憩碩士學位學程,D 日,M 碩士,10,109
6,國立中興大學,07321054,土木工程學系,D 日,M 碩士,88,109
6,國立中興大學,07321054,土木工程學系,N 職,M 碩士,69,109
6,國立中興大學,08111063,農藝學系,D 日,M 碩士,55,109
6,國立中興大學,08111064,國際農學碩士學位學程,D 日,M 碩士,33,109
6,國立中興大學,08112066,動物科學系,D 日,M 碩士,66,109
6,國立中興大學,08121067,園藝學系,D 日,M 碩士,86,109
6,國立中興大學,08191083,土壤環境科學系,D 日,M 碩士,38,109
6,國立中興大學,08193076,生物產業管理研究所,D 日,M 碩士,26,109
6,國立中興大學,08193077,農業企業經營管理碩士在職專班,N 職,M 碩士,62,109
6,國立中興大學,08193079,農業經濟與行銷碩士學位學程,D 日,M 碩士,13,109
6,國立中興大學,08194068,植物病理學系,D 日,M 碩士,41,109
6,國立中興大學,08194069,植物醫學暨安全農業碩士學位學程,D 日,M 碩士,29,109
6,國立中興大學,08211086,森林學系,D 日,M 碩士,74,109
6,國立中興大學,08411087,獸醫學系,D 日,M 碩士,71,109
6,國立中興大學,08411089,獸醫病理生物學研究所,D 日,M 碩士,14,109
6,國立中興大學,08411092,微生物暨公共衛生學研究所,D 日,M 碩士,14,109
7,國立交通大學,01111001,教育研究所,D 日,M 碩士,81,109
7,國立交通大學,01131002,英語教學研究所,D 日,M 碩士,40,109
7,國立交通大學,02122004,應用藝術研究所,D 日,M 碩士,86,109
7,國立交通大學,02151003,音樂研究所,D 日,M 碩士,64,109
7,國立交通大學,02299008,人文社會學系族群與文化碩士班,D 日,M 碩士,28,109
7,國立交通大學,02299009,亞際文化研究國際碩士學位學程(台灣聯合大學系統),D 日,M 碩士,19,109
7,國立交通大學,02299010,社會與文化研究所,D 日,M 碩士,36,109
7,國立交通大學,02311005,外國語文學系外國文學與語言學碩士班,D 日,M 碩士,48,109
7,國立交通大學,03143013,客家社會與文化碩士在職專班,N 職,M 碩士,65,109
7,國立交通大學,03211014,傳播研究所,D 日,M 碩士,70,109
7,國立交通大學,03211015,傳播與科技學系,D 日,M 碩士,53,109
7,國立交通大學,04121020,資訊管理與財務金融學系財務金融碩士班,D 日,M 碩士,99,109
7,國立交通大學,04131016,管理學院企業管理碩士學位學程,D 日,M 碩士,64,109
7,國立交通大學,04131017,經營管理研究所,D 日,M 碩士,103,109
7,國立交通大學,04131018,管理科學系,D 日,M 碩士,74,109
7,國立交通大學,04131026,管理學院碩士在職專班,N 職,M 碩士,438,109
7,國立交通大學,04199023,科技管理研究所,D 日,M 碩士,50,109
7,國立交通大學,04199024,高階主管管理碩士學程,N 職,M 碩士,127,109
7,國立交通大學,04212027,科技法律研究所,D 日,M 碩士,111,109
7,國立交通大學,04212027,科技法律研究所,N 職,M 碩士,89,109
7,國立交通大學,05121028,生物科技學系,D 日,M 碩士,104,109
7,國立交通大學,05121030,分子醫學與生物工程研究所,D 日,M 碩士,65,109
7,國立交通大學,05124034,生物資訊及系統生物研究所,D 日,M 碩士,46,109
7,國立交通大學,05311036,應用化學系,D 日,M 碩士,230,109
7,國立交通大學,05311038,跨領域分子科學國際碩士學位學程,D 日,M 碩士,4,109
7,國立交通大學,05331040,物理研究所,D 日,M 碩士,81,109
7,國立交通大學,05331041,電子物理學系,D 日,M 碩士,153,109
7,國立交通大學,05399042,加速器光源科技與應用碩士學位學程,D 日,M 碩士,10,109
7,國立交通大學,05399044,理學院碩士在職專班,N 職,M 碩士,129,109
7,國立交通大學,05411045,應用數學系,D 日,M 碩士,82,109
7,國立交通大學,05421047,統計學研究所,D 日,M 碩士,49,109
7,國立交通大學,06121060,網路工程研究所,D 日,M 碩士,116,109
7,國立交通大學,06131022,資訊管理研究所,D 日,M 碩士,91,109
7,國立交通大學,06131061,資訊科學與工程研究所,D 日,M 碩士,415,109
7,國立交通大學,06131092,數據科學與工程研究所,D 日,M 碩士,83,109
7,國立交通大學,06131098,國防資安管理碩士在職專班,N 職,M 碩士,70,109
7,國立交通大學,06131100,資電亥客與安全碩士學位學程,D 日,M 碩士,31,109
7,國立交通大學,06131104,智慧計算與科技研究所,D 日,M 碩士,30,109
7,國立交通大學,06132049,多媒體工程研究所,D 日,M 碩士,115,109
7,國立交通大學,06133082,聲音與音樂創意科技碩士學位學程,D 日,M 碩士,-,109
7,國立交通大學,06199105,智慧與綠能產學研究所,D 日,M 碩士,36,109
7,國立交通大學,07112072,材料科學與工程學系,D 日,M 碩士,199,109
7,國立交通大學,07121076,環境工程研究所,D 日,M 碩士,76,109
7,國立交通大學,07132081,照明與能源光電研究所,D 日,M 碩士,79,109
7,國立交通大學,07141050,電機工程學系,D 日,M 碩士,173,109
7,國立交通大學,07141053,電子研究所,D 日,M 碩士,548,109
7,國立交通大學,07141055,光電工程學系,D 日,M 碩士,242,109
7,國立交通大學,07141057,光電科技碩士在職專班,N 職,M 碩士,59,109
7,國立交通大學,07141062,電信工程研究所,D 日,M 碩士,298,109
7,國立交通大學,07141063,平面顯示技術碩士學位學程,N 職,M 碩士,1,109
7,國立交通大學,07141064,電控工程研究所,D 日,M 碩士,204,109
7,國立交通大學,07141065,光電系統研究所,D 日,M 碩士,88,109
7,國立交通大學,07141066,國際半導體產業學院碩士班,D 日,M 碩士,68,109
7,國立交通大學,07141067,電機學院碩士在職專班,N 職,M 碩士,155,109
7,國立交通大學,07141068,電機資訊國際碩士學位學程,D 日,M 碩士,57,109
7,國立交通大學,07141069,資訊學院碩士在職專班,N 職,M 碩士,96,109
7,國立交通大學,07141099,人工智慧技術與應用碩士學位學程,D 日,M 碩士,44,109
7,國立交通大學,07141103,智慧系統與應用研究所,D 日,M 碩士,25,109
7,國立交通大學,07151070,機械工程學系,D 日,M 碩士,291,109
7,國立交通大學,07151093,機器人碩士學位學程,D 日,M 碩士,51,109
7,國立交通大學,07191075,工業工程與管理學系,D 日,M 碩士,110,109
7,國立交通大學,07193077,生醫工程研究所,D 日,M 碩士,139,109
7,國立交通大學,07193079,影像與生醫光電研究所,D 日,M 碩士,84,109
7,國立交通大學,07199083,工學院碩士在職專班,N 職,M 碩士,371,109
7,國立交通大學,07311085,建築研究所,D 日,M 碩士,75,109
7,國立交通大學,07321071,土木工程學系,D 日,M 碩士,204,109
7,國立交通大學,10411086,運輸與物流管理學系碩士班,D 日,M 碩士,133,109
8,國立中央大學,01115001,學習與教學研究所,D 日,M 碩士,34,109
8,國立中央大學,02191004,藝術學研究所,D 日,M 碩士,29,109
8,國立中央大學,02221010,歷史研究所,D 日,M 碩士,31,109
8,國立中央大學,02221010,歷史研究所,N 職,M 碩士,44,109
8,國立中央大學,02231011,哲學研究所,D 日,M 碩士,24,109
8,國立中央大學,02231011,哲學研究所,N 職,M 碩士,45,109
8,國立中央大學,02299012,亞際文化研究國際碩士學位學程(台灣聯合大學系統),D 日,M 碩士,17,109
8,國立中央大學,02311007,英美語文學系,D 日,M 碩士,33,109
8,國立中央大學,02311008,法國語文學系,D 日,M 碩士,17,109
8,國立中央大學,02322006,中國文學系,D 日,M 碩士,60,109
8,國立中央大學,02322006,中國文學系,N 職,M 碩士,1,109
8,國立中央大學,03111013,經濟學系,D 日,M 碩士,31,109
8,國立中央大學,03111014,產業經濟研究所,D 日,M 碩士,55,109
8,國立中央大學,03111014,產業經濟研究所,N 職,M 碩士,53,109
8,國立中央大學,03131017,認知神經科學研究所,D 日,M 碩士,20,109
8,國立中央大學,03199020,客家語文暨社會科學學系碩士班,D 日,M 碩士,54,109
8,國立中央大學,03199020,客家語文暨社會科學學系客家研究碩士在職專班,N 職,M 碩士,70,109
8,國立中央大學,04111022,會計研究所,D 日,M 碩士,30,109
8,國立中央大學,04111022,會計研究所企業資源規劃會計碩士在職專班,N 職,M 碩士,44,109
8,國立中央大學,04121024,財務金融學系,D 日,M 碩士,65,109
8,國立中央大學,04121024,財務金融學系,N 職,M 碩士,63,109
8,國立中央大學,04131023,企業管理學系,D 日,M 碩士,137,109
8,國立中央大學,04131023,企業管理學系,N 職,M 碩士,78,109
8,國立中央大學,04199027,人力資源管理研究所,D 日,M 碩士,61,109
8,國立中央大學,04199027,人力資源管理研究所,N 職,M 碩士,70,109
8,國立中央大學,04199029,管理學院高階主管企管碩士班,N 職,M 碩士,178,109
8,國立中央大學,04211030,法律與政府研究所,D 日,M 碩士,45,109
8,國立中央大學,05121031,生命科學系,D 日,M 碩士,65,109
8,國立中央大學,05211048,遙測科技碩士學位學程,D 日,M 碩士,21,109
8,國立中央大學,05311035,化學學系,D 日,M 碩士,131,109
8,國立中央大學,05321036,地球科學學系地球物理碩士班,D 日,M 碩士,47,109
8,國立中央大學,05321037,應用地質研究所,D 日,M 碩士,38,109
8,國立中央大學,05322044,大氣科學學系大氣物理碩士班,D 日,M 碩士,52,109
8,國立中央大學,05322079,太空科學與工程研究所,D 日,M 碩士,42,109
8,國立中央大學,05323039,水文與海洋科學研究所,D 日,M 碩士,25,109
8,國立中央大學,05331042,物理學系,D 日,M 碩士,90,109
8,國立中央大學,05332045,天文研究所,D 日,M 碩士,29,109
8,國立中央大學,05411051,數學系,D 日,M 碩士,70,109
8,國立中央大學,05421052,統計研究所,D 日,M 碩士,46,109
8,國立中央大學,06131053,資訊管理學系,D 日,M 碩士,132,109
8,國立中央大學,06131053,資訊管理學系,N 職,M 碩士,81,109
8,國立中央大學,06131059,資訊工程學系,D 日,M 碩士,298,109
8,國立中央大學,06131059,資訊工程學系,N 職,M 碩士,94,109
8,國立中央大學,06132002,網路學習科技研究所,D 日,M 碩士,43,109
8,國立中央大學,06132002,網路學習科技研究所,N 職,M 碩士,57,109
8,國立中央大學,07111069,化學工程與材料工程學系,D 日,M 碩士,136,109
8,國立中央大學,07112070,材料科學與工程研究所,D 日,M 碩士,48,109
8,國立中央大學,07112071,應用材料科學國際研究生碩士學位學程,D 日,M 碩士,-,109
8,國立中央大學,07121072,環境工程研究所,D 日,M 碩士,88,109
8,國立中央大學,07121072,環境工程研究所,N 職,M 碩士,72,109
8,國立中央大學,07121073,國際永續發展碩士學位學程,D 日,M 碩士,12,109
8,國立中央大學,07121073,國際永續發展碩士在職專班,N 職,M 碩士,2,109
8,國立中央大學,07132066,能源工程研究所,D 日,M 碩士,46,109
8,國立中央大學,07141055,電機工程學系,D 日,M 碩士,331,109
8,國立中央大學,07141055,電機工程學系,N 職,M 碩士,-,109
8,國立中央大學,07141057,光電科學與工程學系,D 日,M 碩士,177,109
8,國立中央大學,07141057,光電科學與工程學系,N 職,M 碩士,44,109
8,國立中央大學,07141060,通訊工程學系,D 日,M 碩士,132,109
8,國立中央大學,07141060,通訊工程學系,N 職,M 碩士,106,109
8,國立中央大學,07151064,機械工程學系,D 日,M 碩士,317,109
8,國立中央大學,07151064,機械工程學系,N 職,M 碩士,91,109
8,國立中央大學,07191026,工業管理研究所,D 日,M 碩士,51,109
8,國立中央大學,07191026,工業管理研究所,N 職,M 碩士,67,109
8,國立中央大學,07193074,生醫科學與工程學系碩士班,D 日,M 碩士,83,109
8,國立中央大學,07321067,土木工程學系,D 日,M 碩士,223,109
8,國立中央大學,07321067,土木工程學系,N 職,M 碩士,115,109
9,國立中山大學,01111001,教育研究所,D 日,M 碩士,45,109
9,國立中山大學,01111001,教育研究所,N 職,M 碩士,56,109
9,國立中山大學,02151002,音樂學系,D 日,M 碩士,35,109
9,國立中山大學,02192003,劇場藝術學系,D 日,M 碩士,40,109
9,國立中山大學,02231008,哲學研究所,D 日,M 碩士,32,109
9,國立中山大學,02311006,外國語文學系,D 日,M 碩士,42,109
9,國立中山大學,02322005,中國文學系,D 日,M 碩士,57,109
9,國立中山大學,02322005,中國文學系(暑期專班)碩士班,N 職,M 碩士,3,109
9,國立中山大學,03111009,經濟學研究所,D 日,M 碩士,55,109
9,國立中山大學,03111009,經濟學研究所,N 職,M 碩士,26,109
9,國立中山大學,03121011,政治學研究所,D 日,M 碩士,49,109
9,國立中山大學,03121011,政治學研究所,N 職,M 碩士,36,109
9,國立中山大學,03121027,海洋事務研究所,D 日,M 碩士,18,109
9,國立中山大學,03122019,亞太事務英語碩士學位學程,D 日,M 碩士,16,109
9,國立中山大學,03141013,社會學系,D 日,M 碩士,30,109
9,國立中山大學,03141013,社會學系原住民碩士在職專班,N 職,M 碩士,37,109
9,國立中山大學,03143016,中國與亞太區域研究所,D 日,M 碩士,61,109
9,國立中山大學,03143016,中國與亞太區域研究所,N 職,M 碩士,42,109
9,國立中山大學,04121024,財務管理學系,D 日,M 碩士,87,109
9,國立中山大學,04121024,財務管理學系,N 職,M 碩士,70,109
9,國立中山大學,04121C01,金融創新產業碩士專班,D 日,M 碩士,29,109
9,國立中山大學,04131021,企業管理學系碩士班,D 日,M 碩士,232,109
9,國立中山大學,04131022,管理學院國際經營管理碩士學程,D 日,M 碩士,128,109
9,國立中山大學,04131028,人力資源管理研究所,D 日,M 碩士,132,109
9,國立中山大學,04131028,人力資源管理研究所,N 職,M 碩士,131,109
9,國立中山大學,04134017,公共事務管理研究所,D 日,M 碩士,45,109
9,國立中山大學,04134017,公共事務管理研究所,N 職,M 碩士,91,109
9,國立中山大學,04134018,社會科學院EMPP,N 職,M 碩士,35,109
9,國立中山大學,04134073,行政管理現役軍人營區碩士在職專班,N 職,M 碩士,22,109
9,國立中山大學,04199025,行銷傳播管理研究所,D 日,M 碩士,79,109
9,國立中山大學,04199025,行銷傳播管理研究所,N 職,M 碩士,67,109
9,國立中山大學,04199030,兩岸高階主管經營管理碩士在職專班,N 職,M 碩士,21,109
9,國立中山大學,04199068,管理學院EMBA,N 職,M 碩士,216,109
9,國立中山大學,05111033,生物科學系,D 日,M 碩士,34,109
9,國立中山大學,05111033,生物科學系,N 職,M 碩士,17,109
9,國立中山大學,05121035,生物醫學研究所,D 日,M 碩士,30,109
9,國立中山大學,05311037,化學系,D 日,M 碩士,116,109
9,國立中山大學,05323044,海洋生物科技暨資源學系,D 日,M 碩士,30,109
9,國立中山大學,05323047,海洋科學系,D 日,M 碩士,38,109
9,國立中山大學,05323075,海洋生態與保育研究所,D 日,M 碩士,2,109
9,國立中山大學,05331038,物理學系,D 日,M 碩士,68,109
9,國立中山大學,05411051,應用數學系,D 日,M 碩士,52,109
9,國立中山大學,06111055,資訊工程學系,D 日,M 碩士,265,109
9,國立中山大學,06131052,資訊管理學系,D 日,M 碩士,122,109
9,國立中山大學,06131052,資訊管理學系,N 職,M 碩士,97,109
9,國立中山大學,06131069,電子商務與商業分析數位學習碩士在職專班,N 職,M 碩士,69,109
9,國立中山大學,07112063,材料與光電科學學系,D 日,M 碩士,128,109
9,國立中山大學,07121064,環境工程研究所,D 日,M 碩士,53,109
9,國立中山大學,07121064,環境工程研究所,N 職,M 碩士,68,109
9,國立中山大學,07122065,海洋環境及工程學系,D 日,M 碩士,68,109
9,國立中山大學,07122065,海洋環境及工程學系,N 職,M 碩士,1,109
9,國立中山大學,07141053,電機工程學系,D 日,M 碩士,345,109
9,國立中山大學,07141054,光電工程學系,D 日,M 碩士,122,109
9,國立中山大學,07141056,電信工程國際碩士學位學程,D 日,M 碩士,6,109
9,國立中山大學,07141057,通訊工程研究所,D 日,M 碩士,57,109
9,國立中山大學,07141058,電機電力工程國際碩士學位學程,D 日,M 碩士,5,109
9,國立中山大學,07151059,海下科技研究所,D 日,M 碩士,16,109
9,國立中山大學,07151061,機械與機電工程學系,D 日,M 碩士,177,109
9,國立中山大學,07193067,醫學科技研究所,D 日,M 碩士,40,109
9,國立中山大學,09141076,精準醫學研究所,D 日,M 碩士,8,109
9,國立中山大學,09161074,生技醫藥研究所,D 日,M 碩士,3,109
12,國立臺灣海洋大學,01111001,教師在職進修「海洋教育碩士學位班」,N 職,M 碩士,1,109
12,國立臺灣海洋大學,01111002,教育研究所,D 日,M 碩士,55,109
12,國立臺灣海洋大學,01111002,教育研究所,N 職,M 碩士,77,109
12,國立臺灣海洋大學,02299004,海洋文化研究所,D 日,M 碩士,25,109
12,國立臺灣海洋大學,02311003,應用英語研究所,D 日,M 碩士,27,109
12,國立臺灣海洋大學,03111006,應用經濟研究所,D 日,M 碩士,18,109
12,國立臺灣海洋大學,03121058,海洋政策碩士學位學程,D 日,M 碩士,15,109
12,國立臺灣海洋大學,04212009,海洋法律研究所,D 日,M 碩士,65,109
12,國立臺灣海洋大學,04212009,海洋法律研究所,N 職,M 碩士,61,109
12,國立臺灣海洋大學,05121014,生命科學暨生物科技學系,D 日,M 碩士,46,109
12,國立臺灣海洋大學,05211008,海洋事務與資源管理研究所,D 日,M 碩士,16,109
12,國立臺灣海洋大學,05321057,地球科學研究所,D 日,M 碩士,22,109
12,國立臺灣海洋大學,05323017,海洋生物研究所,D 日,M 碩士,38,109
12,國立臺灣海洋大學,05323020,海洋環境資訊系,D 日,M 碩士,26,109
12,國立臺灣海洋大學,05323020,海洋環境資訊系,N 職,M 碩士,25,109
12,國立臺灣海洋大學,05323022,海洋環境與生態研究所,D 日,M 碩士,10,109
12,國立臺灣海洋大學,06131028,資訊工程學系,D 日,M 碩士,132,109
12,國立臺灣海洋大學,06131028,資訊工程學系,N 職,M 碩士,32,109
12,國立臺灣海洋大學,07122040,河海工程學系,D 日,M 碩士,65,109
12,國立臺灣海洋大學,07122040,河海工程學系,N 職,M 碩士,48,109
12,國立臺灣海洋大學,07141025,電機工程學系,D 日,M 碩士,142,109
12,國立臺灣海洋大學,07141025,電機工程學系,N 職,M 碩士,47,109
12,國立臺灣海洋大學,07141027,光電與材料科技學系,D 日,M 碩士,69,109
12,國立臺灣海洋大學,07141030,通訊與導航工程學系,D 日,M 碩士,50,109
12,國立臺灣海洋大學,07151036,機械與機電工程學系,D 日,M 碩士,71,109
12,國立臺灣海洋大學,07163033,系統工程暨造船學系,D 日,M 碩士,53,109
12,國立臺灣海洋大學,07163035,輪機工程學系,D 日,M 碩士,26,109
12,國立臺灣海洋大學,07163035,輪機工程學系,N 職,M 碩士,24,109
12,國立臺灣海洋大學,07211042,食品科學系,D 日,M 碩士,146,109
12,國立臺灣海洋大學,07211042,食品科學系,N 職,M 碩士,45,109
12,國立臺灣海洋大學,07211059,食品安全與風險管理研究所,D 日,M 碩士,26,109
12,國立臺灣海洋大學,07211060,食品安全管理碩士在職學位學程,N 職,M 碩士,37,109
12,國立臺灣海洋大學,08311045,環境生物與漁業科學學系,D 日,M 碩士,30,109
12,國立臺灣海洋大學,08311045,環境生物與漁業科學學系,N 職,M 碩士,29,109
12,國立臺灣海洋大學,08312046,水產養殖學系,D 日,M 碩士,103,109
12,國立臺灣海洋大學,10411050,運輸科學系,D 日,M 碩士,51,109
12,國立臺灣海洋大學,10411050,運輸科學系運輸與供應鏈管理碩士在職專班,N 職,M 碩士,37,109
12,國立臺灣海洋大學,10412048,航運管理學系,D 日,M 碩士,97,109
12,國立臺灣海洋大學,10412048,航運管理學系,N 職,M 碩士,93,109
12,國立臺灣海洋大學,10414052,商船學系,D 日,M 碩士,21,109
12,國立臺灣海洋大學,10414052,商船學系,N 職,M 碩士,39,109
13,國立中正大學,01111001,教育學研究所教育學碩士班,D 日,M 碩士,51,109
13,國立中正大學,01111001,教育學研究所教育學碩士在職專班,N 職,M 碩士,77,109
13,國立中正大學,01112005,成人及繼續教育學系,D 日,M 碩士,83,109
13,國立中正大學,01112005,成人及繼續教育學系,N 職,M 碩士,106,109
13,國立中正大學,01114007,教育領導與管理發展國際碩士學位學程,D 日,M 碩士,25,109
13,國立中正大學,01116008,教學專業發展數位學習碩士在職專班,N 職,M 碩士,81,109
13,國立中正大學,02221015,歷史學系,D 日,M 碩士,22,109
13,國立中正大學,02231016,哲學系,D 日,M 碩士,16,109
13,國立中正大學,02311012,外國語文學系,D 日,M 碩士,47,109
13,國立中正大學,02321010,台灣文學與創意應用研究所,D 日,M 碩士,25,109
13,國立中正大學,02321010,台灣文學與創意應用研究所台灣文化碩士在職專班,N 職,M 碩士,62,109
13,國立中正大學,02322011,中國文學系,D 日,M 碩士,39,109
13,國立中正大學,02399014,語言學研究所,D 日,M 碩士,41,109
13,國立中正大學,03111017,經濟學系國際經濟學碩士班,D 日,M 碩士,66,109
13,國立中正大學,03111017,經濟學系國際經濟學碩士在職專班,N 職,M 碩士,58,109
13,國立中正大學,03121018,政治學系,D 日,M 碩士,24,109
13,國立中正大學,03121018,政治學系政府與公共事務碩士在職專班,N 職,M 碩士,49,109
13,國立中正大學,03122024,戰略暨國際事務研究所,D 日,M 碩士,31,109
13,國立中正大學,03122024,戰略暨國際事務研究所戰略暨國家安全碩士在職專班,N 職,M 碩士,55,109
13,國立中正大學,03131019,心理學系,D 日,M 碩士,99,109
13,國立中正大學,03191025,勞工關係學系,D 日,M 碩士,49,109
13,國立中正大學,03191025,勞工關係學系,N 職,M 碩士,88,109
13,國立中正大學,03199026,犯罪防治學系,D 日,M 碩士,69,109
13,國立中正大學,03199026,犯罪防治學系,N 職,M 碩士,103,109
13,國立中正大學,03211028,傳播學系電訊傳播碩士班,D 日,M 碩士,46,109
13,國立中正大學,04111032,會計與資訊科技學系,D 日,M 碩士,49,109
13,國立中正大學,04111032,會計與資訊科技學系,N 職,M 碩士,120,109
13,國立中正大學,04121034,財務金融學系,D 日,M 碩士,93,109
13,國立中正大學,04121034,財務金融學系,N 職,M 碩士,59,109
13,國立中正大學,04121035,國際財務金融管理碩士學位學程,D 日,M 碩士,10,109
13,國立中正大學,04131033,企業管理學系,D 日,M 碩士,127,109
13,國立中正大學,04131033,企業管理學系,N 職,M 碩士,79,109
13,國立中正大學,04199038,高階主管管理碩士在職專班,N 職,M 碩士,52,109
13,國立中正大學,04211039,法律學系,D 日,M 碩士,179,109
13,國立中正大學,04211039,法律學系,N 職,M 碩士,212,109
13,國立中正大學,04212040,財經法律學系,D 日,M 碩士,103,109
13,國立中正大學,04212040,財經法律學系,N 職,M 碩士,56,109
13,國立中正大學,05121075,生物醫學科學系分子生物碩士班(含生物醫學碩士班),D 日,M 碩士,30,109
13,國立中正大學,05311045,化學暨生物化學系,D 日,M 碩士,127,109
13,國立中正大學,05321047,地球與環境科學系,D 日,M 碩士,38,109
13,國立中正大學,05321047,地球與環境科學系災害應變碩士在職專班,N 職,M 碩士,6,109
13,國立中正大學,05331067,物理學系,D 日,M 碩士,46,109
13,國立中正大學,05411049,數學系,D 日,M 碩士,60,109
13,國立中正大學,06131053,資訊管理學系,D 日,M 碩士,103,109
13,國立中正大學,06131053,資訊管理學系,N 職,M 碩士,75,109
13,國立中正大學,06131055,資訊工程學系,D 日,M 碩士,274,109
13,國立中正大學,06131055,資訊工程學系雲端計算與物聯網數位學習碩士在職專班,N 職,M 碩士,74,109
13,國立中正大學,07111061,化學工程學系,D 日,M 碩士,107,109
13,國立中正大學,07141054,電機工程學系,D 日,M 碩士,315,109
13,國立中正大學,07141056,通訊工程學系,D 日,M 碩士,124,109
13,國立中正大學,07151058,機械工程學系,D 日,M 碩士,218,109
13,國立中正大學,07151071,前瞻製造系統碩士學位學程,D 日,M 碩士,12,109
13,國立中正大學,09231063,社會福利學系,D 日,M 碩士,48,109
13,國立中正大學,10141064,運動競技學系運動與休閒教育碩士班,D 日,M 碩士,35,109
14,國立高雄師範大學,01111001,教育學系,D 日,M 碩士,54,109
14,國立高雄師範大學,01111001,教育學系學校行政領導碩士班,N 職,M 碩士,131,109
14,國立高雄師範大學,01111059,運動與健康現役軍人營區碩士在職專班,N 職,M 碩士,11,109
14,國立高雄師範大學,01112009,成人教育研究所,D 日,M 碩士,49,109
14,國立高雄師範大學,01112009,成人教育研究所組織發展與領導碩士在職專班(夜間班),N 職,M 碩士,61,109
14,國立高雄師範大學,01113010,特殊教育學系特殊教育碩士班,D 日,M 碩士,85,109
14,國立高雄師範大學,01113010,特殊教育學系特殊教育教學碩士班,N 職,M 碩士,26,109
14,國立高雄師範大學,01114054,高階教育經營與行政管理馬來西亞境外碩士在職專班,N 職,M 碩士,29,109
14,國立高雄師範大學,01141003,工業科技教育學系,D 日,M 碩士,45,109
14,國立高雄師範大學,01141003,工業科技教育學系,N 職,M 碩士,113,109
14,國立高雄師範大學,01141005,體育學系,D 日,M 碩士,51,109
14,國立高雄師範大學,01141005,體育學系體育教學碩士班(夜間班),N 職,M 碩士,81,109
14,國立高雄師範大學,01141006,科學教育暨環境教育研究所,D 日,M 碩士,71,109
14,國立高雄師範大學,01141006,科學教育暨環境教育研究所環境與創意產業管理現役軍人營區碩士在職專班,N 職,M 碩士,30,109
14,國立高雄師範大學,01199011,性別教育研究所,D 日,M 碩士,57,109
14,國立高雄師範大學,02112022,視覺設計學系,D 日,M 碩士,63,109
14,國立高雄師範大學,02112022,視覺設計學系視覺設計碩士在職專班(夜間班),N 職,M 碩士,70,109
14,國立高雄師範大學,02123024,工業設計學系,D 日,M 碩士,23,109
14,國立高雄師範大學,02131012,美術學系,D 日,M 碩士,91,109
14,國立高雄師範大學,02131012,美術學系,N 職,M 碩士,85,109
14,國立高雄師範大學,02151013,音樂學系,D 日,M 碩士,55,109
14,國立高雄師範大學,02151013,音樂學系,N 職,M 碩士,9,109
14,國立高雄師範大學,02191014,跨領域藝術研究所,D 日,M 碩士,62,109
14,國立高雄師範大學,02191047,表演藝術碩士學位學程,N 職,M 碩士,57,109
14,國立高雄師範大學,02199025,文化創意設計碩士學位學程在職專班,N 職,M 碩士,43,109
14,國立高雄師範大學,02299020,經學研究所,D 日,M 碩士,42,109
14,國立高雄師範大學,02299020,經學研究所經學碩士在職專班,N 職,M 碩士,17,109
14,國立高雄師範大學,02311021,英語學系,D 日,M 碩士,68,109
14,國立高雄師範大學,02311021,英語學系英語教學碩士班(暑期班),N 職,M 碩士,74,109
14,國立高雄師範大學,02313002,華語文教學研究所,D 日,M 碩士,68,109
14,國立高雄師範大學,02321015,臺灣歷史文化及語言研究所,D 日,M 碩士,68,109
14,國立高雄師範大學,02321015,臺灣歷史文化及語言研究所臺灣研究碩士學位在職進修專班,N 職,M 碩士,37,109
14,國立高雄師範大學,02322019,國文學系,D 日,M 碩士,55,109
14,國立高雄師範大學,02322019,國文學系(中國文學),N 職,M 碩士,140,109
14,國立高雄師範大學,03131026,諮商心理與復健諮商研究所,D 日,M 碩士,118,109
14,國立高雄師範大學,03142030,地理學系,D 日,M 碩士,16,109
14,國立高雄師範大學,03142030,地理學系地理教學碩士班(暑週班),N 職,M 碩士,14,109
14,國立高雄師範大學,03143031,客家文化研究所,D 日,M 碩士,39,109
14,國立高雄師範大學,03143052,東南亞學碩士在職學位學程,N 職,M 碩士,47,109
14,國立高雄師範大學,04131032,事業經營學系,D 日,M 碩士,23,109
14,國立高雄師範大學,04131032,事業經營學系,N 職,M 碩士,72,109
14,國立高雄師範大學,04131058,創新領導與管理現役軍人營區碩士在職專班,N 職,M 碩士,14,109
14,國立高雄師範大學,04131061,環境與創意產業碩士在職學位學程,N 職,M 碩士,8,109
14,國立高雄師範大學,04199033,人力與知識管理研究所,D 日,M 碩士,31,109
14,國立高雄師範大學,04199033,人力與知識管理研究所人力與知識管理碩士在職專班(夜間班),N 職,M 碩士,59,109
14,國立高雄師範大學,05121034,生物科技系,D 日,M 碩士,47,109
14,國立高雄師範大學,05311036,化學系,D 日,M 碩士,18,109
14,國立高雄師範大學,05311036,化學系,N 職,M 碩士,4,109
14,國立高雄師範大學,05331037,物理學系,D 日,M 碩士,14,109
14,國立高雄師範大學,05331037,物理學系,N 職,M 碩士,8,109
14,國立高雄師範大學,05411038,數學系,D 日,M 碩士,34,109
14,國立高雄師範大學,05411038,數學系數學教學碩士班(暑期班),N 職,M 碩士,27,109
14,國立高雄師範大學,06132039,軟體工程與管理學系,D 日,M 碩士,28,109
14,國立高雄師範大學,06132039,軟體工程與管理學系,N 職,M 碩士,47,109
14,國立高雄師範大學,07141041,電子工程學系,D 日,M 碩士,21,109
14,國立高雄師範大學,07141042,光電與通訊工程學系,D 日,M 碩士,-,109
14,國立高雄師範大學,07141060,電機工程學系,D 日,M 碩士,13,109
15,國立彰化師範大學,01111002,教育研究所,D 日,M 碩士,71,109
15,國立彰化師範大學,01111002,教育研究所教育學回流碩士在職專班,N 職,M 碩士,140,109
15,國立彰化師範大學,01113012,特殊教育學系,D 日,M 碩士,63,109
15,國立彰化師範大學,01113012,特殊教育學系特教教學碩士學位班,N 職,M 碩士,93,109
15,國立彰化師範大學,01118007,工業教育與技術學系,D 日,M 碩士,104,109
15,國立彰化師範大學,01118007,工業教育與技術學系技職行政管理碩士在職專班(含技職教育教學碩士在職專班),N 職,M 碩士,183,109
15,國立彰化師範大學,01131004,科學教育研究所,D 日,M 碩士,21,109
15,國立彰化師範大學,01131004,科學教育研究所數理創意教學及科普推廣碩士在職專班,N 職,M 碩士,4,109
15,國立彰化師範大學,01131006,公共事務與公民教育學系,D 日,M 碩士,44,109
15,國立彰化師範大學,02131017,美術學系,D 日,M 碩士,60,109
15,國立彰化師範大學,02131017,美術學系藝術教育教學碩士學位班,N 職,M 碩士,9,109
15,國立彰化師範大學,02221023,歷史學研究所,D 日,M 碩士,26,109
15,國立彰化師範大學,02311020,英語學系,D 日,M 碩士,46,109
15,國立彰化師範大學,02311020,英語學系應用英語碩士在職專班,N 職,M 碩士,69,109
15,國立彰化師範大學,02311021,兒童英語研究所,D 日,M 碩士,37,109
15,國立彰化師範大學,02312022,翻譯研究所,D 日,M 碩士,50,109
15,國立彰化師範大學,02321018,台灣文學研究所,D 日,M 碩士,28,109
15,國立彰化師範大學,02322019,國文學系,D 日,M 碩士,37,109
15,國立彰化師範大學,02322019,國文學系國語文教學碩士在職專班,N 職,M 碩士,66,109
15,國立彰化師範大學,03131025,輔導與諮商學系,D 日,M 碩士,139,109
15,國立彰化師範大學,03131025,輔導與諮商學系輔導活動教學碩士學位班,N 職,M 碩士,146,109
15,國立彰化師範大學,03131055,復健諮商研究所,D 日,M 碩士,54,109
15,國立彰化師範大學,03142027,地理學系,D 日,M 碩士,31,109
15,國立彰化師範大學,03142027,地理學系地理教學碩士學位班,N 職,M 碩士,3,109
15,國立彰化師範大學,04111028,會計學系,D 日,M 碩士,83,109
15,國立彰化師範大學,04111028,會計學系企業高階管理碩士在職專班,N 職,M 碩士,103,109
15,國立彰化師範大學,04121031,財務金融技術學系,D 日,M 碩士,60,109
15,國立彰化師範大學,04131029,企業管理學系,D 日,M 碩士,92,109
15,國立彰化師範大學,04131029,企業管理學系國際企業經營管理碩士在職專班,N 職,M 碩士,129,109
15,國立彰化師範大學,04131031,財務金融技術學系行政管理碩士在職專班,N 職,M 碩士,112,109
15,國立彰化師範大學,04131033,人力資源管理研究所,D 日,M 碩士,77,109
15,國立彰化師範大學,04131033,人力資源管理研究所,N 職,M 碩士,73,109
15,國立彰化師範大學,04134006,公共事務與公民教育學系公共事務與公民教育碩士在職專班,N 職,M 碩士,64,109
15,國立彰化師範大學,05111034,生物學系,D 日,M 碩士,47,109
15,國立彰化師範大學,05311035,化學系,D 日,M 碩士,36,109
15,國立彰化師範大學,05331037,物理學系,D 日,M 碩士,34,109
15,國立彰化師範大學,05411038,數學系,D 日,M 碩士,23,109
15,國立彰化師範大學,05421039,統計資訊研究所,D 日,M 碩士,16,109
15,國立彰化師範大學,06131040,資訊管理學系,D 日,M 碩士,71,109
15,國立彰化師範大學,06131040,資訊管理學系創新與管理碩士在職專班,N 職,M 碩士,63,109
15,國立彰化師範大學,06131050,資訊工程學系,D 日,M 碩士,37,109
15,國立彰化師範大學,06131050,資訊工程學系資訊科技應用教學碩士學位班,N 職,M 碩士,2,109
15,國立彰化師範大學,07141042,電機工程學系,D 日,M 碩士,47,109
15,國立彰化師範大學,07141042,電機工程學系,N 職,M 碩士,48,109
15,國立彰化師範大學,07141043,電子工程學系,D 日,M 碩士,39,109
15,國立彰化師範大學,07141046,光電科技研究所,D 日,M 碩士,26,109
15,國立彰化師範大學,07141051,電信工程學研究所,D 日,M 碩士,9,109
15,國立彰化師範大學,07151054,機電工程學系,D 日,M 碩士,50,109
15,國立彰化師範大學,07151054,機電工程學系,N 職,M 碩士,65,109
15,國立彰化師範大學,07161053,車輛科技研究所,D 日,M 碩士,26,109
15,國立彰化師範大學,10141011,運動學系應用運動科學碩士班,D 日,M 碩士,31,109
15,國立彰化師範大學,10152011,運動學系運動與健康休閒碩士在職專班,N 職,M 碩士,40,109
15,國立彰化師範大學,10152058,運動健康研究所,D 日,M 碩士,33,109
16,國立陽明大學,02191001,視覺文化研究所,D 日,M 碩士,15,109
16,國立陽明大學,02231002,心智哲學研究所,D 日,M 碩士,24,109
16,國立陽明大學,02299003,亞際文化研究國際碩士學位學程(台灣聯合大學系統),D 日,M 碩士,3,109
16,國立陽明大學,03199004,科技與社會研究所,D 日,M 碩士,25,109
16,國立陽明大學,04131063,生技醫療經營管理碩士在職學位學程,N 職,M 碩士,35,109
16,國立陽明大學,04133005,醫務管理研究所,D 日,M 碩士,19,109
16,國立陽明大學,04133005,醫務管理研究所,N 職,M 碩士,55,109
16,國立陽明大學,05121007,生命科學系暨基因體科學研究所,D 日,M 碩士,57,109
16,國立陽明大學,05122009,微生物及免疫學研究所,D 日,M 碩士,49,109
16,國立陽明大學,05123011,生化暨分子生物研究所,D 日,M 碩士,48,109
16,國立陽明大學,05124013,生物醫學資訊研究所,D 日,M 碩士,68,109
16,國立陽明大學,07193019,生醫光電研究所,D 日,M 碩士,69,109
16,國立陽明大學,07193021,生物醫學工程學系,D 日,M 碩士,89,109
16,國立陽明大學,09111059,牙醫學系,D 日,M 碩士,21,109
16,國立陽明大學,09111061,口腔生物研究所,D 日,M 碩士,25,109
16,國立陽明大學,09121025,臨床醫學研究所,D 日,M 碩士,27,109
16,國立陽明大學,09121025,臨床醫學研究所,N 職,M 碩士,11,109
16,國立陽明大學,09121028,生理學研究所,D 日,M 碩士,42,109
16,國立陽明大學,09121029,神經科學研究所,D 日,M 碩士,36,109
16,國立陽明大學,09121031,解剖學及細胞生物學研究所,D 日,M 碩士,29,109
16,國立陽明大學,09121032,急重症醫學研究所,D 日,M 碩士,30,109
16,國立陽明大學,09121033,腦科學研究所,D 日,M 碩士,50,109
16,國立陽明大學,09121043,藥理學研究所,D 日,M 碩士,39,109
16,國立陽明大學,09131048,護理學系,N 職,M 碩士,54,109
16,國立陽明大學,09131049,臨床護理研究所,D 日,M 碩士,68,109
16,國立陽明大學,09131052,社區健康照護研究所,D 日,M 碩士,45,109
16,國立陽明大學,09141057,醫學生物技術暨檢驗學系,D 日,M 碩士,38,109
16,國立陽明大學,09141058,生物醫學影像暨放射科學系,D 日,M 碩士,50,109
16,國立陽明大學,09151047,物理治療暨輔助科技學系,D 日,M 碩士,92,109
16,國立陽明大學,09161041,藥學系,D 日,M 碩士,12,109
16,國立陽明大學,09161044,生物藥學研究所,D 日,M 碩士,49,109
16,國立陽明大學,09171042,傳統醫藥研究所,D 日,M 碩士,23,109
16,國立陽明大學,09191036,公共衛生研究所,D 日,M 碩士,69,109
16,國立陽明大學,09191037,衛生福利研究所,D 日,M 碩士,53,109
16,國立陽明大學,09191039,環境與職業衛生研究所,D 日,M 碩士,25,109
16,國立陽明大學,09191040,國際衛生碩士學位學程,D 日,M 碩士,27,109
16,國立陽明大學,09199066,食品安全及健康風險評估研究所,D 日,M 碩士,34,109
16,國立陽明大學,09211067,跨專業長期照顧與管理碩士學位學程,D 日,M 碩士,14,109
17,國立臺北大學,02221005,歷史學系,D 日,M 碩士,24,109
17,國立臺北大學,02299008,民俗藝術與文化資產研究所,D 日,M 碩士,37,109
17,國立臺北大學,02322002,中國文學系,D 日,M 碩士,33,109
17,國立臺北大學,03111009,經濟學系,D 日,M 碩士,59,109
17,國立臺北大學,03141011,社會學系,D 日,M 碩士,24,109
17,國立臺北大學,03141011,社會學系,N 職,M 碩士,71,109
17,國立臺北大學,03199016,犯罪學研究所,D 日,M 碩士,46,109
17,國立臺北大學,03199016,犯罪學研究所,N 職,M 碩士,77,109
17,國立臺北大學,04111017,會計學系,D 日,M 碩士,37,109
17,國立臺北大學,04111017,會計學系,N 職,M 碩士,43,109
17,國立臺北大學,04121020,財務金融英語碩士學位學程,D 日,M 碩士,18,109
17,國立臺北大學,04121021,商學院國際財務金融碩士在職專班,N 職,M 碩士,96,109
17,國立臺北大學,04121022,金融與合作經營學系,D 日,M 碩士,32,109
17,國立臺北大學,04122023,財政學系,D 日,M 碩士,28,109
17,國立臺北大學,04131018,企業管理學系,D 日,M 碩士,217,109
17,國立臺北大學,04131018,企業管理學系,N 職,M 碩士,120,109
17,國立臺北大學,04131019,國際企業研究所,D 日,M 碩士,27,109
17,國立臺北大學,04134013,公共行政暨政策學系,D 日,M 碩士,106,109
17,國立臺北大學,04134013,公共行政暨政策學系,N 職,M 碩士,95,109
17,國立臺北大學,04134024,不動產與城鄉環境學系,D 日,M 碩士,54,109
17,國立臺北大學,04211028,法律學系,D 日,M 碩士,312,109
17,國立臺北大學,05211043,自然資源與環境管理研究所,D 日,M 碩士,14,109
17,國立臺北大學,05211043,自然資源與環境管理研究所,N 職,M 碩士,21,109
17,國立臺北大學,05421033,統計學系,D 日,M 碩士,44,109
17,國立臺北大學,05421033,統計學系,N 職,M 碩士,60,109
17,國立臺北大學,06131036,資訊工程學系,D 日,M 碩士,62,109
17,國立臺北大學,06134034,資訊管理研究所,D 日,M 碩士,36,109
17,國立臺北大學,07141035,電機工程學系,D 日,M 碩士,49,109
17,國立臺北大學,07141037,通訊工程學系,D 日,M 碩士,20,109
17,國立臺北大學,07141C02,多媒體與網路科技產業碩士專班,D 日,M 碩士,2,109
17,國立臺北大學,07313039,都市計劃研究所,D 日,M 碩士,55,109
17,國立臺北大學,07399040,城市治理英語碩士學位學程,D 日,M 碩士,5,109
17,國立臺北大學,09231041,社會工作學系,D 日,M 碩士,52,109
18,國立嘉義大學,01111001,教育學系,D 日,M 碩士,63,109
18,國立嘉義大學,01111001,教育學系,N 職,M 碩士,114,109
18,國立嘉義大學,01111006,師範學院教學專業國際碩士學位學程,D 日,M 碩士,9,109
18,國立嘉義大學,01113017,特殊教育學系,D 日,M 碩士,45,109
18,國立嘉義大學,01114018,教育行政與政策發展研究所,D 日,M 碩士,34,109
18,國立嘉義大學,01114018,教育行政與政策發展研究所,N 職,M 碩士,45,109
18,國立嘉義大學,01116021,數位學習設計與管理學系,D 日,M 碩士,22,109
18,國立嘉義大學,01121016,幼兒教育學系,D 日,M 碩士,43,109
18,國立嘉義大學,01121016,幼兒教育學系,N 職,M 碩士,51,109
18,國立嘉義大學,01131010,數理教育研究所,D 日,M 碩士,49,109
18,國立嘉義大學,01131010,數理教育研究所,N 職,M 碩士,25,109
18,國立嘉義大學,02131025,視覺藝術學系,D 日,M 碩士,63,109
18,國立嘉義大學,02151024,音樂學系,D 日,M 碩士,38,109
18,國立嘉義大學,02221033,應用歷史學系,D 日,M 碩士,24,109
18,國立嘉義大學,02221033,應用歷史學系,N 職,M 碩士,13,109
18,國立嘉義大學,02311031,外國語言學系,D 日,M 碩士,26,109
18,國立嘉義大學,02322029,中國文學系,D 日,M 碩士,29,109
18,國立嘉義大學,02322029,中國文學系,N 職,M 碩士,25,109
18,國立嘉義大學,03111034,應用經濟學系,D 日,M 碩士,1,109
18,國立嘉義大學,03131035,輔導與諮商學系,D 日,M 碩士,107,109
18,國立嘉義大學,03131035,輔導與諮商學系,N 職,M 碩士,142,109
18,國立嘉義大學,04121041,財務金融學系,D 日,M 碩士,23,109
18,國立嘉義大學,04131038,企業管理學系,D 日,M 碩士,43,109
18,國立嘉義大學,04131045,生物事業管理學系,D 日,M 碩士,14,109
18,國立嘉義大學,04131046,管理學院碩士在職專班,N 職,M 碩士,203,109
18,國立嘉義大學,04143044,行銷與觀光管理學系行銷管理碩士班,D 日,M 碩士,63,109
18,國立嘉義大學,05111048,生命科學全英文碩士學位學程,D 日,M 碩士,4,109
18,國立嘉義大學,05111052,生物資源學系,D 日,M 碩士,21,109
18,國立嘉義大學,05121053,生化科技學系,D 日,M 碩士,10,109
18,國立嘉義大學,05121053,生化科技學系,N 職,M 碩士,22,109
18,國立嘉義大學,05199058,微生物免疫與生物藥學系,D 日,M 碩士,13,109
18,國立嘉義大學,05311059,應用化學系,D 日,M 碩士,30,109
18,國立嘉義大學,05331061,電子物理學系光電暨固態電子碩士班,D 日,M 碩士,15,109
18,國立嘉義大學,05411062,應用數學系,D 日,M 碩士,16,109
18,國立嘉義大學,06131063,資訊管理學系,D 日,M 碩士,26,109
18,國立嘉義大學,06131066,資訊工程學系,D 日,M 碩士,55,109
18,國立嘉義大學,07141064,電機工程學系,D 日,M 碩士,19,109
18,國立嘉義大學,07151067,生物機電工程學系,D 日,M 碩士,22,109
18,國立嘉義大學,07151067,生物機電工程學系,N 職,M 碩士,28,109
18,國立嘉義大學,07151069,機械與能源工程學系,D 日,M 碩士,16,109
18,國立嘉義大學,07211088,食品科學系,D 日,M 碩士,56,109
18,國立嘉義大學,07211088,食品科學系,N 職,M 碩士,59,109
18,國立嘉義大學,07312072,景觀學系,D 日,M 碩士,19,109
18,國立嘉義大學,07321070,土木與水資源工程學系,D 日,M 碩士,15,109
18,國立嘉義大學,07321070,土木與水資源工程學系,N 職,M 碩士,28,109
18,國立嘉義大學,08111073,農學院農學碩士在職專班,N 職,M 碩士,63,109
18,國立嘉義大學,08111074,農藝學系,D 日,M 碩士,30,109
18,國立嘉義大學,08111074,農藝學系,N 職,M 碩士,11,109
18,國立嘉義大學,08112079,動物科學系,D 日,M 碩士,20,109
18,國立嘉義大學,08121080,園藝學系,D 日,M 碩士,25,109
18,國立嘉義大學,08192092,生物農業科技學系,D 日,M 碩士,20,109
18,國立嘉義大學,08192094,農學院農業科技全英碩士學位學程,D 日,M 碩士,1,109
18,國立嘉義大學,08194084,植物醫學系,D 日,M 碩士,20,109
18,國立嘉義大學,08211096,森林暨自然資源學系,D 日,M 碩士,31,109
18,國立嘉義大學,08211096,森林暨自然資源學系,N 職,M 碩士,1,109
18,國立嘉義大學,08211106,木質材料與設計學系,D 日,M 碩士,21,109
18,國立嘉義大學,08312047,水生生物科學系,D 日,M 碩士,26,109
18,國立嘉義大學,08411108,獸醫學系,D 日,M 碩士,14,109
18,國立嘉義大學,08411108,獸醫學系,N 職,M 碩士,-,109
18,國立嘉義大學,10151110,管理學院外籍生全英文授課觀光暨管理碩士學位學程,D 日,M 碩士,8,109
18,國立嘉義大學,10152113,體育與健康休閒學系,D 日,M 碩士,43,109
18,國立嘉義大學,10152113,體育與健康休閒學系,N 職,M 碩士,56,109
19,國立高雄大學,02311002,西洋語文學系,D 日,M 碩士,10,109
19,國立高雄大學,02311003,東亞語文學系,D 日,M 碩士,10,109
19,國立高雄大學,03111006,應用經濟學系,D 日,M 碩士,15,109
19,國立高雄大學,04121011,金融管理學系,D 日,M 碩士,30,109
19,國立高雄大學,04131007,經營管理研究所,D 日,M 碩士,12,109
19,國立高雄大學,04131009,亞太工商管理學系,D 日,M 碩士,23,109
19,國立高雄大學,04131009,亞太工商管理學系,N 職,M 碩士,45,109
19,國立高雄大學,04131010,國際商業管理碩士學位學程,D 日,M 碩士,21,109
19,國立高雄大學,04199012,高階經營管理碩士在職專班,N 職,M 碩士,60,109
19,國立高雄大學,04199013,上海/海西/越南/澳門國際高階經營管理碩士在職專班,N 職,M 碩士,88,109
19,國立高雄大學,04199014,高階法律暨管理碩士在職專班,N 職,M 碩士,22,109
19,國立高雄大學,04211015,法律學系,D 日,M 碩士,50,109
19,國立高雄大學,04211015,法律學系,N 職,M 碩士,113,109
19,國立高雄大學,04212016,財經法律學系,D 日,M 碩士,34,109
19,國立高雄大學,04212017,政治法律學系,D 日,M 碩士,35,109
19,國立高雄大學,04212017,政治法律學系,N 職,M 碩士,48,109
19,國立高雄大學,05111019,生命科學系,D 日,M 碩士,16,109
19,國立高雄大學,05311022,應用化學系,D 日,M 碩士,33,109
19,國立高雄大學,05331023,應用物理學系,D 日,M 碩士,13,109
19,國立高雄大學,05411024,應用數學系,D 日,M 碩士,14,109
19,國立高雄大學,05421025,統計學研究所,D 日,M 碩士,27,109
19,國立高雄大學,05499037,應用科學碩士學位學程,D 日,M 碩士,1,109
19,國立高雄大學,06131026,資訊管理學系,D 日,M 碩士,30,109
19,國立高雄大學,06131026,資訊管理學系,N 職,M 碩士,-,109
19,國立高雄大學,06131028,資訊工程學系,D 日,M 碩士,39,109
19,國立高雄大學,06131028,資訊工程學系,N 職,M 碩士,23,109
19,國立高雄大學,07111030,化學工程及材料工程學系,D 日,M 碩士,38,109
19,國立高雄大學,07141027,電機工程學系,D 日,M 碩士,70,109
19,國立高雄大學,07141027,電機工程學系,N 職,M 碩士,26,109
19,國立高雄大學,07141038,半導體製造智能化技術產業碩士專班,D 日,M 碩士,34,109
19,國立高雄大學,07141C05,電子構裝整合技術產業碩士專班,D 日,M 碩士,12,109
19,國立高雄大學,07311005,創意設計與建築學系,D 日,M 碩士,2,109
19,國立高雄大學,07311005,創意設計與建築學系,N 職,M 碩士,17,109
19,國立高雄大學,07311035,建築學系,D 日,M 碩士,27,109
19,國立高雄大學,07311035,建築學系,N 職,M 碩士,42,109
19,國立高雄大學,07321029,土木與環境工程學系,D 日,M 碩士,28,109
19,國立高雄大學,10152033,運動健康與休閒學系,D 日,M 碩士,22,109
19,國立高雄大學,10152033,運動健康與休閒學系,N 職,M 碩士,31,109
20,國立東華大學,01111001,教育與潛能開發學系教育碩士班,D 日,M 碩士,99,109
20,國立東華大學,01111001,教育與潛能開發學系教育碩士在職專班,N 職,M 碩士,83,109
20,國立東華大學,01113013,特殊教育學系身心障礙與輔助科技碩士班,D 日,M 碩士,27,109
20,國立東華大學,01113013,特殊教育學系教學碩士學位班,N 職,M 碩士,6,109
20,國立東華大學,01114015,教育行政與管理學系,D 日,M 碩士,25,109
20,國立東華大學,01114015,教育行政與管理學系,N 職,M 碩士,76,109
20,國立東華大學,01121012,幼兒教育學系,D 日,M 碩士,17,109
20,國立東華大學,01121012,幼兒教育學系,N 職,M 碩士,34,109
20,國立東華大學,01141010,體育與運動科學系,D 日,M 碩士,19,109
20,國立東華大學,01141010,體育與運動科學系,N 職,M 碩士,37,109
20,國立東華大學,02121019,藝術與設計學系,D 日,M 碩士,46,109
20,國立東華大學,02151018,音樂學系,D 日,M 碩士,27,109
20,國立東華大學,02191022,藝術創意產業學系,D 日,M 碩士,49,109
20,國立東華大學,02191022,藝術創意產業學系,N 職,M 碩士,27,109
20,國立東華大學,02221033,歷史學系,D 日,M 碩士,17,109
20,國立東華大學,02222042,族群關係與文化學系,D 日,M 碩士,18,109
20,國立東華大學,02222042,族群關係與文化學系,N 職,M 碩士,24,109
20,國立東華大學,02311029,英美語文學系,D 日,M 碩士,44,109
20,國立東華大學,02322025,中國語文學系,D 日,M 碩士,24,109
20,國立東華大學,02322025,中國語文學系,N 職,M 碩士,5,109
20,國立東華大學,02323104,華文文學系,D 日,M 碩士,50,109
20,國立東華大學,03111034,經濟學系,D 日,M 碩士,14,109
20,國立東華大學,03131046,諮商與臨床心理學系,D 日,M 碩士,150,109
20,國立東華大學,03141036,社會學系,D 日,M 碩士,21,109
20,國立東華大學,03143051,臺灣文化學系,D 日,M 碩士,29,109
20,國立東華大學,03143051,臺灣文化學系,N 職,M 碩士,6,109
20,國立東華大學,03199040,民族事務與發展學系,D 日,M 碩士,37,109
20,國立東華大學,04111056,會計學系,D 日,M 碩士,28,109
20,國立東華大學,04111057,會計與財務碩士學位學程,D 日,M 碩士,3,109
20,國立東華大學,04121061,財務金融學系,D 日,M 碩士,33,109
20,國立東華大學,04131059,企業管理學系,D 日,M 碩士,50,109
20,國立東華大學,04131059,企業管理學系,N 職,M 碩士,50,109
20,國立東華大學,04131060,國際企業學系,D 日,M 碩士,38,109
20,國立東華大學,04131060,國際企業學系,N 職,M 碩士,56,109
20,國立東華大學,04131065,管理學院高階經營管理碩士在職專班,N 職,M 碩士,34,109
20,國立東華大學,04132063,運籌管理研究所,D 日,M 碩士,25,109
20,國立東華大學,04134054,公共行政學系,D 日,M 碩士,14,109
20,國立東華大學,04134054,公共行政學系,N 職,M 碩士,47,109
20,國立東華大學,04212067,法律學系,D 日,M 碩士,41,109
20,國立東華大學,05121069,生命科學系生物技術碩士班,D 日,M 碩士,9,109
20,國立東華大學,05211094,自然資源與環境學系,D 日,M 碩士,68,109
20,國立東華大學,05211100,人文與環境碩士學位學程,D 日,M 碩士,9,109
20,國立東華大學,05311071,化學系,D 日,M 碩士,29,109
20,國立東華大學,05323078,海洋生物研究所,D 日,M 碩士,37,109
20,國立東華大學,05331072,物理學系應用物理碩士班,D 日,M 碩士,25,109
20,國立東華大學,05411074,應用數學系,D 日,M 碩士,29,109
20,國立東華大學,06131086,資訊工程學系,D 日,M 碩士,100,109
20,國立東華大學,06131086,資訊工程學系,N 職,M 碩士,7,109
20,國立東華大學,06134081,資訊管理學系,D 日,M 碩士,19,109
20,國立東華大學,07112090,材料科學與工程學系,D 日,M 碩士,34,109
20,國立東華大學,07141083,電機工程學系,D 日,M 碩士,36,109
20,國立東華大學,07141083,電機工程學系,N 職,M 碩士,-,109
20,國立東華大學,07141085,光電工程學系,D 日,M 碩士,18,109
20,國立東華大學,09231040,民族事務與發展學系民族社會工作碩士在職專班,N 職,M 碩士,57,109
20,國立東華大學,10151091,觀光暨休閒遊憩學系,D 日,M 碩士,21,109
21,國立暨南國際大學,01111001,國際文教與比較教育學系,D 日,M 碩士,13,109
21,國立暨南國際大學,01111004,諮商心理與人力資源發展學系輔導與諮商碩士班,D 日,M 碩士,135,109
21,國立暨南國際大學,01112009,終身學習與人力資源發展碩士學位學程,N 職,M 碩士,69,109
21,國立暨南國際大學,01114010,教育政策與行政學系,D 日,M 碩士,54,109
21,國立暨南國際大學,01115012,課程教學與科技研究所,D 日,M 碩士,24,109
21,國立暨南國際大學,01131007,華語文教學碩士學位學程,D 日,M 碩士,14,109
21,國立暨南國際大學,02221015,歷史學系,D 日,M 碩士,9,109
21,國立暨南國際大學,02311014,外國語文學系,D 日,M 碩士,7,109
21,國立暨南國際大學,02322013,中國語文學系,D 日,M 碩士,19,109
21,國立暨南國際大學,03111016,經濟學系,D 日,M 碩士,15,109
21,國立暨南國際大學,03131044,教育學院心理健康與諮詢碩士學位學程在職專班,N 職,M 碩士,42,109
21,國立暨南國際大學,03143019,東南亞學系,D 日,M 碩士,34,109
21,國立暨南國際大學,03143019,東南亞學系,N 職,M 碩士,42,109
21,國立暨南國際大學,04121025,財務金融學系,D 日,M 碩士,30,109
21,國立暨南國際大學,04131022,國際企業學系,D 日,M 碩士,53,109
21,國立暨南國際大學,04131023,管理學院兩岸高階主管經營管理境外碩士在職學位學程,N 職,M 碩士,43,109
21,國立暨南國際大學,04131026,新興產業策略與發展碩士學位學程,D 日,M 碩士,11,109
21,國立暨南國際大學,04131046,區域發展重點產業碩士專班,D 日,M 碩士,13,109
21,國立暨南國際大學,04131047,管理學院高階經營管理碩士學位學程,N 職,M 碩士,79,109
21,國立暨南國際大學,04134020,公共行政與政策學系,D 日,M 碩士,19,109
21,國立暨南國際大學,04134020,公共行政與政策學系,N 職,M 碩士,42,109
21,國立暨南國際大學,04134021,非營利組織經營管理碩士學位學程在職專班,N 職,M 碩士,101,109
21,國立暨南國際大學,04143052,文化創意與社會行銷碩士學位學程,D 日,M 碩士,2,109
21,國立暨南國際大學,05311027,應用化學系,D 日,M 碩士,49,109
21,國立暨南國際大學,06131030,資訊管理學系,D 日,M 碩士,48,109
21,國立暨南國際大學,06131034,資訊工程學系,D 日,M 碩士,65,109
21,國立暨南國際大學,07112037,應用材料及光電工程學系,D 日,M 碩士,10,109
21,國立暨南國際大學,07141031,電機工程學系,D 日,M 碩士,46,109
21,國立暨南國際大學,07141033,光電科技碩士學位學程,N 職,M 碩士,21,109
21,國立暨南國際大學,07321035,土木工程學系,D 日,M 碩士,22,109
21,國立暨南國際大學,09211051,長期照顧經營管理碩士在職學位學程,N 職,M 碩士,23,109
21,國立暨南國際大學,09231038,社會政策與社會工作學系,D 日,M 碩士,69,109
21,國立暨南國際大學,10151039,觀光休閒與餐旅管理學系,D 日,M 碩士,28,109
22,國立臺灣科技大學,01116002,數位學習與教育研究所,D 日,M 碩士,57,109
22,國立臺灣科技大學,01116002,數位學習與教育研究所,N 職,M 碩士,45,109
22,國立臺灣科技大學,02122004,設計系,D 日,M 碩士,122,109
22,國立臺灣科技大學,02122004,設計系,N 職,M 碩士,33,109
22,國立臺灣科技大學,02311003,應用外語系,D 日,M 碩士,40,109
22,國立臺灣科技大學,02311003,應用外語系,N 職,M 碩士,26,109
22,國立臺灣科技大學,04121010,財務金融研究所,D 日,M 碩士,63,109
22,國立臺灣科技大學,04121010,財務金融研究所,N 職,M 碩士,59,109
22,國立臺灣科技大學,04131008,企業管理系,D 日,M 碩士,136,109
22,國立臺灣科技大學,04131008,企業管理系,N 職,M 碩士,60,109
22,國立臺灣科技大學,04191009,管理研究所,N 職,M 碩士,140,109
22,國立臺灣科技大學,04199011,科技管理研究所,D 日,M 碩士,44,109
22,國立臺灣科技大學,04199013,管理學院MBA,D 日,M 碩士,124,109
22,國立臺灣科技大學,04212014,專利研究所,D 日,M 碩士,35,109
22,國立臺灣科技大學,04212014,專利研究所,N 職,M 碩士,44,109
22,國立臺灣科技大學,05399015,應用科技研究所,D 日,M 碩士,76,109
22,國立臺灣科技大學,06131016,資訊管理系,D 日,M 碩士,154,109
22,國立臺灣科技大學,06131016,資訊管理系,N 職,M 碩士,67,109
22,國立臺灣科技大學,06131020,資訊工程系,D 日,M 碩士,309,109
22,國立臺灣科技大學,06131020,資訊工程系,N 職,M 碩士,1,109
22,國立臺灣科技大學,07111026,化學工程系,D 日,M 碩士,280,109
22,國立臺灣科技大學,07112028,材料科學與工程系,D 日,M 碩士,163,109
22,國立臺灣科技大學,07141017,電機工程系,D 日,M 碩士,411,109
22,國立臺灣科技大學,07141017,電機工程系,N 職,M 碩士,1,109
22,國立臺灣科技大學,07141018,電子工程系,D 日,M 碩士,462,109
22,國立臺灣科技大學,07141018,電子工程系,N 職,M 碩士,1,109
22,國立臺灣科技大學,07141019,光電工程研究所,D 日,M 碩士,49,109
22,國立臺灣科技大學,07141022,色彩與照明科技研究所,D 日,M 碩士,35,109
22,國立臺灣科技大學,07151023,機械工程系,D 日,M 碩士,431,109
22,國立臺灣科技大學,07151023,機械工程系,N 職,M 碩士,48,109
22,國立臺灣科技大學,07151024,自動化及控制研究所,D 日,M 碩士,59,109
22,國立臺灣科技大學,07151024,自動化及控制研究所,N 職,M 碩士,39,109
22,國立臺灣科技大學,07191012,工業管理系,D 日,M 碩士,130,109
22,國立臺灣科技大學,07191012,工業管理系,N 職,M 碩士,59,109
22,國立臺灣科技大學,07199035,高階科技研發碩士學位學程,N 職,M 碩士,63,109
22,國立臺灣科技大學,07311038,建築系,D 日,M 碩士,130,109
22,國立臺灣科技大學,07311038,建築系,N 職,M 碩士,54,109
22,國立臺灣科技大學,07321025,營建工程系,D 日,M 碩士,249,109
22,國立臺灣科技大學,07321025,營建工程系,N 職,M 碩士,72,109
22,國立臺灣科技大學,09171034,醫學工程研究所,D 日,M 碩士,41,109
23,國立雲林科技大學,01118001,技術及職業教育研究所,D 日,M 碩士,18,109
23,國立雲林科技大學,01118001,技術及職業教育研究所,N 職,M 碩士,30,109
23,國立雲林科技大學,02111013,數位媒體設計系,D 日,M 碩士,67,109
23,國立雲林科技大學,02112011,視覺傳達設計系,D 日,M 碩士,75,109
23,國立雲林科技大學,02122007,設計學研究所,D 日,M 碩士,31,109
23,國立雲林科技大學,02122009,創意生活設計系,D 日,M 碩士,68,109
23,國立雲林科技大學,02123014,工業設計系,D 日,M 碩士,70,109
23,國立雲林科技大學,02192002,文化資產維護系,D 日,M 碩士,57,109
23,國立雲林科技大學,02311004,應用外語系,D 日,M 碩士,49,109
23,國立雲林科技大學,02311004,應用外語系,N 職,M 碩士,42,109
23,國立雲林科技大學,02322003,漢學應用研究所,D 日,M 碩士,27,109
23,國立雲林科技大學,02322003,漢學應用研究所,N 職,M 碩士,43,109
23,國立雲林科技大學,04111018,會計系,D 日,M 碩士,40,109
23,國立雲林科技大學,04111018,會計系,N 職,M 碩士,33,109
23,國立雲林科技大學,04121024,財務金融系,D 日,M 碩士,78,109
23,國立雲林科技大學,04121024,財務金融系,N 職,M 碩士,52,109
23,國立雲林科技大學,04131019,企業管理系,D 日,M 碩士,113,109
23,國立雲林科技大學,04131019,企業管理系,N 職,M 碩士,114,109
23,國立雲林科技大學,04131058,高階管理碩士學位學程,N 職,M 碩士,54,109
23,國立雲林科技大學,04199023,創業管理碩士學位學程,D 日,M 碩士,13,109
23,國立雲林科技大學,04212031,科技法律研究所,D 日,M 碩士,51,109
23,國立雲林科技大學,04212031,科技法律研究所,N 職,M 碩士,73,109
23,國立雲林科技大學,06131032,資訊管理系,D 日,M 碩士,83,109
23,國立雲林科技大學,06131032,資訊管理系,N 職,M 碩士,30,109
23,國立雲林科技大學,06131060,資訊科技服務管理數位學習碩士在職專班,N 職,M 碩士,41,109
23,國立雲林科技大學,07111045,化學工程與材料工程系,D 日,M 碩士,113,109
23,國立雲林科技大學,07112047,材料科技研究所,D 日,M 碩士,25,109
23,國立雲林科技大學,07121049,環境與安全衛生工程系,D 日,M 碩士,88,109
23,國立雲林科技大學,07121049,環境與安全衛生工程系環安科技與管理碩士在職專班,N 職,M 碩士,48,109
23,國立雲林科技大學,07141033,電機工程系,D 日,M 碩士,185,109
23,國立雲林科技大學,07141033,電機工程系,N 職,M 碩士,44,109
23,國立雲林科技大學,07141034,電子工程系,D 日,M 碩士,178,109
23,國立雲林科技大學,07141037,資訊工程系,D 日,M 碩士,107,109
23,國立雲林科技大學,07151041,機械工程系,D 日,M 碩士,134,109
23,國立雲林科技大學,07191048,工業工程與管理系,D 日,M 碩士,140,109
23,國立雲林科技大學,07191048,工業工程與管理系,N 職,M 碩士,106,109
23,國立雲林科技大學,07311016,建築與室內設計系,D 日,M 碩士,59,109
23,國立雲林科技大學,07321043,營建工程系,D 日,M 碩士,42,109
23,國立雲林科技大學,07321043,營建工程系,N 職,M 碩士,54,109
23,國立雲林科技大學,10152053,休閒運動研究所,D 日,M 碩士,19,109
23,國立雲林科技大學,10152053,休閒運動研究所,N 職,M 碩士,43,109
24,國立屏東科技大學,01118001,技術及職業教育研究所,D 日,M 碩士,34,109
24,國立屏東科技大學,01118001,技術及職業教育研究所,N 職,M 碩士,17,109
24,國立屏東科技大學,02125003,時尚設計與管理系,D 日,M 碩士,21,109
24,國立屏東科技大學,02311002,應用外語系,D 日,M 碩士,15,109
24,國立屏東科技大學,03143004,客家文化產業研究所,D 日,M 碩士,30,109
24,國立屏東科技大學,04131005,企業管理系,D 日,M 碩士,12,109
24,國立屏東科技大學,04131005,企業管理系,N 職,M 碩士,21,109
24,國立屏東科技大學,04199008,科技管理研究所,D 日,M 碩士,5,109
24,國立屏東科技大學,04199008,科技管理研究所,N 職,M 碩士,3,109
24,國立屏東科技大學,04199009,工業管理系,D 日,M 碩士,34,109
24,國立屏東科技大學,04199009,工業管理系,N 職,M 碩士,12,109
24,國立屏東科技大學,04199011,高階經營管理碩士在職專班,N 職,M 碩士,42,109
24,國立屏東科技大學,05121015,生物科技系,D 日,M 碩士,55,109
24,國立屏東科技大學,05121049,動物疫苗科技研究所,D 日,M 碩士,19,109
24,國立屏東科技大學,05121050,動物用疫苗國際學位專班,D 日,M 碩士,6,109
24,國立屏東科技大學,05221014,野生動物保育研究所,D 日,M 碩士,56,109
24,國立屏東科技大學,05292040,水土保持系,D 日,M 碩士,36,109
24,國立屏東科技大學,06131017,資訊管理系,D 日,M 碩士,41,109
24,國立屏東科技大學,06131017,資訊管理系,N 職,M 碩士,22,109
24,國立屏東科技大學,07112024,材料工程研究所,D 日,M 碩士,19,109
24,國立屏東科技大學,07121025,環境工程與科學系,D 日,M 碩士,66,109
24,國立屏東科技大學,07121025,環境工程與科學系,N 職,M 碩士,39,109
24,國立屏東科技大學,07151018,機械工程系,D 日,M 碩士,42,109
24,國立屏東科技大學,07151018,機械工程系,N 職,M 碩士,-,109
24,國立屏東科技大學,07151020,生物機電工程系,D 日,M 碩士,20,109
24,國立屏東科技大學,07161019,車輛工程系,D 日,M 碩士,68,109
24,國立屏東科技大學,07211037,食品科學系,D 日,M 碩士,82,109
24,國立屏東科技大學,07211039,食品生技碩士學位學程在職專班,N 職,M 碩士,28,109
24,國立屏東科技大學,07211066,食品安全管理研究所,D 日,M 碩士,19,109
24,國立屏東科技大學,07312027,景觀暨遊憩管理研究所,D 日,M 碩士,30,109
24,國立屏東科技大學,07321021,土木工程系,D 日,M 碩士,18,109
24,國立屏東科技大學,07321021,土木工程系,N 職,M 碩士,14,109
24,國立屏東科技大學,07321022,土壤與水工程國際碩士學位學程,D 日,M 碩士,9,109
24,國立屏東科技大學,08111029,農園生產系,D 日,M 碩士,43,109
24,國立屏東科技大學,08111029,農園生產系,N 職,M 碩士,19,109
24,國立屏東科技大學,08112032,動物科學與畜產系,D 日,M 碩士,24,109
24,國立屏東科技大學,08193036,農企業管理系,D 日,M 碩士,24,109
24,國立屏東科技大學,08193036,農企業管理系,N 職,M 碩士,46,109
24,國立屏東科技大學,08194035,植物醫學系,D 日,M 碩士,19,109
24,國立屏東科技大學,08199030,熱帶農業暨國際合作系,D 日,M 碩士,41,109
24,國立屏東科技大學,08211041,森林系,D 日,M 碩士,21,109
24,國立屏東科技大學,08211043,木材科學與設計系,D 日,M 碩士,30,109
24,國立屏東科技大學,08312046,水產養殖系,D 日,M 碩士,24,109
24,國立屏東科技大學,08312068,觀賞魚科技及水生動物健康國際學位專班,D 日,M 碩士,6,109
24,國立屏東科技大學,08411048,獸醫學系,D 日,M 碩士,25,109
24,國立屏東科技大學,08411048,獸醫學系,N 職,M 碩士,2,109
24,國立屏東科技大學,09221052,幼兒保育系,D 日,M 碩士,20,109
24,國立屏東科技大學,09231051,社會工作系,D 日,M 碩士,40,109
24,國立屏東科技大學,10131054,餐旅管理系,D 日,M 碩士,17,109
24,國立屏東科技大學,10152057,休閒運動健康系,D 日,M 碩士,15,109
24,國立屏東科技大學,10152057,休閒運動健康系,N 職,M 碩士,23,109
25,國立臺北科技大學,01118001,技術及職業教育研究所,D 日,M 碩士,44,109
25,國立臺北科技大學,01118001,技術及職業教育研究所,N 職,M 碩士,73,109
25,國立臺北科技大學,02112007,互動設計系,D 日,M 碩士,74,109
25,國立臺北科技大學,02112007,互動設計系,N 職,M 碩士,27,109
25,國立臺北科技大學,02123009,工業設計系創新設計碩士班,D 日,M 碩士,98,109
25,國立臺北科技大學,02123009,工業設計系創新設計碩士班,N 職,M 碩士,83,109
25,國立臺北科技大學,02299018,文化事業發展系,D 日,M 碩士,26,109
25,國立臺北科技大學,02311002,應用英文系,D 日,M 碩士,43,109
25,國立臺北科技大學,02311002,應用英文系,N 職,M 碩士,49,109
25,國立臺北科技大學,04131011,經營管理系,D 日,M 碩士,111,109
25,國立臺北科技大學,04131011,經營管理系,N 職,M 碩士,133,109
25,國立臺北科技大學,04131072,高階管理碩士雙聯學位學程,N 職,M 碩士,55,109
25,國立臺北科技大學,04199021,管理學院_外國學生專班,D 日,M 碩士,58,109
25,國立臺北科技大學,04199021,管理學院_蘇州大學EMBA碩士在職專班,N 職,M 碩士,56,109
25,國立臺北科技大學,04212024,智慧財產權研究所,D 日,M 碩士,52,109
25,國立臺北科技大學,04212024,智慧財產權研究所,N 職,M 碩士,33,109
25,國立臺北科技大學,06131016,資訊與財金管理系,D 日,M 碩士,70,109
25,國立臺北科技大學,06131016,管理學院資訊與財金管理EMBA專班,N 職,M 碩士,106,109
25,國立臺北科技大學,06131034,資訊工程系,D 日,M 碩士,168,109
25,國立臺北科技大學,06131075,人工智慧與大數據高階管理雙聯碩士學位學程,N 職,M 碩士,40,109
25,國立臺北科技大學,07111048,化學工程與生物科技系化學工程碩士班,D 日,M 碩士,193,109
25,國立臺北科技大學,07111048,化學工程與生物科技系化學工程碩士在職專班,N 職,M 碩士,31,109
25,國立臺北科技大學,07111053,分子科學與工程系有機高分子碩士班,D 日,M 碩士,126,109
25,國立臺北科技大學,07111053,分子科學與工程系有機高分子碩士在職專班,N 職,M 碩士,35,109
25,國立臺北科技大學,07112057,材料科學與工程研究所,D 日,M 碩士,109,109
25,國立臺北科技大學,07112057,材料科學與工程研究所,N 職,M 碩士,30,109
25,國立臺北科技大學,07112059,資源工程研究所,D 日,M 碩士,55,109
25,國立臺北科技大學,07112059,資源工程研究所,N 職,M 碩士,7,109
25,國立臺北科技大學,07121063,環境工程與管理研究所,D 日,M 碩士,78,109
25,國立臺北科技大學,07121063,環境工程與管理研究所,N 職,M 碩士,52,109
25,國立臺北科技大學,07132068,能源與冷凍空調工程系,D 日,M 碩士,115,109
25,國立臺北科技大學,07132068,能源與冷凍空調工程系,N 職,M 碩士,68,109
25,國立臺北科技大學,07141025,電機工程系,D 日,M 碩士,325,109
25,國立臺北科技大學,07141025,電機工程系,N 職,M 碩士,111,109
25,國立臺北科技大學,07141028,電子工程系,D 日,M 碩士,264,109
25,國立臺北科技大學,07141028,電子工程系,N 職,M 碩士,111,109
25,國立臺北科技大學,07141032,光電工程系,D 日,M 碩士,156,109
25,國立臺北科技大學,07141036,電資學院_外國學生專班,D 日,M 碩士,20,109
25,國立臺北科技大學,07141044,自動化科技研究所,D 日,M 碩士,87,109
25,國立臺北科技大學,07141044,自動化科技研究所,N 職,M 碩士,58,109
25,國立臺北科技大學,07151037,機械工程系機電整合碩士班,D 日,M 碩士,212,109
25,國立臺北科技大學,07151037,機械工程系機電整合碩士在職專班,N 職,M 碩士,70,109
25,國立臺北科技大學,07151038,機電學院_機械與自動化碩士外國學生專班,D 日,M 碩士,7,109
25,國立臺北科技大學,07151043,製造科技研究所,D 日,M 碩士,133,109
25,國立臺北科技大學,07151043,製造科技研究所,N 職,M 碩士,55,109
25,國立臺北科技大學,07161042,車輛工程系,D 日,M 碩士,89,109
25,國立臺北科技大學,07161042,車輛工程系,N 職,M 碩士,43,109
25,國立臺北科技大學,07191022,工業工程與管理系,D 日,M 碩士,107,109
25,國立臺北科技大學,07191022,管理學院工業工程與管理EMBA專班,N 職,M 碩士,59,109
25,國立臺北科技大學,07191074,管理學院工業與科技管理EMBA專班,N 職,M 碩士,65,109
25,國立臺北科技大學,07311071,建築系建築與都市設計碩士班,D 日,M 碩士,78,109
25,國立臺北科技大學,07311071,建築系建築與都市設計碩士班,N 職,M 碩士,101,109
25,國立臺北科技大學,07321045,土木工程系土木與防災碩士班,D 日,M 碩士,183,109
25,國立臺北科技大學,07321045,土木工程系土木與防災碩士在職專班,N 職,M 碩士,71,109
28,國立臺北藝術大學,02111018,電影創作學系,D 日,M 碩士,74,109
28,國立臺北藝術大學,02131003,美術學系,D 日,M 碩士,143,109
28,國立臺北藝術大學,02131003,美術學系,N 職,M 碩士,49,109
28,國立臺北藝術大學,02131020,藝術跨域研究所,D 日,M 碩士,41,109
28,國立臺北藝術大學,02151005,音樂學系,D 日,M 碩士,76,109
28,國立臺北藝術大學,02151005,音樂學系,N 職,M 碩士,79,109
28,國立臺北藝術大學,02151006,傳統音樂學系,D 日,M 碩士,26,109
28,國立臺北藝術大學,02151007,管絃與擊樂研究所,D 日,M 碩士,66,109
28,國立臺北藝術大學,02152008,戲劇學系,D 日,M 碩士,14,109
28,國立臺北藝術大學,02152008,戲劇學系,N 職,M 碩士,1,109
28,國立臺北藝術大學,02152010,劇場藝術創作研究所,D 日,M 碩士,67,109
28,國立臺北藝術大學,02152011,劇場設計學系,D 日,M 碩士,31,109
28,國立臺北藝術大學,02152013,舞蹈研究所,D 日,M 碩士,72,109
28,國立臺北藝術大學,02191001,藝術與人文教育研究所,D 日,M 碩士,51,109
28,國立臺北藝術大學,02191001,藝術與人文教育研究所,N 職,M 碩士,50,109
28,國立臺北藝術大學,02191023,新媒體藝術學系,D 日,M 碩士,84,109
28,國立臺北藝術大學,02191028,博物館研究所,D 日,M 碩士,57,109
28,國立臺北藝術大學,02192025,藝術行政與管理研究所,D 日,M 碩士,101,109
28,國立臺北藝術大學,02192026,文創產業國際藝術碩士學位學程,D 日,M 碩士,21,109
28,國立臺北藝術大學,02199031,文學跨域創作研究所,D 日,M 碩士,15,109
28,國立臺北藝術大學,07311030,建築與文化資產研究所,D 日,M 碩士,65,109
29,國立臺灣藝術大學,02111015,電影學系,D 日,M 碩士,47,109
29,國立臺灣藝術大學,02111015,電影學系,N 職,M 碩士,43,109
29,國立臺灣藝術大學,02111032,傳播學院影音創作與數位媒體產業碩士班,D 日,M 碩士,22,109
29,國立臺灣藝術大學,02112023,多媒體動畫藝術學系動畫藝術碩士班,D 日,M 碩士,69,109
29,國立臺灣藝術大學,02112028,視覺傳達設計學系,D 日,M 碩士,31,109
29,國立臺灣藝術大學,02112028,視覺傳達設計學系,N 職,M 碩士,31,109
29,國立臺灣藝術大學,02131003,美術學系,D 日,M 碩士,61,109
29,國立臺灣藝術大學,02131003,美術學系,N 職,M 碩士,37,109
29,國立臺灣藝術大學,02131005,書畫藝術學系,D 日,M 碩士,58,109
29,國立臺灣藝術大學,02131005,書畫藝術學系,N 職,M 碩士,49,109
29,國立臺灣藝術大學,02131016,美術學院造形藝術碩士班,D 日,M 碩士,9,109
29,國立臺灣藝術大學,02131016,美術學院造形藝術碩士在職專班,N 職,M 碩士,11,109
29,國立臺灣藝術大學,02132006,雕塑學系,D 日,M 碩士,29,109
29,國立臺灣藝術大學,02141007,工藝設計學系,D 日,M 碩士,39,109
29,國立臺灣藝術大學,02141007,工藝設計學系,N 職,M 碩士,23,109
29,國立臺灣藝術大學,02151010,音樂學系,D 日,M 碩士,40,109
29,國立臺灣藝術大學,02151010,音樂學系,N 職,M 碩士,29,109
29,國立臺灣藝術大學,02151011,中國音樂學系,D 日,M 碩士,42,109
29,國立臺灣藝術大學,02151011,中國音樂學系,N 職,M 碩士,21,109
29,國立臺灣藝術大學,02152012,戲劇學系,D 日,M 碩士,48,109
29,國立臺灣藝術大學,02152012,戲劇學系,N 職,M 碩士,34,109
29,國立臺灣藝術大學,02152014,舞蹈學系,D 日,M 碩士,30,109
29,國立臺灣藝術大學,02152014,舞蹈學系,N 職,M 碩士,18,109
29,國立臺灣藝術大學,02152019,教師在職進修表演藝術教學碩士學位班,N 職,M 碩士,3,109
29,國立臺灣藝術大學,02152034,表演藝術學院表演藝術跨領域碩士班,D 日,M 碩士,19,109
29,國立臺灣藝術大學,02152034,表演藝術學院表演藝術跨領域碩士在職專班,N 職,M 碩士,14,109
29,國立臺灣藝術大學,02191001,藝術與人文教學研究所,D 日,M 碩士,36,109
29,國立臺灣藝術大學,02191017,古蹟藝術修護學系,D 日,M 碩士,19,109
29,國立臺灣藝術大學,02191033,跨領域藝術澳門境外碩士在職學位學程,N 職,M 碩士,12,109
29,國立臺灣藝術大學,02192026,藝術管理與文化政策研究所,D 日,M 碩士,39,109
29,國立臺灣藝術大學,02199030,圖文傳播藝術學系,D 日,M 碩士,28,109
29,國立臺灣藝術大學,02199030,圖文傳播藝術學系,N 職,M 碩士,15,109
29,國立臺灣藝術大學,03213029,廣播電視學系,D 日,M 碩士,52,109
29,國立臺灣藝術大學,03213029,廣播電視學系,N 職,M 碩士,40,109
30,國立臺東大學,01111001,教育學系教育研究碩士班(含教學科技碩士班),D 日,M 碩士,51,109
30,國立臺東大學,01111001,教育學系文教行政碩士在職專班(含教學科技、諮商心理碩士在職專班),N 職,M 碩士,117,109
30,國立臺東大學,01113008,特殊教育學系,D 日,M 碩士,24,109
30,國立臺東大學,01113008,特殊教育學系,N 職,M 碩士,62,109
30,國立臺東大學,01121007,幼兒教育學系,D 日,M 碩士,22,109
30,國立臺東大學,01121007,幼兒教育學系碩士在職專班(暑期班),N 職,M 碩士,65,109
30,國立臺東大學,01131004,國語文補救教學碩士在職專班,N 職,M 碩士,46,109
30,國立臺東大學,01141006,體育學系,D 日,M 碩士,32,109
30,國立臺東大學,01141006,體育學系,N 職,M 碩士,4,109
30,國立臺東大學,02131009,美術產業學系,N 職,M 碩士,23,109
30,國立臺東大學,02151011,音樂學系,D 日,M 碩士,23,109
30,國立臺東大學,02311015,英美語文學系,D 日,M 碩士,3,109
30,國立臺東大學,02323013,華語文學系,D 日,M 碩士,22,109
30,國立臺東大學,02399016,兒童文學研究所,D 日,M 碩士,41,109
30,國立臺東大學,02399016,兒童文學研究所,N 職,M 碩士,64,109
30,國立臺東大學,03199017,公共與文化事務學系公共事務研究碩士班(含南島文化研究碩士班),D 日,M 碩士,41,109
30,國立臺東大學,03199017,公共與文化事務學系,N 職,M 碩士,70,109
30,國立臺東大學,04131038,綠色產業高階管理碩士在職專班,N 職,M 碩士,3,109
30,國立臺東大學,05111020,生命科學系,D 日,M 碩士,25,109
30,國立臺東大學,05399021,應用科學系,D 日,M 碩士,18,109
30,國立臺東大學,06131028,資訊管理學系,D 日,M 碩士,16,109
30,國立臺東大學,06131028,資訊管理學系環境經濟資訊管理碩士在職專班(暑期班),N 職,M 碩士,26,109
30,國立臺東大學,07141029,資訊工程學系,D 日,M 碩士,8,109
30,國立臺東大學,09121041,生物醫學碩士學位學程,D 日,M 碩士,12,109
30,國立臺東大學,10151031,文化資源與休閒產業學系,D 日,M 碩士,22,109
30,國立臺東大學,10151031,文化資源與休閒產業學系,N 職,M 碩士,45,109
30,國立臺東大學,10151032,師範學院休閒事業管理碩士在職專班,N 職,M 碩士,48,109
30,國立臺東大學,10152035,身心整合與運動休閒產業學系健康促進與休閒管理碩士在職專班,N 職,M 碩士,2,109
31,國立宜蘭大學,02311001,外國語文學系,D 日,M 碩士,-,109
31,國立宜蘭大學,03111007,應用經濟與管理學系經營管理碩士班,D 日,M 碩士,43,109
31,國立宜蘭大學,04191001,外國語文學系國際商務溝通碩士班,D 日,M 碩士,14,109
31,國立宜蘭大學,04199006,人文及管理學院高階經營管理碩士在職專班,N 職,M 碩士,50,109
31,國立宜蘭大學,06121010,多媒體網路通訊數位學習碩士在職專班,N 職,M 碩士,86,109
31,國立宜蘭大學,07111023,化學工程與材料工程學系,D 日,M 碩士,39,109
31,國立宜蘭大學,07121024,環境工程學系,D 日,M 碩士,20,109
31,國立宜蘭大學,07141011,電機工程學系,D 日,M 碩士,31,109
31,國立宜蘭大學,07141012,電子工程學系,D 日,M 碩士,37,109
31,國立宜蘭大學,07141013,資訊工程學系,D 日,M 碩士,39,109
31,國立宜蘭大學,07141014,電機資訊學院碩士在職專班,N 職,M 碩士,27,109
31,國立宜蘭大學,07151017,機械與機電工程學系,D 日,M 碩士,27,109
31,國立宜蘭大學,07151019,生物機電工程學系,D 日,M 碩士,13,109
31,國立宜蘭大學,07194025,綠色科技學程碩士在職專班,N 職,M 碩士,28,109
31,國立宜蘭大學,07211033,食品科學系,D 日,M 碩士,43,109
31,國立宜蘭大學,07311027,建築與永續規劃研究所,D 日,M 碩士,51,109
31,國立宜蘭大學,07321021,土木工程學系,D 日,M 碩士,36,109
31,國立宜蘭大學,08112030,生物技術與動物科學系生物技術碩士班(含動物科學碩士班),D 日,M 碩士,32,109
31,國立宜蘭大學,08121031,園藝學系,D 日,M 碩士,22,109
31,國立宜蘭大學,08199037,生物資源學院碩士在職專班,N 職,M 碩士,25,109
31,國立宜蘭大學,08211036,森林暨自然資源學系,D 日,M 碩士,15,109
31,國立宜蘭大學,10152038,休閒產業與健康促進學系運動與健康管理碩士班,D 日,M 碩士,7,109
32,國立聯合大學,02123006,工業設計學系,D 日,M 碩士,8,109
32,國立聯合大學,02321001,臺灣語文與傳播學系,D 日,M 碩士,14,109
32,國立聯合大學,02321004,客家語言與傳播研究所,D 日,M 碩士,42,109
32,國立聯合大學,04131011,經營管理學系,D 日,M 碩士,14,109
32,國立聯合大學,04131012,管理碩士在職學位學程,N 職,M 碩士,38,109
32,國立聯合大學,06131016,資訊管理學系,D 日,M 碩士,22,109
32,國立聯合大學,06131020,資訊工程學系,D 日,M 碩士,15,109
32,國立聯合大學,06131045,物聯網產業碩士專班,D 日,M 碩士,5,109
32,國立聯合大學,07111028,化學工程學系,D 日,M 碩士,20,109
32,國立聯合大學,07111043,工程科技轉譯醫學國際碩士學位學程,D 日,M 碩士,4,109
32,國立聯合大學,07112029,材料科學工程學系,D 日,M 碩士,19,109
32,國立聯合大學,07121034,環境與安全衛生工程學系,D 日,M 碩士,29,109
32,國立聯合大學,07132035,能源工程學系,D 日,M 碩士,18,109
32,國立聯合大學,07141017,電機工程學系,D 日,M 碩士,59,109
32,國立聯合大學,07141018,電子工程學系,D 日,M 碩士,37,109
32,國立聯合大學,07141019,光電工程學系,D 日,M 碩士,26,109
32,國立聯合大學,07141C03,LED光電半導體產業碩士專班,D 日,M 碩士,1,109
32,國立聯合大學,07151025,機械工程學系,D 日,M 碩士,41,109
32,國立聯合大學,07311040,建築學系,D 日,M 碩士,16,109
32,國立聯合大學,07321027,土木與防災工程學系,D 日,M 碩士,15,109
33,國立虎尾科技大學,02112002,多媒體設計系數位內容創意產業碩士班,D 日,M 碩士,28,109
33,國立虎尾科技大學,04121005,財務金融系,D 日,M 碩士,21,109
33,國立虎尾科技大學,04131003,企業管理系經營管理碩士班,D 日,M 碩士,24,109
33,國立虎尾科技大學,04131003,企業管理系經營管理碩士在職專班,N 職,M 碩士,27,109
33,國立虎尾科技大學,05121007,生物科技系,D 日,M 碩士,26,109
33,國立虎尾科技大學,05121007,生物科技系,N 職,M 碩士,21,109
33,國立虎尾科技大學,06131008,資訊管理系,D 日,M 碩士,45,109
33,國立虎尾科技大學,06131008,資訊管理系,N 職,M 碩士,17,109
33,國立虎尾科技大學,06131013,資訊工程系,D 日,M 碩士,43,109
33,國立虎尾科技大學,07112025,材料科學與工程系材料科學與綠色能源工程碩士班,D 日,M 碩士,50,109
33,國立虎尾科技大學,07112025,材料科學與工程系材料科學與綠色能源工程碩士在職專班,N 職,M 碩士,11,109
33,國立虎尾科技大學,07141009,電機工程系,D 日,M 碩士,89,109
33,國立虎尾科技大學,07141009,電機工程系,N 職,M 碩士,15,109
33,國立虎尾科技大學,07141010,電子工程系,D 日,M 碩士,58,109
33,國立虎尾科技大學,07141011,光電工程系光電與材料科技碩士班,D 日,M 碩士,65,109
33,國立虎尾科技大學,07141011,光電工程系光電與材料科技碩士在職專班,N 職,M 碩士,3,109
33,國立虎尾科技大學,07151014,自動化工程系,D 日,M 碩士,41,109
33,國立虎尾科技大學,07151016,動力機械工程系機械與機電工程碩士班,D 日,M 碩士,55,109
33,國立虎尾科技大學,07151016,動力機械工程系機械與機電工程碩士在職專班,N 職,M 碩士,22,109
33,國立虎尾科技大學,07151019,機械設計工程系,D 日,M 碩士,41,109
33,國立虎尾科技大學,07151020,機械與電腦輔助工程系,D 日,M 碩士,78,109
33,國立虎尾科技大學,07151020,機械與電腦輔助工程系,N 職,M 碩士,32,109
33,國立虎尾科技大學,07161017,車輛工程系,D 日,M 碩士,18,109
33,國立虎尾科技大學,07162018,飛機工程系航空與電子科技碩士班,D 日,M 碩士,51,109
33,國立虎尾科技大學,07191006,工業管理系工業工程與管理碩士班,D 日,M 碩士,50,109
33,國立虎尾科技大學,07191006,工業管理系工業工程與管理碩士在職專班,N 職,M 碩士,17,109
33,國立虎尾科技大學,10199030,休閒遊憩系,D 日,M 碩士,17,109
33,國立虎尾科技大學,10199030,休閒遊憩系,N 職,M 碩士,26,109
35,國立臺南藝術大學,02111009,音像紀錄研究所,D 日,M 碩士,45,109
35,國立臺南藝術大學,02111013,動畫藝術與影像美學研究所,D 日,M 碩士,76,109
35,國立臺南藝術大學,02131012,造形藝術研究所,D 日,M 碩士,56,109
35,國立臺南藝術大學,02141017,應用藝術研究所,D 日,M 碩士,63,109
35,國立臺南藝術大學,02151001,音樂學系,D 日,M 碩士,26,109
35,國立臺南藝術大學,02151002,中國音樂學系,D 日,M 碩士,21,109
35,國立臺南藝術大學,02151004,民族音樂學研究所,D 日,M 碩士,33,109
35,國立臺南藝術大學,02151004,民族音樂學研究所,N 職,M 碩士,37,109
35,國立臺南藝術大學,02151006,鋼琴合作藝術研究所,D 日,M 碩士,36,109
35,國立臺南藝術大學,02191014,藝術史學系藝術史評與古物研究碩士班,D 日,M 碩士,39,109
35,國立臺南藝術大學,02192022,博物館學與古物維護研究所,D 日,M 碩士,105,109
35,國立臺南藝術大學,02192024,高階藝術管理碩士在職學位學程,N 職,M 碩士,20,109
35,國立臺南藝術大學,02199023,建築藝術研究所,D 日,M 碩士,39,109
36,國立臺南大學,01111001,教育學系教學科技碩士班(含測驗統計碩士班),D 日,M 碩士,115,109
36,國立臺南大學,01111001,教育學系教育行政碩士在職專班(含課程與教學教學碩士班),N 職,M 碩士,120,109
36,國立臺南大學,01113019,特殊教育學系,D 日,M 碩士,54,109
36,國立臺南大學,01113019,特殊教育學系,N 職,M 碩士,3,109
36,國立臺南大學,01121018,幼兒教育學系,D 日,M 碩士,40,109
36,國立臺南大學,01121018,幼兒教育學系,N 職,M 碩士,49,109
36,國立臺南大學,01141012,環境教育碩士在職學位學程,N 職,M 碩士,14,109
36,國立臺南大學,01141017,體育學系,D 日,M 碩士,30,109
36,國立臺南大學,01141017,體育學系,N 職,M 碩士,39,109
36,國立臺南大學,02111030,視覺藝術與設計學系,D 日,M 碩士,66,109
36,國立臺南大學,02111030,視覺藝術與設計學系,N 職,M 碩士,50,109
36,國立臺南大學,02112035,動畫媒體設計研究所,D 日,M 碩士,-,109
36,國立臺南大學,02151027,音樂學系,D 日,M 碩士,57,109
36,國立臺南大學,02151027,音樂學系,N 職,M 碩士,40,109
36,國立臺南大學,02152029,戲劇創作與應用學系,D 日,M 碩士,45,109
36,國立臺南大學,02322031,國語文學系,D 日,M 碩士,20,109
36,國立臺南大學,02322031,國語文學系國語文教學碩士班,N 職,M 碩士,45,109
36,國立臺南大學,03131036,諮商與輔導學系,D 日,M 碩士,84,109
36,國立臺南大學,03131036,諮商與輔導學系,N 職,M 碩士,49,109
36,國立臺南大學,03143037,文化與自然資源學系臺灣文化碩士班,D 日,M 碩士,61,109
36,國立臺南大學,03143037,文化與自然資源學系臺灣文化碩士在職專班,N 職,M 碩士,23,109
36,國立臺南大學,04134040,行政管理學系,D 日,M 碩士,28,109
36,國立臺南大學,04134040,行政管理學系,N 職,M 碩士,35,109
36,國立臺南大學,04199041,經營與管理學系科技管理碩士班,D 日,M 碩士,34,109
36,國立臺南大學,04199041,經營與管理學系科技管理碩士在職專班(含高階管理碩士在職專班),N 職,M 碩士,77,109
36,國立臺南大學,05121044,生物科技學系,D 日,M 碩士,19,109
36,國立臺南大學,05212063,生態暨環境資源學系生態旅遊碩士班(含環境生態碩士班),D 日,M 碩士,40,109
36,國立臺南大學,05411047,應用數學系,D 日,M 碩士,21,109
36,國立臺南大學,05411047,應用數學系,N 職,M 碩士,31,109
36,國立臺南大學,06131052,資訊工程學系,D 日,M 碩士,36,109
36,國立臺南大學,06132064,數位多媒體行銷產業碩士專班,N 職,M 碩士,1,109
36,國立臺南大學,06134024,數位學習科技學系,D 日,M 碩士,40,109
36,國立臺南大學,06134024,數位學習科技學系,N 職,M 碩士,47,109
36,國立臺南大學,07112055,材料科學系,D 日,M 碩士,23,109
36,國立臺南大學,07132058,綠色能源科技學系,D 日,M 碩士,35,109
36,國立臺南大學,07132058,綠色能源科技學系,N 職,M 碩士,34,109
36,國立臺南大學,07141049,電機工程學系,D 日,M 碩士,43,109
36,國立臺南大學,07151054,機電系統工程研究所,D 日,M 碩士,24,109
37,國立臺北教育大學,01111001,教育學系生命教育碩士班,D 日,M 碩士,85,109
37,國立臺北教育大學,01111001,教育學系生命教育碩士在職專班,N 職,M 碩士,129,109
37,國立臺北教育大學,01113003,特殊教育學系,D 日,M 碩士,86,109
37,國立臺北教育大學,01113003,特殊教育學系,N 職,M 碩士,67,109
37,國立臺北教育大學,01114044,教育經營與管理學系文教法律碩士班,D 日,M 碩士,131,109
37,國立臺北教育大學,01114044,教育經營與管理學系學校行政碩士學位班,N 職,M 碩士,89,109
37,國立臺北教育大學,01115020,課程與教學傳播科技研究所課程與教學碩士班,D 日,M 碩士,96,109
37,國立臺北教育大學,01115020,課程與教學傳播科技研究所課程與教學碩士在職專班,N 職,M 碩士,87,109
37,國立臺北教育大學,01115047,學習與教學國際碩士學位學程,D 日,M 碩士,11,109
37,國立臺北教育大學,01121035,幼兒與家庭教育學系,D 日,M 碩士,81,109
37,國立臺北教育大學,01121035,幼兒與家庭教育學系,N 職,M 碩士,64,109
37,國立臺北教育大學,01131038,數學暨資訊教育學系,D 日,M 碩士,43,109
37,國立臺北教育大學,01131038,數學暨資訊教育學系,N 職,M 碩士,36,109
37,國立臺北教育大學,01141002,體育學系,D 日,M 碩士,56,109
37,國立臺北教育大學,01141002,體育學系,N 職,M 碩士,43,109
37,國立臺北教育大學,01141040,自然科學教育學系科學探究與實作碩士在職專班,N 職,M 碩士,35,109
37,國立臺北教育大學,02121014,藝術與造形設計學系,D 日,M 碩士,91,109
37,國立臺北教育大學,02121014,藝術與造形設計學系,N 職,M 碩士,40,109
37,國立臺北教育大學,02121028,文化創意產業經營學系,D 日,M 碩士,35,109
37,國立臺北教育大學,02121028,文化創意產業經營學系碩士學位EMBA在職進修專班,N 職,M 碩士,65,109
37,國立臺北教育大學,02122011,數位科技設計學系玩具與遊戲設計碩士班,D 日,M 碩士,66,109
37,國立臺北教育大學,02122011,數位科技設計學系玩具與遊戲設計碩士在職專班,N 職,M 碩士,68,109
37,國立臺北教育大學,02151031,音樂學系,D 日,M 碩士,80,109
37,國立臺北教育大學,02151031,音樂學系音樂碩士在職專班,N 職,M 碩士,21,109
37,國立臺北教育大學,02192027,當代藝術評論與策展研究全英語碩士學位學程,D 日,M 碩士,26,109
37,國立臺北教育大學,02299025,臺灣文化研究所,D 日,M 碩士,78,109
37,國立臺北教育大學,02299025,臺灣文化研究所,N 職,M 碩士,43,109
37,國立臺北教育大學,02311023,兒童英語教育學系英語教育碩士班,D 日,M 碩士,48,109
37,國立臺北教育大學,02311023,兒童英語教育學系英語教育碩士在職專班,N 職,M 碩士,55,109
37,國立臺北教育大學,02322018,語文與創作學系,D 日,M 碩士,85,109
37,國立臺北教育大學,02322018,語文與創作學系語文教學碩士在職專班,N 職,M 碩士,30,109
37,國立臺北教育大學,03131007,心理與諮商學系,D 日,M 碩士,106,109
37,國立臺北教育大學,03143005,社會與區域發展學系,D 日,M 碩士,50,109
37,國立臺北教育大學,03191005,社會與區域發展學系社會學習領域碩士在職專班,N 職,M 碩士,92,109
37,國立臺北教育大學,03221049,博物館管理與科技應用碩士在職學位學程,N 職,M 碩士,10,109
37,國立臺北教育大學,04131048,東南亞區域管理碩士學位學程,D 日,M 碩士,17,109
37,國立臺北教育大學,05399040,自然科學教育學系,D 日,M 碩士,49,109
37,國立臺北教育大學,06131004,資訊科學系,D 日,M 碩士,42,109
37,國立臺北教育大學,06131004,資訊科學系,N 職,M 碩士,47,109
39,國立臺中教育大學,01111001,教育學系,D 日,M 碩士,56,109
39,國立臺中教育大學,01111001,教育學系課程與教學碩士在職專班,N 職,M 碩士,110,109
39,國立臺中教育大學,01111005,教師專業碩士學位學程,D 日,M 碩士,81,109
39,國立臺中教育大學,01113022,特殊教育學系,D 日,M 碩士,33,109
39,國立臺中教育大學,01113022,特殊教育學系,N 職,M 碩士,57,109
39,國立臺中教育大學,01114025,高等教育經營管理碩士學位學程,D 日,M 碩士,20,109
39,國立臺中教育大學,01117028,教育資訊與測驗統計研究所,D 日,M 碩士,40,109
39,國立臺中教育大學,01117028,教育資訊與測驗統計研究所,N 職,M 碩士,27,109
39,國立臺中教育大學,01121021,幼兒教育學系,D 日,M 碩士,68,109
39,國立臺中教育大學,01121021,幼兒教育學系,N 職,M 碩士,114,109
39,國立臺中教育大學,01131006,語文教育學系,D 日,M 碩士,62,109
39,國立臺中教育大學,01131006,語文教育學系,N 職,M 碩士,29,109
39,國立臺中教育大學,01131008,科學教育與應用學系,D 日,M 碩士,43,109
39,國立臺中教育大學,01131008,科學教育與應用學系,N 職,M 碩士,59,109
39,國立臺中教育大學,01131011,數學教育學系,D 日,M 碩士,40,109
39,國立臺中教育大學,01131011,數學教育學系,N 職,M 碩士,43,109
39,國立臺中教育大學,01131019,體育學系,D 日,M 碩士,28,109
39,國立臺中教育大學,01131019,體育學系,N 職,M 碩士,53,109
39,國立臺中教育大學,01131032,英語學系,D 日,M 碩士,21,109
39,國立臺中教育大學,02131029,美術學系,D 日,M 碩士,48,109
39,國立臺中教育大學,02131029,美術學系,N 職,M 碩士,78,109
39,國立臺中教育大學,02151030,音樂學系,D 日,M 碩士,44,109
39,國立臺中教育大學,02321031,臺灣語文學系,D 日,M 碩士,19,109
39,國立臺中教育大學,03131035,諮商與應用心理學系,D 日,M 碩士,65,109
39,國立臺中教育大學,03131035,諮商與應用心理學系,N 職,M 碩士,62,109
39,國立臺中教育大學,03191037,區域與社會發展學系,D 日,M 碩士,27,109
39,國立臺中教育大學,03191037,區域與社會發展學系,N 職,M 碩士,59,109
39,國立臺中教育大學,04131034,文化創意產業設計與營運學系事業經營管理碩士班,D 日,M 碩士,38,109
39,國立臺中教育大學,04131040,管理學院國際經營管理碩士學位學程,D 日,M 碩士,13,109
39,國立臺中教育大學,04131040,管理學院國際經營管理碩士在職專班,N 職,M 碩士,34,109
39,國立臺中教育大學,06131042,資訊工程學系,D 日,M 碩士,33,109
39,國立臺中教育大學,06133041,數位內容科技學系,D 日,M 碩士,22,109
39,國立臺中教育大學,06133041,數位內容科技學系,N 職,M 碩士,38,109
39,國立臺中教育大學,10151045,永續觀光暨遊憩管理碩士學位學程,D 日,M 碩士,30,109
42,國立澎湖科技大學,04132002,行銷與物流管理系服務業經營管理碩士班,D 日,M 碩士,9,109
42,國立澎湖科技大學,04132002,行銷與物流管理系服務業經營管理碩士班,N 職,M 碩士,25,109
42,國立澎湖科技大學,07141005,電機工程系電資碩士班,D 日,M 碩士,16,109
42,國立澎湖科技大學,07211011,食品科學系,D 日,M 碩士,21,109
42,國立澎湖科技大學,08312012,水產養殖系水產資源與養殖碩士班,D 日,M 碩士,8,109
42,國立澎湖科技大學,10151016,觀光休閒系,D 日,M 碩士,20,109
42,國立澎湖科技大學,10151016,觀光休閒系,N 職,M 碩士,14,109
43,國立勤益科技大學,02299005,文化創意事業系,D 日,M 碩士,11,109
43,國立勤益科技大學,04131002,企業管理系,D 日,M 碩士,37,109
43,國立勤益科技大學,04131002,企業管理系,N 職,M 碩士,37,109
43,國立勤益科技大學,04132003,流通管理系,D 日,M 碩士,18,109
43,國立勤益科技大學,04132003,流通管理系,N 職,M 碩士,24,109
43,國立勤益科技大學,06131010,資訊管理系,D 日,M 碩士,76,109
43,國立勤益科技大學,06131010,資訊管理系研發科技與資訊管理碩士在職專班,N 職,M 碩士,24,109
43,國立勤益科技大學,06131013,資訊工程系,D 日,M 碩士,79,109
43,國立勤益科技大學,06131013,資訊工程系,N 職,M 碩士,24,109
43,國立勤益科技大學,07111020,化工與材料工程系,D 日,M 碩士,36,109
43,國立勤益科技大學,07111020,化工與材料工程系,N 職,M 碩士,8,109
43,國立勤益科技大學,07132026,冷凍空調與能源系,D 日,M 碩士,70,109
43,國立勤益科技大學,07132026,冷凍空調與能源系,N 職,M 碩士,32,109
43,國立勤益科技大學,07141011,電機工程系,D 日,M 碩士,59,109
43,國立勤益科技大學,07141011,電機工程系,N 職,M 碩士,24,109
43,國立勤益科技大學,07141012,電子工程系,D 日,M 碩士,56,109
43,國立勤益科技大學,07141012,電子工程系,N 職,M 碩士,27,109
43,國立勤益科技大學,07151016,機械工程系,D 日,M 碩士,61,109
43,國立勤益科技大學,07151016,機械工程系,N 職,M 碩士,39,109
43,國立勤益科技大學,07191022,工業工程與管理系,D 日,M 碩士,54,109
43,國立勤益科技大學,07191022,工業工程與管理系,N 職,M 碩士,45,109
43,國立勤益科技大學,07312029,景觀系,D 日,M 碩士,13,109
43,國立勤益科技大學,10152032,休閒產業管理系碩士班,D 日,M 碩士,14,109
44,國立體育大學,01141001,體育研究所,D 日,M 碩士,40,109
44,國立體育大學,01141001,體育研究所,N 職,M 碩士,47,109
44,國立體育大學,04199002,管理學院碩士在職專班,N 職,M 碩士,43,109
44,國立體育大學,10141008,競技與教練科學研究所,D 日,M 碩士,86,109
44,國立體育大學,10141008,競技與教練科學研究所,N 職,M 碩士,48,109
44,國立體育大學,10141009,國際運動教練科學碩士學位學程,D 日,M 碩士,3,109
44,國立體育大學,10142010,運動科學研究所,D 日,M 碩士,33,109
44,國立體育大學,10142013,運動與健康科學學院碩士在職專班,N 職,M 碩士,51,109
44,國立體育大學,10152014,運動保健學系,D 日,M 碩士,48,109
44,國立體育大學,10152015,休閒產業經營學系,D 日,M 碩士,42,109
44,國立體育大學,10152016,體育推廣學系,D 日,M 碩士,41,109
44,國立體育大學,10152016,體育推廣學系,N 職,M 碩士,34,109
44,國立體育大學,10152017,適應體育學系,D 日,M 碩士,28,109
44,國立體育大學,10152020,國際體育事務研究所,D 日,M 碩士,20,109
46,國立臺北護理健康大學,01121020,國際蒙特梭利碩士專班,D 日,M 碩士,9,109
46,國立臺北護理健康大學,01141019,醫護教育暨數位學習系,D 日,M 碩士,53,109
46,國立臺北護理健康大學,03131002,生死與健康心理諮商系,D 日,M 碩士,65,109
46,國立臺北護理健康大學,04133004,健康事業管理系,D 日,M 碩士,36,109
46,國立臺北護理健康大學,04133004,健康事業管理系,N 職,M 碩士,46,109
46,國立臺北護理健康大學,06131006,資訊管理系,D 日,M 碩士,37,109
46,國立臺北護理健康大學,09131009,護理系,D 日,M 碩士,163,109
46,國立臺北護理健康大學,09131009,護理系,N 職,M 碩士,98,109
46,國立臺北護理健康大學,09131012,護理助產研究所_外國學生專班,D 日,M 碩士,5,109
46,國立臺北護理健康大學,09131021,護理助產及婦女健康系護理助產碩士班,D 日,M 碩士,33,109
46,國立臺北護理健康大學,09153007,語言治療與聽力學系,D 日,M 碩士,49,109
46,國立臺北護理健康大學,09153007,語言治療與聽力學系,N 職,M 碩士,2,109
46,國立臺北護理健康大學,09211013,長期照護系,D 日,M 碩士,39,109
46,國立臺北護理健康大學,09221014,嬰幼兒保育系,D 日,M 碩士,38,109
46,國立臺北護理健康大學,10142017,運動保健系,D 日,M 碩士,26,109
46,國立臺北護理健康大學,10142017,運動保健系,N 職,M 碩士,44,109
46,國立臺北護理健康大學,10151018,休閒產業與健康促進系旅遊健康碩士班,D 日,M 碩士,21,109
46,國立臺北護理健康大學,10151018,休閒產業與健康促進系碩士在職專班,N 職,M 碩士,4,109
47,國立高雄餐旅大學,10131011,飲食文化暨餐飲創新研究所,D 日,M 碩士,76,109
47,國立高雄餐旅大學,10131012,餐旅研究所,D 日,M 碩士,37,109
47,國立高雄餐旅大學,10131012,餐旅研究所,N 職,M 碩士,19,109
47,國立高雄餐旅大學,10151029,觀光研究所,D 日,M 碩士,36,109
47,國立高雄餐旅大學,10151029,觀光研究所,N 職,M 碩士,18,109
47,國立高雄餐旅大學,10151031,國際觀光餐旅全英文碩士學位學程,D 日,M 碩士,19,109
48,國立金門大學,02311002,應用英語學系,D 日,M 碩士,3,109
48,國立金門大學,02311004,人文社會學院語言與跨文化碩士班,D 日,M 碩士,-,109
48,國立金門大學,03121006,國際暨大陸事務學系,D 日,M 碩士,12,109
48,國立金門大學,03143005,閩南文化研究所,D 日,M 碩士,13,109
48,國立金門大學,04131009,企業管理學系,D 日,M 碩士,36,109
48,國立金門大學,04212013,海洋與邊境管理學系,D 日,M 碩士,22,109
48,國立金門大學,06131041,理工學院資訊科技與應用碩士班,D 日,M 碩士,18,109
48,國立金門大學,07141017,電子工程學系,D 日,M 碩士,13,109
48,國立金門大學,07194016,理工學院工程科技碩士在職專班,N 職,M 碩士,19,109
48,國立金門大學,07211029,食品科學系,D 日,M 碩士,15,109
48,國立金門大學,07311026,建築學系,D 日,M 碩士,17,109
48,國立金門大學,07321021,土木與工程管理學系,D 日,M 碩士,20,109
48,國立金門大學,09191032,長期照護學系長期照護學系碩士班,D 日,M 碩士,6,109
48,國立金門大學,10151034,觀光管理學系,D 日,M 碩士,19,109
48,國立金門大學,10152011,管理學院事業經營碩士在職專班,N 職,M 碩士,84,109
48,國立金門大學,10152036,運動與休閒學系,D 日,M 碩士,15,109
49,國立臺灣體育運動大學,01141001,體育學系,D 日,M 碩士,70,109
49,國立臺灣體育運動大學,01141001,體育學系,N 職,M 碩士,30,109
49,國立臺灣體育運動大學,02152002,舞蹈學系,D 日,M 碩士,33,109
49,國立臺灣體育運動大學,04199010,運動事業管理學系,D 日,M 碩士,26,109
49,國立臺灣體育運動大學,04199010,運動事業管理學系,N 職,M 碩士,19,109
49,國立臺灣體育運動大學,10141003,競技運動學系,D 日,M 碩士,63,109
49,國立臺灣體育運動大學,10141003,競技運動學系,N 職,M 碩士,20,109
49,國立臺灣體育運動大學,10142006,運動健康科學學系,D 日,M 碩士,23,109
49,國立臺灣體育運動大學,10142006,運動健康科學學系碩士班在職學位學程,N 職,M 碩士,19,109
49,國立臺灣體育運動大學,10152008,休閒運動管理研究所,D 日,M 碩士,46,109
49,國立臺灣體育運動大學,10152008,休閒運動管理碩士在職學位學程,N 職,M 碩士,24,109
50,國立臺中科技大學,02112005,多媒體設計系,D 日,M 碩士,51,109
50,國立臺中科技大學,02123006,商業設計系,D 日,M 碩士,45,109
50,國立臺中科技大學,02123006,商業設計系,N 職,M 碩士,38,109
50,國立臺中科技大學,02124008,室內設計系,D 日,M 碩士,26,109
50,國立臺中科技大學,02311004,應用日語系日本市場暨商務策略碩士班,D 日,M 碩士,26,109
50,國立臺中科技大學,04111012,會計資訊系,D 日,M 碩士,28,109
50,國立臺中科技大學,04111012,會計資訊系,N 職,M 碩士,29,109
50,國立臺中科技大學,04121021,財務金融系,D 日,M 碩士,31,109
50,國立臺中科技大學,04121021,財務金融系,N 職,M 碩士,36,109
50,國立臺中科技大學,04122028,財政稅務系租稅管理與理財規劃碩士班,D 日,M 碩士,28,109
50,國立臺中科技大學,04123027,保險金融管理系,D 日,M 碩士,18,109
50,國立臺中科技大學,04131015,企業管理系,D 日,M 碩士,27,109
50,國立臺中科技大學,04131015,企業管理系,N 職,M 碩士,50,109
50,國立臺中科技大學,04132029,流通管理系,D 日,M 碩士,28,109
50,國立臺中科技大學,06131033,資訊管理系,D 日,M 碩士,33,109
50,國立臺中科技大學,06131033,資訊管理系,N 職,M 碩士,33,109
50,國立臺中科技大學,07141036,資訊工程系,D 日,M 碩士,40,109
50,國立臺中科技大學,07141036,資訊工程系,N 職,M 碩士,35,109
50,國立臺中科技大學,09131037,護理系,D 日,M 碩士,24,109
50,國立臺中科技大學,10121040,美容系碩士班,D 日,M 碩士,12,109
51,國立臺北商業大學,02122024,創意設計與經營研究所,D 日,M 碩士,35,109
51,國立臺北商業大學,04111009,會計資訊系會計財稅碩士班,D 日,M 碩士,32,109
51,國立臺北商業大學,04121013,財務金融系,D 日,M 碩士,21,109
51,國立臺北商業大學,04122014,財政稅務系,D 日,M 碩士,14,109
51,國立臺北商業大學,04131010,企業管理系,D 日,M 碩士,96,109
51,國立臺北商業大學,04131010,企業管理系EMBA在職專班,N 職,M 碩士,32,109
51,國立臺北商業大學,04141012,國際商務系,D 日,M 碩士,26,109
51,國立臺北商業大學,04141022,財經學院_高階國際商業創新經營管理碩士在職專班,N 職,M 碩士,21,109
51,國立臺北商業大學,04199021,貿易實務法律暨談判碩士學位學程,D 日,M 碩士,26,109
51,國立臺北商業大學,06131018,資訊與決策科學研究所,D 日,M 碩士,31,109
52,國立屏東大學,01111001,教育學系,D 日,M 碩士,70,109
52,國立屏東大學,01111003,教育心理與輔導學系,D 日,M 碩士,108,109
52,國立屏東大學,01111003,教育心理與輔導學系,N 職,M 碩士,76,109
52,國立屏東大學,01111048,文教事業經營碩士在職學位學程,N 職,M 碩士,28,109
52,國立屏東大學,01113017,特殊教育學系,D 日,M 碩士,48,109
52,國立屏東大學,01113017,特殊教育學系,N 職,M 碩士,49,109
52,國立屏東大學,01114018,教育行政研究所,D 日,M 碩士,15,109
52,國立屏東大學,01114018,教育行政研究所教育行政碩士在職專班,N 職,M 碩士,37,109
52,國立屏東大學,01115001,教育學系課程與教學碩士學位班,N 職,M 碩士,40,109
52,國立屏東大學,01121016,幼兒教育學系,D 日,M 碩士,38,109
52,國立屏東大學,01121016,幼兒教育學系,N 職,M 碩士,50,109
52,國立屏東大學,01131023,科普傳播學系數理教育碩士班,D 日,M 碩士,17,109
52,國立屏東大學,01131023,科普傳播學系數理課程與教學碩士在職專班,N 職,M 碩士,4,109
52,國立屏東大學,01199014,體育學系體育教學碩士班,N 職,M 碩士,91,109
52,國立屏東大學,02111025,視覺藝術學系,D 日,M 碩士,42,109
52,國立屏東大學,02111025,視覺藝術學系藝術教學碩士學位班,N 職,M 碩士,37,109
52,國立屏東大學,02112035,多媒體動畫碩士在職學位學程,N 職,M 碩士,3,109
52,國立屏東大學,02121067,數位媒體設計碩士學位學程,D 日,M 碩士,11,109
52,國立屏東大學,02151024,音樂學系,D 日,M 碩士,41,109
52,國立屏東大學,02299033,文化創意產業學系,D 日,M 碩士,40,109
52,國立屏東大學,02299033,文化創意產業學系,N 職,M 碩士,13,109
52,國立屏東大學,02299069,客家文化產業碩士學位學程,D 日,M 碩士,5,109
52,國立屏東大學,02311029,英語學系,D 日,M 碩士,29,109
52,國立屏東大學,02311030,應用英語學系,D 日,M 碩士,13,109
52,國立屏東大學,02322027,中國語文學系,D 日,M 碩士,23,109
52,國立屏東大學,02322027,中國語文學系,N 職,M 碩士,20,109
52,國立屏東大學,02323006,華語文教學碩士在職學位學程,N 職,M 碩士,11,109
52,國立屏東大學,03141036,社會發展學系,D 日,M 碩士,26,109
52,國立屏東大學,03141036,社會發展學系,N 職,M 碩士,28,109
52,國立屏東大學,04121045,財務金融學系,D 日,M 碩士,15,109
52,國立屏東大學,04131039,企業管理學系,D 日,M 碩士,16,109
52,國立屏東大學,04131039,企業管理學系現役軍人營區碩士在職專班,N 職,M 碩士,25,109
52,國立屏東大學,04131042,商業自動化與管理學系,D 日,M 碩士,13,109
52,國立屏東大學,04132046,行銷與流通管理學系,D 日,M 碩士,18,109
52,國立屏東大學,04132046,行銷與流通管理學系數位行銷碩士在職專班,N 職,M 碩士,66,109
52,國立屏東大學,04141044,國際貿易學系,D 日,M 碩士,10,109
52,國立屏東大學,04141044,國際貿易學系,N 職,M 碩士,23,109
52,國立屏東大學,04199047,不動產經營學系,D 日,M 碩士,29,109
52,國立屏東大學,04199047,不動產經營學系,N 職,M 碩士,30,109
52,國立屏東大學,05311050,應用化學系,D 日,M 碩士,14,109
52,國立屏東大學,05311050,應用化學系現役軍人營區在職專班,N 職,M 碩士,18,109
52,國立屏東大學,05331053,應用物理系光電暨材料碩士班,D 日,M 碩士,22,109
52,國立屏東大學,05411055,應用數學系,D 日,M 碩士,21,109
52,國立屏東大學,06131057,資訊管理學系,D 日,M 碩士,17,109
52,國立屏東大學,06131061,資訊科學系,D 日,M 碩士,31,109
52,國立屏東大學,06131061,資訊科學系資訊系統與數位科技應用碩士在職專班,N 職,M 碩士,20,109
52,國立屏東大學,06131070,國際資訊科技與應用碩士學位學程,D 日,M 碩士,6,109
52,國立屏東大學,07141060,資訊工程學系,D 日,M 碩士,24,109
52,國立屏東大學,07141C01,資通電信產業碩士專班,D 日,M 碩士,1,109
52,國立屏東大學,10151065,休閒事業經營學系,D 日,M 碩士,18,109
52,國立屏東大學,10152014,體育學系,D 日,M 碩士,59,109
52,國立屏東大學,10152015,生態休閒教育教學碩士學位學程班,N 職,M 碩士,19,109
53,國立高雄科技大學,02121006,文化創意產業系,D 日,M 碩士,25,109
53,國立高雄科技大學,02121006,文化創意產業系,N 職,M 碩士,40,109
53,國立高雄科技大學,02123015,工業設計系,D 日,M 碩士,26,109
53,國立高雄科技大學,02311002,應用英語系口筆譯碩士班,D 日,M 碩士,80,109
53,國立高雄科技大學,02311003,應用德語系,D 日,M 碩士,12,109
53,國立高雄科技大學,02311008,應用日語系,D 日,M 碩士,29,109
53,國立高雄科技大學,02311008,應用日語系,N 職,M 碩士,22,109
53,國立高雄科技大學,04111020,會計資訊系,D 日,M 碩士,48,109
53,國立高雄科技大學,04111020,會計資訊系,N 職,M 碩士,43,109
53,國立高雄科技大學,04121034,金融資訊系,D 日,M 碩士,36,109
53,國立高雄科技大學,04121034,金融資訊系,N 職,M 碩士,68,109
53,國立高雄科技大學,04121040,財務管理系,D 日,M 碩士,40,109
53,國立高雄科技大學,04121040,財務管理系,N 職,M 碩士,47,109
53,國立高雄科技大學,04121104,金融系,D 日,M 碩士,47,109
53,國立高雄科技大學,04121104,金融系,N 職,M 碩士,63,109
53,國立高雄科技大學,04121109,資訊財務碩士學位學程,D 日,M 碩士,13,109
53,國立高雄科技大學,04122043,財政稅務系,D 日,M 碩士,22,109
53,國立高雄科技大學,04122043,財政稅務系,N 職,M 碩士,73,109
53,國立高雄科技大學,04123054,風險管理與保險系,D 日,M 碩士,21,109
53,國立高雄科技大學,04123054,風險管理與保險系,N 職,M 碩士,29,109
53,國立高雄科技大學,04131005,智慧商務系,N 職,M 碩士,70,109
53,國立高雄科技大學,04131031,國際管理碩士學位學程,D 日,M 碩士,40,109
53,國立高雄科技大學,04131036,創業管理碩士學位學程,D 日,M 碩士,19,109
53,國立高雄科技大學,04131101,企業管理系,D 日,M 碩士,26,109
53,國立高雄科技大學,04131101,企業管理系,N 職,M 碩士,56,109
53,國立高雄科技大學,04131119,管理學院企業管理高階經營管理碩士在職專班,N 職,M 碩士,39,109
53,國立高雄科技大學,04132004,供應鏈管理系,D 日,M 碩士,25,109
53,國立高雄科技大學,04132004,供應鏈管理系,N 職,M 碩士,6,109
53,國立高雄科技大學,04132059,行銷與流通管理系,D 日,M 碩士,79,109
53,國立高雄科技大學,04132059,行銷與流通管理系,N 職,M 碩士,54,109
53,國立高雄科技大學,04132107,運籌管理系,D 日,M 碩士,45,109
53,國立高雄科技大學,04132107,運籌管理系,N 職,M 碩士,49,109
53,國立高雄科技大學,04141023,國際企業系,D 日,M 碩士,29,109
53,國立高雄科技大學,04141023,國際企業系,N 職,M 碩士,43,109
53,國立高雄科技大學,04199048,人力資源發展系,D 日,M 碩士,20,109
53,國立高雄科技大學,04199048,人力資源發展系,N 職,M 碩士,57,109
53,國立高雄科技大學,04199063,管理學院高階主管經營管理碩士在職專班,N 職,M 碩士,79,109
53,國立高雄科技大學,04212068,科技法律研究所,D 日,M 碩士,53,109
53,國立高雄科技大學,04212068,科技法律研究所,N 職,M 碩士,79,109
53,國立高雄科技大學,05121010,海洋生物技術系,D 日,M 碩士,9,109
53,國立高雄科技大學,06131066,海事資訊科技系,D 日,M 碩士,12,109
53,國立高雄科技大學,06131080,商務資訊應用系,D 日,M 碩士,8,109
53,國立高雄科技大學,06131100,資訊管理系,D 日,M 碩士,108,109
53,國立高雄科技大學,06131100,資訊管理系,N 職,M 碩士,47,109
53,國立高雄科技大學,06132005,智慧商務系,D 日,M 碩士,32,109
53,國立高雄科技大學,06132067,資訊工程系,D 日,M 碩士,42,109
53,國立高雄科技大學,06132067,資訊工程系,N 職,M 碩士,35,109
53,國立高雄科技大學,07111085,化學工程與材料工程系,D 日,M 碩士,106,109
53,國立高雄科技大學,07111085,化學工程與材料工程系,N 職,M 碩士,83,109
53,國立高雄科技大學,07121030,海洋環境工程系,D 日,M 碩士,29,109
53,國立高雄科技大學,07121086,環境與安全衛生工程系,D 日,M 碩士,74,109
53,國立高雄科技大學,07121086,環境與安全衛生工程系,N 職,M 碩士,92,109
53,國立高雄科技大學,07141021,電訊工程系,D 日,M 碩士,27,109
53,國立高雄科技大學,07141073,光電工程研究所,D 日,M 碩士,61,109
53,國立高雄科技大學,07141075,電腦與通訊工程系,D 日,M 碩士,63,109
53,國立高雄科技大學,07141075,電腦與通訊工程系,N 職,M 碩士,28,109
53,國立高雄科技大學,07141081,半導體工程系,D 日,M 碩士,34,109
53,國立高雄科技大學,07141081,半導體工程系,N 職,M 碩士,24,109
53,國立高雄科技大學,07141103,電子工程系,D 日,M 碩士,186,109
53,國立高雄科技大學,07141103,電子工程系,N 職,M 碩士,101,109
53,國立高雄科技大學,07141105,電機工程系,D 日,M 碩士,141,109
53,國立高雄科技大學,07141105,電機工程系,N 職,M 碩士,94,109
53,國立高雄科技大學,07141111,電機資訊學院_資通訊服務創新產業碩士專班,D 日,M 碩士,2,109
53,國立高雄科技大學,07151026,輪機工程系,D 日,M 碩士,12,109
53,國立高雄科技大學,07151026,輪機工程系,N 職,M 碩士,23,109
53,國立高雄科技大學,07151071,機電工程系,D 日,M 碩士,63,109
53,國立高雄科技大學,07151071,機電工程系,N 職,M 碩士,35,109
53,國立高雄科技大學,07151072,機械工程系,D 日,M 碩士,132,109
53,國立高雄科技大學,07151072,機械工程系,N 職,M 碩士,74,109
53,國立高雄科技大學,07151074,模具工程系,D 日,M 碩士,95,109
53,國立高雄科技大學,07151074,模具工程系,N 職,M 碩士,58,109
53,國立高雄科技大學,07163029,造船及海洋工程系,D 日,M 碩士,28,109
53,國立高雄科技大學,07163029,造船及海洋工程系,N 職,M 碩士,20,109
53,國立高雄科技大學,07191091,工業工程與管理系,D 日,M 碩士,65,109
53,國立高雄科技大學,07191091,工業工程與管理系,N 職,M 碩士,99,109
53,國立高雄科技大學,07194118,海事風電工程碩士學位學程,D 日,M 碩士,12,109
53,國立高雄科技大學,07199110,工學院_機械工程與科技管理外國學生碩士專班,D 日,M 碩士,2,109
53,國立高雄科技大學,07211039,水產食品科學系,D 日,M 碩士,34,109
53,國立高雄科技大學,07211039,水產食品科學系,N 職,M 碩士,22,109
53,國立高雄科技大學,07321077,土木工程系,D 日,M 碩士,65,109
53,國立高雄科技大學,07321077,土木工程系,N 職,M 碩士,88,109
53,國立高雄科技大學,07321082,營建工程系,D 日,M 碩士,36,109
53,國立高雄科技大學,07321082,營建工程系,N 職,M 碩士,33,109
53,國立高雄科技大學,08193007,海洋事務與產業管理研究所,D 日,M 碩士,43,109
53,國立高雄科技大學,08311045,漁業生產與管理系,D 日,M 碩士,12,109
53,國立高雄科技大學,08311045,漁業生產與管理系,N 職,M 碩士,22,109
53,國立高雄科技大學,08312047,水產養殖系,D 日,M 碩士,19,109
53,國立高雄科技大學,10151055,海洋休閒管理系,D 日,M 碩士,20,109
53,國立高雄科技大學,10151096,觀光管理系觀光與餐旅管理碩士班,D 日,M 碩士,28,109
53,國立高雄科技大學,10151096,觀光管理系觀光與餐旅管理碩士班,N 職,M 碩士,63,109
53,國立高雄科技大學,10412060,航運管理系,D 日,M 碩士,25,109
53,國立高雄科技大學,10412060,航運管理系,N 職,M 碩士,36,109
53,國立高雄科技大學,10414061,航運技術系,D 日,M 碩士,19,109
53,國立高雄科技大學,10414061,航運技術系,N 職,M 碩士,8,109
53,國立高雄科技大學,10414066,海事資訊科技系,N 職,M 碩士,8,109
1001,東海大學,01111001,教育研究所,D 日,M 碩士,42,109
1001,東海大學,01111001,教育研究所,N 職,M 碩士,54,109
1001,東海大學,02123011,工業設計學系,D 日,M 碩士,19,109
1001,東海大學,02123011,工業設計學系,N 職,M 碩士,12,109
1001,東海大學,02131002,美術學系,D 日,M 碩士,61,109
1001,東海大學,02131002,美術學系,N 職,M 碩士,80,109
1001,東海大學,02151003,音樂學系,D 日,M 碩士,64,109
1001,東海大學,02152058,表演藝術與創作碩士學位學程,D 日,M 碩士,18,109
1001,東海大學,02221009,歷史學系,D 日,M 碩士,9,109
1001,東海大學,02231010,哲學系,D 日,M 碩士,24,109
1001,東海大學,02231010,哲學系,N 職,M 碩士,27,109
1001,東海大學,02311005,外國語文學系,D 日,M 碩士,32,109
1001,東海大學,02311007,日本語言文化學系,D 日,M 碩士,17,109
1001,東海大學,02322004,中國文學系,D 日,M 碩士,44,109
1001,東海大學,02322004,中國文學系,N 職,M 碩士,-,109
1001,東海大學,02323062,華語文教學國際碩士學位學程,D 日,M 碩士,5,109
1001,東海大學,03111012,經濟學系,D 日,M 碩士,10,109
1001,東海大學,03121013,政治學系,D 日,M 碩士,21,109
1001,東海大學,03141014,社會學系,D 日,M 碩士,24,109
1001,東海大學,04111018,會計學系,D 日,M 碩士,30,109
1001,東海大學,04111018,會計學系,N 職,M 碩士,14,109
1001,東海大學,04121024,財務金融學系,D 日,M 碩士,29,109
1001,東海大學,04121024,財務金融學系,N 職,M 碩士,3,109
1001,東海大學,04131019,企業管理學系,D 日,M 碩士,48,109
1001,東海大學,04131019,企業管理學系高階企業經營碩士在職專班,N 職,M 碩士,-,109
1001,東海大學,04131025,高階經營管理碩士在職專班,N 職,M 碩士,396,109
1001,東海大學,04131059,國際企業管理碩士學位學程,D 日,M 碩士,19,109
1001,東海大學,04133044,工業工程與經營資訊學系高階醫務工程與管理碩士在職專班,N 職,M 碩士,43,109
1001,東海大學,04134016,行政管理暨政策學系,D 日,M 碩士,14,109
1001,東海大學,04134016,行政管理暨政策學系第三部門碩士在職專班,N 職,M 碩士,6,109
1001,東海大學,04134017,公共事務碩士專班,N 職,M 碩士,43,109
1001,東海大學,04141023,國際經營與貿易學系,D 日,M 碩士,24,109
1001,東海大學,04211027,法律學系,D 日,M 碩士,124,109
1001,東海大學,05111028,生命科學系,D 日,M 碩士,15,109
1001,東海大學,05311030,化學系,D 日,M 碩士,25,109
1001,東海大學,05331032,應用物理學系,D 日,M 碩士,11,109
1001,東海大學,05411034,應用數學系,D 日,M 碩士,9,109
1001,東海大學,05421035,統計學系,D 日,M 碩士,19,109
1001,東海大學,06131039,資訊工程學系,D 日,M 碩士,50,109
1001,東海大學,06131039,資訊工程學系,N 職,M 碩士,30,109
1001,東海大學,06133047,數位創新碩士學位學程,D 日,M 碩士,20,109
1001,東海大學,06134036,資訊管理學系,D 日,M 碩士,23,109
1001,東海大學,07111042,化學工程與材料工程學系,D 日,M 碩士,53,109
1001,東海大學,07121045,環境科學與工程學系,D 日,M 碩士,25,109
1001,東海大學,07141037,電機工程學系,D 日,M 碩士,26,109
1001,東海大學,07191044,工業工程與經營資訊學系,D 日,M 碩士,58,109
1001,東海大學,07211052,食品科學系,D 日,M 碩士,38,109
1001,東海大學,07311048,建築學系,D 日,M 碩士,62,109
1001,東海大學,07312049,景觀學系,D 日,M 碩士,18,109
1001,東海大學,07312049,景觀學系,N 職,M 碩士,21,109
1001,東海大學,08112051,畜產與生物科技學系,D 日,M 碩士,18,109
1001,東海大學,09231053,社會工作學系,D 日,M 碩士,63,109
1001,東海大學,10131054,餐旅管理學系,D 日,M 碩士,13,109
1001,東海大學,10131054,餐旅管理學系,N 職,M 碩士,38,109
1002,輔仁大學,01114047,教育領導與發展研究所,D 日,M 碩士,29,109
1002,輔仁大學,01114047,教育領導與發展研究所,N 職,M 碩士,94,109
1002,輔仁大學,02122029,品牌與時尚經營管理碩士學位學程,D 日,M 碩士,12,109
1002,輔仁大學,02122078,應用美術學系,D 日,M 碩士,51,109
1002,輔仁大學,02125082,織品服裝學系,D 日,M 碩士,62,109
1002,輔仁大學,02125082,織品服裝學系,N 職,M 碩士,76,109
1002,輔仁大學,02151034,音樂學系,D 日,M 碩士,79,109
1002,輔仁大學,02151034,音樂學系,N 職,M 碩士,75,109
1002,輔仁大學,02211019,宗教學系,D 日,M 碩士,42,109
1002,輔仁大學,02211019,宗教學系,N 職,M 碩士,103,109
1002,輔仁大學,02221074,歷史學系,D 日,M 碩士,30,109
1002,輔仁大學,02231037,哲學系,D 日,M 碩士,25,109
1002,輔仁大學,02231037,哲學系,N 職,M 碩士,28,109
1002,輔仁大學,02299060,跨文化研究所語言學碩士班(含翻譯學碩士班),D 日,M 碩士,108,109
1002,輔仁大學,02299060,跨文化研究所翻譯學碩士在職專班,N 職,M 碩士,53,109
1002,輔仁大學,02311009,日本語文學系,D 日,M 碩士,38,109
1002,輔仁大學,02311016,西班牙語文學系,D 日,M 碩士,19,109
1002,輔仁大學,02311021,法國語文學系,D 日,M 碩士,29,109
1002,輔仁大學,02311033,英國語文學系,D 日,M 碩士,30,109
1002,輔仁大學,02311072,德語語文學系,D 日,M 碩士,27,109
1002,輔仁大學,02322003,中國文學系,D 日,M 碩士,35,109
1002,輔仁大學,03111055,經濟學系,D 日,M 碩士,24,109
1002,輔仁大學,03131007,心理學系,D 日,M 碩士,60,109
1002,輔仁大學,03131081,臨床心理學系,D 日,M 碩士,59,109
1002,輔仁大學,03141023,社會學系,D 日,M 碩士,23,109
1002,輔仁大學,03211002,大眾傳播學研究所,D 日,M 碩士,71,109
1002,輔仁大學,03211002,大眾傳播學研究所,N 職,M 碩士,48,109
1002,輔仁大學,03221051,博物館學研究所,D 日,M 碩士,55,109
1002,輔仁大學,03222065,圖書資訊學系,D 日,M 碩士,27,109
1002,輔仁大學,04111054,會計學系,D 日,M 碩士,50,109
1002,輔仁大學,04111054,會計學系,N 職,M 碩士,52,109
1002,輔仁大學,04121027,金融與國際企業學系金融碩士班,D 日,M 碩士,48,109
1002,輔仁大學,04121027,金融與國際企業學系金融碩士在職專班,N 職,M 碩士,69,109
1002,輔仁大學,04131015,企業管理學系管理學碩士班,D 日,M 碩士,79,109
1002,輔仁大學,04131015,企業管理學系管理學碩士在職專班,N 職,M 碩士,73,109
1002,輔仁大學,04131025,社會企業碩士學位學程,D 日,M 碩士,19,109
1002,輔仁大學,04131025,社會企業碩士在職學位學程,N 職,M 碩士,39,109
1002,輔仁大學,04131041,國際創業與經營管理碩士學位學程,N 職,M 碩士,49,109
1002,輔仁大學,04131044,國際經營管理碩士學位學程,D 日,M 碩士,25,109
1002,輔仁大學,04199028,非營利組織管理碩士學位學程,N 職,M 碩士,60,109
1002,輔仁大學,04199032,科技管理碩士學位學程,N 職,M 碩士,60,109
1002,輔仁大學,04211020,法律學系,D 日,M 碩士,101,109
1002,輔仁大學,04211020,法律學系,N 職,M 碩士,67,109
1002,輔仁大學,04211038,財經法律學系,D 日,M 碩士,67,109
1002,輔仁大學,04211038,財經法律學系原住民碩士在職專班,N 職,M 碩士,65,109
1002,輔仁大學,05111011,生命科學系,D 日,M 碩士,24,109
1002,輔仁大學,05191080,營養科學系,D 日,M 碩士,29,109
1002,輔仁大學,05311005,化學系,D 日,M 碩士,45,109
1002,輔仁大學,05331022,物理學系,D 日,M 碩士,12,109
1002,輔仁大學,05411073,數學系,D 日,M 碩士,12,109
1002,輔仁大學,05421049,統計資訊學系應用統計碩士班,D 日,M 碩士,43,109
1002,輔仁大學,05421049,統計資訊學系應用統計碩士在職專班,N 職,M 碩士,32,109
1002,輔仁大學,06131058,資訊工程學系,D 日,M 碩士,44,109
1002,輔仁大學,06131058,資訊工程學系,N 職,M 碩士,22,109
1002,輔仁大學,06131059,資訊管理學系,D 日,M 碩士,38,109
1002,輔仁大學,06131059,資訊管理學系,N 職,M 碩士,56,109
1002,輔仁大學,07141064,電機工程學系,D 日,M 碩士,40,109
1002,輔仁大學,07141064,電機工程學系,N 職,M 碩士,3,109
1002,輔仁大學,07211035,食品科學系,D 日,M 碩士,50,109
1002,輔仁大學,07312052,景觀設計學系,D 日,M 碩士,21,109
1002,輔仁大學,09121013,生物醫學暨藥學研究所,D 日,M 碩士,17,109
1002,輔仁大學,09121090,生物醫學海量資料分析碩士學位學程,D 日,M 碩士,7,109
1002,輔仁大學,09131088,護理學系,D 日,M 碩士,35,109
1002,輔仁大學,09191004,公共衛生學系,D 日,M 碩士,26,109
1002,輔仁大學,09211061,跨專業長期照護碩士學位學程,N 職,M 碩士,104,109
1002,輔仁大學,09221017,兒童與家庭學系,D 日,M 碩士,53,109
1002,輔仁大學,09221017,兒童與家庭學系,N 職,M 碩士,82,109
1002,輔仁大學,09231024,社會工作學系,D 日,M 碩士,39,109
1002,輔仁大學,10131075,餐旅管理學系,D 日,M 碩士,36,109
1002,輔仁大學,10131075,餐旅管理學系,N 職,M 碩士,48,109
1002,輔仁大學,10141089,體育學系,D 日,M 碩士,48,109
1002,輔仁大學,10141089,體育學系,N 職,M 碩士,75,109
1003,東吳大學,02151001,音樂學系,D 日,M 碩士,51,109
1003,東吳大學,02151001,音樂學系,N 職,M 碩士,8,109
1003,東吳大學,02221006,歷史學系,D 日,M 碩士,13,109
1003,東吳大學,02231007,哲學系,D 日,M 碩士,34,109
1003,東吳大學,02311005,日本語文學系,D 日,M 碩士,42,109
1003,東吳大學,02311005,日本語文學系,N 職,M 碩士,30,109
1003,東吳大學,02311012,德國文化學系,D 日,M 碩士,23,109
1003,東吳大學,02312004,英文學系翻譯碩士班,D 日,M 碩士,24,109
1003,東吳大學,02322002,中國文學系,D 日,M 碩士,61,109
1003,東吳大學,02322002,中國文學系,N 職,M 碩士,22,109
1003,東吳大學,03111008,經濟學系,D 日,M 碩士,32,109
1003,東吳大學,03111008,經濟學系,N 職,M 碩士,31,109
1003,東吳大學,03121009,政治學系,D 日,M 碩士,25,109
1003,東吳大學,03131011,心理學系,D 日,M 碩士,99,109
1003,東吳大學,03141010,社會學系,D 日,M 碩士,24,109
1003,東吳大學,03141010,社會學系,N 職,M 碩士,23,109
1003,東吳大學,03199013,人權碩士學位學程,D 日,M 碩士,29,109
1003,東吳大學,04111015,會計學系,D 日,M 碩士,70,109
1003,東吳大學,04111015,會計學系,N 職,M 碩士,83,109
1003,東吳大學,04121027,財務工程與精算數學系,D 日,M 碩士,48,109
1003,東吳大學,04121027,財務工程與精算數學系,N 職,M 碩士,17,109
1003,東吳大學,04131016,企業管理學系,D 日,M 碩士,114,109
1003,東吳大學,04131016,企業管理學系,N 職,M 碩士,91,109
1003,東吳大學,04131020,商學院EMBA高階經營碩士在職專班,N 職,M 碩士,58,109
1003,東吳大學,04141019,國際經營與貿易學系,D 日,M 碩士,38,109
1003,東吳大學,04141019,國際經營與貿易學系,N 職,M 碩士,39,109
1003,東吳大學,04199031,巨量資料管理學院碩士學位學程,D 日,M 碩士,31,109
1003,東吳大學,04199031,巨量資料管理學院碩士在職學位學程,N 職,M 碩士,148,109
1003,東吳大學,04211021,法律學系,D 日,M 碩士,401,109
1003,東吳大學,04211021,法律學系,N 職,M 碩士,611,109
1003,東吳大學,05122022,微生物學系,D 日,M 碩士,15,109
1003,東吳大學,05311023,化學系,D 日,M 碩士,5,109
1003,東吳大學,05411025,數學系,D 日,M 碩士,16,109
1003,東吳大學,06131028,資訊管理學系,D 日,M 碩士,30,109
1003,東吳大學,06131028,資訊管理學系,N 職,M 碩士,44,109
1003,東吳大學,09231030,社會工作學系,D 日,M 碩士,69,109
1004,中原大學,01111001,教育研究所,D 日,M 碩士,30,109
1004,中原大學,01111001,教育研究所,N 職,M 碩士,88,109
1004,中原大學,01113002,特殊教育學系,D 日,M 碩士,44,109
1004,中原大學,02112008,商業設計學系,D 日,M 碩士,33,109
1004,中原大學,02112008,商業設計學系,N 職,M 碩士,17,109
1004,中原大學,02122010,文化創意設計碩士學位學程,D 日,M 碩士,12,109
1004,中原大學,02124009,室內設計學系,D 日,M 碩士,59,109
1004,中原大學,02124009,室內設計學系,N 職,M 碩士,85,109
1004,中原大學,02151058,音樂產業碩士學位學程,D 日,M 碩士,5,109
1004,中原大學,02211006,宗教研究所,D 日,M 碩士,16,109
1004,中原大學,02211006,宗教研究所,N 職,M 碩士,20,109
1004,中原大學,02311005,應用外國語文學系,D 日,M 碩士,31,109
1004,中原大學,02323004,應用華語文學系,D 日,M 碩士,42,109
1004,中原大學,03131011,心理學系,D 日,M 碩士,93,109
1004,中原大學,03131011,心理學系,N 職,M 碩士,1,109
1004,中原大學,04111013,會計學系,D 日,M 碩士,37,109
1004,中原大學,04111013,會計學系,N 職,M 碩士,23,109
1004,中原大學,04121019,財務金融學系,D 日,M 碩士,19,109
1004,中原大學,04131014,企業管理學系,D 日,M 碩士,69,109
1004,中原大學,04131014,企業管理學系,N 職,M 碩士,201,109
1004,中原大學,04141018,國際經營與貿易學系,D 日,M 碩士,19,109
1004,中原大學,04141018,國際經營與貿易學系,N 職,M 碩士,12,109
1004,中原大學,04191017,國際商學碩士學位學程,D 日,M 碩士,21,109
1004,中原大學,04199050,巨量資料商業應用碩士學位學程,D 日,M 碩士,9,109
1004,中原大學,04212021,財經法律學系,D 日,M 碩士,95,109
1004,中原大學,04212021,財經法律學系,N 職,M 碩士,72,109
1004,中原大學,05121022,生物科技學系,D 日,M 碩士,21,109
1004,中原大學,05311023,化學系,D 日,M 碩士,61,109
1004,中原大學,05311023,化學系,N 職,M 碩士,20,109
1004,中原大學,05331024,物理學系,D 日,M 碩士,22,109
1004,中原大學,05411027,應用數學系,D 日,M 碩士,21,109
1004,中原大學,05411027,應用數學系,N 職,M 碩士,15,109
1004,中原大學,06131028,資訊管理學系,D 日,M 碩士,41,109
1004,中原大學,06131028,資訊管理學系,N 職,M 碩士,51,109
1004,中原大學,07111037,化學工程學系,D 日,M 碩士,102,109
1004,中原大學,07111049,化學工程與材料科學國際碩士學位學程,D 日,M 碩士,1,109
1004,中原大學,07112038,奈米科技碩士學位學程,D 日,M 碩士,7,109
1004,中原大學,07121042,環境工程學系,D 日,M 碩士,56,109
1004,中原大學,07121042,環境工程學系,N 職,M 碩士,37,109
1004,中原大學,07141029,電機工程學系,D 日,M 碩士,88,109
1004,中原大學,07141029,電機工程學系,N 職,M 碩士,36,109
1004,中原大學,07141030,電子工程學系,D 日,M 碩士,117,109
1004,中原大學,07141030,電子工程學系,N 職,M 碩士,29,109
1004,中原大學,07141031,資訊工程學系,D 日,M 碩士,66,109
1004,中原大學,07141031,資訊工程學系,N 職,M 碩士,18,109
1004,中原大學,07141032,通訊工程碩士學位學程,D 日,M 碩士,9,109
1004,中原大學,07151034,機械工程學系,D 日,M 碩士,104,109
1004,中原大學,07151034,機械工程學系,N 職,M 碩士,63,109
1004,中原大學,07151C01,光機電及資電控產業碩士專班,D 日,M 碩士,1,109
1004,中原大學,07191041,工業與系統工程學系,D 日,M 碩士,83,109
1004,中原大學,07191041,工業與系統工程學系,N 職,M 碩士,61,109
1004,中原大學,07193043,生物醫學工程學系,D 日,M 碩士,56,109
1004,中原大學,07193043,生物醫學工程學系,N 職,M 碩士,19,109
1004,中原大學,07193044,生物醫學材料與科技國際碩士學位學程,D 日,M 碩士,1,109
1004,中原大學,07311046,建築學系,D 日,M 碩士,65,109
1004,中原大學,07311046,建築學系,N 職,M 碩士,27,109
1004,中原大學,07312047,景觀學系,D 日,M 碩士,19,109
1004,中原大學,07321035,土木工程學系,D 日,M 碩士,30,109
1005,淡江大學,01114095,教育政策與領導研究所,D 日,M 碩士,20,109
1005,淡江大學,01114095,教育政策與領導研究所,N 職,M 碩士,10,109
1005,淡江大學,01115097,課程與教學研究所,D 日,M 碩士,27,109
1005,淡江大學,01115097,課程與教學研究所,N 職,M 碩士,30,109
1005,淡江大學,01116092,教育科技學系,D 日,M 碩士,24,109
1005,淡江大學,01116092,教育科技學系,N 職,M 碩士,67,109
1005,淡江大學,02221078,歷史學系,D 日,M 碩士,19,109
1005,淡江大學,02221078,歷史學系,N 職,M 碩士,1,109
1005,淡江大學,02311082,日本語文學系,D 日,M 碩士,39,109
1005,淡江大學,02311082,日本語文學系,N 職,M 碩士,32,109
1005,淡江大學,02311084,西班牙語文學系,D 日,M 碩士,4,109
1005,淡江大學,02311086,法國語文學系,D 日,M 碩士,22,109
1005,淡江大學,02311088,英文學系,D 日,M 碩士,33,109
1005,淡江大學,02322090,中國文學學系,D 日,M 碩士,37,109
1005,淡江大學,02322090,中國文學學系,N 職,M 碩士,21,109
1005,淡江大學,03111075,產業經濟學系,D 日,M 碩士,10,109
1005,淡江大學,03111076,經濟學系經濟與財務碩士班,D 日,M 碩士,5,109
1005,淡江大學,03122060,國際事務與戰略研究所,D 日,M 碩士,32,109
1005,淡江大學,03122060,國際事務與戰略研究所,N 職,M 碩士,76,109
1005,淡江大學,03131096,教育心理與諮商研究所,D 日,M 碩士,108,109
1005,淡江大學,03143063,臺灣與亞太研究全英語碩士學位學程,D 日,M 碩士,10,109
1005,淡江大學,03143064,拉丁美洲研究所,D 日,M 碩士,19,109
1005,淡江大學,03143064,拉丁美洲研究所亞太研究數位學習碩士在職專班,N 職,M 碩士,24,109
1005,淡江大學,03143065,美洲研究所,D 日,M 碩士,2,109
1005,淡江大學,03143065,美洲研究所亞太研究數位學習碩士在職專班,N 職,M 碩士,9,109
1005,淡江大學,03143067,中國大陸研究所,D 日,M 碩士,25,109
1005,淡江大學,03143067,中國大陸研究所,N 職,M 碩士,55,109
1005,淡江大學,03143068,歐洲研究所,D 日,M 碩士,26,109
1005,淡江大學,03143073,日本政經研究所,D 日,M 碩士,22,109
1005,淡江大學,03143073,日本政經研究所,N 職,M 碩士,12,109
1005,淡江大學,03191057,未來學研究所,D 日,M 碩士,16,109
1005,淡江大學,03211055,大眾傳播學系,D 日,M 碩士,39,109
1005,淡江大學,03214054,資訊傳播學系,D 日,M 碩士,1,109
1005,淡江大學,03222052,資訊與圖書館學系,D 日,M 碩士,22,109
1005,淡江大學,03222052,資訊與圖書館學系數位學習碩士在職專班,N 職,M 碩士,5,109
1005,淡江大學,03222053,數位出版與典藏數位學習碩士在職專班,N 職,M 碩士,12,109
1005,淡江大學,04111051,會計學系,D 日,M 碩士,57,109
1005,淡江大學,04111051,會計學系,N 職,M 碩士,19,109
1005,淡江大學,04121037,財務金融學系,D 日,M 碩士,80,109
1005,淡江大學,04121037,財務金融學系,N 職,M 碩士,57,109
1005,淡江大學,04123104,風險管理與保險學系保險經營碩士班,D 日,M 碩士,24,109
1005,淡江大學,04123104,風險管理與保險學系保險經營碩士在職專班,N 職,M 碩士,37,109
1005,淡江大學,04131040,國際企業學系,D 日,M 碩士,46,109
1005,淡江大學,04131040,國際企業學系,N 職,M 碩士,51,109
1005,淡江大學,04131045,商管學院經營管理全英語碩士學位學程,D 日,M 碩士,24,109
1005,淡江大學,04131047,管理科學學系企業經營碩士班,D 日,M 碩士,32,109
1005,淡江大學,04131047,管理科學學系企業經營碩士在職專班,N 職,M 碩士,42,109
1005,淡江大學,04131049,企業管理學系,D 日,M 碩士,54,109
1005,淡江大學,04131049,企業管理學系,N 職,M 碩士,82,109
1005,淡江大學,04134061,公共行政學系公共政策碩士班,D 日,M 碩士,18,109
1005,淡江大學,04134061,公共行政學系公共政策碩士在職專班,N 職,M 碩士,15,109
1005,淡江大學,04191105,數位商務與經濟碩士學位學程,D 日,M 碩士,4,109
1005,淡江大學,05311031,化學學系,D 日,M 碩士,36,109
1005,淡江大學,05331030,物理學系,D 日,M 碩士,22,109
1005,淡江大學,05411026,數學學系數學與數據科學碩士班,D 日,M 碩士,13,109
1005,淡江大學,05411026,數學學系,N 職,M 碩士,9,109
1005,淡江大學,05421024,統計學系應用統計學碩士班,D 日,M 碩士,24,109
1005,淡江大學,05421101,商管學院大數據分析與商業智慧碩士學位學程,D 日,M 碩士,20,109
1005,淡江大學,06131018,資訊工程學系,D 日,M 碩士,94,109
1005,淡江大學,06131018,資訊工程學系,N 職,M 碩士,28,109
1005,淡江大學,06131023,資訊管理學系,D 日,M 碩士,40,109
1005,淡江大學,06131023,資訊管理學系,N 職,M 碩士,23,109
1005,淡江大學,07111010,化學工程與材料工程學系,D 日,M 碩士,56,109
1005,淡江大學,07122009,水資源及環境工程學系,D 日,M 碩士,34,109
1005,淡江大學,07141019,電機工程學系,D 日,M 碩士,121,109
1005,淡江大學,07141019,電機工程學系,N 職,M 碩士,27,109
1005,淡江大學,07151015,機械與機電工程學系,D 日,M 碩士,52,109
1005,淡江大學,07162017,航空太空工程學系,D 日,M 碩士,40,109
1005,淡江大學,07162017,航空太空工程學系,N 職,M 碩士,11,109
1005,淡江大學,07311007,建築學系,D 日,M 碩士,44,109
1005,淡江大學,07321012,土木工程學系,D 日,M 碩士,40,109
1005,淡江大學,10411002,運輸管理學系運輸科學碩士班,D 日,M 碩士,35,109
1006,中國文化大學,01131053,華語文教學碩士學位學程,N 職,M 碩士,34,109
1006,中國文化大學,01141023,體育學系運動教練碩士班,D 日,M 碩士,104,109
1006,中國文化大學,02111121,科技藝術碩士學位學程,D 日,M 碩士,11,109
1006,中國文化大學,02131059,美術學系,D 日,M 碩士,75,109
1006,中國文化大學,02151007,中國音樂學系,D 日,M 碩士,37,109
1006,中國文化大學,02151040,音樂學系,D 日,M 碩士,63,109
1006,中國文化大學,02152009,舞蹈學系,D 日,M 碩士,5,109
1006,中國文化大學,02152043,戲劇學系,D 日,M 碩士,5,109
1006,中國文化大學,02221098,史學系,D 日,M 碩士,34,109
1006,中國文化大學,02231081,哲學系,D 日,M 碩士,3,109
1006,中國文化大學,02311010,韓國語文學系,D 日,M 碩士,51,109
1006,中國文化大學,02311052,英國語文學系,D 日,M 碩士,8,109
1006,中國文化大學,02311077,日本語文學系,D 日,M 碩士,5,109
1006,中國文化大學,02322001,中國文學系,D 日,M 碩士,49,109
1006,中國文化大學,02322001,中國文學系,N 職,M 碩士,3,109
1006,中國文化大學,03111099,經濟學系,D 日,M 碩士,11,109
1006,中國文化大學,03121011,國家發展與中國大陸研究所,D 日,M 碩士,46,109
1006,中國文化大學,03121061,政治學系,D 日,M 碩士,27,109
1006,中國文化大學,03121061,政治學系,N 職,M 碩士,1,109
1006,中國文化大學,03131004,心理輔導學系,D 日,M 碩士,113,109
1006,中國文化大學,03142087,地學研究所,D 日,M 碩士,39,109
1006,中國文化大學,03199051,勞動暨人力資源學系,D 日,M 碩士,67,109
1006,中國文化大學,03212033,新聞學系,D 日,M 碩士,25,109
1006,中國文化大學,03214101,資訊傳播學系,D 日,M 碩士,17,109
1006,中國文化大學,04111065,會計學系,D 日,M 碩士,24,109
1006,中國文化大學,04121037,財務金融學系,D 日,M 碩士,23,109
1006,中國文化大學,04131015,國際企業管理學系,D 日,M 碩士,42,109
1006,中國文化大學,04131015,國際企業管理學系,N 職,M 碩士,79,109
1006,中國文化大學,04131066,企業實務管理數位碩士在職專班,N 職,M 碩士,87,109
1006,中國文化大學,04131122,兒童教育事業經營管理產業碩士學位學程,D 日,M 碩士,2,109
1006,中國文化大學,04134062,社會企業管理碩士在職學位學程,N 職,M 碩士,30,109
1006,中國文化大學,04134063,社會科學院澳門境外碩士在職專班,N 職,M 碩士,23,109
1006,中國文化大學,04141041,國際貿易學系,D 日,M 碩士,26,109
1006,中國文化大學,04143027,行銷碩士學位學程,D 日,M 碩士,39,109
1006,中國文化大學,04143067,全球品牌與行銷碩士在職學位學程,N 職,M 碩士,66,109
1006,中國文化大學,04191014,全球商務碩士學位學程,D 日,M 碩士,35,109
1006,中國文化大學,04211020,法律學系,D 日,M 碩士,297,109
1006,中國文化大學,04212020,法律學系,N 職,M 碩士,74,109
1006,中國文化大學,05311026,化學系應用化學碩士班,D 日,M 碩士,15,109
1006,中國文化大學,06131006,資訊管理學系,N 職,M 碩士,44,109
1006,中國文化大學,06131021,資訊工程學系,D 日,M 碩士,12,109
1006,中國文化大學,06133006,資訊管理學系,N 職,M 碩士,-,109
1006,中國文化大學,06134006,資訊管理學系,D 日,M 碩士,13,109
1006,中國文化大學,06134120,電子商務碩士學位學程,D 日,M 碩士,9,109
1006,中國文化大學,07112028,化學工程與材料工程學系奈米材料碩士班,D 日,M 碩士,32,109
1006,中國文化大學,07112C01,紡織產業碩士專班,D 日,M 碩士,15,109
1006,中國文化大學,07151107,機械工程學系數位機電碩士班,D 日,M 碩士,16,109
1006,中國文化大學,07311068,建築及都市設計學系,D 日,M 碩士,31,109
1006,中國文化大學,07311068,建築及都市設計學系,N 職,M 碩士,8,109
1006,中國文化大學,07311C04,建築公共安全產業碩士專班,D 日,M 碩士,4,109
1006,中國文化大學,07312103,景觀學系,D 日,M 碩士,17,109
1006,中國文化大學,07313118,都市計劃與開發管理學系,D 日,M 碩士,28,109
1006,中國文化大學,08192102,生物科技研究所,D 日,M 碩士,24,109
1006,中國文化大學,09221069,青少年兒童福利碩士學位學程,N 職,M 碩士,70,109
1006,中國文化大學,09299082,社會福利學系,D 日,M 碩士,27,109
1006,中國文化大學,10111090,生活應用科學系,D 日,M 碩士,28,109
1006,中國文化大學,10111090,生活應用科學系,N 職,M 碩士,55,109
1006,中國文化大學,10151005,觀光事業學系,D 日,M 碩士,24,109
1006,中國文化大學,10151005,觀光事業學系觀光休閒事業碩士在職專班,N 職,M 碩士,60,109
1006,中國文化大學,10413119,航空管理碩士學位學程,D 日,M 碩士,10,109
1007,逢甲大學,02122005,創意設計碩士學位學程,D 日,M 碩士,2,109
1007,逢甲大學,02221003,歷史與文物研究所,D 日,M 碩士,31,109
1007,逢甲大學,02311002,外國語文學系英語文研究碩士班,D 日,M 碩士,22,109
1007,逢甲大學,02322001,中國文學系,D 日,M 碩士,25,109
1007,逢甲大學,02322001,中國文學系,N 職,M 碩士,1,109
1007,逢甲大學,03111009,經濟學系,D 日,M 碩士,24,109
1007,逢甲大學,03111012,合作經濟暨社會事業經營學系,D 日,M 碩士,16,109
1007,逢甲大學,04111017,會計學系,D 日,M 碩士,42,109
1007,逢甲大學,04121025,財務金融學系,D 日,M 碩士,33,109
1007,逢甲大學,04121026,金融碩士在職專班,N 職,M 碩士,47,109
1007,逢甲大學,04122032,財稅學系,D 日,M 碩士,21,109
1007,逢甲大學,04123029,風險管理與保險學系,D 日,M 碩士,40,109
1007,逢甲大學,04131019,企業管理學系,D 日,M 碩士,41,109
1007,逢甲大學,04131020,經營管理碩士在職專班,N 職,M 碩士,350,109
1007,逢甲大學,04131022,國際經營管理碩士學位學程,D 日,M 碩士,1,109
1007,逢甲大學,04131034,西班牙薩拉戈薩大學物流供應鏈管理與創新創業雙碩士學位學程,D 日,M 碩士,1,109
1007,逢甲大學,04134086,土地管理學系,D 日,M 碩士,25,109
1007,逢甲大學,04134086,土地管理學系,N 職,M 碩士,17,109
1007,逢甲大學,04134097,公共事務與社會創新研究所,D 日,M 碩士,26,109
1007,逢甲大學,04134097,公共事務與社會創新研究所,N 職,M 碩士,64,109
1007,逢甲大學,04141024,國際經營與貿易學系,D 日,M 碩士,39,109
1007,逢甲大學,04143033,行銷學系全球行銷碩士班,D 日,M 碩士,12,109
1007,逢甲大學,04191016,商學專業碩士在職學位學程,N 職,M 碩士,48,109
1007,逢甲大學,04199036,科技管理碩士學位學程,D 日,M 碩士,13,109
1007,逢甲大學,04199037,專案管理碩士在職學位學程,N 職,M 碩士,63,109
1007,逢甲大學,04199096,建設碩士在職學位學程,N 職,M 碩士,113,109
1007,逢甲大學,04212038,財經法律研究所,D 日,M 碩士,71,109
1007,逢甲大學,04212038,財經法律研究所,N 職,M 碩士,60,109
1007,逢甲大學,05411039,應用數學系,D 日,M 碩士,11,109
1007,逢甲大學,05421040,統計學系統計與精算碩士班,D 日,M 碩士,31,109
1007,逢甲大學,06131048,資訊工程學系,D 日,M 碩士,104,109
1007,逢甲大學,06131048,資訊工程學系,N 職,M 碩士,2,109
1007,逢甲大學,07111068,化學工程學系,D 日,M 碩士,69,109
1007,逢甲大學,07112069,材料科學與工程學系,D 日,M 碩士,60,109
1007,逢甲大學,07121075,環境工程與科學學系,D 日,M 碩士,38,109
1007,逢甲大學,07122077,水利工程與資源保育學系,D 日,M 碩士,33,109
1007,逢甲大學,07132079,綠色能源科技碩士學位學程,D 日,M 碩士,20,109
1007,逢甲大學,07141044,電機工程學系,D 日,M 碩士,44,109
1007,逢甲大學,07141046,電子工程學系,D 日,M 碩士,61,109
1007,逢甲大學,07141050,通訊工程學系,D 日,M 碩士,49,109
1007,逢甲大學,07141052,自動控制工程學系,D 日,M 碩士,41,109
1007,逢甲大學,07141053,資訊電機工程碩士在職專班,N 職,M 碩士,94,109
1007,逢甲大學,07141054,光電能源與視覺科技碩士在職專班,N 職,M 碩士,1,109
1007,逢甲大學,07141099,視光科技碩士在職學位學程,N 職,M 碩士,6,109
1007,逢甲大學,07141101,光電科學與工程學系,D 日,M 碩士,35,109
1007,逢甲大學,07141112,資通訊與電控產業碩士專班,D 日,M 碩士,1,109
1007,逢甲大學,07151061,機械與電腦輔助工程學系機械工程碩士班,D 日,M 碩士,50,109
1007,逢甲大學,07151061,機械與電腦輔助工程學系機械工程碩士在職專班,N 職,M 碩士,7,109
1007,逢甲大學,07151103,智慧製造與管理產業碩士專班,D 日,M 碩士,-,109
1007,逢甲大學,07151106,創新智慧製造與管理產業碩士專班,D 日,M 碩士,11,109
1007,逢甲大學,07162059,航太與系統工程學系,D 日,M 碩士,48,109
1007,逢甲大學,07191072,工業工程與系統管理學系,D 日,M 碩士,39,109
1007,逢甲大學,07191072,工業工程與系統管理學系,N 職,M 碩士,4,109
1007,逢甲大學,07192074,纖維與複合材料學系,D 日,M 碩士,46,109
1007,逢甲大學,07192074,纖維與複合材料學系,N 職,M 碩士,8,109
1007,逢甲大學,07193078,生醫資訊暨生醫工程碩士學位學程,D 日,M 碩士,9,109
1007,逢甲大學,07199080,電聲碩士學位學程,D 日,M 碩士,27,109
1007,逢甲大學,07199098,智能製造與工程管理碩士在職學位學程,N 職,M 碩士,138,109
1007,逢甲大學,07311081,建築碩士學位學程,D 日,M 碩士,60,109
1007,逢甲大學,07311081,建築碩士在職學位學程,N 職,M 碩士,11,109
1007,逢甲大學,07312084,景觀與遊憩碩士學位學程,D 日,M 碩士,7,109
1007,逢甲大學,07312084,景觀與遊憩碩士學位學程,N 職,M 碩士,3,109
1007,逢甲大學,07313087,都市計畫與空間資訊學系,D 日,M 碩士,31,109
1007,逢甲大學,07313087,都市計畫與空間資訊學系,N 職,M 碩士,11,109
1007,逢甲大學,07321063,土木工程學系,D 日,M 碩士,43,109
1007,逢甲大學,07321063,土木工程學系,N 職,M 碩士,1,109
1007,逢甲大學,07399102,智慧城市國際碩士學位學程,D 日,M 碩士,6,109
1007,逢甲大學,10411093,運輸與物流學系,D 日,M 碩士,35,109
1007,逢甲大學,10411093,運輸與物流學系,N 職,M 碩士,7,109
1008,靜宜大學,01111001,教育研究所,D 日,M 碩士,30,109
1008,靜宜大學,01111001,教育研究所,N 職,M 碩士,54,109
1008,靜宜大學,02299040,原住民族文化碩士學位學程,D 日,M 碩士,15,109
1008,靜宜大學,02311004,英國語文學系,D 日,M 碩士,22,109
1008,靜宜大學,02311005,西班牙語文學系,D 日,M 碩士,17,109
1008,靜宜大學,02311006,日本語文學系,D 日,M 碩士,16,109
1008,靜宜大學,02321002,台灣文學系,D 日,M 碩士,21,109
1008,靜宜大學,02322003,中國文學系,D 日,M 碩士,21,109
1008,靜宜大學,02322003,中國文學系,N 職,M 碩士,8,109
1008,靜宜大學,03141038,犯罪防治碩士學位學程,D 日,M 碩士,21,109
1008,靜宜大學,04111011,會計學系,D 日,M 碩士,27,109
1008,靜宜大學,04121019,財務金融學系,D 日,M 碩士,19,109
1008,靜宜大學,04131010,寰宇管理碩士學位學程,D 日,M 碩士,73,109
1008,靜宜大學,04131012,企業管理學系,D 日,M 碩士,8,109
1008,靜宜大學,04131014,管理碩士在職專班,N 職,M 碩士,115,109
1008,靜宜大學,04131015,國際企業學系,D 日,M 碩士,22,109
1008,靜宜大學,04131018,創新與創業管理碩士學位學程,D 日,M 碩士,11,109
1008,靜宜大學,04211020,法律學系,D 日,M 碩士,32,109
1008,靜宜大學,04211020,法律學系,N 職,M 碩士,36,109
1008,靜宜大學,05191031,食品營養學系,D 日,M 碩士,38,109
1008,靜宜大學,05211021,生態人文學系,D 日,M 碩士,3,109
1008,靜宜大學,05311023,應用化學系,D 日,M 碩士,23,109
1008,靜宜大學,05499036,財務工程學系,D 日,M 碩士,13,109
1008,靜宜大學,06131027,資訊管理學系,D 日,M 碩士,19,109
1008,靜宜大學,06132009,資訊傳播工程學系,D 日,M 碩士,11,109
1008,靜宜大學,06134028,資訊學院資訊應用與科技管理碩士在職專班,N 職,M 碩士,14,109
1008,靜宜大學,07141030,資訊工程學系,D 日,M 碩士,7,109
1008,靜宜大學,09161035,化粧品科學系,D 日,M 碩士,19,109
1008,靜宜大學,09161035,化粧品科學系,N 職,M 碩士,27,109
1008,靜宜大學,09231032,社會工作與兒童少年福利學系,D 日,M 碩士,47,109
1008,靜宜大學,09231032,社會工作與兒童少年福利學系,N 職,M 碩士,28,109
1008,靜宜大學,09299039,社會企業與文化創意碩士學位學程,D 日,M 碩士,39,109
1008,靜宜大學,10151034,觀光事業學系,D 日,M 碩士,23,109
1008,靜宜大學,10151034,觀光事業學系,N 職,M 碩士,42,109
1009,長庚大學,02122001,工業設計學系,D 日,M 碩士,10,109
1009,長庚大學,04131005,工商管理學系,D 日,M 碩士,45,109
1009,長庚大學,04131008,商管專業學院碩士學位學程,D 日,M 碩士,40,109
1009,長庚大學,04131008,商管專業學院碩士學位學程在職專班,N 職,M 碩士,141,109
1009,長庚大學,04133007,醫務管理學系,D 日,M 碩士,32,109
1009,長庚大學,04199015,智慧醫療創新碩士學位學程,D 日,M 碩士,14,109
1009,長庚大學,05121011,生物科技產業碩士學位學程,D 日,M 碩士,9,109
1009,長庚大學,05123012,生物醫學研究所,D 日,M 碩士,94,109
1009,長庚大學,05123032,分子醫學全英語碩士學位學程,D 日,M 碩士,1,109
1009,長庚大學,06131013,資訊管理學系,D 日,M 碩士,45,109
1009,長庚大學,06131018,資訊工程學系,D 日,M 碩士,47,109
1009,長庚大學,07111025,化工與材料工程學系,D 日,M 碩士,85,109
1009,長庚大學,07141014,電機工程學系,D 日,M 碩士,62,109
1009,長庚大學,07141014,電機工程學系,N 職,M 碩士,40,109
1009,長庚大學,07141016,電子工程學系,D 日,M 碩士,73,109
1009,長庚大學,07141016,電子工程學系,N 職,M 碩士,-,109
1009,長庚大學,07141017,光電工程研究所,D 日,M 碩士,14,109
1009,長庚大學,07141052,奈米工程及設計碩士學位學程,D 日,M 碩士,24,109
1009,長庚大學,07151022,機械工程學系,D 日,M 碩士,35,109
1009,長庚大學,07193027,生物醫學工程研究所,D 日,M 碩士,32,109
1009,長庚大學,09111049,顱顏口腔醫學研究所,D 日,M 碩士,38,109
1009,長庚大學,09121029,臨床醫學研究所,D 日,M 碩士,33,109
1009,長庚大學,09121034,顯微手術國際碩士學位學程,D 日,M 碩士,20,109
1009,長庚大學,09131040,護理學系,D 日,M 碩士,123,109
1009,長庚大學,09141046,醫學生物技術暨檢驗學系,D 日,M 碩士,32,109
1009,長庚大學,09141048,醫學影像暨放射科學系,D 日,M 碩士,23,109
1009,長庚大學,09151037,物理治療學系,D 日,M 碩士,29,109
1009,長庚大學,09152038,職能治療學系行為科學碩士班,D 日,M 碩士,50,109
1009,長庚大學,09159041,早期療育研究所,D 日,M 碩士,25,109
1009,長庚大學,09171031,中醫學系天然藥物碩士班,D 日,M 碩士,33,109
1009,長庚大學,09199050,健康照護產業碩士學位學程,D 日,M 碩士,20,109
1010,元智大學,02191001,藝術與設計學系藝術與設計管理碩士班,D 日,M 碩士,14,109
1010,元智大學,02311007,應用外語學系,D 日,M 碩士,18,109
1010,元智大學,02311007,應用外語學系,N 職,M 碩士,24,109
1010,元智大學,02322004,中國語文學系,D 日,M 碩士,23,109
1010,元智大學,03141009,社會暨政策科學學系,D 日,M 碩士,17,109
1010,元智大學,03141009,社會暨政策科學學系,N 職,M 碩士,58,109
1010,元智大學,04121014,管理學院財務金融暨會計碩士班,D 日,M 碩士,73,109
1010,元智大學,04131019,管理學院經營管理碩士班,D 日,M 碩士,101,109
1010,元智大學,04131021,管理學院管理碩士在職專班,N 職,M 碩士,188,109
1010,元智大學,05121025,生物科技與工程研究所,D 日,M 碩士,8,109
1010,元智大學,05124027,生物與醫學資訊碩士學位學程,D 日,M 碩士,2,109
1010,元智大學,06131011,資訊管理學系,D 日,M 碩士,46,109
1010,元智大學,06131011,資訊管理學系,N 職,M 碩士,78,109
1010,元智大學,06131028,資訊工程學系,D 日,M 碩士,108,109
1010,元智大學,06131028,資訊工程學系,N 職,M 碩士,48,109
1010,元智大學,06133013,資訊傳播學系,D 日,M 碩士,27,109
1010,元智大學,07111041,化學工程與材料科學學系,D 日,M 碩士,61,109
1010,元智大學,07111041,化學工程與材料科學學系,N 職,M 碩士,26,109
1010,元智大學,07141033,電機工程學系,D 日,M 碩士,172,109
1010,元智大學,07141033,電機工程學系,N 職,M 碩士,33,109
1010,元智大學,07151037,機械工程學系,D 日,M 碩士,39,109
1010,元智大學,07151037,機械工程學系,N 職,M 碩士,29,109
1010,元智大學,07191043,工業工程與管理學系,D 日,M 碩士,85,109
1010,元智大學,07191043,工業工程與管理學系,N 職,M 碩士,102,109
1011,中華大學,04131007,企業管理學系,D 日,M 碩士,73,109
1011,中華大學,04131007,企業管理學系,N 職,M 碩士,33,109
1011,中華大學,04134006,行政管理學系,D 日,M 碩士,22,109
1011,中華大學,04134006,行政管理學系,N 職,M 碩士,27,109
1011,中華大學,04199014,科技管理學系,D 日,M 碩士,-,109
1011,中華大學,04199014,科技管理學系,N 職,M 碩士,-,109
1011,中華大學,04199015,工業管理學系科技管理碩士在職專班,N 職,M 碩士,24,109
1011,中華大學,06121054,高階資料庫管理碩士在職學位學程,N 職,M 碩士,7,109
1011,中華大學,06131021,資訊管理學系,D 日,M 碩士,13,109
1011,中華大學,06131021,資訊管理學系,N 職,M 碩士,14,109
1011,中華大學,06131025,資訊工程學系,D 日,M 碩士,49,109
1011,中華大學,06131025,資訊工程學系,N 職,M 碩士,8,109
1011,中華大學,07141022,電機工程學系,D 日,M 碩士,20,109
1011,中華大學,07141022,電機工程學系,N 職,M 碩士,6,109
1011,中華大學,07151028,機械工程學系,D 日,M 碩士,20,109
1011,中華大學,07151028,機械工程學系,N 職,M 碩士,4,109
1011,中華大學,07191015,工業管理學系,D 日,M 碩士,64,109
1011,中華大學,07311038,建築與都市計畫學系,D 日,M 碩士,24,109
1011,中華大學,07313058,智慧城市與社區規劃碩士在職學位學程,N 職,M 碩士,9,109
1011,中華大學,07321032,土木工程學系,D 日,M 碩士,12,109
1011,中華大學,07321032,土木工程學系,N 職,M 碩士,21,109
1011,中華大學,10151046,觀光學院碩士班,D 日,M 碩士,4,109
1011,中華大學,10151052,旅遊與休閒學系,D 日,M 碩士,8,109
1011,中華大學,10411047,運輸科技與物流管理學系,D 日,M 碩士,-,109
1012,大葉大學,01111001,教育專業發展研究所,D 日,M 碩士,54,109
1012,大葉大學,01111001,教育專業發展研究所,N 職,M 碩士,39,109
1012,大葉大學,02121002,造形藝術學系,D 日,M 碩士,36,109
1012,大葉大學,02121002,造形藝術學系,N 職,M 碩士,3,109
1012,大葉大學,02122015,設計暨藝術學院碩士班,D 日,M 碩士,19,109
1012,大葉大學,02122015,設計暨藝術學院碩士在職專班,N 職,M 碩士,19,109
1012,大葉大學,02123012,工業設計學系,D 日,M 碩士,5,109
1012,大葉大學,02311004,英語學系,D 日,M 碩士,14,109
1012,大葉大學,04131021,企業管理學系,D 日,M 碩士,50,109
1012,大葉大學,04131021,企業管理學系,N 職,M 碩士,1,109
1012,大葉大學,04131024,國際企業管理學系,D 日,M 碩士,28,109
1012,大葉大學,04131024,國際企業管理學系,N 職,M 碩士,-,109
1012,大葉大學,04133027,健康產業管理碩士在職學位學程,N 職,M 碩士,47,109
1012,大葉大學,04142028,人力資源暨公共關係學系,D 日,M 碩士,12,109
1012,大葉大學,04142028,人力資源暨公共關係學系,N 職,M 碩士,4,109
1012,大葉大學,04199029,管理學院碩士在職專班,N 職,M 碩士,106,109
1012,大葉大學,05121080,生物醫學系,D 日,M 碩士,13,109
1012,大葉大學,06131036,資訊管理學系,D 日,M 碩士,13,109
1012,大葉大學,06131036,資訊管理學系,N 職,M 碩士,23,109
1012,大葉大學,06131039,資訊工程學系,D 日,M 碩士,15,109
1012,大葉大學,07121054,環境工程學系,D 日,M 碩士,30,109
1012,大葉大學,07121054,環境工程學系,N 職,M 碩士,14,109
1012,大葉大學,07141038,電機工程學系,D 日,M 碩士,29,109
1012,大葉大學,07151046,機械與自動化工程學系,D 日,M 碩士,3,109
1012,大葉大學,07191053,工業工程與管理學系,D 日,M 碩士,3,109
1012,大葉大學,07191053,工業工程與管理學系,N 職,M 碩士,2,109
1012,大葉大學,07191C03,自行車創新產業碩士專班,D 日,M 碩士,1,109
1012,大葉大學,07193055,醫療器材設計與材料碩士學位學程,D 日,M 碩士,34,109
1012,大葉大學,07211078,食品暨應用生物科技學系,D 日,M 碩士,32,109
1012,大葉大學,07311057,建築研究所,D 日,M 碩士,22,109
1012,大葉大學,09141079,視覺科學碩士在職學位學程,N 職,M 碩士,16,109
1012,大葉大學,09161064,藥用植物與保健學系,D 日,M 碩士,16,109
1012,大葉大學,10151068,觀光餐旅碩士在職學位學程,N 職,M 碩士,1,109
1012,大葉大學,10152070,休閒事業管理學系,D 日,M 碩士,13,109
1012,大葉大學,10152070,休閒事業管理學系,N 職,M 碩士,28,109
1012,大葉大學,10152072,運動健康管理學系,D 日,M 碩士,25,109
1012,大葉大學,10152072,運動健康管理學系,N 職,M 碩士,28,109
1013,華梵大學,02112024,攝影與VR設計學系,D 日,M 碩士,10,109
1013,華梵大學,02112024,攝影與VR設計學系,N 職,M 碩士,4,109
1013,華梵大學,02122023,智慧生活設計學系空間設計碩士班,D 日,M 碩士,4,109
1013,華梵大學,02122023,智慧生活設計學系空間設計碩士在職專班,N 職,M 碩士,24,109
1013,華梵大學,02123008,工業設計學系,D 日,M 碩士,4,109
1013,華梵大學,02131002,美術與文創學系,D 日,M 碩士,25,109
1013,華梵大學,02131002,美術與文創學系,N 職,M 碩士,34,109
1013,華梵大學,02131025,佛教藝術學系,D 日,M 碩士,20,109
1013,華梵大學,02131025,佛教藝術學系,N 職,M 碩士,24,109
1013,華梵大學,02231006,哲學系,D 日,M 碩士,8,109
1013,華梵大學,02231006,哲學系,N 職,M 碩士,10,109
1013,華梵大學,02299009,東方人文思想研究所,D 日,M 碩士,53,109
1013,華梵大學,02299009,東方人文思想研究所,N 職,M 碩士,32,109
1013,華梵大學,02311004,外國語文學系,D 日,M 碩士,1,109
1013,華梵大學,02322003,中國文學系,D 日,M 碩士,5,109
1013,華梵大學,05291019,景觀與環境設計學系,D 日,M 碩士,5,109
1013,華梵大學,06131011,資訊管理學系,D 日,M 碩士,3,109
1013,華梵大學,06131011,資訊管理學系,N 職,M 碩士,4,109
1013,華梵大學,06132022,智慧生活科技學系大數據與管理碩士班(含智慧產品開發碩士班),D 日,M 碩士,29,109
1013,華梵大學,06132022,智慧生活科技學系大數據與管理碩士在職專班(含智慧產品開發碩士在職專班),N 職,M 碩士,36,109
1013,華梵大學,07141012,電子工程學系,D 日,M 碩士,14,109
1013,華梵大學,07151014,機電工程學系,D 日,M 碩士,-,109
1013,華梵大學,07191015,工業工程與經營資訊學系,D 日,M 碩士,2,109
1013,華梵大學,07311016,建築學系,D 日,M 碩士,3,109
1013,華梵大學,07311016,建築學系,N 職,M 碩士,4,109
1014,義守大學,02122067,傳播與設計學院文創傳播與設計碩士班,D 日,M 碩士,4,109
1014,義守大學,03211008,大眾傳播學系,D 日,M 碩士,11,109
1014,義守大學,04121066,財務金融管理學系,D 日,M 碩士,7,109
1014,義守大學,04121066,財務金融管理學系,N 職,M 碩士,3,109
1014,義守大學,04131010,企業管理學系,D 日,M 碩士,96,109
1014,義守大學,04131012,管理學院管理碩士班,D 日,M 碩士,-,109
1014,義守大學,04131012,管理學院管理碩士在職專班,N 職,M 碩士,94,109
1014,義守大學,04133018,醫務管理學系,D 日,M 碩士,17,109
1014,義守大學,04133018,醫務管理學系,N 職,M 碩士,35,109
1014,義守大學,04134007,公共政策與管理學系,D 日,M 碩士,-,109
1014,義守大學,04134007,公共政策與管理學系,N 職,M 碩士,72,109
1014,義守大學,04199019,工業管理學系,D 日,M 碩士,-,109
1014,義守大學,04199019,工業管理學系,N 職,M 碩士,61,109
1014,義守大學,05121020,生物科技學系,D 日,M 碩士,16,109
1014,義守大學,06131024,資訊管理學系,D 日,M 碩士,5,109
1014,義守大學,06131024,資訊管理學系,N 職,M 碩士,60,109
1014,義守大學,06131027,資訊工程學系,D 日,M 碩士,16,109
1014,義守大學,06131027,資訊工程學系,N 職,M 碩士,22,109
1014,義守大學,07111021,生物技術與化學工程研究所,D 日,M 碩士,6,109
1014,義守大學,07111021,生物技術與化學工程研究所,N 職,M 碩士,-,109
1014,義守大學,07112034,材料科學與工程學系,D 日,M 碩士,35,109
1014,義守大學,07141025,電機工程學系,D 日,M 碩士,29,109
1014,義守大學,07141025,電機工程學系,N 職,M 碩士,9,109
1014,義守大學,07141026,電子工程學系,D 日,M 碩士,30,109
1014,義守大學,07151030,機械與自動化工程學系,D 日,M 碩士,14,109
1014,義守大學,07151030,機械與自動化工程學系,N 職,M 碩士,4,109
1014,義守大學,07193037,生物醫學工程學系,D 日,M 碩士,16,109
1014,義守大學,07321032,土木與生態工程學系,D 日,M 碩士,8,109
1014,義守大學,09121040,學士後中醫學系,D 日,M 碩士,1,109
1014,義守大學,09131046,護理學系,D 日,M 碩士,48,109
1015,世新大學,02111018,廣播電視電影學系,D 日,M 碩士,82,109
1015,世新大學,02111018,廣播電視電影學系,N 職,M 碩士,41,109
1015,世新大學,02112004,數位多媒體設計學系,D 日,M 碩士,21,109
1015,世新大學,02322001,中國文學系,D 日,M 碩士,14,109
1015,世新大學,03111005,經濟學系,D 日,M 碩士,15,109
1015,世新大學,03111005,經濟學系,N 職,M 碩士,3,109
1015,世新大學,03141007,性別研究所,D 日,M 碩士,36,109
1015,世新大學,03141007,性別研究所,N 職,M 碩士,5,109
1015,世新大學,03141008,社會心理學系,D 日,M 碩士,7,109
1015,世新大學,03191006,社會發展研究所,D 日,M 碩士,22,109
1015,世新大學,03191006,社會發展研究所,N 職,M 碩士,1,109
1015,世新大學,03211015,傳播匯流與創新管理數位學習碩士在職專班,N 職,M 碩士,1,109
1015,世新大學,03212017,新聞學系,D 日,M 碩士,25,109
1015,世新大學,03212017,新聞學系,N 職,M 碩士,1,109
1015,世新大學,03214013,資訊傳播學系,D 日,M 碩士,15,109
1015,世新大學,03214013,資訊傳播學系,N 職,M 碩士,28,109
1015,世新大學,03214014,口語傳播學系,D 日,M 碩士,22,109
1015,世新大學,03214014,口語傳播學系,N 職,M 碩士,31,109
1015,世新大學,03214020,圖文傳播暨數位出版學系,D 日,M 碩士,14,109
1015,世新大學,03214020,圖文傳播暨數位出版學系,N 職,M 碩士,2,109
1015,世新大學,04121024,財務金融學系,D 日,M 碩士,11,109
1015,世新大學,04121024,財務金融學系,N 職,M 碩士,27,109
1015,世新大學,04121040,創新金融科技產業碩士專班,D 日,M 碩士,13,109
1015,世新大學,04131023,企業管理學系,D 日,M 碩士,17,109
1015,世新大學,04131023,企業管理學系,N 職,M 碩士,88,109
1015,世新大學,04131043,創新管理產業碩士專班,D 日,M 碩士,11,109
1015,世新大學,04134009,行政管理學系,D 日,M 碩士,20,109
1015,世新大學,04134009,行政管理學系,N 職,M 碩士,40,109
1015,世新大學,04134011,非營利與社會企業碩士在職學位學程,N 職,M 碩士,16,109
1015,世新大學,04143019,公共關係暨廣告學系,D 日,M 碩士,47,109
1015,世新大學,04143019,公共關係暨廣告學系,N 職,M 碩士,69,109
1015,世新大學,04199025,傳播管理學系,D 日,M 碩士,24,109
1015,世新大學,04199025,傳播管理學系,N 職,M 碩士,78,109
1015,世新大學,04212026,法律學系,D 日,M 碩士,45,109
1015,世新大學,04212026,法律學系,N 職,M 碩士,87,109
1015,世新大學,04212039,智慧財產暨傳播科技法律研究所,D 日,M 碩士,21,109
1015,世新大學,04212039,智慧財產暨傳播科技法律研究所,N 職,M 碩士,28,109
1015,世新大學,06111042,智能系統暨科技創新產業碩士專班,D 日,M 碩士,25,109
1015,世新大學,06131028,資訊管理學系,D 日,M 碩士,37,109
1015,世新大學,06131028,資訊管理學系,N 職,M 碩士,43,109
1015,世新大學,06199C01,文化創意暨數位內容產業碩士專班,D 日,M 碩士,-,109
1015,世新大學,06199C02,創新科技暨資訊應用產業碩士專班,D 日,M 碩士,-,109
1015,世新大學,10151029,觀光學系,D 日,M 碩士,22,109
1015,世新大學,10151029,觀光學系,N 職,M 碩士,66,109
1016,銘傳大學,01111052,教育研究所,D 日,M 碩士,19,109
1016,銘傳大學,01111052,教育研究所,N 職,M 碩士,191,109
1016,銘傳大學,01131042,華語文教學碩士學位學程,D 日,M 碩士,12,109
1016,銘傳大學,02112012,數位媒體設計學系,D 日,M 碩士,15,109
1016,銘傳大學,02112072,商業設計學系設計創作與研究碩士班,D 日,M 碩士,14,109
1016,銘傳大學,02123073,商品設計學系創新設計與管理碩士班,D 日,M 碩士,23,109
1016,銘傳大學,02123073,商品設計學系創新設計與管理碩士在職專班,N 職,M 碩士,14,109
1016,銘傳大學,02311010,應用日語學系,D 日,M 碩士,25,109
1016,銘傳大學,02311031,應用英語學系,D 日,M 碩士,9,109
1016,銘傳大學,02311031,應用英語學系,N 職,M 碩士,21,109
1016,銘傳大學,02322002,應用中國文學系,D 日,M 碩士,10,109
1016,銘傳大學,02322002,應用中國文學系,N 職,M 碩士,17,109
1016,銘傳大學,03122004,國際事務碩士學位學程(外國學生專班),D 日,M 碩士,16,109
1016,銘傳大學,03131054,諮商與工商心理學系,D 日,M 碩士,78,109
1016,銘傳大學,03141088,犯罪防治學系,D 日,M 碩士,15,109
1016,銘傳大學,03141088,犯罪防治學系兩岸與犯罪防治碩士在職專班,N 職,M 碩士,53,109
1016,銘傳大學,03213064,新媒體暨傳播管理學系,D 日,M 碩士,30,109
1016,銘傳大學,03213064,新媒體暨傳播管理學系,N 職,M 碩士,28,109
1016,銘傳大學,04111032,會計學系,D 日,M 碩士,15,109
1016,銘傳大學,04111032,會計學系,N 職,M 碩士,-,109
1016,銘傳大學,04121020,財務金融學系,D 日,M 碩士,28,109
1016,銘傳大學,04121020,財務金融學系,N 職,M 碩士,43,109
1016,銘傳大學,04121059,經濟與金融學系,D 日,M 碩士,5,109
1016,銘傳大學,04123056,風險管理與保險學系,D 日,M 碩士,22,109
1016,銘傳大學,04123056,風險管理與保險學系,N 職,M 碩士,16,109
1016,銘傳大學,04131036,企業管理學系,D 日,M 碩士,46,109
1016,銘傳大學,04131036,企業管理學系,N 職,M 碩士,53,109
1016,銘傳大學,04131061,國際企業學系,D 日,M 碩士,56,109
1016,銘傳大學,04131061,國際企業學系,N 職,M 碩士,27,109
1016,銘傳大學,04133022,醫療資訊與管理學系健康產業管理碩士班,D 日,M 碩士,12,109
1016,銘傳大學,04134006,公共事務學系,D 日,M 碩士,9,109
1016,銘傳大學,04134006,公共事務學系,N 職,M 碩士,41,109
1016,銘傳大學,04142054,諮商與工商心理學系,N 職,M 碩士,56,109
1016,銘傳大學,04199071,高階經理碩士在職學位學程,N 職,M 碩士,19,109
1016,銘傳大學,04199094,金融科技碩士學位學程,D 日,M 碩士,9,109
1016,銘傳大學,04211039,法律學系,D 日,M 碩士,45,109
1016,銘傳大學,04211039,法律學系,N 職,M 碩士,78,109
1016,銘傳大學,04212024,財金法律學系,D 日,M 碩士,37,109
1016,銘傳大學,05121009,生物科技學系,D 日,M 碩士,19,109
1016,銘傳大學,05421079,應用統計與資料科學學系,D 日,M 碩士,14,109
1016,銘傳大學,06131045,資訊管理學系,D 日,M 碩士,18,109
1016,銘傳大學,06131045,資訊管理學系,N 職,M 碩士,27,109
1016,銘傳大學,06132078,資訊傳播工程學系,D 日,M 碩士,13,109
1016,銘傳大學,06134050,電腦與通訊工程學系,D 日,M 碩士,16,109
1016,銘傳大學,07141025,電子工程學系,D 日,M 碩士,5,109
1016,銘傳大學,07141029,資訊工程學系,D 日,M 碩士,22,109
1016,銘傳大學,07311026,建築學系,D 日,M 碩士,19,109
1016,銘傳大學,07313048,都市規劃與防災學系,D 日,M 碩士,14,109
1016,銘傳大學,07313048,都市規劃與防災學系,N 職,M 碩士,21,109
1016,銘傳大學,10151033,觀光事業學系,D 日,M 碩士,23,109
1016,銘傳大學,10151033,觀光事業學系,N 職,M 碩士,67,109
1017,實踐大學,02112012,媒體傳達設計學系,D 日,M 碩士,50,109
1017,實踐大學,02112012,媒體傳達設計學系,N 職,M 碩士,-,109
1017,實踐大學,02123014,工業產品設計學系,D 日,M 碩士,77,109
1017,實踐大學,02123014,工業產品設計學系,N 職,M 碩士,11,109
1017,實踐大學,02125051,服裝設計學系,D 日,M 碩士,49,109
1017,實踐大學,02125051,服裝設計學系,N 職,M 碩士,33,109
1017,實踐大學,02151001,音樂學系,D 日,M 碩士,31,109
1017,實踐大學,02311004,應用外語學系英語溝通碩士班,D 日,M 碩士,4,109
1017,實踐大學,04121029,財務金融學系,D 日,M 碩士,16,109
1017,實踐大學,04131021,企業管理學系,D 日,M 碩士,16,109
1017,實踐大學,04131021,企業管理學系,N 職,M 碩士,32,109
1017,實踐大學,04131023,管理學院國際企業英語碩士學位學程,D 日,M 碩士,14,109
1017,實踐大學,05191043,食品營養與保健生技學系,D 日,M 碩士,21,109
1017,實踐大學,06131037,資訊科技與管理學系,D 日,M 碩士,12,109
1017,實踐大學,06131037,資訊科技與管理學系,N 職,M 碩士,9,109
1017,實踐大學,07311041,建築設計學系,D 日,M 碩士,29,109
1017,實踐大學,09211045,家庭研究與兒童發展學系高齡家庭服務事業碩士在職專班,N 職,M 碩士,34,109
1017,實踐大學,09221045,家庭研究與兒童發展學系家庭諮商與輔導碩士班,D 日,M 碩士,51,109
1017,實踐大學,09231044,社會工作學系,D 日,M 碩士,16,109
1017,實踐大學,10131046,餐飲管理學系餐飲產業創新碩士班,D 日,M 碩士,15,109
1018,朝陽科技大學,02112003,視覺傳達設計系,D 日,M 碩士,24,109
1018,朝陽科技大學,02123004,工業設計系,D 日,M 碩士,27,109
1018,朝陽科技大學,02123004,工業設計系,N 職,M 碩士,15,109
1018,朝陽科技大學,02311001,應用英語系,D 日,M 碩士,26,109
1018,朝陽科技大學,04111007,會計系,D 日,M 碩士,13,109
1018,朝陽科技大學,04121010,財務金融系,D 日,M 碩士,11,109
1018,朝陽科技大學,04121010,財務金融系,N 職,M 碩士,21,109
1018,朝陽科技大學,04123011,保險金融管理系,D 日,M 碩士,16,109
1018,朝陽科技大學,04123011,保險金融管理系,N 職,M 碩士,36,109
1018,朝陽科技大學,04131008,企業管理系,D 日,M 碩士,35,109
1018,朝陽科技大學,04131008,企業管理系,N 職,M 碩士,70,109
1018,朝陽科技大學,04132012,行銷與流通管理系,D 日,M 碩士,20,109
1018,朝陽科技大學,04199014,銀髮產業管理系,D 日,M 碩士,24,109
1018,朝陽科技大學,05311017,應用化學系,D 日,M 碩士,15,109
1018,朝陽科技大學,05311017,應用化學系,N 職,M 碩士,7,109
1018,朝陽科技大學,06131019,資訊管理系,D 日,M 碩士,54,109
1018,朝陽科技大學,06131019,資訊管理系,N 職,M 碩士,9,109
1018,朝陽科技大學,06132023,資訊與通訊系,D 日,M 碩士,51,109
1018,朝陽科技大學,07121027,環境工程與管理系,D 日,M 碩士,42,109
1018,朝陽科技大學,07121027,環境工程與管理系,N 職,M 碩士,15,109
1018,朝陽科技大學,07141020,資訊工程系,D 日,M 碩士,34,109
1018,朝陽科技大學,07141020,資訊工程系,N 職,M 碩士,9,109
1018,朝陽科技大學,07191026,工業工程與管理系,D 日,M 碩士,33,109
1018,朝陽科技大學,07191026,工業工程與管理系,N 職,M 碩士,17,109
1018,朝陽科技大學,07311028,建築系建築及都市設計碩士班,D 日,M 碩士,26,109
1018,朝陽科技大學,07312031,景觀及都市設計系,D 日,M 碩士,20,109
1018,朝陽科技大學,07321025,營建工程系,D 日,M 碩士,36,109
1018,朝陽科技大學,07321025,營建工程系,N 職,M 碩士,13,109
1018,朝陽科技大學,09221035,幼兒保育系,D 日,M 碩士,49,109
1018,朝陽科技大學,09221035,幼兒保育系,N 職,M 碩士,83,109
1018,朝陽科技大學,09231034,社會工作系,D 日,M 碩士,29,109
1018,朝陽科技大學,09231034,社會工作系,N 職,M 碩士,22,109
1018,朝陽科技大學,10152036,休閒事業管理系,D 日,M 碩士,44,109
1018,朝陽科技大學,10152036,休閒事業管理系,N 職,M 碩士,49,109
1019,高雄醫學大學,03131002,心理學系,D 日,M 碩士,81,109
1019,高雄醫學大學,03141001,性別研究所,D 日,M 碩士,35,109
1019,高雄醫學大學,04133003,醫務管理暨醫療資訊學系,D 日,M 碩士,29,109
1019,高雄醫學大學,04133003,醫務管理暨醫療資訊學系,N 職,M 碩士,53,109
1019,高雄醫學大學,05111016,生物醫學暨環境生物學系,D 日,M 碩士,19,109
1019,高雄醫學大學,05121005,生物科技學系,D 日,M 碩士,6,109
1019,高雄醫學大學,05311017,醫藥暨應用化學系,D 日,M 碩士,27,109
1019,高雄醫學大學,09111044,牙醫學系,D 日,M 碩士,16,109
1019,高雄醫學大學,09111044,牙醫學系,N 職,M 碩士,8,109
1019,高雄醫學大學,09111046,口腔衛生學系,D 日,M 碩士,6,109
1019,高雄醫學大學,09111046,口腔衛生學系,N 職,M 碩士,26,109
1019,高雄醫學大學,09121011,醫學研究所,D 日,M 碩士,83,109
1019,高雄醫學大學,09121018,臨床醫學研究所,D 日,M 碩士,36,109
1019,高雄醫學大學,09121019,熱帶醫學碩士學位學程,D 日,M 碩士,12,109
1019,高雄醫學大學,09131032,護理學系,D 日,M 碩士,85,109
1019,高雄醫學大學,09141036,醫學檢驗生物技術學系,D 日,M 碩士,21,109
1019,高雄醫學大學,09141037,醫學影像暨放射科學系,D 日,M 碩士,7,109
1019,高雄醫學大學,09141037,醫學影像暨放射科學系,N 職,M 碩士,23,109
1019,高雄醫學大學,09151028,物理治療學系,D 日,M 碩士,16,109
1019,高雄醫學大學,09152029,職能治療學系,D 日,M 碩士,6,109
1019,高雄醫學大學,09152029,職能治療學系,N 職,M 碩士,8,109
1019,高雄醫學大學,09159030,運動醫學系,D 日,M 碩士,25,109
1019,高雄醫學大學,09159030,運動醫學系,N 職,M 碩士,61,109
1019,高雄醫學大學,09161024,藥學系,D 日,M 碩士,51,109
1019,高雄醫學大學,09161024,藥學系,N 職,M 碩士,36,109
1019,高雄醫學大學,09161026,天然藥物研究所,D 日,M 碩士,16,109
1019,高雄醫學大學,09161027,香粧品學系,D 日,M 碩士,17,109
1019,高雄醫學大學,09161047,毒理學碩士學位學程,D 日,M 碩士,4,109
1019,高雄醫學大學,09191021,公共衛生學系,D 日,M 碩士,32,109
1019,高雄醫學大學,09211048,高齡長期照護碩士學位學程,D 日,M 碩士,49,109
1019,高雄醫學大學,09231049,醫學社會學與社會工作學系,D 日,M 碩士,33,109
1020,南華大學,01121001,幼兒教育學系,D 日,M 碩士,14,109
1020,南華大學,02111059,視覺藝術與設計學系,D 日,M 碩士,21,109
1020,南華大學,02122062,產品與室內設計學系,D 日,M 碩士,18,109
1020,南華大學,02151003,民族音樂學系,D 日,M 碩士,36,109
1020,南華大學,02211010,宗教學研究所,D 日,M 碩士,50,109
1020,南華大學,02211010,宗教學研究所,N 職,M 碩士,37,109
1020,南華大學,02299011,生死學系,D 日,M 碩士,93,109
1020,南華大學,02299011,生死學系,N 職,M 碩士,143,109
1020,南華大學,02299C01,殯葬行銷管理產業碩士專班,D 日,M 碩士,-,109
1020,南華大學,02322009,文學系,D 日,M 碩士,22,109
1020,南華大學,02322009,文學系,N 職,M 碩士,30,109
1020,南華大學,03122019,國際事務與企業學系亞太研究碩士班(含歐洲研究碩士班),D 日,M 碩士,49,109
1020,南華大學,03141017,應用社會學系社會學碩士班,D 日,M 碩士,24,109
1020,南華大學,03214026,傳播學系,D 日,M 碩士,21,109
1020,南華大學,04121031,財務金融學系財務管理碩士班,D 日,M 碩士,16,109
1020,南華大學,04121031,財務金融學系財務管理碩士在職專班,N 職,M 碩士,17,109
1020,南華大學,04131029,企業管理學系管理科學碩士班,D 日,M 碩士,59,109
1020,南華大學,04131029,企業管理越南境外碩士在職專班,N 職,M 碩士,40,109
1020,南華大學,04199033,文化創意事業管理學系,D 日,M 碩士,21,109
1020,南華大學,04199033,文化創意事業管理學系,N 職,M 碩士,25,109
1020,南華大學,05211060,科技學院永續綠色科技碩士學位學程,D 日,M 碩士,49,109
1020,南華大學,06131042,資訊管理學系,D 日,M 碩士,17,109
1020,南華大學,06131042,資訊管理學系,N 職,M 碩士,40,109
1020,南華大學,07311045,建築與景觀學系,D 日,M 碩士,24,109
1020,南華大學,07311045,建築與景觀學系環境藝術碩士在職專班,N 職,M 碩士,1,109
1020,南華大學,09171040,自然生物科技學系自然療癒碩士班,D 日,M 碩士,42,109
1020,南華大學,09171040,自然生物科技學系自然療癒碩士在職專班,N 職,M 碩士,40,109
1020,南華大學,10151048,旅遊管理學系旅遊管理碩士班,D 日,M 碩士,25,109
1020,南華大學,10151048,旅遊管理學系旅遊管理碩士在職專班,N 職,M 碩士,25,109
1021,真理大學,02211064,宗教文化與資訊管理學系,D 日,M 碩士,26,109
1021,真理大學,02211064,宗教文化與資訊管理學系,N 職,M 碩士,10,109
1021,真理大學,03111014,經濟學系,D 日,M 碩士,12,109
1021,真理大學,04131020,企業管理學系,D 日,M 碩士,11,109
1021,真理大學,04131020,企業管理學系,N 職,M 碩士,11,109
1021,真理大學,04199057,運動管理學系,D 日,M 碩士,7,109
1021,真理大學,04211031,法律學系,D 日,M 碩士,23,109
1021,真理大學,05499065,統計資訊與精算學系,D 日,M 碩士,10,109
1021,真理大學,06132041,資訊工程學系,D 日,M 碩士,10,109
1021,真理大學,10151044,觀光事業學系,D 日,M 碩士,18,109
1021,真理大學,10152046,休閒遊憩事業學系,D 日,M 碩士,1,109
1021,真理大學,10152063,農業暨休閒產業研究所,D 日,M 碩士,-,109
1022,大同大學,02112004,媒體設計學系,D 日,M 碩士,17,109
1022,大同大學,02123005,工業設計學系,D 日,M 碩士,39,109
1022,大同大學,02123005,工業設計學系,N 職,M 碩士,23,109
1022,大同大學,04131007,事業經營學系,D 日,M 碩士,12,109
1022,大同大學,04131007,事業經營學系,N 職,M 碩士,33,109
1022,大同大學,06131006,資訊經營學系,D 日,M 碩士,7,109
1022,大同大學,06131006,資訊經營學系,N 職,M 碩士,14,109
1022,大同大學,06131012,資訊工程學系,D 日,M 碩士,26,109
1022,大同大學,06131012,資訊工程學系,N 職,M 碩士,13,109
1022,大同大學,07111021,化學工程與生物科技學系,D 日,M 碩士,38,109
1022,大同大學,07111021,化學工程與生物科技學系,N 職,M 碩士,9,109
1022,大同大學,07112016,材料工程學系,D 日,M 碩士,26,109
1022,大同大學,07141010,電機工程學系,D 日,M 碩士,41,109
1022,大同大學,07141010,電機工程學系,N 職,M 碩士,27,109
1022,大同大學,07141013,通訊工程研究所,D 日,M 碩士,2,109
1022,大同大學,07141013,通訊工程研究所,N 職,M 碩士,4,109
1022,大同大學,07151014,機械工程學系,D 日,M 碩士,20,109
1022,大同大學,07151014,機械工程學系,N 職,M 碩士,-,109
1022,大同大學,07194019,工程管理學位學程碩士在職專班,N 職,M 碩士,6,109
1023,南臺科技大學,01114002,教育領導與評鑑研究所,D 日,M 碩士,32,109
1023,南臺科技大學,01114002,教育領導與評鑑研究所,N 職,M 碩士,49,109
1023,南臺科技大學,02112008,視覺傳達設計系,D 日,M 碩士,37,109
1023,南臺科技大學,02123010,創新產品設計系,D 日,M 碩士,31,109
1023,南臺科技大學,02311005,應用英語系,D 日,M 碩士,24,109
1023,南臺科技大學,02311005,應用英語系,N 職,M 碩士,14,109
1023,南臺科技大學,02311006,應用日語系,D 日,M 碩士,33,109
1023,南臺科技大學,03214011,資訊傳播系,D 日,M 碩士,28,109
1023,南臺科技大學,04111013,會計資訊系,D 日,M 碩士,13,109
1023,南臺科技大學,04121021,財務金融系,D 日,M 碩士,11,109
1023,南臺科技大學,04131015,企業管理系,D 日,M 碩士,24,109
1023,南臺科技大學,04131015,企業管理系,N 職,M 碩士,50,109
1023,南臺科技大學,04131017,國際企業系,D 日,M 碩士,2,109
1023,南臺科技大學,04131029,高階主管企管碩士在職專班,N 職,M 碩士,47,109
1023,南臺科技大學,04132024,行銷與流通管理系,D 日,M 碩士,21,109
1023,南臺科技大學,04132024,行銷與流通管理系,N 職,M 碩士,38,109
1023,南臺科技大學,04199060,工業管理與資訊系工業管理碩士班,D 日,M 碩士,8,109
1023,南臺科技大學,04199060,工業管理與資訊系工業管理碩士在職專班,N 職,M 碩士,23,109
1023,南臺科技大學,04199064,全球經營管理碩士班,D 日,M 碩士,85,109
1023,南臺科技大學,04212033,財經法律研究所,D 日,M 碩士,24,109
1023,南臺科技大學,04212033,財經法律研究所,N 職,M 碩士,38,109
1023,南臺科技大學,05121063,生物與食品科技系,D 日,M 碩士,25,109
1023,南臺科技大學,05121063,生物與食品科技系,N 職,M 碩士,2,109
1023,南臺科技大學,06131036,資訊管理系,D 日,M 碩士,28,109
1023,南臺科技大學,06131036,資訊管理系,N 職,M 碩士,25,109
1023,南臺科技大學,06131043,資訊工程系,D 日,M 碩士,22,109
1023,南臺科技大學,06132038,多媒體與電腦娛樂科學系,D 日,M 碩士,47,109
1023,南臺科技大學,06134061,大數據分析碩士學位學程,N 職,M 碩士,17,109
1023,南臺科技大學,07111048,化學工程與材料工程系,D 日,M 碩士,30,109
1023,南臺科技大學,07141039,電機工程系,D 日,M 碩士,48,109
1023,南臺科技大學,07141039,電機工程系,N 職,M 碩士,1,109
1023,南臺科技大學,07141040,電子工程系,D 日,M 碩士,84,109
1023,南臺科技大學,07141042,光電工程系,D 日,M 碩士,19,109
1023,南臺科技大學,07151045,機械工程系,D 日,M 碩士,55,109
1023,南臺科技大學,10131056,餐旅管理系,D 日,M 碩士,23,109
1023,南臺科技大學,10152058,休閒事業管理系,D 日,M 碩士,39,109
1023,南臺科技大學,10152058,休閒事業管理系,N 職,M 碩士,48,109
1024,崑山科技大學,02111009,視訊傳播設計系媒體藝術碩士班,D 日,M 碩士,27,109
1024,崑山科技大學,02112004,視覺傳達設計系,D 日,M 碩士,19,109
1024,崑山科技大學,02112004,視覺傳達設計系,N 職,M 碩士,9,109
1024,崑山科技大學,02122007,空間設計系環境設計碩士班,D 日,M 碩士,12,109
1024,崑山科技大學,04131015,企業管理系,D 日,M 碩士,61,109
1024,崑山科技大學,04131015,企業管理系,N 職,M 碩士,53,109
1024,崑山科技大學,04141017,國際貿易系_國際商務經營管理產業碩士專班,D 日,M 碩士,6,109
1024,崑山科技大學,04141049,全球商務與行銷系國際商務與金融碩士班,D 日,M 碩士,11,109
1024,崑山科技大學,04199022,房地產開發與管理系,D 日,M 碩士,53,109
1024,崑山科技大學,06131023,資訊管理系,D 日,M 碩士,16,109
1024,崑山科技大學,06131023,資訊管理系,N 職,M 碩士,25,109
1024,崑山科技大學,06131028,資訊工程系碩士班,D 日,M 碩士,13,109
1024,崑山科技大學,06131028,資訊工程系碩士在職專班,N 職,M 碩士,2,109
1024,崑山科技大學,07112034,材料工程系,D 日,M 碩士,3,109
1024,崑山科技大學,07112034,材料工程系,N 職,M 碩士,12,109
1024,崑山科技大學,07121038,環境工程系,D 日,M 碩士,12,109
1024,崑山科技大學,07121038,環境工程系,N 職,M 碩士,11,109
1024,崑山科技大學,07141025,電機工程系,D 日,M 碩士,15,109
1024,崑山科技大學,07141025,電機工程系,N 職,M 碩士,18,109
1024,崑山科技大學,07141026,電子工程系,D 日,M 碩士,8,109
1024,崑山科技大學,07141026,電子工程系,N 職,M 碩士,5,109
1024,崑山科技大學,07141029,電腦與通訊系,D 日,M 碩士,-,109
1024,崑山科技大學,07141051,智慧機器人工程系,D 日,M 碩士,1,109
1024,崑山科技大學,07141051,智慧機器人工程系,N 職,M 碩士,1,109
1024,崑山科技大學,07151030,機械工程系,D 日,M 碩士,48,109
1024,崑山科技大學,07151030,機械工程系,N 職,M 碩士,20,109
1025,嘉南藥理大學,02299001,儒學研究所,D 日,M 碩士,13,109
1025,嘉南藥理大學,04133003,醫務管理系,D 日,M 碩士,34,109
1025,嘉南藥理大學,04133003,醫務管理系,N 職,M 碩士,58,109
1025,嘉南藥理大學,05121005,生物科技系,D 日,M 碩士,2,109
1025,嘉南藥理大學,05121005,生物科技系,N 職,M 碩士,2,109
1025,嘉南藥理大學,05191015,保健營養系,D 日,M 碩士,15,109
1025,嘉南藥理大學,05191015,保健營養系,N 職,M 碩士,2,109
1025,嘉南藥理大學,05211027,環境資源管理系,D 日,M 碩士,18,109
1025,嘉南藥理大學,06134007,應用空間資訊系,D 日,M 碩士,3,109
1025,嘉南藥理大學,07121009,環境工程與科學系,D 日,M 碩士,23,109
1025,嘉南藥理大學,07121009,環境工程與科學系,N 職,M 碩士,20,109
1025,嘉南藥理大學,09161012,藥學系,D 日,M 碩士,15,109
1025,嘉南藥理大學,09161012,藥學系,N 職,M 碩士,13,109
1025,嘉南藥理大學,10121024,化粧品應用與管理系化粧品科技碩士班,D 日,M 碩士,36,109
1025,嘉南藥理大學,10121024,化粧品應用與管理系化粧品科技碩士班,N 職,M 碩士,23,109
1025,嘉南藥理大學,10151020,觀光事業管理系溫泉產業碩士班,D 日,M 碩士,2,109
1025,嘉南藥理大學,10151020,觀光事業管理系溫泉產業碩士班,N 職,M 碩士,28,109
1025,嘉南藥理大學,10152021,休閒保健管理系,D 日,M 碩士,24,109
1025,嘉南藥理大學,10221011,職業安全衛生系產業安全衛生與防災碩士班,D 日,M 碩士,3,109
1025,嘉南藥理大學,10221011,職業安全衛生系產業安全衛生與防災碩士班,N 職,M 碩士,48,109
1026,樹德科技大學,02112009,視覺傳達設計系,N 職,M 碩士,21,109
1026,樹德科技大學,02122005,應用設計研究所,D 日,M 碩士,38,109
1026,樹德科技大學,02122005,應用設計研究所,N 職,M 碩士,13,109
1026,樹德科技大學,02123010,生活產品設計系,N 職,M 碩士,18,109
1026,樹德科技大學,02124012,建築與室內設計研究所,D 日,M 碩士,18,109
1026,樹德科技大學,02124012,建築與室內設計研究所,N 職,M 碩士,34,109
1026,樹德科技大學,04121026,金融管理系,D 日,M 碩士,20,109
1026,樹德科技大學,04121026,金融管理系,N 職,M 碩士,50,109
1026,樹德科技大學,04131017,經營管理研究所,D 日,M 碩士,33,109
1026,樹德科技大學,04131017,經營管理研究所,N 職,M 碩士,90,109
1026,樹德科技大學,04141021,會展管理與貿易行銷碩士學位學程,N 職,M 碩士,22,109
1026,樹德科技大學,06121032,資訊管理系,D 日,M 碩士,10,109
1026,樹德科技大學,06121032,資訊管理系,N 職,M 碩士,29,109
1026,樹德科技大學,06131033,資訊工程系,D 日,M 碩士,15,109
1026,樹德科技大學,06131033,資訊工程系資訊技術與管理數位學習碩士在職專班,N 職,M 碩士,39,109
1026,樹德科技大學,07141034,電腦與通訊系,D 日,M 碩士,31,109
1026,樹德科技大學,09221038,兒童與家庭服務系,D 日,M 碩士,27,109
1026,樹德科技大學,09221038,兒童與家庭服務系,N 職,M 碩士,19,109
1026,樹德科技大學,99999045,人類性學研究所,D 日,M 碩士,57,109
1026,樹德科技大學,99999045,人類性學研究所,N 職,M 碩士,89,109
1027,慈濟大學,01111001,教育研究所,D 日,M 碩士,22,109
1027,慈濟大學,01111001,教育研究所,N 職,M 碩士,29,109
1027,慈濟大學,02211005,宗教與人文研究所,D 日,M 碩士,28,109
1027,慈濟大學,02322004,東方語文學系,D 日,M 碩士,8,109
1027,慈濟大學,03131008,人類發展與心理學系,D 日,M 碩士,38,109
1027,慈濟大學,03214009,傳播學系,D 日,M 碩士,15,109
1027,慈濟大學,05111010,生命科學系,D 日,M 碩士,16,109
1027,慈濟大學,05121012,分子生物暨人類遺傳學系,D 日,M 碩士,21,109
1027,慈濟大學,06133032,醫學資訊學系,D 日,M 碩士,27,109
1027,慈濟大學,09121015,醫學系生物化學碩士班(含生理醫學碩士班),D 日,M 碩士,31,109
1027,慈濟大學,09131028,護理學系,D 日,M 碩士,53,109
1027,慈濟大學,09141031,醫學檢驗生物技術學系醫學生物技術碩士班,D 日,M 碩士,18,109
1027,慈濟大學,09151027,物理治療學系,D 日,M 碩士,10,109
1027,慈濟大學,09191024,公共衛生學系,D 日,M 碩士,37,109
1027,慈濟大學,09231034,社會工作學系,D 日,M 碩士,20,109
1028,臺北醫學大學,03131057,心智意識與腦科學研究所,D 日,M 碩士,10,109
1028,臺北醫學大學,03199001,醫學人文研究所,D 日,M 碩士,13,109
1028,臺北醫學大學,04133002,醫務管理學系,D 日,M 碩士,31,109
1028,臺北醫學大學,04133002,醫務管理學系,N 職,M 碩士,24,109
1028,臺北醫學大學,04199050,管理學院生物科技高階管理碩士在職專班,N 職,M 碩士,33,109
1028,臺北醫學大學,04212003,醫療暨生物科技法律研究所,D 日,M 碩士,16,109
1028,臺北醫學大學,05121016,醫學科學研究所,D 日,M 碩士,57,109
1028,臺北醫學大學,05191032,保健營養學系,D 日,M 碩士,43,109
1028,臺北醫學大學,05191032,保健營養學系,N 職,M 碩士,29,109
1028,臺北醫學大學,06131042,醫學資訊研究所,D 日,M 碩士,30,109
1028,臺北醫學大學,06131042,醫學資訊研究所,N 職,M 碩士,28,109
1028,臺北醫學大學,06199051,大數據科技及管理研究所,D 日,M 碩士,18,109
1028,臺北醫學大學,06199059,智慧數據應用產業碩士專班,D 日,M 碩士,7,109
1028,臺北醫學大學,07193008,生醫材料暨組織工程研究所,D 日,M 碩士,23,109
1028,臺北醫學大學,07193010,奈米醫學工程研究所,D 日,M 碩士,13,109
1028,臺北醫學大學,07193053,生醫光機電研究所,D 日,M 碩士,11,109
1028,臺北醫學大學,07211012,食品安全碩士學位學程,D 日,M 碩士,12,109
1028,臺北醫學大學,09111044,牙醫學系,D 日,M 碩士,30,109
1028,臺北醫學大學,09111045,牙體技術學系,D 日,M 碩士,12,109
1028,臺北醫學大學,09121014,臨床醫學研究所,D 日,M 碩士,14,109
1028,臺北醫學大學,09121014,臨床醫學研究所應用實證醫學碩士在職專班,N 職,M 碩士,16,109
1028,臺北醫學大學,09121019,國際醫學研究碩士學位學程,D 日,M 碩士,8,109
1028,臺北醫學大學,09131037,護理學系,D 日,M 碩士,56,109
1028,臺北醫學大學,09131037,護理學系,N 職,M 碩士,93,109
1028,臺北醫學大學,09141041,醫學檢驗暨生物技術學系,D 日,M 碩士,18,109
1028,臺北醫學大學,09141041,醫學檢驗暨生物技術學系,N 職,M 碩士,20,109
1028,臺北醫學大學,09141058,醫學院人工智慧醫療碩士在職專班,N 職,M 碩士,29,109
1028,臺北醫學大學,09161024,藥學系,D 日,M 碩士,63,109
1028,臺北醫學大學,09161024,藥學系臨床藥學碩士在職專班,N 職,M 碩士,33,109
1028,臺北醫學大學,09161026,生藥學研究所,D 日,M 碩士,19,109
1028,臺北醫學大學,09161028,癌症生物學與藥物研發研究所,D 日,M 碩士,10,109
1028,臺北醫學大學,09161029,臨床藥物基因體學暨蛋白質體學碩士學位學程,D 日,M 碩士,8,109
1028,臺北醫學大學,09191020,公共衛生學系,D 日,M 碩士,20,109
1028,臺北醫學大學,09191022,傷害防治學研究所,D 日,M 碩士,23,109
1028,臺北醫學大學,09191022,傷害防治學研究所失能暨復健碩士在職專班,N 職,M 碩士,2,109
1028,臺北醫學大學,09191023,全球衛生暨發展碩士學位學程,D 日,M 碩士,9,109
1028,臺北醫學大學,09191055,應用分子流行病學碩士學位學程,D 日,M 碩士,4,109
1028,臺北醫學大學,09199035,呼吸治療學系,D 日,M 碩士,14,109
1028,臺北醫學大學,09199052,代謝與肥胖科學研究所,D 日,M 碩士,15,109
1028,臺北醫學大學,09211049,高齡健康管理學系,D 日,M 碩士,15,109
1028,臺北醫學大學,09212034,長期照護碩士學位學程,D 日,M 碩士,22,109
1029,中山醫學大學,03131004,心理學系臨床心理學碩士班,D 日,M 碩士,73,109
1029,中山醫學大學,04133006,醫療產業科技管理學系,D 日,M 碩士,14,109
1029,中山醫學大學,04133006,醫療產業科技管理學系,N 職,M 碩士,1,109
1029,中山醫學大學,05123013,生化微生物免疫研究所,D 日,M 碩士,-,109
1029,中山醫學大學,05123013,生化微生物免疫研究所,N 職,M 碩士,-,109
1029,中山醫學大學,05124012,生物醫學科學學系,D 日,M 碩士,15,109
1029,中山醫學大學,05191026,營養學系,D 日,M 碩士,42,109
1029,中山醫學大學,05191026,營養學系,N 職,M 碩士,-,109
1029,中山醫學大學,05399015,醫學應用化學系,D 日,M 碩士,9,109
1029,中山醫學大學,06131033,醫學資訊學系,D 日,M 碩士,10,109
1029,中山醫學大學,09111038,牙醫學系,D 日,M 碩士,19,109
1029,中山醫學大學,09111039,口腔科學研究所,D 日,M 碩士,15,109
1029,中山醫學大學,09121018,醫學研究所,D 日,M 碩士,75,109
1029,中山醫學大學,09121018,醫學研究所,N 職,M 碩士,7,109
1029,中山醫學大學,09131028,護理學系,D 日,M 碩士,51,109
1029,中山醫學大學,09131028,護理學系長期照護碩士在職專班,N 職,M 碩士,62,109
1029,中山醫學大學,09141030,醫學檢驗暨生物技術學系,D 日,M 碩士,7,109
1029,中山醫學大學,09141030,醫學檢驗暨生物技術學系,N 職,M 碩士,2,109
1029,中山醫學大學,09141031,醫學影像暨放射科學系,D 日,M 碩士,20,109
1029,中山醫學大學,09141032,視光學系,D 日,M 碩士,29,109
1029,中山醫學大學,09151022,物理治療學系,D 日,M 碩士,11,109
1029,中山醫學大學,09152023,職能治療學系,D 日,M 碩士,14,109
1029,中山醫學大學,09153024,語言治療與聽力學系,D 日,M 碩士,39,109
1029,中山醫學大學,09191020,公共衛生學系,D 日,M 碩士,18,109
1029,中山醫學大學,09199048,健康管理學院國際健康產業經營管理碩士在職專班,N 職,M 碩士,87,109
1029,中山醫學大學,09231045,醫學社會暨社會工作學系,D 日,M 碩士,30,109
1029,中山醫學大學,10131046,健康餐飲暨產業管理學系,D 日,M 碩士,15,109
1029,中山醫學大學,10221021,職業安全衛生學系,D 日,M 碩士,8,109
1029,中山醫學大學,10221021,職業安全衛生學系,N 職,M 碩士,3,109
1030,龍華科技大學,02112011,多媒體與遊戲發展科學系,D 日,M 碩士,22,109
1030,龍華科技大學,04131004,企業管理系,D 日,M 碩士,68,109
1030,龍華科技大學,04131004,企業管理系,N 職,M 碩士,57,109
1030,龍華科技大學,06131009,資訊管理系,D 日,M 碩士,22,109
1030,龍華科技大學,06131009,資訊管理系,N 職,M 碩士,19,109
1030,龍華科技大學,06131015,資訊網路工程系,D 日,M 碩士,22,109
1030,龍華科技大學,07111018,化工與材料工程系,D 日,M 碩士,30,109
1030,龍華科技大學,07141013,電機工程系,D 日,M 碩士,24,109
1030,龍華科技大學,07141014,電子工程系,D 日,M 碩士,44,109
1030,龍華科技大學,07151016,機械工程系,D 日,M 碩士,40,109
1030,龍華科技大學,07151016,機械工程系,N 職,M 碩士,36,109
1030,龍華科技大學,10151001,應用外語系國際觀光與會展碩士班,D 日,M 碩士,18,109
1031,輔英科技大學,04133003,健康事業管理系碩士班,D 日,M 碩士,13,109
1031,輔英科技大學,05121006,生物科技系,D 日,M 碩士,18,109
1031,輔英科技大學,05191018,保健營養系,D 日,M 碩士,25,109
1031,輔英科技大學,07121012,環境工程與科學系,D 日,M 碩士,29,109
1031,輔英科技大學,09131019,護理系,D 日,M 碩士,57,109
1031,輔英科技大學,09131019,護理系,N 職,M 碩士,103,109
1031,輔英科技大學,09141024,醫學檢驗生物技術系,D 日,M 碩士,17,109
1032,明新科技大學,04131003,管理研究所,D 日,M 碩士,48,109
1032,明新科技大學,04131003,管理研究所,N 職,M 碩士,162,109
1032,明新科技大學,06131009,資訊管理系,D 日,M 碩士,15,109
1032,明新科技大學,07111022,化學工程與材料科技系,D 日,M 碩士,26,109
1032,明新科技大學,07111022,化學工程與材料科技系,N 職,M 碩士,15,109
1032,明新科技大學,07141011,電機工程系,D 日,M 碩士,29,109
1032,明新科技大學,07141011,電機工程系,N 職,M 碩士,24,109
1032,明新科技大學,07141012,電子工程系,D 日,M 碩士,10,109
1032,明新科技大學,07141012,電子工程系,N 職,M 碩士,24,109
1032,明新科技大學,07141037,光電工程系,D 日,M 碩士,19,109
1032,明新科技大學,07151016,機械工程系精密機電工程碩士班,D 日,M 碩士,18,109
1032,明新科技大學,07151016,機械工程系精密機電工程碩士班,N 職,M 碩士,13,109
1032,明新科技大學,07191024,工業工程與管理系,D 日,M 碩士,14,109
1032,明新科技大學,07191024,工業工程與管理系,N 職,M 碩士,31,109
1032,明新科技大學,07321020,土木工程與環境資源管理系,D 日,M 碩士,13,109
1032,明新科技大學,07321020,土木工程與環境資源管理系,N 職,M 碩士,17,109
1032,明新科技大學,10199035,服務產業暨管理研究所,D 日,M 碩士,31,109
1033,長榮大學,02131001,美術學系,D 日,M 碩士,30,109
1033,長榮大學,02211011,神學系,D 日,M 碩士,20,109
1033,長榮大學,02221020,台灣研究所,D 日,M 碩士,2,109
1033,長榮大學,02311005,應用日語學系,D 日,M 碩士,2,109
1033,長榮大學,02312007,翻譯學系,D 日,M 碩士,16,109
1033,長榮大學,02312007,翻譯學系,N 職,M 碩士,14,109
1033,長榮大學,04131026,經營管理研究所,D 日,M 碩士,38,109
1033,長榮大學,04131033,高階管理碩士在職專班,N 職,M 碩士,38,109
1033,長榮大學,04133031,醫務管理學系,D 日,M 碩士,17,109
1033,長榮大學,04133031,醫務管理學系,N 職,M 碩士,6,109
1033,長榮大學,04134080,應用社會科學碩士在職學位學程,N 職,M 碩士,7,109
1033,長榮大學,06111072,資訊暨設計碩士學位學程,D 日,M 碩士,16,109
1033,長榮大學,07313042,土地管理與開發學系,D 日,M 碩士,7,109
1033,長榮大學,07313042,土地管理與開發學系,N 職,M 碩士,3,109
1033,長榮大學,09121044,醫學研究所,D 日,M 碩士,14,109
1033,長榮大學,09131049,護理學系,D 日,M 碩士,66,109
1033,長榮大學,09231055,社會工作學系,D 日,M 碩士,30,109
1033,長榮大學,10141058,運動競技學系,D 日,M 碩士,21,109
1033,長榮大學,10221045,職業安全與衛生學系,D 日,M 碩士,17,109
1033,長榮大學,10221045,職業安全與衛生學系,N 職,M 碩士,54,109
1033,長榮大學,10412061,航運管理學系,D 日,M 碩士,12,109
1034,弘光科技大學,04133005,健康事業管理系,D 日,M 碩士,23,109
1034,弘光科技大學,05121008,生物科技系,D 日,M 碩士,9,109
1034,弘光科技大學,05191024,營養醫學研究所,D 日,M 碩士,11,109
1034,弘光科技大學,06131011,資訊工程系智慧型輔助科技碩士班,D 日,M 碩士,2,109
1034,弘光科技大學,07121012,環境工程研究所,D 日,M 碩士,14,109
1034,弘光科技大學,07121012,環境工程研究所,N 職,M 碩士,12,109
1034,弘光科技大學,07211017,食品科技系,D 日,M 碩士,15,109
1034,弘光科技大學,07211017,食品科技系,N 職,M 碩士,13,109
1034,弘光科技大學,09131025,護理系,D 日,M 碩士,46,109
1034,弘光科技大學,09131025,護理系,N 職,M 碩士,47,109
1034,弘光科技大學,09211037,老人福利與長期照顧事業系,D 日,M 碩士,25,109
1034,弘光科技大學,10121031,化妝品應用系,D 日,M 碩士,24,109
1034,弘光科技大學,10121031,化妝品應用系,N 職,M 碩士,20,109
1034,弘光科技大學,10221035,職業安全與防災研究所,D 日,M 碩士,17,109
1035,中國醫藥大學,04133029,醫務管理學系,D 日,M 碩士,40,109
1035,中國醫藥大學,04133029,醫務管理學系,N 職,M 碩士,51,109
1035,中國醫藥大學,04133058,科技管理碩士學位學程,D 日,M 碩士,3,109
1035,中國醫藥大學,04212057,科技法律碩士學位學程,D 日,M 碩士,13,109
1035,中國醫藥大學,05121043,生物科技學系,D 日,M 碩士,13,109
1035,中國醫藥大學,05191021,營養學系,D 日,M 碩士,45,109
1035,中國醫藥大學,06134060,數位健康創新碩士學位學程,D 日,M 碩士,3,109
1035,中國醫藥大學,07193031,生物醫學工程碩士學位學程,D 日,M 碩士,8,109
1035,中國醫藥大學,08411012,中獸醫碩士學位學程,D 日,M 碩士,3,109
1035,中國醫藥大學,09111019,牙醫學系,D 日,M 碩士,17,109
1035,中國醫藥大學,09121003,生物醫學研究所,D 日,M 碩士,51,109
1035,中國醫藥大學,09121006,基礎醫學研究所,D 日,M 碩士,1,109
1035,中國醫藥大學,09121014,中醫學系,D 日,M 碩士,9,109
1035,中國醫藥大學,09121020,國際生物醫學碩士學位學程,D 日,M 碩士,12,109
1035,中國醫藥大學,09121046,中西醫結合研究所,D 日,M 碩士,6,109
1035,中國醫藥大學,09131045,護理學系,D 日,M 碩士,53,109
1035,中國醫藥大學,09141017,醫學檢驗生物技術學系,D 日,M 碩士,15,109
1035,中國醫藥大學,09141032,生物醫學影像暨放射科學學系,D 日,M 碩士,8,109
1035,中國醫藥大學,09151010,物理治療學系復健科學碩士班,D 日,M 碩士,17,109
1035,中國醫藥大學,09161015,新藥開發研究所,D 日,M 碩士,9,109
1035,中國醫藥大學,09161034,藥學系,D 日,M 碩士,25,109
1035,中國醫藥大學,09161039,中國藥學暨中藥資源學系,D 日,M 碩士,11,109
1035,中國醫藥大學,09161042,藥用化妝品學系,D 日,M 碩士,22,109
1035,中國醫藥大學,09161050,製藥碩士學位學程,D 日,M 碩士,16,109
1035,中國醫藥大學,09171013,針灸研究所,D 日,M 碩士,9,109
1035,中國醫藥大學,09171048,國際針灸碩士學位學程,D 日,M 碩士,4,109
1035,中國醫藥大學,09191026,公共衛生學系,D 日,M 碩士,42,109
1035,中國醫藥大學,09199045,護理學系跨領域長期照護碩士在職專班,N 職,M 碩士,21,109
1035,中國醫藥大學,09199053,食品暨藥物安全碩士學位學程,D 日,M 碩士,8,109
1035,中國醫藥大學,10221038,職業安全與衛生學系,D 日,M 碩士,19,109
1035,中國醫藥大學,10221038,職業安全與衛生學系,N 職,M 碩士,22,109
1036,健行科技大學,04121009,財務金融系,D 日,M 碩士,27,109
1036,健行科技大學,04131004,企業管理系,D 日,M 碩士,53,109
1036,健行科技大學,04131004,企業管理系,N 職,M 碩士,40,109
1036,健行科技大學,04131006,國際企業經營系,D 日,M 碩士,28,109
1036,健行科技大學,04131006,國際企業經營系,N 職,M 碩士,6,109
1036,健行科技大學,06131014,資訊管理系,D 日,M 碩士,22,109
1036,健行科技大學,07141016,電機工程系,D 日,M 碩士,33,109
1036,健行科技大學,07141017,電子工程系,D 日,M 碩士,21,109
1036,健行科技大學,07141018,資訊工程系,D 日,M 碩士,29,109
1036,健行科技大學,07151020,機械工程系,D 日,M 碩士,21,109
1036,健行科技大學,07191011,工業管理系,D 日,M 碩士,19,109
1036,健行科技大學,07321021,土木工程系空間資訊與防災科技碩士班,D 日,M 碩士,30,109
1037,正修科技大學,02122042,視覺傳達設計系文創設計與藝術保存碩士班,D 日,M 碩士,16,109
1037,正修科技大學,04121008,金融管理系,D 日,M 碩士,31,109
1037,正修科技大學,04131005,企業管理系經營管理碩士班,D 日,M 碩士,20,109
1037,正修科技大學,04131005,企業管理系經營管理碩士在職專班,N 職,M 碩士,105,109
1037,正修科技大學,04131027,經營管理研究所_現役軍人營區在職專班,N 職,M 碩士,4,109
1037,正修科技大學,06131010,資訊管理系,D 日,M 碩士,22,109
1037,正修科技大學,06131010,資訊管理系,N 職,M 碩士,17,109
1037,正修科技大學,07141011,電機工程系,D 日,M 碩士,43,109
1037,正修科技大學,07141012,電子工程系,D 日,M 碩士,18,109
1037,正修科技大學,07141013,資訊工程系,D 日,M 碩士,19,109
1037,正修科技大學,07151015,機械工程系機電工程碩士班,D 日,M 碩士,23,109
1037,正修科技大學,07191018,工業工程與管理系,D 日,M 碩士,48,109
1037,正修科技大學,07321016,土木與空間資訊系營建工程碩士班,D 日,M 碩士,39,109
1037,正修科技大學,09221021,幼兒保育系,D 日,M 碩士,32,109
1037,正修科技大學,10121026,化妝品與時尚彩妝系,D 日,M 碩士,32,109
1037,正修科技大學,10152025,休閒與運動管理系,D 日,M 碩士,19,109
1037,正修科技大學,10152025,休閒與運動管理系,N 職,M 碩士,59,109
1038,萬能科技大學,04131005,經營管理研究所,D 日,M 碩士,32,109
1038,萬能科技大學,04131005,經營管理研究所,N 職,M 碩士,93,109
1038,萬能科技大學,06131015,資訊管理系,D 日,M 碩士,13,109
1038,萬能科技大學,06131015,資訊管理系,N 職,M 碩士,13,109
1038,萬能科技大學,07121034,環境工程系,D 日,M 碩士,13,109
1038,萬能科技大學,07141020,電資研究所,D 日,M 碩士,18,109
1038,萬能科技大學,07321024,營建科技系,D 日,M 碩士,27,109
1038,萬能科技大學,10121041,化妝品應用與管理系,D 日,M 碩士,49,109
1039,玄奘大學,02199044,藝術設計學院碩士班,D 日,M 碩士,32,109
1039,玄奘大學,02211010,宗教與文化學系,D 日,M 碩士,34,109
1039,玄奘大學,02211010,宗教與文化學系,N 職,M 碩士,34,109
1039,玄奘大學,02311008,應用外語學系,D 日,M 碩士,-,109
1039,玄奘大學,03131016,應用心理學系,D 日,M 碩士,103,109
1039,玄奘大學,03131016,應用心理學系,N 職,M 碩士,52,109
1039,玄奘大學,03211018,大眾傳播學系,D 日,M 碩士,-,109
1039,玄奘大學,03211023,傳播學院碩士班,D 日,M 碩士,12,109
1039,玄奘大學,04131024,企業管理學系,D 日,M 碩士,7,109
1039,玄奘大學,04131024,企業管理學系,N 職,M 碩士,6,109
1039,玄奘大學,04211032,法律學系,D 日,M 碩士,22,109
1039,玄奘大學,06134034,資訊管理學系,D 日,M 碩士,3,109
1039,玄奘大學,09231036,社會工作學系,D 日,M 碩士,34,109
1039,玄奘大學,09231036,社會工作學系,N 職,M 碩士,50,109
1040,建國科技大學,02112004,數位媒體設計系碩士班,D 日,M 碩士,8,109
1040,建國科技大學,02122002,創意生活應用設計研究所,D 日,M 碩士,-,109
1040,建國科技大學,02124007,空間設計系創意生活應用設計碩士班,D 日,M 碩士,11,109
1040,建國科技大學,04199011,服務與科技管理研究所,D 日,M 碩士,31,109
1040,建國科技大學,07141013,電機工程研究所,D 日,M 碩士,28,109
1040,建國科技大學,07141014,電子工程研究所,D 日,M 碩士,8,109
1040,建國科技大學,07141020,機電光系統研究所,D 日,M 碩士,7,109
1040,建國科技大學,07151018,機械工程系暨製造科技研究所_汽車零組件研發產業碩士專班,D 日,M 碩士,4,109
1040,建國科技大學,07151019,製造科技研究所,D 日,M 碩士,11,109
1040,建國科技大學,07321022,土木與防災研究所,D 日,M 碩士,14,109
1040,建國科技大學,10121028,美容科技研究所,D 日,M 碩士,29,109
1041,明志科技大學,02112003,視覺傳達設計系,D 日,M 碩士,25,109
1041,明志科技大學,02123004,工業設計系,D 日,M 碩士,17,109
1041,明志科技大學,04131005,經營管理系,D 日,M 碩士,21,109
1041,明志科技大學,04131030,國際企業管理碩士學位學程(IMBA),D 日,M 碩士,26,109
1041,明志科技大學,07111018,化學工程系,D 日,M 碩士,81,109
1041,明志科技大學,07112022,材料工程系,D 日,M 碩士,80,109
1041,明志科技大學,07121025,環境與安全衛生工程系環境工程碩士班,D 日,M 碩士,32,109
1041,明志科技大學,07141010,電機工程系,D 日,M 碩士,41,109
1041,明志科技大學,07141011,電子工程系,D 日,M 碩士,66,109
1041,明志科技大學,07151014,機械工程系機械與機電工程碩士班,D 日,M 碩士,44,109
1041,明志科技大學,07151014,機械工程系機械與機電工程碩士在職專班,N 職,M 碩士,4,109
1041,明志科技大學,07191024,工業工程與管理系,D 日,M 碩士,35,109
1041,明志科技大學,07191024,工業工程與管理系,N 職,M 碩士,14,109
1042,高苑科技大學,04131006,企業管理系經營管理碩士班,D 日,M 碩士,-,109
1042,高苑科技大學,04131006,企業管理系經營管理碩士在職專班,N 職,M 碩士,-,109
1042,高苑科技大學,04131045,數位經營管理系經營管理碩士班,D 日,M 碩士,16,109
1042,高苑科技大學,04131045,數位經營管理系經營管理碩士在職專班,N 職,M 碩士,99,109
1042,高苑科技大學,06134015,資訊科技應用系,D 日,M 碩士,8,109
1042,高苑科技大學,06134015,資訊科技應用系,N 職,M 碩士,24,109
1042,高苑科技大學,07141018,電機工程系,D 日,M 碩士,1,109
1042,高苑科技大學,07141018,電機工程系,N 職,M 碩士,8,109
1042,高苑科技大學,07141019,電子工程系,D 日,M 碩士,1,109
1042,高苑科技大學,07151022,機械與自動化工程系,D 日,M 碩士,22,109
1042,高苑科技大學,07151022,機械與自動化工程系,N 職,M 碩士,18,109
1042,高苑科技大學,07311033,建築系,D 日,M 碩士,8,109
1042,高苑科技大學,07321024,土木工程系,D 日,M 碩士,1,109
1042,高苑科技大學,07321024,土木工程系,N 職,M 碩士,21,109
1042,高苑科技大學,10121005,香妝與養生保健系碩士班,D 日,M 碩士,12,109
1043,大仁科技大學,05211014,環境與職業安全衛生系環境管理碩士班,D 日,M 碩士,8,109
1043,大仁科技大學,05211014,環境與職業安全衛生系環境管理碩士在職專班,N 職,M 碩士,40,109
1043,大仁科技大學,07211012,食品科技系,D 日,M 碩士,-,109
1043,大仁科技大學,09161015,藥學系,D 日,M 碩士,6,109
1043,大仁科技大學,09161015,藥學系,N 職,M 碩士,24,109
1043,大仁科技大學,09231018,社會工作系碩士班,D 日,M 碩士,29,109
1043,大仁科技大學,10152024,休閒運動管理系休閒事業管理碩士班,D 日,M 碩士,26,109
1043,大仁科技大學,10152024,休閒運動管理系休閒事業管理碩士在職專班,N 職,M 碩士,54,109
1043,大仁科技大學,99999002,文化創意產業研究所,N 職,M 碩士,43,109
1044,聖約翰科技大學,04131005,企業管理系,D 日,M 碩士,22,109
1044,聖約翰科技大學,06131014,資訊工程系,D 日,M 碩士,20,109
1044,聖約翰科技大學,07141012,電機工程系,D 日,M 碩士,12,109
1044,聖約翰科技大學,07141012,電機工程系,N 職,M 碩士,24,109
1044,聖約翰科技大學,07141013,電子工程系,D 日,M 碩士,-,109
1044,聖約翰科技大學,07141015,資訊與通訊系,D 日,M 碩士,14,109
1044,聖約翰科技大學,07151016,機械與電腦輔助工程系,D 日,M 碩士,9,109
1044,聖約翰科技大學,07151016,機械與電腦輔助工程系,N 職,M 碩士,17,109
1044,聖約翰科技大學,07191028,工業管理系,D 日,M 碩士,16,109
1044,聖約翰科技大學,07191028,工業管理系,N 職,M 碩士,73,109
1045,嶺東科技大學,02112003,視覺傳達設計系,D 日,M 碩士,22,109
1045,嶺東科技大學,02112003,視覺傳達設計系,N 職,M 碩士,4,109
1045,嶺東科技大學,02112005,數位媒體設計系,D 日,M 碩士,27,109
1045,嶺東科技大學,02122002,流行設計系,D 日,M 碩士,33,109
1045,嶺東科技大學,02123008,創意產品設計系,D 日,M 碩士,11,109
1045,嶺東科技大學,04111010,會計資訊系碩士班,D 日,M 碩士,18,109
1045,嶺東科技大學,04121017,財務金融系,D 日,M 碩士,16,109
1045,嶺東科技大學,04121017,財務金融系,N 職,M 碩士,17,109
1045,嶺東科技大學,04131013,企業管理系,D 日,M 碩士,14,109
1045,嶺東科技大學,04131013,企業管理系,N 職,M 碩士,118,109
1045,嶺東科技大學,04131015,國際企業系,D 日,M 碩士,16,109
1045,嶺東科技大學,04131015,國際企業系,N 職,M 碩士,23,109
1045,嶺東科技大學,04143024,行銷與流通管理系,D 日,M 碩士,13,109
1045,嶺東科技大學,04212029,財經法律研究所,D 日,M 碩士,33,109
1045,嶺東科技大學,06121031,資訊管理系,N 職,M 碩士,4,109
1045,嶺東科技大學,06131030,資訊科技系,D 日,M 碩士,12,109
1045,嶺東科技大學,06131031,資訊管理系,D 日,M 碩士,20,109
1045,嶺東科技大學,10151036,觀光與休閒管理系,D 日,M 碩士,20,109
1046,中國科技大學,02112003,視覺傳達設計系,D 日,M 碩士,19,109
1046,中國科技大學,02124005,室內設計系,D 日,M 碩士,35,109
1046,中國科技大學,04131010,企業管理系,D 日,M 碩士,39,109
1046,中國科技大學,04131010,企業管理系,N 職,M 碩士,41,109
1046,中國科技大學,06131021,資訊工程系資訊科技應用碩士在職專班,N 職,M 碩士,36,109
1046,中國科技大學,07311026,建築系,D 日,M 碩士,32,109
1046,中國科技大學,07321025,土木與防災設計系,D 日,M 碩士,-,109
1046,中國科技大學,07321030,土木與防災系,D 日,M 碩士,26,109
1047,中臺科技大學,01111009,文教事業經營研究所,D 日,M 碩士,14,109
1047,中臺科技大學,01111009,文教事業經營研究所,N 職,M 碩士,57,109
1047,中臺科技大學,04133008,醫療暨健康產業管理系,D 日,M 碩士,10,109
1047,中臺科技大學,04133008,醫療暨健康產業管理系,N 職,M 碩士,34,109
1047,中臺科技大學,07121013,環境與安全衛生工程系,D 日,M 碩士,21,109
1047,中臺科技大學,07193014,生物科技暨醫學工程研究所,D 日,M 碩士,4,109
1047,中臺科技大學,07211017,食品科技系,D 日,M 碩士,10,109
1047,中臺科技大學,09111033,牙體技術暨材料系,D 日,M 碩士,7,109
1047,中臺科技大學,09131020,護理系,D 日,M 碩士,31,109
1047,中臺科技大學,09131020,護理系,N 職,M 碩士,71,109
1047,中臺科技大學,09141028,醫學檢驗生物技術系,D 日,M 碩士,15,109
1047,中臺科技大學,09141029,醫學影像暨放射科學系,D 日,M 碩士,12,109
1047,中臺科技大學,09141029,醫學影像暨放射科學系,N 職,M 碩士,15,109
1047,中臺科技大學,09212024,長期照顧碩士學位學程,N 職,M 碩士,69,109
1048,亞洲大學,02112006,視覺傳達設計學系,D 日,M 碩士,24,109
1048,亞洲大學,02112007,數位媒體設計學系,D 日,M 碩士,22,109
1048,亞洲大學,02123011,創意商品設計學系,D 日,M 碩士,14,109
1048,亞洲大學,02311002,外國語文學系,D 日,M 碩士,20,109
1048,亞洲大學,03131013,心理學系,D 日,M 碩士,151,109
1048,亞洲大學,03213014,資訊傳播學系,D 日,M 碩士,13,109
1048,亞洲大學,04111015,會計與資訊學系,D 日,M 碩士,24,109
1048,亞洲大學,04121019,財務金融學系,D 日,M 碩士,13,109
1048,亞洲大學,04121019,財務金融學系,N 職,M 碩士,38,109
1048,亞洲大學,04131017,經營管理學系,D 日,M 碩士,59,109
1048,亞洲大學,04131017,經營管理學系,N 職,M 碩士,112,109
1048,亞洲大學,04131054,創新與創業管理碩士學位學程,D 日,M 碩士,11,109
1048,亞洲大學,04131055,EMBA高階經理碩士在職學位學程,N 職,M 碩士,29,109
1048,亞洲大學,04212027,財經法律學系,D 日,M 碩士,36,109
1048,亞洲大學,05121028,生物科技學系,D 日,M 碩士,-,109
1048,亞洲大學,05191053,食品營養與保健生技學系,D 日,M 碩士,28,109
1048,亞洲大學,05191053,食品營養與保健生技學系,N 職,M 碩士,14,109
1048,亞洲大學,06134033,行動商務與多媒體應用學系,D 日,M 碩士,14,109
1048,亞洲大學,06134037,資訊工程學系,D 日,M 碩士,38,109
1048,亞洲大學,06134037,資訊工程學系,N 職,M 碩士,28,109
1048,亞洲大學,07141040,光電與通訊學系,D 日,M 碩士,-,109
1048,亞洲大學,07141040,光電與通訊學系,N 職,M 碩士,-,109
1048,亞洲大學,07193029,生物資訊與醫學工程學系,D 日,M 碩士,7,109
1048,亞洲大學,07193029,生物資訊與醫學工程學系,N 職,M 碩士,24,109
1048,亞洲大學,09131046,護理學系,D 日,M 碩士,18,109
1048,亞洲大學,09141060,醫學檢驗暨生物技術學系,D 日,M 碩士,13,109
1048,亞洲大學,09191021,健康產業管理學系,D 日,M 碩士,42,109
1048,亞洲大學,09191021,健康產業管理學系,N 職,M 碩士,68,109
1048,亞洲大學,09231048,社會工作學系,D 日,M 碩士,45,109
1048,亞洲大學,10151049,休閒與遊憩管理學系,D 日,M 碩士,37,109
1048,亞洲大學,10151049,休閒與遊憩管理學系,N 職,M 碩士,74,109
1049,開南大學,02311006,應用英語學系,D 日,M 碩士,24,109
1049,開南大學,02311008,應用日語學系,D 日,M 碩士,20,109
1049,開南大學,02323004,應用華語學系,D 日,M 碩士,15,109
1049,開南大學,04131016,國際企業學系,D 日,M 碩士,9,109
1049,開南大學,04131031,商學院碩士班,D 日,M 碩士,21,109
1049,開南大學,04131031,商學院碩士在職專班,N 職,M 碩士,124,109
1049,開南大學,04134010,人文社會學院公共管理碩士在職專班,N 職,M 碩士,35,109
1049,開南大學,04134012,公共事務管理學系,D 日,M 碩士,22,109
1049,開南大學,04211011,法律學系,D 日,M 碩士,17,109
1049,開南大學,04211011,人文社會學院法律碩士在職專班,N 職,M 碩士,48,109
1049,開南大學,06121032,資訊管理學系,D 日,M 碩士,10,109
1049,開南大學,06131036,資訊學院碩士班,D 日,M 碩士,2,109
1049,開南大學,06133036,資訊學院碩士在職專班,N 職,M 碩士,21,109
1049,開南大學,09171057,健康照護管理學院健康照護技術碩士班,D 日,M 碩士,42,109
1049,開南大學,10151041,觀光運輸學院碩士班,D 日,M 碩士,40,109
1049,開南大學,10199041,觀光運輸學院碩士在職專班,N 職,M 碩士,105,109
1050,佛光大學,02123018,產品與媒體設計學系,D 日,M 碩士,13,109
1050,佛光大學,02211009,宗教學研究所,D 日,M 碩士,33,109
1050,佛光大學,02211010,佛教學系,D 日,M 碩士,70,109
1050,佛光大學,02221011,歷史學系,D 日,M 碩士,9,109
1050,佛光大學,02299015,文化資產與創意學系,D 日,M 碩士,40,109
1050,佛光大學,02311007,外國語文學系,D 日,M 碩士,7,109
1050,佛光大學,02322006,中國文學與應用學系,D 日,M 碩士,13,109
1050,佛光大學,02322006,中國文學與應用學系,N 職,M 碩士,5,109
1050,佛光大學,03111020,應用經濟學系,D 日,M 碩士,13,109
1050,佛光大學,03111020,應用經濟學系,N 職,M 碩士,29,109
1050,佛光大學,03131024,心理學系,D 日,M 碩士,41,109
1050,佛光大學,03141023,未來與樂活產業學系,D 日,M 碩士,39,109
1050,佛光大學,03141035,社會學暨社會工作學系,D 日,M 碩士,37,109
1050,佛光大學,03141037,樂活產業學院碩士班,D 日,M 碩士,34,109
1050,佛光大學,03211028,傳播學系,D 日,M 碩士,28,109
1050,佛光大學,04131030,管理學系,D 日,M 碩士,24,109
1050,佛光大學,04131030,管理學系,N 職,M 碩士,44,109
1050,佛光大學,04134025,公共事務學系政策與行政管理碩士班(含國際與兩岸事務碩士班),D 日,M 碩士,21,109
1050,佛光大學,04134025,公共事務學系,N 職,M 碩士,34,109
1050,佛光大學,06134032,資訊應用學系,D 日,M 碩士,27,109
1050,佛光大學,06134032,資訊應用學系,N 職,M 碩士,10,109
1051,台南應用科技大學,02112012,視覺傳達設計系創新應用設計碩士班(碩士在職專班),D 日,M 碩士,13,109
1051,台南應用科技大學,02112012,視覺傳達設計系創新應用設計碩士班(碩士在職專班),N 職,M 碩士,4,109
1051,台南應用科技大學,02124015,室內設計系,D 日,M 碩士,11,109
1051,台南應用科技大學,02131001,美術系,D 日,M 碩士,21,109
1051,台南應用科技大學,02131001,美術系,N 職,M 碩士,11,109
1051,台南應用科技大學,02151003,音樂系,D 日,M 碩士,19,109
1051,台南應用科技大學,02151003,音樂系,N 職,M 碩士,15,109
1051,台南應用科技大學,04141023,國際企業經營系,D 日,M 碩士,16,109
1051,台南應用科技大學,04141023,國際企業經營系,N 職,M 碩士,28,109
1051,台南應用科技大學,10111038,生活服務產業系生活應用科學碩士班,D 日,M 碩士,16,109
1051,台南應用科技大學,10111038,生活服務產業系生活應用科學碩士在職專班,N 職,M 碩士,47,109
1052,遠東科技大學,04132011,行銷與流通管理系,D 日,M 碩士,81,109
1052,遠東科技大學,04199014,創新設計與創業管理系,D 日,M 碩士,-,109
1052,遠東科技大學,04199042,創新商品設計與創業管理系,D 日,M 碩士,99,109
1052,遠東科技大學,07141017,電機工程系,D 日,M 碩士,13,109
1052,遠東科技大學,07151022,機械工程系,D 日,M 碩士,14,109
1052,遠東科技大學,07151022,機械工程系,N 職,M 碩士,43,109
1052,遠東科技大學,07194040,工程科技研究所,D 日,M 碩士,4,109
1052,遠東科技大學,10131031,餐飲管理系餐飲經營與安全管理碩士班,D 日,M 碩士,30,109
1052,遠東科技大學,10152033,休閒運動管理碩士學位學程,D 日,M 碩士,33,109
1053,元培醫事科技大學,02122043,茶陶創意設計系,D 日,M 碩士,8,109
1053,元培醫事科技大學,02122044,茶陶文創碩士學位學程,D 日,M 碩士,15,109
1053,元培醫事科技大學,04131003,企業管理系,D 日,M 碩士,49,109
1053,元培醫事科技大學,04133007,醫務管理系,D 日,M 碩士,43,109
1053,元培醫事科技大學,04133007,醫務管理系,N 職,M 碩士,30,109
1053,元培醫事科技大學,06134012,資訊管理系數位創新管理碩士班,D 日,M 碩士,25,109
1053,元培醫事科技大學,07121015,環境工程衛生系,D 日,M 碩士,25,109
1053,元培醫事科技大學,07193016,生物醫學工程系福祉科技與醫學工程碩士班,D 日,M 碩士,18,109
1053,元培醫事科技大學,07211019,食品科學系,D 日,M 碩士,22,109
1053,元培醫事科技大學,09131022,護理系碩士班,D 日,M 碩士,22,109
1053,元培醫事科技大學,09141027,醫學檢驗生物技術系,D 日,M 碩士,8,109
1053,元培醫事科技大學,09141030,醫學影像暨放射技術系,D 日,M 碩士,22,109
1053,元培醫事科技大學,09141030,醫學影像暨放射技術系,N 職,M 碩士,14,109
1053,元培醫事科技大學,09161034,生物科技暨製藥技術系,D 日,M 碩士,13,109
1054,景文科技大學,02112005,視覺傳達設計系數位文創設計碩士班,D 日,M 碩士,14,109
1054,景文科技大學,02112005,視覺傳達設計系數位文創設計碩士在職專班,N 職,M 碩士,1,109
1054,景文科技大學,05299028,環境科技與物業管理系,N 職,M 碩士,1,109
1054,景文科技大學,07141018,電腦與通訊系碩士班,D 日,M 碩士,11,109
1054,景文科技大學,07141018,電腦與通訊系碩士班,N 職,M 碩士,20,109
1054,景文科技大學,10151023,旅遊管理系觀光與餐旅管理碩士班,D 日,M 碩士,16,109
1054,景文科技大學,10151023,旅遊管理系觀光與餐旅管理碩士在職專班,N 職,M 碩士,23,109
1055,中華醫事科技大學,05121006,生物醫學研究所,D 日,M 碩士,34,109
1055,中華醫事科技大學,09141021,醫學檢驗生物技術系,D 日,M 碩士,19,109
1055,中華醫事科技大學,09141022,視光系,D 日,M 碩士,21,109
1055,中華醫事科技大學,09191013,職業安全衛生系,D 日,M 碩士,14,109
1055,中華醫事科技大學,09191013,職業安全衛生系,N 職,M 碩士,27,109
1056,東南科技大學,04131047,產業經營管理研究所,D 日,M 碩士,61,109
1056,東南科技大學,07141011,電機工程系,D 日,M 碩士,17,109
1056,東南科技大學,07151013,機械工程系,D 日,M 碩士,16,109
1056,東南科技大學,07151013,機械工程系,N 職,M 碩士,9,109
1056,東南科技大學,07321015,營建與空間設計系營建科技與防災碩士班,D 日,M 碩士,32,109
1056,東南科技大學,07321015,營建與空間設計系營建科技與防災碩士班,N 職,M 碩士,37,109
1057,德明財經科技大學,04121008,財務金融系理財與稅務管理碩士班,D 日,M 碩士,19,109
1057,德明財經科技大學,04121008,財務金融系理財與稅務管理碩士在職專班,N 職,M 碩士,2,109
1057,德明財經科技大學,04143013,行銷管理系,D 日,M 碩士,13,109
1057,德明財經科技大學,04143013,行銷管理系,N 職,M 碩士,28,109
1057,德明財經科技大學,06131021,資訊管理系,N 職,M 碩士,9,109
1058,明道大學,01115001,課程與教學研究所,D 日,M 碩士,22,109
1058,明道大學,01115001,課程與教學研究所,N 職,M 碩士,26,109
1058,明道大學,02122008,設計學院設計及規劃碩士班,D 日,M 碩士,23,109
1058,明道大學,02299043,中華文化與傳播學系,D 日,M 碩士,23,109
1058,明道大學,02322003,中國文學學系,D 日,M 碩士,-,109
1058,明道大學,04131013,企業管理學系,D 日,M 碩士,26,109
1058,明道大學,04131019,管理學院企業高階管理碩士班EMBA,N 職,M 碩士,40,109
1058,明道大學,06111012,資訊傳播學系,D 日,M 碩士,-,109
1058,明道大學,07112032,材料與能源工程學系,D 日,M 碩士,4,109
1058,明道大學,08111037,精緻農業學系,D 日,M 碩士,29,109
1058,明道大學,10131039,餐旅管理學系,D 日,M 碩士,10,109
1058,明道大學,10152040,休閒保健學系,D 日,M 碩士,11,109
1060,南開科技大學,07141016,電子工程系,D 日,M 碩士,5,109
1060,南開科技大學,07141016,電子工程系,N 職,M 碩士,2,109
1060,南開科技大學,07161023,機械工程系車輛與機電產業碩士班,D 日,M 碩士,21,109
1060,南開科技大學,09211028,福祉科技與服務管理系,D 日,M 碩士,31,109
1060,南開科技大學,09211028,福祉科技與服務管理系,N 職,M 碩士,71,109
1060,南開科技大學,10131033,休閒事業管理系,D 日,M 碩士,27,109
1061,中華科技大學,04131003,企業管理系經營管理碩士班,D 日,M 碩士,51,109
1061,中華科技大學,04132036,行銷與流通管理系_智慧行銷與流通服務產業碩士專班,D 日,M 碩士,10,109
1061,中華科技大學,05121010,生物科技系健康科技碩士班,D 日,M 碩士,22,109
1061,中華科技大學,05121010,生物科技系健康科技碩士班,N 職,M 碩士,13,109
1061,中華科技大學,07141014,電子工程系,D 日,M 碩士,17,109
1061,中華科技大學,07151017,機械工程系機電光碩士班,D 日,M 碩士,15,109
1061,中華科技大學,07151017,機械工程系機電光碩士班,N 職,M 碩士,9,109
1061,中華科技大學,07162019,航空機械系飛機系統工程碩士班,D 日,M 碩士,13,109
1061,中華科技大學,07162019,航空機械系(新竹分部),N 職,M 碩士,28,109
1061,中華科技大學,07311025,建築系,D 日,M 碩士,24,109
1061,中華科技大學,07311025,建築系,N 職,M 碩士,13,109
1061,中華科技大學,07321021,土木工程系土木防災與管理碩士班,D 日,M 碩士,58,109
1061,中華科技大學,07321021,土木工程系土木防災與管理碩士班,N 職,M 碩士,47,109
1061,中華科技大學,10413033,航空服務管理系航空運輸,D 日,M 碩士,16,109
1061,中華科技大學,10413033,航空服務管理系(新竹分部),N 職,M 碩士,16,109
1062,僑光科技大學,04121013,財務金融系,D 日,M 碩士,32,109
1062,僑光科技大學,04131009,企業管理系,D 日,M 碩士,13,109
1062,僑光科技大學,04131009,企業管理系,N 職,M 碩士,20,109
1063,育達科技大學,02122034,茶陶創意設計系,D 日,M 碩士,1,109
1063,育達科技大學,02199036,文化創意設計研究所,D 日,M 碩士,-,109
1063,育達科技大學,04143022,行銷與流通管理系,D 日,M 碩士,52,109
1063,育達科技大學,04143022,行銷與流通管理系,N 職,M 碩士,82,109
1063,育達科技大學,06131024,資訊管理系,D 日,M 碩士,42,109
1063,育達科技大學,06131024,資訊管理系,N 職,M 碩士,68,109
1063,育達科技大學,10151031,休閒事業管理系,D 日,M 碩士,-,109
1063,育達科技大學,10151031,休閒事業管理系,N 職,M 碩士,1,109
1063,育達科技大學,10151038,觀光休閒管理系,D 日,M 碩士,58,109
1063,育達科技大學,10151038,觀光休閒管理系,N 職,M 碩士,69,109
1064,美和科技大學,04131004,企業管理系經營管理碩士班,D 日,M 碩士,1,109
1064,美和科技大學,04131004,企業管理系經營管理碩士班,N 職,M 碩士,55,109
1064,美和科技大學,05121008,生物科技系健康產業碩士班,D 日,M 碩士,19,109
1064,美和科技大學,09131013,護理系健康照護碩士班,D 日,M 碩士,16,109
1064,美和科技大學,09131013,護理系_境外專班,N 職,M 碩士,141,109
1064,美和科技大學,09131014,健康照護研究所,D 日,M 碩士,1,109
1064,美和科技大學,09131014,健康照護研究所,N 職,M 碩士,2,109
1064,美和科技大學,09231016,社會工作系碩士班,D 日,M 碩士,44,109
1064,美和科技大學,10152020,運動與休閒管理系,D 日,M 碩士,35,109
1065,吳鳳科技大學,02112005,應用數位媒體系,N 職,M 碩士,31,109
1065,吳鳳科技大學,07141016,電機工程系光機電暨材料碩士班,D 日,M 碩士,27,109
1065,吳鳳科技大學,07151020,光機電暨材料研究所,D 日,M 碩士,-,109
1065,吳鳳科技大學,10131024,餐旅管理系餐旅管理與餐飲安全碩士班,D 日,M 碩士,22,109
1065,吳鳳科技大學,10321029,消防系,N 職,M 碩士,28,109
1066,環球科技大學,02112003,視覺傳達設計系文化創意設計碩士班,D 日,M 碩士,33,109
1066,環球科技大學,04131011,企業管理系中小企業經營策略管理碩士班,D 日,M 碩士,67,109
1066,環球科技大學,04134006,公共事務管理研究所,N 職,M 碩士,69,109
1066,環球科技大學,05211030,觀光與生態旅遊系環境資源管理碩士班,D 日,M 碩士,46,109
1066,環球科技大學,07211024,生物技術系,D 日,M 碩士,25,109
1067,台灣首府大學,01111001,教育研究所,D 日,M 碩士,18,109
1067,台灣首府大學,01121002,幼兒教育學系,D 日,M 碩士,13,109
1067,台灣首府大學,10152038,休閒管理學系,D 日,M 碩士,17,109
1068,中州科技大學,07151017,機械與自動化工程系工程技術碩士班,N 職,M 碩士,7,109
1068,中州科技大學,07151035,智慧自動化工程系工程技術碩士班,D 日,M 碩士,6,109
1068,中州科技大學,07151035,智慧自動化工程系工程技術碩士班,N 職,M 碩士,7,109
1068,中州科技大學,07211023,保健食品系,D 日,M 碩士,5,109
1068,中州科技大學,07211023,保健食品系,N 職,M 碩士,7,109
1069,修平科技大學,04199015,人力資源管理與發展系,D 日,M 碩士,33,109
1069,修平科技大學,07141019,電機工程系,D 日,M 碩士,15,109
1069,修平科技大學,07151021,機械工程系精密機械與製造科技碩士班,D 日,M 碩士,8,109
1069,修平科技大學,07191026,工業工程與管理系精實生產管理碩士班,D 日,M 碩士,6,109
1069,修平科技大學,07191026,工業工程與管理系精實生產管理碩士在職專班,N 職,M 碩士,19,109
1070,長庚科技大學,05121001,健康產業科技研究所,D 日,M 碩士,26,109
1070,長庚科技大學,09131004,護理系,N 職,M 碩士,123,109
1070,長庚科技大學,09131010,高齡暨健康照護管理系,D 日,M 碩士,42,109
1071,臺北城市科技大學,06131012,資訊管理系電子商務碩士班,D 日,M 碩士,19,109
1071,臺北城市科技大學,06131015,資訊工程系_資訊應用產業碩士專班,D 日,M 碩士,3,109
1071,臺北城市科技大學,07151017,機械工程系機電整合碩士班,D 日,M 碩士,30,109
1071,臺北城市科技大學,10152027,休閒事業系,D 日,M 碩士,37,109
1072,敏實科技大學,07141012,電機工程系,D 日,M 碩士,-,109
1072,敏實科技大學,07151019,機電工程系,D 日,M 碩士,2,109
1073,醒吾科技大學,04132019,行銷與流通管理系,D 日,M 碩士,14,109
1073,醒吾科技大學,04132019,行銷與流通管理系,N 職,M 碩士,53,109
1073,醒吾科技大學,06134023,資訊科技應用系,D 日,M 碩士,12,109
1073,醒吾科技大學,06134023,資訊科技應用系,N 職,M 碩士,43,109
1073,醒吾科技大學,10151026,觀光休閒系,D 日,M 碩士,31,109
1075,文藻外語大學,01131001,華語文教學研究所,D 日,M 碩士,48,109
1075,文藻外語大學,02111003,創意藝術產業研究所,N 職,M 碩士,17,109
1075,文藻外語大學,02311005,外語文教事業發展研究所,D 日,M 碩士,15,109
1075,文藻外語大學,02311005,外語文教事業發展研究所,N 職,M 碩士,30,109
1075,文藻外語大學,02311007,英國語文系,D 日,M 碩士,20,109
1075,文藻外語大學,02312014,多國語複譯研究所,D 日,M 碩士,40,109
1075,文藻外語大學,03122016,國際事務碩士學位學程,D 日,M 碩士,20,109
1075,文藻外語大學,03143015,歐洲研究所,D 日,M 碩士,26,109
1075,文藻外語大學,03191026,東南亞碩士學位學程,D 日,M 碩士,14,109
1075,文藻外語大學,04191027,國際事業暨跨文化管理研究所,D 日,M 碩士,14,109
1075,文藻外語大學,04191027,國際事業暨跨文化管理研究所在職專班,N 職,M 碩士,3,109
1076,華夏科技大學,04199005,資產與物業管理系,D 日,M 碩士,10,109
1076,華夏科技大學,04199005,資產與物業管理系,N 職,M 碩士,44,109
1076,華夏科技大學,06131009,資訊管理系,N 職,M 碩士,26,109
1076,華夏科技大學,07141016,智慧型機器人研究所,D 日,M 碩士,27,109
1077,慈濟科技大學,09141009,放射醫學科學研究所,D 日,M 碩士,18,109
1077,慈濟科技大學,09211011,長期照護研究所,D 日,M 碩士,23,109
1078,致理科技大學,04131014,企業管理系服務業經營管理碩士班,D 日,M 碩士,27,109
1078,致理科技大學,04131014,企業管理系服務業經營管理碩士在職專班,N 職,M 碩士,44,109
1078,致理科技大學,04141015,國際貿易系,D 日,M 碩士,23,109
1079,康寧大學,02311003,應用外語學系,D 日,M 碩士,7,109
1079,康寧大學,02311003,應用外語學系,N 職,M 碩士,3,109
1079,康寧大學,03211009,資訊傳播學系,N 職,M 碩士,1,109
1079,康寧大學,04131011,企業管理學系,D 日,M 碩士,3,109
1079,康寧大學,04131011,企業管理學系,N 職,M 碩士,20,109
1079,康寧大學,06131064,健康數位科技學系,D 日,M 碩士,-,109
1079,康寧大學,09131043,健康照護管理學系,D 日,M 碩士,6,109
1079,康寧大學,10131050,餐飲管理學系,D 日,M 碩士,5,109
1079,康寧大學,10152055,休閒管理學系,D 日,M 碩士,3,109
1079,康寧大學,10152055,休閒管理學系,N 職,M 碩士,2,109
1080,宏國德霖科技大學,04131006,企業管理系碩士班,D 日,M 碩士,13,109
1081,東方設計大學,02122014,流行商品設計系,D 日,M 碩士,22,109
1081,東方設計大學,02122018,文化創意設計研究所,D 日,M 碩士,17,109
1081,東方設計大學,02122018,文化創意設計研究所,N 職,M 碩士,46,109
1081,東方設計大學,02124017,室內設計系住居整合設計碩士班,D 日,M 碩士,11,109
1081,東方設計大學,02141002,美術工藝系,D 日,M 碩士,15,109
1081,東方設計大學,10121032,時尚美妝設計系,D 日,M 碩士,15,109
1082,崇右影藝科技大學,02199012,文化創意設計研究所,D 日,M 碩士,34,109
1082,崇右影藝科技大學,04191018,經營管理系碩士班,D 日,M 碩士,46,109
1083,台北海洋科技大學,07211014,食品科技與行銷系,D 日,M 碩士,-,109
1083,台北海洋科技大學,07211030,食品健康科技系,D 日,M 碩士,32,109
1083,台北海洋科技大學,10151022,海洋休閒觀光系,D 日,M 碩士,60,109
1083,台北海洋科技大學,10412028,海空物流與行銷系,D 日,M 碩士,55,109
1125,中信金融管理學院,04131012,企業管理學系金融管理碩士班,D 日,M 碩士,58,109
1125,中信金融管理學院,04131012,企業管理學系金融管理碩士在職專班,N 職,M 碩士,29,109
1125,中信金融管理學院,04212022,財經法律學系,D 日,M 碩士,29,109
1125,中信金融管理學院,06131034,科技金融研究所,D 日,M 碩士,15,109
1148,大漢技術學院,04131005,企業管理系流通與行銷管理碩士班,D 日,M 碩士,36,109
1148,大漢技術學院,07321019,土木工程與環境資源管理系,D 日,M 碩士,45,109
1159,和春技術學院,07141026,電機工程系,D 日,M 碩士,3,109
1166,亞東技術學院,04132003,行銷與流通管理系碩士班,D 日,M 碩士,17,109
1166,亞東技術學院,07141012,通訊工程系碩士班,D 日,M 碩士,22,109
1166,亞東技術學院,07192019,材料與纖維系應用科技碩士班,D 日,M 碩士,11,109
1168,南亞技術學院,05399009,應用科技研究所,D 日,M 碩士,-,109
1168,南亞技術學院,07151012,機械工程系機械與機電工程碩士班,D 日,M 碩士,13,109
1176,稻江科技暨管理學院,01121001,幼兒教育學系,D 日,M 碩士,9,109
1176,稻江科技暨管理學院,02122007,動畫遊戲設計學系,D 日,M 碩士,1,109
1176,稻江科技暨管理學院,10131037,餐飲管理學系,D 日,M 碩士,-,109
1176,稻江科技暨管理學院,10152039,休閒遊憩管理學系,D 日,M 碩士,11,109
1176,稻江科技暨管理學院,10152039,休閒遊憩管理學系,N 職,M 碩士,11,109
1185,經國管理暨健康學院,04199001,健康產業管理研究所,D 日,M 碩士,21,109
1185,經國管理暨健康學院,04199001,健康產業管理研究所,N 職,M 碩士,43,109
1185,經國管理暨健康學院,09221011,幼兒保育系碩士班,D 日,M 碩士,23,109
1192,臺灣觀光學院,10199024,觀光餐旅系碩士班,D 日,M 碩士,16,109
1195,馬偕醫學院,05199001,生物醫學研究所,D 日,M 碩士,8,109
1195,馬偕醫學院,07193006,高齡福祉科技研究所,D 日,M 碩士,15,109
1195,馬偕醫學院,09131005,長期照護研究所,D 日,M 碩士,32,109
1195,馬偕醫學院,09131005,長期照護研究所長期照護跨領域碩士在職專班,N 職,M 碩士,15,109
1195,馬偕醫學院,09153003,聽力暨語言治療學系,D 日,M 碩士,11,109
1196,法鼓文理學院,01199001,生命教育碩士學位學程,D 日,M 碩士,98,109
1196,法鼓文理學院,02211002,佛教學系,D 日,M 碩士,70,109
1196,法鼓文理學院,03141004,社區再造碩士學位學程,D 日,M 碩士,12,109
1196,法鼓文理學院,04134003,社會企業與創新碩士學位學程,D 日,M 碩士,42,109
1196,法鼓文理學院,05211005,環境與發展碩士學位學程,D 日,M 碩士,9,109
3002,臺北市立大學,01111001,教育學系,D 日,M 碩士,37,109
3002,臺北市立大學,01113029,特殊教育學系,D 日,M 碩士,120,109
3002,臺北市立大學,01113029,特殊教育學系,N 職,M 碩士,48,109
3002,臺北市立大學,01114035,教育行政與評鑑研究所,D 日,M 碩士,30,109
3002,臺北市立大學,01114035,教育行政與評鑑研究所,N 職,M 碩士,88,109
3002,臺北市立大學,01115036,學習與媒材設計學系課程與教學碩士班,D 日,M 碩士,44,109
3002,臺北市立大學,01115036,學習與媒材設計學系課程與教學碩士學位班,N 職,M 碩士,86,109
3002,臺北市立大學,01121027,幼兒教育學系,D 日,M 碩士,83,109
3002,臺北市立大學,01121027,幼兒教育學系,N 職,M 碩士,73,109
3002,臺北市立大學,01131017,英語教學系,D 日,M 碩士,39,109
3002,臺北市立大學,01141020,社會學習領域教學碩士學位學程,D 日,M 碩士,1,109
3002,臺北市立大學,01141025,體育學系,D 日,M 碩士,37,109
3002,臺北市立大學,01141025,體育學系,N 職,M 碩士,106,109
3002,臺北市立大學,01141026,運動教育研究所,D 日,M 碩士,40,109
3002,臺北市立大學,01141026,運動教育研究所,N 職,M 碩士,37,109
3002,臺北市立大學,01141030,身心障礙者轉銜及休閒教育碩士學位學程,D 日,M 碩士,41,109
3002,臺北市立大學,02111040,視覺藝術學系,D 日,M 碩士,95,109
3002,臺北市立大學,02111040,視覺藝術學系,N 職,M 碩士,72,109
3002,臺北市立大學,02151037,音樂學系,D 日,M 碩士,86,109
3002,臺北市立大學,02151037,音樂學系,N 職,M 碩士,75,109
3002,臺北市立大學,02152039,舞蹈學系,D 日,M 碩士,44,109
3002,臺北市立大學,02221019,歷史與地理學系,D 日,M 碩士,39,109
3002,臺北市立大學,02221019,歷史與地理學系社會科教學碩士學位班,N 職,M 碩士,72,109
3002,臺北市立大學,02322043,中國語文學系,D 日,M 碩士,37,109
3002,臺北市立大學,02322043,中國語文學系,N 職,M 碩士,74,109
3002,臺北市立大學,02323007,華語文教學碩士學位學程,D 日,M 碩士,36,109
3002,臺北市立大學,03131055,心理與諮商學系,D 日,M 碩士,79,109
3002,臺北市立大學,03131055,心理與諮商學系心理與諮商教學碩士學位班,N 職,M 碩士,33,109
3002,臺北市立大學,04134056,社會暨公共事務學系公共事務學碩士班,D 日,M 碩士,24,109
3002,臺北市立大學,04134056,社會暨公共事務學系,N 職,M 碩士,50,109
3002,臺北市立大學,04134057,國民小學教師在職進修公民與社會教學碩士學位班,N 職,M 碩士,3,109
3002,臺北市立大學,04143045,都會產業經營與行銷學系,D 日,M 碩士,2,109
3002,臺北市立大學,05211023,地球環境暨生物資源學系環境教育與資源碩士班,D 日,M 碩士,65,109
3002,臺北市立大學,05211023,地球環境暨生物資源學系環境教育碩士在職專班,N 職,M 碩士,60,109
3002,臺北市立大學,05399011,應用物理暨化學系應用科學碩士班,D 日,M 碩士,12,109
3002,臺北市立大學,05399011,應用物理暨化學系應用科學碩士在職專班,N 職,M 碩士,26,109
3002,臺北市立大學,05411012,數學系數據科學與數學教育碩士班,D 日,M 碩士,22,109
3002,臺北市立大學,05411012,數學系數學教育碩士在職專班,N 職,M 碩士,32,109
3002,臺北市立大學,06131016,資訊科學系,D 日,M 碩士,48,109
3002,臺北市立大學,06131016,資訊科學系,N 職,M 碩士,63,109
3002,臺北市立大學,07313058,城市發展學系,D 日,M 碩士,8,109
3002,臺北市立大學,09191059,衛生福利學系,D 日,M 碩士,2,109
3002,臺北市立大學,10141053,運動科學研究所,D 日,M 碩士,26,109
3002,臺北市立大學,10141053,運動科學研究所,N 職,M 碩士,31,109
3002,臺北市立大學,10141054,競技運動訓練研究所,D 日,M 碩士,58,109
3002,臺北市立大學,10141054,競技運動訓練研究所,N 職,M 碩士,47,109
3002,臺北市立大學,10142051,運動器材科技研究所,D 日,M 碩士,54,109
3002,臺北市立大學,10142051,運動器材科技研究所,N 職,M 碩士,2,109
3002,臺北市立大學,10142052,運動健康科學系,D 日,M 碩士,40,109
3002,臺北市立大學,10152050,休閒運動管理學系,D 日,M 碩士,39,109
3002,臺北市立大學,10152050,休閒運動管理學系,N 職,M 碩士,44,109
1,國立政治大學,01111001,教育學系,D 日,M 碩士,27,110
1,國立政治大學,01114005,教育行政與政策研究所,D 日,M 碩士,49,110
1,國立政治大學,01114006,學校行政碩士在職專班,N 職,M 碩士,79,110
1,國立政治大學,01121004,幼兒教育研究所,D 日,M 碩士,47,110
1,國立政治大學,02211019,宗教研究所,D 日,M 碩士,25,110
1,國立政治大學,02221020,歷史學系,D 日,M 碩士,63,110
1,國立政治大學,02221021,台灣史研究所,D 日,M 碩士,49,110
1,國立政治大學,02222031,民族學系,D 日,M 碩士,28,110
1,國立政治大學,02231022,哲學系,D 日,M 碩士,44,110
1,國立政治大學,02311009,英國語文學系,D 日,M 碩士,57,110
1,國立政治大學,02311009,英國語文學系英語教學碩士在職專班,N 職,M 碩士,38,110
1,國立政治大學,02311011,日本語文學系,D 日,M 碩士,21,110
1,國立政治大學,02311014,韓國語文學系,D 日,M 碩士,17,110
1,國立政治大學,02311017,斯拉夫語文學系,D 日,M 碩士,15,110
1,國立政治大學,02321007,台灣文學研究所,D 日,M 碩士,45,110
1,國立政治大學,02322008,中國文學系,D 日,M 碩士,83,110
1,國立政治大學,02322008,中國文學系國文教學碩士在職專班,N 職,M 碩士,75,110
1,國立政治大學,02323002,華語文教學碩士學位學程,D 日,M 碩士,57,110
1,國立政治大學,02399018,語言學研究所,D 日,M 碩士,31,110
1,國立政治大學,03111024,經濟學系,D 日,M 碩士,97,110
1,國立政治大學,03111025,應用經濟與社會發展英語碩士學位學程,D 日,M 碩士,29,110
1,國立政治大學,03121026,政治學系,D 日,M 碩士,73,110
1,國立政治大學,03121029,國際事務學院國家安全與大陸研究碩士在職專班,N 職,M 碩士,65,110
1,國立政治大學,03122045,外交學系,D 日,M 碩士,83,110
1,國立政治大學,03122045,外交學系戰略與國際事務碩士在職專班,N 職,M 碩士,70,110
1,國立政治大學,03122046,國際研究英語碩士學位學程,D 日,M 碩士,38,110
1,國立政治大學,03131032,心理學系,D 日,M 碩士,87,110
1,國立政治大學,03131033,輔導與諮商碩士學位學程,D 日,M 碩士,42,110
1,國立政治大學,03141030,社會學系,D 日,M 碩士,67,110
1,國立政治大學,03143023,中東與中亞研究碩士學位學程,D 日,M 碩士,14,110
1,國立政治大學,03143028,東亞研究所,D 日,M 碩士,81,110
1,國立政治大學,03143036,日本研究碩士學位學程,D 日,M 碩士,41,110
1,國立政治大學,03143038,俄羅斯研究所,D 日,M 碩士,35,110
1,國立政治大學,03143040,亞太研究英語碩士學位學程,D 日,M 碩士,38,110
1,國立政治大學,03143043,地政學系,D 日,M 碩士,73,110
1,國立政治大學,03143043,地政學系,N 職,M 碩士,108,110
1,國立政治大學,03143090,土地政策與環境規劃碩士原住民專班,D 日,M 碩士,34,110
1,國立政治大學,03191047,國家發展研究所,D 日,M 碩士,77,110
1,國立政治大學,03199048,勞工研究所,D 日,M 碩士,83,110
1,國立政治大學,03211049,傳播學院傳播碩士學位學程,D 日,M 碩士,229,110
1,國立政治大學,03211050,國際傳播英語碩士學位學程,D 日,M 碩士,52,110
1,國立政治大學,03211056,傳播學院碩士在職專班,N 職,M 碩士,94,110
1,國立政治大學,03222054,圖書資訊與檔案學研究所,D 日,M 碩士,57,110
1,國立政治大學,03222054,圖書資訊與檔案學研究所圖書資訊學數位碩士在職專班,N 職,M 碩士,56,110
1,國立政治大學,04111059,會計學系,D 日,M 碩士,133,110
1,國立政治大學,04121065,財務管理學系,D 日,M 碩士,79,110
1,國立政治大學,04121068,金融學系,D 日,M 碩士,78,110
1,國立政治大學,04122070,財政學系,D 日,M 碩士,70,110
1,國立政治大學,04123069,風險管理與保險學系,D 日,M 碩士,70,110
1,國立政治大學,04131060,企業管理研究所(MBA學位學程),D 日,M 碩士,237,110
1,國立政治大學,04131062,經營管理碩士學程全球華商班,N 職,M 碩士,347,110
1,國立政治大學,04131064,國際經營管理英語碩士學位學程,D 日,M 碩士,125,110
1,國立政治大學,04134041,公共行政學系,D 日,M 碩士,106,110
1,國立政治大學,04134042,行政管理碩士學程,N 職,M 碩士,353,110
1,國立政治大學,04141067,國際經營與貿易學系,D 日,M 碩士,113,110
1,國立政治大學,04199072,科技管理與智慧財產研究所,D 日,M 碩士,155,110
1,國立政治大學,04211074,法律科際整合研究所,D 日,M 碩士,87,110
1,國立政治大學,04211075,法學院碩士在職專班,N 職,M 碩士,260,110
1,國立政治大學,04212073,法律學系,D 日,M 碩士,239,110
1,國立政治大學,05199083,神經科學研究所,D 日,M 碩士,6,110
1,國立政治大學,05331077,應用物理研究所,D 日,M 碩士,15,110
1,國立政治大學,05411078,應用數學系,D 日,M 碩士,61,110
1,國立政治大學,05421079,統計學系,D 日,M 碩士,65,110
1,國立政治大學,06131080,資訊管理學系,D 日,M 碩士,103,110
1,國立政治大學,06131081,資訊科學系,D 日,M 碩士,128,110
1,國立政治大學,06131081,資訊科學系,N 職,M 碩士,87,110
1,國立政治大學,06134057,數位內容碩士學位學程,D 日,M 碩士,59,110
1,國立政治大學,09231084,社會工作研究所,D 日,M 碩士,57,110
2,國立清華大學,01111084,教育與學習科技學系行政與評鑑組,D 日,M 碩士,139,110
2,國立清華大學,01111084,教育與學習科技學系馬?西亞境外碩士在職專班,N 職,M 碩士,207,110
2,國立清華大學,01112083,人力資源與數位學習科技研究所,D 日,M 碩士,2,110
2,國立清華大學,01113095,特殊教育學系,D 日,M 碩士,58,110
2,國立清華大學,01113110,學前特殊教育碩士在職學位學程,N 職,M 碩士,21,110
2,國立清華大學,01115124,華德福教育碩士在職學位學程,N 職,M 碩士,30,110
2,國立清華大學,01121091,幼兒教育學系,D 日,M 碩士,64,110
2,國立清華大學,01121091,幼兒教育學系,N 職,M 碩士,62,110
2,國立清華大學,01131085,數理教育研究所,D 日,M 碩士,73,110
2,國立清華大學,01131085,數理教育研究所,N 職,M 碩士,87,110
2,國立清華大學,01131105,英語教學系,D 日,M 碩士,36,110
2,國立清華大學,01141098,藝術與設計學系美勞教師碩士在職專班,N 職,M 碩士,32,110
2,國立清華大學,01141127,運動科學系,D 日,M 碩士,46,110
2,國立清華大學,01141127,運動科學系,N 職,M 碩士,54,110
2,國立清華大學,01199130,竹師教育學院跨領域STEAM教育碩士在職專班,N 職,M 碩士,14,110
2,國立清華大學,02131098,藝術與設計學系,D 日,M 碩士,86,110
2,國立清華大學,02151096,音樂學系,D 日,M 碩士,68,110
2,國立清華大學,02151096,音樂學系音樂教師碩士在職專班,N 職,M 碩士,6,110
2,國立清華大學,02221006,歷史研究所,D 日,M 碩士,38,110
2,國立清華大學,02222007,人類學研究所,D 日,M 碩士,45,110
2,國立清華大學,02231008,哲學研究所,D 日,M 碩士,31,110
2,國立清華大學,02299009,亞際文化研究國際碩士學位學程(台灣聯合大學系統),D 日,M 碩士,8,110
2,國立清華大學,02311002,外國語文學系,D 日,M 碩士,30,110
2,國立清華大學,02321001,台灣文學研究所,D 日,M 碩士,46,110
2,國立清華大學,02321101,臺灣語言研究與教學研究所,D 日,M 碩士,60,110
2,國立清華大學,02322003,中國文學系,D 日,M 碩士,87,110
2,國立清華大學,02322109,中國語文學系中文組,D 日,M 碩士,17,110
2,國立清華大學,02322109,中國語文學系語文教師碩士在職專班,N 職,M 碩士,18,110
2,國立清華大學,02323114,華文文學研究所,D 日,M 碩士,42,110
2,國立清華大學,02399005,語言學研究所,D 日,M 碩士,40,110
2,國立清華大學,03111011,經濟學系,D 日,M 碩士,54,110
2,國立清華大學,03131077,教育心理與諮商學系,D 日,M 碩士,147,110
2,國立清華大學,03131077,教育心理與諮商學系教育心理與諮商碩士在職專班,N 職,M 碩士,141,110
2,國立清華大學,03141012,社會學研究所,D 日,M 碩士,85,110
2,國立清華大學,03143013,台灣研究教師在職進修碩士學位班,N 職,M 碩士,68,110
2,國立清華大學,03199015,學習科學研究所,D 日,M 碩士,4,110
2,國立清華大學,03199111,學習科學與科技研究所,D 日,M 碩士,71,110
2,國立清華大學,04121019,科技管理學院財務金融碩士在職專班,N 職,M 碩士,59,110
2,國立清華大學,04121020,計量財務金融學系,D 日,M 碩士,44,110
2,國立清華大學,04131016,經營管理碩士在職專班,N 職,M 碩士,141,110
2,國立清華大學,04131018,國際專業管理碩士班,D 日,M 碩士,69,110
2,國立清華大學,04134014,科技管理學院公共政策與管理碩士在職專班,N 職,M 碩士,56,110
2,國立清華大學,04199017,科技管理研究所,D 日,M 碩士,63,110
2,國立清華大學,04199021,科技管理學院高階經營管理亞太地區馬來西亞境外碩士在職專班,N 職,M 碩士,143,110
2,國立清華大學,04199022,服務科學研究所,D 日,M 碩士,52,110
2,國立清華大學,04199131,科技管理學院健康政策與經營管理碩士在職專班,N 職,M 碩士,15,110
2,國立清華大學,04212024,科技法律研究所,D 日,M 碩士,107,110
2,國立清華大學,05111106,應用科學系生命科學組,D 日,M 碩士,1,110
2,國立清華大學,05121026,生物科技研究所,D 日,M 碩士,63,110
2,國立清華大學,05121028,分子與細胞生物研究所,D 日,M 碩士,38,110
2,國立清華大學,05121030,生物資訊與結構生物研究所,D 日,M 碩士,59,110
2,國立清華大學,05121072,分子醫學研究所,D 日,M 碩士,42,110
2,國立清華大學,05199033,系統神經科學研究所,D 日,M 碩士,27,110
2,國立清華大學,05211102,環境與文化資源學系,D 日,M 碩士,58,110
2,國立清華大學,05211102,環境與文化資源學系社區與社會學習領域碩士在職專班,N 職,M 碩士,47,110
2,國立清華大學,05311037,化學系,D 日,M 碩士,190,110
2,國立清華大學,05331038,物理學系,D 日,M 碩士,186,110
2,國立清華大學,05332039,天文研究所,D 日,M 碩士,16,110
2,國立清華大學,05399040,先進光源科技碩士學位學程,D 日,M 碩士,16,110
2,國立清華大學,05399121,分析與環境科學研究所,D 日,M 碩士,40,110
2,國立清華大學,05411043,數學系,D 日,M 碩士,52,110
2,國立清華大學,05411115,計算與建模科學研究所,D 日,M 碩士,23,110
2,國立清華大學,05421044,統計學研究所,D 日,M 碩士,54,110
2,國立清華大學,06131053,資訊工程學系,D 日,M 碩士,394,110
2,國立清華大學,06131122,資訊安全研究所,D 日,M 碩士,46,110
2,國立清華大學,06134046,資訊系統與應用研究所,D 日,M 碩士,149,110
2,國立清華大學,07111057,化學工程學系,D 日,M 碩士,185,110
2,國立清華大學,07112058,材料科學工程學系,D 日,M 碩士,291,110
2,國立清華大學,07131068,核子工程與科學研究所,D 日,M 碩士,44,110
2,國立清華大學,07141049,電機工程學系,D 日,M 碩士,407,110
2,國立清華大學,07141050,電子工程研究所,D 日,M 碩士,195,110
2,國立清華大學,07141052,光電工程研究所,D 日,M 碩士,127,110
2,國立清華大學,07141054,通訊工程研究所,D 日,M 碩士,151,110
2,國立清華大學,07151056,動力機械工程學系,D 日,M 碩士,320,110
2,國立清華大學,07151125,智慧生產與智能馬達電控產業碩士專班,D 日,M 碩士,3,110
2,國立清華大學,07151128,動力機械工程學系資通訊科技產品智慧設計控制與熱流產業碩士專班,D 日,M 碩士,3,110
2,國立清華大學,07151129,智慧生產與製造產業碩士專班,D 日,M 碩士,5,110
2,國立清華大學,07151134,AI智慧製造與工業物聯網產業碩士專班,D 日,M 碩士,3,110
2,國立清華大學,07191061,工業工程與工程管理學系,D 日,M 碩士,205,110
2,國立清華大學,07191061,工業工程與工程管理學系,N 職,M 碩士,119,110
2,國立清華大學,07191123,智慧製造跨院高階主管碩士在職學位學程,N 職,M 碩士,46,110
2,國立清華大學,07193063,生醫工程與環境科學系,D 日,M 碩士,108,110
2,國立清華大學,07193065,生物醫學工程研究所,D 日,M 碩士,50,110
2,國立清華大學,07194059,奈米工程與微系統研究所,D 日,M 碩士,56,110
2,國立清華大學,07194066,工程與系統科學系,D 日,M 碩士,197,110
2,國立清華大學,07199070,全球營運管理碩士雙聯學位學程,D 日,M 碩士,4,110
2,國立清華大學,99999074,跨院國際碩士學位學程,D 日,M 碩士,50,110
3,國立臺灣大學,01131001,華語教學碩士學位學程,D 日,M 碩士,49,110
3,國立臺灣大學,02151002,音樂學研究所,D 日,M 碩士,23,110
3,國立臺灣大學,02152003,戲劇學系,D 日,M 碩士,31,110
3,國立臺灣大學,02191004,藝術史研究所,D 日,M 碩士,47,110
3,國立臺灣大學,02221012,歷史學系,D 日,M 碩士,77,110
3,國立臺灣大學,02222013,人類學系,D 日,M 碩士,35,110
3,國立臺灣大學,02231014,哲學系,D 日,M 碩士,45,110
3,國立臺灣大學,02311007,外國語文學系,D 日,M 碩士,64,110
3,國立臺灣大學,02311009,日本語文學系,D 日,M 碩士,47,110
3,國立臺灣大學,02312010,翻譯碩士學位學程,D 日,M 碩士,55,110
3,國立臺灣大學,02321005,臺灣文學研究所,D 日,M 碩士,36,110
3,國立臺灣大學,02322006,中國文學系,D 日,M 碩士,84,110
3,國立臺灣大學,02399011,語言學研究所,D 日,M 碩士,34,110
3,國立臺灣大學,03111015,經濟學系,D 日,M 碩士,132,110
3,國立臺灣大學,03111015,經濟學系,N 職,M 碩士,73,110
3,國立臺灣大學,03121016,政治學系,D 日,M 碩士,128,110
3,國立臺灣大學,03121016,政治學系,N 職,M 碩士,69,110
3,國立臺灣大學,03131019,心理學系,D 日,M 碩士,117,110
3,國立臺灣大學,03141018,社會學系,D 日,M 碩士,39,110
3,國立臺灣大學,03142021,地理環境資源學系,D 日,M 碩士,65,110
3,國立臺灣大學,03191023,國家發展研究所,D 日,M 碩士,206,110
3,國立臺灣大學,03191023,國家發展研究所,N 職,M 碩士,88,110
3,國立臺灣大學,03212024,新聞研究所,D 日,M 碩士,94,110
3,國立臺灣大學,03222025,圖書資訊學系,D 日,M 碩士,63,110
3,國立臺灣大學,04111027,會計學系,D 日,M 碩士,106,110
3,國立臺灣大學,04121032,財務金融學系,D 日,M 碩士,136,110
3,國立臺灣大學,04131026,商學研究所,D 日,M 碩士,132,110
3,國立臺灣大學,04131028,管理學院企業管理碩士專班,D 日,M 碩士,174,110
3,國立臺灣大學,04131030,事業經營碩士在職學位學程,N 職,M 碩士,66,110
3,國立臺灣大學,04131031,國際企業學系,D 日,M 碩士,140,110
3,國立臺灣大學,04134022,公共事務研究所,D 日,M 碩士,62,110
3,國立臺灣大學,04199034,臺大復旦EMBA境外專班,N 職,M 碩士,279,110
3,國立臺灣大學,04199146,管理學院碩士在職專班,N 職,M 碩士,429,110
3,國立臺灣大學,04199148,管理學院創業創新管理碩士在職專班,N 職,M 碩士,75,110
3,國立臺灣大學,04211035,法律學系,D 日,M 碩士,472,110
3,國立臺灣大學,04212036,科際整合法律學研究所,D 日,M 碩士,144,110
3,國立臺灣大學,04212037,事業經營法務碩士在職學位學程,N 職,M 碩士,58,110
3,國立臺灣大學,05111038,生命科學系,D 日,M 碩士,68,110
3,國立臺灣大學,05111040,植物科學研究所,D 日,M 碩士,49,110
3,國立臺灣大學,05111041,昆蟲學系,D 日,M 碩士,33,110
3,國立臺灣大學,05121044,生物科技研究所,D 日,M 碩士,39,110
3,國立臺灣大學,05121045,生化科學研究所,D 日,M 碩士,47,110
3,國立臺灣大學,05121046,分子與細胞生物學研究所,D 日,M 碩士,58,110
3,國立臺灣大學,05121047,基因體與系統生物學學位學程,D 日,M 碩士,9,110
3,國立臺灣大學,05121151,生化科技學系,D 日,M 碩士,102,110
3,國立臺灣大學,05121160,生物科技管理碩士在職學位學程,N 職,M 碩士,64,110
3,國立臺灣大學,05123050,生物化學暨分子生物學研究所,D 日,M 碩士,69,110
3,國立臺灣大學,05199167,生物多樣性國際碩士學位學程,D 日,M 碩士,8,110
3,國立臺灣大學,05212043,生態學與演化生物學研究所,D 日,M 碩士,56,110
3,國立臺灣大學,05311051,化學系,D 日,M 碩士,222,110
3,國立臺灣大學,05321052,地質科學系,D 日,M 碩士,83,110
3,國立臺灣大學,05321053,氣候變遷與永續發展國際碩士學位學程,D 日,M 碩士,31,110
3,國立臺灣大學,05322056,大氣科學系,D 日,M 碩士,48,110
3,國立臺灣大學,05323057,海洋研究所,D 日,M 碩士,81,110
3,國立臺灣大學,05331054,物理學系,D 日,M 碩士,183,110
3,國立臺灣大學,05331055,應用物理學研究所,D 日,M 碩士,41,110
3,國立臺灣大學,05332058,天文物理研究所,D 日,M 碩士,12,110
3,國立臺灣大學,05411059,數學系,D 日,M 碩士,38,110
3,國立臺灣大學,05421060,統計碩士學位學程,D 日,M 碩士,34,110
3,國立臺灣大學,05499061,應用數學科學研究所,D 日,M 碩士,18,110
3,國立臺灣大學,06131062,資訊管理學系,D 日,M 碩士,127,110
3,國立臺灣大學,06131063,資訊網路與多媒體研究所,D 日,M 碩士,126,110
3,國立臺灣大學,06131067,資訊工程學系,D 日,M 碩士,378,110
3,國立臺灣大學,06131067,資訊工程學系,N 職,M 碩士,16,110
3,國立臺灣大學,06131081,生醫電子與資訊學研究所,D 日,M 碩士,121,110
3,國立臺灣大學,06131158,資料科學碩士學位學程,D 日,M 碩士,43,110
3,國立臺灣大學,07111076,化學工程學系,D 日,M 碩士,243,110
3,國立臺灣大學,07111077,高分子科學與工程學研究所,D 日,M 碩士,57,110
3,國立臺灣大學,07112078,材料科學與工程學系,D 日,M 碩士,181,110
3,國立臺灣大學,07121080,環境工程學研究所,D 日,M 碩士,112,110
3,國立臺灣大學,07121080,環境工程學研究所,N 職,M 碩士,15,110
3,國立臺灣大學,07141064,電機工程學系,D 日,M 碩士,276,110
3,國立臺灣大學,07141065,電子工程學研究所,D 日,M 碩士,408,110
3,國立臺灣大學,07141066,光電工程學研究所,D 日,M 碩士,296,110
3,國立臺灣大學,07141068,電信工程學研究所,D 日,M 碩士,343,110
3,國立臺灣大學,07141068,電信工程學研究所,N 職,M 碩士,25,110
3,國立臺灣大學,07151069,機械工程學系,D 日,M 碩士,445,110
3,國立臺灣大學,07151082,工程科學及海洋工程學系,D 日,M 碩士,237,110
3,國立臺灣大學,07151161,生物機電工程學系,D 日,M 碩士,110,110
3,國立臺灣大學,07191079,工業工程學研究所,D 日,M 碩士,62,110
3,國立臺灣大學,07191079,工業工程學研究所,N 職,M 碩士,37,110
3,國立臺灣大學,07193083,醫學工程學系,D 日,M 碩士,95,110
3,國立臺灣大學,07194071,應用力學研究所,D 日,M 碩士,177,110
3,國立臺灣大學,07211099,食品科技研究所,D 日,M 碩士,90,110
3,國立臺灣大學,07313086,建築與城鄉研究所,D 日,M 碩士,145,110
3,國立臺灣大學,07321074,土木工程學系,D 日,M 碩士,359,110
3,國立臺灣大學,07321074,土木工程學系,N 職,M 碩士,47,110
3,國立臺灣大學,07321075,生物環境系統工程學系,D 日,M 碩士,65,110
3,國立臺灣大學,08111087,農藝學系,D 日,M 碩士,71,110
3,國立臺灣大學,08112089,動物科學技術學系,D 日,M 碩士,54,110
3,國立臺灣大學,08121091,園藝暨景觀學系,D 日,M 碩士,117,110
3,國立臺灣大學,08191100,農業化學系,D 日,M 碩士,57,110
3,國立臺灣大學,08192164,全球農業科技與基因體科學碩士學位學程,D 日,M 碩士,12,110
3,國立臺灣大學,08193096,農業經濟學系,D 日,M 碩士,94,110
3,國立臺灣大學,08193096,農業經濟學系,N 職,M 碩士,64,110
3,國立臺灣大學,08193098,生物產業傳播暨發展學系,D 日,M 碩士,32,110
3,國立臺灣大學,08193098,生物產業傳播暨發展學系,N 職,M 碩士,37,110
3,國立臺灣大學,08194094,植物病理與微生物學系,D 日,M 碩士,49,110
3,國立臺灣大學,08194095,植物醫學碩士學位學程,D 日,M 碩士,31,110
3,國立臺灣大學,08211102,森林環境暨資源學系,D 日,M 碩士,131,110
3,國立臺灣大學,08311103,漁業科學研究所,D 日,M 碩士,40,110
3,國立臺灣大學,08411104,獸醫學系,D 日,M 碩士,37,110
3,國立臺灣大學,08411105,臨床動物醫學研究所,D 日,M 碩士,39,110
3,國立臺灣大學,08411106,分子暨比較病理生物學研究所,D 日,M 碩士,16,110
3,國立臺灣大學,09111138,臨床牙醫學研究所,D 日,M 碩士,63,110
3,國立臺灣大學,09111138,臨床牙醫學研究所,N 職,M 碩士,12,110
3,國立臺灣大學,09111139,口腔生物科學研究所,D 日,M 碩士,27,110
3,國立臺灣大學,09121048,微生物學研究所,D 日,M 碩士,77,110
3,國立臺灣大學,09121108,臨床醫學研究所,N 職,M 碩士,89,110
3,國立臺灣大學,09121109,分子醫學研究所,D 日,M 碩士,29,110
3,國立臺灣大學,09121109,分子醫學研究所,N 職,M 碩士,26,110
3,國立臺灣大學,09121110,免疫學研究所,D 日,M 碩士,27,110
3,國立臺灣大學,09121111,生理學研究所,D 日,M 碩士,45,110
3,國立臺灣大學,09121112,病理學研究所,D 日,M 碩士,15,110
3,國立臺灣大學,09121114,解剖學暨細胞生物學研究所,D 日,M 碩士,23,110
3,國立臺灣大學,09121120,基因體暨蛋白體醫學研究所,D 日,M 碩士,16,110
3,國立臺灣大學,09121121,醫學教育暨生醫倫理研究所,D 日,M 碩士,12,110
3,國立臺灣大學,09121130,藥理學研究所,D 日,M 碩士,44,110
3,國立臺灣大學,09121140,法醫學研究所,D 日,M 碩士,22,110
3,國立臺灣大學,09121142,腦與心智科學研究所,D 日,M 碩士,38,110
3,國立臺灣大學,09131134,護理學系,D 日,M 碩士,95,110
3,國立臺灣大學,09141136,醫學檢驗暨生物技術學系,D 日,M 碩士,55,110
3,國立臺灣大學,09141143,醫療器材與醫學影像研究所,D 日,M 碩士,10,110
3,國立臺灣大學,09151132,物理治療學系,D 日,M 碩士,35,110
3,國立臺灣大學,09152133,職能治療學系,D 日,M 碩士,27,110
3,國立臺灣大學,09161129,藥學系,D 日,M 碩士,54,110
3,國立臺灣大學,09161131,臨床藥學研究所,D 日,M 碩士,18,110
3,國立臺灣大學,09191122,公共衛生碩士學位學程,D 日,M 碩士,82,110
3,國立臺灣大學,09191126,流行病學與預防醫學研究所,D 日,M 碩士,90,110
3,國立臺灣大學,09191126,流行病學與預防醫學研究所,N 職,M 碩士,17,110
3,國立臺灣大學,09191127,健康政策與管理研究所,D 日,M 碩士,64,110
3,國立臺灣大學,09191127,健康政策與管理研究所,N 職,M 碩士,45,110
3,國立臺灣大學,09191128,健康行為與社區科學研究所,D 日,M 碩士,35,110
3,國立臺灣大學,09191157,食品安全與健康研究所,D 日,M 碩士,37,110
3,國立臺灣大學,09191162,環境與職業健康科學研究所,D 日,M 碩士,73,110
3,國立臺灣大學,09191163,全球衛生碩士學位學程,D 日,M 碩士,23,110
3,國立臺灣大學,09199141,毒理學研究所,D 日,M 碩士,23,110
3,國立臺灣大學,09199159,國際三校農業生技與健康醫療碩士學位學程,D 日,M 碩士,10,110
3,國立臺灣大學,09231144,社會工作學系,D 日,M 碩士,67,110
3,國立臺灣大學,10152145,運動設施與健康管理碩士學位學程,D 日,M 碩士,42,110
4,國立臺灣師範大學,01111001,教育學系,D 日,M 碩士,71,110
4,國立臺灣師範大學,01111001,教育學系國防教育碩士在職專班,N 職,M 碩士,124,110
4,國立臺灣師範大學,01113018,特殊教育學系,D 日,M 碩士,74,110
4,國立臺灣師範大學,01113018,特殊教育學系,N 職,M 碩士,82,110
4,國立臺灣師範大學,01114019,教育政策與行政研究所,D 日,M 碩士,52,110
4,國立臺灣師範大學,01115002,課程與教學研究所,D 日,M 碩士,50,110
4,國立臺灣師範大學,01115006,科學教育研究所,D 日,M 碩士,61,110
4,國立臺灣師範大學,01116014,資訊教育研究所,D 日,M 碩士,61,110
4,國立臺灣師範大學,01118010,工業教育學系,D 日,M 碩士,97,110
4,國立臺灣師範大學,01131004,公民教育與活動領導學系,D 日,M 碩士,84,110
4,國立臺灣師範大學,01131004,公民教育與活動領導學系公民與社會教學碩士在職專班,N 職,M 碩士,51,110
4,國立臺灣師範大學,01131009,社會教育學系,D 日,M 碩士,76,110
4,國立臺灣師範大學,01131009,社會教育學系社會教育與文化行政碩士在職專班,N 職,M 碩士,66,110
4,國立臺灣師範大學,01131017,健康促進與衛生教育學系,D 日,M 碩士,62,110
4,國立臺灣師範大學,01141007,人類發展與家庭學系,D 日,M 碩士,79,110
4,國立臺灣師範大學,01141007,人類發展與家庭學系幼兒教育碩士在職專班,N 職,M 碩士,2,110
4,國立臺灣師範大學,01141010,工業教育學系技職教育行政教師碩士在職專班,N 職,M 碩士,100,110
4,國立臺灣師範大學,01141013,環境教育研究所,D 日,M 碩士,57,110
4,國立臺灣師範大學,01141015,體育學系,D 日,M 碩士,0,110
4,國立臺灣師範大學,01141015,體育學系碩士在職專班,N 職,M 碩士,0,110
4,國立臺灣師範大學,01141017,健康促進與衛生教育學系健康促進與衛生教育碩士在職專班,N 職,M 碩士,108,110
4,國立臺灣師範大學,01141087,體育與運動科學系,D 日,M 碩士,145,110
4,國立臺灣師範大學,01141087,體育與運動科學系特殊(適應)體育教學碩士在職專班,N 職,M 碩士,43,110
4,國立臺灣師範大學,01199021,教育學院創造力發展碩士在職專班,N 職,M 碩士,98,110
4,國立臺灣師範大學,01199022,科技應用與人力資源發展學系,D 日,M 碩士,93,110
4,國立臺灣師範大學,01199022,科技應用與人力資源發展學系人力資源發展碩士在職專班,N 職,M 碩士,88,110
4,國立臺灣師範大學,02112037,設計學系,D 日,M 碩士,76,110
4,國立臺灣師範大學,02112037,設計學系設計教學碩士在職專班,N 職,M 碩士,86,110
4,國立臺灣師範大學,02131023,美術學系,D 日,M 碩士,131,110
4,國立臺灣師範大學,02131023,美術學系美術教學碩士在職專班,N 職,M 碩士,162,110
4,國立臺灣師範大學,02151024,音樂學系,D 日,M 碩士,139,110
4,國立臺灣師範大學,02151024,音樂學系,N 職,M 碩士,189,110
4,國立臺灣師範大學,02151025,民族音樂研究所,D 日,M 碩士,59,110
4,國立臺灣師範大學,02152027,表演藝術研究所,D 日,M 碩士,91,110
4,國立臺灣師範大學,02191026,藝術史研究所,D 日,M 碩士,55,110
4,國立臺灣師範大學,02221035,歷史學系,D 日,M 碩士,94,110
4,國立臺灣師範大學,02221035,歷史學系歷史教學碩士在職專班,N 職,M 碩士,2,110
4,國立臺灣師範大學,02221036,臺灣史研究所,D 日,M 碩士,54,110
4,國立臺灣師範大學,02299045,歐洲文化與觀光研究所,D 日,M 碩士,50,110
4,國立臺灣師範大學,02311033,英語學系,D 日,M 碩士,182,110
4,國立臺灣師範大學,02311033,英語學系英語教學碩士在職專班,N 職,M 碩士,43,110
4,國立臺灣師範大學,02312034,翻譯研究所,D 日,M 碩士,86,110
4,國立臺灣師範大學,02312034,翻譯研究所軍事口譯所碩士現役軍人營區在職專班,N 職,M 碩士,9,110
4,國立臺灣師範大學,02313005,華語文教學系,D 日,M 碩士,209,110
4,國立臺灣師範大學,02313005,華語文教學系海外華語師資數位碩士在職專班,N 職,M 碩士,83,110
4,國立臺灣師範大學,02321028,臺灣語文學系,D 日,M 碩士,57,110
4,國立臺灣師範大學,02322029,國文學系,D 日,M 碩士,91,110
4,國立臺灣師範大學,02322029,國文學系,N 職,M 碩士,95,110
4,國立臺灣師範大學,03131003,教育心理與輔導學系,D 日,M 碩士,133,110
4,國立臺灣師範大學,03131003,教育心理與輔導學系,N 職,M 碩士,93,110
4,國立臺灣師範大學,03142041,地理學系,D 日,M 碩士,58,110
4,國立臺灣師範大學,03142041,地理學系地理教學碩士在職專班,N 職,M 碩士,55,110
4,國立臺灣師範大學,03143042,東亞學系,D 日,M 碩士,72,110
4,國立臺灣師範大學,03199070,復健諮商研究所,D 日,M 碩士,21,110
4,國立臺灣師範大學,03211048,大眾傳播研究所,D 日,M 碩士,89,110
4,國立臺灣師範大學,03214050,圖文傳播學系,D 日,M 碩士,68,110
4,國立臺灣師範大學,03214050,圖文傳播學系,N 職,M 碩士,96,110
4,國立臺灣師範大學,03222049,圖書資訊學研究所,D 日,M 碩士,56,110
4,國立臺灣師範大學,03222049,圖書資訊學研究所圖書資訊學碩士在職專班,N 職,M 碩士,70,110
4,國立臺灣師範大學,04131047,全球經營與策略研究所,D 日,M 碩士,65,110
4,國立臺灣師範大學,04131052,管理研究所,D 日,M 碩士,91,110
4,國立臺灣師範大學,04131055,管理學院高階經理人企業管理碩士在職專班,N 職,M 碩士,164,110
4,國立臺灣師範大學,04131082,運動與休閒學院樂活產業高階經理人企業管理碩士在職專班,N 職,M 碩士,73,110
4,國立臺灣師範大學,04191054,國際人力資源發展研究所,D 日,M 碩士,63,110
4,國立臺灣師範大學,05111056,生命科學系,D 日,M 碩士,90,110
4,國立臺灣師範大學,05121084,生技醫藥產業碩士學位學程,D 日,M 碩士,11,110
4,國立臺灣師範大學,05191083,營養科學碩士學位學程,D 日,M 碩士,21,110
4,國立臺灣師範大學,05311059,化學系,D 日,M 碩士,182,110
4,國立臺灣師範大學,05321060,地球科學系,D 日,M 碩士,69,110
4,國立臺灣師範大學,05331061,物理學系,D 日,M 碩士,85,110
4,國立臺灣師範大學,05411062,數學系,D 日,M 碩士,80,110
4,國立臺灣師範大學,05499062,數學系數學教學碩士在職專班,N 職,M 碩士,3,110
4,國立臺灣師範大學,06131065,資訊工程學系,D 日,M 碩士,179,110
4,國立臺灣師範大學,07141063,電機工程學系,D 日,M 碩士,122,110
4,國立臺灣師範大學,07141080,光電工程研究所,D 日,M 碩士,49,110
4,國立臺灣師範大學,07151068,機電工程學系,D 日,M 碩士,56,110
4,國立臺灣師範大學,09231071,社會工作學研究所,D 日,M 碩士,85,110
4,國立臺灣師範大學,10141074,運動競技學系,D 日,M 碩士,76,110
4,國立臺灣師範大學,10152077,運動休閒與餐旅管理研究所,D 日,M 碩士,102,110
4,國立臺灣師範大學,10152077,運動休閒與餐旅管理研究所運動休閒與餐旅管理碩士在職專班,N 職,M 碩士,68,110
4,國立臺灣師範大學,99999078,管理學院國際時尚高階管理碩士在職專班,N 職,M 碩士,81,110
5,國立成功大學,01111103,教育研究所,D 日,M 碩士,53,110
5,國立成功大學,02121105,科技藝術碩士學位學程,D 日,M 碩士,18,110
5,國立成功大學,02122112,創意產業設計研究所,D 日,M 碩士,61,110
5,國立成功大學,02123113,工業設計學系,D 日,M 碩士,95,110
5,國立成功大學,02123113,工業設計學系,N 職,M 碩士,33,110
5,國立成功大學,02152051,戲劇碩士學位學程,D 日,M 碩士,20,110
5,國立成功大學,02191104,藝術研究所,D 日,M 碩士,57,110
5,國立成功大學,02221110,歷史學系,D 日,M 碩士,49,110
5,國立成功大學,02222111,考古學研究所,D 日,M 碩士,49,110
5,國立成功大學,02311108,外國語文學系,D 日,M 碩士,51,110
5,國立成功大學,02321106,台灣文學系,D 日,M 碩士,45,110
5,國立成功大學,02321106,台灣文學系,N 職,M 碩士,14,110
5,國立成功大學,02322107,中國文學系中國文學碩士班,D 日,M 碩士,85,110
5,國立成功大學,02322107,中國文學系,N 職,M 碩士,0,110
5,國立成功大學,03111114,經濟學系,D 日,M 碩士,30,110
5,國立成功大學,03121115,政治學系政治經濟學碩士班,D 日,M 碩士,41,110
5,國立成功大學,03121115,政治學系政治經濟學碩士在職專班,N 職,M 碩士,52,110
5,國立成功大學,03131117,心理學系,D 日,M 碩士,52,110
5,國立成功大學,03131119,行為醫學研究所,D 日,M 碩士,31,110
5,國立成功大學,04111120,會計學系,D 日,M 碩士,85,110
5,國立成功大學,04121126,財務金融研究所,D 日,M 碩士,74,110
5,國立成功大學,04121126,財務金融研究所,N 職,M 碩士,137,110
5,國立成功大學,04131055,高階管理碩士在職專班(EMBA),N 職,M 碩士,254,110
5,國立成功大學,04131056,電信管理研究所,D 日,M 碩士,33,110
5,國立成功大學,04131121,企業管理學系,D 日,M 碩士,126,110
5,國立成功大學,04131121,企業管理學系,N 職,M 碩士,92,110
5,國立成功大學,04131122,經營管理碩士學位學程(AMBA),D 日,M 碩士,48,110
5,國立成功大學,04131124,國際企業研究所,D 日,M 碩士,83,110
5,國立成功大學,04131125,國際經營管理研究所(IMBA),D 日,M 碩士,81,110
5,國立成功大學,04131125,國際經營管理研究所(IMBA),N 職,M 碩士,77,110
5,國立成功大學,04199024,海洋科技與事務研究所,D 日,M 碩士,16,110
5,國立成功大學,04199057,工業與資訊管理學系,D 日,M 碩士,91,110
5,國立成功大學,04199057,工業與資訊管理學系,N 職,M 碩士,119,110
5,國立成功大學,04212001,法律學系,D 日,M 碩士,171,110
5,國立成功大學,04212001,法律學系,N 職,M 碩士,36,110
5,國立成功大學,05111003,生命科學系,D 日,M 碩士,53,110
5,國立成功大學,05111132,熱帶植物與微生物科學研究所,D 日,M 碩士,23,110
5,國立成功大學,05121008,生物科技與產業科學系,D 日,M 碩士,64,110
5,國立成功大學,05122009,微生物及免疫學研究所,D 日,M 碩士,44,110
5,國立成功大學,05123010,生物化學暨分子生物學研究所,D 日,M 碩士,43,110
5,國立成功大學,05291025,自然災害減災及管理國際碩士學位學程,D 日,M 碩士,21,110
5,國立成功大學,05311017,化學系,D 日,M 碩士,130,110
5,國立成功大學,05321019,地球科學系,D 日,M 碩士,51,110
5,國立成功大學,05321019,地球科學系,N 職,M 碩士,13,110
5,國立成功大學,05331021,物理學系,D 日,M 碩士,100,110
5,國立成功大學,05331023,太空與電漿科學研究所,D 日,M 碩士,19,110
5,國立成功大學,05411027,數學系,D 日,M 碩士,60,110
5,國立成功大學,05421029,統計學系,D 日,M 碩士,32,110
5,國立成功大學,05421128,數據科學研究所,D 日,M 碩士,20,110
5,國立成功大學,06131030,資訊管理研究所,D 日,M 碩士,65,110
5,國立成功大學,06131036,資訊工程學系,D 日,M 碩士,306,110
5,國立成功大學,06131036,資訊工程學系人工智慧與資訊系統碩士在職專班,N 職,M 碩士,27,110
5,國立成功大學,06131037,電腦與通信工程研究所,D 日,M 碩士,186,110
5,國立成功大學,06131095,醫學資訊研究所,D 日,M 碩士,35,110
5,國立成功大學,06131131,人工智慧科技碩士學位學程,D 日,M 碩士,41,110
5,國立成功大學,07111050,化學工程學系,D 日,M 碩士,259,110
5,國立成功大學,07112063,材料科學及工程學系,D 日,M 碩士,303,110
5,國立成功大學,07112065,尖端材料國際碩士學位學程,D 日,M 碩士,11,110
5,國立成功大學,07121070,環境工程學系,D 日,M 碩士,90,110
5,國立成功大學,07122026,水利及海洋工程學系,D 日,M 碩士,97,110
5,國立成功大學,07122026,水利及海洋工程學系,N 職,M 碩士,20,110
5,國立成功大學,07132052,能源工程國際碩士學位學程,D 日,M 碩士,32,110
5,國立成功大學,07141032,電機工程學系,D 日,M 碩士,726,110
5,國立成功大學,07141032,電機工程學系,N 職,M 碩士,75,110
5,國立成功大學,07141033,微電子工程研究所,D 日,M 碩士,140,110
5,國立成功大學,07141035,光電科學與工程學系,D 日,M 碩士,168,110
5,國立成功大學,07141040,奈米積體電路工程碩士學位學程,D 日,M 碩士,33,110
5,國立成功大學,07141041,製造資訊與系統研究所,D 日,M 碩士,74,110
5,國立成功大學,07141071,工程科學系,D 日,M 碩士,224,110
5,國立成功大學,07141071,工程科學系,N 職,M 碩士,141,110
5,國立成功大學,07141134,人工智慧機器人碩士學位學程,D 日,M 碩士,19,110
5,國立成功大學,07151042,機械工程學系,D 日,M 碩士,402,110
5,國立成功大學,07151133,智慧製造國際碩士學位學程,D 日,M 碩士,16,110
5,國立成功大學,07162043,航空太空工程學系,D 日,M 碩士,206,110
5,國立成功大學,07162043,航空太空工程學系,N 職,M 碩士,51,110
5,國立成功大學,07162100,民航研究所,D 日,M 碩士,22,110
5,國立成功大學,07163044,系統及船舶機電工程學系,D 日,M 碩士,92,110
5,國立成功大學,07191072,工程管理碩士在職專班,N 職,M 碩士,134,110
5,國立成功大學,07193061,生物醫學工程學系,D 日,M 碩士,112,110
5,國立成功大學,07211127,食品安全衛生暨風險管理研究所,D 日,M 碩士,37,110
5,國立成功大學,07241064,資源工程學系,D 日,M 碩士,87,110
5,國立成功大學,07311075,建築學系,D 日,M 碩士,191,110
5,國立成功大學,07311075,建築學系,N 職,M 碩士,46,110
5,國立成功大學,07313076,都市計劃學系,D 日,M 碩士,108,110
5,國立成功大學,07321049,土木工程學系,D 日,M 碩士,267,110
5,國立成功大學,07321049,土木工程學系,N 職,M 碩士,52,110
5,國立成功大學,07322067,測量及空間資訊學系,D 日,M 碩士,63,110
5,國立成功大學,09111096,口腔醫學研究所,D 日,M 碩士,23,110
5,國立成功大學,09121054,分子醫學研究所,D 日,M 碩士,40,110
5,國立成功大學,09121078,臨床醫學研究所,D 日,M 碩士,36,110
5,國立成功大學,09121078,臨床醫學研究所,N 職,M 碩士,16,110
5,國立成功大學,09121083,生理學研究所,D 日,M 碩士,31,110
5,國立成功大學,09121084,細胞生物與解剖學研究所,D 日,M 碩士,19,110
5,國立成功大學,09131090,護理學系,D 日,M 碩士,80,110
5,國立成功大學,09141094,醫學檢驗生物技術學系,D 日,M 碩士,34,110
5,國立成功大學,09151082,物理治療學系,D 日,M 碩士,28,110
5,國立成功大學,09152089,職能治療學系,D 日,M 碩士,18,110
5,國立成功大學,09161087,藥理學研究所,D 日,M 碩士,38,110
5,國立成功大學,09161088,臨床藥學與藥物科技研究所,D 日,M 碩士,34,110
5,國立成功大學,09191079,公共衛生研究所,D 日,M 碩士,32,110
5,國立成功大學,09191079,醫學院公共衛生碩士在職專班,N 職,M 碩士,32,110
5,國立成功大學,09191085,環境醫學研究所,D 日,M 碩士,49,110
5,國立成功大學,09211101,老年學研究所,D 日,M 碩士,34,110
5,國立成功大學,10152097,體育健康與休閒研究所,D 日,M 碩士,44,110
5,國立成功大學,10152097,體育健康與休閒研究所運動健康與休閒管理碩士在職專班,N 職,M 碩士,52,110
5,國立成功大學,10411098,交通管理科學系,D 日,M 碩士,82,110
5,國立成功大學,10411098,交通管理科學系,N 職,M 碩士,64,110
6,國立中興大學,01111001,教師專業發展研究所,D 日,M 碩士,34,110
6,國立中興大學,02221007,歷史學系,D 日,M 碩士,39,110
6,國立中興大學,02221007,歷史學系,N 職,M 碩士,20,110
6,國立中興大學,02311006,外國語文學系,D 日,M 碩士,27,110
6,國立中興大學,02321003,台灣文學與跨國文化研究所,D 日,M 碩士,44,110
6,國立中興大學,02321003,台灣文學與跨國文化研究所,N 職,M 碩士,32,110
6,國立中興大學,02322005,中國文學系,D 日,M 碩士,57,110
6,國立中興大學,02322005,中國文學系,N 職,M 碩士,33,110
6,國立中興大學,03111009,應用經濟學系,D 日,M 碩士,30,110
6,國立中興大學,03111009,應用經濟學系,N 職,M 碩士,30,110
6,國立中興大學,03122010,國際政治研究所,D 日,M 碩士,42,110
6,國立中興大學,03122010,國際政治研究所,N 職,M 碩士,72,110
6,國立中興大學,03222013,圖書資訊學研究所,D 日,M 碩士,33,110
6,國立中興大學,04111015,會計學系,D 日,M 碩士,49,110
6,國立中興大學,04121019,財務金融學系,D 日,M 碩士,67,110
6,國立中興大學,04131016,企業管理學系,D 日,M 碩士,72,110
6,國立中興大學,04131097,運動與健康管理研究所,D 日,M 碩士,22,110
6,國立中興大學,04134011,國家政策與公共事務研究所,D 日,M 碩士,20,110
6,國立中興大學,04134011,國家政策與公共事務研究所,N 職,M 碩士,70,110
6,國立中興大學,04143020,行銷學系,D 日,M 碩士,58,110
6,國立中興大學,04199012,全球事務研究跨洲碩士學位學程,D 日,M 碩士,37,110
6,國立中興大學,04199021,科技管理研究所科技管理碩士班,D 日,M 碩士,71,110
6,國立中興大學,04199021,科技管理研究所智慧科技管理碩士在職專班,N 職,M 碩士,18,110
6,國立中興大學,04199022,高階經理人碩士在職專班企業管理組,N 職,M 碩士,281,110
6,國立中興大學,04211023,法律學系,D 日,M 碩士,81,110
6,國立中興大學,04211023,法律學系,N 職,M 碩士,116,110
6,國立中興大學,05111026,生命科學系,D 日,M 碩士,114,110
6,國立中興大學,05111026,生命科學碩士在職專班,N 職,M 碩士,50,110
6,國立中興大學,05111029,昆蟲學系,D 日,M 碩士,48,110
6,國立中興大學,05121027,生物科技學研究所,D 日,M 碩士,48,110
6,國立中興大學,05121033,分子生物學研究所,D 日,M 碩士,48,110
6,國立中興大學,05121035,生物醫學研究所,D 日,M 碩士,30,110
6,國立中興大學,05121037,基因體暨生物資訊學研究所,D 日,M 碩士,24,110
6,國立中興大學,05123034,生物化學研究所,D 日,M 碩士,28,110
6,國立中興大學,05292082,水土保持學系,D 日,M 碩士,55,110
6,國立中興大學,05292082,水土保持學系,N 職,M 碩士,52,110
6,國立中興大學,05311039,化學系,D 日,M 碩士,153,110
6,國立中興大學,05331040,物理學系,D 日,M 碩士,27,110
6,國立中興大學,05331040,物理學系(奈米電子與光電能源)中科碩士在職專班,N 職,M 碩士,1,110
6,國立中興大學,05331058,奈米科學研究所,D 日,M 碩士,47,110
6,國立中興大學,05411041,應用數學系,D 日,M 碩士,34,110
6,國立中興大學,05411041,應用數學系,N 職,M 碩士,41,110
6,國立中興大學,05421042,統計學研究所,D 日,M 碩士,39,110
6,國立中興大學,06131043,資訊管理學系,D 日,M 碩士,117,110
6,國立中興大學,06131043,資訊管理學系,N 職,M 碩士,92,110
6,國立中興大學,06131048,資訊科學與工程學系,D 日,M 碩士,152,110
6,國立中興大學,06131048,資訊科學與工程學系,N 職,M 碩士,89,110
6,國立中興大學,06131106,資料科學與資訊計算研究所,D 日,M 碩士,15,110
6,國立中興大學,06132100,人工智慧與資料科學碩士在職學位學程,N 職,M 碩士,59,110
6,國立中興大學,07111055,化學工程學系,D 日,M 碩士,134,110
6,國立中興大學,07111055,化學工程學系,N 職,M 碩士,57,110
6,國立中興大學,07112057,材料科學與工程學系,D 日,M 碩士,118,110
6,國立中興大學,07112057,材料科學與工程學系,N 職,M 碩士,101,110
6,國立中興大學,07112099,光電材料產業碩士專班,D 日,M 碩士,1,110
6,國立中興大學,07121059,環境工程學系,D 日,M 碩士,86,110
6,國立中興大學,07121059,環境工程學系,N 職,M 碩士,99,110
6,國立中興大學,07141045,電機工程學系,D 日,M 碩士,205,110
6,國立中興大學,07141045,電機工程學系,N 職,M 碩士,79,110
6,國立中興大學,07141046,光電工程研究所,D 日,M 碩士,30,110
6,國立中興大學,07141049,通訊工程研究所,D 日,M 碩士,26,110
6,國立中興大學,07141104,電子系統產業碩士專班,D 日,M 碩士,0,110
6,國立中興大學,07141105,電機控制產業碩士專班,D 日,M 碩士,0,110
6,國立中興大學,07141C02,光電半導體技術產業碩士專班,D 日,M 碩士,8,110
6,國立中興大學,07151050,機械工程學系,D 日,M 碩士,206,110
6,國立中興大學,07151050,機械工程學系,N 職,M 碩士,99,110
6,國立中興大學,07151051,精密工程研究所,D 日,M 碩士,60,110
6,國立中興大學,07151051,精密工程研究所,N 職,M 碩士,33,110
6,國立中興大學,07151052,生物產業機電工程學系,D 日,M 碩士,37,110
6,國立中興大學,07193060,生醫工程研究所,D 日,M 碩士,30,110
6,國立中興大學,07211081,食品暨應用生物科技學系,D 日,M 碩士,89,110
6,國立中興大學,07211081,食品暨應用生物科技學系,N 職,M 碩士,52,110
6,國立中興大學,07211098,食品安全研究所,D 日,M 碩士,32,110
6,國立中興大學,07312061,景觀與遊憩碩士學位學程,D 日,M 碩士,11,110
6,國立中興大學,07321054,土木工程學系,D 日,M 碩士,104,110
6,國立中興大學,07321054,土木工程學系,N 職,M 碩士,75,110
6,國立中興大學,08111063,農藝學系,D 日,M 碩士,47,110
6,國立中興大學,08111064,國際農學碩士學位學程,D 日,M 碩士,24,110
6,國立中興大學,08112066,動物科學系,D 日,M 碩士,63,110
6,國立中興大學,08121067,園藝學系,D 日,M 碩士,80,110
6,國立中興大學,08191083,土壤環境科學系,D 日,M 碩士,32,110
6,國立中興大學,08193076,生物產業管理研究所,D 日,M 碩士,36,110
6,國立中興大學,08193077,農業企業經營管理碩士在職專班,N 職,M 碩士,55,110
6,國立中興大學,08193079,農業經濟與行銷碩士學位學程,D 日,M 碩士,18,110
6,國立中興大學,08194068,植物病理學系,D 日,M 碩士,39,110
6,國立中興大學,08194069,植物醫學暨安全農業碩士學位學程,D 日,M 碩士,25,110
6,國立中興大學,08211086,森林學系,D 日,M 碩士,73,110
6,國立中興大學,08411087,獸醫學系,D 日,M 碩士,69,110
6,國立中興大學,08411089,獸醫病理生物學研究所,D 日,M 碩士,14,110
6,國立中興大學,08411092,微生物暨公共衛生學研究所,D 日,M 碩士,18,110
7,國立陽明交通大學,01111001,教育研究所,D 日,M 碩士,83,110
7,國立陽明交通大學,01131002,英語教學研究所,D 日,M 碩士,40,110
7,國立陽明交通大學,02122004,應用藝術研究所,D 日,M 碩士,78,110
7,國立陽明交通大學,02151003,音樂研究所,D 日,M 碩士,66,110
7,國立陽明交通大學,02191107,視覺文化研究所,D 日,M 碩士,18,110
7,國立陽明交通大學,02231108,心智哲學研究所,D 日,M 碩士,26,110
7,國立陽明交通大學,02299008,人文社會學系族群與文化碩士班,D 日,M 碩士,30,110
7,國立陽明交通大學,02299009,亞際文化研究國際碩士學位學程(台灣聯合大學系統),D 日,M 碩士,24,110
7,國立陽明交通大學,02299010,社會與文化研究所,D 日,M 碩士,34,110
7,國立陽明交通大學,02311005,外國語文學系外國文學與語言學碩士班,D 日,M 碩士,40,110
7,國立陽明交通大學,03143013,客家社會與文化碩士在職專班,N 職,M 碩士,66,110
7,國立陽明交通大學,03199109,科技與社會研究所,D 日,M 碩士,23,110
7,國立陽明交通大學,03211014,傳播研究所,D 日,M 碩士,75,110
7,國立陽明交通大學,03211015,傳播與科技學系,D 日,M 碩士,47,110
7,國立陽明交通大學,04121020,資訊管理與財務金融學系財務金融碩士班,D 日,M 碩士,108,110
7,國立陽明交通大學,04131016,管理學院企業管理碩士學位學程,D 日,M 碩士,73,110
7,國立陽明交通大學,04131017,經營管理研究所,D 日,M 碩士,95,110
7,國立陽明交通大學,04131018,管理科學系,D 日,M 碩士,73,110
7,國立陽明交通大學,04131026,管理學院碩士在職專班,N 職,M 碩士,429,110
7,國立陽明交通大學,04131164,生技醫療經營管理碩士在職學位學程,N 職,M 碩士,38,110
7,國立陽明交通大學,04133110,醫務管理研究所,D 日,M 碩士,23,110
7,國立陽明交通大學,04133110,醫務管理研究所,N 職,M 碩士,52,110
7,國立陽明交通大學,04199023,科技管理研究所,D 日,M 碩士,51,110
7,國立陽明交通大學,04199024,高階主管管理碩士學程,N 職,M 碩士,128,110
7,國立陽明交通大學,04212027,科技法律研究所,D 日,M 碩士,112,110
7,國立陽明交通大學,04212027,科技法律研究所,N 職,M 碩士,89,110
7,國立陽明交通大學,05121028,生物科技學系,D 日,M 碩士,106,110
7,國立陽明交通大學,05121030,分子醫學與生物工程研究所,D 日,M 碩士,60,110
7,國立陽明交通大學,05121112,生命科學系暨基因體科學研究所,D 日,M 碩士,57,110
7,國立陽明交通大學,05122114,微生物及免疫學研究所,D 日,M 碩士,57,110
7,國立陽明交通大學,05123116,生化暨分子生物研究所,D 日,M 碩士,46,110
7,國立陽明交通大學,05124034,生物資訊及系統生物研究所,D 日,M 碩士,40,110
7,國立陽明交通大學,05124117,生物醫學資訊研究所,D 日,M 碩士,61,110
7,國立陽明交通大學,05311036,應用化學系,D 日,M 碩士,246,110
7,國立陽明交通大學,05311038,跨領域分子科學國際碩士學位學程,D 日,M 碩士,1,110
7,國立陽明交通大學,05331040,物理研究所,D 日,M 碩士,73,110
7,國立陽明交通大學,05331041,電子物理學系,D 日,M 碩士,163,110
7,國立陽明交通大學,05399042,加速器光源科技與應用碩士學位學程,D 日,M 碩士,5,110
7,國立陽明交通大學,05399044,理學院碩士在職專班,N 職,M 碩士,129,110
7,國立陽明交通大學,05411045,應用數學系,D 日,M 碩士,71,110
7,國立陽明交通大學,05421047,統計學研究所,D 日,M 碩士,47,110
7,國立陽明交通大學,06121060,網路工程研究所,D 日,M 碩士,123,110
7,國立陽明交通大學,06131022,資訊管理研究所,D 日,M 碩士,93,110
7,國立陽明交通大學,06131061,資訊科學與工程研究所,D 日,M 碩士,406,110
7,國立陽明交通大學,06131092,數據科學與工程研究所,D 日,M 碩士,89,110
7,國立陽明交通大學,06131098,資訊學院國防資安管理碩士在職現役軍人營區專班,N 職,M 碩士,80,110
7,國立陽明交通大學,06131100,資電亥客與安全碩士學位學程,D 日,M 碩士,39,110
7,國立陽明交通大學,06131104,智慧計算與科技研究所,D 日,M 碩士,40,110
7,國立陽明交通大學,06132049,多媒體工程研究所,D 日,M 碩士,133,110
7,國立陽明交通大學,06133082,聲音與音樂創意科技碩士學位學程,D 日,M 碩士,0,110
7,國立陽明交通大學,06199105,智慧與綠能產學研究所,D 日,M 碩士,44,110
7,國立陽明交通大學,07112072,材料科學與工程學系,D 日,M 碩士,222,110
7,國立陽明交通大學,07121076,環境工程研究所,D 日,M 碩士,72,110
7,國立陽明交通大學,07132081,照明與能源光電研究所,D 日,M 碩士,75,110
7,國立陽明交通大學,07141050,電機工程學系,D 日,M 碩士,201,110
7,國立陽明交通大學,07141053,電子研究所,D 日,M 碩士,578,110
7,國立陽明交通大學,07141055,光電工程學系,D 日,M 碩士,264,110
7,國立陽明交通大學,07141057,光電科技碩士在職專班,N 職,M 碩士,56,110
7,國立陽明交通大學,07141062,電信工程研究所,D 日,M 碩士,322,110
7,國立陽明交通大學,07141063,平面顯示技術碩士學位學程,N 職,M 碩士,2,110
7,國立陽明交通大學,07141064,電控工程研究所,D 日,M 碩士,203,110
7,國立陽明交通大學,07141065,光電系統研究所,D 日,M 碩士,81,110
7,國立陽明交通大學,07141066,國際半導體產業學院越南境外碩士專班,D 日,M 碩士,100,110
7,國立陽明交通大學,07141067,電機學院碩士在職專班,N 職,M 碩士,160,110
7,國立陽明交通大學,07141068,電機資訊國際碩士學位學程,D 日,M 碩士,54,110
7,國立陽明交通大學,07141069,資訊學院碩士在職專班,N 職,M 碩士,106,110
7,國立陽明交通大學,07141099,人工智慧技術與應用碩士學位學程,D 日,M 碩士,60,110
7,國立陽明交通大學,07141103,智慧系統與應用研究所,D 日,M 碩士,39,110
7,國立陽明交通大學,07151070,機械工程學系,D 日,M 碩士,288,110
7,國立陽明交通大學,07151093,機器人碩士學位學程,D 日,M 碩士,69,110
7,國立陽明交通大學,07191075,工業工程與管理學系,D 日,M 碩士,128,110
7,國立陽明交通大學,07193077,生醫工程研究所,D 日,M 碩士,136,110
7,國立陽明交通大學,07193079,影像與生醫光電研究所,D 日,M 碩士,76,110
7,國立陽明交通大學,07193120,生醫光電研究所,D 日,M 碩士,61,110
7,國立陽明交通大學,07193122,生物醫學工程學系,D 日,M 碩士,90,110
7,國立陽明交通大學,07199083,工學院碩士在職專班,N 職,M 碩士,376,110
7,國立陽明交通大學,07311085,建築研究所,D 日,M 碩士,79,110
7,國立陽明交通大學,07321071,土木工程學系,D 日,M 碩士,200,110
7,國立陽明交通大學,09111160,牙醫學系,D 日,M 碩士,21,110
7,國立陽明交通大學,09111162,口腔生物研究所,D 日,M 碩士,20,110
7,國立陽明交通大學,09121126,臨床醫學研究所,D 日,M 碩士,29,110
7,國立陽明交通大學,09121126,臨床醫學研究所,N 職,M 碩士,15,110
7,國立陽明交通大學,09121129,生理學研究所,D 日,M 碩士,40,110
7,國立陽明交通大學,09121130,神經科學研究所,D 日,M 碩士,37,110
7,國立陽明交通大學,09121132,解剖學及細胞生物學研究所,D 日,M 碩士,33,110
7,國立陽明交通大學,09121133,急重症醫學研究所,D 日,M 碩士,31,110
7,國立陽明交通大學,09121134,腦科學研究所,D 日,M 碩士,44,110
7,國立陽明交通大學,09121144,藥理學研究所,D 日,M 碩士,33,110
7,國立陽明交通大學,09131149,護理學系,N 職,M 碩士,55,110
7,國立陽明交通大學,09131150,臨床護理研究所,D 日,M 碩士,64,110
7,國立陽明交通大學,09131153,社區健康照護研究所,D 日,M 碩士,51,110
7,國立陽明交通大學,09141158,醫學生物技術暨檢驗學系,D 日,M 碩士,43,110
7,國立陽明交通大學,09141159,生物醫學影像暨放射科學系,D 日,M 碩士,45,110
7,國立陽明交通大學,09151148,物理治療暨輔助科技學系,D 日,M 碩士,79,110
7,國立陽明交通大學,09161142,藥學系,D 日,M 碩士,26,110
7,國立陽明交通大學,09161145,生物藥學研究所,D 日,M 碩士,44,110
7,國立陽明交通大學,09171143,傳統醫藥研究所,D 日,M 碩士,23,110
7,國立陽明交通大學,09191137,公共衛生研究所,D 日,M 碩士,78,110
7,國立陽明交通大學,09191138,衛生福利研究所,D 日,M 碩士,39,110
7,國立陽明交通大學,09191140,環境與職業衛生研究所,D 日,M 碩士,30,110
7,國立陽明交通大學,09191141,國際衛生碩士學位學程,D 日,M 碩士,32,110
7,國立陽明交通大學,09199167,食品安全及健康風險評估研究所,D 日,M 碩士,29,110
7,國立陽明交通大學,09211168,跨專業長期照顧與管理碩士學位學程,D 日,M 碩士,31,110
7,國立陽明交通大學,10411086,運輸與物流管理學系交通運輸碩士班,D 日,M 碩士,128,110
8,國立中央大學,01115001,學習與教學研究所,D 日,M 碩士,31,110
8,國立中央大學,02191004,藝術學研究所,D 日,M 碩士,30,110
8,國立中央大學,02221010,歷史研究所,D 日,M 碩士,37,110
8,國立中央大學,02221010,歷史研究所,N 職,M 碩士,45,110
8,國立中央大學,02231011,哲學研究所,D 日,M 碩士,19,110
8,國立中央大學,02231011,哲學研究所,N 職,M 碩士,49,110
8,國立中央大學,02299012,亞際文化研究國際碩士學位學程(台灣聯合大學系統),D 日,M 碩士,18,110
8,國立中央大學,02311007,英美語文學系,D 日,M 碩士,41,110
8,國立中央大學,02311008,法國語文學系,D 日,M 碩士,18,110
8,國立中央大學,02322006,中國文學系,D 日,M 碩士,58,110
8,國立中央大學,02322006,中國文學系,N 職,M 碩士,0,110
8,國立中央大學,03111013,經濟學系,D 日,M 碩士,31,110
8,國立中央大學,03111014,產業經濟研究所,D 日,M 碩士,58,110
8,國立中央大學,03111014,產業經濟研究所,N 職,M 碩士,63,110
8,國立中央大學,03131017,認知神經科學研究所,D 日,M 碩士,25,110
8,國立中央大學,03199020,客家語文暨社會科學學系客家社會文化碩士班,D 日,M 碩士,58,110
8,國立中央大學,03199020,客家語文暨社會科學學系客家研究碩士在職專班,N 職,M 碩士,68,110
8,國立中央大學,04111022,會計研究所,D 日,M 碩士,30,110
8,國立中央大學,04111022,會計研究所企業資源規劃會計碩士在職專班,N 職,M 碩士,44,110
8,國立中央大學,04121024,財務金融學系,D 日,M 碩士,60,110
8,國立中央大學,04121024,財務金融學系,N 職,M 碩士,65,110
8,國立中央大學,04131023,企業管理學系,D 日,M 碩士,132,110
8,國立中央大學,04131023,企業管理學系,N 職,M 碩士,79,110
8,國立中央大學,04199027,人力資源管理研究所,D 日,M 碩士,57,110
8,國立中央大學,04199027,人力資源管理研究所,N 職,M 碩士,64,110
8,國立中央大學,04199029,管理學院高階主管企管碩士班,N 職,M 碩士,173,110
8,國立中央大學,04211030,法律與政府研究所,D 日,M 碩士,50,110
8,國立中央大學,04211030,法律與政府研究所,N 職,M 碩士,25,110
8,國立中央大學,05121031,生命科學系,D 日,M 碩士,66,110
8,國立中央大學,05211048,遙測科技碩士學位學程,D 日,M 碩士,20,110
8,國立中央大學,05311035,化學學系,D 日,M 碩士,142,110
8,國立中央大學,05321036,地球科學學系地球物理碩士班,D 日,M 碩士,42,110
8,國立中央大學,05321037,應用地質研究所,D 日,M 碩士,41,110
8,國立中央大學,05322044,大氣科學學系大氣物理碩士班,D 日,M 碩士,51,110
8,國立中央大學,05322079,太空科學與工程學系,D 日,M 碩士,46,110
8,國立中央大學,05323039,水文與海洋科學研究所,D 日,M 碩士,20,110
8,國立中央大學,05331042,物理學系,D 日,M 碩士,89,110
8,國立中央大學,05332045,天文研究所,D 日,M 碩士,26,110
8,國立中央大學,05411051,數學系,D 日,M 碩士,59,110
8,國立中央大學,05421052,統計研究所,D 日,M 碩士,47,110
8,國立中央大學,06131053,資訊管理學系,D 日,M 碩士,138,110
8,國立中央大學,06131053,資訊管理學系,N 職,M 碩士,97,110
8,國立中央大學,06131059,資訊工程學系,D 日,M 碩士,336,110
8,國立中央大學,06131059,資訊工程學系,N 職,M 碩士,100,110
8,國立中央大學,06132002,網路學習科技研究所,D 日,M 碩士,49,110
8,國立中央大學,06132002,網路學習科技研究所,N 職,M 碩士,51,110
8,國立中央大學,07111069,化學工程與材料工程學系,D 日,M 碩士,143,110
8,國立中央大學,07112070,材料科學與工程研究所,D 日,M 碩士,48,110
8,國立中央大學,07121072,環境工程研究所,D 日,M 碩士,88,110
8,國立中央大學,07121072,環境工程研究所,N 職,M 碩士,65,110
8,國立中央大學,07121073,國際永續發展碩士學位學程,D 日,M 碩士,4,110
8,國立中央大學,07121073,國際永續發展碩士在職專班,N 職,M 碩士,0,110
8,國立中央大學,07132066,能源工程研究所,D 日,M 碩士,34,110
8,國立中央大學,07141055,電機工程學系,D 日,M 碩士,365,110
8,國立中央大學,07141057,光電科學與工程學系,D 日,M 碩士,183,110
8,國立中央大學,07141057,光電科學與工程學系,N 職,M 碩士,48,110
8,國立中央大學,07141060,通訊工程學系,D 日,M 碩士,142,110
8,國立中央大學,07141060,通訊工程學系,N 職,M 碩士,110,110
8,國立中央大學,07151064,機械工程學系,D 日,M 碩士,324,110
8,國立中央大學,07151064,機械工程學系,N 職,M 碩士,100,110
8,國立中央大學,07191026,工業管理研究所,D 日,M 碩士,54,110
8,國立中央大學,07191026,工業管理研究所,N 職,M 碩士,66,110
8,國立中央大學,07193074,生醫科學與工程學系生物醫學工程碩士班,D 日,M 碩士,74,110
8,國立中央大學,07321067,土木工程學系,D 日,M 碩士,236,110
8,國立中央大學,07321067,土木工程學系,N 職,M 碩士,121,110
9,國立中山大學,01111001,教育研究所,D 日,M 碩士,44,110
9,國立中山大學,01111001,教育研究所,N 職,M 碩士,62,110
9,國立中山大學,01111072,教育與人類發展研究全英語碩士學位學程,D 日,M 碩士,5,110
9,國立中山大學,02151002,音樂學系,D 日,M 碩士,42,110
9,國立中山大學,02192003,劇場藝術學系,D 日,M 碩士,22,110
9,國立中山大學,02192078,藝術管理與創業研究所,D 日,M 碩士,12,110
9,國立中山大學,02231008,哲學研究所,D 日,M 碩士,32,110
9,國立中山大學,02311006,外國語文學系,D 日,M 碩士,40,110
9,國立中山大學,02322005,中國文學系,D 日,M 碩士,51,110
9,國立中山大學,02322005,中國文學系(暑期專班)碩士班,N 職,M 碩士,1,110
9,國立中山大學,03111009,經濟學研究所,D 日,M 碩士,58,110
9,國立中山大學,03111009,經濟學研究所,N 職,M 碩士,22,110
9,國立中山大學,03121011,政治學研究所,D 日,M 碩士,50,110
9,國立中山大學,03121011,政治學研究所,N 職,M 碩士,30,110
9,國立中山大學,03121027,海洋事務研究所,D 日,M 碩士,30,110
9,國立中山大學,03122019,亞太事務英語碩士學位學程,D 日,M 碩士,18,110
9,國立中山大學,03141013,社會學系,D 日,M 碩士,31,110
9,國立中山大學,03141013,社會學系原住民碩士在職專班,N 職,M 碩士,46,110
9,國立中山大學,03143016,中國與亞太區域研究所,D 日,M 碩士,61,110
9,國立中山大學,03143016,中國與亞太區域研究所,N 職,M 碩士,44,110
9,國立中山大學,04121024,財務管理學系,D 日,M 碩士,86,110
9,國立中山大學,04121024,財務管理學系,N 職,M 碩士,66,110
9,國立中山大學,04121C01,金融創新產業碩士專班,D 日,M 碩士,28,110
9,國立中山大學,04131021,企業管理學系企業管理碩士班,D 日,M 碩士,253,110
9,國立中山大學,04131022,管理學院國際經營管理碩士學程,D 日,M 碩士,127,110
9,國立中山大學,04131028,人力資源管理全英語碩士學位學程,D 日,M 碩士,130,110
9,國立中山大學,04131028,人力資源管理研究所,N 職,M 碩士,138,110
9,國立中山大學,04131077,社會創新研究所,D 日,M 碩士,11,110
9,國立中山大學,04134017,公共事務管理研究所,D 日,M 碩士,40,110
9,國立中山大學,04134017,公共事務管理研究所,N 職,M 碩士,88,110
9,國立中山大學,04134018,社會科學院EMPP,N 職,M 碩士,27,110
9,國立中山大學,04134073,行政管理現役軍人營區碩士在職專班,N 職,M 碩士,12,110
9,國立中山大學,04199025,行銷傳播管理研究所,D 日,M 碩士,65,110
9,國立中山大學,04199025,行銷傳播管理研究所,N 職,M 碩士,59,110
9,國立中山大學,04199030,兩岸高階主管經營管理碩士在職專班,N 職,M 碩士,20,110
9,國立中山大學,04199068,管理學院EMBA,N 職,M 碩士,226,110
9,國立中山大學,05111033,生物科學系,D 日,M 碩士,33,110
9,國立中山大學,05111033,生物科學系,N 職,M 碩士,25,110
9,國立中山大學,05121035,生物醫學研究所,D 日,M 碩士,30,110
9,國立中山大學,05311037,化學系,D 日,M 碩士,135,110
9,國立中山大學,05323044,海洋生物科技暨資源學系,D 日,M 碩士,38,110
9,國立中山大學,05323047,海洋科學系,D 日,M 碩士,44,110
9,國立中山大學,05323075,海洋生態與保育研究所,D 日,M 碩士,17,110
9,國立中山大學,05331038,物理學系,D 日,M 碩士,62,110
9,國立中山大學,05411051,應用數學系,D 日,M 碩士,60,110
9,國立中山大學,06111055,資訊工程學系,D 日,M 碩士,300,110
9,國立中山大學,06131052,資訊管理學系,D 日,M 碩士,113,110
9,國立中山大學,06131052,資訊管理學系,N 職,M 碩士,93,110
9,國立中山大學,06131069,電子商務與商業分析數位學習碩士在職專班,N 職,M 碩士,78,110
9,國立中山大學,07112063,材料與光電科學學系,D 日,M 碩士,138,110
9,國立中山大學,07121064,環境工程研究所,D 日,M 碩士,50,110
9,國立中山大學,07121064,環境工程研究所,N 職,M 碩士,53,110
9,國立中山大學,07122065,海洋環境及工程學系,D 日,M 碩士,68,110
9,國立中山大學,07141053,電機工程學系,D 日,M 碩士,382,110
9,國立中山大學,07141054,光電工程學系,D 日,M 碩士,109,110
9,國立中山大學,07141056,電信工程國際碩士學位學程,D 日,M 碩士,9,110
9,國立中山大學,07141057,通訊工程研究所,D 日,M 碩士,61,110
9,國立中山大學,07141058,電機電力工程國際碩士學位學程,D 日,M 碩士,10,110
9,國立中山大學,07151059,海下科技研究所,D 日,M 碩士,21,110
9,國立中山大學,07151061,機械與機電工程學系,D 日,M 碩士,189,110
9,國立中山大學,07193067,醫學科技研究所,D 日,M 碩士,46,110
9,國立中山大學,09141076,精準醫學研究所,D 日,M 碩士,16,110
9,國立中山大學,09161074,生技醫藥研究所,D 日,M 碩士,13,110
12,國立臺灣海洋大學,01111002,教育研究所,D 日,M 碩士,58,110
12,國立臺灣海洋大學,01111002,教育研究所,N 職,M 碩士,80,110
12,國立臺灣海洋大學,02299004,海洋文化研究所,D 日,M 碩士,27,110
12,國立臺灣海洋大學,02311003,應用英語研究所,D 日,M 碩士,30,110
12,國立臺灣海洋大學,03111006,應用經濟研究所,D 日,M 碩士,18,110
12,國立臺灣海洋大學,03121058,海洋政策碩士學位學程,D 日,M 碩士,12,110
12,國立臺灣海洋大學,04212009,海洋法律研究所,D 日,M 碩士,58,110
12,國立臺灣海洋大學,04212009,海洋法律研究所,N 職,M 碩士,58,110
12,國立臺灣海洋大學,05121014,生命科學暨生物科技學系,D 日,M 碩士,34,110
12,國立臺灣海洋大學,05211008,海洋事務與資源管理研究所,D 日,M 碩士,17,110
12,國立臺灣海洋大學,05321057,地球科學研究所,D 日,M 碩士,20,110
12,國立臺灣海洋大學,05323017,海洋生物研究所,D 日,M 碩士,38,110
12,國立臺灣海洋大學,05323020,海洋環境資訊系,D 日,M 碩士,21,110
12,國立臺灣海洋大學,05323020,海洋環境資訊系,N 職,M 碩士,17,110
12,國立臺灣海洋大學,05323022,海洋環境與生態研究所,D 日,M 碩士,14,110
12,國立臺灣海洋大學,06131028,資訊工程學系,D 日,M 碩士,138,110
12,國立臺灣海洋大學,06131028,資訊工程學系,N 職,M 碩士,43,110
12,國立臺灣海洋大學,07122040,河海工程學系,D 日,M 碩士,67,110
12,國立臺灣海洋大學,07122040,河海工程學系,N 職,M 碩士,56,110
12,國立臺灣海洋大學,07141025,電機工程學系,D 日,M 碩士,148,110
12,國立臺灣海洋大學,07141025,電機工程學系,N 職,M 碩士,53,110
12,國立臺灣海洋大學,07141027,光電與材料科技學系,D 日,M 碩士,61,110
12,國立臺灣海洋大學,07141030,通訊與導航工程學系,D 日,M 碩士,51,110
12,國立臺灣海洋大學,07151036,機械與機電工程學系,D 日,M 碩士,66,110
12,國立臺灣海洋大學,07163033,系統工程暨造船學系,D 日,M 碩士,48,110
12,國立臺灣海洋大學,07163035,輪機工程學系,D 日,M 碩士,25,110
12,國立臺灣海洋大學,07163035,輪機工程學系,N 職,M 碩士,25,110
12,國立臺灣海洋大學,07211042,食品科學系,D 日,M 碩士,127,110
12,國立臺灣海洋大學,07211042,食品科學系,N 職,M 碩士,58,110
12,國立臺灣海洋大學,07211059,食品安全與風險管理研究所,D 日,M 碩士,26,110
12,國立臺灣海洋大學,07211060,食品安全管理碩士在職學位學程,N 職,M 碩士,45,110
12,國立臺灣海洋大學,08311045,環境生物與漁業科學學系,D 日,M 碩士,31,110
12,國立臺灣海洋大學,08311045,環境生物與漁業科學學系,N 職,M 碩士,28,110
12,國立臺灣海洋大學,08312046,水產養殖學系,D 日,M 碩士,113,110
12,國立臺灣海洋大學,10411050,運輸科學系,D 日,M 碩士,67,110
12,國立臺灣海洋大學,10411050,運輸科學系運輸與供應鏈管理碩士在職專班,N 職,M 碩士,39,110
12,國立臺灣海洋大學,10412048,航運管理學系,D 日,M 碩士,95,110
12,國立臺灣海洋大學,10412048,航運管理學系,N 職,M 碩士,102,110
12,國立臺灣海洋大學,10414052,商船學系,D 日,M 碩士,20,110
12,國立臺灣海洋大學,10414052,商船學系,N 職,M 碩士,43,110
13,國立中正大學,01111001,教育學研究所教育學碩士班,D 日,M 碩士,50,110
13,國立中正大學,01111001,教育學研究所教育學碩士在職專班,N 職,M 碩士,89,110
13,國立中正大學,01112005,成人及繼續教育學系,D 日,M 碩士,80,110
13,國立中正大學,01112005,成人及繼續教育學系,N 職,M 碩士,102,110
13,國立中正大學,01114007,教育領導與管理發展國際碩士學位學程,D 日,M 碩士,15,110
13,國立中正大學,01116008,教學專業發展數位學習碩士在職專班,N 職,M 碩士,85,110
13,國立中正大學,02221015,歷史學系,D 日,M 碩士,23,110
13,國立中正大學,02231016,哲學系,D 日,M 碩士,17,110
13,國立中正大學,02311012,外國語文學系,D 日,M 碩士,48,110
13,國立中正大學,02311012,外國語文學系,N 職,M 碩士,0,110
13,國立中正大學,02321010,台灣文學與創意應用研究所,D 日,M 碩士,19,110
13,國立中正大學,02321010,台灣文學與創意應用研究所台灣文化碩士在職專班,N 職,M 碩士,62,110
13,國立中正大學,02322011,中國文學系,D 日,M 碩士,41,110
13,國立中正大學,02399014,語言學研究所,D 日,M 碩士,48,110
13,國立中正大學,03111017,經濟學系國際經濟學碩士班,D 日,M 碩士,66,110
13,國立中正大學,03111017,經濟學系國際經濟學碩士在職專班,N 職,M 碩士,51,110
13,國立中正大學,03121018,政治學系,D 日,M 碩士,18,110
13,國立中正大學,03121018,政治學系政府與公共事務碩士在職專班,N 職,M 碩士,41,110
13,國立中正大學,03122024,戰略暨國際事務研究所,D 日,M 碩士,36,110
13,國立中正大學,03122024,戰略暨國際事務研究所戰略暨國家安全碩士在職專班,N 職,M 碩士,59,110
13,國立中正大學,03131019,心理學系,D 日,M 碩士,105,110
13,國立中正大學,03191025,勞工關係學系,D 日,M 碩士,53,110
13,國立中正大學,03191025,勞工關係學系,N 職,M 碩士,80,110
13,國立中正大學,03199026,犯罪防治學系,D 日,M 碩士,70,110
13,國立中正大學,03199026,犯罪防治學系,N 職,M 碩士,102,110
13,國立中正大學,03211028,傳播學系電訊傳播碩士班,D 日,M 碩士,53,110
13,國立中正大學,04111032,會計與資訊科技學系,D 日,M 碩士,64,110
13,國立中正大學,04111032,會計與資訊科技學系,N 職,M 碩士,115,110
13,國立中正大學,04121034,財務金融學系,D 日,M 碩士,92,110
13,國立中正大學,04121034,財務金融學系,N 職,M 碩士,61,110
13,國立中正大學,04121035,國際財務金融管理碩士學位學程,D 日,M 碩士,3,110
13,國立中正大學,04131033,企業管理學系,D 日,M 碩士,134,110
13,國立中正大學,04131033,企業管理學系,N 職,M 碩士,82,110
13,國立中正大學,04199038,高階主管管理碩士在職專班,N 職,M 碩士,59,110
13,國立中正大學,04211039,法律學系,D 日,M 碩士,172,110
13,國立中正大學,04211039,法律學系,N 職,M 碩士,187,110
13,國立中正大學,04211077,法學院高階主管法律碩士在職專班,N 職,M 碩士,25,110
13,國立中正大學,04212040,財經法律學系,D 日,M 碩士,99,110
13,國立中正大學,04212040,財經法律學系,N 職,M 碩士,64,110
13,國立中正大學,05121075,生物醫學科學系分子生物碩士班,D 日,M 碩士,30,110
13,國立中正大學,05311045,化學暨生物化學系,D 日,M 碩士,119,110
13,國立中正大學,05321047,地球與環境科學系,D 日,M 碩士,35,110
13,國立中正大學,05321047,地球與環境科學系災害應變碩士在職專班,N 職,M 碩士,12,110
13,國立中正大學,05331067,物理學系,D 日,M 碩士,33,110
13,國立中正大學,05411049,數學系,D 日,M 碩士,72,110
13,國立中正大學,06131053,資訊管理學系,D 日,M 碩士,111,110
13,國立中正大學,06131053,資訊管理學系,N 職,M 碩士,78,110
13,國立中正大學,06131055,資訊工程學系,D 日,M 碩士,273,110
13,國立中正大學,06131055,資訊工程學系,N 職,M 碩士,74,110
13,國立中正大學,07111061,化學工程學系,D 日,M 碩士,105,110
13,國立中正大學,07141054,電機工程學系,D 日,M 碩士,293,110
13,國立中正大學,07141056,通訊工程學系,D 日,M 碩士,106,110
13,國立中正大學,07151058,機械工程學系,D 日,M 碩士,230,110
13,國立中正大學,07151071,前瞻製造系統碩士學位學程,D 日,M 碩士,6,110
13,國立中正大學,09231063,社會福利學系,D 日,M 碩士,56,110
13,國立中正大學,10141064,運動競技學系運動與休閒教育碩士班,D 日,M 碩士,46,110
14,國立高雄師範大學,01111001,教育學系,D 日,M 碩士,53,110
14,國立高雄師範大學,01111001,教育學系生命教育碩士在職專班,N 職,M 碩士,127,110
14,國立高雄師範大學,01111059,運動與健康現役軍人營區碩士在職專班,N 職,M 碩士,6,110
14,國立高雄師範大學,01112009,成人教育研究所,D 日,M 碩士,57,110
14,國立高雄師範大學,01112009,成人教育研究所(文教事業經營),N 職,M 碩士,63,110
14,國立高雄師範大學,01113010,特殊教育學系特殊教育碩士班,D 日,M 碩士,85,110
14,國立高雄師範大學,01113010,特殊教育學系特殊教育教學碩士班,N 職,M 碩士,22,110
14,國立高雄師範大學,01114054,高階教育經營與行政管理馬來西亞境外碩士在職專班,N 職,M 碩士,29,110
14,國立高雄師範大學,01141003,工業科技教育學系,D 日,M 碩士,42,110
14,國立高雄師範大學,01141003,工業科技教育學系,N 職,M 碩士,132,110
14,國立高雄師範大學,01141005,體育學系,D 日,M 碩士,55,110
14,國立高雄師範大學,01141005,體育學系體育教學碩士班(夜間班),N 職,M 碩士,89,110
14,國立高雄師範大學,01141006,科學教育暨環境教育研究所,D 日,M 碩士,57,110
14,國立高雄師範大學,01141006,科學教育暨環境教育研究所科學教育教學碩士班,N 職,M 碩士,49,110
14,國立高雄師範大學,01199011,性別教育研究所,D 日,M 碩士,60,110
14,國立高雄師範大學,02112022,視覺設計學系,D 日,M 碩士,68,110
14,國立高雄師範大學,02112022,視覺設計學系視覺設計碩士在職專班(夜間班),N 職,M 碩士,62,110
14,國立高雄師範大學,02123024,工業設計學系,D 日,M 碩士,29,110
14,國立高雄師範大學,02131012,美術學系,D 日,M 碩士,87,110
14,國立高雄師範大學,02131012,美術學系,N 職,M 碩士,81,110
14,國立高雄師範大學,02151013,音樂學系,D 日,M 碩士,39,110
14,國立高雄師範大學,02151013,音樂學系,N 職,M 碩士,32,110
14,國立高雄師範大學,02191014,跨領域藝術研究所,D 日,M 碩士,59,110
14,國立高雄師範大學,02191047,表演藝術碩士學位學程,N 職,M 碩士,61,110
14,國立高雄師範大學,02199025,文化創意設計碩士學位學程在職專班,N 職,M 碩士,54,110
14,國立高雄師範大學,02299020,經學研究所,D 日,M 碩士,46,110
14,國立高雄師範大學,02299020,經學研究所經學碩士在職專班,N 職,M 碩士,11,110
14,國立高雄師範大學,02311021,英語學系,D 日,M 碩士,76,110
14,國立高雄師範大學,02311021,英語學系英語教學碩士班(暑期班),N 職,M 碩士,94,110
14,國立高雄師範大學,02313002,華語文教學研究所,D 日,M 碩士,81,110
14,國立高雄師範大學,02321015,臺灣歷史文化及語言研究所,D 日,M 碩士,71,110
14,國立高雄師範大學,02321015,臺灣歷史文化及語言研究所臺灣研究碩士學位在職進修專班,N 職,M 碩士,42,110
14,國立高雄師範大學,02322019,國文學系,D 日,M 碩士,63,110
14,國立高雄師範大學,02322019,國文學系中國文學教學碩士班(暑期班),N 職,M 碩士,159,110
14,國立高雄師範大學,03131026,諮商心理與復健諮商研究所,D 日,M 碩士,119,110
14,國立高雄師範大學,03142030,地理學系,D 日,M 碩士,15,110
14,國立高雄師範大學,03142030,地理學系地理教學碩士班(暑週班),N 職,M 碩士,17,110
14,國立高雄師範大學,03143031,客家文化研究所,D 日,M 碩士,37,110
14,國立高雄師範大學,03143052,東南亞學碩士在職學位學程,N 職,M 碩士,71,110
14,國立高雄師範大學,04131032,事業經營學系,D 日,M 碩士,24,110
14,國立高雄師範大學,04131032,事業經營學系,N 職,M 碩士,73,110
14,國立高雄師範大學,04131058,創新領導與管理現役軍人營區碩士在職專班,N 職,M 碩士,4,110
14,國立高雄師範大學,04131061,環境與創意產業碩士在職學位學程,N 職,M 碩士,22,110
14,國立高雄師範大學,04199033,人力與知識管理研究所,D 日,M 碩士,30,110
14,國立高雄師範大學,04199033,人力與知識管理研究所人力與知識管理碩士在職專班(夜間班),N 職,M 碩士,64,110
14,國立高雄師範大學,05121034,生物科技系,D 日,M 碩士,47,110
14,國立高雄師範大學,05311036,化學系,D 日,M 碩士,21,110
14,國立高雄師範大學,05311036,化學系,N 職,M 碩士,2,110
14,國立高雄師範大學,05331037,物理學系,D 日,M 碩士,13,110
14,國立高雄師範大學,05331037,物理學系,N 職,M 碩士,4,110
14,國立高雄師範大學,05411038,數學系,D 日,M 碩士,35,110
14,國立高雄師範大學,05411038,數學系數學教學碩士班(夜間班),N 職,M 碩士,32,110
14,國立高雄師範大學,06132039,軟體工程與管理學系,D 日,M 碩士,34,110
14,國立高雄師範大學,06132039,軟體工程與管理學系資訊科技碩士在職專班,N 職,M 碩士,52,110
14,國立高雄師範大學,07141041,電子工程學系,D 日,M 碩士,23,110
14,國立高雄師範大學,07141060,電機工程學系,D 日,M 碩士,16,110
15,國立彰化師範大學,01111002,教育研究所,D 日,M 碩士,71,110
15,國立彰化師範大學,01111002,教育研究所教育創新與人力發展碩士在職專班,N 職,M 碩士,121,110
15,國立彰化師範大學,01113012,特殊教育學系,D 日,M 碩士,65,110
15,國立彰化師範大學,01113012,特殊教育學系特殊教育碩士在職專班,N 職,M 碩士,90,110
15,國立彰化師範大學,01118007,工業教育與技術學系,D 日,M 碩士,107,110
15,國立彰化師範大學,01118007,工業教育與技術學系技能指導專家教師教學碩士學位班,N 職,M 碩士,143,110
15,國立彰化師範大學,01131004,科學教育研究所,D 日,M 碩士,21,110
15,國立彰化師範大學,01131004,科學教育研究所數理創意教學及科普推廣碩士在職專班,N 職,M 碩士,2,110
15,國立彰化師範大學,01131006,公共事務與公民教育學系,D 日,M 碩士,39,110
15,國立彰化師範大學,02131017,美術學系,D 日,M 碩士,64,110
15,國立彰化師範大學,02131017,美術學系藝術教育教學碩士學位班,N 職,M 碩士,9,110
15,國立彰化師範大學,02221023,歷史學研究所,D 日,M 碩士,25,110
15,國立彰化師範大學,02311020,英語學系,D 日,M 碩士,44,110
15,國立彰化師範大學,02311020,英語學系應用英語碩士在職專班,N 職,M 碩士,60,110
15,國立彰化師範大學,02311021,兒童英語研究所,D 日,M 碩士,42,110
15,國立彰化師範大學,02312022,翻譯研究所,D 日,M 碩士,48,110
15,國立彰化師範大學,02321018,台灣文學研究所,D 日,M 碩士,29,110
15,國立彰化師範大學,02321018,台灣文學研究所台灣文學教學碩士學位班,N 職,M 碩士,1,110
15,國立彰化師範大學,02322019,國文學系,D 日,M 碩士,31,110
15,國立彰化師範大學,02322019,國文學系國語文教學碩士在職專班,N 職,M 碩士,62,110
15,國立彰化師範大學,03131025,輔導與諮商學系,D 日,M 碩士,154,110
15,國立彰化師範大學,03131025,輔導與諮商學系心理健康與諮詢碩士在職專班,N 職,M 碩士,153,110
15,國立彰化師範大學,03131055,復健諮商研究所,D 日,M 碩士,52,110
15,國立彰化師範大學,03142027,地理學系,D 日,M 碩士,21,110
15,國立彰化師範大學,03142027,地理學系地理教學碩士學位班,N 職,M 碩士,2,110
15,國立彰化師範大學,04111028,會計學系,D 日,M 碩士,92,110
15,國立彰化師範大學,04111028,會計學系企業高階管理碩士在職專班,N 職,M 碩士,117,110
15,國立彰化師範大學,04121031,財務金融技術學系,D 日,M 碩士,57,110
15,國立彰化師範大學,04131029,企業管理學系,D 日,M 碩士,94,110
15,國立彰化師範大學,04131029,企業管理學系國際企業經營管理碩士在職專班,N 職,M 碩士,127,110
15,國立彰化師範大學,04131031,財務金融技術學系行政管理碩士在職專班,N 職,M 碩士,101,110
15,國立彰化師範大學,04131033,人力資源管理研究所,D 日,M 碩士,66,110
15,國立彰化師範大學,04131033,人力資源管理研究所,N 職,M 碩士,82,110
15,國立彰化師範大學,04131046,光電科技研究所科技應用與管理碩士在職專班,N 職,M 碩士,20,110
15,國立彰化師範大學,04134006,公共事務與公民教育學系公共事務與公民教育碩士在職專班,N 職,M 碩士,58,110
15,國立彰化師範大學,05111034,生物學系,D 日,M 碩士,62,110
15,國立彰化師範大學,05311035,化學系,D 日,M 碩士,31,110
15,國立彰化師範大學,05331037,物理學系,D 日,M 碩士,24,110
15,國立彰化師範大學,05411038,數學系,D 日,M 碩士,19,110
15,國立彰化師範大學,05421039,統計資訊研究所,D 日,M 碩士,18,110
15,國立彰化師範大學,06131040,資訊管理學系,D 日,M 碩士,83,110
15,國立彰化師範大學,06131040,資訊管理學系創新與管理碩士在職專班,N 職,M 碩士,47,110
15,國立彰化師範大學,06131050,資訊工程學系,D 日,M 碩士,42,110
15,國立彰化師範大學,06131050,資訊工程學系資訊科技應用教學碩士學位班,N 職,M 碩士,1,110
15,國立彰化師範大學,07141042,電機工程學系,D 日,M 碩士,48,110
15,國立彰化師範大學,07141042,電機工程學系,N 職,M 碩士,48,110
15,國立彰化師範大學,07141043,電子工程學系,D 日,M 碩士,39,110
15,國立彰化師範大學,07141046,光電科技研究所,D 日,M 碩士,18,110
15,國立彰化師範大學,07141051,電信工程學研究所,D 日,M 碩士,6,110
15,國立彰化師範大學,07151054,機電工程學系,D 日,M 碩士,48,110
15,國立彰化師範大學,07151054,機電工程學系,N 職,M 碩士,67,110
15,國立彰化師範大學,07161053,車輛科技研究所,D 日,M 碩士,27,110
15,國立彰化師範大學,10141011,運動學系應用運動科學碩士班,D 日,M 碩士,36,110
15,國立彰化師範大學,10152011,運動學系運動與健康休閒碩士在職專班,N 職,M 碩士,45,110
15,國立彰化師範大學,10152058,運動健康研究所,D 日,M 碩士,32,110
17,國立臺北大學,02221005,歷史學系,D 日,M 碩士,27,110
17,國立臺北大學,02299008,民俗藝術與文化資產研究所,D 日,M 碩士,35,110
17,國立臺北大學,02322002,中國文學系,D 日,M 碩士,35,110
17,國立臺北大學,03111009,經濟學系,D 日,M 碩士,58,110
17,國立臺北大學,03141011,社會學系,D 日,M 碩士,30,110
17,國立臺北大學,03141011,社會學系,N 職,M 碩士,77,110
17,國立臺北大學,03199016,犯罪學研究所,D 日,M 碩士,46,110
17,國立臺北大學,03199016,犯罪學研究所,N 職,M 碩士,55,110
17,國立臺北大學,04111017,會計學系,D 日,M 碩士,35,110
17,國立臺北大學,04111017,會計學系,N 職,M 碩士,40,110
17,國立臺北大學,04121020,財務金融英語碩士學位學程,D 日,M 碩士,27,110
17,國立臺北大學,04121021,商學院國際財務金融現役軍人營區碩士在職專班,N 職,M 碩士,103,110
17,國立臺北大學,04121022,金融與合作經營學系,D 日,M 碩士,32,110
17,國立臺北大學,04122023,財政學系,D 日,M 碩士,29,110
17,國立臺北大學,04131018,企業管理學系,D 日,M 碩士,213,110
17,國立臺北大學,04131018,企業管理學系,N 職,M 碩士,137,110
17,國立臺北大學,04131019,國際企業研究所,D 日,M 碩士,26,110
17,國立臺北大學,04134013,公共行政暨政策學系,D 日,M 碩士,105,110
17,國立臺北大學,04134013,公共行政暨政策學系,N 職,M 碩士,101,110
17,國立臺北大學,04134024,不動產與城鄉環境學系,D 日,M 碩士,49,110
17,國立臺北大學,04134040,城市治理英語碩士學位學程,D 日,M 碩士,9,110
17,國立臺北大學,04211028,法律學系,D 日,M 碩士,301,110
17,國立臺北大學,05211043,自然資源與環境管理研究所,D 日,M 碩士,19,110
17,國立臺北大學,05211043,自然資源與環境管理研究所,N 職,M 碩士,24,110
17,國立臺北大學,05421033,統計學系,D 日,M 碩士,46,110
17,國立臺北大學,05421033,統計學系,N 職,M 碩士,58,110
17,國立臺北大學,06131036,資訊工程學系,D 日,M 碩士,68,110
17,國立臺北大學,06134034,資訊管理研究所,D 日,M 碩士,36,110
17,國立臺北大學,07141035,電機工程學系,D 日,M 碩士,49,110
17,國立臺北大學,07141037,通訊工程學系,D 日,M 碩士,22,110
17,國立臺北大學,07141C02,多媒體與網路科技產業碩士專班,D 日,M 碩士,2,110
17,國立臺北大學,07313039,都市計劃研究所,D 日,M 碩士,52,110
17,國立臺北大學,09141044,智慧醫療管理英語碩士學位學程,D 日,M 碩士,2,110
17,國立臺北大學,09231041,社會工作學系,D 日,M 碩士,51,110
18,國立嘉義大學,01111001,教育學系教育行政與政策發展碩士班,D 日,M 碩士,133,110
18,國立嘉義大學,01111001,教育學系教育行政與政策發展碩士在職專班,N 職,M 碩士,197,110
18,國立嘉義大學,01111006,師範學院教學專業國際碩士學位學程,D 日,M 碩士,10,110
18,國立嘉義大學,01113017,特殊教育學系,D 日,M 碩士,37,110
18,國立嘉義大學,01114018,教育行政與政策發展研究所,D 日,M 碩士,0,110
18,國立嘉義大學,01114018,教育行政與政策發展研究所,N 職,M 碩士,0,110
18,國立嘉義大學,01116021,數位學習設計與管理學系,D 日,M 碩士,19,110
18,國立嘉義大學,01121016,幼兒教育學系,D 日,M 碩士,65,110
18,國立嘉義大學,01121016,幼兒教育學系,N 職,M 碩士,52,110
18,國立嘉義大學,01131010,數理教育研究所,D 日,M 碩士,0,110
18,國立嘉義大學,01131010,數理教育研究所,N 職,M 碩士,0,110
18,國立嘉義大學,02131025,視覺藝術學系,D 日,M 碩士,72,110
18,國立嘉義大學,02131025,視覺藝術學系教學碩士學位班,N 職,M 碩士,1,110
18,國立嘉義大學,02151024,音樂學系,D 日,M 碩士,36,110
18,國立嘉義大學,02221033,應用歷史學系,D 日,M 碩士,24,110
18,國立嘉義大學,02221033,應用歷史學系,N 職,M 碩士,8,110
18,國立嘉義大學,02311031,外國語言學系,D 日,M 碩士,28,110
18,國立嘉義大學,02322029,中國文學系,D 日,M 碩士,31,110
18,國立嘉義大學,02322029,中國文學系,N 職,M 碩士,27,110
18,國立嘉義大學,03131035,輔導與諮商學系,D 日,M 碩士,93,110
18,國立嘉義大學,03131035,輔導與諮商學系,N 職,M 碩士,149,110
18,國立嘉義大學,04121041,財務金融學系,D 日,M 碩士,28,110
18,國立嘉義大學,04131038,企業管理學系,D 日,M 碩士,48,110
18,國立嘉義大學,04131045,生物事業管理學系,D 日,M 碩士,14,110
18,國立嘉義大學,04131046,管理學院碩士在職專班,N 職,M 碩士,202,110
18,國立嘉義大學,04143044,行銷與觀光管理學系行銷管理碩士班,D 日,M 碩士,56,110
18,國立嘉義大學,05111048,生命科學全英文碩士學位學程,D 日,M 碩士,2,110
18,國立嘉義大學,05111052,生物資源學系,D 日,M 碩士,25,110
18,國立嘉義大學,05121053,生化科技學系,D 日,M 碩士,15,110
18,國立嘉義大學,05121053,生化科技學系,N 職,M 碩士,23,110
18,國立嘉義大學,05199058,微生物免疫與生物藥學系,D 日,M 碩士,14,110
18,國立嘉義大學,05311059,應用化學系,D 日,M 碩士,25,110
18,國立嘉義大學,05331061,電子物理學系光電暨固態電子碩士班,D 日,M 碩士,15,110
18,國立嘉義大學,05411062,應用數學系,D 日,M 碩士,12,110
18,國立嘉義大學,06131063,資訊管理學系,D 日,M 碩士,29,110
18,國立嘉義大學,06131066,資訊工程學系,D 日,M 碩士,52,110
18,國立嘉義大學,07141064,電機工程學系,D 日,M 碩士,15,110
18,國立嘉義大學,07151067,生物機電工程學系,D 日,M 碩士,17,110
18,國立嘉義大學,07151067,生物機電工程學系,N 職,M 碩士,33,110
18,國立嘉義大學,07151069,機械與能源工程學系,D 日,M 碩士,13,110
18,國立嘉義大學,07211088,食品科學系,D 日,M 碩士,48,110
18,國立嘉義大學,07211088,食品科學系,N 職,M 碩士,64,110
18,國立嘉義大學,07312072,景觀學系,D 日,M 碩士,20,110
18,國立嘉義大學,07321070,土木與水資源工程學系,D 日,M 碩士,12,110
18,國立嘉義大學,07321070,土木與水資源工程學系,N 職,M 碩士,28,110
18,國立嘉義大學,08111073,農學院農學碩士在職專班,N 職,M 碩士,68,110
18,國立嘉義大學,08111074,農藝學系,D 日,M 碩士,32,110
18,國立嘉義大學,08111074,農藝學系,N 職,M 碩士,16,110
18,國立嘉義大學,08112079,動物科學系,D 日,M 碩士,23,110
18,國立嘉義大學,08121080,園藝學系,D 日,M 碩士,25,110
18,國立嘉義大學,08192092,生物農業科技學系,D 日,M 碩士,21,110
18,國立嘉義大學,08192094,農學院農業科技全英碩士學位學程,D 日,M 碩士,1,110
18,國立嘉義大學,08194084,植物醫學系,D 日,M 碩士,20,110
18,國立嘉義大學,08211096,森林暨自然資源學系,D 日,M 碩士,34,110
18,國立嘉義大學,08211096,森林暨自然資源學系,N 職,M 碩士,2,110
18,國立嘉義大學,08211106,木質材料與設計學系,D 日,M 碩士,18,110
18,國立嘉義大學,08312047,水生生物科學系,D 日,M 碩士,31,110
18,國立嘉義大學,08411108,獸醫學系,D 日,M 碩士,13,110
18,國立嘉義大學,08411108,獸醫學系,N 職,M 碩士,0,110
18,國立嘉義大學,10151110,管理學院外籍生全英文授課觀光暨管理碩士學位學程,D 日,M 碩士,7,110
18,國立嘉義大學,10152113,體育與健康休閒學系,D 日,M 碩士,45,110
18,國立嘉義大學,10152113,體育與健康休閒學系,N 職,M 碩士,59,110
19,國立高雄大學,02311002,西洋語文學系,D 日,M 碩士,10,110
19,國立高雄大學,02311003,東亞語文學系,D 日,M 碩士,9,110
19,國立高雄大學,03111006,應用經濟學系,D 日,M 碩士,13,110
19,國立高雄大學,04121011,金融管理學系,D 日,M 碩士,32,110
19,國立高雄大學,04131007,經營管理研究所,D 日,M 碩士,21,110
19,國立高雄大學,04131009,亞太工商管理學系,D 日,M 碩士,24,110
19,國立高雄大學,04131009,亞太工商管理學系,N 職,M 碩士,37,110
19,國立高雄大學,04131010,國際商業管理碩士學位學程,D 日,M 碩士,22,110
19,國立高雄大學,04199012,高階經營管理碩士在職專班,N 職,M 碩士,77,110
19,國立高雄大學,04199013,上海國際高階經營管理碩士在職專班,N 職,M 碩士,105,110
19,國立高雄大學,04199014,高階法律暨管理碩士在職專班,N 職,M 碩士,30,110
19,國立高雄大學,04211015,法律學系,D 日,M 碩士,52,110
19,國立高雄大學,04211015,法律學系,N 職,M 碩士,104,110
19,國立高雄大學,04212016,財經法律學系,D 日,M 碩士,29,110
19,國立高雄大學,04212017,政治法律學系,D 日,M 碩士,29,110
19,國立高雄大學,04212017,政治法律學系,N 職,M 碩士,37,110
19,國立高雄大學,05111019,生命科學系,D 日,M 碩士,16,110
19,國立高雄大學,05311022,應用化學系,D 日,M 碩士,34,110
19,國立高雄大學,05331023,應用物理學系,D 日,M 碩士,13,110
19,國立高雄大學,05411024,應用數學系,D 日,M 碩士,14,110
19,國立高雄大學,05421025,統計學研究所,D 日,M 碩士,27,110
19,國立高雄大學,05499037,應用科學碩士學位學程,D 日,M 碩士,0,110
19,國立高雄大學,06131026,資訊管理學系,D 日,M 碩士,32,110
19,國立高雄大學,06131028,資訊工程學系,D 日,M 碩士,40,110
19,國立高雄大學,06131028,資訊工程學系,N 職,M 碩士,32,110
19,國立高雄大學,07111030,化學工程及材料工程學系,D 日,M 碩士,48,110
19,國立高雄大學,07141027,電機工程學系,D 日,M 碩士,71,110
19,國立高雄大學,07141027,電機工程學系,N 職,M 碩士,35,110
19,國立高雄大學,07141038,半導體製造智能化技術產業碩士專班,D 日,M 碩士,39,110
19,國立高雄大學,07141C05,電子構裝整合技術產業碩士專班,D 日,M 碩士,5,110
19,國立高雄大學,07311005,創意設計與建築學系,D 日,M 碩士,3,110
19,國立高雄大學,07311005,創意設計與建築學系,N 職,M 碩士,13,110
19,國立高雄大學,07311035,建築學系,D 日,M 碩士,30,110
19,國立高雄大學,07311035,建築學系,N 職,M 碩士,50,110
19,國立高雄大學,07321029,土木與環境工程學系,D 日,M 碩士,21,110
19,國立高雄大學,10152033,運動健康與休閒學系,D 日,M 碩士,22,110
19,國立高雄大學,10152033,運動健康與休閒學系,N 職,M 碩士,30,110
20,國立東華大學,01111001,教育與潛能開發學系多元文化教育碩士班,D 日,M 碩士,94,110
20,國立東華大學,01111001,教育與潛能開發學系教育碩士在職專班,N 職,M 碩士,89,110
20,國立東華大學,01113013,特殊教育學系身心障礙與輔助科技碩士班,D 日,M 碩士,24,110
20,國立東華大學,01113013,特殊教育學系教學碩士學位班,N 職,M 碩士,3,110
20,國立東華大學,01114015,教育行政與管理學系,D 日,M 碩士,26,110
20,國立東華大學,01114015,教育行政與管理學系,N 職,M 碩士,87,110
20,國立東華大學,01121012,幼兒教育學系,D 日,M 碩士,21,110
20,國立東華大學,01121012,幼兒教育學系,N 職,M 碩士,26,110
20,國立東華大學,01141010,體育與運動科學系,D 日,M 碩士,22,110
20,國立東華大學,01141010,體育與運動科學系,N 職,M 碩士,40,110
20,國立東華大學,02121019,藝術與設計學系,D 日,M 碩士,53,110
20,國立東華大學,02151018,音樂學系,D 日,M 碩士,29,110
20,國立東華大學,02191022,藝術創意產業學系,D 日,M 碩士,42,110
20,國立東華大學,02191022,藝術創意產業學系,N 職,M 碩士,33,110
20,國立東華大學,02221033,歷史學系,D 日,M 碩士,21,110
20,國立東華大學,02222042,族群關係與文化學系,D 日,M 碩士,21,110
20,國立東華大學,02222042,族群關係與文化學系,N 職,M 碩士,27,110
20,國立東華大學,02311029,英美語文學系,D 日,M 碩士,45,110
20,國立東華大學,02322025,中國語文學系,D 日,M 碩士,21,110
20,國立東華大學,02322025,中國語文學系,N 職,M 碩士,7,110
20,國立東華大學,02323104,華文文學系,D 日,M 碩士,56,110
20,國立東華大學,03111034,經濟學系,D 日,M 碩士,16,110
20,國立東華大學,03131046,諮商與臨床心理學系,D 日,M 碩士,149,110
20,國立東華大學,03141036,社會學系,D 日,M 碩士,21,110
20,國立東華大學,03143051,臺灣文化學系,D 日,M 碩士,33,110
20,國立東華大學,03143051,臺灣文化學系,N 職,M 碩士,5,110
20,國立東華大學,03199040,民族事務與發展學系,D 日,M 碩士,38,110
20,國立東華大學,04111056,會計學系,D 日,M 碩士,29,110
20,國立東華大學,04111057,會計與財務碩士學位學程,D 日,M 碩士,0,110
20,國立東華大學,04121061,財務金融學系,D 日,M 碩士,47,110
20,國立東華大學,04131059,企業管理學系,D 日,M 碩士,50,110
20,國立東華大學,04131059,企業管理學系,N 職,M 碩士,50,110
20,國立東華大學,04131060,國際企業學系,D 日,M 碩士,42,110
20,國立東華大學,04131060,國際企業學系,N 職,M 碩士,53,110
20,國立東華大學,04131065,管理學院高階經營管理碩士在職專班,N 職,M 碩士,41,110
20,國立東華大學,04132063,運籌管理研究所,D 日,M 碩士,22,110
20,國立東華大學,04134054,公共行政學系,D 日,M 碩士,18,110
20,國立東華大學,04134054,公共行政學系,N 職,M 碩士,33,110
20,國立東華大學,04212067,法律學系,D 日,M 碩士,39,110
20,國立東華大學,05121069,生命科學系生物技術碩士班,D 日,M 碩士,11,110
20,國立東華大學,05211094,自然資源與環境學系,D 日,M 碩士,56,110
20,國立東華大學,05211100,人文與環境碩士學位學程,D 日,M 碩士,6,110
20,國立東華大學,05311071,化學系,D 日,M 碩士,27,110
20,國立東華大學,05323078,海洋生物研究所,D 日,M 碩士,39,110
20,國立東華大學,05331072,物理學系應用物理碩士班一般組,D 日,M 碩士,24,110
20,國立東華大學,05411074,應用數學系,D 日,M 碩士,30,110
20,國立東華大學,06131086,資訊工程學系,D 日,M 碩士,102,110
20,國立東華大學,06131086,資訊工程學系,N 職,M 碩士,8,110
20,國立東華大學,06134081,資訊管理碩士學位學程,D 日,M 碩士,32,110
20,國立東華大學,07112090,材料科學與工程學系,D 日,M 碩士,29,110
20,國立東華大學,07141083,電機工程學系,D 日,M 碩士,36,110
20,國立東華大學,07141085,光電工程學系,D 日,M 碩士,22,110
20,國立東華大學,09231040,民族事務與發展學系民族社會工作碩士在職專班,N 職,M 碩士,61,110
20,國立東華大學,10151091,觀光暨休閒遊憩學系,D 日,M 碩士,25,110
21,國立暨南國際大學,01111001,國際文教與比較教育學系,D 日,M 碩士,20,110
21,國立暨南國際大學,01111004,諮商心理與人力資源發展學系終身學習與人力資源發展碩士班,D 日,M 碩士,139,110
21,國立暨南國際大學,01112009,終身學習與人力資源發展碩士學位學程,N 職,M 碩士,65,110
21,國立暨南國際大學,01114010,教育政策與行政學系,D 日,M 碩士,49,110
21,國立暨南國際大學,01115012,課程教學與科技研究所,D 日,M 碩士,24,110
21,國立暨南國際大學,01131007,華語文教學碩士學位學程,D 日,M 碩士,18,110
21,國立暨南國際大學,02221015,歷史學系,D 日,M 碩士,13,110
21,國立暨南國際大學,02311014,外國語文學系,D 日,M 碩士,11,110
21,國立暨南國際大學,02322013,中國語文學系,D 日,M 碩士,23,110
21,國立暨南國際大學,03111016,經濟學系,D 日,M 碩士,19,110
21,國立暨南國際大學,03131044,教育學院心理健康與諮詢碩士學位學程在職專班,N 職,M 碩士,54,110
21,國立暨南國際大學,03143019,東南亞學系,D 日,M 碩士,32,110
21,國立暨南國際大學,03143019,東南亞學系,N 職,M 碩士,41,110
21,國立暨南國際大學,04121025,財務金融學系,D 日,M 碩士,29,110
21,國立暨南國際大學,04131022,國際企業學系,D 日,M 碩士,51,110
21,國立暨南國際大學,04131023,管理學院兩岸高階主管經營管理境外碩士在職學位學程,N 職,M 碩士,31,110
21,國立暨南國際大學,04131026,新興產業策略與發展碩士學位學程,D 日,M 碩士,15,110
21,國立暨南國際大學,04131046,區域發展重點產業碩士專班,D 日,M 碩士,18,110
21,國立暨南國際大學,04131047,管理學院高階經營管理碩士學位學程,N 職,M 碩士,87,110
21,國立暨南國際大學,04134020,公共行政與政策學系,D 日,M 碩士,17,110
21,國立暨南國際大學,04134020,公共行政與政策學系,N 職,M 碩士,42,110
21,國立暨南國際大學,04134021,非營利組織經營管理碩士學位學程在職專班,N 職,M 碩士,105,110
21,國立暨南國際大學,04143052,文化創意與社會行銷碩士學位學程,D 日,M 碩士,11,110
21,國立暨南國際大學,05311027,應用化學系,D 日,M 碩士,24,110
21,國立暨南國際大學,06131030,資訊管理學系,D 日,M 碩士,45,110
21,國立暨南國際大學,06131034,資訊工程學系,D 日,M 碩士,66,110
21,國立暨南國際大學,06131053,人工智慧與機器人碩士學位學程,D 日,M 碩士,5,110
21,國立暨南國際大學,07112037,應用材料及光電工程學系,D 日,M 碩士,14,110
21,國立暨南國際大學,07141031,電機工程學系,D 日,M 碩士,34,110
21,國立暨南國際大學,07141033,光電科技碩士學位學程,N 職,M 碩士,13,110
21,國立暨南國際大學,07321035,土木工程學系,D 日,M 碩士,16,110
21,國立暨南國際大學,09211051,長期照顧經營管理碩士在職學位學程,N 職,M 碩士,48,110
21,國立暨南國際大學,09231038,社會政策與社會工作學系,D 日,M 碩士,82,110
21,國立暨南國際大學,10151039,觀光休閒與餐旅管理學系,D 日,M 碩士,33,110
22,國立臺灣科技大學,01116002,數位學習與教育研究所,D 日,M 碩士,68,110
22,國立臺灣科技大學,01116002,數位學習與教育研究所,N 職,M 碩士,46,110
22,國立臺灣科技大學,02122004,設計系碩士班,D 日,M 碩士,124,110
22,國立臺灣科技大學,02122004,設計系碩士在職專班,N 職,M 碩士,30,110
22,國立臺灣科技大學,02311003,應用外語系碩士班,D 日,M 碩士,44,110
22,國立臺灣科技大學,02311003,應用外語系碩士在職專班,N 職,M 碩士,30,110
22,國立臺灣科技大學,04121010,財務金融研究所,D 日,M 碩士,56,110
22,國立臺灣科技大學,04121010,財務金融研究所,N 職,M 碩士,55,110
22,國立臺灣科技大學,04131008,企業管理系碩士班,D 日,M 碩士,122,110
22,國立臺灣科技大學,04131008,企業管理系碩士在職專班,N 職,M 碩士,59,110
22,國立臺灣科技大學,04191009,管理研究所,N 職,M 碩士,123,110
22,國立臺灣科技大學,04199011,科技管理研究所,D 日,M 碩士,51,110
22,國立臺灣科技大學,04199013,管理學院MBA,D 日,M 碩士,129,110
22,國立臺灣科技大學,04212014,專利研究所,D 日,M 碩士,41,110
22,國立臺灣科技大學,04212014,專利研究所,N 職,M 碩士,36,110
22,國立臺灣科技大學,05399015,應用科技研究所,D 日,M 碩士,86,110
22,國立臺灣科技大學,06131016,資訊管理系碩士班,D 日,M 碩士,144,110
22,國立臺灣科技大學,06131016,資訊管理系碩士在職專班,N 職,M 碩士,72,110
22,國立臺灣科技大學,06131020,資訊工程系碩士班,D 日,M 碩士,333,110
22,國立臺灣科技大學,07111026,化學工程系碩士班,D 日,M 碩士,288,110
22,國立臺灣科技大學,07112028,材料科學與工程系碩士班,D 日,M 碩士,186,110
22,國立臺灣科技大學,07141017,電機工程系碩士班,D 日,M 碩士,444,110
22,國立臺灣科技大學,07141017,電機工程系,N 職,M 碩士,1,110
22,國立臺灣科技大學,07141018,電子工程系碩士班,D 日,M 碩士,482,110
22,國立臺灣科技大學,07141018,電子工程系,N 職,M 碩士,1,110
22,國立臺灣科技大學,07141019,光電工程研究所,D 日,M 碩士,36,110
22,國立臺灣科技大學,07141022,色彩與照明科技研究所,D 日,M 碩士,44,110
22,國立臺灣科技大學,07151023,機械工程系碩士班,D 日,M 碩士,408,110
22,國立臺灣科技大學,07151023,機械工程系碩士在職專班,N 職,M 碩士,48,110
22,國立臺灣科技大學,07151024,自動化及控制研究所,D 日,M 碩士,58,110
22,國立臺灣科技大學,07151024,自動化及控制研究所,N 職,M 碩士,45,110
22,國立臺灣科技大學,07191012,工業管理系碩士班,D 日,M 碩士,147,110
22,國立臺灣科技大學,07191012,工業管理系碩士在職專班,N 職,M 碩士,63,110
22,國立臺灣科技大學,07199035,高階科技研發碩士在職學位學程,N 職,M 碩士,60,110
22,國立臺灣科技大學,07311038,建築系碩士班,D 日,M 碩士,124,110
22,國立臺灣科技大學,07311038,建築系碩士在職專班,N 職,M 碩士,47,110
22,國立臺灣科技大學,07321025,營建工程系碩士班,D 日,M 碩士,277,110
22,國立臺灣科技大學,07321025,營建工程系碩士在職專班,N 職,M 碩士,70,110
22,國立臺灣科技大學,09171034,醫學工程研究所,D 日,M 碩士,46,110
23,國立雲林科技大學,01118001,技術及職業教育研究所,D 日,M 碩士,18,110
23,國立雲林科技大學,01118001,技術及職業教育研究所,N 職,M 碩士,20,110
23,國立雲林科技大學,02111013,數位媒體設計系碩士班,D 日,M 碩士,78,110
23,國立雲林科技大學,02111013,數位媒體設計系地方創生智能設計碩士在職專班,N 職,M 碩士,11,110
23,國立雲林科技大學,02112011,視覺傳達設計系碩士班,D 日,M 碩士,67,110
23,國立雲林科技大學,02122007,設計學研究所,D 日,M 碩士,29,110
23,國立雲林科技大學,02122009,創意生活設計系碩士班,D 日,M 碩士,61,110
23,國立雲林科技大學,02123014,工業設計系碩士班,D 日,M 碩士,72,110
23,國立雲林科技大學,02192002,文化資產維護系碩士班,D 日,M 碩士,66,110
23,國立雲林科技大學,02311004,應用外語系碩士班,D 日,M 碩士,47,110
23,國立雲林科技大學,02311004,應用外語系碩士在職專班,N 職,M 碩士,43,110
23,國立雲林科技大學,02322003,漢學應用研究所,D 日,M 碩士,32,110
23,國立雲林科技大學,02322003,漢學應用研究所,N 職,M 碩士,34,110
23,國立雲林科技大學,04111018,會計系碩士班,D 日,M 碩士,40,110
23,國立雲林科技大學,04111018,會計系碩士在職專班,N 職,M 碩士,37,110
23,國立雲林科技大學,04121024,財務金融系碩士班,D 日,M 碩士,79,110
23,國立雲林科技大學,04121024,財務金融系碩士在職專班,N 職,M 碩士,56,110
23,國立雲林科技大學,04131019,企業管理系碩士班,D 日,M 碩士,112,110
23,國立雲林科技大學,04131019,企業管理系碩士在職專班,N 職,M 碩士,111,110
23,國立雲林科技大學,04131058,高階管理碩士在職學位學程,N 職,M 碩士,55,110
23,國立雲林科技大學,04199023,創業管理碩士學位學程,D 日,M 碩士,18,110
23,國立雲林科技大學,04212031,科技法律研究所,D 日,M 碩士,43,110
23,國立雲林科技大學,04212031,科技法律研究所,N 職,M 碩士,69,110
23,國立雲林科技大學,06131032,資訊管理系碩士班,D 日,M 碩士,78,110
23,國立雲林科技大學,06131032,資訊管理系碩士在職專班,N 職,M 碩士,30,110
23,國立雲林科技大學,06131060,資訊科技服務管理數位學習碩士在職專班,N 職,M 碩士,50,110
23,國立雲林科技大學,06131065,國際人工智慧管理研究所,D 日,M 碩士,7,110
23,國立雲林科技大學,07111045,化學工程與材料工程系碩士班,D 日,M 碩士,110,110
23,國立雲林科技大學,07112047,材料科技研究所,D 日,M 碩士,36,110
23,國立雲林科技大學,07121049,環境與安全衛生工程系碩士班,D 日,M 碩士,70,110
23,國立雲林科技大學,07121049,環境與安全衛生工程系環安科技與管理碩士在職專班,N 職,M 碩士,52,110
23,國立雲林科技大學,07141033,電機工程系碩士班,D 日,M 碩士,182,110
23,國立雲林科技大學,07141033,電機工程系碩士在職專班,N 職,M 碩士,48,110
23,國立雲林科技大學,07141034,電子工程系碩士班,D 日,M 碩士,188,110
23,國立雲林科技大學,07141037,資訊工程系碩士班,D 日,M 碩士,128,110
23,國立雲林科技大學,07151041,機械工程系碩士班,D 日,M 碩士,129,110
23,國立雲林科技大學,07191048,工業工程與管理系碩士班,D 日,M 碩士,124,110
23,國立雲林科技大學,07191048,工業工程與管理系碩士在職專班,N 職,M 碩士,93,110
23,國立雲林科技大學,07311016,建築與室內設計系碩士班,D 日,M 碩士,65,110
23,國立雲林科技大學,07321043,營建工程系碩士班,D 日,M 碩士,43,110
23,國立雲林科技大學,07321043,營建工程系碩士在職專班,N 職,M 碩士,48,110
23,國立雲林科技大學,10152053,休閒運動研究所,D 日,M 碩士,33,110
23,國立雲林科技大學,10152053,休閒運動研究所,N 職,M 碩士,47,110
24,國立屏東科技大學,01118001,技術及職業教育研究所,D 日,M 碩士,27,110
24,國立屏東科技大學,01118001,技術及職業教育研究所,N 職,M 碩士,13,110
24,國立屏東科技大學,02125003,時尚設計與管理系碩士班,D 日,M 碩士,19,110
24,國立屏東科技大學,02311002,應用外語系碩士班,D 日,M 碩士,15,110
24,國立屏東科技大學,03143004,客家文化產業研究所,D 日,M 碩士,22,110
24,國立屏東科技大學,04121007,財務金融研究所,N 職,M 碩士,1,110
24,國立屏東科技大學,04131005,企業管理系碩士班,D 日,M 碩士,16,110
24,國立屏東科技大學,04131005,企業管理系碩士在職專班,N 職,M 碩士,24,110
24,國立屏東科技大學,04199008,科技管理研究所,D 日,M 碩士,6,110
24,國立屏東科技大學,04199008,科技管理研究所,N 職,M 碩士,1,110
24,國立屏東科技大學,04199009,工業管理系碩士班,D 日,M 碩士,37,110
24,國立屏東科技大學,04199009,工業管理系碩士在職專班,N 職,M 碩士,18,110
24,國立屏東科技大學,04199011,高階經營管理碩士在職專班,N 職,M 碩士,41,110
24,國立屏東科技大學,05121015,生物科技系碩士班,D 日,M 碩士,56,110
24,國立屏東科技大學,05121049,動物疫苗科技研究所,D 日,M 碩士,22,110
24,國立屏東科技大學,05121050,動物用疫苗國際學位專班,D 日,M 碩士,8,110
24,國立屏東科技大學,05221014,野生動物保育研究所,D 日,M 碩士,64,110
24,國立屏東科技大學,05292040,水土保持系碩士班,D 日,M 碩士,30,110
24,國立屏東科技大學,06131017,資訊管理系碩士班,D 日,M 碩士,41,110
24,國立屏東科技大學,06131017,資訊管理系碩士在職專班,N 職,M 碩士,22,110
24,國立屏東科技大學,07112024,材料工程研究所,D 日,M 碩士,21,110
24,國立屏東科技大學,07121025,環境工程與科學系碩士班,D 日,M 碩士,49,110
24,國立屏東科技大學,07121025,環境工程與科學系碩士在職專班,N 職,M 碩士,40,110
24,國立屏東科技大學,07151018,機械工程系碩士班,D 日,M 碩士,41,110
24,國立屏東科技大學,07151018,機械工程系,N 職,M 碩士,0,110
24,國立屏東科技大學,07151020,生物機電工程系碩士班,D 日,M 碩士,26,110
24,國立屏東科技大學,07161019,車輛工程系碩士班,D 日,M 碩士,66,110
24,國立屏東科技大學,07211037,食品科學系碩士班,D 日,M 碩士,85,110
24,國立屏東科技大學,07211037,食品科學系碩士在職專班,N 職,M 碩士,6,110
24,國立屏東科技大學,07211039,食品生技碩士學位學程在職專班,N 職,M 碩士,16,110
24,國立屏東科技大學,07211066,食品安全管理研究所,D 日,M 碩士,20,110
24,國立屏東科技大學,07312027,景觀暨遊憩管理研究所,D 日,M 碩士,27,110
24,國立屏東科技大學,07321021,土木工程系碩士班,D 日,M 碩士,20,110
24,國立屏東科技大學,07321021,土木工程系,N 職,M 碩士,10,110
24,國立屏東科技大學,07321022,土壤與水工程國際碩士學位學程,D 日,M 碩士,5,110
24,國立屏東科技大學,08111029,農園生產系碩士班,D 日,M 碩士,45,110
24,國立屏東科技大學,08111029,農園生產系碩士在職專班,N 職,M 碩士,21,110
24,國立屏東科技大學,08112032,動物科學與畜產系碩士班,D 日,M 碩士,26,110
24,國立屏東科技大學,08193036,農企業管理系碩士班,D 日,M 碩士,21,110
24,國立屏東科技大學,08193036,農企業管理系碩士在職專班,N 職,M 碩士,39,110
24,國立屏東科技大學,08194035,植物醫學系碩士班,D 日,M 碩士,18,110
24,國立屏東科技大學,08199030,熱帶農業暨國際合作系碩士班,D 日,M 碩士,50,110
24,國立屏東科技大學,08211041,森林系碩士班,D 日,M 碩士,26,110
24,國立屏東科技大學,08211043,木材科學與設計系碩士班,D 日,M 碩士,23,110
24,國立屏東科技大學,08312046,水產養殖系碩士班,D 日,M 碩士,22,110
24,國立屏東科技大學,08312068,觀賞魚科技及水生動物健康國際學位專班,D 日,M 碩士,4,110
24,國立屏東科技大學,08411048,獸醫學系碩士班,D 日,M 碩士,30,110
24,國立屏東科技大學,08411048,獸醫學系,N 職,M 碩士,0,110
24,國立屏東科技大學,09221052,幼兒保育系碩士班,D 日,M 碩士,24,110
24,國立屏東科技大學,09231051,社會工作系碩士班,D 日,M 碩士,45,110
24,國立屏東科技大學,10131054,餐旅管理系碩士班,D 日,M 碩士,17,110
24,國立屏東科技大學,10152057,休閒運動健康系碩士班,D 日,M 碩士,20,110
24,國立屏東科技大學,10152057,休閒運動健康系碩士在職專班,N 職,M 碩士,30,110
25,國立臺北科技大學,01118001,技術及職業教育研究所,D 日,M 碩士,35,110
25,國立臺北科技大學,01118001,技術及職業教育研究所,N 職,M 碩士,79,110
25,國立臺北科技大學,02112007,互動設計系碩士班,D 日,M 碩士,71,110
25,國立臺北科技大學,02112007,互動設計系碩士在職專班,N 職,M 碩士,30,110
25,國立臺北科技大學,02123009,工業設計系創新設計碩士班,D 日,M 碩士,86,110
25,國立臺北科技大學,02123009,工業設計系創新設計碩士在職專班,N 職,M 碩士,79,110
25,國立臺北科技大學,02299018,文化事業發展系碩士班,D 日,M 碩士,23,110
25,國立臺北科技大學,02311002,應用英文系碩士班,D 日,M 碩士,55,110
25,國立臺北科技大學,02311002,應用英文系碩士在職專班,N 職,M 碩士,46,110
25,國立臺北科技大學,04131011,經營管理系碩士班,D 日,M 碩士,131,110
25,國立臺北科技大學,04131011,經營管理系碩士在職專班,N 職,M 碩士,109,110
25,國立臺北科技大學,04131072,高階管理碩士雙聯學位學程,N 職,M 碩士,57,110
25,國立臺北科技大學,04199021,管理學院_外國學生專班IMBA專班,D 日,M 碩士,53,110
25,國立臺北科技大學,04199021,管理學院_蘇州大學EMBA碩士在職專班,N 職,M 碩士,30,110
25,國立臺北科技大學,04212024,智慧財產權研究所,D 日,M 碩士,46,110
25,國立臺北科技大學,04212024,智慧財產權研究所,N 職,M 碩士,31,110
25,國立臺北科技大學,06131016,資訊與財金管理系碩士班,D 日,M 碩士,86,110
25,國立臺北科技大學,06131016,管理學院資訊與財金管理EMBA專班,N 職,M 碩士,113,110
25,國立臺北科技大學,06131034,資訊工程系碩士班,D 日,M 碩士,188,110
25,國立臺北科技大學,06131075,人工智慧與大數據高階管理雙聯碩士學位學程,N 職,M 碩士,74,110
25,國立臺北科技大學,07111048,化學工程與生物科技系化學工程碩士班,D 日,M 碩士,209,110
25,國立臺北科技大學,07111048,化學工程與生物科技系化學工程碩士在職專班,N 職,M 碩士,31,110
25,國立臺北科技大學,07111053,分子科學與工程系有機高分子碩士班,D 日,M 碩士,125,110
25,國立臺北科技大學,07111053,分子科學與工程系有機高分子碩士在職專班,N 職,M 碩士,38,110
25,國立臺北科技大學,07112057,材料科學與工程研究所,D 日,M 碩士,97,110
25,國立臺北科技大學,07112057,材料科學與工程研究所,N 職,M 碩士,30,110
25,國立臺北科技大學,07112059,資源工程研究所,D 日,M 碩士,60,110
25,國立臺北科技大學,07112059,資源工程研究所,N 職,M 碩士,6,110
25,國立臺北科技大學,07121063,環境工程與管理研究所,D 日,M 碩士,73,110
25,國立臺北科技大學,07121063,環境工程與管理研究所,N 職,M 碩士,49,110
25,國立臺北科技大學,07132068,能源與冷凍空調工程系碩士班,D 日,M 碩士,108,110
25,國立臺北科技大學,07132068,能源與冷凍空調工程系碩士在職專班,N 職,M 碩士,71,110
25,國立臺北科技大學,07141025,電機工程系碩士班,D 日,M 碩士,347,110
25,國立臺北科技大學,07141025,電機工程系碩士在職專班,N 職,M 碩士,131,110
25,國立臺北科技大學,07141028,電子工程系碩士班,D 日,M 碩士,286,110
25,國立臺北科技大學,07141028,電子工程系碩士在職專班,N 職,M 碩士,113,110
25,國立臺北科技大學,07141032,光電工程系碩士班,D 日,M 碩士,164,110
25,國立臺北科技大學,07141036,電資學院,D 日,M 碩士,29,110
25,國立臺北科技大學,07141044,自動化科技研究所,D 日,M 碩士,101,110
25,國立臺北科技大學,07141044,自動化科技研究所,N 職,M 碩士,63,110
25,國立臺北科技大學,07151037,機械工程系機電整合碩士班,D 日,M 碩士,199,110
25,國立臺北科技大學,07151037,機械工程系機電整合碩士在職專班,N 職,M 碩士,55,110
25,國立臺北科技大學,07151038,機電學院_機械與自動化碩士外國學生專班,D 日,M 碩士,7,110
25,國立臺北科技大學,07151043,製造科技研究所,D 日,M 碩士,123,110
25,國立臺北科技大學,07151043,製造科技研究所,N 職,M 碩士,46,110
25,國立臺北科技大學,07161042,車輛工程系碩士班,D 日,M 碩士,85,110
25,國立臺北科技大學,07161042,車輛工程系碩士在職專班,N 職,M 碩士,45,110
25,國立臺北科技大學,07191022,工業工程與管理系碩士班,D 日,M 碩士,126,110
25,國立臺北科技大學,07191022,管理學院_工業工程與管理EMBA東莞境外專班,N 職,M 碩士,29,110
25,國立臺北科技大學,07191074,管理學院工業與科技管理EMBA專班,N 職,M 碩士,72,110
25,國立臺北科技大學,07311071,建築系建築與都市設計碩士班,D 日,M 碩士,77,110
25,國立臺北科技大學,07311071,建築系建築與都市設計碩士在職專班,N 職,M 碩士,94,110
25,國立臺北科技大學,07321045,土木工程系土木與防災碩士班,D 日,M 碩士,200,110
25,國立臺北科技大學,07321045,土木工程系土木與防災碩士在職專班,N 職,M 碩士,70,110
25,國立臺北科技大學,07321076,高階土木營建工程管理雙聯碩士學位學程,N 職,M 碩士,13,110
28,國立臺北藝術大學,02111018,電影創作學系,D 日,M 碩士,57,110
28,國立臺北藝術大學,02131003,美術學系,D 日,M 碩士,132,110
28,國立臺北藝術大學,02131003,美術學系,N 職,M 碩士,52,110
28,國立臺北藝術大學,02131020,藝術跨域研究所,D 日,M 碩士,36,110
28,國立臺北藝術大學,02151005,音樂學系,D 日,M 碩士,83,110
28,國立臺北藝術大學,02151005,音樂學系,N 職,M 碩士,82,110
28,國立臺北藝術大學,02151006,傳統音樂學系,D 日,M 碩士,28,110
28,國立臺北藝術大學,02151007,管絃與擊樂研究所,D 日,M 碩士,69,110
28,國立臺北藝術大學,02152008,戲劇學系,D 日,M 碩士,16,110
28,國立臺北藝術大學,02152008,戲劇學系,N 職,M 碩士,1,110
28,國立臺北藝術大學,02152010,劇場藝術創作研究所,D 日,M 碩士,69,110
28,國立臺北藝術大學,02152011,劇場設計學系,D 日,M 碩士,29,110
28,國立臺北藝術大學,02152013,舞蹈學系,D 日,M 碩士,60,110
28,國立臺北藝術大學,02191001,藝術與人文教育研究所,D 日,M 碩士,50,110
28,國立臺北藝術大學,02191001,藝術與人文教育研究所,N 職,M 碩士,45,110
28,國立臺北藝術大學,02191023,新媒體藝術學系,D 日,M 碩士,82,110
28,國立臺北藝術大學,02191028,博物館研究所,D 日,M 碩士,56,110
28,國立臺北藝術大學,02192025,藝術行政與管理研究所,D 日,M 碩士,74,110
28,國立臺北藝術大學,02192026,文創產業國際藝術碩士學位學程,D 日,M 碩士,17,110
28,國立臺北藝術大學,02199031,文學跨域創作研究所,D 日,M 碩士,20,110
28,國立臺北藝術大學,07311030,建築與文化資產研究所,D 日,M 碩士,65,110
29,國立臺灣藝術大學,02111015,電影學系,D 日,M 碩士,49,110
29,國立臺灣藝術大學,02111015,電影學系,N 職,M 碩士,49,110
29,國立臺灣藝術大學,02111032,傳播學院影音創作與數位媒體產業碩士班,D 日,M 碩士,31,110
29,國立臺灣藝術大學,02112023,多媒體動畫藝術學系動畫藝術碩士班,D 日,M 碩士,60,110
29,國立臺灣藝術大學,02112028,視覺傳達設計學系,D 日,M 碩士,38,110
29,國立臺灣藝術大學,02112028,視覺傳達設計學系,N 職,M 碩士,33,110
29,國立臺灣藝術大學,02131003,美術學系,D 日,M 碩士,79,110
29,國立臺灣藝術大學,02131003,美術學系,N 職,M 碩士,40,110
29,國立臺灣藝術大學,02131005,書畫藝術學系,D 日,M 碩士,62,110
29,國立臺灣藝術大學,02131005,書畫藝術學系,N 職,M 碩士,45,110
29,國立臺灣藝術大學,02131016,美術學院造形藝術碩士班,D 日,M 碩士,9,110
29,國立臺灣藝術大學,02131016,美術學院造形藝術碩士在職專班,N 職,M 碩士,15,110
29,國立臺灣藝術大學,02132006,雕塑學系,D 日,M 碩士,27,110
29,國立臺灣藝術大學,02141007,工藝設計學系,D 日,M 碩士,41,110
29,國立臺灣藝術大學,02141007,工藝設計學系,N 職,M 碩士,25,110
29,國立臺灣藝術大學,02151010,音樂學系,D 日,M 碩士,38,110
29,國立臺灣藝術大學,02151010,音樂學系,N 職,M 碩士,34,110
29,國立臺灣藝術大學,02151011,中國音樂學系,D 日,M 碩士,37,110
29,國立臺灣藝術大學,02151011,中國音樂學系,N 職,M 碩士,28,110
29,國立臺灣藝術大學,02152012,戲劇學系,D 日,M 碩士,48,110
29,國立臺灣藝術大學,02152012,戲劇學系,N 職,M 碩士,28,110
29,國立臺灣藝術大學,02152014,舞蹈學系,D 日,M 碩士,32,110
29,國立臺灣藝術大學,02152014,舞蹈學系,N 職,M 碩士,17,110
29,國立臺灣藝術大學,02152019,教師在職進修表演藝術教學碩士學位班,N 職,M 碩士,3,110
29,國立臺灣藝術大學,02152034,表演藝術學院表演藝術跨領域碩士班,D 日,M 碩士,16,110
29,國立臺灣藝術大學,02152034,表演藝術學院表演藝術跨領域碩士在職專班,N 職,M 碩士,15,110
29,國立臺灣藝術大學,02152035,跨域表演藝術研究所,D 日,M 碩士,10,110
29,國立臺灣藝術大學,02152035,跨域表演藝術研究所,N 職,M 碩士,7,110
29,國立臺灣藝術大學,02191001,藝術與人文教學研究所,D 日,M 碩士,38,110
29,國立臺灣藝術大學,02191017,古蹟藝術修護學系,D 日,M 碩士,20,110
29,國立臺灣藝術大學,02191033,跨領域藝術澳門境外碩士在職學位學程,N 職,M 碩士,5,110
29,國立臺灣藝術大學,02192026,藝術管理與文化政策研究所,D 日,M 碩士,40,110
29,國立臺灣藝術大學,02199030,圖文傳播藝術學系,D 日,M 碩士,34,110
29,國立臺灣藝術大學,02199030,圖文傳播藝術學系,N 職,M 碩士,22,110
29,國立臺灣藝術大學,03213029,廣播電視學系,D 日,M 碩士,47,110
29,國立臺灣藝術大學,03213029,廣播電視學系廣播電視組,N 職,M 碩士,37,110
30,國立臺東大學,01111001,教育學系教育研究碩士班,D 日,M 碩士,56,110
30,國立臺東大學,01111001,教育學系教育行政碩士在職專班(夜間班),N 職,M 碩士,137,110
30,國立臺東大學,01113008,特殊教育學系,D 日,M 碩士,25,110
30,國立臺東大學,01113008,特殊教育學系,N 職,M 碩士,67,110
30,國立臺東大學,01121007,幼兒教育學系,D 日,M 碩士,23,110
30,國立臺東大學,01121007,幼兒教育學系碩士在職專班(暑期班),N 職,M 碩士,76,110
30,國立臺東大學,01131004,國語文補救教學碩士在職專班,N 職,M 碩士,35,110
30,國立臺東大學,01141006,體育學系,D 日,M 碩士,35,110
30,國立臺東大學,01141006,體育學系,N 職,M 碩士,4,110
30,國立臺東大學,02112005,數位媒體與文教產業學系,D 日,M 碩士,4,110
30,國立臺東大學,02131009,美術產業學系,D 日,M 碩士,5,110
30,國立臺東大學,02131009,美術產業學系,N 職,M 碩士,18,110
30,國立臺東大學,02151011,音樂學系,D 日,M 碩士,18,110
30,國立臺東大學,02311015,英美語文學系,D 日,M 碩士,8,110
30,國立臺東大學,02323013,華語文學系,D 日,M 碩士,24,110
30,國立臺東大學,02399016,兒童文學研究所,D 日,M 碩士,47,110
30,國立臺東大學,02399016,兒童文學研究所,N 職,M 碩士,73,110
30,國立臺東大學,03199017,公共與文化事務學系區域發展與社會創新碩士班,D 日,M 碩士,40,110
30,國立臺東大學,03199017,公共與文化事務學系,N 職,M 碩士,64,110
30,國立臺東大學,04131038,綠色產業高階管理碩士在職專班,N 職,M 碩士,8,110
30,國立臺東大學,05111020,生命科學系,D 日,M 碩士,20,110
30,國立臺東大學,05399021,應用科學系,D 日,M 碩士,18,110
30,國立臺東大學,06131028,資訊管理學系,D 日,M 碩士,21,110
30,國立臺東大學,06131028,資訊管理學系環境經濟資訊管理碩士在職專班(暑期班),N 職,M 碩士,28,110
30,國立臺東大學,07141029,資訊工程學系,D 日,M 碩士,15,110
30,國立臺東大學,09121041,生物醫學碩士學位學程,D 日,M 碩士,11,110
30,國立臺東大學,10151031,文化資源與休閒產業學系,D 日,M 碩士,29,110
30,國立臺東大學,10151031,文化資源與休閒產業學系,N 職,M 碩士,51,110
30,國立臺東大學,10151032,師範學院休閒事業管理碩士在職專班,N 職,M 碩士,47,110
30,國立臺東大學,10152035,身心整合與運動休閒產業學系健康促進與休閒管理碩士在職專班,N 職,M 碩士,1,110
31,國立宜蘭大學,03111007,應用經濟與管理學系經營管理碩士班,D 日,M 碩士,52,110
31,國立宜蘭大學,04191001,外國語文學系國際商務溝通碩士班,D 日,M 碩士,23,110
31,國立宜蘭大學,04199006,人文及管理學院高階經營管理碩士在職專班,N 職,M 碩士,49,110
31,國立宜蘭大學,06121010,多媒體網路通訊數位學習碩士在職專班,N 職,M 碩士,84,110
31,國立宜蘭大學,07111023,化學工程與材料工程學系,D 日,M 碩士,40,110
31,國立宜蘭大學,07121024,環境工程學系,D 日,M 碩士,14,110
31,國立宜蘭大學,07141011,電機工程學系,D 日,M 碩士,33,110
31,國立宜蘭大學,07141012,電子工程學系,D 日,M 碩士,37,110
31,國立宜蘭大學,07141013,資訊工程學系,D 日,M 碩士,34,110
31,國立宜蘭大學,07141014,電機資訊學院碩士在職專班,N 職,M 碩士,34,110
31,國立宜蘭大學,07151017,機械與機電工程學系,D 日,M 碩士,27,110
31,國立宜蘭大學,07151019,生物機電工程學系,D 日,M 碩士,12,110
31,國立宜蘭大學,07194025,綠色科技學程碩士在職專班,N 職,M 碩士,25,110
31,國立宜蘭大學,07211033,食品科學系,D 日,M 碩士,40,110
31,國立宜蘭大學,07311027,建築與永續規劃研究所,D 日,M 碩士,51,110
31,國立宜蘭大學,07321021,土木工程學系,D 日,M 碩士,42,110
31,國立宜蘭大學,08111041,無人機應用暨智慧農業碩士學位學程,D 日,M 碩士,7,110
31,國立宜蘭大學,08112030,生物技術與動物科學系生物技術碩士班,D 日,M 碩士,31,110
31,國立宜蘭大學,08121031,園藝學系,D 日,M 碩士,24,110
31,國立宜蘭大學,08199037,生物資源學院碩士在職專班,N 職,M 碩士,26,110
31,國立宜蘭大學,08211036,森林暨自然資源學系,D 日,M 碩士,20,110
31,國立宜蘭大學,10152038,休閒產業與健康促進學系運動與健康管理碩士班,D 日,M 碩士,13,110
32,國立聯合大學,02123006,工業設計學系,D 日,M 碩士,12,110
32,國立聯合大學,02321001,臺灣語文與傳播學系,D 日,M 碩士,12,110
32,國立聯合大學,02321004,客家語言與傳播研究所,D 日,M 碩士,39,110
32,國立聯合大學,04131011,經營管理學系,D 日,M 碩士,15,110
32,國立聯合大學,04131012,管理碩士在職學位學程,N 職,M 碩士,42,110
32,國立聯合大學,06131016,資訊管理學系,D 日,M 碩士,22,110
32,國立聯合大學,06131020,資訊工程學系,D 日,M 碩士,13,110
32,國立聯合大學,06131045,物聯網產業碩士專班,D 日,M 碩士,3,110
32,國立聯合大學,07111028,化學工程學系,D 日,M 碩士,25,110
32,國立聯合大學,07111043,工程科技轉譯醫學國際碩士學位學程,D 日,M 碩士,2,110
32,國立聯合大學,07112029,材料科學工程學系,D 日,M 碩士,20,110
32,國立聯合大學,07121034,環境與安全衛生工程學系,D 日,M 碩士,24,110
32,國立聯合大學,07132035,能源工程學系,D 日,M 碩士,14,110
32,國立聯合大學,07141017,電機工程學系,D 日,M 碩士,68,110
32,國立聯合大學,07141018,電子工程學系,D 日,M 碩士,37,110
32,國立聯合大學,07141019,光電工程學系,D 日,M 碩士,21,110
32,國立聯合大學,07141C03,LED光電半導體產業碩士專班,D 日,M 碩士,0,110
32,國立聯合大學,07151025,機械工程學系,D 日,M 碩士,43,110
32,國立聯合大學,07311040,建築學系,D 日,M 碩士,16,110
32,國立聯合大學,07321027,土木與防災工程學系,D 日,M 碩士,21,110
33,國立虎尾科技大學,02112002,多媒體設計系數位內容創意產業碩士班,D 日,M 碩士,35,110
33,國立虎尾科技大學,04121005,財務金融系碩士班,D 日,M 碩士,23,110
33,國立虎尾科技大學,04131003,企業管理系經營管理碩士班,D 日,M 碩士,26,110
33,國立虎尾科技大學,04131003,企業管理系經營管理碩士在職專班,N 職,M 碩士,23,110
33,國立虎尾科技大學,05121007,生物科技系碩士班,D 日,M 碩士,33,110
33,國立虎尾科技大學,05121007,生物科技系碩士在職專班,N 職,M 碩士,24,110
33,國立虎尾科技大學,06131008,資訊管理系碩士班,D 日,M 碩士,43,110
33,國立虎尾科技大學,06131008,資訊管理系碩士在職專班,N 職,M 碩士,15,110
33,國立虎尾科技大學,06131013,資訊工程系碩士班,D 日,M 碩士,56,110
33,國立虎尾科技大學,07112025,材料科學與工程系材料科學與綠色能源工程碩士班,D 日,M 碩士,52,110
33,國立虎尾科技大學,07112025,材料科學與工程系材料科學與綠色能源工程碩士在職專班,N 職,M 碩士,14,110
33,國立虎尾科技大學,07141009,電機工程系碩士班,D 日,M 碩士,108,110
33,國立虎尾科技大學,07141009,電機工程系碩士在職專班,N 職,M 碩士,18,110
33,國立虎尾科技大學,07141010,電子工程系碩士班,D 日,M 碩士,66,110
33,國立虎尾科技大學,07141011,光電工程系光電與材料科技碩士班,D 日,M 碩士,70,110
33,國立虎尾科技大學,07141011,光電工程系光電與材料科技碩士在職專班,N 職,M 碩士,7,110
33,國立虎尾科技大學,07151014,自動化工程系碩士班,D 日,M 碩士,48,110
33,國立虎尾科技大學,07151016,動力機械工程系機械與機電工程碩士班,D 日,M 碩士,59,110
33,國立虎尾科技大學,07151016,動力機械工程系機械與機電工程碩士在職專班,N 職,M 碩士,21,110
33,國立虎尾科技大學,07151019,機械設計工程系碩士班,D 日,M 碩士,55,110
33,國立虎尾科技大學,07151020,機械與電腦輔助工程系碩士班,D 日,M 碩士,87,110
33,國立虎尾科技大學,07151020,機械與電腦輔助工程系碩士在職專班,N 職,M 碩士,33,110
33,國立虎尾科技大學,07161017,車輛工程系碩士班,D 日,M 碩士,17,110
33,國立虎尾科技大學,07162018,飛機工程系航空與電子科技碩士班,D 日,M 碩士,67,110
33,國立虎尾科技大學,07191006,工業管理系工業工程與管理碩士班,D 日,M 碩士,54,110
33,國立虎尾科技大學,07191006,工業管理系工業工程與管理碩士在職專班,N 職,M 碩士,16,110
33,國立虎尾科技大學,07312030,休閒遊憩系碩士班,D 日,M 碩士,13,110
33,國立虎尾科技大學,07312030,休閒遊憩系碩士在職專班,N 職,M 碩士,22,110
35,國立臺南藝術大學,02111009,音像紀錄研究所紀錄片製作組,D 日,M 碩士,46,110
35,國立臺南藝術大學,02111013,動畫藝術與影像美學研究所,D 日,M 碩士,82,110
35,國立臺南藝術大學,02131012,造形藝術研究所,D 日,M 碩士,56,110
35,國立臺南藝術大學,02141017,應用藝術研究所,D 日,M 碩士,56,110
35,國立臺南藝術大學,02151001,音樂學系,D 日,M 碩士,24,110
35,國立臺南藝術大學,02151002,中國音樂學系,D 日,M 碩士,18,110
35,國立臺南藝術大學,02151004,民族音樂學研究所,D 日,M 碩士,29,110
35,國立臺南藝術大學,02151004,民族音樂學研究所,N 職,M 碩士,26,110
35,國立臺南藝術大學,02151006,鋼琴合作藝術研究所,D 日,M 碩士,37,110
35,國立臺南藝術大學,02191014,藝術史學系藝術史評與古物研究碩士班,D 日,M 碩士,36,110
35,國立臺南藝術大學,02192022,博物館學與古物維護研究所,D 日,M 碩士,119,110
35,國立臺南藝術大學,02192024,高階藝術管理碩士在職學位學程,N 職,M 碩士,25,110
35,國立臺南藝術大學,02199023,建築藝術研究所,D 日,M 碩士,45,110
36,國立臺南大學,01111001,教育學系教育經營與管理碩士班,D 日,M 碩士,129,110
36,國立臺南大學,01111001,教育學系教育行政碩士在職專班,N 職,M 碩士,111,110
36,國立臺南大學,01113019,特殊教育學系,D 日,M 碩士,62,110
36,國立臺南大學,01113019,特殊教育學系,N 職,M 碩士,4,110
36,國立臺南大學,01121018,幼兒教育學系,D 日,M 碩士,38,110
36,國立臺南大學,01121018,幼兒教育學系,N 職,M 碩士,47,110
36,國立臺南大學,01141012,環境教育碩士在職學位學程,N 職,M 碩士,13,110
36,國立臺南大學,01141017,體育學系,D 日,M 碩士,38,110
36,國立臺南大學,01141017,體育學系,N 職,M 碩士,41,110
36,國立臺南大學,02111030,視覺藝術與設計學系,D 日,M 碩士,81,110
36,國立臺南大學,02111030,視覺藝術與設計學系,N 職,M 碩士,55,110
36,國立臺南大學,02151027,音樂學系,D 日,M 碩士,57,110
36,國立臺南大學,02151027,音樂學系,N 職,M 碩士,34,110
36,國立臺南大學,02152029,戲劇創作與應用學系,D 日,M 碩士,49,110
36,國立臺南大學,02322031,國語文學系國語文教學與應用碩士班,D 日,M 碩士,32,110
36,國立臺南大學,02322031,國語文學系中國文學碩士在職專班,N 職,M 碩士,48,110
36,國立臺南大學,03131036,諮商與輔導學系,D 日,M 碩士,95,110
36,國立臺南大學,03131036,諮商與輔導學系,N 職,M 碩士,54,110
36,國立臺南大學,03143037,文化與自然資源學系文化觀光資源碩士班,D 日,M 碩士,57,110
36,國立臺南大學,03143037,文化與自然資源學系臺灣文化碩士在職專班,N 職,M 碩士,33,110
36,國立臺南大學,04134040,行政管理學系,D 日,M 碩士,31,110
36,國立臺南大學,04134040,行政管理學系,N 職,M 碩士,33,110
36,國立臺南大學,04199041,經營與管理學系科技管理碩士班,D 日,M 碩士,32,110
36,國立臺南大學,04199041,經營與管理學系科技管理碩士在職專班,N 職,M 碩士,78,110
36,國立臺南大學,05121044,生物科技學系,D 日,M 碩士,23,110
36,國立臺南大學,05212063,生態暨環境資源學系,D 日,M 碩士,40,110
36,國立臺南大學,05411047,應用數學系,D 日,M 碩士,18,110
36,國立臺南大學,05411047,應用數學系,N 職,M 碩士,26,110
36,國立臺南大學,06131052,資訊工程學系,D 日,M 碩士,41,110
36,國立臺南大學,06132064,數位多媒體行銷產業碩士專班,N 職,M 碩士,1,110
36,國立臺南大學,06134024,數位學習科技學系,D 日,M 碩士,39,110
36,國立臺南大學,06134024,數位學習科技學系,N 職,M 碩士,47,110
36,國立臺南大學,07112055,材料科學系,D 日,M 碩士,21,110
36,國立臺南大學,07132058,綠色能源科技學系,D 日,M 碩士,40,110
36,國立臺南大學,07132058,綠色能源科技學系,N 職,M 碩士,37,110
36,國立臺南大學,07141049,電機工程學系,D 日,M 碩士,45,110
36,國立臺南大學,07151054,機電系統工程研究所,D 日,M 碩士,20,110
37,國立臺北教育大學,01111001,教育學系生命教育碩士班,D 日,M 碩士,92,110
37,國立臺北教育大學,01111001,教育學系生命教育教學碩士學位班(夜間班),N 職,M 碩士,135,110
37,國立臺北教育大學,01113003,特殊教育學系,D 日,M 碩士,87,110
37,國立臺北教育大學,01113003,特殊教育學系,N 職,M 碩士,65,110
37,國立臺北教育大學,01114044,教育經營與管理學系文教法律碩士班,D 日,M 碩士,125,110
37,國立臺北教育大學,01114044,教育經營與管理學系原住民文教法律碩士在職專班,N 職,M 碩士,96,110
37,國立臺北教育大學,01115020,課程與教學傳播科技研究所教育傳播與科技碩士班,D 日,M 碩士,106,110
37,國立臺北教育大學,01115020,課程與教學傳播科技研究所課程教學與學習科技碩士在職專班,N 職,M 碩士,83,110
37,國立臺北教育大學,01115047,學習與教學國際碩士學位學程,D 日,M 碩士,15,110
37,國立臺北教育大學,01121035,幼兒與家庭教育學系,D 日,M 碩士,90,110
37,國立臺北教育大學,01121035,幼兒與家庭教育學系,N 職,M 碩士,87,110
37,國立臺北教育大學,01131038,數學暨資訊教育學系人工智慧與資訊教育碩士班,D 日,M 碩士,37,110
37,國立臺北教育大學,01131038,數學暨資訊教育學系人工智慧與資訊教育碩士在職專班,N 職,M 碩士,50,110
37,國立臺北教育大學,01141002,體育學系,D 日,M 碩士,51,110
37,國立臺北教育大學,01141002,體育學系,N 職,M 碩士,49,110
37,國立臺北教育大學,01141040,自然科學教育學系科學探究與實作碩士在職專班,N 職,M 碩士,36,110
37,國立臺北教育大學,02121014,藝術與造形設計學系,D 日,M 碩士,86,110
37,國立臺北教育大學,02121014,藝術與造形設計學系,N 職,M 碩士,44,110
37,國立臺北教育大學,02121028,文化創意產業經營學系,D 日,M 碩士,39,110
37,國立臺北教育大學,02121028,文化創意產業經營學系博物館管理與科技應用碩士在職專班,N 職,M 碩士,70,110
37,國立臺北教育大學,02122011,數位科技設計學系玩具與遊戲設計碩士班,D 日,M 碩士,72,110
37,國立臺北教育大學,02122011,數位科技設計學系玩具與遊戲設計碩士在職專班,N 職,M 碩士,65,110
37,國立臺北教育大學,02151031,音樂學系,D 日,M 碩士,77,110
37,國立臺北教育大學,02151031,音樂學系音樂教學碩士學位班,N 職,M 碩士,6,110
37,國立臺北教育大學,02192027,當代藝術評論與策展研究全英語碩士學位學程,D 日,M 碩士,33,110
37,國立臺北教育大學,02299025,臺灣文化研究所,D 日,M 碩士,86,110
37,國立臺北教育大學,02299025,臺灣文化研究所,N 職,M 碩士,46,110
37,國立臺北教育大學,02311023,兒童英語教育學系英語教育碩士班,D 日,M 碩士,50,110
37,國立臺北教育大學,02311023,兒童英語教育學系英語教育碩士在職專班,N 職,M 碩士,58,110
37,國立臺北教育大學,02322018,語文與創作學系,D 日,M 碩士,92,110
37,國立臺北教育大學,02322018,語文與創作學系語文教學碩士在職專班,N 職,M 碩士,11,110
37,國立臺北教育大學,03131007,心理與諮商學系,D 日,M 碩士,107,110
37,國立臺北教育大學,03143005,社會與區域發展學系,D 日,M 碩士,49,110
37,國立臺北教育大學,03191005,社會與區域發展學系多元文化教育教學碩士學位班(夜間班),N 職,M 碩士,89,110
37,國立臺北教育大學,03221049,博物館管理與科技應用碩士在職學位學程,N 職,M 碩士,5,110
37,國立臺北教育大學,04131048,東南亞區域管理碩士學位學程,D 日,M 碩士,26,110
37,國立臺北教育大學,05399040,自然科學教育學系,D 日,M 碩士,51,110
37,國立臺北教育大學,06131004,資訊科學系,D 日,M 碩士,47,110
37,國立臺北教育大學,06131004,資訊科學系,N 職,M 碩士,53,110
39,國立臺中教育大學,01111001,教育學系,D 日,M 碩士,49,110
39,國立臺中教育大學,01111001,教育學系教育行政與管理碩士在職專班,N 職,M 碩士,113,110
39,國立臺中教育大學,01111005,教師專業碩士學位學程,D 日,M 碩士,116,110
39,國立臺中教育大學,01113022,特殊教育學系,D 日,M 碩士,38,110
39,國立臺中教育大學,01113022,特殊教育學系,N 職,M 碩士,63,110
39,國立臺中教育大學,01114025,高等教育經營管理碩士學位學程,D 日,M 碩士,23,110
39,國立臺中教育大學,01117028,教育資訊與測驗統計研究所,D 日,M 碩士,44,110
39,國立臺中教育大學,01117028,教育資訊與測驗統計研究所,N 職,M 碩士,42,110
39,國立臺中教育大學,01121021,幼兒教育學系,D 日,M 碩士,65,110
39,國立臺中教育大學,01121021,幼兒教育學系,N 職,M 碩士,108,110
39,國立臺中教育大學,01131006,語文教育學系,D 日,M 碩士,71,110
39,國立臺中教育大學,01131006,語文教育學系,N 職,M 碩士,29,110
39,國立臺中教育大學,01131008,科學教育與應用學系,D 日,M 碩士,50,110
39,國立臺中教育大學,01131008,科學教育與應用學系,N 職,M 碩士,61,110
39,國立臺中教育大學,01131011,數學教育學系,D 日,M 碩士,29,110
39,國立臺中教育大學,01131011,數學教育學系,N 職,M 碩士,39,110
39,國立臺中教育大學,01131019,體育學系,D 日,M 碩士,34,110
39,國立臺中教育大學,01131019,體育學系,N 職,M 碩士,57,110
39,國立臺中教育大學,01131032,英語學系,D 日,M 碩士,25,110
39,國立臺中教育大學,02131029,美術學系,D 日,M 碩士,50,110
39,國立臺中教育大學,02131029,美術學系,N 職,M 碩士,79,110
39,國立臺中教育大學,02151030,音樂學系,D 日,M 碩士,43,110
39,國立臺中教育大學,02321031,臺灣語文學系,D 日,M 碩士,21,110
39,國立臺中教育大學,03131035,諮商與應用心理學系,D 日,M 碩士,68,110
39,國立臺中教育大學,03131035,諮商與應用心理學系,N 職,M 碩士,57,110
39,國立臺中教育大學,03191037,區域與社會發展學系,D 日,M 碩士,26,110
39,國立臺中教育大學,03191037,區域與社會發展學系,N 職,M 碩士,62,110
39,國立臺中教育大學,04131034,文化創意產業設計與營運學系事業經營管理碩士班,D 日,M 碩士,40,110
39,國立臺中教育大學,04131040,管理學院國際經營管理碩士學位學程,D 日,M 碩士,10,110
39,國立臺中教育大學,04131040,管理學院國際經營管理碩士在職專班,N 職,M 碩士,36,110
39,國立臺中教育大學,06131042,資訊工程學系,D 日,M 碩士,32,110
39,國立臺中教育大學,06133041,數位內容科技學系,D 日,M 碩士,23,110
39,國立臺中教育大學,06133041,數位內容科技學系,N 職,M 碩士,37,110
39,國立臺中教育大學,10151045,永續觀光暨遊憩管理碩士學位學程,D 日,M 碩士,25,110
42,國立澎湖科技大學,04132002,行銷與物流管理系服務業經營管理碩士班,D 日,M 碩士,12,110
42,國立澎湖科技大學,04132002,行銷與物流管理系服務業經營管理碩士班,N 職,M 碩士,23,110
42,國立澎湖科技大學,07141005,電機工程系電資碩士班,D 日,M 碩士,21,110
42,國立澎湖科技大學,07211011,食品科學系,D 日,M 碩士,20,110
42,國立澎湖科技大學,08312012,水產養殖系水產資源與養殖碩士班,D 日,M 碩士,12,110
42,國立澎湖科技大學,10151016,觀光休閒系,D 日,M 碩士,22,110
42,國立澎湖科技大學,10151016,觀光休閒系,N 職,M 碩士,17,110
43,國立勤益科技大學,02299005,文化創意事業系碩士班,D 日,M 碩士,12,110
43,國立勤益科技大學,04131002,企業管理系碩士班,D 日,M 碩士,47,110
43,國立勤益科技大學,04131002,企業管理系碩士在職專班,N 職,M 碩士,31,110
43,國立勤益科技大學,04132003,流通管理系碩士班,D 日,M 碩士,24,110
43,國立勤益科技大學,04132003,流通管理系碩士在職專班,N 職,M 碩士,24,110
43,國立勤益科技大學,06131010,資訊管理系碩士班,D 日,M 碩士,73,110
43,國立勤益科技大學,06131010,資訊管理系研發科技與資訊管理碩士在職專班,N 職,M 碩士,23,110
43,國立勤益科技大學,06131013,資訊工程系碩士班,D 日,M 碩士,67,110
43,國立勤益科技大學,06131013,資訊工程系碩士在職專班,N 職,M 碩士,20,110
43,國立勤益科技大學,07111020,化工與材料工程系碩士班,D 日,M 碩士,44,110
43,國立勤益科技大學,07111020,化工與材料工程系碩士在職專班,N 職,M 碩士,7,110
43,國立勤益科技大學,07132026,冷凍空調與能源系碩士班,D 日,M 碩士,59,110
43,國立勤益科技大學,07132026,冷凍空調與能源系碩士在職專班,N 職,M 碩士,33,110
43,國立勤益科技大學,07141011,電機工程系碩士班,D 日,M 碩士,62,110
43,國立勤益科技大學,07141011,電機工程系碩士在職專班,N 職,M 碩士,37,110
43,國立勤益科技大學,07141012,電子工程系碩士班,D 日,M 碩士,67,110
43,國立勤益科技大學,07141012,電子工程系碩士在職專班,N 職,M 碩士,21,110
43,國立勤益科技大學,07151016,機械工程系碩士班,D 日,M 碩士,72,110
43,國立勤益科技大學,07151016,機械工程系碩士在職專班,N 職,M 碩士,44,110
43,國立勤益科技大學,07191022,工業工程與管理系碩士班,D 日,M 碩士,58,110
43,國立勤益科技大學,07191022,工業工程與管理系碩士在職專班,N 職,M 碩士,52,110
43,國立勤益科技大學,07199036,智慧製造與資訊應用碩士學位學程,D 日,M 碩士,6,110
43,國立勤益科技大學,07312029,景觀系碩士班,D 日,M 碩士,13,110
43,國立勤益科技大學,10152032,休閒產業管理系碩士班,D 日,M 碩士,14,110
44,國立體育大學,01141001,體育研究所,D 日,M 碩士,33,110
44,國立體育大學,01141001,體育研究所,N 職,M 碩士,51,110
44,國立體育大學,04199002,管理學院碩士在職專班,N 職,M 碩士,49,110
44,國立體育大學,10141008,競技與教練科學研究所,D 日,M 碩士,89,110
44,國立體育大學,10141008,競技與教練科學研究所,N 職,M 碩士,54,110
44,國立體育大學,10141009,國際運動教練科學碩士學位學程,D 日,M 碩士,0,110
44,國立體育大學,10142010,運動科學研究所,D 日,M 碩士,35,110
44,國立體育大學,10142013,運動與健康科學學院碩士在職專班,N 職,M 碩士,42,110
44,國立體育大學,10152014,運動保健學系,D 日,M 碩士,46,110
44,國立體育大學,10152015,休閒產業經營學系,D 日,M 碩士,50,110
44,國立體育大學,10152016,體育推廣學系,D 日,M 碩士,33,110
44,國立體育大學,10152016,體育推廣學系,N 職,M 碩士,40,110
44,國立體育大學,10152017,適應體育學系,D 日,M 碩士,31,110
44,國立體育大學,10152020,國際體育事務研究所,D 日,M 碩士,22,110
46,國立臺北護理健康大學,01121020,國際蒙特梭利碩士專班,D 日,M 碩士,1,110
46,國立臺北護理健康大學,01141019,醫護教育暨數位學習系碩士班,D 日,M 碩士,51,110
46,國立臺北護理健康大學,03131002,生死與健康心理諮商系碩士班,D 日,M 碩士,69,110
46,國立臺北護理健康大學,04133004,健康事業管理系碩士班,D 日,M 碩士,33,110
46,國立臺北護理健康大學,04133004,健康事業管理系碩士在職專班,N 職,M 碩士,51,110
46,國立臺北護理健康大學,06131006,資訊管理系碩士班,D 日,M 碩士,42,110
46,國立臺北護理健康大學,06199022,健康科技學院碩士班,D 日,M 碩士,5,110
46,國立臺北護理健康大學,09131009,護理系碩士班,D 日,M 碩士,150,110
46,國立臺北護理健康大學,09131009,護理系碩士在職專班,N 職,M 碩士,102,110
46,國立臺北護理健康大學,09131012,護理助產研究所_外國學生專班,D 日,M 碩士,7,110
46,國立臺北護理健康大學,09131021,護理助產及婦女健康系護理助產碩士班,D 日,M 碩士,30,110
46,國立臺北護理健康大學,09153007,語言治療與聽力學系碩士班,D 日,M 碩士,46,110
46,國立臺北護理健康大學,09153007,語言治療與聽力學系碩士在職專班,N 職,M 碩士,1,110
46,國立臺北護理健康大學,09211013,長期照護系碩士班,D 日,M 碩士,43,110
46,國立臺北護理健康大學,09221014,嬰幼兒保育系碩士班,D 日,M 碩士,33,110
46,國立臺北護理健康大學,10142017,運動保健系碩士班,D 日,M 碩士,26,110
46,國立臺北護理健康大學,10142017,運動保健系碩士在職專班,N 職,M 碩士,43,110
46,國立臺北護理健康大學,10151018,休閒產業與健康促進系旅遊健康碩士班,D 日,M 碩士,23,110
46,國立臺北護理健康大學,10151018,休閒產業與健康促進系碩士在職專班,N 職,M 碩士,8,110
47,國立高雄餐旅大學,10131011,飲食文化暨餐飲創新研究所,D 日,M 碩士,74,110
47,國立高雄餐旅大學,10131012,餐旅管理研究所,D 日,M 碩士,43,110
47,國立高雄餐旅大學,10131012,餐旅管理研究所,N 職,M 碩士,15,110
47,國立高雄餐旅大學,10151029,觀光研究所,D 日,M 碩士,33,110
47,國立高雄餐旅大學,10151029,觀光研究所,N 職,M 碩士,21,110
47,國立高雄餐旅大學,10151031,國際觀光餐旅全英文碩士學位學程,D 日,M 碩士,18,110
48,國立金門大學,02311002,應用英語學系,D 日,M 碩士,1,110
48,國立金門大學,03121006,國際暨大陸事務學系,D 日,M 碩士,10,110
48,國立金門大學,03143005,閩南文化研究所,D 日,M 碩士,14,110
48,國立金門大學,04131009,企業管理學系,D 日,M 碩士,39,110
48,國立金門大學,04212013,海洋與邊境管理學系,D 日,M 碩士,21,110
48,國立金門大學,06131041,理工學院資訊科技與應用碩士班,D 日,M 碩士,16,110
48,國立金門大學,06131041,理工學院資訊科技與應用碩士在職專班,N 職,M 碩士,10,110
48,國立金門大學,07141017,電子工程學系,D 日,M 碩士,13,110
48,國立金門大學,07194016,理工學院工程科技碩士在職專班,N 職,M 碩士,6,110
48,國立金門大學,07211029,食品科學系,D 日,M 碩士,12,110
48,國立金門大學,07311026,建築學系,D 日,M 碩士,14,110
48,國立金門大學,07321021,土木與工程管理學系,D 日,M 碩士,15,110
48,國立金門大學,09191032,長期照護學系,D 日,M 碩士,11,110
48,國立金門大學,10151034,觀光管理學系,D 日,M 碩士,14,110
48,國立金門大學,10152011,管理學院事業經營碩士在職專班,N 職,M 碩士,96,110
48,國立金門大學,10152036,運動與休閒學系,D 日,M 碩士,20,110
49,國立臺灣體育運動大學,01141001,體育學系,D 日,M 碩士,68,110
49,國立臺灣體育運動大學,01141001,體育學系,N 職,M 碩士,26,110
49,國立臺灣體育運動大學,02152002,舞蹈學系,D 日,M 碩士,20,110
49,國立臺灣體育運動大學,04199010,運動事業管理學系,D 日,M 碩士,27,110
49,國立臺灣體育運動大學,04199010,運動事業管理學系,N 職,M 碩士,23,110
49,國立臺灣體育運動大學,10141003,競技運動學系,D 日,M 碩士,71,110
49,國立臺灣體育運動大學,10141003,競技運動學系,N 職,M 碩士,24,110
49,國立臺灣體育運動大學,10142006,運動健康科學學系,D 日,M 碩士,26,110
49,國立臺灣體育運動大學,10142006,運動健康科學學系碩士班在職學位學程,N 職,M 碩士,14,110
49,國立臺灣體育運動大學,10152008,休閒運動管理研究所,D 日,M 碩士,48,110
49,國立臺灣體育運動大學,10152008,休閒運動管理碩士在職學位學程,N 職,M 碩士,27,110
50,國立臺中科技大學,02112005,多媒體設計系碩士班,D 日,M 碩士,50,110
50,國立臺中科技大學,02122006,商業設計系碩士班,D 日,M 碩士,40,110
50,國立臺中科技大學,02122006,商業設計系碩士在職專班,N 職,M 碩士,41,110
50,國立臺中科技大學,02124008,室內設計系碩士班,D 日,M 碩士,25,110
50,國立臺中科技大學,02311004,應用日語系日本市場暨商務策略碩士班,D 日,M 碩士,26,110
50,國立臺中科技大學,04111012,會計資訊系碩士班,D 日,M 碩士,30,110
50,國立臺中科技大學,04111012,會計資訊系碩士在職專班,N 職,M 碩士,30,110
50,國立臺中科技大學,04121021,財務金融系碩士班,D 日,M 碩士,28,110
50,國立臺中科技大學,04121021,財務金融系碩士在職專班,N 職,M 碩士,36,110
50,國立臺中科技大學,04122028,財政稅務系租稅管理與理財規劃碩士班,D 日,M 碩士,17,110
50,國立臺中科技大學,04123027,保險金融管理系碩士班,D 日,M 碩士,20,110
50,國立臺中科技大學,04131015,企業管理系碩士班,D 日,M 碩士,26,110
50,國立臺中科技大學,04131015,企業管理系碩士在職專班,N 職,M 碩士,49,110
50,國立臺中科技大學,04132029,流通管理系碩士班,D 日,M 碩士,27,110
50,國立臺中科技大學,04132029,流通管理系碩士在職專班,N 職,M 碩士,11,110
50,國立臺中科技大學,06131033,資訊管理系碩士班,D 日,M 碩士,34,110
50,國立臺中科技大學,06131033,資訊管理系碩士在職專班,N 職,M 碩士,28,110
50,國立臺中科技大學,07141036,資訊工程系碩士班,D 日,M 碩士,58,110
50,國立臺中科技大學,07141036,資訊工程系碩士在職專班,N 職,M 碩士,30,110
50,國立臺中科技大學,09131037,護理系碩士班,D 日,M 碩士,28,110
50,國立臺中科技大學,09131037,護理系碩士在職專班,N 職,M 碩士,19,110
50,國立臺中科技大學,10121040,美容系碩士班,D 日,M 碩士,21,110
51,國立臺北商業大學,02122024,創意設計與經營研究所,D 日,M 碩士,42,110
51,國立臺北商業大學,04111009,會計資訊系會計財稅碩士班,D 日,M 碩士,31,110
51,國立臺北商業大學,04121013,財務金融系碩士班,D 日,M 碩士,30,110
51,國立臺北商業大學,04122014,財政稅務系碩士班,D 日,M 碩士,13,110
51,國立臺北商業大學,04131010,企業管理系碩士班,D 日,M 碩士,84,110
51,國立臺北商業大學,04131010,企業管理系EMBA在職專班,N 職,M 碩士,48,110
51,國立臺北商業大學,04141012,國際商務系碩士班,D 日,M 碩士,30,110
51,國立臺北商業大學,04141022,財經學院_高階國際商業創新經營管理碩士在職專班,N 職,M 碩士,20,110
51,國立臺北商業大學,04199021,貿易實務法律暨談判碩士學位學程,D 日,M 碩士,26,110
51,國立臺北商業大學,06131017,資訊管理系人工智慧與商業應用碩士班,D 日,M 碩士,9,110
51,國立臺北商業大學,06131018,資訊與決策科學研究所,D 日,M 碩士,36,110
52,國立屏東大學,01111001,教育學系,D 日,M 碩士,61,110
52,國立屏東大學,01111003,教育心理與輔導學系,D 日,M 碩士,125,110
52,國立屏東大學,01111003,教育心理與輔導學系,N 職,M 碩士,82,110
52,國立屏東大學,01111048,文教事業經營碩士在職學位學程,N 職,M 碩士,19,110
52,國立屏東大學,01113017,特殊教育學系,D 日,M 碩士,54,110
52,國立屏東大學,01113017,特殊教育學系,N 職,M 碩士,53,110
52,國立屏東大學,01114018,教育行政研究所,D 日,M 碩士,21,110
52,國立屏東大學,01114018,教育行政研究所教育行政碩士在職專班,N 職,M 碩士,29,110
52,國立屏東大學,01115001,教育學系課程與教學碩士在職專班,N 職,M 碩士,51,110
52,國立屏東大學,01115073,STEM教育國際碩士學位學程,D 日,M 碩士,3,110
52,國立屏東大學,01121016,幼兒教育學系,D 日,M 碩士,36,110
52,國立屏東大學,01121016,幼兒教育學系,N 職,M 碩士,52,110
52,國立屏東大學,01131023,科普傳播學系數理教育碩士班,D 日,M 碩士,0,110
52,國立屏東大學,01131071,科學傳播學系數理課程與教學碩士在職專班,N 職,M 碩士,1,110
52,國立屏東大學,01141014,體育學系,D 日,M 碩士,70,110
52,國立屏東大學,01141014,體育學系健康與體育碩士在職專班,N 職,M 碩士,129,110
52,國立屏東大學,02111025,視覺藝術學系,D 日,M 碩士,50,110
52,國立屏東大學,02111025,視覺藝術學系視覺藝術碩士在職專班,N 職,M 碩士,40,110
52,國立屏東大學,02112035,多媒體動畫碩士在職學位學程,N 職,M 碩士,5,110
52,國立屏東大學,02121067,數位媒體設計碩士學位學程,D 日,M 碩士,9,110
52,國立屏東大學,02151024,音樂學系,D 日,M 碩士,44,110
52,國立屏東大學,02299033,文化創意產業學系,D 日,M 碩士,25,110
52,國立屏東大學,02299033,文化創意產業學系,N 職,M 碩士,22,110
52,國立屏東大學,02299069,客家文化產業碩士學位學程,D 日,M 碩士,11,110
52,國立屏東大學,02299074,文化事業發展碩士學位學程原住民專班,D 日,M 碩士,4,110
52,國立屏東大學,02311029,英語學系,D 日,M 碩士,34,110
52,國立屏東大學,02311030,應用英語學系,D 日,M 碩士,1,110
52,國立屏東大學,02322027,中國語文學系,D 日,M 碩士,23,110
52,國立屏東大學,02322027,中國語文學系,N 職,M 碩士,26,110
52,國立屏東大學,02323006,華語文教學碩士在職學位學程,N 職,M 碩士,11,110
52,國立屏東大學,03141036,社會發展學系,D 日,M 碩士,29,110
52,國立屏東大學,03141036,社會發展學系,N 職,M 碩士,30,110
52,國立屏東大學,04121045,財務金融學系,D 日,M 碩士,19,110
52,國立屏東大學,04131039,企業管理學系,D 日,M 碩士,24,110
52,國立屏東大學,04131039,企業管理學系,N 職,M 碩士,36,110
52,國立屏東大學,04131042,商業自動化與管理學系,D 日,M 碩士,9,110
52,國立屏東大學,04132046,行銷與流通管理學系,D 日,M 碩士,26,110
52,國立屏東大學,04132046,行銷與流通管理學系碩士在職現役軍人營區專班,N 職,M 碩士,56,110
52,國立屏東大學,04141044,國際貿易學系,D 日,M 碩士,15,110
52,國立屏東大學,04141044,國際貿易學系,N 職,M 碩士,17,110
52,國立屏東大學,04199047,不動產經營學系,D 日,M 碩士,28,110
52,國立屏東大學,04199047,不動產經營學系,N 職,M 碩士,42,110
52,國立屏東大學,05311050,應用化學系,D 日,M 碩士,17,110
52,國立屏東大學,05311050,應用化學系現役軍人營區在職專班,N 職,M 碩士,10,110
52,國立屏東大學,05411055,應用數學系,D 日,M 碩士,19,110
52,國立屏東大學,06131057,資訊管理學系,D 日,M 碩士,19,110
52,國立屏東大學,06131061,資訊科學系,D 日,M 碩士,36,110
52,國立屏東大學,06131061,資訊科學系資訊系統與數位科技應用碩士在職專班,N 職,M 碩士,13,110
52,國立屏東大學,06131070,國際資訊科技與應用碩士學位學程,D 日,M 碩士,10,110
52,國立屏東大學,07112053,應用物理系光電暨材料碩士班,D 日,M 碩士,18,110
52,國立屏東大學,07141060,資訊工程學系,D 日,M 碩士,28,110
52,國立屏東大學,07141C01,資通電信產業碩士專班,D 日,M 碩士,0,110
52,國立屏東大學,10151065,休閒事業經營學系,D 日,M 碩士,21,110
52,國立屏東大學,10152015,生態休閒教育教學碩士學位學程班,N 職,M 碩士,3,110
52,國立屏東大學,99999071,科學傳播學系科學傳播暨教育碩士班,D 日,M 碩士,21,110
53,國立高雄科技大學,02121006,文化創意產業系碩士班,D 日,M 碩士,19,110
53,國立高雄科技大學,02121006,文化創意產業系碩士在職專班,N 職,M 碩士,45,110
53,國立高雄科技大學,02123015,工業設計系碩士班,D 日,M 碩士,28,110
53,國立高雄科技大學,02311002,應用英語系英語專業溝通與教學科技碩士班,D 日,M 碩士,86,110
53,國立高雄科技大學,02311003,應用德語系碩士班,D 日,M 碩士,10,110
53,國立高雄科技大學,02311008,應用日語系碩士班,D 日,M 碩士,31,110
53,國立高雄科技大學,02311008,應用日語系碩士在職專班,N 職,M 碩士,29,110
53,國立高雄科技大學,04111020,會計資訊系碩士班,D 日,M 碩士,44,110
53,國立高雄科技大學,04111020,會計資訊系碩士在職專班,N 職,M 碩士,32,110
53,國立高雄科技大學,04121034,金融資訊系碩士班,D 日,M 碩士,38,110
53,國立高雄科技大學,04121034,金融資訊系碩士在職專班,N 職,M 碩士,68,110
53,國立高雄科技大學,04121040,財務管理系碩士班,D 日,M 碩士,35,110
53,國立高雄科技大學,04121040,財務管理系碩士在職專班,N 職,M 碩士,46,110
53,國立高雄科技大學,04121104,金融系碩士班,D 日,M 碩士,49,110
53,國立高雄科技大學,04121104,金融系碩士在職專班,N 職,M 碩士,59,110
53,國立高雄科技大學,04121109,資訊財務碩士學位學程,D 日,M 碩士,6,110
53,國立高雄科技大學,04122043,財政稅務系碩士班,D 日,M 碩士,24,110
53,國立高雄科技大學,04122043,財政稅務系碩士在職專班,N 職,M 碩士,73,110
53,國立高雄科技大學,04123054,風險管理與保險系碩士班,D 日,M 碩士,22,110
53,國立高雄科技大學,04123054,風險管理與保險系碩士在職專班,N 職,M 碩士,32,110
53,國立高雄科技大學,04131005,智慧商務系碩士在職專班,N 職,M 碩士,79,110
53,國立高雄科技大學,04131031,國際管理碩士學位學程,D 日,M 碩士,80,110
53,國立高雄科技大學,04131036,創業管理碩士學位學程,D 日,M 碩士,18,110
53,國立高雄科技大學,04131101,企業管理系碩士班,D 日,M 碩士,33,110
53,國立高雄科技大學,04131101,企業管理系碩士在職專班,N 職,M 碩士,59,110
53,國立高雄科技大學,04131119,管理學院企業管理高階經營管理碩士在職專班,N 職,M 碩士,41,110
53,國立高雄科技大學,04132004,供應鏈管理系碩士班,D 日,M 碩士,40,110
53,國立高雄科技大學,04132004,供應鏈管理系碩士在職專班,N 職,M 碩士,4,110
53,國立高雄科技大學,04132059,行銷與流通管理系碩士班,D 日,M 碩士,69,110
53,國立高雄科技大學,04132059,行銷與流通管理系碩士在職專班,N 職,M 碩士,56,110
53,國立高雄科技大學,04132107,運籌管理系碩士班,D 日,M 碩士,31,110
53,國立高雄科技大學,04132107,運籌管理系碩士在職專班,N 職,M 碩士,46,110
53,國立高雄科技大學,04141023,國際企業系碩士班,D 日,M 碩士,51,110
53,國立高雄科技大學,04141023,國際企業系碩士在職專班,N 職,M 碩士,43,110
53,國立高雄科技大學,04199048,人力資源發展系碩士班,D 日,M 碩士,29,110
53,國立高雄科技大學,04199048,人力資源發展系碩士在職專班,N 職,M 碩士,57,110
53,國立高雄科技大學,04199063,管理學院高階主管經營管理碩士在職專班,N 職,M 碩士,54,110
53,國立高雄科技大學,04212068,科技法律研究所,D 日,M 碩士,53,110
53,國立高雄科技大學,04212068,科技法律研究所,N 職,M 碩士,79,110
53,國立高雄科技大學,05121010,海洋生物技術系碩士班,D 日,M 碩士,16,110
53,國立高雄科技大學,06131066,海事資訊科技系碩士班,D 日,M 碩士,12,110
53,國立高雄科技大學,06131080,商務資訊應用系碩士班,D 日,M 碩士,6,110
53,國立高雄科技大學,06131100,資訊管理系碩士班,D 日,M 碩士,120,110
53,國立高雄科技大學,06131100,資訊管理系碩士在職專班,N 職,M 碩士,51,110
53,國立高雄科技大學,06132005,智慧商務系碩士班,D 日,M 碩士,49,110
53,國立高雄科技大學,06132067,資訊工程系碩士班,D 日,M 碩士,62,110
53,國立高雄科技大學,06132067,資訊工程系碩士在職專班,N 職,M 碩士,33,110
53,國立高雄科技大學,07111085,化學工程與材料工程系碩士班,D 日,M 碩士,107,110
53,國立高雄科技大學,07111085,化學工程與材料工程系碩士在職專班,N 職,M 碩士,79,110
53,國立高雄科技大學,07121030,海洋環境工程系碩士班,D 日,M 碩士,26,110
53,國立高雄科技大學,07121086,環境與安全衛生工程系碩士班,D 日,M 碩士,77,110
53,國立高雄科技大學,07121086,環境與安全衛生工程系碩士在職專班,N 職,M 碩士,91,110
53,國立高雄科技大學,07141021,電訊工程系碩士班,D 日,M 碩士,32,110
53,國立高雄科技大學,07141073,光電工程研究所,D 日,M 碩士,46,110
53,國立高雄科技大學,07141075,電腦與通訊工程系碩士班,D 日,M 碩士,62,110
53,國立高雄科技大學,07141075,電腦與通訊工程系碩士在職專班,N 職,M 碩士,22,110
53,國立高雄科技大學,07141081,半導體工程系碩士班,D 日,M 碩士,36,110
53,國立高雄科技大學,07141081,半導體工程系碩士在職專班,N 職,M 碩士,27,110
53,國立高雄科技大學,07141103,電子工程系碩士班(建工校區),D 日,M 碩士,218,110
53,國立高雄科技大學,07141103,電子工程系碩士在職專班(建工校區),N 職,M 碩士,97,110
53,國立高雄科技大學,07141105,電機工程系碩士班,D 日,M 碩士,133,110
53,國立高雄科技大學,07141105,電機工程系碩士在職專班,N 職,M 碩士,105,110
53,國立高雄科技大學,07151026,輪機工程系碩士班,D 日,M 碩士,14,110
53,國立高雄科技大學,07151026,輪機工程系碩士在職專班,N 職,M 碩士,30,110
53,國立高雄科技大學,07151071,機電工程系碩士班,D 日,M 碩士,61,110
53,國立高雄科技大學,07151071,機電工程系碩士在職專班,N 職,M 碩士,38,110
53,國立高雄科技大學,07151072,機械工程系碩士班,D 日,M 碩士,140,110
53,國立高雄科技大學,07151072,機械工程系碩士在職專班,N 職,M 碩士,73,110
53,國立高雄科技大學,07151074,模具工程系碩士班,D 日,M 碩士,100,110
53,國立高雄科技大學,07151074,模具工程系碩士在職專班,N 職,M 碩士,61,110
53,國立高雄科技大學,07163029,造船及海洋工程系碩士班,D 日,M 碩士,27,110
53,國立高雄科技大學,07163029,造船及海洋工程系碩士在職專班,N 職,M 碩士,26,110
53,國立高雄科技大學,07191091,工業工程與管理系碩士班,D 日,M 碩士,69,110
53,國立高雄科技大學,07191091,工業工程與管理系碩士在職專班,N 職,M 碩士,96,110
53,國立高雄科技大學,07194118,海事風電工程碩士學位學程,D 日,M 碩士,14,110
53,國立高雄科技大學,07211039,水產食品科學系碩士班,D 日,M 碩士,33,110
53,國立高雄科技大學,07211039,水產食品科學系碩士在職專班,N 職,M 碩士,26,110
53,國立高雄科技大學,07321077,土木工程系碩士班,D 日,M 碩士,49,110
53,國立高雄科技大學,07321077,土木工程系,N 職,M 碩士,75,110
53,國立高雄科技大學,07321082,營建工程系碩士班,D 日,M 碩士,37,110
53,國立高雄科技大學,07321082,營建工程系,N 職,M 碩士,40,110
53,國立高雄科技大學,08193007,海洋事務與產業管理研究所,D 日,M 碩士,48,110
53,國立高雄科技大學,08311045,漁業生產與管理系碩士班,D 日,M 碩士,17,110
53,國立高雄科技大學,08311045,漁業生產與管理系碩士在職專班,N 職,M 碩士,18,110
53,國立高雄科技大學,08312047,水產養殖系碩士班,D 日,M 碩士,25,110
53,國立高雄科技大學,10151055,海洋休閒管理系碩士班,D 日,M 碩士,24,110
53,國立高雄科技大學,10151096,觀光管理系觀光與餐旅管理碩士班,D 日,M 碩士,27,110
53,國立高雄科技大學,10151096,觀光管理系觀光與餐旅管理碩士在職專班,N 職,M 碩士,65,110
53,國立高雄科技大學,10412060,航運管理系碩士班,D 日,M 碩士,29,110
53,國立高雄科技大學,10412060,航運管理系碩士在職專班,N 職,M 碩士,40,110
53,國立高雄科技大學,10414061,航運技術系碩士班,D 日,M 碩士,18,110
53,國立高雄科技大學,10414061,航運技術系碩士在職專班,N 職,M 碩士,7,110
53,國立高雄科技大學,10414066,海事資訊科技系碩士在職專班,N 職,M 碩士,8,110
1001,東海大學,01111001,教育研究所,D 日,M 碩士,36,110
1001,東海大學,01111001,教育研究所,N 職,M 碩士,51,110
1001,東海大學,02123011,工業設計學系,D 日,M 碩士,21,110
1001,東海大學,02123011,工業設計學系,N 職,M 碩士,18,110
1001,東海大學,02131002,美術學系,D 日,M 碩士,66,110
1001,東海大學,02131002,美術學系,N 職,M 碩士,74,110
1001,東海大學,02151003,音樂學系,D 日,M 碩士,68,110
1001,東海大學,02152058,表演藝術與創作碩士學位學程,D 日,M 碩士,21,110
1001,東海大學,02221009,歷史學系,D 日,M 碩士,13,110
1001,東海大學,02231010,哲學系,D 日,M 碩士,26,110
1001,東海大學,02231010,哲學系,N 職,M 碩士,25,110
1001,東海大學,02311005,外國語文學系,D 日,M 碩士,37,110
1001,東海大學,02311007,日本語言文化學系,D 日,M 碩士,19,110
1001,東海大學,02322004,中國文學系,D 日,M 碩士,44,110
1001,東海大學,02322004,中國文學系,N 職,M 碩士,2,110
1001,東海大學,02323062,華語文教學國際碩士學位學程,D 日,M 碩士,10,110
1001,東海大學,03111012,經濟學系,D 日,M 碩士,15,110
1001,東海大學,03121013,政治學系,D 日,M 碩士,22,110
1001,東海大學,03141014,社會學系,D 日,M 碩士,21,110
1001,東海大學,04111018,會計學系,D 日,M 碩士,21,110
1001,東海大學,04111018,會計學系,N 職,M 碩士,8,110
1001,東海大學,04121024,財務金融學系,D 日,M 碩士,31,110
1001,東海大學,04121024,財務金融學系,N 職,M 碩士,3,110
1001,東海大學,04131019,企業管理學系,D 日,M 碩士,58,110
1001,東海大學,04131025,高階經營管理碩士在職專班,N 職,M 碩士,403,110
1001,東海大學,04131059,國際企業管理碩士學位學程,D 日,M 碩士,29,110
1001,東海大學,04133044,工業工程與經營資訊學系高階醫務工程與管理碩士在職專班,N 職,M 碩士,30,110
1001,東海大學,04134016,行政管理暨政策學系,D 日,M 碩士,10,110
1001,東海大學,04134016,行政管理暨政策學系第三部門碩士在職專班,N 職,M 碩士,5,110
1001,東海大學,04134017,公共事務碩士專班,N 職,M 碩士,52,110
1001,東海大學,04141023,國際經營與貿易學系,D 日,M 碩士,29,110
1001,東海大學,04211027,法律學系,D 日,M 碩士,155,110
1001,東海大學,05111028,生命科學系,D 日,M 碩士,15,110
1001,東海大學,05311030,化學系,D 日,M 碩士,35,110
1001,東海大學,05331032,應用物理學系,D 日,M 碩士,10,110
1001,東海大學,05411034,應用數學系,D 日,M 碩士,11,110
1001,東海大學,05421035,統計學系,D 日,M 碩士,16,110
1001,東海大學,06131039,資訊工程學系,D 日,M 碩士,42,110
1001,東海大學,06131039,資訊工程學系,N 職,M 碩士,29,110
1001,東海大學,06133047,數位創新碩士學位學程,D 日,M 碩士,25,110
1001,東海大學,06134036,資訊管理學系,D 日,M 碩士,35,110
1001,東海大學,07111042,化學工程與材料工程學系,D 日,M 碩士,39,110
1001,東海大學,07121045,環境科學與工程學系,D 日,M 碩士,29,110
1001,東海大學,07141037,電機工程學系,D 日,M 碩士,30,110
1001,東海大學,07191044,工業工程與經營資訊學系,D 日,M 碩士,54,110
1001,東海大學,07211052,食品科學系,D 日,M 碩士,40,110
1001,東海大學,07311048,建築學系,D 日,M 碩士,57,110
1001,東海大學,07312049,景觀學系,D 日,M 碩士,21,110
1001,東海大學,07312049,景觀學系,N 職,M 碩士,26,110
1001,東海大學,08112051,畜產與生物科技學系,D 日,M 碩士,15,110
1001,東海大學,09231053,社會工作學系,D 日,M 碩士,61,110
1001,東海大學,10131054,餐旅管理學系,D 日,M 碩士,13,110
1001,東海大學,10131054,餐旅管理學系,N 職,M 碩士,37,110
1002,輔仁大學,01114047,教育領導與發展研究所,D 日,M 碩士,30,110
1002,輔仁大學,01114047,教育領導與發展研究所,N 職,M 碩士,81,110
1002,輔仁大學,02122029,品牌與時尚經營管理碩士學位學程,D 日,M 碩士,18,110
1002,輔仁大學,02122078,應用美術學系,D 日,M 碩士,51,110
1002,輔仁大學,02125082,織品服裝學系,D 日,M 碩士,58,110
1002,輔仁大學,02125082,織品服裝學系,N 職,M 碩士,62,110
1002,輔仁大學,02151034,音樂學系,D 日,M 碩士,67,110
1002,輔仁大學,02151034,音樂學系,N 職,M 碩士,78,110
1002,輔仁大學,02211019,宗教學系,D 日,M 碩士,40,110
1002,輔仁大學,02211019,宗教學系,N 職,M 碩士,111,110
1002,輔仁大學,02221074,歷史學系,D 日,M 碩士,27,110
1002,輔仁大學,02231037,哲學系,D 日,M 碩士,26,110
1002,輔仁大學,02231037,哲學系,N 職,M 碩士,29,110
1002,輔仁大學,02299060,跨文化研究所語言學碩士班,D 日,M 碩士,113,110
1002,輔仁大學,02299060,跨文化研究所翻譯學碩士在職專班,N 職,M 碩士,53,110
1002,輔仁大學,02311009,日本語文學系,D 日,M 碩士,40,110
1002,輔仁大學,02311016,西班牙語文學系,D 日,M 碩士,26,110
1002,輔仁大學,02311021,法國語文學系,D 日,M 碩士,27,110
1002,輔仁大學,02311033,英國語文學系,D 日,M 碩士,33,110
1002,輔仁大學,02311072,德語語文學系,D 日,M 碩士,30,110
1002,輔仁大學,02322003,中國文學系,D 日,M 碩士,35,110
1002,輔仁大學,03111055,經濟學系,D 日,M 碩士,23,110
1002,輔仁大學,03131007,心理學系,D 日,M 碩士,56,110
1002,輔仁大學,03131081,臨床心理學系,D 日,M 碩士,66,110
1002,輔仁大學,03141023,社會學系,D 日,M 碩士,18,110
1002,輔仁大學,03211002,大眾傳播學研究所,D 日,M 碩士,72,110
1002,輔仁大學,03211002,大眾傳播學研究所,N 職,M 碩士,53,110
1002,輔仁大學,03221051,博物館學研究所,D 日,M 碩士,60,110
1002,輔仁大學,03222065,圖書資訊學系,D 日,M 碩士,21,110
1002,輔仁大學,04111054,會計學系,D 日,M 碩士,50,110
1002,輔仁大學,04111054,會計學系,N 職,M 碩士,50,110
1002,輔仁大學,04121027,金融與國際企業學系金融碩士班,D 日,M 碩士,47,110
1002,輔仁大學,04121027,金融與國際企業學系金融碩士在職專班,N 職,M 碩士,72,110
1002,輔仁大學,04131015,企業管理學系管理學碩士班,D 日,M 碩士,90,110
1002,輔仁大學,04131015,企業管理學系碩士在職專班(廈門),N 職,M 碩士,78,110
1002,輔仁大學,04131025,社會企業碩士學位學程,D 日,M 碩士,28,110
1002,輔仁大學,04131025,社會企業碩士在職學位學程,N 職,M 碩士,44,110
1002,輔仁大學,04131041,國際創業與經營管理碩士學位學程,N 職,M 碩士,52,110
1002,輔仁大學,04131044,國際經營管理碩士學位學程,D 日,M 碩士,28,110
1002,輔仁大學,04199028,非營利組織管理碩士學位學程,N 職,M 碩士,66,110
1002,輔仁大學,04199032,科技管理碩士學位學程,N 職,M 碩士,60,110
1002,輔仁大學,04211020,法律學系,D 日,M 碩士,98,110
1002,輔仁大學,04211020,法律學系,N 職,M 碩士,83,110
1002,輔仁大學,04211038,財經法律學系,D 日,M 碩士,68,110
1002,輔仁大學,04211038,財經法律學系原住民碩士在職專班,N 職,M 碩士,79,110
1002,輔仁大學,05111011,生命科學系,D 日,M 碩士,19,110
1002,輔仁大學,05191080,營養科學系,D 日,M 碩士,25,110
1002,輔仁大學,05311005,化學系,D 日,M 碩士,47,110
1002,輔仁大學,05331022,物理學系,D 日,M 碩士,15,110
1002,輔仁大學,05411073,數學系,D 日,M 碩士,14,110
1002,輔仁大學,05421049,統計資訊學系應用統計碩士班,D 日,M 碩士,50,110
1002,輔仁大學,05421049,統計資訊學系應用統計碩士在職專班,N 職,M 碩士,39,110
1002,輔仁大學,06131058,資訊工程學系,D 日,M 碩士,48,110
1002,輔仁大學,06131058,資訊工程學系,N 職,M 碩士,29,110
1002,輔仁大學,06131059,資訊管理學系,D 日,M 碩士,34,110
1002,輔仁大學,06131059,資訊管理學系,N 職,M 碩士,56,110
1002,輔仁大學,07141064,電機工程學系,D 日,M 碩士,40,110
1002,輔仁大學,07141064,電機工程學系,N 職,M 碩士,0,110
1002,輔仁大學,07211035,食品科學系,D 日,M 碩士,47,110
1002,輔仁大學,07312052,景觀設計學系,D 日,M 碩士,28,110
1002,輔仁大學,09121013,生物醫學暨藥學研究所,D 日,M 碩士,13,110
1002,輔仁大學,09121090,生物醫學海量資料分析碩士學位學程,D 日,M 碩士,5,110
1002,輔仁大學,09131088,護理學系,D 日,M 碩士,37,110
1002,輔仁大學,09191004,公共衛生學系,D 日,M 碩士,27,110
1002,輔仁大學,09211061,跨專業長期照護碩士學位學程,N 職,M 碩士,103,110
1002,輔仁大學,09221017,兒童與家庭學系,D 日,M 碩士,52,110
1002,輔仁大學,09221017,兒童與家庭學系,N 職,M 碩士,93,110
1002,輔仁大學,09231024,社會工作學系,D 日,M 碩士,48,110
1002,輔仁大學,10131075,餐旅管理學系,D 日,M 碩士,34,110
1002,輔仁大學,10131075,餐旅管理學系,N 職,M 碩士,43,110
1002,輔仁大學,10141089,體育學系,D 日,M 碩士,40,110
1002,輔仁大學,10141089,體育學系,N 職,M 碩士,78,110
1003,東吳大學,02151001,音樂學系,D 日,M 碩士,58,110
1003,東吳大學,02151001,音樂學系,N 職,M 碩士,7,110
1003,東吳大學,02221006,歷史學系,D 日,M 碩士,13,110
1003,東吳大學,02231007,哲學系,D 日,M 碩士,34,110
1003,東吳大學,02311005,日本語文學系,D 日,M 碩士,43,110
1003,東吳大學,02311005,日本語文學系,N 職,M 碩士,30,110
1003,東吳大學,02311012,德國文化學系,D 日,M 碩士,24,110
1003,東吳大學,02312004,英文學系翻譯碩士班,D 日,M 碩士,30,110
1003,東吳大學,02322002,中國文學系,D 日,M 碩士,59,110
1003,東吳大學,02322002,中國文學系,N 職,M 碩士,27,110
1003,東吳大學,03111008,經濟學系,D 日,M 碩士,32,110
1003,東吳大學,03111008,經濟學系,N 職,M 碩士,25,110
1003,東吳大學,03121009,政治學系,D 日,M 碩士,28,110
1003,東吳大學,03131011,心理學系,D 日,M 碩士,97,110
1003,東吳大學,03141010,社會學系,D 日,M 碩士,25,110
1003,東吳大學,03141010,社會學系,N 職,M 碩士,15,110
1003,東吳大學,03199013,人權碩士學位學程,D 日,M 碩士,27,110
1003,東吳大學,04111015,會計學系,D 日,M 碩士,82,110
1003,東吳大學,04111015,會計學系,N 職,M 碩士,80,110
1003,東吳大學,04121027,財務工程與精算數學系,D 日,M 碩士,46,110
1003,東吳大學,04121027,財務工程與精算數學系,N 職,M 碩士,13,110
1003,東吳大學,04131016,企業管理學系,D 日,M 碩士,113,110
1003,東吳大學,04131016,企業管理學系,N 職,M 碩士,98,110
1003,東吳大學,04131020,商學院EMBA高階經營碩士在職專班,N 職,M 碩士,45,110
1003,東吳大學,04141019,國際經營與貿易學系,D 日,M 碩士,38,110
1003,東吳大學,04141019,國際經營與貿易學系,N 職,M 碩士,37,110
1003,東吳大學,04199031,巨量資料管理學院碩士學位學程,D 日,M 碩士,22,110
1003,東吳大學,04199031,巨量資料管理學院碩士在職學位學程,N 職,M 碩士,122,110
1003,東吳大學,04211021,法律學系,D 日,M 碩士,390,110
1003,東吳大學,04211021,法律學系,N 職,M 碩士,622,110
1003,東吳大學,05122022,微生物學系,D 日,M 碩士,10,110
1003,東吳大學,05311023,化學系,D 日,M 碩士,11,110
1003,東吳大學,05411025,數學系,D 日,M 碩士,14,110
1003,東吳大學,06131028,資訊管理學系,D 日,M 碩士,27,110
1003,東吳大學,06131028,資訊管理學系,N 職,M 碩士,51,110
1003,東吳大學,06134033,資料科學系,D 日,M 碩士,13,110
1003,東吳大學,06134033,資料科學系,N 職,M 碩士,37,110
1003,東吳大學,09231030,社會工作學系,D 日,M 碩士,81,110
1004,中原大學,01111001,教育研究所,D 日,M 碩士,30,110
1004,中原大學,01111001,教育研究所,N 職,M 碩士,84,110
1004,中原大學,01113002,特殊教育學系,D 日,M 碩士,42,110
1004,中原大學,02112008,商業設計學系,D 日,M 碩士,27,110
1004,中原大學,02112008,商業設計學系,N 職,M 碩士,14,110
1004,中原大學,02122010,文化創意設計碩士學位學程,D 日,M 碩士,6,110
1004,中原大學,02124009,室內設計學系,D 日,M 碩士,64,110
1004,中原大學,02124009,室內設計學系,N 職,M 碩士,89,110
1004,中原大學,02151058,音樂產業碩士學位學程,D 日,M 碩士,18,110
1004,中原大學,02211006,宗教研究所,D 日,M 碩士,17,110
1004,中原大學,02211006,宗教研究所,N 職,M 碩士,18,110
1004,中原大學,02311005,應用外國語文學系,D 日,M 碩士,37,110
1004,中原大學,02323004,應用華語文學系,D 日,M 碩士,45,110
1004,中原大學,03131011,心理學系,D 日,M 碩士,91,110
1004,中原大學,04111013,會計學系,D 日,M 碩士,38,110
1004,中原大學,04111013,會計學系,N 職,M 碩士,19,110
1004,中原大學,04121019,財務金融學系,D 日,M 碩士,21,110
1004,中原大學,04131014,企業管理學系,D 日,M 碩士,65,110
1004,中原大學,04131014,企業管理學系,N 職,M 碩士,184,110
1004,中原大學,04141018,國際經營與貿易學系,D 日,M 碩士,17,110
1004,中原大學,04141018,國際經營與貿易學系,N 職,M 碩士,13,110
1004,中原大學,04191017,國際商學碩士學位學程,D 日,M 碩士,28,110
1004,中原大學,04199050,巨量資料商業應用碩士學位學程,D 日,M 碩士,4,110
1004,中原大學,04212021,財經法律學系,D 日,M 碩士,93,110
1004,中原大學,04212021,財經法律學系,N 職,M 碩士,68,110
1004,中原大學,05121022,生物科技學系,D 日,M 碩士,19,110
1004,中原大學,05311023,化學系,D 日,M 碩士,64,110
1004,中原大學,05311023,化學系,N 職,M 碩士,16,110
1004,中原大學,05331024,物理學系,D 日,M 碩士,19,110
1004,中原大學,05411027,應用數學系,D 日,M 碩士,31,110
1004,中原大學,05411027,應用數學系,N 職,M 碩士,9,110
1004,中原大學,06131028,資訊管理學系,D 日,M 碩士,44,110
1004,中原大學,06131028,資訊管理學系,N 職,M 碩士,72,110
1004,中原大學,07111037,化學工程學系,D 日,M 碩士,95,110
1004,中原大學,07111049,化學工程與材料科學國際碩士學位學程,D 日,M 碩士,1,110
1004,中原大學,07112038,奈米科技碩士學位學程,D 日,M 碩士,4,110
1004,中原大學,07121042,環境工程學系,D 日,M 碩士,48,110
1004,中原大學,07121042,環境工程學系,N 職,M 碩士,38,110
1004,中原大學,07141029,電機工程學系,D 日,M 碩士,92,110
1004,中原大學,07141029,電機工程學系,N 職,M 碩士,44,110
1004,中原大學,07141030,電子工程學系,D 日,M 碩士,121,110
1004,中原大學,07141030,電子工程學系,N 職,M 碩士,27,110
1004,中原大學,07141031,資訊工程學系,D 日,M 碩士,78,110
1004,中原大學,07141031,資訊工程學系,N 職,M 碩士,20,110
1004,中原大學,07141032,通訊工程碩士學位學程,D 日,M 碩士,3,110
1004,中原大學,07151034,機械工程學系,D 日,M 碩士,91,110
1004,中原大學,07151034,機械工程學系,N 職,M 碩士,69,110
1004,中原大學,07151C01,光機電及資電控產業碩士專班,D 日,M 碩士,0,110
1004,中原大學,07191041,工業與系統工程學系,D 日,M 碩士,91,110
1004,中原大學,07191041,工業與系統工程學系,N 職,M 碩士,74,110
1004,中原大學,07193043,生物醫學工程學系,D 日,M 碩士,56,110
1004,中原大學,07193043,生物醫學工程學系,N 職,M 碩士,16,110
1004,中原大學,07193044,生物醫學材料與科技國際碩士學位學程,D 日,M 碩士,0,110
1004,中原大學,07311046,建築學系,D 日,M 碩士,65,110
1004,中原大學,07311046,建築學系,N 職,M 碩士,32,110
1004,中原大學,07312047,景觀學系,D 日,M 碩士,0,110
1004,中原大學,07312059,地景建築學系,D 日,M 碩士,14,110
1004,中原大學,07321035,土木工程學系,D 日,M 碩士,33,110
1005,淡江大學,01114095,教育政策與領導研究所,D 日,M 碩士,0,110
1005,淡江大學,01114095,教育政策與領導研究所,N 職,M 碩士,0,110
1005,淡江大學,01115097,課程與教學研究所,D 日,M 碩士,0,110
1005,淡江大學,01115097,課程與教學研究所,N 職,M 碩士,0,110
1005,淡江大學,01115108,教育與未來設計學系,N 職,M 碩士,34,110
1005,淡江大學,01116092,教育科技學系,D 日,M 碩士,26,110
1005,淡江大學,01116092,教育科技學系,N 職,M 碩士,67,110
1005,淡江大學,01199108,教育與未來設計學系未來學碩士班,D 日,M 碩士,52,110
1005,淡江大學,02221078,歷史學系,D 日,M 碩士,16,110
1005,淡江大學,02311082,日本語文學系,D 日,M 碩士,44,110
1005,淡江大學,02311082,日本語文學系,N 職,M 碩士,22,110
1005,淡江大學,02311084,西班牙語文學系,D 日,M 碩士,1,110
1005,淡江大學,02311086,法國語文學系,D 日,M 碩士,16,110
1005,淡江大學,02311088,英文學系,D 日,M 碩士,32,110
1005,淡江大學,02322090,中國文學學系,D 日,M 碩士,34,110
1005,淡江大學,02322090,中國文學學系,N 職,M 碩士,13,110
1005,淡江大學,03111075,產業經濟學系,D 日,M 碩士,14,110
1005,淡江大學,03111076,經濟學系經濟與財務碩士班,D 日,M 碩士,8,110
1005,淡江大學,03122060,國際事務與戰略研究所,D 日,M 碩士,38,110
1005,淡江大學,03122060,國際事務與戰略研究所,N 職,M 碩士,77,110
1005,淡江大學,03131096,教育心理與諮商研究所,D 日,M 碩士,111,110
1005,淡江大學,03143063,臺灣與亞太研究全英語碩士學位學程,D 日,M 碩士,5,110
1005,淡江大學,03143064,拉丁美洲研究所,D 日,M 碩士,15,110
1005,淡江大學,03143064,拉丁美洲研究所亞太研究數位學習碩士在職專班,N 職,M 碩士,24,110
1005,淡江大學,03143065,美洲研究所,D 日,M 碩士,0,110
1005,淡江大學,03143065,美洲研究所亞太研究數位學習碩士在職專班,N 職,M 碩士,11,110
1005,淡江大學,03143067,中國大陸研究所,D 日,M 碩士,24,110
1005,淡江大學,03143067,中國大陸研究所,N 職,M 碩士,43,110
1005,淡江大學,03143068,歐洲研究所,D 日,M 碩士,23,110
1005,淡江大學,03143073,日本政經研究所,D 日,M 碩士,25,110
1005,淡江大學,03143073,日本政經研究所,N 職,M 碩士,6,110
1005,淡江大學,03191057,未來學研究所,D 日,M 碩士,0,110
1005,淡江大學,03211055,大眾傳播學系,D 日,M 碩士,36,110
1005,淡江大學,03214054,資訊傳播學系,D 日,M 碩士,0,110
1005,淡江大學,03222052,資訊與圖書館學系,D 日,M 碩士,23,110
1005,淡江大學,03222052,資訊與圖書館學系數位學習碩士在職專班,N 職,M 碩士,11,110
1005,淡江大學,03222053,數位出版與典藏數位學習碩士在職專班,N 職,M 碩士,1,110
1005,淡江大學,04111051,會計學系,D 日,M 碩士,59,110
1005,淡江大學,04111051,會計學系,N 職,M 碩士,21,110
1005,淡江大學,04121037,財務金融學系,D 日,M 碩士,77,110
1005,淡江大學,04121037,財務金融學系,N 職,M 碩士,65,110
1005,淡江大學,04123104,風險管理與保險學系保險經營碩士班,D 日,M 碩士,32,110
1005,淡江大學,04123104,風險管理與保險學系保險經營碩士在職專班,N 職,M 碩士,38,110
1005,淡江大學,04131040,國際企業學系,D 日,M 碩士,49,110
1005,淡江大學,04131040,國際企業學系國際企業創新管理碩士在職專班,N 職,M 碩士,61,110
1005,淡江大學,04131045,商管學院經營管理全英語碩士學位學程,D 日,M 碩士,15,110
1005,淡江大學,04131047,管理科學學系企業經營碩士班,D 日,M 碩士,51,110
1005,淡江大學,04131047,管理科學學系企業經營碩士在職專班,N 職,M 碩士,57,110
1005,淡江大學,04131049,企業管理學系,D 日,M 碩士,54,110
1005,淡江大學,04131049,企業管理學系,N 職,M 碩士,78,110
1005,淡江大學,04134061,公共行政學系公共政策碩士班,D 日,M 碩士,17,110
1005,淡江大學,04134061,公共行政學系公共政策碩士在職專班,N 職,M 碩士,9,110
1005,淡江大學,04191105,數位商務與經濟碩士學位學程,D 日,M 碩士,2,110
1005,淡江大學,05311031,化學學系,D 日,M 碩士,30,110
1005,淡江大學,05331030,物理學系,D 日,M 碩士,20,110
1005,淡江大學,05411026,數學學系數學與數據科學碩士班,D 日,M 碩士,13,110
1005,淡江大學,05411026,數學學系,N 職,M 碩士,4,110
1005,淡江大學,05421024,統計學系數據科學碩士班,D 日,M 碩士,37,110
1005,淡江大學,05421101,商管學院大數據分析與商業智慧碩士學位學程,D 日,M 碩士,9,110
1005,淡江大學,06131018,資訊工程學系智慧計算與應用碩士班,D 日,M 碩士,97,110
1005,淡江大學,06131018,資訊工程學系,N 職,M 碩士,26,110
1005,淡江大學,06131023,資訊管理學系,D 日,M 碩士,34,110
1005,淡江大學,06131023,資訊管理學系,N 職,M 碩士,22,110
1005,淡江大學,07111010,化學工程與材料工程學系,D 日,M 碩士,55,110
1005,淡江大學,07122009,水資源及環境工程學系,D 日,M 碩士,28,110
1005,淡江大學,07141019,電機工程學系人工智慧系統整合組,D 日,M 碩士,119,110
1005,淡江大學,07141019,電機工程學系,N 職,M 碩士,19,110
1005,淡江大學,07151015,機械與機電工程學系,D 日,M 碩士,43,110
1005,淡江大學,07162017,航空太空工程學系,D 日,M 碩士,33,110
1005,淡江大學,07162017,航空太空工程學系,N 職,M 碩士,14,110
1005,淡江大學,07311007,建築學系,D 日,M 碩士,46,110
1005,淡江大學,07321012,土木工程學系,D 日,M 碩士,30,110
1005,淡江大學,10411002,運輸管理學系運輸科學碩士班,D 日,M 碩士,35,110
1006,中國文化大學,01131053,華語文教學碩士學位學程,N 職,M 碩士,35,110
1006,中國文化大學,01141023,體育學系運動教練碩士班,D 日,M 碩士,102,110
1006,中國文化大學,02111121,科技藝術碩士學位學程,D 日,M 碩士,11,110
1006,中國文化大學,02131059,美術學系,D 日,M 碩士,57,110
1006,中國文化大學,02151007,中國音樂學系,D 日,M 碩士,37,110
1006,中國文化大學,02151040,音樂學系,D 日,M 碩士,69,110
1006,中國文化大學,02152009,舞蹈學系,D 日,M 碩士,0,110
1006,中國文化大學,02152043,戲劇學系,D 日,M 碩士,2,110
1006,中國文化大學,02221098,史學系,D 日,M 碩士,33,110
1006,中國文化大學,02231081,哲學系,D 日,M 碩士,3,110
1006,中國文化大學,02311010,韓國語文學系,D 日,M 碩士,47,110
1006,中國文化大學,02311052,英國語文學系,D 日,M 碩士,4,110
1006,中國文化大學,02311077,日本語文學系,D 日,M 碩士,8,110
1006,中國文化大學,02322001,中國文學系,D 日,M 碩士,51,110
1006,中國文化大學,02322001,中國文學系,N 職,M 碩士,1,110
1006,中國文化大學,03111099,經濟學系,D 日,M 碩士,11,110
1006,中國文化大學,03121011,國家發展與中國大陸研究所,D 日,M 碩士,44,110
1006,中國文化大學,03121061,政治學系,D 日,M 碩士,23,110
1006,中國文化大學,03131004,心理輔導學系,D 日,M 碩士,113,110
1006,中國文化大學,03142087,地學研究所,D 日,M 碩士,41,110
1006,中國文化大學,03199051,勞動暨人力資源學系,D 日,M 碩士,61,110
1006,中國文化大學,03212033,新聞學系,D 日,M 碩士,30,110
1006,中國文化大學,03214101,資訊傳播學系,D 日,M 碩士,22,110
1006,中國文化大學,04111065,會計學系,D 日,M 碩士,29,110
1006,中國文化大學,04121037,財務金融學系,D 日,M 碩士,17,110
1006,中國文化大學,04131015,國際企業管理學系,D 日,M 碩士,49,110
1006,中國文化大學,04131015,國際企業管理學系,N 職,M 碩士,82,110
1006,中國文化大學,04131066,商學院企業實務管理數位碩士在職專班,N 職,M 碩士,78,110
1006,中國文化大學,04131122,兒童教育事業經營管理產業碩士學位學程,D 日,M 碩士,2,110
1006,中國文化大學,04134062,社會企業管理碩士在職學位學程,N 職,M 碩士,35,110
1006,中國文化大學,04134063,社會科學院澳門境外碩士在職專班,N 職,M 碩士,19,110
1006,中國文化大學,04141041,國際貿易學系,D 日,M 碩士,25,110
1006,中國文化大學,04143027,行銷碩士學位學程,D 日,M 碩士,40,110
1006,中國文化大學,04143067,全球品牌與行銷碩士在職學位學程,N 職,M 碩士,76,110
1006,中國文化大學,04191014,全球商務碩士學位學程,D 日,M 碩士,43,110
1006,中國文化大學,04211020,法律學系,D 日,M 碩士,315,110
1006,中國文化大學,04212020,法律學系,N 職,M 碩士,81,110
1006,中國文化大學,05311026,化學系應用化學碩士班,D 日,M 碩士,18,110
1006,中國文化大學,06131006,資訊管理學系人工智慧與巨量資料組,N 職,M 碩士,31,110
1006,中國文化大學,06131021,資訊工程學系,D 日,M 碩士,12,110
1006,中國文化大學,06134006,資訊管理學系,D 日,M 碩士,21,110
1006,中國文化大學,06134120,電子商務碩士學位學程,D 日,M 碩士,6,110
1006,中國文化大學,07111028,化學工程與材料工程學系,D 日,M 碩士,29,110
1006,中國文化大學,07112028,化學工程與材料工程學系奈米材料碩士班,D 日,M 碩士,0,110
1006,中國文化大學,07112C01,紡織產業碩士專班,D 日,M 碩士,11,110
1006,中國文化大學,07151107,機械工程學系數位機電碩士班,D 日,M 碩士,17,110
1006,中國文化大學,07311068,建築及都市設計學系,D 日,M 碩士,25,110
1006,中國文化大學,07311068,建築及都市設計學系,N 職,M 碩士,6,110
1006,中國文化大學,07311C04,建築公共安全產業碩士專班,D 日,M 碩士,4,110
1006,中國文化大學,07312103,景觀學系,D 日,M 碩士,13,110
1006,中國文化大學,07313118,都市計劃與開發管理學系,D 日,M 碩士,31,110
1006,中國文化大學,08192102,生物科技研究所,D 日,M 碩士,29,110
1006,中國文化大學,09221069,青少年兒童福利碩士學位學程,N 職,M 碩士,72,110
1006,中國文化大學,09299082,社會福利學系,D 日,M 碩士,23,110
1006,中國文化大學,10111090,生活應用科學系,D 日,M 碩士,28,110
1006,中國文化大學,10111090,生活應用科學系,N 職,M 碩士,39,110
1006,中國文化大學,10151005,觀光事業學系,D 日,M 碩士,21,110
1006,中國文化大學,10151005,觀光事業學系觀光休閒事業碩士在職專班,N 職,M 碩士,61,110
1006,中國文化大學,10413119,航空管理碩士學位學程,D 日,M 碩士,5,110
1007,逢甲大學,02122005,創意設計碩士學位學程,D 日,M 碩士,1,110
1007,逢甲大學,02221003,歷史與文物研究所,D 日,M 碩士,27,110
1007,逢甲大學,02299113,文化與社會創新碩士學位學程,D 日,M 碩士,17,110
1007,逢甲大學,02311002,外國語文學系英語文研究碩士班,D 日,M 碩士,31,110
1007,逢甲大學,02322001,中國文學系,D 日,M 碩士,21,110
1007,逢甲大學,02322001,中國文學系,N 職,M 碩士,1,110
1007,逢甲大學,03111009,經濟學系,D 日,M 碩士,27,110
1007,逢甲大學,03111012,合作經濟暨社會事業經營學系,D 日,M 碩士,20,110
1007,逢甲大學,03111012,合作經濟暨社會事業經營學系,N 職,M 碩士,1,110
1007,逢甲大學,04111017,會計學系,D 日,M 碩士,46,110
1007,逢甲大學,04121025,財務金融學系,D 日,M 碩士,40,110
1007,逢甲大學,04121026,金融碩士在職專班,N 職,M 碩士,52,110
1007,逢甲大學,04122032,財稅學系,D 日,M 碩士,24,110
1007,逢甲大學,04123029,風險管理與保險學系,D 日,M 碩士,37,110
1007,逢甲大學,04131019,企業管理學系,D 日,M 碩士,46,110
1007,逢甲大學,04131020,經營管理碩士在職專班,N 職,M 碩士,381,110
1007,逢甲大學,04131034,西班牙薩拉戈薩大學物流供應鏈管理與創新創業雙碩士學位學程,D 日,M 碩士,0,110
1007,逢甲大學,04134086,土地管理學系,D 日,M 碩士,33,110
1007,逢甲大學,04134086,土地管理學系,N 職,M 碩士,8,110
1007,逢甲大學,04134097,公共事務與社會創新研究所,D 日,M 碩士,14,110
1007,逢甲大學,04134097,公共事務與社會創新研究所,N 職,M 碩士,57,110
1007,逢甲大學,04141024,國際經營與貿易學系,D 日,M 碩士,53,110
1007,逢甲大學,04143033,行銷學系全球行銷碩士班,D 日,M 碩士,30,110
1007,逢甲大學,04191016,商學院商學專業碩士在職專班,N 職,M 碩士,59,110
1007,逢甲大學,04199036,科技管理碩士學位學程,D 日,M 碩士,2,110
1007,逢甲大學,04199037,建設學院專案管理碩士在職專班,N 職,M 碩士,77,110
1007,逢甲大學,04199096,建設碩士在職學位學程,N 職,M 碩士,135,110
1007,逢甲大學,04212038,財經法律研究所,D 日,M 碩士,65,110
1007,逢甲大學,04212038,財經法律研究所,N 職,M 碩士,66,110
1007,逢甲大學,05411039,應用數學系,D 日,M 碩士,9,110
1007,逢甲大學,05411114,數據科學碩士學位學程,D 日,M 碩士,13,110
1007,逢甲大學,05421040,統計學系統計與精算碩士班,D 日,M 碩士,36,110
1007,逢甲大學,06131048,資訊工程學系,D 日,M 碩士,114,110
1007,逢甲大學,06131048,資訊工程學系,N 職,M 碩士,0,110
1007,逢甲大學,07111068,化學工程學系,D 日,M 碩士,67,110
1007,逢甲大學,07112069,材料科學與工程學系,D 日,M 碩士,79,110
1007,逢甲大學,07121075,環境工程與科學學系,D 日,M 碩士,51,110
1007,逢甲大學,07122077,水利工程與資源保育學系,D 日,M 碩士,19,110
1007,逢甲大學,07132079,綠色能源科技碩士學位學程,D 日,M 碩士,13,110
1007,逢甲大學,07141044,電機工程學系,D 日,M 碩士,47,110
1007,逢甲大學,07141046,電子工程學系,D 日,M 碩士,69,110
1007,逢甲大學,07141050,通訊工程學系,D 日,M 碩士,49,110
1007,逢甲大學,07141052,自動控制工程學系,D 日,M 碩士,59,110
1007,逢甲大學,07141053,資訊電機工程碩士在職專班,N 職,M 碩士,98,110
1007,逢甲大學,07141054,光電能源與視覺科技碩士在職專班,N 職,M 碩士,0,110
1007,逢甲大學,07141099,視光科技碩士在職學位學程,N 職,M 碩士,4,110
1007,逢甲大學,07141101,光電科學與工程學系,D 日,M 碩士,44,110
1007,逢甲大學,07141112,資通訊與電控產業碩士專班,D 日,M 碩士,0,110
1007,逢甲大學,07151061,機械與電腦輔助工程學系機械工程碩士班,D 日,M 碩士,58,110
1007,逢甲大學,07151061,機械與電腦輔助工程學系機械工程碩士在職專班,N 職,M 碩士,4,110
1007,逢甲大學,07151106,創新智慧製造與管理產業碩士專班,D 日,M 碩士,11,110
1007,逢甲大學,07162059,航太與系統工程學系,D 日,M 碩士,51,110
1007,逢甲大學,07191072,工業工程與系統管理學系,D 日,M 碩士,49,110
1007,逢甲大學,07191072,工業工程與系統管理學系,N 職,M 碩士,4,110
1007,逢甲大學,07192074,纖維與複合材料學系,D 日,M 碩士,54,110
1007,逢甲大學,07192074,纖維與複合材料學系,N 職,M 碩士,3,110
1007,逢甲大學,07193078,生醫資訊暨生醫工程碩士學位學程,D 日,M 碩士,13,110
1007,逢甲大學,07199080,電聲碩士學位學程,D 日,M 碩士,19,110
1007,逢甲大學,07199098,智能製造與工程管理碩士在職學位學程,N 職,M 碩士,153,110
1007,逢甲大學,07311081,建築碩士學位學程,D 日,M 碩士,60,110
1007,逢甲大學,07311081,建築碩士在職學位學程,N 職,M 碩士,9,110
1007,逢甲大學,07312084,景觀與遊憩碩士學位學程,D 日,M 碩士,1,110
1007,逢甲大學,07312084,景觀與遊憩碩士學位學程,N 職,M 碩士,1,110
1007,逢甲大學,07313087,都市計畫與空間資訊學系,D 日,M 碩士,34,110
1007,逢甲大學,07313087,都市計畫與空間資訊學系,N 職,M 碩士,5,110
1007,逢甲大學,07321063,土木工程學系,D 日,M 碩士,35,110
1007,逢甲大學,07321063,土木工程學系,N 職,M 碩士,1,110
1007,逢甲大學,07399102,智慧城市碩士學位學程,D 日,M 碩士,21,110
1007,逢甲大學,10411093,運輸與物流學系,D 日,M 碩士,38,110
1007,逢甲大學,10411093,運輸與物流學系,N 職,M 碩士,3,110
1008,靜宜大學,01111001,教育研究所,D 日,M 碩士,38,110
1008,靜宜大學,01111001,教育研究所,N 職,M 碩士,63,110
1008,靜宜大學,02299040,原住民族文化碩士學位學程,D 日,M 碩士,22,110
1008,靜宜大學,02311004,英國語文學系,D 日,M 碩士,22,110
1008,靜宜大學,02311005,西班牙語文學系,D 日,M 碩士,25,110
1008,靜宜大學,02311006,日本語文學系,D 日,M 碩士,17,110
1008,靜宜大學,02321002,台灣文學系,D 日,M 碩士,19,110
1008,靜宜大學,02322003,中國文學系,D 日,M 碩士,21,110
1008,靜宜大學,02322003,中國文學系,N 職,M 碩士,3,110
1008,靜宜大學,03141038,犯罪防治碩士學位學程,D 日,M 碩士,27,110
1008,靜宜大學,04111011,會計學系,D 日,M 碩士,27,110
1008,靜宜大學,04121019,財務金融學系,D 日,M 碩士,15,110
1008,靜宜大學,04131010,寰宇管理碩士學位學程,D 日,M 碩士,92,110
1008,靜宜大學,04131012,企業管理學系,D 日,M 碩士,11,110
1008,靜宜大學,04131014,管理碩士在職專班,N 職,M 碩士,118,110
1008,靜宜大學,04131015,國際企業學系,D 日,M 碩士,21,110
1008,靜宜大學,04131018,創新與創業管理碩士學位學程,D 日,M 碩士,10,110
1008,靜宜大學,04211020,法律學系,D 日,M 碩士,33,110
1008,靜宜大學,04211020,法律學系,N 職,M 碩士,36,110
1008,靜宜大學,05191031,食品營養學系,D 日,M 碩士,34,110
1008,靜宜大學,05211021,生態人文學系,D 日,M 碩士,2,110
1008,靜宜大學,05311023,應用化學系,D 日,M 碩士,22,110
1008,靜宜大學,05499036,財務工程學系,D 日,M 碩士,18,110
1008,靜宜大學,06131027,資訊管理學系,D 日,M 碩士,14,110
1008,靜宜大學,06132009,資訊傳播工程學系,D 日,M 碩士,10,110
1008,靜宜大學,06134028,資訊學院資訊應用與科技管理碩士在職專班,N 職,M 碩士,17,110
1008,靜宜大學,07141030,資訊工程學系,D 日,M 碩士,11,110
1008,靜宜大學,09161035,化粧品科學系,D 日,M 碩士,26,110
1008,靜宜大學,09161035,化粧品科學系,N 職,M 碩士,29,110
1008,靜宜大學,09231032,社會工作與兒童少年福利學系,D 日,M 碩士,45,110
1008,靜宜大學,09231032,社會工作與兒童少年福利學系,N 職,M 碩士,28,110
1008,靜宜大學,09299039,社會企業與文化創意碩士學位學程,D 日,M 碩士,46,110
1008,靜宜大學,10151034,觀光事業學系,D 日,M 碩士,24,110
1008,靜宜大學,10151034,觀光事業學系,N 職,M 碩士,39,110
1009,長庚大學,02122001,工業設計學系,D 日,M 碩士,13,110
1009,長庚大學,04131005,工商管理學系,D 日,M 碩士,34,110
1009,長庚大學,04131008,商管專業學院碩士學位學程,D 日,M 碩士,37,110
1009,長庚大學,04131008,商管專業學院碩士學位學程在職專班,N 職,M 碩士,137,110
1009,長庚大學,04133007,醫務管理學系,D 日,M 碩士,32,110
1009,長庚大學,04199015,智慧醫療創新碩士學位學程,D 日,M 碩士,15,110
1009,長庚大學,05121011,生物科技產業碩士學位學程,D 日,M 碩士,7,110
1009,長庚大學,05123012,生物醫學系臨床試驗與評估碩士班,D 日,M 碩士,98,110
1009,長庚大學,05123032,分子醫學全英語碩士學位學程,D 日,M 碩士,1,110
1009,長庚大學,06131013,資訊管理學系,D 日,M 碩士,40,110
1009,長庚大學,06131018,資訊工程學系,D 日,M 碩士,53,110
1009,長庚大學,07111025,化工與材料工程學系,D 日,M 碩士,82,110
1009,長庚大學,07141014,電機工程學系,D 日,M 碩士,49,110
1009,長庚大學,07141014,電機工程學系,N 職,M 碩士,51,110
1009,長庚大學,07141016,電子工程學系,D 日,M 碩士,71,110
1009,長庚大學,07141016,電子工程學系,N 職,M 碩士,1,110
1009,長庚大學,07141017,光電工程研究所,D 日,M 碩士,14,110
1009,長庚大學,07141052,奈米工程及設計碩士學位學程,D 日,M 碩士,20,110
1009,長庚大學,07151022,機械工程學系,D 日,M 碩士,32,110
1009,長庚大學,07193027,生物醫學工程研究所,D 日,M 碩士,32,110
1009,長庚大學,09111049,顱顏口腔醫學研究所,D 日,M 碩士,43,110
1009,長庚大學,09121029,臨床醫學研究所,D 日,M 碩士,39,110
1009,長庚大學,09121034,顯微手術國際碩士學位學程,D 日,M 碩士,24,110
1009,長庚大學,09131040,護理學系,D 日,M 碩士,113,110
1009,長庚大學,09131040,護理學系,N 職,M 碩士,0,110
1009,長庚大學,09141046,醫學生物技術暨檢驗學系,D 日,M 碩士,33,110
1009,長庚大學,09141048,醫學影像暨放射科學系,D 日,M 碩士,22,110
1009,長庚大學,09151037,物理治療學系,D 日,M 碩士,28,110
1009,長庚大學,09152038,職能治療學系行為科學碩士班職能治療學組,D 日,M 碩士,49,110
1009,長庚大學,09159041,早期療育研究所,D 日,M 碩士,27,110
1009,長庚大學,09171031,中醫學系天然藥物碩士班,D 日,M 碩士,33,110
1009,長庚大學,09199050,健康照護產業碩士學位學程,D 日,M 碩士,21,110
1010,元智大學,02191001,藝術與設計學系藝術與設計管理碩士班,D 日,M 碩士,20,110
1010,元智大學,02311007,應用外語學系,D 日,M 碩士,17,110
1010,元智大學,02311007,應用外語學系,N 職,M 碩士,25,110
1010,元智大學,02322004,中國語文學系,D 日,M 碩士,21,110
1010,元智大學,03141009,社會暨政策科學學系,D 日,M 碩士,15,110
1010,元智大學,03141009,社會暨政策科學學系,N 職,M 碩士,47,110
1010,元智大學,04121014,管理學院財務金融暨會計碩士班,D 日,M 碩士,71,110
1010,元智大學,04131019,管理學院經營管理碩士班,D 日,M 碩士,107,110
1010,元智大學,04131021,管理學院創新經營管理越南境外碩士在職專班,N 職,M 碩士,204,110
1010,元智大學,05121025,生物科技與工程研究所,D 日,M 碩士,7,110
1010,元智大學,05124027,生物與醫學資訊碩士學位學程,D 日,M 碩士,5,110
1010,元智大學,06131011,資訊管理學系,D 日,M 碩士,44,110
1010,元智大學,06131011,資訊管理學系,N 職,M 碩士,72,110
1010,元智大學,06131028,資訊工程學系,D 日,M 碩士,105,110
1010,元智大學,06131028,資訊工程學系,N 職,M 碩士,42,110
1010,元智大學,06133013,資訊傳播學系,D 日,M 碩士,24,110
1010,元智大學,07111041,化學工程與材料科學學系,D 日,M 碩士,41,110
1010,元智大學,07111041,化學工程與材料科學學系,N 職,M 碩士,27,110
1010,元智大學,07141033,電機工程學系,D 日,M 碩士,165,110
1010,元智大學,07141033,電機工程學系,N 職,M 碩士,39,110
1010,元智大學,07151037,機械工程學系,D 日,M 碩士,36,110
1010,元智大學,07151037,機械工程學系,N 職,M 碩士,40,110
1010,元智大學,07191043,工業工程與管理學系,D 日,M 碩士,85,110
1010,元智大學,07191043,工業工程與管理學系,N 職,M 碩士,107,110
1010,元智大學,07193055,醫學研究所,D 日,M 碩士,7,110
1011,中華大學,04131007,企業管理學系,D 日,M 碩士,56,110
1011,中華大學,04131007,企業管理學系,N 職,M 碩士,32,110
1011,中華大學,04134006,行政管理學系,D 日,M 碩士,20,110
1011,中華大學,04134006,行政管理學系,N 職,M 碩士,26,110
1011,中華大學,04199015,工業管理學系科技管理碩士在職專班,N 職,M 碩士,32,110
1011,中華大學,06121054,高階資料庫管理碩士在職學位學程,N 職,M 碩士,8,110
1011,中華大學,06131021,資訊管理學系,D 日,M 碩士,10,110
1011,中華大學,06131021,資訊管理學系,N 職,M 碩士,9,110
1011,中華大學,06131025,資訊工程學系,D 日,M 碩士,44,110
1011,中華大學,06131025,資訊工程學系,N 職,M 碩士,10,110
1011,中華大學,07141022,電機工程學系,D 日,M 碩士,24,110
1011,中華大學,07141022,電機工程學系,N 職,M 碩士,7,110
1011,中華大學,07151028,機械工程學系,D 日,M 碩士,19,110
1011,中華大學,07151028,機械工程學系,N 職,M 碩士,0,110
1011,中華大學,07191015,工業管理學系,D 日,M 碩士,61,110
1011,中華大學,07311038,建築與都市計畫學系,D 日,M 碩士,21,110
1011,中華大學,07313058,智慧城市與社區規劃碩士在職學位學程,N 職,M 碩士,17,110
1011,中華大學,07321032,土木工程學系,D 日,M 碩士,8,110
1011,中華大學,07321032,土木工程學系,N 職,M 碩士,14,110
1011,中華大學,10151046,觀光學院碩士班,D 日,M 碩士,18,110
1011,中華大學,10151052,旅遊與休閒學系,D 日,M 碩士,4,110
1012,大葉大學,01111001,教育專業發展研究所,D 日,M 碩士,19,110
1012,大葉大學,01111001,教育專業發展研究所,N 職,M 碩士,23,110
1012,大葉大學,02121002,造形藝術學系,D 日,M 碩士,37,110
1012,大葉大學,02121002,造形藝術學系,N 職,M 碩士,3,110
1012,大葉大學,02122015,設計暨藝術學院碩士班,D 日,M 碩士,27,110
1012,大葉大學,02122015,中等學校教師在職進修設計暨藝術碩士學位班,N 職,M 碩士,8,110
1012,大葉大學,02123012,工業設計學系,D 日,M 碩士,8,110
1012,大葉大學,02311004,英語學系,D 日,M 碩士,23,110
1012,大葉大學,04131021,企業管理學系,D 日,M 碩士,43,110
1012,大葉大學,04131024,國際企業管理學系,D 日,M 碩士,16,110
1012,大葉大學,04133027,健康產業管理碩士在職學位學程,N 職,M 碩士,28,110
1012,大葉大學,04142028,人力資源暨公共關係學系,D 日,M 碩士,3,110
1012,大葉大學,04142028,人力資源暨公共關係學系,N 職,M 碩士,4,110
1012,大葉大學,04199029,管理學院碩士在職專班,N 職,M 碩士,89,110
1012,大葉大學,05121080,生物醫學系,D 日,M 碩士,10,110
1012,大葉大學,06131036,資訊管理學系,D 日,M 碩士,11,110
1012,大葉大學,06131036,資訊管理學系,N 職,M 碩士,4,110
1012,大葉大學,06131039,資訊工程學系,D 日,M 碩士,15,110
1012,大葉大學,07121054,環境工程學系,D 日,M 碩士,24,110
1012,大葉大學,07121054,環境工程學系,N 職,M 碩士,19,110
1012,大葉大學,07141038,電機工程學系,D 日,M 碩士,19,110
1012,大葉大學,07151046,機械與自動化工程學系,D 日,M 碩士,4,110
1012,大葉大學,07191053,工業工程與管理學系,D 日,M 碩士,0,110
1012,大葉大學,07191053,工業工程與管理學系,N 職,M 碩士,0,110
1012,大葉大學,07191C03,自行車創新產業碩士專班,D 日,M 碩士,0,110
1012,大葉大學,07193055,醫療器材設計與材料碩士學位學程,D 日,M 碩士,26,110
1012,大葉大學,07211078,食品暨應用生物科技學系,D 日,M 碩士,27,110
1012,大葉大學,07311057,建築研究所,D 日,M 碩士,18,110
1012,大葉大學,09131065,護理學系,D 日,M 碩士,14,110
1012,大葉大學,09141066,視光學系,D 日,M 碩士,5,110
1012,大葉大學,09141079,視覺科學碩士在職學位學程,N 職,M 碩士,3,110
1012,大葉大學,09161064,藥用植物與保健學系,D 日,M 碩士,10,110
1012,大葉大學,10142072,運動健康管理學系,D 日,M 碩士,23,110
1012,大葉大學,10142072,運動健康管理學系,N 職,M 碩士,22,110
1012,大葉大學,10152070,休閒事業管理學系,D 日,M 碩士,10,110
1012,大葉大學,10152070,休閒事業管理學系,N 職,M 碩士,13,110
1013,華梵大學,02112024,攝影與VR設計學系,D 日,M 碩士,10,110
1013,華梵大學,02112024,攝影與VR設計學系,N 職,M 碩士,3,110
1013,華梵大學,02122023,智慧生活設計學系空間設計碩士班,D 日,M 碩士,6,110
1013,華梵大學,02122023,智慧生活設計學系空間設計碩士在職專班,N 職,M 碩士,21,110
1013,華梵大學,02123008,工業設計學系,D 日,M 碩士,0,110
1013,華梵大學,02131002,美術與文創學系,D 日,M 碩士,24,110
1013,華梵大學,02131002,美術與文創學系,N 職,M 碩士,44,110
1013,華梵大學,02131025,佛教藝術學系,D 日,M 碩士,33,110
1013,華梵大學,02131025,佛教藝術學系,N 職,M 碩士,36,110
1013,華梵大學,02231006,哲學系,D 日,M 碩士,4,110
1013,華梵大學,02231006,哲學系,N 職,M 碩士,3,110
1013,華梵大學,02299009,東方人文思想研究所,D 日,M 碩士,49,110
1013,華梵大學,02299009,東方人文思想研究所,N 職,M 碩士,41,110
1013,華梵大學,02322003,中國文學系,D 日,M 碩士,2,110
1013,華梵大學,05291019,景觀與環境設計學系,D 日,M 碩士,3,110
1013,華梵大學,06131011,資訊管理學系,D 日,M 碩士,2,110
1013,華梵大學,06131011,資訊管理學系,N 職,M 碩士,1,110
1013,華梵大學,06132022,智慧生活科技學系大數據與管理碩士班,D 日,M 碩士,27,110
1013,華梵大學,06132022,智慧生活科技學系大數據與管理碩士在職專班,N 職,M 碩士,37,110
1013,華梵大學,07141012,電子工程學系,D 日,M 碩士,6,110
1013,華梵大學,07311016,建築學系,D 日,M 碩士,1,110
1013,華梵大學,07311016,建築學系,N 職,M 碩士,4,110
1014,義守大學,02122067,傳播與設計學院文創傳播與設計碩士班,D 日,M 碩士,15,110
1014,義守大學,03211008,大眾傳播學系,D 日,M 碩士,2,110
1014,義守大學,04121066,財務金融管理學系,D 日,M 碩士,10,110
1014,義守大學,04121066,財務金融管理學系,N 職,M 碩士,0,110
1014,義守大學,04131010,企業管理學系,D 日,M 碩士,90,110
1014,義守大學,04131012,管理學院管理碩士在職專班,N 職,M 碩士,90,110
1014,義守大學,04133018,醫務管理學系,D 日,M 碩士,16,110
1014,義守大學,04133018,醫務管理學系,N 職,M 碩士,39,110
1014,義守大學,04134007,公共政策與管理學系,N 職,M 碩士,80,110
1014,義守大學,04199019,工業管理學系,N 職,M 碩士,57,110
1014,義守大學,05121020,生物科技學系,D 日,M 碩士,13,110
1014,義守大學,05121071,智慧醫療暨生物資訊碩士學位學程,D 日,M 碩士,3,110
1014,義守大學,06131024,資訊管理學系,D 日,M 碩士,5,110
1014,義守大學,06131024,資訊管理學系,N 職,M 碩士,54,110
1014,義守大學,06131027,資訊工程學系,D 日,M 碩士,13,110
1014,義守大學,06131027,資訊工程學系,N 職,M 碩士,15,110
1014,義守大學,07111021,生物技術與化學工程研究所,D 日,M 碩士,9,110
1014,義守大學,07112034,材料科學與工程學系,D 日,M 碩士,36,110
1014,義守大學,07141025,電機工程學系,D 日,M 碩士,31,110
1014,義守大學,07141025,電機工程學系,N 職,M 碩士,5,110
1014,義守大學,07141026,電子工程學系,D 日,M 碩士,29,110
1014,義守大學,07151030,機械與自動化工程學系,D 日,M 碩士,11,110
1014,義守大學,07151030,機械與自動化工程學系,N 職,M 碩士,2,110
1014,義守大學,07193037,生物醫學工程學系,D 日,M 碩士,22,110
1014,義守大學,07321031,土木工程學系,D 日,M 碩士,8,110
1014,義守大學,07321032,土木與生態工程學系,D 日,M 碩士,0,110
1014,義守大學,09121040,學士後中醫學系,D 日,M 碩士,1,110
1014,義守大學,09131046,護理學系,D 日,M 碩士,46,110
1015,世新大學,02111018,廣播電視電影學系,D 日,M 碩士,85,110
1015,世新大學,02111018,廣播電視電影學系,N 職,M 碩士,30,110
1015,世新大學,02112004,數位多媒體設計學系,D 日,M 碩士,26,110
1015,世新大學,02322001,中國文學系,D 日,M 碩士,13,110
1015,世新大學,03111005,經濟學系,D 日,M 碩士,19,110
1015,世新大學,03111005,經濟學系,N 職,M 碩士,2,110
1015,世新大學,03141007,性別研究所,D 日,M 碩士,38,110
1015,世新大學,03141007,性別研究所,N 職,M 碩士,3,110
1015,世新大學,03141008,社會心理學系,D 日,M 碩士,9,110
1015,世新大學,03191006,社會發展研究所,D 日,M 碩士,19,110
1015,世新大學,03191006,社會發展研究所,N 職,M 碩士,2,110
1015,世新大學,03212017,新聞學系,D 日,M 碩士,31,110
1015,世新大學,03214013,資訊傳播學系,D 日,M 碩士,13,110
1015,世新大學,03214013,資訊傳播學系,N 職,M 碩士,27,110
1015,世新大學,03214014,口語傳播暨社群媒體學系,D 日,M 碩士,21,110
1015,世新大學,03214014,口語傳播暨社群媒體學系,N 職,M 碩士,31,110
1015,世新大學,03214020,圖文傳播暨數位出版學系,D 日,M 碩士,12,110
1015,世新大學,03214020,圖文傳播暨數位出版學系,N 職,M 碩士,2,110
1015,世新大學,04121024,財務金融學系,D 日,M 碩士,14,110
1015,世新大學,04121024,財務金融學系,N 職,M 碩士,33,110
1015,世新大學,04121040,創新金融科技產業碩士專班,D 日,M 碩士,16,110
1015,世新大學,04131023,企業管理學系,D 日,M 碩士,18,110
1015,世新大學,04131023,企業管理學系,N 職,M 碩士,101,110
1015,世新大學,04131043,創新管理產業碩士專班,D 日,M 碩士,0,110
1015,世新大學,04131047,創新管理暨智慧企業學系,D 日,M 碩士,9,110
1015,世新大學,04134009,行政管理學系,D 日,M 碩士,16,110
1015,世新大學,04134009,行政管理學系,N 職,M 碩士,41,110
1015,世新大學,04134011,非營利與社會企業碩士在職學位學程,N 職,M 碩士,18,110
1015,世新大學,04143019,公共關係暨廣告學系,D 日,M 碩士,45,110
1015,世新大學,04143019,公共關係暨廣告學系,N 職,M 碩士,67,110
1015,世新大學,04199025,傳播管理學系,D 日,M 碩士,20,110
1015,世新大學,04199025,傳播管理學系,N 職,M 碩士,86,110
1015,世新大學,04212026,法律學系,D 日,M 碩士,45,110
1015,世新大學,04212026,法律學系,N 職,M 碩士,78,110
1015,世新大學,04212039,智慧財產暨傳播科技法律研究所,D 日,M 碩士,27,110
1015,世新大學,04212039,智慧財產暨傳播科技法律研究所,N 職,M 碩士,23,110
1015,世新大學,06111042,智能系統暨科技創新產業碩士專班,D 日,M 碩士,12,110
1015,世新大學,06111046,雲端暨智能物聯產業碩士專班,D 日,M 碩士,19,110
1015,世新大學,06131028,資訊管理學系,D 日,M 碩士,35,110
1015,世新大學,06131028,資訊管理學系,N 職,M 碩士,42,110
1015,世新大學,06199C01,文化創意暨數位內容產業碩士專班,D 日,M 碩士,0,110
1015,世新大學,10151029,觀光學系,D 日,M 碩士,20,110
1015,世新大學,10151029,觀光學系,N 職,M 碩士,70,110
1016,銘傳大學,01111052,教育研究所,D 日,M 碩士,20,110
1016,銘傳大學,01111052,教育研究所,N 職,M 碩士,207,110
1016,銘傳大學,02112012,數位媒體設計學系,D 日,M 碩士,21,110
1016,銘傳大學,02112072,商業設計學系設計創作與研究碩士班,D 日,M 碩士,18,110
1016,銘傳大學,02123073,商品設計學系創新設計與管理碩士班,D 日,M 碩士,26,110
1016,銘傳大學,02123073,商品設計學系創新設計與管理碩士在職專班,N 職,M 碩士,17,110
1016,銘傳大學,02311010,應用日語學系,D 日,M 碩士,26,110
1016,銘傳大學,02311031,應用英語學系,D 日,M 碩士,14,110
1016,銘傳大學,02311031,應用英語學系,N 職,M 碩士,22,110
1016,銘傳大學,02322002,應用中國文學系,D 日,M 碩士,13,110
1016,銘傳大學,02322002,應用中國文學系,N 職,M 碩士,15,110
1016,銘傳大學,02323042,華語文教學碩士學位學程,D 日,M 碩士,3,110
1016,銘傳大學,03122004,國際事務碩士學位學程(外國學生專班),D 日,M 碩士,14,110
1016,銘傳大學,03131054,諮商與工商心理學系,D 日,M 碩士,96,110
1016,銘傳大學,03141088,犯罪防治學系,D 日,M 碩士,18,110
1016,銘傳大學,03141088,犯罪防治學系兩岸與犯罪防治碩士在職專班,N 職,M 碩士,51,110
1016,銘傳大學,03213064,新媒體暨傳播管理碩士學位學程,D 日,M 碩士,27,110
1016,銘傳大學,03213064,新媒體暨傳播管理學系,N 職,M 碩士,23,110
1016,銘傳大學,04111032,會計學系,D 日,M 碩士,19,110
1016,銘傳大學,04121020,財務金融學系,D 日,M 碩士,32,110
1016,銘傳大學,04121020,財務金融學系,N 職,M 碩士,41,110
1016,銘傳大學,04121059,經濟與金融學系,D 日,M 碩士,10,110
1016,銘傳大學,04123056,風險管理與保險學系,D 日,M 碩士,21,110
1016,銘傳大學,04123056,風險管理與保險學系,N 職,M 碩士,18,110
1016,銘傳大學,04131036,企業管理學系,D 日,M 碩士,53,110
1016,銘傳大學,04131036,企業管理學系,N 職,M 碩士,58,110
1016,銘傳大學,04131061,國際企業學系,D 日,M 碩士,57,110
1016,銘傳大學,04131061,國際企業學系,N 職,M 碩士,31,110
1016,銘傳大學,04133022,醫療資訊與管理學系健康產業管理碩士班,D 日,M 碩士,12,110
1016,銘傳大學,04134006,公共事務學系,D 日,M 碩士,9,110
1016,銘傳大學,04134006,公共事務學系,N 職,M 碩士,51,110
1016,銘傳大學,04142054,諮商與工商心理學系,N 職,M 碩士,61,110
1016,銘傳大學,04199071,高階經理碩士在職學位學程,N 職,M 碩士,20,110
1016,銘傳大學,04199094,金融科技碩士學位學程,D 日,M 碩士,19,110
1016,銘傳大學,04211039,法律學系,D 日,M 碩士,40,110
1016,銘傳大學,04211039,法律學系,N 職,M 碩士,70,110
1016,銘傳大學,04212024,財金法律學系,D 日,M 碩士,33,110
1016,銘傳大學,05121009,生物科技學系,D 日,M 碩士,18,110
1016,銘傳大學,05421079,應用統計與資料科學學系,D 日,M 碩士,14,110
1016,銘傳大學,06131029,資訊工程學系,D 日,M 碩士,25,110
1016,銘傳大學,06131045,資訊管理學系,D 日,M 碩士,20,110
1016,銘傳大學,06131045,資訊管理學系,N 職,M 碩士,17,110
1016,銘傳大學,06132078,資訊傳播工程學系,D 日,M 碩士,13,110
1016,銘傳大學,06134050,電腦與通訊工程學系,D 日,M 碩士,16,110
1016,銘傳大學,07141025,電子工程學系,D 日,M 碩士,9,110
1016,銘傳大學,07311026,建築學系,D 日,M 碩士,15,110
1016,銘傳大學,07313048,都市規劃與防災學系,D 日,M 碩士,17,110
1016,銘傳大學,07313048,都市規劃與防災學系,N 職,M 碩士,17,110
1016,銘傳大學,10151033,觀光事業學系,D 日,M 碩士,17,110
1016,銘傳大學,10151033,觀光事業學系,N 職,M 碩士,62,110
1017,實踐大學,02112012,媒體傳達設計學系,D 日,M 碩士,53,110
1017,實踐大學,02112012,媒體傳達設計學系,N 職,M 碩士,1,110
1017,實踐大學,02123014,工業產品設計學系,D 日,M 碩士,66,110
1017,實踐大學,02123014,工業產品設計學系,N 職,M 碩士,10,110
1017,實踐大學,02125051,服裝設計學系,D 日,M 碩士,46,110
1017,實踐大學,02125051,服裝設計學系,N 職,M 碩士,36,110
1017,實踐大學,02151001,音樂學系,D 日,M 碩士,25,110
1017,實踐大學,02311004,應用外語學系英語溝通碩士班,D 日,M 碩士,2,110
1017,實踐大學,04121029,財務金融學系,D 日,M 碩士,15,110
1017,實踐大學,04131021,企業管理學系,D 日,M 碩士,23,110
1017,實踐大學,04131021,企業管理學系,N 職,M 碩士,34,110
1017,實踐大學,04131023,國際企業英語碩士學位學程,D 日,M 碩士,12,110
1017,實踐大學,05191043,食品營養與保健生技學系,D 日,M 碩士,17,110
1017,實踐大學,06131037,資訊科技與管理學系,D 日,M 碩士,10,110
1017,實踐大學,06131037,資訊科技與管理學系,N 職,M 碩士,8,110
1017,實踐大學,07311041,建築設計學系,D 日,M 碩士,31,110
1017,實踐大學,09211045,家庭研究與兒童發展學系高齡家庭服務事業碩士在職專班,N 職,M 碩士,28,110
1017,實踐大學,09221045,家庭研究與兒童發展學系家庭諮商與輔導碩士班,D 日,M 碩士,49,110
1017,實踐大學,09231044,社會工作學系,D 日,M 碩士,17,110
1017,實踐大學,10131046,餐飲管理學系餐飲產業創新碩士班,D 日,M 碩士,17,110
1018,朝陽科技大學,02112003,視覺傳達設計系,D 日,M 碩士,23,110
1018,朝陽科技大學,02123004,工業設計系,D 日,M 碩士,25,110
1018,朝陽科技大學,02123004,工業設計系,N 職,M 碩士,13,110
1018,朝陽科技大學,02311001,應用英語系,D 日,M 碩士,23,110
1018,朝陽科技大學,04111007,會計系,D 日,M 碩士,12,110
1018,朝陽科技大學,04121010,財務金融系,D 日,M 碩士,17,110
1018,朝陽科技大學,04121010,財務金融系,N 職,M 碩士,21,110
1018,朝陽科技大學,04123011,保險金融管理系,D 日,M 碩士,17,110
1018,朝陽科技大學,04123011,保險金融管理系,N 職,M 碩士,42,110
1018,朝陽科技大學,04131008,企業管理系,D 日,M 碩士,34,110
1018,朝陽科技大學,04131008,企業管理系,N 職,M 碩士,60,110
1018,朝陽科技大學,04132012,行銷與流通管理系,D 日,M 碩士,18,110
1018,朝陽科技大學,04199014,銀髮產業管理系,D 日,M 碩士,30,110
1018,朝陽科技大學,05311017,應用化學系,D 日,M 碩士,13,110
1018,朝陽科技大學,05311017,應用化學系,N 職,M 碩士,5,110
1018,朝陽科技大學,06131019,資訊管理系,D 日,M 碩士,44,110
1018,朝陽科技大學,06131019,資訊管理系,N 職,M 碩士,11,110
1018,朝陽科技大學,06132023,資訊與通訊系,D 日,M 碩士,54,110
1018,朝陽科技大學,07121027,環境工程與管理系,D 日,M 碩士,41,110
1018,朝陽科技大學,07121027,環境工程與管理系,N 職,M 碩士,12,110
1018,朝陽科技大學,07141020,資訊工程系,D 日,M 碩士,35,110
1018,朝陽科技大學,07141020,資訊工程系,N 職,M 碩士,7,110
1018,朝陽科技大學,07191026,工業工程與管理系,D 日,M 碩士,32,110
1018,朝陽科技大學,07191026,工業工程與管理系,N 職,M 碩士,11,110
1018,朝陽科技大學,07311028,建築系建築及都市設計碩士班,D 日,M 碩士,24,110
1018,朝陽科技大學,07312031,景觀及都市設計系,D 日,M 碩士,23,110
1018,朝陽科技大學,07321025,營建工程系,D 日,M 碩士,32,110
1018,朝陽科技大學,07321025,營建工程系,N 職,M 碩士,6,110
1018,朝陽科技大學,09221035,幼兒保育系,D 日,M 碩士,52,110
1018,朝陽科技大學,09221035,幼兒保育系,N 職,M 碩士,86,110
1018,朝陽科技大學,09231034,社會工作系,D 日,M 碩士,30,110
1018,朝陽科技大學,09231034,社會工作系,N 職,M 碩士,24,110
1018,朝陽科技大學,10152036,休閒事業管理系,D 日,M 碩士,34,110
1018,朝陽科技大學,10152036,休閒事業管理系,N 職,M 碩士,41,110
1019,高雄醫學大學,03131002,心理學系,D 日,M 碩士,82,110
1019,高雄醫學大學,03141001,性別研究所,D 日,M 碩士,35,110
1019,高雄醫學大學,04133003,醫務管理暨醫療資訊學系,D 日,M 碩士,28,110
1019,高雄醫學大學,04133003,醫務管理暨醫療資訊學系,N 職,M 碩士,55,110
1019,高雄醫學大學,05111016,生物醫學暨環境生物學系,D 日,M 碩士,11,110
1019,高雄醫學大學,05121005,生物科技學系,D 日,M 碩士,10,110
1019,高雄醫學大學,05199052,生命科學院醫藥化學暨生物科技碩士班,D 日,M 碩士,3,110
1019,高雄醫學大學,05311017,醫藥暨應用化學系,D 日,M 碩士,27,110
1019,高雄醫學大學,06132053,人工智慧健康產業應用碩士學位學程,D 日,M 碩士,3,110
1019,高雄醫學大學,09111044,牙醫學系,D 日,M 碩士,18,110
1019,高雄醫學大學,09111044,牙醫學系,N 職,M 碩士,7,110
1019,高雄醫學大學,09111046,口腔衛生學系,D 日,M 碩士,5,110
1019,高雄醫學大學,09111046,口腔衛生學系,N 職,M 碩士,22,110
1019,高雄醫學大學,09121011,醫學研究所,D 日,M 碩士,84,110
1019,高雄醫學大學,09121018,臨床醫學研究所,D 日,M 碩士,42,110
1019,高雄醫學大學,09121019,熱帶醫學碩士學位學程,D 日,M 碩士,11,110
1019,高雄醫學大學,09131032,護理學系,D 日,M 碩士,91,110
1019,高雄醫學大學,09141036,醫學檢驗生物技術學系,D 日,M 碩士,20,110
1019,高雄醫學大學,09141037,醫學影像暨放射科學系,D 日,M 碩士,9,110
1019,高雄醫學大學,09141037,醫學影像暨放射科學系,N 職,M 碩士,22,110
1019,高雄醫學大學,09151028,物理治療學系,D 日,M 碩士,23,110
1019,高雄醫學大學,09152029,職能治療學系,D 日,M 碩士,9,110
1019,高雄醫學大學,09152029,職能治療學系,N 職,M 碩士,5,110
1019,高雄醫學大學,09159030,運動醫學系,D 日,M 碩士,27,110
1019,高雄醫學大學,09159030,運動醫學系,N 職,M 碩士,63,110
1019,高雄醫學大學,09161024,藥學系,D 日,M 碩士,59,110
1019,高雄醫學大學,09161024,藥學系,N 職,M 碩士,34,110
1019,高雄醫學大學,09161026,天然藥物研究所,D 日,M 碩士,24,110
1019,高雄醫學大學,09161027,香粧品學系,D 日,M 碩士,19,110
1019,高雄醫學大學,09161047,毒理學碩士學位學程,D 日,M 碩士,2,110
1019,高雄醫學大學,09191021,公共衛生學系,D 日,M 碩士,34,110
1019,高雄醫學大學,09211048,高齡長期照護碩士學位學程,D 日,M 碩士,50,110
1019,高雄醫學大學,09231049,醫學社會學與社會工作學系,D 日,M 碩士,28,110
1020,南華大學,01121001,幼兒教育學系,D 日,M 碩士,19,110
1020,南華大學,02111059,視覺藝術與設計學系,D 日,M 碩士,27,110
1020,南華大學,02122062,產品與室內設計學系,D 日,M 碩士,17,110
1020,南華大學,02151003,民族音樂學系,D 日,M 碩士,37,110
1020,南華大學,02211010,宗教學研究所,D 日,M 碩士,50,110
1020,南華大學,02211010,宗教學研究所,N 職,M 碩士,43,110
1020,南華大學,02299011,生死學系,D 日,M 碩士,75,110
1020,南華大學,02299011,人文學院生死學系馬來西亞境外碩士在職專班,N 職,M 碩士,144,110
1020,南華大學,02322009,文學系,D 日,M 碩士,25,110
1020,南華大學,02322009,文學系,N 職,M 碩士,16,110
1020,南華大學,03122019,國際事務與企業學系公共政策研究碩士班,D 日,M 碩士,45,110
1020,南華大學,03141017,應用社會學系社會工作與社會設計碩士班,D 日,M 碩士,32,110
1020,南華大學,03214026,傳播學系,D 日,M 碩士,19,110
1020,南華大學,04121031,財務金融學系財務管理碩士班,D 日,M 碩士,12,110
1020,南華大學,04121031,財務金融學系財務管理碩士在職專班,N 職,M 碩士,19,110
1020,南華大學,04131029,企業管理學系非營利事業管理碩士班,D 日,M 碩士,47,110
1020,南華大學,04131029,企業管理越南境外碩士在職專班,N 職,M 碩士,30,110
1020,南華大學,04199033,文化創意事業管理學系,D 日,M 碩士,23,110
1020,南華大學,04199033,文化創意事業管理學系,N 職,M 碩士,21,110
1020,南華大學,05211060,科技學院永續綠色科技碩士學位學程資訊科技組,D 日,M 碩士,31,110
1020,南華大學,05211060,永續綠色科技碩士在職學位學程,N 職,M 碩士,20,110
1020,南華大學,06131042,資訊管理學系,D 日,M 碩士,14,110
1020,南華大學,06131042,資訊管理學系,N 職,M 碩士,25,110
1020,南華大學,07311045,建築與景觀學系,D 日,M 碩士,20,110
1020,南華大學,07311045,建築與景觀學系環境藝術碩士在職專班,N 職,M 碩士,0,110
1020,南華大學,09171040,自然生物科技學系自然療癒碩士班,D 日,M 碩士,39,110
1020,南華大學,09171040,自然生物科技學系自然療癒碩士在職專班,N 職,M 碩士,38,110
1020,南華大學,10151048,旅遊管理學系旅遊管理碩士班,D 日,M 碩士,20,110
1020,南華大學,10151048,旅遊管理學系旅遊管理碩士在職專班,N 職,M 碩士,14,110
1021,真理大學,02211064,宗教文化與資訊管理學系,D 日,M 碩士,20,110
1021,真理大學,02211064,宗教文化與資訊管理學系,N 職,M 碩士,11,110
1021,真理大學,03111014,經濟學系,D 日,M 碩士,11,110
1021,真理大學,04131020,企業管理學系,D 日,M 碩士,19,110
1021,真理大學,04131020,企業管理學系,N 職,M 碩士,9,110
1021,真理大學,04199057,運動管理學系,D 日,M 碩士,14,110
1021,真理大學,04211031,法律學系,D 日,M 碩士,24,110
1021,真理大學,05499065,統計資訊與精算學系,D 日,M 碩士,7,110
1021,真理大學,06132041,資訊工程學系,D 日,M 碩士,8,110
1021,真理大學,10151044,觀光事業學系,D 日,M 碩士,14,110
1021,真理大學,10152046,休閒遊憩事業學系,D 日,M 碩士,1,110
1022,大同大學,02112004,媒體設計學系,D 日,M 碩士,19,110
1022,大同大學,02123005,工業設計學系,D 日,M 碩士,45,110
1022,大同大學,02123005,工業設計學系,N 職,M 碩士,24,110
1022,大同大學,04131007,事業經營學系,D 日,M 碩士,19,110
1022,大同大學,04131007,事業經營學系,N 職,M 碩士,31,110
1022,大同大學,06131006,資訊經營學系,D 日,M 碩士,5,110
1022,大同大學,06131006,資訊經營學系,N 職,M 碩士,17,110
1022,大同大學,06131012,資訊工程學系,D 日,M 碩士,32,110
1022,大同大學,06131012,資訊工程學系,N 職,M 碩士,28,110
1022,大同大學,07111021,化學工程與生物科技學系,D 日,M 碩士,23,110
1022,大同大學,07111021,化學工程與生物科技學系,N 職,M 碩士,6,110
1022,大同大學,07112016,材料工程學系,D 日,M 碩士,0,110
1022,大同大學,07141010,電機工程學系,D 日,M 碩士,39,110
1022,大同大學,07141010,電機工程學系,N 職,M 碩士,29,110
1022,大同大學,07141013,通訊工程研究所,D 日,M 碩士,1,110
1022,大同大學,07141013,通訊工程研究所,N 職,M 碩士,4,110
1022,大同大學,07151014,機械工程學系,D 日,M 碩士,0,110
1022,大同大學,07151023,機械與材料工程學系,D 日,M 碩士,38,110
1022,大同大學,07194019,工程管理學位學程碩士在職專班,N 職,M 碩士,1,110
1023,南臺科技大學,01111065,人文社會學院教育經營碩士班,D 日,M 碩士,28,110
1023,南臺科技大學,01111065,人文社會學院教育經營碩士在職專班,N 職,M 碩士,55,110
1023,南臺科技大學,01114002,教育領導與評鑑研究所,D 日,M 碩士,0,110
1023,南臺科技大學,01114002,教育領導與評鑑研究所,N 職,M 碩士,0,110
1023,南臺科技大學,02112008,視覺傳達設計系碩士班,D 日,M 碩士,35,110
1023,南臺科技大學,02123010,創新產品設計系碩士班,D 日,M 碩士,27,110
1023,南臺科技大學,02311005,應用英語系碩士班,D 日,M 碩士,21,110
1023,南臺科技大學,02311005,應用英語系碩士在職專班,N 職,M 碩士,7,110
1023,南臺科技大學,02311006,應用日語系碩士班,D 日,M 碩士,24,110
1023,南臺科技大學,03214011,資訊傳播系碩士班,D 日,M 碩士,21,110
1023,南臺科技大學,04111013,會計資訊系,D 日,M 碩士,4,110
1023,南臺科技大學,04121021,財務金融系碩士班,D 日,M 碩士,2,110
1023,南臺科技大學,04131015,企業管理系碩士班,D 日,M 碩士,28,110
1023,南臺科技大學,04131015,企業管理系碩士在職專班,N 職,M 碩士,33,110
1023,南臺科技大學,04131017,國際企業系,D 日,M 碩士,0,110
1023,南臺科技大學,04131029,高階主管企管碩士在職專班,N 職,M 碩士,44,110
1023,南臺科技大學,04132024,行銷與流通管理系碩士班,D 日,M 碩士,12,110
1023,南臺科技大學,04132024,行銷與流通管理系碩士在職專班,N 職,M 碩士,43,110
1023,南臺科技大學,04199060,工業管理與資訊系工業管理碩士班,D 日,M 碩士,1,110
1023,南臺科技大學,04199060,工業管理與資訊系工業管理碩士在職專班,N 職,M 碩士,21,110
1023,南臺科技大學,04199064,全球經營管理碩士班,D 日,M 碩士,101,110
1023,南臺科技大學,04212033,財經法律研究所,D 日,M 碩士,27,110
1023,南臺科技大學,04212033,財經法律研究所,N 職,M 碩士,29,110
1023,南臺科技大學,05121063,生物與食品科技系碩士班,D 日,M 碩士,21,110
1023,南臺科技大學,05121063,生物與食品科技系碩士在職專班,N 職,M 碩士,2,110
1023,南臺科技大學,06131036,資訊管理系碩士班,D 日,M 碩士,35,110
1023,南臺科技大學,06131036,資訊管理系碩士在職專班,N 職,M 碩士,23,110
1023,南臺科技大學,06131043,資訊工程系碩士班,D 日,M 碩士,29,110
1023,南臺科技大學,06132038,多媒體與電腦娛樂科學系碩士班,D 日,M 碩士,40,110
1023,南臺科技大學,06134061,大數據分析碩士在職學位學程,N 職,M 碩士,10,110
1023,南臺科技大學,07111048,化學工程與材料工程系碩士班,D 日,M 碩士,37,110
1023,南臺科技大學,07141039,電機工程系碩士班,D 日,M 碩士,52,110
1023,南臺科技大學,07141040,電子工程系碩士班,D 日,M 碩士,73,110
1023,南臺科技大學,07141042,光電工程系碩士班,D 日,M 碩士,20,110
1023,南臺科技大學,07151045,機械工程系碩士班,D 日,M 碩士,57,110
1023,南臺科技大學,10131056,餐旅管理系碩士班,D 日,M 碩士,23,110
1023,南臺科技大學,10152058,休閒事業管理系碩士班,D 日,M 碩士,35,110
1023,南臺科技大學,10152058,休閒事業管理系碩士在職專班,N 職,M 碩士,44,110
1024,崑山科技大學,02111009,視訊傳播設計系媒體藝術碩士班,D 日,M 碩士,24,110
1024,崑山科技大學,02112004,視覺傳達設計系碩士班,D 日,M 碩士,27,110
1024,崑山科技大學,02112004,視覺傳達設計系碩士在職專班,N 職,M 碩士,12,110
1024,崑山科技大學,02122007,空間設計系環境設計碩士班,D 日,M 碩士,11,110
1024,崑山科技大學,04131015,企業管理系碩士班,D 日,M 碩士,61,110
1024,崑山科技大學,04131015,企業管理系碩士在職專班,N 職,M 碩士,45,110
1024,崑山科技大學,04141017,國際貿易系_國際商務經營管理產業碩士專班,D 日,M 碩士,0,110
1024,崑山科技大學,04141049,全球商務與行銷系國際商務與金融碩士班,D 日,M 碩士,3,110
1024,崑山科技大學,04199022,房地產開發與管理系碩士班,D 日,M 碩士,59,110
1024,崑山科技大學,06131023,資訊管理系碩士班,D 日,M 碩士,14,110
1024,崑山科技大學,06131023,資訊管理系碩士在職專班,N 職,M 碩士,25,110
1024,崑山科技大學,06131028,資訊工程系碩士班,D 日,M 碩士,11,110
1024,崑山科技大學,06131028,資訊工程系碩士在職專班,N 職,M 碩士,1,110
1024,崑山科技大學,07112034,材料工程系碩士班,D 日,M 碩士,4,110
1024,崑山科技大學,07112034,材料工程系碩士在職專班,N 職,M 碩士,5,110
1024,崑山科技大學,07121038,環境工程系碩士班,D 日,M 碩士,10,110
1024,崑山科技大學,07121038,環境工程系碩士在職專班,N 職,M 碩士,17,110
1024,崑山科技大學,07141025,電機工程系碩士班,D 日,M 碩士,23,110
1024,崑山科技大學,07141025,電機工程系碩士在職專班,N 職,M 碩士,21,110
1024,崑山科技大學,07141026,電子工程系碩士班,D 日,M 碩士,11,110
1024,崑山科技大學,07141026,電子工程系碩士在職專班,N 職,M 碩士,0,110
1024,崑山科技大學,07141051,智慧機器人工程系碩士班,D 日,M 碩士,6,110
1024,崑山科技大學,07141051,智慧機器人工程系碩士在職專班,N 職,M 碩士,4,110
1024,崑山科技大學,07151030,機械工程系碩士班,D 日,M 碩士,35,110
1024,崑山科技大學,07151030,機械工程系碩士在職專班,N 職,M 碩士,16,110
1025,嘉南藥理大學,02299001,儒學研究所,D 日,M 碩士,0,110
1025,嘉南藥理大學,04133003,醫務管理系,D 日,M 碩士,29,110
1025,嘉南藥理大學,04133003,醫務管理系,N 職,M 碩士,55,110
1025,嘉南藥理大學,05121005,生物科技系,D 日,M 碩士,0,110
1025,嘉南藥理大學,05121005,生物科技系,N 職,M 碩士,0,110
1025,嘉南藥理大學,05191015,保健營養系,D 日,M 碩士,16,110
1025,嘉南藥理大學,05191015,保健營養系,N 職,M 碩士,1,110
1025,嘉南藥理大學,05211027,環境資源管理系,D 日,M 碩士,14,110
1025,嘉南藥理大學,06134007,應用空間資訊系,D 日,M 碩士,0,110
1025,嘉南藥理大學,07121009,環境工程與科學系,D 日,M 碩士,40,110
1025,嘉南藥理大學,07121009,環境工程與科學系,N 職,M 碩士,19,110
1025,嘉南藥理大學,09161012,藥學系,D 日,M 碩士,15,110
1025,嘉南藥理大學,09161012,藥學系,N 職,M 碩士,12,110
1025,嘉南藥理大學,10121024,化粧品應用與管理系化粧品科技碩士班,D 日,M 碩士,35,110
1025,嘉南藥理大學,10121024,化粧品應用與管理系化粧品科技碩士班,N 職,M 碩士,32,110
1025,嘉南藥理大學,10151020,觀光事業管理系溫泉產業碩士班,D 日,M 碩士,0,110
1025,嘉南藥理大學,10151020,觀光事業管理系溫泉產業碩士班,N 職,M 碩士,33,110
1025,嘉南藥理大學,10152021,休閒保健管理系,D 日,M 碩士,21,110
1025,嘉南藥理大學,10221011,職業安全衛生系產業安全衛生與防災碩士班,D 日,M 碩士,4,110
1025,嘉南藥理大學,10221011,職業安全衛生系產業安全衛生與防災碩士班,N 職,M 碩士,46,110
1026,樹德科技大學,02112009,視覺傳達設計系碩士在職專班,N 職,M 碩士,24,110
1026,樹德科技大學,02122005,應用設計研究所,D 日,M 碩士,36,110
1026,樹德科技大學,02122005,應用設計研究所,N 職,M 碩士,23,110
1026,樹德科技大學,02123010,生活產品設計系碩士在職專班,N 職,M 碩士,20,110
1026,樹德科技大學,02124012,建築與室內設計研究所,D 日,M 碩士,16,110
1026,樹德科技大學,02124012,建築與室內設計研究所,N 職,M 碩士,38,110
1026,樹德科技大學,04121026,金融管理系碩士班,D 日,M 碩士,14,110
1026,樹德科技大學,04121026,金融管理系碩士在職專班,N 職,M 碩士,42,110
1026,樹德科技大學,04131017,經營管理研究所,D 日,M 碩士,34,110
1026,樹德科技大學,04131017,經營管理研究所,N 職,M 碩士,70,110
1026,樹德科技大學,04141021,會展管理與貿易行銷碩士在職學位學程,N 職,M 碩士,24,110
1026,樹德科技大學,06121032,資訊管理系碩士班,D 日,M 碩士,5,110
1026,樹德科技大學,06121032,資訊管理系碩士在職專班,N 職,M 碩士,14,110
1026,樹德科技大學,06131033,資訊工程系碩士班,D 日,M 碩士,15,110
1026,樹德科技大學,06131033,資訊工程系資訊技術與管理數位學習碩士在職專班,N 職,M 碩士,14,110
1026,樹德科技大學,07141034,電腦與通訊系碩士班,D 日,M 碩士,20,110
1026,樹德科技大學,09221038,兒童與家庭服務系碩士班,D 日,M 碩士,23,110
1026,樹德科技大學,09221038,兒童與家庭服務系碩士在職專班,N 職,M 碩士,23,110
1026,樹德科技大學,99999045,人類性學研究所,D 日,M 碩士,51,110
1026,樹德科技大學,99999045,人類性學研究所,N 職,M 碩士,73,110
1027,慈濟大學,01111001,教育研究所,D 日,M 碩士,21,110
1027,慈濟大學,01111001,教育研究所,N 職,M 碩士,19,110
1027,慈濟大學,02211005,宗教與人文研究所,D 日,M 碩士,32,110
1027,慈濟大學,02322004,東方語文學系,D 日,M 碩士,12,110
1027,慈濟大學,03131008,人類發展與心理學系,D 日,M 碩士,44,110
1027,慈濟大學,03214009,傳播學系,D 日,M 碩士,17,110
1027,慈濟大學,05111010,生命科學系,D 日,M 碩士,19,110
1027,慈濟大學,05121012,分子生物暨人類遺傳學系,D 日,M 碩士,22,110
1027,慈濟大學,06133032,醫學資訊學系,D 日,M 碩士,33,110
1027,慈濟大學,09121015,醫學系生物醫學碩士班,D 日,M 碩士,36,110
1027,慈濟大學,09131028,護理學系,D 日,M 碩士,60,110
1027,慈濟大學,09141031,醫學檢驗生物技術學系醫學生物技術碩士班,D 日,M 碩士,17,110
1027,慈濟大學,09151027,物理治療學系,D 日,M 碩士,8,110
1027,慈濟大學,09191024,公共衛生學系,D 日,M 碩士,38,110
1027,慈濟大學,09231034,社會工作學系,D 日,M 碩士,15,110
1028,臺北醫學大學,03131057,心智意識與腦科學研究所,D 日,M 碩士,15,110
1028,臺北醫學大學,03199001,醫學人文研究所,D 日,M 碩士,15,110
1028,臺北醫學大學,04133002,醫務管理學系,D 日,M 碩士,40,110
1028,臺北醫學大學,04133002,醫務管理學系,N 職,M 碩士,26,110
1028,臺北醫學大學,04199050,管理學院生物科技高階管理碩士在職專班,N 職,M 碩士,33,110
1028,臺北醫學大學,04212003,醫療暨生物科技法律研究所,D 日,M 碩士,20,110
1028,臺北醫學大學,05121016,醫學科學研究所,D 日,M 碩士,56,110
1028,臺北醫學大學,05191032,保健營養學系,D 日,M 碩士,48,110
1028,臺北醫學大學,05191032,保健營養學系,N 職,M 碩士,28,110
1028,臺北醫學大學,06131042,醫學資訊研究所,D 日,M 碩士,33,110
1028,臺北醫學大學,06131042,醫學資訊研究所,N 職,M 碩士,28,110
1028,臺北醫學大學,06199051,大數據科技及管理研究所,D 日,M 碩士,25,110
1028,臺北醫學大學,06199059,智慧數據應用產業碩士專班,D 日,M 碩士,0,110
1028,臺北醫學大學,07112008,生醫材料暨組織工程研究所,D 日,M 碩士,21,110
1028,臺北醫學大學,07112010,奈米醫學工程研究所,D 日,M 碩士,12,110
1028,臺北醫學大學,07151053,生醫光機電研究所,D 日,M 碩士,11,110
1028,臺北醫學大學,07211012,食品安全碩士學位學程,D 日,M 碩士,16,110
1028,臺北醫學大學,09111044,牙醫學系,D 日,M 碩士,28,110
1028,臺北醫學大學,09111045,牙體技術學系,D 日,M 碩士,15,110
1028,臺北醫學大學,09121014,臨床醫學研究所,D 日,M 碩士,16,110
1028,臺北醫學大學,09121014,臨床醫學研究所應用實證醫學碩士在職專班,N 職,M 碩士,18,110
1028,臺北醫學大學,09121019,國際醫學研究碩士學位學程,D 日,M 碩士,8,110
1028,臺北醫學大學,09131037,護理學系,D 日,M 碩士,57,110
1028,臺北醫學大學,09131037,護理學系,N 職,M 碩士,97,110
1028,臺北醫學大學,09141041,醫學檢驗暨生物技術學系,D 日,M 碩士,19,110
1028,臺北醫學大學,09141041,醫學檢驗暨生物技術學系,N 職,M 碩士,18,110
1028,臺北醫學大學,09141058,醫學院人工智慧醫療碩士在職專班,N 職,M 碩士,35,110
1028,臺北醫學大學,09161024,藥學系,D 日,M 碩士,66,110
1028,臺北醫學大學,09161024,藥學系臨床藥學碩士在職專班,N 職,M 碩士,30,110
1028,臺北醫學大學,09161026,生藥學研究所,D 日,M 碩士,15,110
1028,臺北醫學大學,09161028,癌症生物學與藥物研發研究所,D 日,M 碩士,18,110
1028,臺北醫學大學,09161029,臨床藥物基因體學暨蛋白質體學碩士學位學程,D 日,M 碩士,0,110
1028,臺北醫學大學,09191020,公共衛生學系,D 日,M 碩士,23,110
1028,臺北醫學大學,09191022,傷害防治學研究所,D 日,M 碩士,20,110
1028,臺北醫學大學,09191022,傷害防治學研究所失能暨復健碩士在職專班,N 職,M 碩士,1,110
1028,臺北醫學大學,09191023,全球衛生暨發展碩士學位學程,D 日,M 碩士,12,110
1028,臺北醫學大學,09191055,應用分子流行病學碩士學位學程,D 日,M 碩士,0,110
1028,臺北醫學大學,09191063,應用流行病學碩士學位學程,D 日,M 碩士,7,110
1028,臺北醫學大學,09199035,呼吸治療學系胸腔醫學碩士班,D 日,M 碩士,14,110
1028,臺北醫學大學,09199052,代謝與肥胖科學研究所,D 日,M 碩士,18,110
1028,臺北醫學大學,09199064,臨床基因體學暨蛋白質體學碩士學位學程,D 日,M 碩士,7,110
1028,臺北醫學大學,09211049,高齡健康管理學系,D 日,M 碩士,18,110
1028,臺北醫學大學,09212034,長期照護碩士學位學程,D 日,M 碩士,18,110
1029,中山醫學大學,03131004,心理學系臨床心理學碩士班,D 日,M 碩士,70,110
1029,中山醫學大學,04133006,醫療產業科技管理學系,D 日,M 碩士,14,110
1029,中山醫學大學,05124012,生物醫學科學學系,D 日,M 碩士,16,110
1029,中山醫學大學,05191026,營養學系,D 日,M 碩士,50,110
1029,中山醫學大學,05399015,醫學應用化學系,D 日,M 碩士,8,110
1029,中山醫學大學,06131033,醫學資訊學系,D 日,M 碩士,7,110
1029,中山醫學大學,09111038,牙醫學系,D 日,M 碩士,18,110
1029,中山醫學大學,09111039,口腔科學研究所,D 日,M 碩士,17,110
1029,中山醫學大學,09121018,醫學研究所,D 日,M 碩士,84,110
1029,中山醫學大學,09121018,醫學研究所,N 職,M 碩士,1,110
1029,中山醫學大學,09131028,護理學系,D 日,M 碩士,49,110
1029,中山醫學大學,09131028,護理學系長期照護碩士在職專班,N 職,M 碩士,66,110
1029,中山醫學大學,09141030,醫學檢驗暨生物技術學系,D 日,M 碩士,12,110
1029,中山醫學大學,09141030,醫學科技學院醫學檢驗暨生物技術學系澳門境外碩士在職專班,N 職,M 碩士,2,110
1029,中山醫學大學,09141031,醫學影像暨放射科學系,D 日,M 碩士,15,110
1029,中山醫學大學,09141032,視光學系,D 日,M 碩士,28,110
1029,中山醫學大學,09151022,物理治療學系,D 日,M 碩士,11,110
1029,中山醫學大學,09152023,職能治療學系,D 日,M 碩士,13,110
1029,中山醫學大學,09153024,語言治療與聽力學系,D 日,M 碩士,48,110
1029,中山醫學大學,09191020,公共衛生學系,D 日,M 碩士,17,110
1029,中山醫學大學,09199048,健康管理學院國際健康產業經營管理碩士在職專班,N 職,M 碩士,94,110
1029,中山醫學大學,09231045,醫學社會暨社會工作學系,D 日,M 碩士,29,110
1029,中山醫學大學,10131046,健康餐飲暨產業管理學系,D 日,M 碩士,0,110
1029,中山醫學大學,10131049,健康產業科技管理學系,D 日,M 碩士,14,110
1029,中山醫學大學,10221021,職業安全衛生學系,D 日,M 碩士,12,110
1029,中山醫學大學,10221021,職業安全衛生學系,N 職,M 碩士,2,110
1030,龍華科技大學,02112011,多媒體與遊戲發展科學系碩士班,D 日,M 碩士,26,110
1030,龍華科技大學,04131004,企業管理系碩士班,D 日,M 碩士,69,110
1030,龍華科技大學,04131004,企業管理系碩士在職專班,N 職,M 碩士,46,110
1030,龍華科技大學,06131009,資訊管理系碩士班,D 日,M 碩士,33,110
1030,龍華科技大學,06131009,資訊管理系碩士在職專班,N 職,M 碩士,25,110
1030,龍華科技大學,06131015,資訊網路工程系碩士班,D 日,M 碩士,26,110
1030,龍華科技大學,07111018,化工與材料工程系碩士班,D 日,M 碩士,35,110
1030,龍華科技大學,07141013,電機工程系碩士班,D 日,M 碩士,32,110
1030,龍華科技大學,07141014,電子工程系碩士班,D 日,M 碩士,41,110
1030,龍華科技大學,07151016,機械工程系碩士班,D 日,M 碩士,37,110
1030,龍華科技大學,07151016,機械工程系碩士在職專班,N 職,M 碩士,40,110
1030,龍華科技大學,10151001,應用外語系國際觀光與會展碩士班,D 日,M 碩士,23,110
1031,輔英科技大學,04133003,健康事業管理系碩士班,D 日,M 碩士,35,110
1031,輔英科技大學,05121006,生物科技系碩士班,D 日,M 碩士,16,110
1031,輔英科技大學,05191018,保健營養系碩士班,D 日,M 碩士,20,110
1031,輔英科技大學,07121012,環境工程與科學系碩士班,D 日,M 碩士,27,110
1031,輔英科技大學,09131019,護理系碩士班,D 日,M 碩士,58,110
1031,輔英科技大學,09131019,護理系碩士在職專班,N 職,M 碩士,95,110
1031,輔英科技大學,09141024,醫學檢驗生物技術系碩士班,D 日,M 碩士,14,110
1032,明新科技大學,04131003,管理研究所,D 日,M 碩士,81,110
1032,明新科技大學,04131003,管理碩士雙聯學位學程,N 職,M 碩士,160,110
1032,明新科技大學,06131009,資訊管理系碩士班,D 日,M 碩士,15,110
1032,明新科技大學,07111022,化學工程與材料科技系碩士班,D 日,M 碩士,26,110
1032,明新科技大學,07111022,化學工程與材料科技系碩士在職專班,N 職,M 碩士,11,110
1032,明新科技大學,07141011,電機工程系碩士班,D 日,M 碩士,27,110
1032,明新科技大學,07141011,電機工程系碩士在職專班,N 職,M 碩士,21,110
1032,明新科技大學,07141012,電子工程系碩士班,D 日,M 碩士,11,110
1032,明新科技大學,07141012,電子工程系碩士在職專班,N 職,M 碩士,22,110
1032,明新科技大學,07141037,光電工程系碩士班,D 日,M 碩士,14,110
1032,明新科技大學,07151016,機械工程系精密機電工程碩士班,D 日,M 碩士,28,110
1032,明新科技大學,07151016,機械工程系精密機電工程碩士在職專班,N 職,M 碩士,15,110
1032,明新科技大學,07191024,工業工程與管理系碩士班,D 日,M 碩士,13,110
1032,明新科技大學,07191024,工業工程與管理系碩士在職專班,N 職,M 碩士,32,110
1032,明新科技大學,07321020,土木工程與環境資源管理系碩士班,D 日,M 碩士,11,110
1032,明新科技大學,07321020,土木工程與環境資源管理系碩士在職專班,N 職,M 碩士,19,110
1032,明新科技大學,10199035,服務產業暨管理研究所,D 日,M 碩士,43,110
1033,長榮大學,02111081,數位媒體設計學系,D 日,M 碩士,1,110
1033,長榮大學,02131001,美術學系,D 日,M 碩士,29,110
1033,長榮大學,02211011,神學系,D 日,M 碩士,17,110
1033,長榮大學,02311005,應用日語學系,D 日,M 碩士,0,110
1033,長榮大學,02312007,翻譯學系,D 日,M 碩士,17,110
1033,長榮大學,02312007,翻譯學系,N 職,M 碩士,6,110
1033,長榮大學,04131026,經營管理研究所,D 日,M 碩士,31,110
1033,長榮大學,04131033,高階管理碩士在職專班,N 職,M 碩士,35,110
1033,長榮大學,04133031,醫務管理學系,D 日,M 碩士,19,110
1033,長榮大學,04133031,醫務管理學系,N 職,M 碩士,4,110
1033,長榮大學,04134080,應用社會科學碩士在職學位學程,N 職,M 碩士,17,110
1033,長榮大學,06111072,資訊暨設計碩士學位學程,D 日,M 碩士,12,110
1033,長榮大學,07313042,土地管理與開發產業碩士專班,D 日,M 碩士,4,110
1033,長榮大學,07313042,土地管理與開發學系,N 職,M 碩士,1,110
1033,長榮大學,09121044,醫學研究所,D 日,M 碩士,7,110
1033,長榮大學,09131049,護理學系,D 日,M 碩士,63,110
1033,長榮大學,09231055,社會工作學系,D 日,M 碩士,20,110
1033,長榮大學,10141058,運動競技學系,D 日,M 碩士,16,110
1033,長榮大學,10221045,職業安全與衛生學系,D 日,M 碩士,17,110
1033,長榮大學,10221045,職業安全與衛生學系,N 職,M 碩士,44,110
1033,長榮大學,10221082,安全衛生科學碩士學位學程,D 日,M 碩士,10,110
1033,長榮大學,10221082,安全衛生科學碩士在職學位學程,N 職,M 碩士,8,110
1033,長榮大學,10412061,航運管理學系,D 日,M 碩士,5,110
1034,弘光科技大學,04133005,健康事業管理系碩士班,D 日,M 碩士,24,110
1034,弘光科技大學,05121008,生物科技系,D 日,M 碩士,2,110
1034,弘光科技大學,05191024,營養醫學研究所,D 日,M 碩士,12,110
1034,弘光科技大學,06131011,資訊工程系智慧型輔助科技碩士班,D 日,M 碩士,2,110
1034,弘光科技大學,07121012,環境工程研究所,D 日,M 碩士,17,110
1034,弘光科技大學,07121012,環境工程研究所,N 職,M 碩士,14,110
1034,弘光科技大學,07211017,食品科技系碩士班,D 日,M 碩士,17,110
1034,弘光科技大學,07211017,食品科技系碩士在職專班,N 職,M 碩士,16,110
1034,弘光科技大學,09131025,護理系碩士班,D 日,M 碩士,54,110
1034,弘光科技大學,09131025,護理系碩士在職專班,N 職,M 碩士,59,110
1034,弘光科技大學,09211037,老人福利與長期照顧事業系碩士班,D 日,M 碩士,23,110
1034,弘光科技大學,10121031,化妝品應用系碩士班,D 日,M 碩士,29,110
1034,弘光科技大學,10121031,化妝品應用系碩士在職專班,N 職,M 碩士,18,110
1034,弘光科技大學,10221035,職業安全與防災研究所,D 日,M 碩士,17,110
1035,中國醫藥大學,04133029,醫務管理學系,D 日,M 碩士,39,110
1035,中國醫藥大學,04133029,醫務管理學系,N 職,M 碩士,52,110
1035,中國醫藥大學,04199058,科技管理碩士學位學程,D 日,M 碩士,4,110
1035,中國醫藥大學,04212057,科技法律碩士學位學程,D 日,M 碩士,16,110
1035,中國醫藥大學,05121043,生物科技學系,D 日,M 碩士,14,110
1035,中國醫藥大學,05191021,營養學系,D 日,M 碩士,46,110
1035,中國醫藥大學,06134060,數位健康創新碩士學位學程,D 日,M 碩士,10,110
1035,中國醫藥大學,07193031,生物醫學工程碩士學位學程,D 日,M 碩士,10,110
1035,中國醫藥大學,08411012,中獸醫碩士學位學程,D 日,M 碩士,2,110
1035,中國醫藥大學,09111019,牙醫學系,D 日,M 碩士,18,110
1035,中國醫藥大學,09121003,生物醫學研究所,D 日,M 碩士,55,110
1035,中國醫藥大學,09121014,中醫學系,D 日,M 碩士,11,110
1035,中國醫藥大學,09121020,國際生物醫學碩士學位學程,D 日,M 碩士,8,110
1035,中國醫藥大學,09121046,中西醫結合研究所,D 日,M 碩士,6,110
1035,中國醫藥大學,09121049,癌症生物與藥物研發碩士學位學程,D 日,M 碩士,3,110
1035,中國醫藥大學,09131045,護理學系,D 日,M 碩士,45,110
1035,中國醫藥大學,09141017,醫學檢驗生物技術學系,D 日,M 碩士,15,110
1035,中國醫藥大學,09141032,生物醫學影像暨放射科學學系,D 日,M 碩士,12,110
1035,中國醫藥大學,09151010,物理治療學系復健科學碩士班,D 日,M 碩士,11,110
1035,中國醫藥大學,09159047,運動醫學系,D 日,M 碩士,5,110
1035,中國醫藥大學,09161015,新藥開發研究所,D 日,M 碩士,9,110
1035,中國醫藥大學,09161034,藥學系,D 日,M 碩士,26,110
1035,中國醫藥大學,09161039,中國藥學暨中藥資源學系,D 日,M 碩士,16,110
1035,中國醫藥大學,09161042,藥用化妝品學系,D 日,M 碩士,20,110
1035,中國醫藥大學,09161050,製藥碩士學位學程,D 日,M 碩士,13,110
1035,中國醫藥大學,09171013,針灸研究所,D 日,M 碩士,10,110
1035,中國醫藥大學,09171048,國際針灸碩士學位學程,D 日,M 碩士,3,110
1035,中國醫藥大學,09191026,公共衛生國際碩士學位學程,D 日,M 碩士,46,110
1035,中國醫藥大學,09199045,護理學系跨領域長期照護碩士在職專班,N 職,M 碩士,21,110
1035,中國醫藥大學,09199053,食品暨藥物安全碩士學位學程,D 日,M 碩士,6,110
1035,中國醫藥大學,10221038,職業安全與衛生學系,D 日,M 碩士,17,110
1035,中國醫藥大學,10221038,職業安全與衛生學系,N 職,M 碩士,13,110
1036,健行科技大學,04121009,財務金融系碩士班,D 日,M 碩士,23,110
1036,健行科技大學,04131004,企業管理系碩士班,D 日,M 碩士,52,110
1036,健行科技大學,04131004,企業管理系碩士在職專班,N 職,M 碩士,28,110
1036,健行科技大學,04131006,國際企業經營系碩士班,D 日,M 碩士,42,110
1036,健行科技大學,04131006,國際企業經營系碩士在職專班,N 職,M 碩士,5,110
1036,健行科技大學,06131014,資訊管理系碩士班,D 日,M 碩士,13,110
1036,健行科技大學,06131018,資訊工程系碩士班,D 日,M 碩士,25,110
1036,健行科技大學,07141016,電機工程系碩士班,D 日,M 碩士,34,110
1036,健行科技大學,07141017,電子工程系碩士班,D 日,M 碩士,21,110
1036,健行科技大學,07151020,機械工程系碩士班,D 日,M 碩士,20,110
1036,健行科技大學,07191011,工業管理系碩士班,D 日,M 碩士,20,110
1036,健行科技大學,07321021,土木工程系空間資訊與防災科技碩士班,D 日,M 碩士,40,110
1037,正修科技大學,02122042,視覺傳達設計系文創設計與藝術保存碩士班,D 日,M 碩士,20,110
1037,正修科技大學,04121008,金融管理系碩士班,D 日,M 碩士,21,110
1037,正修科技大學,04131005,企業管理系經營管理碩士班,D 日,M 碩士,37,110
1037,正修科技大學,04131005,企業管理系經營管理碩士在職專班,N 職,M 碩士,109,110
1037,正修科技大學,04131027,經營管理研究所_現役軍人營區在職專班,N 職,M 碩士,2,110
1037,正修科技大學,06131010,資訊管理系碩士班,D 日,M 碩士,16,110
1037,正修科技大學,06131010,資訊管理系碩士在職專班,N 職,M 碩士,39,110
1037,正修科技大學,07121044,環境毒物與新興污染物研究所,D 日,M 碩士,6,110
1037,正修科技大學,07141011,電機工程系碩士班,D 日,M 碩士,36,110
1037,正修科技大學,07141012,電子工程系碩士班,D 日,M 碩士,16,110
1037,正修科技大學,07141013,資訊工程系碩士班,D 日,M 碩士,18,110
1037,正修科技大學,07151015,機械工程系機電工程碩士班,D 日,M 碩士,14,110
1037,正修科技大學,07191018,工業工程與管理系碩士班,D 日,M 碩士,35,110
1037,正修科技大學,07321016,土木與空間資訊系營建工程碩士班,D 日,M 碩士,34,110
1037,正修科技大學,09221021,幼兒保育系碩士班,D 日,M 碩士,30,110
1037,正修科技大學,10121026,化妝品與時尚彩妝系碩士班,D 日,M 碩士,25,110
1037,正修科技大學,10152025,休閒與運動管理系碩士班,D 日,M 碩士,19,110
1037,正修科技大學,10152025,休閒與運動管理系碩士在職專班,N 職,M 碩士,52,110
1038,萬能科技大學,04131005,經營管理研究所,D 日,M 碩士,29,110
1038,萬能科技大學,04131005,經營管理研究所,N 職,M 碩士,105,110
1038,萬能科技大學,06131015,資訊管理系碩士班,D 日,M 碩士,15,110
1038,萬能科技大學,06131015,資訊管理系碩士在職專班,N 職,M 碩士,21,110
1038,萬能科技大學,07121034,環境工程系,D 日,M 碩士,5,110
1038,萬能科技大學,07141020,電資研究所,D 日,M 碩士,19,110
1038,萬能科技大學,07321024,營建科技系,D 日,M 碩士,24,110
1038,萬能科技大學,10121041,化妝品應用與管理系碩士班,D 日,M 碩士,42,110
1038,萬能科技大學,10121041,化妝品應用與管理系碩士在職專班,N 職,M 碩士,20,110
1039,玄奘大學,02199044,藝術設計學院碩士班,D 日,M 碩士,37,110
1039,玄奘大學,02211010,宗教與文化學系,D 日,M 碩士,34,110
1039,玄奘大學,02211010,宗教與文化學系,N 職,M 碩士,28,110
1039,玄奘大學,03131016,應用心理學系,D 日,M 碩士,104,110
1039,玄奘大學,03131016,應用心理學系,N 職,M 碩士,67,110
1039,玄奘大學,03211023,傳播學院碩士班,D 日,M 碩士,14,110
1039,玄奘大學,04131024,企業管理學系,D 日,M 碩士,4,110
1039,玄奘大學,04131024,企業管理學系,N 職,M 碩士,4,110
1039,玄奘大學,04211032,法律學系,D 日,M 碩士,22,110
1039,玄奘大學,06134034,資訊管理學系,D 日,M 碩士,0,110
1039,玄奘大學,09231036,社會工作學系,D 日,M 碩士,31,110
1039,玄奘大學,09231036,社會工作學系,N 職,M 碩士,43,110
1040,建國科技大學,02112004,數位媒體設計系碩士班,D 日,M 碩士,3,110
1040,建國科技大學,02124007,空間設計系創意生活應用設計碩士班,D 日,M 碩士,13,110
1040,建國科技大學,04199011,服務與科技管理研究所,D 日,M 碩士,27,110
1040,建國科技大學,07141013,電機工程研究所,D 日,M 碩士,30,110
1040,建國科技大學,07141014,電子工程研究所,D 日,M 碩士,7,110
1040,建國科技大學,07141020,機電光系統研究所,D 日,M 碩士,5,110
1040,建國科技大學,07151018,機械工程系暨製造科技研究所_汽車零組件研發產業碩士專班,D 日,M 碩士,0,110
1040,建國科技大學,07151019,製造科技研究所,D 日,M 碩士,10,110
1040,建國科技大學,07321022,土木與防災研究所,D 日,M 碩士,10,110
1040,建國科技大學,10121028,美容科技研究所,D 日,M 碩士,29,110
1041,明志科技大學,02112003,視覺傳達設計系碩士班,D 日,M 碩士,22,110
1041,明志科技大學,02123004,工業設計系碩士班,D 日,M 碩士,25,110
1041,明志科技大學,04131005,經營管理系碩士班,D 日,M 碩士,22,110
1041,明志科技大學,04131030,國際企業管理碩士學位學程(IMBA),D 日,M 碩士,25,110
1041,明志科技大學,07111018,化學工程系碩士班,D 日,M 碩士,84,110
1041,明志科技大學,07112022,材料工程系碩士班,D 日,M 碩士,78,110
1041,明志科技大學,07121025,環境與安全衛生工程系環境工程碩士班,D 日,M 碩士,35,110
1041,明志科技大學,07141010,電機工程系碩士班,D 日,M 碩士,46,110
1041,明志科技大學,07141011,電子工程系碩士班,D 日,M 碩士,57,110
1041,明志科技大學,07151014,機械工程系機械與機電工程碩士班,D 日,M 碩士,45,110
1041,明志科技大學,07151014,機械工程系機械與機電工程碩士在職專班,N 職,M 碩士,2,110
1041,明志科技大學,07191024,工業工程與管理系碩士班,D 日,M 碩士,34,110
1041,明志科技大學,07191024,工業工程與管理系碩士在職專班,N 職,M 碩士,18,110
1042,高苑科技大學,04131045,數位經營管理系經營管理碩士班,D 日,M 碩士,35,110
1042,高苑科技大學,04131045,數位經營管理系經營管理碩士在職專班,N 職,M 碩士,104,110
1042,高苑科技大學,06134015,資訊科技應用系碩士班,D 日,M 碩士,11,110
1042,高苑科技大學,06134015,資訊科技應用系碩士在職專班,N 職,M 碩士,26,110
1042,高苑科技大學,07141018,電機工程系,D 日,M 碩士,0,110
1042,高苑科技大學,07141018,電機工程系碩士在職專班,N 職,M 碩士,5,110
1042,高苑科技大學,07141019,電子工程系碩士班,D 日,M 碩士,1,110
1042,高苑科技大學,07151022,機械與自動化工程系機電科技碩士班,D 日,M 碩士,5,110
1042,高苑科技大學,07151022,機械與自動化工程系機電科技碩士在職專班,N 職,M 碩士,22,110
1042,高苑科技大學,07311033,建築系碩士班,D 日,M 碩士,9,110
1042,高苑科技大學,07321024,土木工程系碩士班,D 日,M 碩士,6,110
1042,高苑科技大學,07321024,土木工程系碩士在職專班,N 職,M 碩士,21,110
1042,高苑科技大學,10121005,香妝與養生保健系碩士班,D 日,M 碩士,16,110
1043,大仁科技大學,03141046,多媒體設計系文創碩士在職專班,N 職,M 碩士,52,110
1043,大仁科技大學,05211014,環境與職業安全衛生系環境管理碩士班,D 日,M 碩士,9,110
1043,大仁科技大學,05211014,環境與職業安全衛生系環境管理碩士在職專班,N 職,M 碩士,35,110
1043,大仁科技大學,09161015,藥學系,D 日,M 碩士,8,110
1043,大仁科技大學,09161015,藥學系,N 職,M 碩士,35,110
1043,大仁科技大學,09231018,社會工作系碩士班,D 日,M 碩士,35,110
1043,大仁科技大學,10152024,休閒運動管理系休閒事業管理碩士班,D 日,M 碩士,26,110
1043,大仁科技大學,10152024,休閒運動管理系休閒事業管理碩士在職專班,N 職,M 碩士,45,110
1043,大仁科技大學,99999002,文化創意產業研究所,N 職,M 碩士,0,110
1044,聖約翰科技大學,04131005,企業管理系碩士班,D 日,M 碩士,22,110
1044,聖約翰科技大學,06131014,資訊工程系碩士班,D 日,M 碩士,14,110
1044,聖約翰科技大學,07141012,電機工程系碩士班,D 日,M 碩士,11,110
1044,聖約翰科技大學,07141012,電機工程系碩士在職專班,N 職,M 碩士,24,110
1044,聖約翰科技大學,07141015,資訊與通訊系碩士班,D 日,M 碩士,18,110
1044,聖約翰科技大學,07151016,機械與電腦輔助工程系碩士班,D 日,M 碩士,11,110
1044,聖約翰科技大學,07151016,機械與電腦輔助工程系碩士在職專班,N 職,M 碩士,21,110
1044,聖約翰科技大學,07191028,工業管理系碩士班,D 日,M 碩士,12,110
1044,聖約翰科技大學,07191028,工業管理系碩士在職專班,N 職,M 碩士,60,110
1045,嶺東科技大學,02112003,視覺傳達設計系碩士班,D 日,M 碩士,18,110
1045,嶺東科技大學,02112003,視覺傳達設計系,N 職,M 碩士,1,110
1045,嶺東科技大學,02112005,數位媒體設計系碩士班,D 日,M 碩士,22,110
1045,嶺東科技大學,02122002,流行設計系碩士班,D 日,M 碩士,31,110
1045,嶺東科技大學,02123008,創意產品設計系碩士班,D 日,M 碩士,5,110
1045,嶺東科技大學,04111010,會計資訊系碩士班,D 日,M 碩士,13,110
1045,嶺東科技大學,04121017,財務金融系碩士班,D 日,M 碩士,15,110
1045,嶺東科技大學,04121017,財務金融系碩士在職專班,N 職,M 碩士,18,110
1045,嶺東科技大學,04131013,企業管理系碩士班,D 日,M 碩士,11,110
1045,嶺東科技大學,04131013,企業管理系碩士在職專班,N 職,M 碩士,122,110
1045,嶺東科技大學,04131015,國際企業系碩士班,D 日,M 碩士,14,110
1045,嶺東科技大學,04131015,國際企業系碩士在職專班,N 職,M 碩士,15,110
1045,嶺東科技大學,04143024,行銷與流通管理系碩士班,D 日,M 碩士,15,110
1045,嶺東科技大學,04212029,財經法律研究所,D 日,M 碩士,28,110
1045,嶺東科技大學,06121031,資訊管理系,N 職,M 碩士,1,110
1045,嶺東科技大學,06131030,資訊科技系碩士班,D 日,M 碩士,28,110
1045,嶺東科技大學,06131031,資訊管理系碩士班,D 日,M 碩士,22,110
1045,嶺東科技大學,10151036,觀光與休閒管理系碩士班,D 日,M 碩士,17,110
1046,中國科技大學,02112003,視覺傳達設計系碩士班,D 日,M 碩士,16,110
1046,中國科技大學,02124005,室內設計系碩士班,D 日,M 碩士,42,110
1046,中國科技大學,04131010,企業管理系碩士班,D 日,M 碩士,52,110
1046,中國科技大學,04131010,企業管理系碩士在職專班,N 職,M 碩士,44,110
1046,中國科技大學,06131021,資訊工程系資訊科技應用碩士在職專班,N 職,M 碩士,38,110
1046,中國科技大學,07311026,建築系碩士班,D 日,M 碩士,45,110
1046,中國科技大學,07321030,土木與防災系碩士班,D 日,M 碩士,28,110
1047,中臺科技大學,01111009,文教事業經營研究所,D 日,M 碩士,21,110
1047,中臺科技大學,01111009,文教事業經營研究所,N 職,M 碩士,63,110
1047,中臺科技大學,04133008,醫療暨健康產業管理系碩士班,D 日,M 碩士,11,110
1047,中臺科技大學,04133008,醫療暨健康產業管理系碩士在職專班,N 職,M 碩士,29,110
1047,中臺科技大學,07121013,環境與安全衛生工程系碩士班,D 日,M 碩士,21,110
1047,中臺科技大學,07193014,生物科技暨醫學工程研究所,D 日,M 碩士,0,110
1047,中臺科技大學,07211017,食品科技系碩士班,D 日,M 碩士,9,110
1047,中臺科技大學,09111033,牙體技術暨材料系碩士班,D 日,M 碩士,8,110
1047,中臺科技大學,09131020,護理系碩士班,D 日,M 碩士,27,110
1047,中臺科技大學,09131020,護理系碩士在職專班,N 職,M 碩士,82,110
1047,中臺科技大學,09141028,醫學檢驗生物技術系碩士班,D 日,M 碩士,13,110
1047,中臺科技大學,09141029,醫學影像暨放射科學系碩士班,D 日,M 碩士,8,110
1047,中臺科技大學,09141029,醫學影像暨放射科學系碩士在職專班,N 職,M 碩士,14,110
1047,中臺科技大學,09212024,長期照顧碩士在職學位學程,N 職,M 碩士,78,110
1048,亞洲大學,01121001,幼兒教育學系,D 日,M 碩士,7,110
1048,亞洲大學,02112006,視覺傳達設計學系,D 日,M 碩士,18,110
1048,亞洲大學,02112007,數位媒體設計學系,D 日,M 碩士,24,110
1048,亞洲大學,02123011,創意商品設計學系,D 日,M 碩士,19,110
1048,亞洲大學,02311002,外國語文學系,D 日,M 碩士,28,110
1048,亞洲大學,03131013,心理學系,D 日,M 碩士,142,110
1048,亞洲大學,03213014,資訊傳播學系,D 日,M 碩士,17,110
1048,亞洲大學,04111015,會計與資訊學系,D 日,M 碩士,13,110
1048,亞洲大學,04121019,財務金融學系,D 日,M 碩士,15,110
1048,亞洲大學,04121019,財務金融學系,N 職,M 碩士,32,110
1048,亞洲大學,04131017,經營管理學系,D 日,M 碩士,41,110
1048,亞洲大學,04131017,經營管理學系,N 職,M 碩士,124,110
1048,亞洲大學,04131054,創新與創業管理碩士學位學程,D 日,M 碩士,5,110
1048,亞洲大學,04131055,EMBA高階經理碩士在職學位學程,N 職,M 碩士,12,110
1048,亞洲大學,04212027,財經法律學系,D 日,M 碩士,28,110
1048,亞洲大學,05191053,食品營養與保健生技學系,D 日,M 碩士,28,110
1048,亞洲大學,05191053,食品營養與保健生技學系,N 職,M 碩士,29,110
1048,亞洲大學,06134033,行動商務與多媒體應用學系,D 日,M 碩士,12,110
1048,亞洲大學,06134037,資訊工程學系,D 日,M 碩士,32,110
1048,亞洲大學,06134037,資訊工程學系,N 職,M 碩士,38,110
1048,亞洲大學,07193029,生物資訊與醫學工程學系,D 日,M 碩士,9,110
1048,亞洲大學,07193029,生物資訊與醫學工程學系,N 職,M 碩士,17,110
1048,亞洲大學,09131046,護理學系,D 日,M 碩士,26,110
1048,亞洲大學,09131046,護理學系,N 職,M 碩士,30,110
1048,亞洲大學,09141060,醫學檢驗暨生物技術學系,D 日,M 碩士,11,110
1048,亞洲大學,09191021,健康產業管理學系,D 日,M 碩士,44,110
1048,亞洲大學,09191021,健康產業管理學系,N 職,M 碩士,70,110
1048,亞洲大學,09231048,社會工作學系,D 日,M 碩士,41,110
1048,亞洲大學,10151049,休閒與遊憩管理學系,D 日,M 碩士,43,110
1048,亞洲大學,10151049,休閒與遊憩管理學系,N 職,M 碩士,74,110
1049,開南大學,02311006,應用英語學系,D 日,M 碩士,30,110
1049,開南大學,02311008,應用日語學系,D 日,M 碩士,13,110
1049,開南大學,02323004,應用華語學系,D 日,M 碩士,15,110
1049,開南大學,04131016,國際企業學系,D 日,M 碩士,16,110
1049,開南大學,04131018,商學院企業管理碩士班,D 日,M 碩士,16,110
1049,開南大學,04131031,商學院碩士班,D 日,M 碩士,0,110
1049,開南大學,04131031,商學院經營管理碩士在職專班現役軍人營區碩士在職專班,N 職,M 碩士,1,110
1049,開南大學,04131063,商學院經營管理碩士在職專班,N 職,M 碩士,112,110
1049,開南大學,04134010,人文社會學院公共管理碩士在職專班,N 職,M 碩士,34,110
1049,開南大學,04134012,公共事務管理學系,D 日,M 碩士,25,110
1049,開南大學,04211011,法律學系,D 日,M 碩士,17,110
1049,開南大學,04211011,人文社會學院法律碩士在職專班,N 職,M 碩士,52,110
1049,開南大學,06121032,資訊管理學系,D 日,M 碩士,12,110
1049,開南大學,06131036,資訊學院碩士班,D 日,M 碩士,1,110
1049,開南大學,06133036,資訊學院碩士在職專班,N 職,M 碩士,19,110
1049,開南大學,09171057,健康照護管理學院健康照護技術碩士班,D 日,M 碩士,33,110
1049,開南大學,10151041,觀光運輸學院進修學士班,D 日,M 碩士,0,110
1049,開南大學,10199041,觀光運輸學院碩士班航空運輸物流組,D 日,M 碩士,38,110
1049,開南大學,10199041,觀光運輸學院碩士在職專班航空運輸物流組,N 職,M 碩士,99,110
1050,佛光大學,02123018,產品與媒體設計學系,D 日,M 碩士,14,110
1050,佛光大學,02211009,宗教學研究所,D 日,M 碩士,38,110
1050,佛光大學,02211010,佛教學系,D 日,M 碩士,73,110
1050,佛光大學,02221011,歷史學系,D 日,M 碩士,8,110
1050,佛光大學,02299015,文化資產與創意學系,D 日,M 碩士,28,110
1050,佛光大學,02311007,外國語文學系,D 日,M 碩士,10,110
1050,佛光大學,02322006,中國文學與應用學系,D 日,M 碩士,11,110
1050,佛光大學,02322006,中國文學與應用學系,N 職,M 碩士,9,110
1050,佛光大學,03111020,應用經濟學系,D 日,M 碩士,14,110
1050,佛光大學,03111020,應用經濟學系,N 職,M 碩士,29,110
1050,佛光大學,03131024,心理學系,D 日,M 碩士,45,110
1050,佛光大學,03141023,未來與樂活產業學系,D 日,M 碩士,29,110
1050,佛光大學,03141035,社會學暨社會工作學系,D 日,M 碩士,30,110
1050,佛光大學,03141037,香港境外樂活產業學院碩士專班,D 日,M 碩士,43,110
1050,佛光大學,03211028,傳播學系,D 日,M 碩士,23,110
1050,佛光大學,04131030,管理學系,D 日,M 碩士,17,110
1050,佛光大學,04131030,管理學系,N 職,M 碩士,41,110
1050,佛光大學,04134025,公共事務學系政策與行政管理碩士班,D 日,M 碩士,23,110
1050,佛光大學,04134025,公共事務學系,N 職,M 碩士,33,110
1050,佛光大學,06134032,資訊應用學系,D 日,M 碩士,23,110
1050,佛光大學,06134032,資訊應用學系,N 職,M 碩士,1,110
1051,台南應用科技大學,02112012,視覺傳達設計系創新應用設計碩士班(碩士在職專班),D 日,M 碩士,16,110
1051,台南應用科技大學,02112012,視覺傳達設計系創新應用設計碩士班(碩士在職專班),N 職,M 碩士,1,110
1051,台南應用科技大學,02124015,室內設計系,D 日,M 碩士,10,110
1051,台南應用科技大學,02131001,美術系,D 日,M 碩士,26,110
1051,台南應用科技大學,02131001,美術系,N 職,M 碩士,11,110
1051,台南應用科技大學,02151003,音樂系,D 日,M 碩士,15,110
1051,台南應用科技大學,02151003,音樂系,N 職,M 碩士,18,110
1051,台南應用科技大學,04141023,國際企業經營系,D 日,M 碩士,18,110
1051,台南應用科技大學,04141023,國際企業經營系,N 職,M 碩士,18,110
1051,台南應用科技大學,10111038,生活服務產業系生活應用科學碩士班,D 日,M 碩士,16,110
1051,台南應用科技大學,10111038,生活服務產業系生活應用科學碩士在職專班,N 職,M 碩士,52,110
1052,遠東科技大學,04132011,行銷與流通管理系碩士班,D 日,M 碩士,82,110
1052,遠東科技大學,04199042,創新商品設計與創業管理系碩士班,D 日,M 碩士,95,110
1052,遠東科技大學,07141017,電機工程系碩士班,D 日,M 碩士,15,110
1052,遠東科技大學,07151022,機械工程系碩士班,D 日,M 碩士,14,110
1052,遠東科技大學,07151022,機械工程系碩士在職專班,N 職,M 碩士,39,110
1052,遠東科技大學,07194040,工程科技研究所,D 日,M 碩士,1,110
1052,遠東科技大學,10131031,餐飲管理系餐飲經營與安全管理碩士班,D 日,M 碩士,33,110
1052,遠東科技大學,10152033,休閒運動管理碩士學位學程,D 日,M 碩士,36,110
1053,元培醫事科技大學,02122043,茶陶創意設計系,D 日,M 碩士,3,110
1053,元培醫事科技大學,02122044,茶陶文創碩士學位學程,D 日,M 碩士,26,110
1053,元培醫事科技大學,04131003,企業管理系碩士班,D 日,M 碩士,39,110
1053,元培醫事科技大學,04133007,醫務管理系碩士班,D 日,M 碩士,40,110
1053,元培醫事科技大學,04133007,醫務管理系碩士在職專班,N 職,M 碩士,31,110
1053,元培醫事科技大學,06134012,資訊管理系數位創新管理碩士班,D 日,M 碩士,26,110
1053,元培醫事科技大學,07121015,環境工程衛生系碩士班,D 日,M 碩士,19,110
1053,元培醫事科技大學,07193016,生物醫學工程系福祉科技與醫學工程碩士班,D 日,M 碩士,16,110
1053,元培醫事科技大學,07211019,食品科學系碩士班,D 日,M 碩士,23,110
1053,元培醫事科技大學,09131022,護理系碩士班,D 日,M 碩士,30,110
1053,元培醫事科技大學,09141027,醫學檢驗生物技術系碩士班,D 日,M 碩士,7,110
1053,元培醫事科技大學,09141030,醫學影像暨放射技術系碩士班,D 日,M 碩士,22,110
1053,元培醫事科技大學,09141030,醫學影像暨放射技術系碩士在職專班,N 職,M 碩士,10,110
1053,元培醫事科技大學,09161034,生物科技暨製藥技術系碩士班,D 日,M 碩士,14,110
1054,景文科技大學,02112005,視覺傳達設計系數位文創設計碩士班,D 日,M 碩士,6,110
1054,景文科技大學,05299028,環境科技與物業管理系,N 職,M 碩士,1,110
1054,景文科技大學,07141018,電腦與通訊系碩士班,D 日,M 碩士,6,110
1054,景文科技大學,07141018,電腦與通訊系碩士在職專班,N 職,M 碩士,20,110
1054,景文科技大學,10151023,旅遊管理系觀光與餐旅管理碩士班,D 日,M 碩士,6,110
1054,景文科技大學,10151023,旅遊管理系觀光與餐旅管理碩士在職專班,N 職,M 碩士,26,110
1055,中華醫事科技大學,05121006,生物醫學研究所,D 日,M 碩士,39,110
1055,中華醫事科技大學,09141021,醫學檢驗生物技術系碩士班,D 日,M 碩士,17,110
1055,中華醫事科技大學,09141022,視光系碩士班,D 日,M 碩士,23,110
1055,中華醫事科技大學,09191013,職業安全衛生系碩士班,D 日,M 碩士,12,110
1055,中華醫事科技大學,09191013,職業安全衛生系碩士在職專班,N 職,M 碩士,23,110
1056,東南科技大學,04131047,產業經營管理研究所,D 日,M 碩士,67,110
1056,東南科技大學,07141011,電機工程系碩士班,D 日,M 碩士,10,110
1056,東南科技大學,07151013,機械工程系碩士班,D 日,M 碩士,14,110
1056,東南科技大學,07151013,機械工程系碩士在職專班,N 職,M 碩士,6,110
1056,東南科技大學,07321015,營建與空間設計系營建科技與防災碩士班,D 日,M 碩士,36,110
1056,東南科技大學,07321015,營建與空間設計系營建科技與防災碩士在職專班,N 職,M 碩士,42,110
1057,德明財經科技大學,04121008,財務金融系理財與稅務管理碩士班,D 日,M 碩士,29,110
1057,德明財經科技大學,04121008,財務金融系理財與稅務管理碩士在職專班,N 職,M 碩士,0,110
1057,德明財經科技大學,04132014,流通管理系,D 日,M 碩士,2,110
1057,德明財經科技大學,04143013,行銷管理系,D 日,M 碩士,11,110
1057,德明財經科技大學,04143013,行銷管理系碩士在職專班,N 職,M 碩士,21,110
1057,德明財經科技大學,06131021,資訊管理系,N 職,M 碩士,5,110
1058,明道大學,01115001,課程與教學研究所,D 日,M 碩士,19,110
1058,明道大學,01115001,課程與教學研究所,N 職,M 碩士,16,110
1058,明道大學,02122008,人文設計學院設計及規劃碩士班,D 日,M 碩士,20,110
1058,明道大學,02299043,中華文化與傳播學系,D 日,M 碩士,28,110
1058,明道大學,04131013,企業管理學系,D 日,M 碩士,23,110
1058,明道大學,04131019,商管學院企業高階管理碩士班EMBA,N 職,M 碩士,37,110
1058,明道大學,07112032,材料與能源工程學系,D 日,M 碩士,4,110
1058,明道大學,08111037,精緻農業學系,D 日,M 碩士,27,110
1058,明道大學,10131039,餐旅管理學系,D 日,M 碩士,13,110
1058,明道大學,10152040,休閒保健學系,D 日,M 碩士,14,110
1060,南開科技大學,07141016,電子工程系,D 日,M 碩士,2,110
1060,南開科技大學,07141016,電子工程系,N 職,M 碩士,2,110
1060,南開科技大學,07161023,機械工程系車輛與機電產業碩士班,D 日,M 碩士,18,110
1060,南開科技大學,09211028,長期照顧與管理系福祉科技與服務管理碩士班,D 日,M 碩士,33,110
1060,南開科技大學,09211028,長期照顧與管理系福祉科技與服務管理碩士在職專班,N 職,M 碩士,65,110
1060,南開科技大學,10131033,休閒事業管理系碩士班,D 日,M 碩士,24,110
1061,中華科技大學,04131003,企業管理系經營管理碩士班,D 日,M 碩士,20,110
1061,中華科技大學,04191039,企業資訊與管理系_智慧行銷與流通服務產業碩士專班,D 日,M 碩士,32,110
1061,中華科技大學,05121010,生物科技系健康科技碩士班,D 日,M 碩士,26,110
1061,中華科技大學,05121010,生物科技系健康科技碩士在職專班,N 職,M 碩士,15,110
1061,中華科技大學,07141014,電子工程系,D 日,M 碩士,9,110
1061,中華科技大學,07141038,電機與資訊工程系碩士班,D 日,M 碩士,4,110
1061,中華科技大學,07151017,機械工程系機電光碩士班,D 日,M 碩士,13,110
1061,中華科技大學,07151017,機械工程系機電光碩士在職專班,N 職,M 碩士,13,110
1061,中華科技大學,07162019,航空機械系飛機系統工程碩士班,D 日,M 碩士,13,110
1061,中華科技大學,07162019,航空機械系飛機系統工程碩士在職專班,N 職,M 碩士,24,110
1061,中華科技大學,07311025,建築系碩士班,D 日,M 碩士,50,110
1061,中華科技大學,07311025,建築系碩士在職專班,N 職,M 碩士,34,110
1061,中華科技大學,07321021,土木工程系土木防災與管理碩士班,D 日,M 碩士,29,110
1061,中華科技大學,07321021,土木工程系土木防災與管理碩士班,N 職,M 碩士,29,110
1061,中華科技大學,10413033,航空服務管理系航空運輸管理碩士班,D 日,M 碩士,10,110
1061,中華科技大學,10413033,航空服務管理系航空運輸管理碩士在職專班,N 職,M 碩士,14,110
1062,僑光科技大學,04121013,財務金融系碩士班,D 日,M 碩士,17,110
1062,僑光科技大學,04131009,企業管理系碩士班,D 日,M 碩士,15,110
1062,僑光科技大學,04131009,企業管理系碩士在職專班,N 職,M 碩士,18,110
1063,育達科技大學,02122034,茶陶創意設計系,D 日,M 碩士,1,110
1063,育達科技大學,04143022,行銷與流通管理系碩士班,D 日,M 碩士,44,110
1063,育達科技大學,04143022,行銷與流通管理系碩士在職專班,N 職,M 碩士,43,110
1063,育達科技大學,06131024,資訊管理系碩士班,D 日,M 碩士,44,110
1063,育達科技大學,06131024,資訊管理系碩士在職專班,N 職,M 碩士,47,110
1063,育達科技大學,10151031,休閒事業管理系_現役軍人營區在職專班,N 職,M 碩士,1,110
1063,育達科技大學,10151038,觀光休閒管理系碩士班,D 日,M 碩士,75,110
1063,育達科技大學,10151038,觀光休閒管理系碩士在職專班,N 職,M 碩士,70,110
1064,美和科技大學,04131004,企業管理系經營管理碩士班,D 日,M 碩士,1,110
1064,美和科技大學,04131004,企業管理系經營管理碩士在職專班,N 職,M 碩士,59,110
1064,美和科技大學,05121008,生物科技系健康產業碩士班,D 日,M 碩士,17,110
1064,美和科技大學,09131013,護理系健康照護碩士班,D 日,M 碩士,20,110
1064,美和科技大學,09131013,護理系健康照護碩士在職專班,N 職,M 碩士,158,110
1064,美和科技大學,09131014,健康照護研究所,N 職,M 碩士,0,110
1064,美和科技大學,09231016,社會工作系碩士班,D 日,M 碩士,68,110
1064,美和科技大學,10152020,運動與休閒管理系碩士班,D 日,M 碩士,41,110
1065,吳鳳科技大學,02112005,應用數位媒體系,N 職,M 碩士,31,110
1065,吳鳳科技大學,07141016,電機工程系光機電暨材料碩士班,D 日,M 碩士,18,110
1065,吳鳳科技大學,10131024,餐旅管理系餐旅管理與餐飲安全碩士班,D 日,M 碩士,32,110
1065,吳鳳科技大學,10321029,消防系,N 職,M 碩士,31,110
1066,環球科技大學,02112003,視覺傳達設計系文化創意設計碩士班,D 日,M 碩士,25,110
1066,環球科技大學,04131011,企業管理系中小企業經營策略管理碩士班,D 日,M 碩士,53,110
1066,環球科技大學,04134006,公共事務管理研究所,N 職,M 碩士,71,110
1066,環球科技大學,05211030,觀光與生態旅遊系環境資源管理碩士班,D 日,M 碩士,40,110
1066,環球科技大學,07211024,生物技術系碩士班,D 日,M 碩士,9,110
1067,台灣首府大學,01111001,教育研究所,D 日,M 碩士,9,110
1067,台灣首府大學,01121002,幼兒教育學系,D 日,M 碩士,21,110
1067,台灣首府大學,10152038,休閒管理學系,D 日,M 碩士,23,110
1068,中州科技大學,07151017,機械與自動化工程系工程技術碩士班,N 職,M 碩士,1,110
1068,中州科技大學,07151035,智慧自動化工程系工程技術碩士班,D 日,M 碩士,0,110
1068,中州科技大學,07151035,智慧自動化工程系工程技術碩士班,N 職,M 碩士,1,110
1068,中州科技大學,07211023,保健食品系,D 日,M 碩士,2,110
1068,中州科技大學,07211023,保健食品系碩士在職專班,N 職,M 碩士,8,110
1069,修平科技大學,04199015,人力資源管理與發展系碩士班,D 日,M 碩士,38,110
1069,修平科技大學,07141019,電機工程系碩士班,D 日,M 碩士,18,110
1069,修平科技大學,07151021,機械工程系精密機械與製造科技碩士班,D 日,M 碩士,11,110
1069,修平科技大學,07191026,工業工程與管理系精實生產管理碩士班,D 日,M 碩士,10,110
1069,修平科技大學,07191026,工業工程與管理系精實生產管理碩士在職專班,N 職,M 碩士,40,110
1070,長庚科技大學,05121001,健康產業科技研究所,D 日,M 碩士,32,110
1070,長庚科技大學,09131004,護理系碩士在職專班,N 職,M 碩士,150,110
1070,長庚科技大學,09131010,高齡暨健康照護管理系碩士班,D 日,M 碩士,39,110
1071,臺北城市科技大學,06131012,資訊管理系電子商務碩士班,D 日,M 碩士,23,110
1071,臺北城市科技大學,06131015,資訊工程系_資訊應用產業碩士專班,D 日,M 碩士,3,110
1071,臺北城市科技大學,07151017,機械工程系機電整合碩士班,D 日,M 碩士,29,110
1071,臺北城市科技大學,10152027,休閒事業系碩士班,D 日,M 碩士,32,110
1072,敏實科技大學,07151019,機電工程系,D 日,M 碩士,0,110
1073,醒吾科技大學,04132019,行銷與流通管理系碩士班,D 日,M 碩士,13,110
1073,醒吾科技大學,04132019,行銷與流通管理系碩士在職專班,N 職,M 碩士,52,110
1073,醒吾科技大學,06134023,資訊科技應用系碩士班,D 日,M 碩士,14,110
1073,醒吾科技大學,06134023,資訊科技應用系碩士在職專班,N 職,M 碩士,21,110
1073,醒吾科技大學,10151026,觀光休閒系碩士班,D 日,M 碩士,38,110
1075,文藻外語大學,01131001,華語文教學研究所,D 日,M 碩士,56,110
1075,文藻外語大學,01131002,外語教學系外語文教事業發展碩士在職專班,N 職,M 碩士,27,110
1075,文藻外語大學,02199018,傳播藝術系創意藝術產業碩士在職專班,N 職,M 碩士,24,110
1075,文藻外語大學,02311005,外語文教事業發展研究所,D 日,M 碩士,9,110
1075,文藻外語大學,02311005,外語文教事業發展研究所,N 職,M 碩士,0,110
1075,文藻外語大學,02311007,英國語文系碩士班,D 日,M 碩士,32,110
1075,文藻外語大學,02312013,翻譯系碩士班,D 日,M 碩士,39,110
1075,文藻外語大學,02312014,多國語複譯研究所,D 日,M 碩士,0,110
1075,文藻外語大學,03122016,國際事務碩士學位學程,D 日,M 碩士,28,110
1075,文藻外語大學,03143015,歐洲研究所,D 日,M 碩士,24,110
1075,文藻外語大學,03191026,東南亞碩士學位學程,D 日,M 碩士,23,110
1075,文藻外語大學,04131020,國際企業管理系碩士班,D 日,M 碩士,10,110
1075,文藻外語大學,04131020,國際企業管理系碩士班,N 職,M 碩士,1,110
1075,文藻外語大學,04191027,國際事業暨跨文化管理研究所,D 日,M 碩士,0,110
1075,文藻外語大學,04191027,國際事業暨跨文化管理研究所,N 職,M 碩士,0,110
1076,華夏科技大學,04199005,資產與物業管理系碩士班,D 日,M 碩士,11,110
1076,華夏科技大學,04199005,資產與物業管理系碩士在職專班,N 職,M 碩士,37,110
1076,華夏科技大學,06131009,資訊管理系碩士在職專班,N 職,M 碩士,25,110
1076,華夏科技大學,07141016,智慧型機器人研究所,D 日,M 碩士,24,110
1077,慈濟科技大學,09131007,護理系碩士班,D 日,M 碩士,8,110
1077,慈濟科技大學,09141009,放射醫學科學研究所,D 日,M 碩士,18,110
1077,慈濟科技大學,09211011,長期照護研究所,D 日,M 碩士,27,110
1077,慈濟科技大學,10199015,觀光餐旅系,D 日,M 碩士,8,110
1078,致理科技大學,04131014,企業管理系服務業經營管理碩士班,D 日,M 碩士,26,110
1078,致理科技大學,04131014,企業管理系服務業經營管理碩士在職專班,N 職,M 碩士,45,110
1078,致理科技大學,04141015,國際貿易系碩士班,D 日,M 碩士,24,110
1079,康寧大學,02311003,應用外語學系,D 日,M 碩士,3,110
1079,康寧大學,02311003,應用外語學系,N 職,M 碩士,1,110
1079,康寧大學,03211009,資訊傳播學系,N 職,M 碩士,1,110
1079,康寧大學,04131011,企業管理學系,D 日,M 碩士,1,110
1079,康寧大學,04131011,企業管理學系,N 職,M 碩士,11,110
1079,康寧大學,09131043,健康照護管理學系,D 日,M 碩士,2,110
1079,康寧大學,10131050,餐飲管理學系,D 日,M 碩士,2,110
1079,康寧大學,10152055,休閒管理學系,N 職,M 碩士,0,110
1080,宏國德霖科技大學,04131006,企業管理系碩士班,D 日,M 碩士,31,110
1081,東方設計大學,02122014,流行商品設計系碩士班,D 日,M 碩士,16,110
1081,東方設計大學,02122018,文化創意設計研究所,D 日,M 碩士,19,110
1081,東方設計大學,02122018,文化創意設計研究所,N 職,M 碩士,42,110
1081,東方設計大學,02124017,室內設計系住居整合設計碩士班,D 日,M 碩士,16,110
1081,東方設計大學,02141002,美術工藝系碩士班,D 日,M 碩士,20,110
1081,東方設計大學,10121032,時尚美妝設計系碩士班,D 日,M 碩士,10,110
1082,崇右影藝科技大學,02191035,文化創意研究所,D 日,M 碩士,39,110
1082,崇右影藝科技大學,02199012,文化創意設計研究所,D 日,M 碩士,0,110
1082,崇右影藝科技大學,04191018,經營管理系碩士班,D 日,M 碩士,24,110
1083,台北海洋科技大學,07211030,食品健康科技系碩士班,D 日,M 碩士,28,110
1083,台北海洋科技大學,10151022,海洋休閒觀光系,D 日,M 碩士,59,110
1083,台北海洋科技大學,10412028,海空物流與行銷系,D 日,M 碩士,56,110
1084,亞東科技大學,04132003,行銷與流通管理系碩士班,D 日,M 碩士,16,110
1084,亞東科技大學,07141012,通訊工程系碩士班,D 日,M 碩士,25,110
1084,亞東科技大學,07192019,材料與纖維系應用科技碩士班,D 日,M 碩士,10,110
1125,中信金融管理學院,04131012,企業管理學系金融管理碩士班,D 日,M 碩士,62,110
1125,中信金融管理學院,04131012,企業管理學系金融管理碩士在職專班,N 職,M 碩士,37,110
1125,中信金融管理學院,04212022,財經法律學系,D 日,M 碩士,31,110
1125,中信金融管理學院,06131034,科技金融研究所,D 日,M 碩士,24,110
1148,大漢技術學院,04131005,企業管理系流通與行銷管理碩士班,D 日,M 碩士,40,110
1148,大漢技術學院,07321019,土木工程與環境資源管理系,D 日,M 碩士,47,110
1159,和春技術學院,07141026,電機工程系,D 日,M 碩士,0,110
1168,南亞技術學院,07151012,機械工程系機械與機電工程碩士班,D 日,M 碩士,11,110
1185,經國管理暨健康學院,04199001,健康產業管理研究所,D 日,M 碩士,23,110
1185,經國管理暨健康學院,04199001,健康產業管理研究所,N 職,M 碩士,40,110
1185,經國管理暨健康學院,09221011,幼兒保育系碩士班,D 日,M 碩士,25,110
1195,馬偕醫學院,05199001,生物醫學研究所,D 日,M 碩士,7,110
1195,馬偕醫學院,07193006,高齡福祉科技研究所,D 日,M 碩士,20,110
1195,馬偕醫學院,09131005,長期照護研究所,D 日,M 碩士,23,110
1195,馬偕醫學院,09131005,長期照護研究所長期照護跨領域碩士在職專班,N 職,M 碩士,28,110
1195,馬偕醫學院,09153003,聽力暨語言治療學系,D 日,M 碩士,10,110
1196,法鼓文理學院,01199001,生命教育碩士學位學程,D 日,M 碩士,119,110
1196,法鼓文理學院,02211002,佛教學系,D 日,M 碩士,75,110
1196,法鼓文理學院,03141004,社區再造碩士學位學程,D 日,M 碩士,9,110
1196,法鼓文理學院,04134003,社會企業與創新碩士學位學程,D 日,M 碩士,49,110
1196,法鼓文理學院,05211005,環境與發展碩士學位學程,D 日,M 碩士,7,110
3002,臺北市立大學,01111001,教育學系,D 日,M 碩士,44,110
3002,臺北市立大學,01113029,特殊教育學系,D 日,M 碩士,134,110
3002,臺北市立大學,01113029,特殊教育學系,N 職,M 碩士,57,110
3002,臺北市立大學,01114035,教育行政與評鑑研究所,D 日,M 碩士,42,110
3002,臺北市立大學,01114035,教育行政與評鑑研究所,N 職,M 碩士,95,110
3002,臺北市立大學,01115036,學習與媒材設計學系課程與教學碩士班,D 日,M 碩士,41,110
3002,臺北市立大學,01115036,學習與媒材設計學系課程與教學碩士在職專班,N 職,M 碩士,91,110
3002,臺北市立大學,01121027,幼兒教育學系,D 日,M 碩士,91,110
3002,臺北市立大學,01121027,幼兒教育學系,N 職,M 碩士,85,110
3002,臺北市立大學,01131017,英語教學系,D 日,M 碩士,36,110
3002,臺北市立大學,01141020,社會學習領域教學碩士學位學程,D 日,M 碩士,0,110
3002,臺北市立大學,01141025,體育學系,D 日,M 碩士,40,110
3002,臺北市立大學,01141025,體育學系,N 職,M 碩士,111,110
3002,臺北市立大學,01141026,運動教育研究所,D 日,M 碩士,39,110
3002,臺北市立大學,01141026,運動教育研究所,N 職,M 碩士,38,110
3002,臺北市立大學,01141030,身心障礙者轉銜及休閒教育碩士學位學程,D 日,M 碩士,38,110
3002,臺北市立大學,02111040,視覺藝術學系,D 日,M 碩士,106,110
3002,臺北市立大學,02111040,視覺藝術學系,N 職,M 碩士,83,110
3002,臺北市立大學,02151037,音樂學系,D 日,M 碩士,75,110
3002,臺北市立大學,02151037,音樂學系,N 職,M 碩士,81,110
3002,臺北市立大學,02152039,舞蹈學系,D 日,M 碩士,46,110
3002,臺北市立大學,02221019,歷史與地理學系,D 日,M 碩士,46,110
3002,臺北市立大學,02221019,歷史與地理學系社會科教學碩士學位班,N 職,M 碩士,62,110
3002,臺北市立大學,02322043,中國語文學系,D 日,M 碩士,32,110
3002,臺北市立大學,02322043,中國語文學系,N 職,M 碩士,78,110
3002,臺北市立大學,02323007,華語文教學碩士學位學程,D 日,M 碩士,44,110
3002,臺北市立大學,03131055,心理與諮商學系,D 日,M 碩士,87,110
3002,臺北市立大學,03131055,心理與諮商學系心理與諮商教學碩士學位班,N 職,M 碩士,42,110
3002,臺北市立大學,04134056,社會暨公共事務學系公共事務學碩士班,D 日,M 碩士,28,110
3002,臺北市立大學,04134056,社會暨公共事務學系,N 職,M 碩士,61,110
3002,臺北市立大學,04134057,國民小學教師在職進修公民與社會教學碩士學位班,N 職,M 碩士,5,110
3002,臺北市立大學,04143045,都會產業經營與行銷學系,D 日,M 碩士,7,110
3002,臺北市立大學,05211023,地球環境暨生物資源學系環境教育與資源碩士班,D 日,M 碩士,53,110
3002,臺北市立大學,05211023,地球環境暨生物資源學系環境教育碩士在職專班,N 職,M 碩士,58,110
3002,臺北市立大學,05399011,應用物理暨化學系應用科學碩士班,D 日,M 碩士,15,110
3002,臺北市立大學,05399011,應用物理暨化學系自然科學教學碩士學位班,N 職,M 碩士,16,110
3002,臺北市立大學,05411012,數學系數據科學與數學教育碩士班,D 日,M 碩士,16,110
3002,臺北市立大學,05411012,數學系數學教育碩士在職專班,N 職,M 碩士,37,110
3002,臺北市立大學,06131016,資訊科學系,D 日,M 碩士,54,110
3002,臺北市立大學,06131016,資訊科學系,N 職,M 碩士,74,110
3002,臺北市立大學,07313058,城市發展學系,D 日,M 碩士,15,110
3002,臺北市立大學,09191059,衛生福利學系,D 日,M 碩士,8,110
3002,臺北市立大學,10141053,運動科學研究所,D 日,M 碩士,25,110
3002,臺北市立大學,10141053,運動科學研究所,N 職,M 碩士,38,110
3002,臺北市立大學,10141054,競技運動訓練研究所,D 日,M 碩士,60,110
3002,臺北市立大學,10141054,競技運動訓練研究所,N 職,M 碩士,44,110
3002,臺北市立大學,10142051,運動器材科技研究所,D 日,M 碩士,57,110
3002,臺北市立大學,10142051,運動器材科技研究所,N 職,M 碩士,1,110
3002,臺北市立大學,10142052,運動健康科學系,D 日,M 碩士,33,110
3002,臺北市立大學,10152050,休閒運動管理學系,D 日,M 碩士,36,110
3002,臺北市立大學,10152050,休閒運動管理學系,N 職,M 碩士,44,110
1,國立政治大學,01111001,教育學系,D 日,M 碩士,39,111
1,國立政治大學,01114005,教育行政與政策研究所,D 日,M 碩士,48,111
1,國立政治大學,01114006,學校行政碩士在職專班,N 職,M 碩士,80,111
1,國立政治大學,01121004,幼兒教育研究所,D 日,M 碩士,54,111
1,國立政治大學,02211019,宗教研究所,D 日,M 碩士,26,111
1,國立政治大學,02221020,歷史學系,D 日,M 碩士,58,111
1,國立政治大學,02221021,台灣史研究所,D 日,M 碩士,54,111
1,國立政治大學,02222031,民族學系,D 日,M 碩士,19,111
1,國立政治大學,02231022,哲學系,D 日,M 碩士,48,111
1,國立政治大學,02311009,英國語文學系,D 日,M 碩士,70,111
1,國立政治大學,02311009,英國語文學系英語教學碩士在職專班,N 職,M 碩士,28,111
1,國立政治大學,02311011,日本語文學系,D 日,M 碩士,22,111
1,國立政治大學,02311014,韓國語文學系,D 日,M 碩士,23,111
1,國立政治大學,02311017,斯拉夫語文學系,D 日,M 碩士,13,111
1,國立政治大學,02321007,台灣文學研究所,D 日,M 碩士,41,111
1,國立政治大學,02322008,中國文學系,D 日,M 碩士,99,111
1,國立政治大學,02322008,中國文學系國文教學碩士在職專班,N 職,M 碩士,75,111
1,國立政治大學,02323002,華語文教學碩士學位學程,D 日,M 碩士,50,111
1,國立政治大學,02399018,語言學研究所,D 日,M 碩士,34,111
1,國立政治大學,03111024,經濟學系,D 日,M 碩士,95,111
1,國立政治大學,03111025,應用經濟與社會發展英語碩士學位學程,D 日,M 碩士,37,111
1,國立政治大學,03121026,政治學系,D 日,M 碩士,72,111
1,國立政治大學,03121029,國際事務學院國家安全與大陸研究碩士在職專班,N 職,M 碩士,72,111
1,國立政治大學,03122045,外交學系,D 日,M 碩士,77,111
1,國立政治大學,03122045,外交學系戰略與國際事務碩士在職專班,N 職,M 碩士,75,111
1,國立政治大學,03122046,國際研究英語碩士學位學程,D 日,M 碩士,55,111
1,國立政治大學,03131032,心理學系,D 日,M 碩士,89,111
1,國立政治大學,03131033,輔導與諮商碩士學位學程,D 日,M 碩士,47,111
1,國立政治大學,03141030,社會學系,D 日,M 碩士,59,111
1,國立政治大學,03143023,中東與中亞研究碩士學位學程,D 日,M 碩士,15,111
1,國立政治大學,03143028,東亞研究所,D 日,M 碩士,77,111
1,國立政治大學,03143036,日本研究碩士學位學程,D 日,M 碩士,40,111
1,國立政治大學,03143038,俄羅斯研究所,D 日,M 碩士,31,111
1,國立政治大學,03143040,亞太研究英語碩士學位學程,D 日,M 碩士,80,111
1,國立政治大學,03143043,地政學系,D 日,M 碩士,66,111
1,國立政治大學,03143043,地政學系,N 職,M 碩士,100,111
1,國立政治大學,03143090,土地政策與環境規劃碩士原住民專班,D 日,M 碩士,40,111
1,國立政治大學,03191047,國家發展研究所,D 日,M 碩士,76,111
1,國立政治大學,03199048,勞工研究所,D 日,M 碩士,66,111
1,國立政治大學,03211049,傳播學院傳播碩士學位學程,D 日,M 碩士,239,111
1,國立政治大學,03211050,國際傳播英語碩士學位學程,D 日,M 碩士,66,111
1,國立政治大學,03211056,傳播學院碩士在職專班,N 職,M 碩士,94,111
1,國立政治大學,03214093,全球傳播與創新科技碩士學位學程,D 日,M 碩士,43,111
1,國立政治大學,03222054,圖書資訊與檔案學研究所,D 日,M 碩士,58,111
1,國立政治大學,03222054,圖書資訊與檔案學研究所圖書資訊學數位碩士在職專班,N 職,M 碩士,67,111
1,國立政治大學,04111059,會計學系,D 日,M 碩士,136,111
1,國立政治大學,04121065,財務管理學系,D 日,M 碩士,81,111
1,國立政治大學,04121068,金融學系,D 日,M 碩士,75,111
1,國立政治大學,04122070,財政學系,D 日,M 碩士,74,111
1,國立政治大學,04123069,風險管理與保險學系,D 日,M 碩士,78,111
1,國立政治大學,04131060,企業管理研究所(MBA學位學程),D 日,M 碩士,246,111
1,國立政治大學,04131062,經營管理碩士學程,N 職,M 碩士,569,111
1,國立政治大學,04131064,國際經營管理英語碩士學位學程,D 日,M 碩士,131,111
1,國立政治大學,04134041,公共行政學系,D 日,M 碩士,99,111
1,國立政治大學,04134042,行政管理碩士學程,N 職,M 碩士,341,111
1,國立政治大學,04141067,國際經營與貿易學系,D 日,M 碩士,121,111
1,國立政治大學,04199072,科技管理與智慧財產研究所,D 日,M 碩士,165,111
1,國立政治大學,04211074,法律科際整合研究所,D 日,M 碩士,92,111
1,國立政治大學,04211075,法學院碩士在職專班,N 職,M 碩士,272,111
1,國立政治大學,04212073,法律學系,D 日,M 碩士,245,111
1,國立政治大學,05199083,神經科學研究所,D 日,M 碩士,4,111
1,國立政治大學,05331077,應用物理研究所,D 日,M 碩士,19,111
1,國立政治大學,05411078,應用數學系,D 日,M 碩士,54,111
1,國立政治大學,05421079,統計學系,D 日,M 碩士,66,111
1,國立政治大學,06131080,資訊管理學系,D 日,M 碩士,110,111
1,國立政治大學,06131081,資訊科學系,D 日,M 碩士,167,111
1,國立政治大學,06131081,資訊科學系,N 職,M 碩士,97,111
1,國立政治大學,06134057,數位內容碩士學位學程,D 日,M 碩士,54,111
1,國立政治大學,09231084,社會工作研究所,D 日,M 碩士,60,111
2,國立清華大學,01111084,教育與學習科技學系,D 日,M 碩士,116,111
2,國立清華大學,01111084,教育與學習科技學系教育行政碩士在職專班,N 職,M 碩士,194,111
2,國立清華大學,01112083,人力資源與數位學習科技研究所,D 日,M 碩士,0,111
2,國立清華大學,01113095,特殊教育學系,D 日,M 碩士,59,111
2,國立清華大學,01113110,學前特殊教育碩士在職學位學程,N 職,M 碩士,10,111
2,國立清華大學,01115124,華德福教育碩士在職學位學程,N 職,M 碩士,24,111
2,國立清華大學,01121091,幼兒教育學系,D 日,M 碩士,68,111
2,國立清華大學,01121091,幼兒教育學系,N 職,M 碩士,65,111
2,國立清華大學,01131085,數理教育研究所,D 日,M 碩士,76,111
2,國立清華大學,01131085,數理教育研究所,N 職,M 碩士,80,111
2,國立清華大學,01131105,英語教學系,D 日,M 碩士,36,111
2,國立清華大學,01141098,藝術與設計學系美勞教師碩士在職專班,N 職,M 碩士,53,111
2,國立清華大學,01141127,運動科學系,D 日,M 碩士,48,111
2,國立清華大學,01141127,運動科學系,N 職,M 碩士,47,111
2,國立清華大學,01199130,竹師教育學院跨領域STEAM教育碩士在職專班,N 職,M 碩士,29,111
2,國立清華大學,02111136,科技藝術研究所,D 日,M 碩士,6,111
2,國立清華大學,02131098,藝術與設計學系,D 日,M 碩士,85,111
2,國立清華大學,02151096,音樂學系,D 日,M 碩士,68,111
2,國立清華大學,02151096,音樂學系音樂碩士在職專班,N 職,M 碩士,1,111
2,國立清華大學,02221006,歷史研究所,D 日,M 碩士,36,111
2,國立清華大學,02222007,人類學研究所,D 日,M 碩士,45,111
2,國立清華大學,02231008,哲學研究所,D 日,M 碩士,33,111
2,國立清華大學,02299009,亞際文化研究國際碩士學位學程(台灣聯合大學系統),D 日,M 碩士,9,111
2,國立清華大學,02311002,外國語文學系,D 日,M 碩士,31,111
2,國立清華大學,02321001,台灣文學研究所,D 日,M 碩士,46,111
2,國立清華大學,02321101,臺灣語言研究與教學研究所,D 日,M 碩士,53,111
2,國立清華大學,02322003,中國文學系,D 日,M 碩士,94,111
2,國立清華大學,02322109,中國語文學系中文組,D 日,M 碩士,10,111
2,國立清華大學,02322109,中國語文學系語文碩士在職專班,N 職,M 碩士,12,111
2,國立清華大學,02323114,華文文學研究所,D 日,M 碩士,49,111
2,國立清華大學,02399005,語言學研究所,D 日,M 碩士,38,111
2,國立清華大學,03111011,經濟學系,D 日,M 碩士,55,111
2,國立清華大學,03121139,台北政經學院政治經濟碩士班,D 日,M 碩士,14,111
2,國立清華大學,03131077,教育心理與諮商學系,D 日,M 碩士,152,111
2,國立清華大學,03131077,教育心理與諮商學系教育心理與諮商碩士在職專班,N 職,M 碩士,138,111
2,國立清華大學,03141012,社會學研究所,D 日,M 碩士,92,111
2,國立清華大學,03143013,台灣研究教師在職進修碩士學位班,N 職,M 碩士,74,111
2,國立清華大學,03199015,學習科學研究所,D 日,M 碩士,2,111
2,國立清華大學,03199111,學習科學與科技研究所,D 日,M 碩士,81,111
2,國立清華大學,04121019,科技管理學院財務金融碩士在職專班,N 職,M 碩士,50,111
2,國立清華大學,04121020,計量財務金融學系,D 日,M 碩士,46,111
2,國立清華大學,04131016,經營管理碩士在職專班,N 職,M 碩士,128,111
2,國立清華大學,04131018,國際專業管理碩士班,D 日,M 碩士,70,111
2,國立清華大學,04134014,科技管理學院公共政策與管理碩士在職專班,N 職,M 碩士,48,111
2,國立清華大學,04199017,科技管理研究所,D 日,M 碩士,63,111
2,國立清華大學,04199021,高階經營管理碩士在職專班,N 職,M 碩士,186,111
2,國立清華大學,04199022,服務科學研究所,D 日,M 碩士,56,111
2,國立清華大學,04199131,科技管理學院健康政策與經營管理碩士在職專班,N 職,M 碩士,29,111
2,國立清華大學,04212024,科技法律研究所,D 日,M 碩士,104,111
2,國立清華大學,05121026,生物科技研究所,D 日,M 碩士,53,111
2,國立清華大學,05121028,分子與細胞生物研究所,D 日,M 碩士,47,111
2,國立清華大學,05121030,生物資訊與結構生物研究所,D 日,M 碩士,62,111
2,國立清華大學,05121072,分子醫學研究所,D 日,M 碩士,44,111
2,國立清華大學,05199033,系統神經科學研究所,D 日,M 碩士,28,111
2,國立清華大學,05211102,環境與文化資源學系,D 日,M 碩士,62,111
2,國立清華大學,05211102,環境與文化資源學系社會學習領域教師碩士在職專班,N 職,M 碩士,51,111
2,國立清華大學,05211121,分析與環境科學研究所,D 日,M 碩士,33,111
2,國立清華大學,05311037,化學系,D 日,M 碩士,207,111
2,國立清華大學,05331038,物理學系,D 日,M 碩士,199,111
2,國立清華大學,05332039,天文研究所,D 日,M 碩士,19,111
2,國立清華大學,05399040,先進光源科技碩士學位學程,D 日,M 碩士,8,111
2,國立清華大學,05411043,數學系,D 日,M 碩士,43,111
2,國立清華大學,05411115,計算與建模科學研究所,D 日,M 碩士,21,111
2,國立清華大學,05421044,統計學研究所,D 日,M 碩士,54,111
2,國立清華大學,06131053,資訊工程學系,D 日,M 碩士,440,111
2,國立清華大學,06131122,資訊安全研究所,D 日,M 碩士,66,111
2,國立清華大學,06134046,資訊系統與應用研究所,D 日,M 碩士,169,111
2,國立清華大學,07111057,化學工程學系,D 日,M 碩士,206,111
2,國立清華大學,07112058,材料科學工程學系,D 日,M 碩士,321,111
2,國立清華大學,07131068,核子工程與科學研究所,D 日,M 碩士,55,111
2,國立清華大學,07141049,電機工程學系,D 日,M 碩士,411,111
2,國立清華大學,07141050,電子工程研究所,D 日,M 碩士,218,111
2,國立清華大學,07141052,光電工程研究所,D 日,M 碩士,139,111
2,國立清華大學,07141054,通訊工程研究所,D 日,M 碩士,165,111
2,國立清華大學,07151056,動力機械工程學系,D 日,M 碩士,336,111
2,國立清華大學,07151125,智慧生產與智能馬達電控產業碩士專班,D 日,M 碩士,0,111
2,國立清華大學,07151128,動力機械工程學系資通訊科技產品智慧設計控制與熱流產業碩士專班,D 日,M 碩士,0,111
2,國立清華大學,07151129,智慧生產與製造產業碩士專班,D 日,M 碩士,1,111
2,國立清華大學,07151134,AI智慧製造與工業物聯網產業碩士專班,D 日,M 碩士,3,111
2,國立清華大學,07151138,電動載具先進智慧製造技術產業碩士專班,D 日,M 碩士,3,111
2,國立清華大學,07151141,AI智慧製造與智慧物聯網產業碩士專班,D 日,M 碩士,6,111
2,國立清華大學,07191061,工業工程與工程管理學系,D 日,M 碩士,223,111
2,國立清華大學,07191061,工業工程與工程管理學系,N 職,M 碩士,113,111
2,國立清華大學,07191123,智慧製造跨院高階主管碩士在職學位學程,N 職,M 碩士,55,111
2,國立清華大學,07193063,生醫工程與環境科學系,D 日,M 碩士,113,111
2,國立清華大學,07193065,生物醫學工程研究所,D 日,M 碩士,55,111
2,國立清華大學,07194059,奈米工程與微系統研究所,D 日,M 碩士,54,111
2,國立清華大學,07194066,工程與系統科學系,D 日,M 碩士,203,111
2,國立清華大學,07199070,全球營運管理碩士雙聯學位學程,D 日,M 碩士,3,111
2,國立清華大學,99999074,跨院國際碩士學位學程,D 日,M 碩士,48,111
3,國立臺灣大學,01131001,華語教學碩士學位學程,D 日,M 碩士,59,111
3,國立臺灣大學,02151002,音樂學研究所,D 日,M 碩士,22,111
3,國立臺灣大學,02152003,戲劇學系,D 日,M 碩士,28,111
3,國立臺灣大學,02191004,藝術史研究所,D 日,M 碩士,42,111
3,國立臺灣大學,02221012,歷史學系,D 日,M 碩士,76,111
3,國立臺灣大學,02222013,人類學系,D 日,M 碩士,32,111
3,國立臺灣大學,02231014,哲學系,D 日,M 碩士,50,111
3,國立臺灣大學,02311007,外國語文學系,D 日,M 碩士,68,111
3,國立臺灣大學,02311009,日本語文學系,D 日,M 碩士,45,111
3,國立臺灣大學,02312010,翻譯碩士學位學程,D 日,M 碩士,60,111
3,國立臺灣大學,02321005,臺灣文學研究所,D 日,M 碩士,43,111
3,國立臺灣大學,02322006,中國文學系,D 日,M 碩士,89,111
3,國立臺灣大學,02399011,語言學研究所,D 日,M 碩士,31,111
3,國立臺灣大學,03111015,經濟學系,D 日,M 碩士,125,111
3,國立臺灣大學,03111015,經濟學系,N 職,M 碩士,74,111
3,國立臺灣大學,03121016,政治學系,D 日,M 碩士,131,111
3,國立臺灣大學,03121016,政治學系,N 職,M 碩士,70,111
3,國立臺灣大學,03131019,心理學系,D 日,M 碩士,116,111
3,國立臺灣大學,03141018,社會學系,D 日,M 碩士,41,111
3,國立臺灣大學,03142021,地理環境資源學系,D 日,M 碩士,65,111
3,國立臺灣大學,03191023,國家發展研究所,D 日,M 碩士,195,111
3,國立臺灣大學,03191023,國家發展研究所,N 職,M 碩士,80,111
3,國立臺灣大學,03212024,新聞研究所,D 日,M 碩士,93,111
3,國立臺灣大學,03222025,圖書資訊學系,D 日,M 碩士,65,111
3,國立臺灣大學,04111027,會計學系,D 日,M 碩士,99,111
3,國立臺灣大學,04121032,財務金融學系,D 日,M 碩士,145,111
3,國立臺灣大學,04131026,商學研究所,D 日,M 碩士,129,111
3,國立臺灣大學,04131028,管理學院企業管理碩士專班,D 日,M 碩士,181,111
3,國立臺灣大學,04131030,事業經營碩士在職學位學程,N 職,M 碩士,57,111
3,國立臺灣大學,04131031,國際企業學系,D 日,M 碩士,141,111
3,國立臺灣大學,04134022,公共事務研究所,D 日,M 碩士,53,111
3,國立臺灣大學,04199034,臺大復旦EMBA境外專班,N 職,M 碩士,238,111
3,國立臺灣大學,04199146,管理學院碩士在職專班,N 職,M 碩士,446,111
3,國立臺灣大學,04199148,管理學院創業創新管理碩士在職專班,N 職,M 碩士,78,111
3,國立臺灣大學,04211035,法律學系,D 日,M 碩士,468,111
3,國立臺灣大學,04212036,科際整合法律學研究所,D 日,M 碩士,161,111
3,國立臺灣大學,04212037,事業經營法務碩士在職學位學程,N 職,M 碩士,60,111
3,國立臺灣大學,05111038,生命科學系,D 日,M 碩士,72,111
3,國立臺灣大學,05111040,植物科學研究所,D 日,M 碩士,58,111
3,國立臺灣大學,05111041,昆蟲學系,D 日,M 碩士,34,111
3,國立臺灣大學,05121044,生物科技研究所,D 日,M 碩士,36,111
3,國立臺灣大學,05121045,生化科學研究所,D 日,M 碩士,48,111
3,國立臺灣大學,05121046,分子與細胞生物學研究所,D 日,M 碩士,51,111
3,國立臺灣大學,05121047,基因體與系統生物學學位學程,D 日,M 碩士,14,111
3,國立臺灣大學,05121151,生化科技學系,D 日,M 碩士,105,111
3,國立臺灣大學,05121160,生物科技管理碩士在職學位學程,N 職,M 碩士,62,111
3,國立臺灣大學,05123050,生物化學暨分子生物學研究所,D 日,M 碩士,67,111
3,國立臺灣大學,05199167,生物多樣性國際碩士學位學程,D 日,M 碩士,15,111
3,國立臺灣大學,05212043,生態學與演化生物學研究所,D 日,M 碩士,57,111
3,國立臺灣大學,05311051,化學系,D 日,M 碩士,263,111
3,國立臺灣大學,05321052,地質科學系,D 日,M 碩士,77,111
3,國立臺灣大學,05321053,氣候變遷與永續發展國際碩士學位學程,D 日,M 碩士,37,111
3,國立臺灣大學,05322056,大氣科學系,D 日,M 碩士,42,111
3,國立臺灣大學,05323057,海洋研究所,D 日,M 碩士,83,111
3,國立臺灣大學,05331054,物理學系,D 日,M 碩士,200,111
3,國立臺灣大學,05331055,應用物理學研究所,D 日,M 碩士,46,111
3,國立臺灣大學,05332058,天文物理研究所,D 日,M 碩士,17,111
3,國立臺灣大學,05411059,數學系,D 日,M 碩士,41,111
3,國立臺灣大學,05421060,統計碩士學位學程,D 日,M 碩士,33,111
3,國立臺灣大學,05421168,統計與數據科學研究所,D 日,M 碩士,15,111
3,國立臺灣大學,05499061,應用數學科學研究所,D 日,M 碩士,28,111
3,國立臺灣大學,06131062,資訊管理學系,D 日,M 碩士,134,111
3,國立臺灣大學,06131063,資訊網路與多媒體研究所,D 日,M 碩士,132,111
3,國立臺灣大學,06131067,資訊工程學系,D 日,M 碩士,397,111
3,國立臺灣大學,06131067,資訊工程學系,N 職,M 碩士,19,111
3,國立臺灣大學,06131081,生醫電子與資訊學研究所,D 日,M 碩士,139,111
3,國立臺灣大學,06131158,資料科學碩士學位學程,D 日,M 碩士,42,111
3,國立臺灣大學,07111076,化學工程學系,D 日,M 碩士,266,111
3,國立臺灣大學,07111077,高分子科學與工程學研究所,D 日,M 碩士,63,111
3,國立臺灣大學,07112078,材料科學與工程學系,D 日,M 碩士,189,111
3,國立臺灣大學,07121080,環境工程學研究所,D 日,M 碩士,129,111
3,國立臺灣大學,07121080,環境工程學研究所,N 職,M 碩士,17,111
3,國立臺灣大學,07141064,電機工程學系,D 日,M 碩士,292,111
3,國立臺灣大學,07141065,電子工程學研究所,D 日,M 碩士,429,111
3,國立臺灣大學,07141066,光電工程學研究所,D 日,M 碩士,288,111
3,國立臺灣大學,07141068,電信工程學研究所,D 日,M 碩士,377,111
3,國立臺灣大學,07141068,電信工程學研究所,N 職,M 碩士,28,111
3,國立臺灣大學,07151069,機械工程學系,D 日,M 碩士,485,111
3,國立臺灣大學,07151071,應用力學研究所,D 日,M 碩士,204,111
3,國立臺灣大學,07151082,工程科學及海洋工程學系,D 日,M 碩士,226,111
3,國立臺灣大學,07151161,生物機電工程學系,D 日,M 碩士,120,111
3,國立臺灣大學,07191079,工業工程學研究所,D 日,M 碩士,60,111
3,國立臺灣大學,07191079,工業工程學研究所,N 職,M 碩士,40,111
3,國立臺灣大學,07193083,醫學工程學系,D 日,M 碩士,111,111
3,國立臺灣大學,07211099,食品科技研究所,D 日,M 碩士,86,111
3,國立臺灣大學,07313086,建築與城鄉研究所,D 日,M 碩士,144,111
3,國立臺灣大學,07321074,土木工程學系,D 日,M 碩士,382,111
3,國立臺灣大學,07321074,土木工程學系,N 職,M 碩士,52,111
3,國立臺灣大學,07321075,生物環境系統工程學系,D 日,M 碩士,72,111
3,國立臺灣大學,08111087,農藝學系,D 日,M 碩士,69,111
3,國立臺灣大學,08112089,動物科學技術學系,D 日,M 碩士,53,111
3,國立臺灣大學,08121091,園藝暨景觀學系,D 日,M 碩士,119,111
3,國立臺灣大學,08191100,農業化學系,D 日,M 碩士,58,111
3,國立臺灣大學,08192164,全球農業科技與基因體科學碩士學位學程,D 日,M 碩士,14,111
3,國立臺灣大學,08193096,農業經濟學系,D 日,M 碩士,95,111
3,國立臺灣大學,08193096,農業經濟學系,N 職,M 碩士,69,111
3,國立臺灣大學,08193098,生物產業傳播暨發展學系,D 日,M 碩士,35,111
3,國立臺灣大學,08193098,生物產業傳播暨發展學系,N 職,M 碩士,44,111
3,國立臺灣大學,08194094,植物病理與微生物學系,D 日,M 碩士,43,111
3,國立臺灣大學,08194095,植物醫學碩士學位學程,D 日,M 碩士,32,111
3,國立臺灣大學,08211102,森林環境暨資源學系,D 日,M 碩士,129,111
3,國立臺灣大學,08311103,漁業科學研究所,D 日,M 碩士,39,111
3,國立臺灣大學,08411104,獸醫學系,D 日,M 碩士,45,111
3,國立臺灣大學,08411105,臨床動物醫學研究所,D 日,M 碩士,38,111
3,國立臺灣大學,08411106,分子暨比較病理生物學研究所,D 日,M 碩士,18,111
3,國立臺灣大學,09111138,臨床牙醫學研究所,D 日,M 碩士,57,111
3,國立臺灣大學,09111138,臨床牙醫學研究所,N 職,M 碩士,10,111
3,國立臺灣大學,09111139,口腔生物科學研究所,D 日,M 碩士,26,111
3,國立臺灣大學,09121048,微生物學研究所,D 日,M 碩士,76,111
3,國立臺灣大學,09121108,臨床醫學研究所,N 職,M 碩士,87,111
3,國立臺灣大學,09121109,分子醫學研究所,D 日,M 碩士,36,111
3,國立臺灣大學,09121109,分子醫學研究所,N 職,M 碩士,29,111
3,國立臺灣大學,09121110,免疫學研究所,D 日,M 碩士,27,111
3,國立臺灣大學,09121111,生理學研究所,D 日,M 碩士,46,111
3,國立臺灣大學,09121112,病理學研究所,D 日,M 碩士,10,111
3,國立臺灣大學,09121114,解剖學暨細胞生物學研究所,D 日,M 碩士,23,111
3,國立臺灣大學,09121120,基因體暨蛋白體醫學研究所,D 日,M 碩士,19,111
3,國立臺灣大學,09121121,醫學教育暨生醫倫理研究所,D 日,M 碩士,13,111
3,國立臺灣大學,09121130,藥理學研究所,D 日,M 碩士,44,111
3,國立臺灣大學,09121140,法醫學研究所,D 日,M 碩士,26,111
3,國立臺灣大學,09121142,腦與心智科學研究所,D 日,M 碩士,36,111
3,國立臺灣大學,09131134,護理學系,D 日,M 碩士,95,111
3,國立臺灣大學,09141136,醫學檢驗暨生物技術學系,D 日,M 碩士,55,111
3,國立臺灣大學,09141143,醫療器材與醫學影像研究所,D 日,M 碩士,12,111
3,國立臺灣大學,09151132,物理治療學系,D 日,M 碩士,31,111
3,國立臺灣大學,09152133,職能治療學系,D 日,M 碩士,25,111
3,國立臺灣大學,09161129,藥學系,D 日,M 碩士,50,111
3,國立臺灣大學,09161131,臨床藥學研究所,D 日,M 碩士,13,111
3,國立臺灣大學,09191122,公共衛生碩士學位學程,D 日,M 碩士,71,111
3,國立臺灣大學,09191126,流行病學與預防醫學研究所,D 日,M 碩士,90,111
3,國立臺灣大學,09191126,流行病學與預防醫學研究所,N 職,M 碩士,15,111
3,國立臺灣大學,09191127,健康政策與管理研究所,D 日,M 碩士,56,111
3,國立臺灣大學,09191127,健康政策與管理研究所,N 職,M 碩士,48,111
3,國立臺灣大學,09191128,健康行為與社區科學研究所,D 日,M 碩士,29,111
3,國立臺灣大學,09191157,食品安全與健康研究所,D 日,M 碩士,40,111
3,國立臺灣大學,09191162,環境與職業健康科學研究所,D 日,M 碩士,78,111
3,國立臺灣大學,09191163,全球衛生碩士學位學程,D 日,M 碩士,22,111
3,國立臺灣大學,09199141,毒理學研究所,D 日,M 碩士,20,111
3,國立臺灣大學,09199159,國際三校農業生技與健康醫療碩士學位學程,D 日,M 碩士,7,111
3,國立臺灣大學,09199170,智慧醫療與健康資訊碩士學位學程,D 日,M 碩士,7,111
3,國立臺灣大學,09231144,社會工作學系,D 日,M 碩士,65,111
3,國立臺灣大學,10152145,運動設施與健康管理碩士學位學程,D 日,M 碩士,45,111
4,國立臺灣師範大學,01111001,教育學系,D 日,M 碩士,78,111
4,國立臺灣師範大學,01111001,教育學系教育行政碩士在職專班,N 職,M 碩士,107,111
4,國立臺灣師範大學,01113018,特殊教育學系,D 日,M 碩士,68,111
4,國立臺灣師範大學,01113018,特殊教育學系,N 職,M 碩士,86,111
4,國立臺灣師範大學,01114019,教育政策與行政研究所,D 日,M 碩士,50,111
4,國立臺灣師範大學,01115002,課程與教學研究所,D 日,M 碩士,48,111
4,國立臺灣師範大學,01115006,科學教育研究所,D 日,M 碩士,59,111
4,國立臺灣師範大學,01116014,資訊教育研究所,D 日,M 碩士,71,111
4,國立臺灣師範大學,01118010,工業教育學系,D 日,M 碩士,88,111
4,國立臺灣師範大學,01131004,公民教育與活動領導學系,D 日,M 碩士,74,111
4,國立臺灣師範大學,01131004,公民教育與活動領導學系,N 職,M 碩士,84,111
4,國立臺灣師範大學,01131009,社會教育學系,D 日,M 碩士,79,111
4,國立臺灣師範大學,01131009,社會教育學系社會教育與文化行政碩士在職專班,N 職,M 碩士,46,111
4,國立臺灣師範大學,01131017,健康促進與衛生教育學系,D 日,M 碩士,67,111
4,國立臺灣師範大學,01141007,人類發展與家庭學系,D 日,M 碩士,72,111
4,國立臺灣師範大學,01141007,人類發展與家庭學系幼兒教育碩士在職專班,N 職,M 碩士,1,111
4,國立臺灣師範大學,01141010,工業教育學系機械教學碩士在職專班,N 職,M 碩士,111,111
4,國立臺灣師範大學,01141013,環境教育研究所,D 日,M 碩士,49,111
4,國立臺灣師範大學,01141017,健康促進與衛生教育學系健康教育教學碩士在職專班,N 職,M 碩士,103,111
4,國立臺灣師範大學,01141087,體育與運動科學系,D 日,M 碩士,157,111
4,國立臺灣師範大學,01141087,體育與運動科學系,N 職,M 碩士,46,111
4,國立臺灣師範大學,01199021,教育學院創造力發展碩士在職專班,N 職,M 碩士,102,111
4,國立臺灣師範大學,01199022,科技應用與人力資源發展學系,D 日,M 碩士,81,111
4,國立臺灣師範大學,01199022,科技應用與人力資源發展學系人力資源發展碩士在職專班,N 職,M 碩士,85,111
4,國立臺灣師範大學,02112037,設計學系,D 日,M 碩士,73,111
4,國立臺灣師範大學,02112037,設計學系,N 職,M 碩士,86,111
4,國立臺灣師範大學,02131023,美術學系,D 日,M 碩士,129,111
4,國立臺灣師範大學,02131023,美術學系,N 職,M 碩士,167,111
4,國立臺灣師範大學,02151024,音樂學系,D 日,M 碩士,146,111
4,國立臺灣師範大學,02151024,音樂學系,N 職,M 碩士,199,111
4,國立臺灣師範大學,02151025,民族音樂研究所,D 日,M 碩士,53,111
4,國立臺灣師範大學,02152027,表演藝術研究所,D 日,M 碩士,97,111
4,國立臺灣師範大學,02191026,藝術史研究所,D 日,M 碩士,60,111
4,國立臺灣師範大學,02221035,歷史學系,D 日,M 碩士,85,111
4,國立臺灣師範大學,02221035,歷史學系歷史碩士在職專班,N 職,M 碩士,1,111
4,國立臺灣師範大學,02221036,臺灣史研究所,D 日,M 碩士,57,111
4,國立臺灣師範大學,02299045,歐洲文化與觀光研究所,D 日,M 碩士,48,111
4,國立臺灣師範大學,02311033,英語學系,D 日,M 碩士,175,111
4,國立臺灣師範大學,02311033,英語學系英語教學碩士在職專班,N 職,M 碩士,44,111
4,國立臺灣師範大學,02312034,翻譯研究所,D 日,M 碩士,81,111
4,國立臺灣師範大學,02312034,翻譯研究所軍事口譯碩士在職專班,N 職,M 碩士,11,111
4,國立臺灣師範大學,02313005,華語文教學系,D 日,M 碩士,194,111
4,國立臺灣師範大學,02313005,華語文教學系,N 職,M 碩士,67,111
4,國立臺灣師範大學,02321028,臺灣語文學系,D 日,M 碩士,52,111
4,國立臺灣師範大學,02322029,國文學系,D 日,M 碩士,93,111
4,國立臺灣師範大學,02322029,國文學系,N 職,M 碩士,82,111
4,國立臺灣師範大學,03122042,東亞學系國家安全與國際事務研究碩士在職專班,N 職,M 碩士,10,111
4,國立臺灣師範大學,03131003,教育心理與輔導學系,D 日,M 碩士,126,111
4,國立臺灣師範大學,03131003,教育心理與輔導學系,N 職,M 碩士,79,111
4,國立臺灣師範大學,03131089,成癮防制碩士在職學位學程,N 職,M 碩士,20,111
4,國立臺灣師範大學,03142041,地理學系,D 日,M 碩士,61,111
4,國立臺灣師範大學,03142041,地理學系地理碩士在職專班,N 職,M 碩士,57,111
4,國立臺灣師範大學,03143042,東亞學系,D 日,M 碩士,72,111
4,國立臺灣師範大學,03199070,復健諮商研究所,D 日,M 碩士,28,111
4,國立臺灣師範大學,03211048,大眾傳播研究所,D 日,M 碩士,90,111
4,國立臺灣師範大學,03214050,圖文傳播學系,D 日,M 碩士,75,111
4,國立臺灣師範大學,03214050,圖文傳播學系,N 職,M 碩士,100,111
4,國立臺灣師範大學,03222049,圖書資訊學研究所,D 日,M 碩士,46,111
4,國立臺灣師範大學,03222049,圖書資訊學研究所圖書資訊學碩士在職專班,N 職,M 碩士,87,111
4,國立臺灣師範大學,04131047,全球經營與策略研究所,D 日,M 碩士,69,111
4,國立臺灣師範大學,04131052,管理研究所,D 日,M 碩士,82,111
4,國立臺灣師範大學,04131055,管理學院高階經理人企業管理碩士在職專班,N 職,M 碩士,168,111
4,國立臺灣師範大學,04131082,運動與休閒學院樂活產業高階經理人企業管理碩士在職專班,N 職,M 碩士,75,111
4,國立臺灣師範大學,04191054,國際人力資源發展研究所,D 日,M 碩士,65,111
4,國立臺灣師範大學,05111056,生命科學系,D 日,M 碩士,92,111
4,國立臺灣師範大學,05121084,生技醫藥產業碩士學位學程,D 日,M 碩士,15,111
4,國立臺灣師範大學,05191083,營養科學碩士學位學程,D 日,M 碩士,23,111
4,國立臺灣師範大學,05311059,化學系,D 日,M 碩士,191,111
4,國立臺灣師範大學,05321060,地球科學系,D 日,M 碩士,63,111
4,國立臺灣師範大學,05331061,物理學系,D 日,M 碩士,78,111
4,國立臺灣師範大學,05411062,數學系,D 日,M 碩士,75,111
4,國立臺灣師範大學,05499062,數學系數學教學碩士在職專班,N 職,M 碩士,2,111
4,國立臺灣師範大學,06131065,資訊工程學系,D 日,M 碩士,186,111
4,國立臺灣師範大學,07141063,電機工程學系,D 日,M 碩士,149,111
4,國立臺灣師範大學,07141080,光電工程研究所,D 日,M 碩士,62,111
4,國立臺灣師範大學,07151068,機電工程學系,D 日,M 碩士,60,111
4,國立臺灣師範大學,09231071,社會工作學研究所,D 日,M 碩士,87,111
4,國立臺灣師範大學,10141074,運動競技學系,D 日,M 碩士,82,111
4,國立臺灣師範大學,10152077,運動休閒與餐旅管理研究所,D 日,M 碩士,99,111
4,國立臺灣師範大學,10152077,運動休閒與餐旅管理研究所運動休閒與餐旅管理碩士在職專班,N 職,M 碩士,75,111
4,國立臺灣師範大學,99999078,管理學院國際時尚高階管理碩士在職專班,N 職,M 碩士,81,111
5,國立成功大學,01111103,教育研究所,D 日,M 碩士,61,111
5,國立成功大學,02121105,科技藝術碩士學位學程,D 日,M 碩士,20,111
5,國立成功大學,02122112,創意產業設計研究所,D 日,M 碩士,62,111
5,國立成功大學,02123113,工業設計學系,D 日,M 碩士,100,111
5,國立成功大學,02123113,工業設計學系,N 職,M 碩士,31,111
5,國立成功大學,02152051,戲劇碩士學位學程,D 日,M 碩士,20,111
5,國立成功大學,02191104,藝術研究所,D 日,M 碩士,44,111
5,國立成功大學,02221110,歷史學系,D 日,M 碩士,52,111
5,國立成功大學,02222111,考古學研究所,D 日,M 碩士,59,111
5,國立成功大學,02311108,外國語文學系,D 日,M 碩士,47,111
5,國立成功大學,02321106,台灣文學系,D 日,M 碩士,46,111
5,國立成功大學,02321106,台灣文學系,N 職,M 碩士,15,111
5,國立成功大學,02322107,中國文學系,D 日,M 碩士,78,111
5,國立成功大學,03111114,經濟學系,D 日,M 碩士,29,111
5,國立成功大學,03121115,政治學系政治經濟學碩士班,D 日,M 碩士,38,111
5,國立成功大學,03121115,政治學系政治經濟學碩士在職專班,N 職,M 碩士,41,111
5,國立成功大學,03131117,心理學系,D 日,M 碩士,41,111
5,國立成功大學,03131119,行為醫學研究所,D 日,M 碩士,31,111
5,國立成功大學,04111120,會計學系,D 日,M 碩士,90,111
5,國立成功大學,04121126,財務金融研究所,D 日,M 碩士,90,111
5,國立成功大學,04121126,財務金融研究所,N 職,M 碩士,132,111
5,國立成功大學,04131055,高階管理碩士在職專班(EMBA),N 職,M 碩士,254,111
5,國立成功大學,04131056,電信管理研究所,D 日,M 碩士,33,111
5,國立成功大學,04131121,企業管理學系,D 日,M 碩士,130,111
5,國立成功大學,04131121,企業管理學系,N 職,M 碩士,87,111
5,國立成功大學,04131122,經營管理碩士學位學程(AMBA),D 日,M 碩士,49,111
5,國立成功大學,04131124,國際企業研究所,D 日,M 碩士,88,111
5,國立成功大學,04131125,國際經營管理研究所(IMBA),D 日,M 碩士,62,111
5,國立成功大學,04131125,國際經營管理研究所(IMBA),N 職,M 碩士,81,111
5,國立成功大學,04199024,海洋科技與事務研究所,D 日,M 碩士,14,111
5,國立成功大學,04199057,工業與資訊管理學系,D 日,M 碩士,88,111
5,國立成功大學,04199057,工業與資訊管理學系,N 職,M 碩士,109,111
5,國立成功大學,04212001,法律學系,D 日,M 碩士,161,111
5,國立成功大學,04212001,法律學系,N 職,M 碩士,49,111
5,國立成功大學,05111003,生命科學系,D 日,M 碩士,61,111
5,國立成功大學,05111132,熱帶植物與微生物科學研究所,D 日,M 碩士,27,111
5,國立成功大學,05121008,生物科技與產業科學系,D 日,M 碩士,75,111
5,國立成功大學,05122009,微生物及免疫學研究所,D 日,M 碩士,50,111
5,國立成功大學,05123010,生物化學暨分子生物學研究所,D 日,M 碩士,42,111
5,國立成功大學,05291025,自然災害減災及管理國際碩士學位學程,D 日,M 碩士,17,111
5,國立成功大學,05311017,化學系,D 日,M 碩士,135,111
5,國立成功大學,05321019,地球科學系,D 日,M 碩士,51,111
5,國立成功大學,05321019,地球科學系,N 職,M 碩士,6,111
5,國立成功大學,05331021,物理學系,D 日,M 碩士,109,111
5,國立成功大學,05331023,太空與電漿科學研究所,D 日,M 碩士,15,111
5,國立成功大學,05411027,數學系,D 日,M 碩士,52,111
5,國立成功大學,05421029,統計學系,D 日,M 碩士,36,111
5,國立成功大學,05421128,數據科學研究所,D 日,M 碩士,21,111
5,國立成功大學,06131030,資訊管理研究所,D 日,M 碩士,66,111
5,國立成功大學,06131036,資訊工程學系,D 日,M 碩士,348,111
5,國立成功大學,06131036,資訊工程學系人工智慧與資訊系統碩士在職專班,N 職,M 碩士,40,111
5,國立成功大學,06131037,電腦與通信工程研究所,D 日,M 碩士,172,111
5,國立成功大學,06131095,醫學資訊研究所,D 日,M 碩士,31,111
5,國立成功大學,06131131,人工智慧科技碩士學位學程,D 日,M 碩士,42,111
5,國立成功大學,06131138,智慧運算碩士學位學程,D 日,M 碩士,6,111
5,國立成功大學,07111050,化學工程學系,D 日,M 碩士,275,111
5,國立成功大學,07112063,材料科學及工程學系,D 日,M 碩士,320,111
5,國立成功大學,07112065,尖端材料國際碩士學位學程,D 日,M 碩士,6,111
5,國立成功大學,07121070,環境工程學系,D 日,M 碩士,91,111
5,國立成功大學,07122026,水利及海洋工程學系,D 日,M 碩士,87,111
5,國立成功大學,07122026,水利及海洋工程學系,N 職,M 碩士,24,111
5,國立成功大學,07132052,能源工程國際碩士學位學程,D 日,M 碩士,34,111
5,國立成功大學,07141032,電機工程學系,D 日,M 碩士,798,111
5,國立成功大學,07141032,電機工程學系,N 職,M 碩士,63,111
5,國立成功大學,07141033,微電子工程研究所,D 日,M 碩士,137,111
5,國立成功大學,07141035,光電科學與工程學系,D 日,M 碩士,171,111
5,國立成功大學,07141040,奈米積體電路工程碩士學位學程,D 日,M 碩士,38,111
5,國立成功大學,07141041,製造資訊與系統研究所,D 日,M 碩士,70,111
5,國立成功大學,07141071,工程科學系,D 日,M 碩士,227,111
5,國立成功大學,07141071,工程科學系,N 職,M 碩士,146,111
5,國立成功大學,07141134,人工智慧機器人碩士學位學程,D 日,M 碩士,25,111
5,國立成功大學,07151042,機械工程學系,D 日,M 碩士,422,111
5,國立成功大學,07151133,智慧製造國際碩士學位學程,D 日,M 碩士,18,111
5,國立成功大學,07162043,航空太空工程學系,D 日,M 碩士,209,111
5,國立成功大學,07162043,航空太空工程學系,N 職,M 碩士,50,111
5,國立成功大學,07162100,民航研究所,D 日,M 碩士,21,111
5,國立成功大學,07163044,系統及船舶機電工程學系,D 日,M 碩士,89,111
5,國立成功大學,07191072,工程管理碩士在職專班,N 職,M 碩士,128,111
5,國立成功大學,07193061,生物醫學工程學系,D 日,M 碩士,107,111
5,國立成功大學,07241064,資源工程學系,D 日,M 碩士,88,111
5,國立成功大學,07311075,建築學系,D 日,M 碩士,183,111
5,國立成功大學,07311075,建築學系,N 職,M 碩士,48,111
5,國立成功大學,07313076,都市計劃學系,D 日,M 碩士,110,111
5,國立成功大學,07321049,土木工程學系,D 日,M 碩士,265,111
5,國立成功大學,07321049,土木工程學系,N 職,M 碩士,45,111
5,國立成功大學,07322067,測量及空間資訊學系,D 日,M 碩士,61,111
5,國立成功大學,09111096,口腔醫學研究所,D 日,M 碩士,22,111
5,國立成功大學,09121054,分子醫學研究所,D 日,M 碩士,37,111
5,國立成功大學,09121078,臨床醫學研究所,D 日,M 碩士,38,111
5,國立成功大學,09121078,臨床醫學研究所,N 職,M 碩士,21,111
5,國立成功大學,09121083,生理學研究所,D 日,M 碩士,28,111
5,國立成功大學,09121084,細胞生物與解剖學研究所,D 日,M 碩士,18,111
5,國立成功大學,09131090,護理學系,D 日,M 碩士,92,111
5,國立成功大學,09141094,醫學檢驗生物技術學系,D 日,M 碩士,42,111
5,國立成功大學,09151082,物理治療學系,D 日,M 碩士,31,111
5,國立成功大學,09152089,職能治療學系,D 日,M 碩士,21,111
5,國立成功大學,09161087,藥理學研究所,D 日,M 碩士,40,111
5,國立成功大學,09161088,臨床藥學與藥物科技研究所,D 日,M 碩士,33,111
5,國立成功大學,09191079,公共衛生研究所,D 日,M 碩士,35,111
5,國立成功大學,09191079,公共衛生研究所,N 職,M 碩士,32,111
5,國立成功大學,09191085,環境醫學研究所,D 日,M 碩士,55,111
5,國立成功大學,09199127,食品安全衛生暨風險管理研究所,D 日,M 碩士,38,111
5,國立成功大學,09211101,老年學研究所,D 日,M 碩士,36,111
5,國立成功大學,10152097,體育健康與休閒研究所,D 日,M 碩士,36,111
5,國立成功大學,10152097,體育健康與休閒研究所運動健康與休閒管理碩士在職專班,N 職,M 碩士,58,111
5,國立成功大學,10411098,交通管理科學系,D 日,M 碩士,79,111
5,國立成功大學,10411098,交通管理科學系,N 職,M 碩士,73,111
5,國立成功大學,99999137,全校永續跨域國際碩士學位學程,D 日,M 碩士,3,111
6,國立中興大學,01111001,教師專業發展研究所,D 日,M 碩士,34,111
6,國立中興大學,02221007,歷史學系,D 日,M 碩士,42,111
6,國立中興大學,02221007,歷史學系,N 職,M 碩士,14,111
6,國立中興大學,02311006,外國語文學系,D 日,M 碩士,28,111
6,國立中興大學,02321003,台灣文學與跨國文化研究所,D 日,M 碩士,37,111
6,國立中興大學,02321003,台灣文學與跨國文化研究所,N 職,M 碩士,33,111
6,國立中興大學,02322005,中國文學系,D 日,M 碩士,62,111
6,國立中興大學,02322005,中國文學系,N 職,M 碩士,30,111
6,國立中興大學,03111009,應用經濟學系,D 日,M 碩士,30,111
6,國立中興大學,03111009,應用經濟學系,N 職,M 碩士,32,111
6,國立中興大學,03122010,國際政治研究所,D 日,M 碩士,47,111
6,國立中興大學,03122010,國際政治研究所,N 職,M 碩士,65,111
6,國立中興大學,03222013,圖書資訊學研究所,D 日,M 碩士,29,111
6,國立中興大學,04111015,會計學系,D 日,M 碩士,45,111
6,國立中興大學,04121019,財務金融學系,D 日,M 碩士,65,111
6,國立中興大學,04131016,企業管理學系,D 日,M 碩士,75,111
6,國立中興大學,04131097,運動與健康管理研究所,D 日,M 碩士,20,111
6,國立中興大學,04134011,國家政策與公共事務研究所,D 日,M 碩士,21,111
6,國立中興大學,04134011,國家政策與公共事務研究所,N 職,M 碩士,66,111
6,國立中興大學,04143020,行銷學系,D 日,M 碩士,60,111
6,國立中興大學,04199012,全球事務研究跨洲碩士學位學程,D 日,M 碩士,35,111
6,國立中興大學,04199021,科技管理研究所,D 日,M 碩士,74,111
6,國立中興大學,04199021,科技管理研究所智慧科技管理碩士在職專班,N 職,M 碩士,25,111
6,國立中興大學,04199022,高階經理人碩士在職專班行銷組,N 職,M 碩士,291,111
6,國立中興大學,04211023,法律學系,D 日,M 碩士,80,111
6,國立中興大學,04211023,法律學系,N 職,M 碩士,116,111
6,國立中興大學,05111026,生命科學系,D 日,M 碩士,116,111
6,國立中興大學,05111026,生命科學碩士在職專班,N 職,M 碩士,40,111
6,國立中興大學,05111029,昆蟲學系,D 日,M 碩士,40,111
6,國立中興大學,05121027,生物科技學研究所,D 日,M 碩士,55,111
6,國立中興大學,05121033,分子生物學研究所,D 日,M 碩士,49,111
6,國立中興大學,05121035,生物醫學研究所,D 日,M 碩士,33,111
6,國立中興大學,05121037,基因體暨生物資訊學研究所,D 日,M 碩士,20,111
6,國立中興大學,05123034,生物化學研究所,D 日,M 碩士,28,111
6,國立中興大學,05292082,水土保持學系,D 日,M 碩士,55,111
6,國立中興大學,05292082,水土保持學系,N 職,M 碩士,49,111
6,國立中興大學,05311039,化學系,D 日,M 碩士,164,111
6,國立中興大學,05331040,物理學系,D 日,M 碩士,37,111
6,國立中興大學,05331040,物理學系(奈米電子與光電能源)中科碩士在職專班,N 職,M 碩士,1,111
6,國立中興大學,05331058,奈米科學研究所,D 日,M 碩士,55,111
6,國立中興大學,05411041,應用數學系,D 日,M 碩士,19,111
6,國立中興大學,05411041,應用數學系大數據碩士在職專班,N 職,M 碩士,41,111
6,國立中興大學,05421042,統計學研究所,D 日,M 碩士,40,111
6,國立中興大學,06131043,資訊管理學系,D 日,M 碩士,116,111
6,國立中興大學,06131043,資訊管理學系,N 職,M 碩士,91,111
6,國立中興大學,06131048,資訊科學與工程學系,D 日,M 碩士,0,111
6,國立中興大學,06131048,資訊科學與工程學系,N 職,M 碩士,0,111
6,國立中興大學,06131106,資料科學與資訊計算研究所,D 日,M 碩士,29,111
6,國立中興大學,06131108,資訊工程學系,D 日,M 碩士,154,111
6,國立中興大學,06131108,資訊工程學系,N 職,M 碩士,90,111
6,國立中興大學,06132100,人工智慧與資料科學碩士在職學位學程,N 職,M 碩士,67,111
6,國立中興大學,07111055,化學工程學系,D 日,M 碩士,153,111
6,國立中興大學,07111055,化學工程學系,N 職,M 碩士,55,111
6,國立中興大學,07112057,材料科學與工程學系,D 日,M 碩士,130,111
6,國立中興大學,07112057,材料科學與工程學系,N 職,M 碩士,104,111
6,國立中興大學,07112099,光電材料產業碩士專班,D 日,M 碩士,0,111
6,國立中興大學,07121059,環境工程學系,D 日,M 碩士,87,111
6,國立中興大學,07121059,環境工程學系,N 職,M 碩士,89,111
6,國立中興大學,07141045,電機工程學系,D 日,M 碩士,255,111
6,國立中興大學,07141045,電機工程學系,N 職,M 碩士,104,111
6,國立中興大學,07141046,光電工程研究所,D 日,M 碩士,32,111
6,國立中興大學,07141049,通訊工程研究所,D 日,M 碩士,28,111
6,國立中興大學,07141105,電機控制產業碩士專班,D 日,M 碩士,4,111
6,國立中興大學,07141C02,光電半導體技術產業碩士專班,D 日,M 碩士,3,111
6,國立中興大學,07151050,機械工程學系,D 日,M 碩士,217,111
6,國立中興大學,07151050,機械工程學系,N 職,M 碩士,94,111
6,國立中興大學,07151051,精密工程研究所,D 日,M 碩士,72,111
6,國立中興大學,07151051,精密工程研究所,N 職,M 碩士,42,111
6,國立中興大學,07151052,生物產業機電工程學系,D 日,M 碩士,34,111
6,國立中興大學,07193060,生醫工程研究所,D 日,M 碩士,33,111
6,國立中興大學,07211081,食品暨應用生物科技學系,D 日,M 碩士,92,111
6,國立中興大學,07211081,食品暨應用生物科技學系,N 職,M 碩士,56,111
6,國立中興大學,07211098,食品安全研究所,D 日,M 碩士,33,111
6,國立中興大學,07312061,景觀與遊憩碩士學位學程,D 日,M 碩士,15,111
6,國立中興大學,07321054,土木工程學系,D 日,M 碩士,122,111
6,國立中興大學,07321054,土木工程學系,N 職,M 碩士,80,111
6,國立中興大學,08111063,農藝學系,D 日,M 碩士,51,111
6,國立中興大學,08111064,國際農學碩士學位學程,D 日,M 碩士,30,111
6,國立中興大學,08112066,動物科學系,D 日,M 碩士,67,111
6,國立中興大學,08121067,園藝學系,D 日,M 碩士,75,111
6,國立中興大學,08191083,土壤環境科學系,D 日,M 碩士,29,111
6,國立中興大學,08193076,生物產業管理研究所,D 日,M 碩士,41,111
6,國立中興大學,08193077,農業企業經營管理碩士在職專班,N 職,M 碩士,58,111
6,國立中興大學,08193079,農業經濟與行銷碩士學位學程,D 日,M 碩士,22,111
6,國立中興大學,08194068,植物病理學系,D 日,M 碩士,44,111
6,國立中興大學,08194069,植物醫學暨安全農業碩士學位學程,D 日,M 碩士,25,111
6,國立中興大學,08211086,森林學系,D 日,M 碩士,74,111
6,國立中興大學,08411087,獸醫學系,D 日,M 碩士,74,111
6,國立中興大學,08411089,獸醫病理生物學研究所,D 日,M 碩士,11,111
6,國立中興大學,08411092,微生物暨公共衛生學研究所,D 日,M 碩士,21,111
7,國立陽明交通大學,01111001,教育研究所,D 日,M 碩士,79,111
7,國立陽明交通大學,01131002,英語教學研究所,D 日,M 碩士,31,111
7,國立陽明交通大學,02122004,應用藝術研究所,D 日,M 碩士,79,111
7,國立陽明交通大學,02151003,音樂研究所,D 日,M 碩士,71,111
7,國立陽明交通大學,02191107,視覺文化研究所,D 日,M 碩士,20,111
7,國立陽明交通大學,02231108,心智哲學研究所,D 日,M 碩士,24,111
7,國立陽明交通大學,02299008,人文社會學系族群與文化碩士班,D 日,M 碩士,28,111
7,國立陽明交通大學,02299009,亞際文化研究國際碩士學位學程(台灣聯合大學系統),D 日,M 碩士,23,111
7,國立陽明交通大學,02299010,社會與文化研究所,D 日,M 碩士,38,111
7,國立陽明交通大學,02311005,外國語文學系外國文學與語言學碩士班,D 日,M 碩士,36,111
7,國立陽明交通大學,03143013,客家社會與文化碩士在職專班,N 職,M 碩士,72,111
7,國立陽明交通大學,03199109,科技與社會研究所,D 日,M 碩士,21,111
7,國立陽明交通大學,03211014,傳播研究所,D 日,M 碩士,70,111
7,國立陽明交通大學,03211015,傳播與科技學系,D 日,M 碩士,53,111
7,國立陽明交通大學,04121020,資訊管理與財務金融學系財務金融碩士班,D 日,M 碩士,109,111
7,國立陽明交通大學,04131016,管理學院企業管理碩士學位學程,D 日,M 碩士,74,111
7,國立陽明交通大學,04131017,經營管理研究所,D 日,M 碩士,92,111
7,國立陽明交通大學,04131018,管理科學系,D 日,M 碩士,77,111
7,國立陽明交通大學,04131026,管理學院碩士在職專班,N 職,M 碩士,415,111
7,國立陽明交通大學,04131164,生技醫療經營管理碩士在職學位學程,N 職,M 碩士,41,111
7,國立陽明交通大學,04133110,醫務管理研究所,D 日,M 碩士,24,111
7,國立陽明交通大學,04133110,醫務管理研究所,N 職,M 碩士,59,111
7,國立陽明交通大學,04199023,科技管理研究所,D 日,M 碩士,48,111
7,國立陽明交通大學,04199024,高階主管管理碩士學程,N 職,M 碩士,125,111
7,國立陽明交通大學,04212027,科技法律研究所,D 日,M 碩士,128,111
7,國立陽明交通大學,04212027,科技法律研究所,N 職,M 碩士,96,111
7,國立陽明交通大學,05121028,生物科技學系,D 日,M 碩士,107,111
7,國立陽明交通大學,05121030,分子醫學與生物工程研究所,D 日,M 碩士,54,111
7,國立陽明交通大學,05121112,生命科學系暨基因體科學研究所,D 日,M 碩士,59,111
7,國立陽明交通大學,05121173,工程與計算生醫產業碩士專班,D 日,M 碩士,4,111
7,國立陽明交通大學,05122114,微生物及免疫學研究所,D 日,M 碩士,54,111
7,國立陽明交通大學,05123116,生化暨分子生物研究所,D 日,M 碩士,48,111
7,國立陽明交通大學,05124034,生物資訊及系統生物研究所,D 日,M 碩士,30,111
7,國立陽明交通大學,05124117,生物醫學資訊研究所,D 日,M 碩士,63,111
7,國立陽明交通大學,05311036,應用化學系,D 日,M 碩士,237,111
7,國立陽明交通大學,05311038,跨領域分子科學國際碩士學位學程,D 日,M 碩士,1,111
7,國立陽明交通大學,05331040,物理研究所,D 日,M 碩士,61,111
7,國立陽明交通大學,05331041,電子物理學系,D 日,M 碩士,175,111
7,國立陽明交通大學,05399042,加速器光源科技與應用碩士學位學程,D 日,M 碩士,4,111
7,國立陽明交通大學,05399044,理學院碩士在職專班,N 職,M 碩士,136,111
7,國立陽明交通大學,05411045,應用數學系,D 日,M 碩士,67,111
7,國立陽明交通大學,05421047,統計學研究所,D 日,M 碩士,43,111
7,國立陽明交通大學,06121060,網路工程研究所,D 日,M 碩士,130,111
7,國立陽明交通大學,06131022,資訊管理研究所,D 日,M 碩士,76,111
7,國立陽明交通大學,06131061,資訊科學與工程研究所,D 日,M 碩士,396,111
7,國立陽明交通大學,06131092,數據科學與工程研究所,D 日,M 碩士,112,111
7,國立陽明交通大學,06131098,資訊學院國防資安管理碩士在職專班,N 職,M 碩士,80,111
7,國立陽明交通大學,06131100,資電亥客與安全碩士學位學程,D 日,M 碩士,0,111
7,國立陽明交通大學,06131104,智慧計算與科技研究所,D 日,M 碩士,45,111
7,國立陽明交通大學,06131170,資通安全碩士學位學程,D 日,M 碩士,38,111
7,國立陽明交通大學,06131175,資訊學院科技犯罪偵查資通訊碩士在職專班,N 職,M 碩士,31,111
7,國立陽明交通大學,06132049,多媒體工程研究所,D 日,M 碩士,141,111
7,國立陽明交通大學,06199105,智慧與綠能產學研究所,D 日,M 碩士,49,111
7,國立陽明交通大學,07112072,材料科學與工程學系,D 日,M 碩士,214,111
7,國立陽明交通大學,07121076,環境工程研究所,D 日,M 碩士,58,111
7,國立陽明交通大學,07132081,照明與能源光電研究所,D 日,M 碩士,75,111
7,國立陽明交通大學,07141050,電機工程學系,D 日,M 碩士,228,111
7,國立陽明交通大學,07141053,電子研究所,D 日,M 碩士,597,111
7,國立陽明交通大學,07141055,光電工程學系,D 日,M 碩士,262,111
7,國立陽明交通大學,07141057,光電科技碩士在職專班,N 職,M 碩士,52,111
7,國立陽明交通大學,07141062,電信工程研究所,D 日,M 碩士,319,111
7,國立陽明交通大學,07141064,電控工程研究所,D 日,M 碩士,198,111
7,國立陽明交通大學,07141065,光電系統研究所,D 日,M 碩士,88,111
7,國立陽明交通大學,07141066,國際半導體產業學院碩士班,D 日,M 碩士,120,111
7,國立陽明交通大學,07141067,電機學院碩士在職專班,N 職,M 碩士,162,111
7,國立陽明交通大學,07141068,電機資訊國際碩士學位學程,D 日,M 碩士,41,111
7,國立陽明交通大學,07141069,資訊學院碩士在職專班,N 職,M 碩士,112,111
7,國立陽明交通大學,07141099,人工智慧技術與應用碩士學位學程,D 日,M 碩士,76,111
7,國立陽明交通大學,07141103,智慧系統與應用研究所,D 日,M 碩士,43,111
7,國立陽明交通大學,07151070,機械工程學系,D 日,M 碩士,311,111
7,國立陽明交通大學,07151093,機器人碩士學位學程,D 日,M 碩士,73,111
7,國立陽明交通大學,07191075,工業工程與管理學系,D 日,M 碩士,132,111
7,國立陽明交通大學,07193077,生醫工程研究所,D 日,M 碩士,129,111
7,國立陽明交通大學,07193079,影像與生醫光電研究所,D 日,M 碩士,67,111
7,國立陽明交通大學,07193120,生醫光電研究所,D 日,M 碩士,70,111
7,國立陽明交通大學,07193122,生物醫學工程學系,D 日,M 碩士,92,111
7,國立陽明交通大學,07199083,工學院碩士在職專班,N 職,M 碩士,417,111
7,國立陽明交通大學,07311085,建築研究所,D 日,M 碩士,72,111
7,國立陽明交通大學,07321071,土木工程學系,D 日,M 碩士,185,111
7,國立陽明交通大學,09111160,牙醫學系,D 日,M 碩士,16,111
7,國立陽明交通大學,09111162,口腔生物研究所,D 日,M 碩士,17,111
7,國立陽明交通大學,09111169,口腔組織工程暨生技材料研究所,D 日,M 碩士,4,111
7,國立陽明交通大學,09121126,臨床醫學研究所,D 日,M 碩士,26,111
7,國立陽明交通大學,09121126,臨床醫學研究所,N 職,M 碩士,11,111
7,國立陽明交通大學,09121129,生理學研究所,D 日,M 碩士,42,111
7,國立陽明交通大學,09121130,神經科學研究所,D 日,M 碩士,40,111
7,國立陽明交通大學,09121132,解剖學及細胞生物學研究所,D 日,M 碩士,41,111
7,國立陽明交通大學,09121133,急重症醫學研究所,D 日,M 碩士,28,111
7,國立陽明交通大學,09121134,腦科學研究所,D 日,M 碩士,51,111
7,國立陽明交通大學,09121144,藥理學研究所,D 日,M 碩士,29,111
7,國立陽明交通大學,09131149,護理學系,N 職,M 碩士,63,111
7,國立陽明交通大學,09131150,臨床護理研究所,D 日,M 碩士,77,111
7,國立陽明交通大學,09131153,社區健康照護研究所,D 日,M 碩士,48,111
7,國立陽明交通大學,09141158,醫學生物技術暨檢驗學系,D 日,M 碩士,40,111
7,國立陽明交通大學,09141159,生物醫學影像暨放射科學系,D 日,M 碩士,51,111
7,國立陽明交通大學,09151148,物理治療暨輔助科技學系,D 日,M 碩士,67,111
7,國立陽明交通大學,09161142,藥學系,D 日,M 碩士,33,111
7,國立陽明交通大學,09161145,生物藥學研究所,D 日,M 碩士,43,111
7,國立陽明交通大學,09171143,傳統醫藥研究所,D 日,M 碩士,21,111
7,國立陽明交通大學,09191137,公共衛生研究所,D 日,M 碩士,80,111
7,國立陽明交通大學,09191138,衛生福利研究所,D 日,M 碩士,39,111
7,國立陽明交通大學,09191140,環境與職業衛生研究所,D 日,M 碩士,28,111
7,國立陽明交通大學,09191141,國際衛生碩士學位學程,D 日,M 碩士,30,111
7,國立陽明交通大學,09199167,食品安全及健康風險評估研究所,D 日,M 碩士,31,111
7,國立陽明交通大學,09211168,跨專業長期照顧與管理碩士學位學程,D 日,M 碩士,35,111
7,國立陽明交通大學,10411086,運輸與物流管理學系,D 日,M 碩士,131,111
8,國立中央大學,01115001,學習與教學研究所,D 日,M 碩士,34,111
8,國立中央大學,02191004,藝術學研究所,D 日,M 碩士,31,111
8,國立中央大學,02221010,歷史研究所,D 日,M 碩士,32,111
8,國立中央大學,02221010,歷史研究所,N 職,M 碩士,48,111
8,國立中央大學,02231011,哲學研究所,D 日,M 碩士,18,111
8,國立中央大學,02231011,哲學研究所,N 職,M 碩士,56,111
8,國立中央大學,02299012,亞際文化研究國際碩士學位學程(台灣聯合大學系統),D 日,M 碩士,14,111
8,國立中央大學,02311007,英美語文學系,D 日,M 碩士,41,111
8,國立中央大學,02311008,法國語文學系,D 日,M 碩士,15,111
8,國立中央大學,02322006,中國文學系,D 日,M 碩士,62,111
8,國立中央大學,03111013,經濟學系,D 日,M 碩士,26,111
8,國立中央大學,03111014,產業經濟研究所,D 日,M 碩士,64,111
8,國立中央大學,03111014,產業經濟研究所,N 職,M 碩士,62,111
8,國立中央大學,03131017,認知神經科學研究所,D 日,M 碩士,26,111
8,國立中央大學,03199020,客家語文暨社會科學學系客家語文碩士班,D 日,M 碩士,45,111
8,國立中央大學,03199020,客家語文暨社會科學學系客家研究碩士在職專班,N 職,M 碩士,61,111
8,國立中央大學,04111022,會計研究所,D 日,M 碩士,28,111
8,國立中央大學,04111022,會計研究所企業資源規劃會計碩士在職專班,N 職,M 碩士,40,111
8,國立中央大學,04121024,財務金融學系,D 日,M 碩士,58,111
8,國立中央大學,04121024,財務金融學系,N 職,M 碩士,64,111
8,國立中央大學,04131023,企業管理學系,D 日,M 碩士,128,111
8,國立中央大學,04131023,企業管理學系,N 職,M 碩士,80,111
8,國立中央大學,04131081,國際經營管理碩士學位學程,D 日,M 碩士,13,111
8,國立中央大學,04199027,人力資源管理研究所,D 日,M 碩士,48,111
8,國立中央大學,04199027,人力資源管理研究所,N 職,M 碩士,56,111
8,國立中央大學,04199029,管理學院高階主管企管碩士班,N 職,M 碩士,185,111
8,國立中央大學,04211030,法律與政府研究所,D 日,M 碩士,58,111
8,國立中央大學,04211030,法律與政府研究所,N 職,M 碩士,50,111
8,國立中央大學,05121031,生命科學系,D 日,M 碩士,66,111
8,國立中央大學,05211048,遙測科技碩士學位學程,D 日,M 碩士,22,111
8,國立中央大學,05311035,化學學系,D 日,M 碩士,157,111
8,國立中央大學,05321036,地球科學學系地球物理碩士班,D 日,M 碩士,40,111
8,國立中央大學,05321037,應用地質研究所,D 日,M 碩士,39,111
8,國立中央大學,05322044,大氣科學學系大氣物理碩士班,D 日,M 碩士,54,111
8,國立中央大學,05322079,太空科學與工程學系,D 日,M 碩士,47,111
8,國立中央大學,05323039,水文與海洋科學研究所,D 日,M 碩士,20,111
8,國立中央大學,05331042,物理學系,D 日,M 碩士,88,111
8,國立中央大學,05332045,天文研究所,D 日,M 碩士,19,111
8,國立中央大學,05411051,數學系,D 日,M 碩士,64,111
8,國立中央大學,05421052,統計研究所,D 日,M 碩士,52,111
8,國立中央大學,06131053,資訊管理學系,D 日,M 碩士,141,111
8,國立中央大學,06131053,資訊管理學系,N 職,M 碩士,98,111
8,國立中央大學,06131059,資訊工程學系,D 日,M 碩士,339,111
8,國立中央大學,06131059,資訊工程學系,N 職,M 碩士,94,111
8,國立中央大學,06132002,網路學習科技研究所,D 日,M 碩士,52,111
8,國立中央大學,06132002,網路學習科技研究所,N 職,M 碩士,53,111
8,國立中央大學,06133082,人工智慧國際碩士學位學程,D 日,M 碩士,8,111
8,國立中央大學,07111069,化學工程與材料工程學系,D 日,M 碩士,154,111
8,國立中央大學,07112070,材料科學與工程研究所,D 日,M 碩士,49,111
8,國立中央大學,07121072,環境工程研究所,D 日,M 碩士,74,111
8,國立中央大學,07121072,環境工程研究所,N 職,M 碩士,70,111
8,國立中央大學,07121073,國際永續發展碩士學位學程,D 日,M 碩士,0,111
8,國立中央大學,07132066,能源工程研究所,D 日,M 碩士,39,111
8,國立中央大學,07141055,電機工程學系,D 日,M 碩士,366,111
8,國立中央大學,07141057,光電科學與工程學系,D 日,M 碩士,202,111
8,國立中央大學,07141057,光電科學與工程學系,N 職,M 碩士,54,111
8,國立中央大學,07141060,通訊工程學系,D 日,M 碩士,144,111
8,國立中央大學,07141060,通訊工程學系,N 職,M 碩士,108,111
8,國立中央大學,07151064,機械工程學系,D 日,M 碩士,338,111
8,國立中央大學,07151064,機械工程學系,N 職,M 碩士,98,111
8,國立中央大學,07191026,工業管理研究所,D 日,M 碩士,59,111
8,國立中央大學,07191026,工業管理研究所,N 職,M 碩士,65,111
8,國立中央大學,07193074,生醫科學與工程學系生物醫學工程碩士班,D 日,M 碩士,64,111
8,國立中央大學,07193074,生醫科學與工程學系人工智慧精準醫療碩士在職專班,N 職,M 碩士,14,111
8,國立中央大學,07321067,土木工程學系,D 日,M 碩士,212,111
8,國立中央大學,07321067,土木工程學系,N 職,M 碩士,109,111
9,國立中山大學,01111001,教育研究所,D 日,M 碩士,36,111
9,國立中山大學,01111001,教育研究所,N 職,M 碩士,61,111
9,國立中山大學,01111072,教育與人類發展研究全英語碩士學位學程,D 日,M 碩士,9,111
9,國立中山大學,02151002,音樂學系,D 日,M 碩士,43,111
9,國立中山大學,02192003,劇場藝術學系,D 日,M 碩士,13,111
9,國立中山大學,02192078,藝術管理與創業研究所,D 日,M 碩士,28,111
9,國立中山大學,02231008,哲學研究所,D 日,M 碩士,31,111
9,國立中山大學,02311006,外國語文學系,D 日,M 碩士,49,111
9,國立中山大學,02322005,中國文學系,D 日,M 碩士,55,111
9,國立中山大學,02322005,中國文學系(暑期專班)碩士班,N 職,M 碩士,1,111
9,國立中山大學,03111009,經濟學研究所,D 日,M 碩士,52,111
9,國立中山大學,03111009,經濟學研究所,N 職,M 碩士,24,111
9,國立中山大學,03121011,政治學研究所,D 日,M 碩士,51,111
9,國立中山大學,03121011,政治學研究所,N 職,M 碩士,45,111
9,國立中山大學,03122019,亞太事務英語碩士學位學程,D 日,M 碩士,16,111
9,國立中山大學,03122027,海洋事務研究所,D 日,M 碩士,28,111
9,國立中山大學,03141013,社會學系,D 日,M 碩士,35,111
9,國立中山大學,03141013,社會學系原住民碩士在職專班,N 職,M 碩士,43,111
9,國立中山大學,03143016,中國與亞太區域研究所,D 日,M 碩士,69,111
9,國立中山大學,03143016,中國與亞太區域研究所,N 職,M 碩士,39,111
9,國立中山大學,04121024,財務管理學系,D 日,M 碩士,90,111
9,國立中山大學,04121024,財務管理學系,N 職,M 碩士,77,111
9,國立中山大學,04121C01,金融創新產業碩士專班,D 日,M 碩士,28,111
9,國立中山大學,04131021,企業管理學系,D 日,M 碩士,267,111
9,國立中山大學,04131022,管理學院國際經營管理碩士學程,D 日,M 碩士,136,111
9,國立中山大學,04131028,人力資源管理研究所,D 日,M 碩士,132,111
9,國立中山大學,04131028,人力資源管理研究所,N 職,M 碩士,146,111
9,國立中山大學,04131077,社會創新研究所,D 日,M 碩士,23,111
9,國立中山大學,04134017,公共事務管理研究所,D 日,M 碩士,45,111
9,國立中山大學,04134017,公共事務管理研究所,N 職,M 碩士,91,111
9,國立中山大學,04134018,社會科學院EMPP,N 職,M 碩士,19,111
9,國立中山大學,04134073,行政管理現役軍人營區碩士在職專班,N 職,M 碩士,10,111
9,國立中山大學,04199025,行銷傳播管理研究所,D 日,M 碩士,67,111
9,國立中山大學,04199025,行銷傳播管理研究所,N 職,M 碩士,62,111
9,國立中山大學,04199030,兩岸高階主管經營管理碩士在職專班,N 職,M 碩士,25,111
9,國立中山大學,04199068,管理學院EMBA,N 職,M 碩士,233,111
9,國立中山大學,05111033,生物科學系,D 日,M 碩士,34,111
9,國立中山大學,05111033,生物科學系,N 職,M 碩士,16,111
9,國立中山大學,05121035,生物醫學研究所,D 日,M 碩士,27,111
9,國立中山大學,05311037,化學系,D 日,M 碩士,153,111
9,國立中山大學,05323044,海洋生物科技暨資源學系,D 日,M 碩士,44,111
9,國立中山大學,05323047,海洋科學系,D 日,M 碩士,43,111
9,國立中山大學,05323075,海洋生態與保育研究所,D 日,M 碩士,22,111
9,國立中山大學,05331038,物理學系,D 日,M 碩士,62,111
9,國立中山大學,05411051,應用數學系,D 日,M 碩士,66,111
9,國立中山大學,06111055,資訊工程學系,D 日,M 碩士,298,111
9,國立中山大學,06131052,資訊管理學系,D 日,M 碩士,118,111
9,國立中山大學,06131052,資訊管理學系,N 職,M 碩士,137,111
9,國立中山大學,06131069,電子商務與商業分析數位學習碩士在職專班,N 職,M 碩士,0,111
9,國立中山大學,07112063,材料與光電科學學系,D 日,M 碩士,156,111
9,國立中山大學,07121064,環境工程研究所,D 日,M 碩士,53,111
9,國立中山大學,07121064,環境工程研究所,N 職,M 碩士,66,111
9,國立中山大學,07122065,海洋環境及工程學系,D 日,M 碩士,64,111
9,國立中山大學,07122065,海洋環境及工程學系,N 職,M 碩士,0,111
9,國立中山大學,07141053,電機工程學系,D 日,M 碩士,410,111
9,國立中山大學,07141054,光電工程學系,D 日,M 碩士,146,111
9,國立中山大學,07141056,電信工程國際碩士學位學程,D 日,M 碩士,12,111
9,國立中山大學,07141057,通訊工程研究所,D 日,M 碩士,74,111
9,國立中山大學,07141058,電機電力工程國際碩士學位學程,D 日,M 碩士,12,111
9,國立中山大學,07151059,海下科技研究所,D 日,M 碩士,23,111
9,國立中山大學,07151061,機械與機電工程學系,D 日,M 碩士,195,111
9,國立中山大學,07193067,醫學科技研究所,D 日,M 碩士,49,111
9,國立中山大學,09141076,精準醫學研究所,D 日,M 碩士,19,111
9,國立中山大學,09161074,生技醫藥研究所,D 日,M 碩士,19,111
12,國立臺灣海洋大學,01111002,教育研究所,D 日,M 碩士,62,111
12,國立臺灣海洋大學,01111002,教育研究所,N 職,M 碩士,95,111
12,國立臺灣海洋大學,02299004,海洋文化研究所,D 日,M 碩士,29,111
12,國立臺灣海洋大學,02311003,應用英語研究所,D 日,M 碩士,35,111
12,國立臺灣海洋大學,03111006,應用經濟研究所,D 日,M 碩士,16,111
12,國立臺灣海洋大學,03121058,海洋政策碩士學位學程,D 日,M 碩士,9,111
12,國立臺灣海洋大學,04212009,海洋法律研究所,D 日,M 碩士,51,111
12,國立臺灣海洋大學,04212009,海洋法律研究所,N 職,M 碩士,48,111
12,國立臺灣海洋大學,05121014,生命科學暨生物科技學系,D 日,M 碩士,40,111
12,國立臺灣海洋大學,05211008,海洋事務與資源管理研究所,D 日,M 碩士,19,111
12,國立臺灣海洋大學,05321057,地球科學研究所,D 日,M 碩士,26,111
12,國立臺灣海洋大學,05323017,海洋生物研究所,D 日,M 碩士,45,111
12,國立臺灣海洋大學,05323020,海洋環境資訊系,D 日,M 碩士,19,111
12,國立臺灣海洋大學,05323020,海洋環境資訊系,N 職,M 碩士,21,111
12,國立臺灣海洋大學,05323022,海洋環境與生態研究所,D 日,M 碩士,18,111
12,國立臺灣海洋大學,06131028,資訊工程學系,D 日,M 碩士,153,111
12,國立臺灣海洋大學,06131028,資訊工程學系,N 職,M 碩士,62,111
12,國立臺灣海洋大學,07122040,河海工程學系,D 日,M 碩士,78,111
12,國立臺灣海洋大學,07122040,河海工程學系,N 職,M 碩士,55,111
12,國立臺灣海洋大學,07141025,電機工程學系,D 日,M 碩士,161,111
12,國立臺灣海洋大學,07141025,電機工程學系,N 職,M 碩士,56,111
12,國立臺灣海洋大學,07141027,光電與材料科技學系,D 日,M 碩士,62,111
12,國立臺灣海洋大學,07141030,通訊與導航工程學系,D 日,M 碩士,57,111
12,國立臺灣海洋大學,07151036,機械與機電工程學系,D 日,M 碩士,71,111
12,國立臺灣海洋大學,07163033,系統工程暨造船學系,D 日,M 碩士,51,111
12,國立臺灣海洋大學,07163035,輪機工程學系,D 日,M 碩士,33,111
12,國立臺灣海洋大學,07163035,輪機工程學系,N 職,M 碩士,31,111
12,國立臺灣海洋大學,07211042,食品科學系,D 日,M 碩士,116,111
12,國立臺灣海洋大學,07211042,食品科學系,N 職,M 碩士,44,111
12,國立臺灣海洋大學,07211059,食品安全與風險管理研究所,D 日,M 碩士,26,111
12,國立臺灣海洋大學,07211060,食品安全管理碩士在職學位學程,N 職,M 碩士,39,111
12,國立臺灣海洋大學,08311045,環境生物與漁業科學學系,D 日,M 碩士,30,111
12,國立臺灣海洋大學,08311045,環境生物與漁業科學學系,N 職,M 碩士,27,111
12,國立臺灣海洋大學,08312046,水產養殖學系,D 日,M 碩士,97,111
12,國立臺灣海洋大學,10411050,運輸科學系,D 日,M 碩士,62,111
12,國立臺灣海洋大學,10411050,運輸科學系運輸與供應鏈管理碩士在職專班,N 職,M 碩士,33,111
12,國立臺灣海洋大學,10412048,航運管理學系,D 日,M 碩士,84,111
12,國立臺灣海洋大學,10412048,航運管理學系,N 職,M 碩士,127,111
12,國立臺灣海洋大學,10414052,商船學系,D 日,M 碩士,28,111
12,國立臺灣海洋大學,10414052,商船學系,N 職,M 碩士,32,111
13,國立中正大學,01111001,教育學研究所教育學碩士班,D 日,M 碩士,48,111
13,國立中正大學,01111001,教育學研究所教育學碩士在職專班,N 職,M 碩士,93,111
13,國立中正大學,01112005,成人及繼續教育學系,D 日,M 碩士,86,111
13,國立中正大學,01112005,成人及繼續教育學系,N 職,M 碩士,94,111
13,國立中正大學,01114007,教育領導與管理發展國際碩士學位學程,D 日,M 碩士,20,111
13,國立中正大學,01114081,教育專業與學校領導數位學習碩士在職專班,N 職,M 碩士,4,111
13,國立中正大學,01116008,教學專業發展數位學習碩士在職專班,N 職,M 碩士,84,111
13,國立中正大學,02221015,歷史學系,D 日,M 碩士,26,111
13,國立中正大學,02231016,哲學系,D 日,M 碩士,21,111
13,國立中正大學,02311012,外國語文學系,D 日,M 碩士,48,111
13,國立中正大學,02321010,台灣文學與創意應用研究所,D 日,M 碩士,22,111
13,國立中正大學,02321010,台灣文學與創意應用研究所台灣文化碩士在職專班,N 職,M 碩士,52,111
13,國立中正大學,02322011,中國文學系,D 日,M 碩士,39,111
13,國立中正大學,02399014,語言學研究所,D 日,M 碩士,45,111
13,國立中正大學,03111017,經濟學系國際經濟學碩士班,D 日,M 碩士,68,111
13,國立中正大學,03111017,經濟學系國際經濟學碩士在職專班,N 職,M 碩士,49,111
13,國立中正大學,03121018,政治學系,D 日,M 碩士,17,111
13,國立中正大學,03121018,政治學系政府與公共事務碩士在職專班,N 職,M 碩士,35,111
13,國立中正大學,03122024,戰略暨國際事務研究所,D 日,M 碩士,36,111
13,國立中正大學,03122024,戰略暨國際事務研究所戰略暨國家安全碩士在職專班,N 職,M 碩士,58,111
13,國立中正大學,03131019,心理學系,D 日,M 碩士,108,111
13,國立中正大學,03191025,勞工關係學系,D 日,M 碩士,43,111
13,國立中正大學,03191025,勞工關係學系,N 職,M 碩士,82,111
13,國立中正大學,03199026,犯罪防治學系,D 日,M 碩士,60,111
13,國立中正大學,03199026,犯罪防治學系,N 職,M 碩士,99,111
13,國立中正大學,03211028,傳播學系電訊傳播碩士班,D 日,M 碩士,61,111
13,國立中正大學,04111032,會計與資訊科技學系,D 日,M 碩士,74,111
13,國立中正大學,04111032,會計與資訊科技學系,N 職,M 碩士,110,111
13,國立中正大學,04121034,財務金融學系,D 日,M 碩士,89,111
13,國立中正大學,04121034,財務金融學系,N 職,M 碩士,69,111
13,國立中正大學,04121035,國際財務金融管理碩士學位學程,D 日,M 碩士,9,111
13,國立中正大學,04131033,企業管理學系,D 日,M 碩士,116,111
13,國立中正大學,04131033,企業管理學系,N 職,M 碩士,84,111
13,國立中正大學,04199038,高階主管管理碩士在職專班,N 職,M 碩士,64,111
13,國立中正大學,04199080,金融科技碩士學位學程,D 日,M 碩士,12,111
13,國立中正大學,04211039,法律學系,D 日,M 碩士,177,111
13,國立中正大學,04211039,法律學系,N 職,M 碩士,167,111
13,國立中正大學,04211077,法學院高階主管法律碩士在職專班,N 職,M 碩士,41,111
13,國立中正大學,04212040,財經法律學系,D 日,M 碩士,102,111
13,國立中正大學,04212040,財經法律學系,N 職,M 碩士,55,111
13,國立中正大學,05121075,生物醫學科學系,D 日,M 碩士,39,111
13,國立中正大學,05311045,化學暨生物化學系,D 日,M 碩士,123,111
13,國立中正大學,05321047,地球與環境科學系,D 日,M 碩士,45,111
13,國立中正大學,05321047,地球與環境科學系災害應變碩士在職專班,N 職,M 碩士,18,111
13,國立中正大學,05331067,物理學系,D 日,M 碩士,36,111
13,國立中正大學,05411049,數學系,D 日,M 碩士,66,111
13,國立中正大學,06131053,資訊管理學系,D 日,M 碩士,116,111
13,國立中正大學,06131053,資訊管理學系,N 職,M 碩士,69,111
13,國立中正大學,06131055,資訊工程學系,D 日,M 碩士,284,111
13,國立中正大學,06131055,資訊工程學系,N 職,M 碩士,72,111
13,國立中正大學,07111061,化學工程學系,D 日,M 碩士,104,111
13,國立中正大學,07141054,電機工程學系,D 日,M 碩士,272,111
13,國立中正大學,07141056,通訊工程學系,D 日,M 碩士,122,111
13,國立中正大學,07151058,機械工程學系,D 日,M 碩士,218,111
13,國立中正大學,07151071,前瞻製造系統碩士學位學程,D 日,M 碩士,8,111
13,國立中正大學,09231063,社會福利學系,D 日,M 碩士,59,111
13,國立中正大學,10141064,運動競技學系運動與休閒教育碩士班,D 日,M 碩士,39,111
14,國立高雄師範大學,01111001,教育學系,D 日,M 碩士,62,111
14,國立高雄師範大學,01111001,教育學系學校行政領導碩士班,N 職,M 碩士,137,111
14,國立高雄師範大學,01111059,運動與健康現役軍人營區碩士在職專班,N 職,M 碩士,3,111
14,國立高雄師範大學,01112009,成人教育研究所,D 日,M 碩士,60,111
14,國立高雄師範大學,01112009,成人教育研究所(文教事業經營),N 職,M 碩士,63,111
14,國立高雄師範大學,01113010,特殊教育學系特殊教育碩士班,D 日,M 碩士,86,111
14,國立高雄師範大學,01113010,特殊教育學系特殊教育教學碩士班,N 職,M 碩士,16,111
14,國立高雄師範大學,01114054,高階教育經營與行政管理馬來西亞境外碩士在職專班,N 職,M 碩士,28,111
14,國立高雄師範大學,01141003,工業科技教育學系,D 日,M 碩士,35,111
14,國立高雄師範大學,01141003,工業科技教育學系,N 職,M 碩士,127,111
14,國立高雄師範大學,01141005,體育學系,D 日,M 碩士,65,111
14,國立高雄師範大學,01141005,體育學系體育教學碩士班(夜間班),N 職,M 碩士,78,111
14,國立高雄師範大學,01141006,科學教育暨環境教育研究所,D 日,M 碩士,71,111
14,國立高雄師範大學,01141006,科學教育暨環境教育研究所科學教育教學碩士班,N 職,M 碩士,32,111
14,國立高雄師範大學,01199011,性別教育研究所,D 日,M 碩士,48,111
14,國立高雄師範大學,02112022,視覺設計學系,D 日,M 碩士,67,111
14,國立高雄師範大學,02112022,視覺設計學系視覺設計碩士在職專班(夜間班),N 職,M 碩士,59,111
14,國立高雄師範大學,02123024,工業設計學系,D 日,M 碩士,25,111
14,國立高雄師範大學,02131012,美術學系,D 日,M 碩士,80,111
14,國立高雄師範大學,02131012,美術學系,N 職,M 碩士,92,111
14,國立高雄師範大學,02151013,音樂學系,D 日,M 碩士,45,111
14,國立高雄師範大學,02151013,音樂學系,N 職,M 碩士,38,111
14,國立高雄師範大學,02191014,跨領域藝術研究所,D 日,M 碩士,61,111
14,國立高雄師範大學,02191047,表演藝術碩士學位學程,N 職,M 碩士,55,111
14,國立高雄師範大學,02199025,文化創意設計碩士學位學程在職專班,N 職,M 碩士,56,111
14,國立高雄師範大學,02299020,經學研究所,D 日,M 碩士,45,111
14,國立高雄師範大學,02299020,經學研究所經學碩士在職專班,N 職,M 碩士,10,111
14,國立高雄師範大學,02311021,英語學系,D 日,M 碩士,77,111
14,國立高雄師範大學,02311021,英語學系英語教學碩士班(暑期班),N 職,M 碩士,70,111
14,國立高雄師範大學,02313002,華語文教學研究所,D 日,M 碩士,76,111
14,國立高雄師範大學,02321015,臺灣歷史文化及語言研究所,D 日,M 碩士,74,111
14,國立高雄師範大學,02321015,臺灣歷史文化及語言研究所臺灣研究碩士學位在職進修專班,N 職,M 碩士,33,111
14,國立高雄師範大學,02322019,國文學系,D 日,M 碩士,67,111
14,國立高雄師範大學,02322019,國文學系書法碩士在職專班,N 職,M 碩士,163,111
14,國立高雄師範大學,03131026,諮商心理與復健諮商研究所,D 日,M 碩士,127,111
14,國立高雄師範大學,03142030,地理學系,D 日,M 碩士,20,111
14,國立高雄師範大學,03142030,地理學系地理教學碩士班(暑週班),N 職,M 碩士,17,111
14,國立高雄師範大學,03143031,客家文化研究所,D 日,M 碩士,40,111
14,國立高雄師範大學,03143052,東南亞學碩士在職學位學程,N 職,M 碩士,66,111
14,國立高雄師範大學,04131032,事業經營學系,D 日,M 碩士,25,111
14,國立高雄師範大學,04131032,事業經營學系,N 職,M 碩士,63,111
14,國立高雄師範大學,04131061,環境與創意產業碩士在職學位學程,N 職,M 碩士,30,111
14,國立高雄師範大學,04199033,人力與知識管理研究所,D 日,M 碩士,41,111
14,國立高雄師範大學,04199033,人力與知識管理研究所人力與知識管理碩士在職專班(夜間班),N 職,M 碩士,65,111
14,國立高雄師範大學,05121034,生物科技系,D 日,M 碩士,54,111
14,國立高雄師範大學,05311036,化學系,D 日,M 碩士,20,111
14,國立高雄師範大學,05311036,化學系,N 職,M 碩士,1,111
14,國立高雄師範大學,05331037,物理學系,D 日,M 碩士,14,111
14,國立高雄師範大學,05331037,物理學系,N 職,M 碩士,2,111
14,國立高雄師範大學,05411038,數學系,D 日,M 碩士,40,111
14,國立高雄師範大學,05411038,數學系數學教學碩士班,N 職,M 碩士,35,111
14,國立高雄師範大學,06132039,軟體工程與管理學系,D 日,M 碩士,41,111
14,國立高雄師範大學,06132039,軟體工程與管理學系資訊科技碩士在職專班,N 職,M 碩士,46,111
14,國立高雄師範大學,07141041,電子工程學系,D 日,M 碩士,30,111
14,國立高雄師範大學,07141044,工程國際碩士學位學程,D 日,M 碩士,2,111
14,國立高雄師範大學,07141060,電機工程學系,D 日,M 碩士,21,111
15,國立彰化師範大學,01111002,教育研究所,D 日,M 碩士,63,111
15,國立彰化師範大學,01111002,教育研究所教育學回流碩士在職專班,N 職,M 碩士,116,111
15,國立彰化師範大學,01113012,特殊教育學系,D 日,M 碩士,54,111
15,國立彰化師範大學,01113012,特殊教育學系特教教學碩士學位班,N 職,M 碩士,87,111
15,國立彰化師範大學,01118007,工業教育與技術學系,D 日,M 碩士,0,111
15,國立彰化師範大學,01118007,工業教育與技術學系,N 職,M 碩士,118,111
15,國立彰化師範大學,01131004,科學教育研究所,D 日,M 碩士,22,111
15,國立彰化師範大學,01131004,科學教育研究所數理創意教學及科普推廣碩士在職專班,N 職,M 碩士,23,111
15,國立彰化師範大學,01131006,公共事務與公民教育學系,D 日,M 碩士,38,111
15,國立彰化師範大學,01141011,運動學系應用運動科學碩士班,D 日,M 碩士,32,111
15,國立彰化師範大學,01141011,運動學系運動與健康休閒碩士在職專班,N 職,M 碩士,46,111
15,國立彰化師範大學,02131017,美術學系,D 日,M 碩士,63,111
15,國立彰化師範大學,02131017,美術學系藝術教育教學碩士學位班,N 職,M 碩士,0,111
15,國立彰化師範大學,02221023,歷史學研究所,D 日,M 碩士,22,111
15,國立彰化師範大學,02311020,英語學系,D 日,M 碩士,41,111
15,國立彰化師範大學,02311020,英語學系應用英語碩士在職專班,N 職,M 碩士,62,111
15,國立彰化師範大學,02311021,兒童英語研究所,D 日,M 碩士,40,111
15,國立彰化師範大學,02312022,翻譯研究所,D 日,M 碩士,53,111
15,國立彰化師範大學,02321018,台灣文學研究所,D 日,M 碩士,26,111
15,國立彰化師範大學,02321018,台灣文學研究所台灣文學教學碩士學位班,N 職,M 碩士,1,111
15,國立彰化師範大學,02322019,國文學系,D 日,M 碩士,33,111
15,國立彰化師範大學,02322019,國文學系國語文教學碩士在職專班,N 職,M 碩士,66,111
15,國立彰化師範大學,03131025,輔導與諮商學系,D 日,M 碩士,169,111
15,國立彰化師範大學,03131025,輔導與諮商學系輔導活動教學碩士學位班,N 職,M 碩士,158,111
15,國立彰化師範大學,03131055,復健諮商研究所,D 日,M 碩士,58,111
15,國立彰化師範大學,03142027,地理學系,D 日,M 碩士,29,111
15,國立彰化師範大學,03142027,地理學系地理教學碩士學位班,N 職,M 碩士,0,111
15,國立彰化師範大學,04111028,會計學系,D 日,M 碩士,94,111
15,國立彰化師範大學,04111028,會計學系企業高階管理碩士在職專班,N 職,M 碩士,121,111
15,國立彰化師範大學,04121031,財務金融技術學系,D 日,M 碩士,55,111
15,國立彰化師範大學,04131029,企業管理學系,D 日,M 碩士,90,111
15,國立彰化師範大學,04131029,企業管理學系國際企業經營管理碩士在職專班,N 職,M 碩士,120,111
15,國立彰化師範大學,04131031,財務金融技術學系行政管理碩士在職專班,N 職,M 碩士,110,111
15,國立彰化師範大學,04131033,人力資源管理研究所,D 日,M 碩士,70,111
15,國立彰化師範大學,04131033,人力資源管理研究所,N 職,M 碩士,86,111
15,國立彰化師範大學,04131046,光電科技研究所科技應用與管理碩士在職專班,N 職,M 碩士,45,111
15,國立彰化師範大學,04134006,公共事務與公民教育學系公共事務與公民教育碩士在職專班,N 職,M 碩士,50,111
15,國立彰化師範大學,05111034,生物學系,D 日,M 碩士,54,111
15,國立彰化師範大學,05311035,化學系,D 日,M 碩士,36,111
15,國立彰化師範大學,05331037,物理學系,D 日,M 碩士,25,111
15,國立彰化師範大學,05411038,數學系,D 日,M 碩士,17,111
15,國立彰化師範大學,05421039,統計資訊研究所,D 日,M 碩士,19,111
15,國立彰化師範大學,06131040,資訊管理學系,D 日,M 碩士,86,111
15,國立彰化師範大學,06131040,資訊管理學系創新與管理碩士在職專班,N 職,M 碩士,48,111
15,國立彰化師範大學,06131050,資訊工程學系,D 日,M 碩士,58,111
15,國立彰化師範大學,06131050,資訊工程學系資訊科技應用教學碩士學位班,N 職,M 碩士,0,111
15,國立彰化師範大學,07141042,電機工程學系,D 日,M 碩士,48,111
15,國立彰化師範大學,07141042,電機工程學系,N 職,M 碩士,40,111
15,國立彰化師範大學,07141043,電子工程學系,D 日,M 碩士,44,111
15,國立彰化師範大學,07141046,光電科技研究所,D 日,M 碩士,23,111
15,國立彰化師範大學,07141051,電信工程學研究所,D 日,M 碩士,0,111
15,國立彰化師範大學,07141054,機電工程學系,D 日,M 碩士,55,111
15,國立彰化師範大學,07141054,機電工程學系,N 職,M 碩士,67,111
15,國立彰化師範大學,07141062,工學院國際工程碩士學位學程,D 日,M 碩士,4,111
15,國立彰化師範大學,07161053,車輛科技研究所,D 日,M 碩士,29,111
15,國立彰化師範大學,07199007,工業教育與技術學系,D 日,M 碩士,107,111
15,國立彰化師範大學,10152058,運動健康研究所,D 日,M 碩士,29,111
17,國立臺北大學,02221005,歷史學系,D 日,M 碩士,32,111
17,國立臺北大學,02299008,民俗藝術與文化資產研究所,D 日,M 碩士,30,111
17,國立臺北大學,02322002,中國文學系,D 日,M 碩士,40,111
17,國立臺北大學,03111009,經濟學系,D 日,M 碩士,65,111
17,國立臺北大學,03141011,社會學系,D 日,M 碩士,38,111
17,國立臺北大學,03141011,社會學系,N 職,M 碩士,73,111
17,國立臺北大學,03199016,犯罪學研究所,D 日,M 碩士,46,111
17,國立臺北大學,03199016,犯罪學研究所,N 職,M 碩士,73,111
17,國立臺北大學,04111017,會計學系,D 日,M 碩士,35,111
17,國立臺北大學,04111017,會計學系,N 職,M 碩士,42,111
17,國立臺北大學,04121020,財務金融英語碩士學位學程,D 日,M 碩士,38,111
17,國立臺北大學,04121021,商學院國際財務金融碩士在職專班,N 職,M 碩士,97,111
17,國立臺北大學,04121022,金融與合作經營學系,D 日,M 碩士,35,111
17,國立臺北大學,04122023,財政學系,D 日,M 碩士,26,111
17,國立臺北大學,04131018,企業管理學系,D 日,M 碩士,221,111
17,國立臺北大學,04131018,企業管理學系,N 職,M 碩士,162,111
17,國立臺北大學,04131019,國際企業研究所,D 日,M 碩士,27,111
17,國立臺北大學,04134013,公共行政暨政策學系,D 日,M 碩士,122,111
17,國立臺北大學,04134013,公共行政暨政策學系,N 職,M 碩士,104,111
17,國立臺北大學,04134024,不動產與城鄉環境學系,D 日,M 碩士,51,111
17,國立臺北大學,04134040,城市治理英語碩士學位學程,D 日,M 碩士,13,111
17,國立臺北大學,04211028,法律學系,D 日,M 碩士,313,111
17,國立臺北大學,05211043,自然資源與環境管理研究所,D 日,M 碩士,19,111
17,國立臺北大學,05211043,自然資源與環境管理研究所,N 職,M 碩士,23,111
17,國立臺北大學,05421033,統計學系,D 日,M 碩士,44,111
17,國立臺北大學,05421033,統計學系,N 職,M 碩士,65,111
17,國立臺北大學,06131036,資訊工程學系,D 日,M 碩士,71,111
17,國立臺北大學,06134034,資訊管理研究所,D 日,M 碩士,42,111
17,國立臺北大學,07141035,電機工程學系,D 日,M 碩士,57,111
17,國立臺北大學,07141037,通訊工程學系,D 日,M 碩士,22,111
17,國立臺北大學,07141C02,多媒體與網路科技產業碩士專班,D 日,M 碩士,2,111
17,國立臺北大學,07313039,都市計劃研究所,D 日,M 碩士,50,111
17,國立臺北大學,09141044,智慧醫療管理英語碩士學位學程,D 日,M 碩士,8,111
17,國立臺北大學,09231041,社會工作學系,D 日,M 碩士,59,111
18,國立嘉義大學,01111001,教育學系,D 日,M 碩士,126,111
18,國立嘉義大學,01111001,教育學系,N 職,M 碩士,178,111
18,國立嘉義大學,01111006,師範學院教學專業國際碩士學位學程,D 日,M 碩士,7,111
18,國立嘉義大學,01113017,特殊教育學系,D 日,M 碩士,22,111
18,國立嘉義大學,01116021,數位學習設計與管理學系,D 日,M 碩士,17,111
18,國立嘉義大學,01121016,幼兒教育學系,D 日,M 碩士,44,111
18,國立嘉義大學,01121016,幼兒教育學系,N 職,M 碩士,60,111
18,國立嘉義大學,02131025,視覺藝術學系,D 日,M 碩士,61,111
18,國立嘉義大學,02131025,視覺藝術學系教學碩士學位班,N 職,M 碩士,2,111
18,國立嘉義大學,02151024,音樂學系,D 日,M 碩士,28,111
18,國立嘉義大學,02221033,應用歷史學系,D 日,M 碩士,16,111
18,國立嘉義大學,02221033,應用歷史學系,N 職,M 碩士,5,111
18,國立嘉義大學,02311031,外國語言學系,D 日,M 碩士,27,111
18,國立嘉義大學,02322029,中國文學系,D 日,M 碩士,23,111
18,國立嘉義大學,02322029,中國文學系,N 職,M 碩士,26,111
18,國立嘉義大學,03131035,輔導與諮商學系,D 日,M 碩士,95,111
18,國立嘉義大學,03131035,輔導與諮商學系,N 職,M 碩士,144,111
18,國立嘉義大學,04121041,財務金融學系,D 日,M 碩士,28,111
18,國立嘉義大學,04131038,企業管理學系,D 日,M 碩士,47,111
18,國立嘉義大學,04131045,生物事業管理學系,D 日,M 碩士,0,111
18,國立嘉義大學,04131046,管理學院碩士在職專班,N 職,M 碩士,212,111
18,國立嘉義大學,04131116,科技管理學系,D 日,M 碩士,19,111
18,國立嘉義大學,04143044,行銷與觀光管理學系行銷管理碩士班,D 日,M 碩士,64,111
18,國立嘉義大學,05111048,生命科學全英文碩士學位學程,D 日,M 碩士,0,111
18,國立嘉義大學,05111052,生物資源學系,D 日,M 碩士,27,111
18,國立嘉義大學,05121053,生化科技學系,D 日,M 碩士,20,111
18,國立嘉義大學,05121053,生化科技學系,N 職,M 碩士,20,111
18,國立嘉義大學,05199058,微生物免疫與生物藥學系,D 日,M 碩士,10,111
18,國立嘉義大學,05311059,應用化學系,D 日,M 碩士,24,111
18,國立嘉義大學,05331061,電子物理學系光電暨固態電子碩士班,D 日,M 碩士,16,111
18,國立嘉義大學,05411062,應用數學系,D 日,M 碩士,9,111
18,國立嘉義大學,06131063,資訊管理學系,D 日,M 碩士,33,111
18,國立嘉義大學,06131066,資訊工程學系,D 日,M 碩士,50,111
18,國立嘉義大學,07141064,電機工程學系,D 日,M 碩士,16,111
18,國立嘉義大學,07151067,生物機電工程學系,D 日,M 碩士,19,111
18,國立嘉義大學,07151067,生物機電工程學系,N 職,M 碩士,26,111
18,國立嘉義大學,07151069,機械與能源工程學系,D 日,M 碩士,13,111
18,國立嘉義大學,07211088,食品科學系,D 日,M 碩士,51,111
18,國立嘉義大學,07211088,食品科學系,N 職,M 碩士,62,111
18,國立嘉義大學,07312072,景觀學系,D 日,M 碩士,23,111
18,國立嘉義大學,07321070,土木與水資源工程學系,D 日,M 碩士,10,111
18,國立嘉義大學,07321070,土木與水資源工程學系,N 職,M 碩士,27,111
18,國立嘉義大學,08111073,農學院農學碩士在職專班,N 職,M 碩士,77,111
18,國立嘉義大學,08111074,農藝學系,D 日,M 碩士,28,111
18,國立嘉義大學,08111074,農藝學系,N 職,M 碩士,11,111
18,國立嘉義大學,08112079,動物科學系,D 日,M 碩士,28,111
18,國立嘉義大學,08121080,園藝學系,D 日,M 碩士,23,111
18,國立嘉義大學,08192092,生物農業科技學系,D 日,M 碩士,17,111
18,國立嘉義大學,08192094,農學院農業科技全英碩士學位學程,D 日,M 碩士,0,111
18,國立嘉義大學,08194084,植物醫學系,D 日,M 碩士,20,111
18,國立嘉義大學,08211096,森林暨自然資源學系,D 日,M 碩士,32,111
18,國立嘉義大學,08211096,森林暨自然資源學系,N 職,M 碩士,0,111
18,國立嘉義大學,08211106,木質材料與設計學系,D 日,M 碩士,17,111
18,國立嘉義大學,08312047,水生生物科學系,D 日,M 碩士,26,111
18,國立嘉義大學,08411108,獸醫學系,D 日,M 碩士,12,111
18,國立嘉義大學,10151110,管理學院外籍生全英文授課觀光暨管理碩士學位學程,D 日,M 碩士,12,111
18,國立嘉義大學,10152113,體育與健康休閒學系,D 日,M 碩士,50,111
18,國立嘉義大學,10152113,體育與健康休閒學系,N 職,M 碩士,60,111
19,國立高雄大學,02311002,西洋語文學系,D 日,M 碩士,8,111
19,國立高雄大學,02311003,東亞語文學系,D 日,M 碩士,11,111
19,國立高雄大學,03111006,應用經濟學系,D 日,M 碩士,15,111
19,國立高雄大學,04121011,金融管理學系,D 日,M 碩士,29,111
19,國立高雄大學,04131007,經營管理研究所,D 日,M 碩士,26,111
19,國立高雄大學,04131009,亞太工商管理學系,D 日,M 碩士,26,111
19,國立高雄大學,04131009,亞太工商管理學系,N 職,M 碩士,23,111
19,國立高雄大學,04131010,國際商業管理碩士學位學程,D 日,M 碩士,14,111
19,國立高雄大學,04199012,高階經營管理碩士在職專班,N 職,M 碩士,97,111
19,國立高雄大學,04199013,國際高階經營管理碩士在職專班,N 職,M 碩士,104,111
19,國立高雄大學,04199014,高階法律暨管理碩士在職專班,N 職,M 碩士,29,111
19,國立高雄大學,04211015,法律學系,D 日,M 碩士,56,111
19,國立高雄大學,04211015,法律學系,N 職,M 碩士,96,111
19,國立高雄大學,04212016,財經法律學系,D 日,M 碩士,31,111
19,國立高雄大學,04212017,政治法律學系,D 日,M 碩士,33,111
19,國立高雄大學,04212017,政治法律學系,N 職,M 碩士,37,111
19,國立高雄大學,05111019,生命科學系,D 日,M 碩士,21,111
19,國立高雄大學,05311022,應用化學系,D 日,M 碩士,38,111
19,國立高雄大學,05331023,應用物理學系,D 日,M 碩士,8,111
19,國立高雄大學,05411024,應用數學系,D 日,M 碩士,11,111
19,國立高雄大學,05421025,統計學研究所,D 日,M 碩士,27,111
19,國立高雄大學,06131026,資訊管理學系,D 日,M 碩士,30,111
19,國立高雄大學,06131028,資訊工程學系,D 日,M 碩士,47,111
19,國立高雄大學,06131028,資訊工程學系,N 職,M 碩士,34,111
19,國立高雄大學,07111030,化學工程及材料工程學系,D 日,M 碩士,54,111
19,國立高雄大學,07141027,電機工程學系,D 日,M 碩士,82,111
19,國立高雄大學,07141027,電機工程學系,N 職,M 碩士,33,111
19,國立高雄大學,07141038,半導體製造智能化技術產業碩士專班,D 日,M 碩士,48,111
19,國立高雄大學,07141C05,電子構裝整合技術產業碩士專班,D 日,M 碩士,0,111
19,國立高雄大學,07311005,創意設計與建築學系,D 日,M 碩士,1,111
19,國立高雄大學,07311005,創意設計與建築學系,N 職,M 碩士,7,111
19,國立高雄大學,07311035,建築學系,D 日,M 碩士,37,111
19,國立高雄大學,07311035,建築學系,N 職,M 碩士,49,111
19,國立高雄大學,07321029,土木與環境工程學系,D 日,M 碩士,23,111
19,國立高雄大學,10152033,運動健康與休閒學系,D 日,M 碩士,25,111
19,國立高雄大學,10152033,運動健康與休閒學系,N 職,M 碩士,30,111
20,國立東華大學,01111001,教育與潛能開發學系教育碩士班,D 日,M 碩士,97,111
20,國立東華大學,01111001,教育與潛能開發學系教育碩士在職專班,N 職,M 碩士,83,111
20,國立東華大學,01113013,特殊教育學系身心障礙與輔助科技碩士班,D 日,M 碩士,25,111
20,國立東華大學,01114015,教育行政與管理學系,D 日,M 碩士,27,111
20,國立東華大學,01114015,教育行政與管理學系,N 職,M 碩士,97,111
20,國立東華大學,01121012,幼兒教育學系,D 日,M 碩士,17,111
20,國立東華大學,01121012,幼兒教育學系,N 職,M 碩士,35,111
20,國立東華大學,01141010,體育與運動科學系,D 日,M 碩士,23,111
20,國立東華大學,01141010,體育與運動科學系,N 職,M 碩士,37,111
20,國立東華大學,02121019,藝術與設計學系,D 日,M 碩士,45,111
20,國立東華大學,02151018,音樂學系,D 日,M 碩士,33,111
20,國立東華大學,02191022,藝術創意產業學系,D 日,M 碩士,36,111
20,國立東華大學,02191022,藝術創意產業學系,N 職,M 碩士,30,111
20,國立東華大學,02221033,歷史學系,D 日,M 碩士,15,111
20,國立東華大學,02222042,族群關係與文化學系,D 日,M 碩士,25,111
20,國立東華大學,02222042,族群關係與文化學系,N 職,M 碩士,18,111
20,國立東華大學,02311029,英美語文學系,D 日,M 碩士,40,111
20,國立東華大學,02322025,中國語文學系,D 日,M 碩士,25,111
20,國立東華大學,02322025,中國語文學系,N 職,M 碩士,2,111
20,國立東華大學,02323104,華文文學系,D 日,M 碩士,58,111
20,國立東華大學,02323112,人文社會科學學院華語文教學暨書法國際碩士班,D 日,M 碩士,1,111
20,國立東華大學,03111034,經濟學系,D 日,M 碩士,16,111
20,國立東華大學,03131046,諮商與臨床心理學系,D 日,M 碩士,146,111
20,國立東華大學,03141036,社會學系,D 日,M 碩士,22,111
20,國立東華大學,03143051,臺灣文化學系,D 日,M 碩士,31,111
20,國立東華大學,03143051,臺灣文化學系,N 職,M 碩士,3,111
20,國立東華大學,03199040,民族事務與發展學系,D 日,M 碩士,32,111
20,國立東華大學,04111056,會計學系,D 日,M 碩士,28,111
20,國立東華大學,04111057,會計與財務碩士學位學程,D 日,M 碩士,0,111
20,國立東華大學,04121061,財務金融學系,D 日,M 碩士,40,111
20,國立東華大學,04131059,企業管理學系,D 日,M 碩士,60,111
20,國立東華大學,04131059,企業管理學系,N 職,M 碩士,50,111
20,國立東華大學,04131060,國際企業學系,D 日,M 碩士,39,111
20,國立東華大學,04131060,國際企業學系,N 職,M 碩士,39,111
20,國立東華大學,04131065,管理學院高階經營管理碩士在職專班,N 職,M 碩士,56,111
20,國立東華大學,04132063,運籌管理研究所,D 日,M 碩士,30,111
20,國立東華大學,04134054,公共行政學系,D 日,M 碩士,18,111
20,國立東華大學,04134054,公共行政學系,N 職,M 碩士,28,111
20,國立東華大學,04212067,法律學系,D 日,M 碩士,47,111
20,國立東華大學,05121069,生命科學系生物技術碩士班,D 日,M 碩士,14,111
20,國立東華大學,05211094,自然資源與環境學系,D 日,M 碩士,72,111
20,國立東華大學,05211100,人文與環境碩士學位學程,D 日,M 碩士,6,111
20,國立東華大學,05311071,化學系,D 日,M 碩士,28,111
20,國立東華大學,05323078,海洋生物研究所,D 日,M 碩士,26,111
20,國立東華大學,05331072,物理學系應用物理碩士班,D 日,M 碩士,14,111
20,國立東華大學,05411074,應用數學系,D 日,M 碩士,29,111
20,國立東華大學,06131086,資訊工程學系,D 日,M 碩士,117,111
20,國立東華大學,06131086,資訊工程學系,N 職,M 碩士,5,111
20,國立東華大學,06134081,資訊管理學系,D 日,M 碩士,27,111
20,國立東華大學,07112090,材料科學與工程學系,D 日,M 碩士,32,111
20,國立東華大學,07141083,電機工程學系,D 日,M 碩士,39,111
20,國立東華大學,07141085,光電工程學系,D 日,M 碩士,34,111
20,國立東華大學,09231040,民族事務與發展學系民族社會工作碩士在職專班,N 職,M 碩士,55,111
20,國立東華大學,10151091,觀光暨休閒遊憩學系,D 日,M 碩士,29,111
21,國立暨南國際大學,01111001,國際文教與比較教育學系,D 日,M 碩士,23,111
21,國立暨南國際大學,01111004,諮商心理與人力資源發展學系輔導與諮商碩士班,D 日,M 碩士,152,111
21,國立暨南國際大學,01112009,終身學習與人力資源發展碩士學位學程,N 職,M 碩士,62,111
21,國立暨南國際大學,01114010,教育政策與行政學系,D 日,M 碩士,48,111
21,國立暨南國際大學,01115012,課程教學與科技研究所,D 日,M 碩士,25,111
21,國立暨南國際大學,01131007,華語文教學碩士學位學程,D 日,M 碩士,17,111
21,國立暨南國際大學,02221015,歷史學系,D 日,M 碩士,15,111
21,國立暨南國際大學,02311014,外國語文學系,D 日,M 碩士,12,111
21,國立暨南國際大學,02322013,中國語文學系,D 日,M 碩士,26,111
21,國立暨南國際大學,03111016,經濟學系,D 日,M 碩士,15,111
21,國立暨南國際大學,03131044,教育學院心理健康與諮詢碩士學位學程在職專班,N 職,M 碩士,49,111
21,國立暨南國際大學,03131054,心理健康與輔導諮詢碩士在職進修新加坡境外專班,N 職,M 碩士,11,111
21,國立暨南國際大學,03143019,東南亞學系,D 日,M 碩士,26,111
21,國立暨南國際大學,03143019,東南亞學系,N 職,M 碩士,37,111
21,國立暨南國際大學,03191055,地方創生與跨域治理碩士學位學程,D 日,M 碩士,9,111
21,國立暨南國際大學,04121025,財務金融學系,D 日,M 碩士,37,111
21,國立暨南國際大學,04131022,國際企業學系,D 日,M 碩士,50,111
21,國立暨南國際大學,04131023,管理學院兩岸高階主管經營管理境外碩士在職學位學程,N 職,M 碩士,39,111
21,國立暨南國際大學,04131026,新興產業策略與發展碩士學位學程,D 日,M 碩士,21,111
21,國立暨南國際大學,04131046,區域發展重點產業碩士專班,D 日,M 碩士,21,111
21,國立暨南國際大學,04131047,管理學院高階經營管理碩士學位學程,N 職,M 碩士,91,111
21,國立暨南國際大學,04134020,公共行政與政策學系,D 日,M 碩士,22,111
21,國立暨南國際大學,04134020,公共行政與政策學系,N 職,M 碩士,38,111
21,國立暨南國際大學,04134021,非營利組織經營管理碩士學位學程在職專班,N 職,M 碩士,102,111
21,國立暨南國際大學,04143052,文化創意與社會行銷碩士學位學程,D 日,M 碩士,18,111
21,國立暨南國際大學,05311027,應用化學系,D 日,M 碩士,24,111
21,國立暨南國際大學,06131030,資訊管理學系,D 日,M 碩士,46,111
21,國立暨南國際大學,06131034,資訊工程學系,D 日,M 碩士,70,111
21,國立暨南國際大學,06131053,人工智慧與機器人碩士學位學程,D 日,M 碩士,11,111
21,國立暨南國際大學,07112037,應用材料及光電工程學系,D 日,M 碩士,13,111
21,國立暨南國際大學,07141031,電機工程學系,D 日,M 碩士,36,111
21,國立暨南國際大學,07141033,光電科技碩士學位學程,N 職,M 碩士,3,111
21,國立暨南國際大學,07321035,土木工程學系,D 日,M 碩士,18,111
21,國立暨南國際大學,09211051,長期照顧經營管理碩士在職學位學程,N 職,M 碩士,62,111
21,國立暨南國際大學,09231038,社會政策與社會工作學系,D 日,M 碩士,80,111
21,國立暨南國際大學,10151039,觀光休閒與餐旅管理學系,D 日,M 碩士,32,111
22,國立臺灣科技大學,01116002,數位學習與教育研究所,D 日,M 碩士,72,111
22,國立臺灣科技大學,01116002,數位學習與教育研究所,N 職,M 碩士,43,111
22,國立臺灣科技大學,02122004,設計系碩士班,D 日,M 碩士,126,111
22,國立臺灣科技大學,02122004,設計系碩士在職專班,N 職,M 碩士,36,111
22,國立臺灣科技大學,02311003,應用外語系碩士班,D 日,M 碩士,49,111
22,國立臺灣科技大學,02311003,應用外語系碩士在職專班,N 職,M 碩士,31,111
22,國立臺灣科技大學,04121010,財務金融研究所,D 日,M 碩士,54,111
22,國立臺灣科技大學,04121010,財務金融研究所,N 職,M 碩士,55,111
22,國立臺灣科技大學,04131008,企業管理系碩士班,D 日,M 碩士,132,111
22,國立臺灣科技大學,04131008,企業管理系碩士在職專班,N 職,M 碩士,64,111
22,國立臺灣科技大學,04191009,管理研究所,N 職,M 碩士,135,111
22,國立臺灣科技大學,04199011,科技管理研究所,D 日,M 碩士,56,111
22,國立臺灣科技大學,04199013,管理學院MBA,D 日,M 碩士,110,111
22,國立臺灣科技大學,04212014,專利研究所,D 日,M 碩士,40,111
22,國立臺灣科技大學,04212014,專利研究所,N 職,M 碩士,42,111
22,國立臺灣科技大學,05399015,應用科技研究所,D 日,M 碩士,79,111
22,國立臺灣科技大學,06131016,資訊管理系碩士班,D 日,M 碩士,160,111
22,國立臺灣科技大學,06131016,資訊管理系碩士在職專班,N 職,M 碩士,77,111
22,國立臺灣科技大學,06131020,資訊工程系碩士班,D 日,M 碩士,367,111
22,國立臺灣科技大學,06132043,人工智慧跨域科技研究所,D 日,M 碩士,29,111
22,國立臺灣科技大學,07111026,化學工程系碩士班,D 日,M 碩士,277,111
22,國立臺灣科技大學,07112028,材料科學與工程系碩士班,D 日,M 碩士,224,111
22,國立臺灣科技大學,07132044,能源永續科技研究所,D 日,M 碩士,31,111
22,國立臺灣科技大學,07141017,電機工程系碩士班,D 日,M 碩士,498,111
22,國立臺灣科技大學,07141017,電機工程系,N 職,M 碩士,0,111
22,國立臺灣科技大學,07141018,電子工程系碩士班,D 日,M 碩士,496,111
22,國立臺灣科技大學,07141018,電子工程系,N 職,M 碩士,1,111
22,國立臺灣科技大學,07141019,光電工程研究所,D 日,M 碩士,38,111
22,國立臺灣科技大學,07141022,色彩與照明科技研究所,D 日,M 碩士,45,111
22,國立臺灣科技大學,07151023,機械工程系碩士班,D 日,M 碩士,450,111
22,國立臺灣科技大學,07151023,機械工程系碩士在職專班,N 職,M 碩士,46,111
22,國立臺灣科技大學,07151024,自動化及控制研究所,D 日,M 碩士,70,111
22,國立臺灣科技大學,07151024,自動化及控制研究所,N 職,M 碩士,47,111
22,國立臺灣科技大學,07191012,工業管理系碩士班,D 日,M 碩士,163,111
22,國立臺灣科技大學,07191012,工業管理系碩士在職專班,N 職,M 碩士,69,111
22,國立臺灣科技大學,07191042,智慧製造科技研究所,D 日,M 碩士,29,111
22,國立臺灣科技大學,07199035,高階科技研發碩士在職學位學程,N 職,M 碩士,76,111
22,國立臺灣科技大學,07311038,建築系碩士班,D 日,M 碩士,120,111
22,國立臺灣科技大學,07311038,建築系碩士在職專班,N 職,M 碩士,51,111
22,國立臺灣科技大學,07321025,營建工程系碩士班,D 日,M 碩士,287,111
22,國立臺灣科技大學,07321025,營建工程系碩士在職專班,N 職,M 碩士,63,111
22,國立臺灣科技大學,09171034,醫學工程研究所,D 日,M 碩士,53,111
23,國立雲林科技大學,01118001,技術及職業教育研究所,D 日,M 碩士,18,111
23,國立雲林科技大學,01118001,技術及職業教育研究所,N 職,M 碩士,16,111
23,國立雲林科技大學,02111013,數位媒體設計系碩士班,D 日,M 碩士,78,111
23,國立雲林科技大學,02111013,數位媒體設計系地方創生智能設計碩士在職專班,N 職,M 碩士,24,111
23,國立雲林科技大學,02112011,視覺傳達設計系碩士班,D 日,M 碩士,69,111
23,國立雲林科技大學,02122007,設計學研究所,D 日,M 碩士,35,111
23,國立雲林科技大學,02122009,創意生活設計系碩士班,D 日,M 碩士,57,111
23,國立雲林科技大學,02123014,工業設計系碩士班,D 日,M 碩士,64,111
23,國立雲林科技大學,02192002,文化資產維護系碩士班,D 日,M 碩士,61,111
23,國立雲林科技大學,02311004,應用外語系碩士班,D 日,M 碩士,50,111
23,國立雲林科技大學,02311004,應用外語系碩士在職專班,N 職,M 碩士,35,111
23,國立雲林科技大學,02322003,漢學應用研究所,D 日,M 碩士,32,111
23,國立雲林科技大學,02322003,漢學應用研究所,N 職,M 碩士,28,111
23,國立雲林科技大學,04111018,會計系碩士班,D 日,M 碩士,43,111
23,國立雲林科技大學,04111018,會計系碩士在職專班,N 職,M 碩士,30,111
23,國立雲林科技大學,04121024,財務金融系碩士班,D 日,M 碩士,76,111
23,國立雲林科技大學,04121024,財務金融系碩士在職專班,N 職,M 碩士,57,111
23,國立雲林科技大學,04131019,企業管理系碩士班,D 日,M 碩士,112,111
23,國立雲林科技大學,04131019,企業管理系碩士在職專班,N 職,M 碩士,98,111
23,國立雲林科技大學,04131058,高階管理碩士在職學位學程,N 職,M 碩士,54,111
23,國立雲林科技大學,04199023,創業管理碩士學位學程,D 日,M 碩士,17,111
23,國立雲林科技大學,04212031,科技法律研究所,D 日,M 碩士,40,111
23,國立雲林科技大學,04212031,科技法律研究所,N 職,M 碩士,65,111
23,國立雲林科技大學,06111066,智慧數據科學研究所,D 日,M 碩士,17,111
23,國立雲林科技大學,06131032,資訊管理系碩士班,D 日,M 碩士,101,111
23,國立雲林科技大學,06131032,資訊管理系碩士在職專班,N 職,M 碩士,48,111
23,國立雲林科技大學,06131060,資訊科技服務管理數位學習碩士在職專班,N 職,M 碩士,50,111
23,國立雲林科技大學,06131065,國際人工智慧管理研究所,D 日,M 碩士,16,111
23,國立雲林科技大學,07111045,化學工程與材料工程系碩士班,D 日,M 碩士,112,111
23,國立雲林科技大學,07112047,材料科技研究所,D 日,M 碩士,45,111
23,國立雲林科技大學,07121049,環境與安全衛生工程系碩士班,D 日,M 碩士,67,111
23,國立雲林科技大學,07121049,環境與安全衛生工程系環安科技與管理碩士在職專班,N 職,M 碩士,52,111
23,國立雲林科技大學,07141033,電機工程系碩士班,D 日,M 碩士,178,111
23,國立雲林科技大學,07141033,電機工程系碩士在職專班,N 職,M 碩士,56,111
23,國立雲林科技大學,07141034,電子工程系碩士班,D 日,M 碩士,193,111
23,國立雲林科技大學,07141037,資訊工程系碩士班,D 日,M 碩士,137,111
23,國立雲林科技大學,07151041,機械工程系碩士班,D 日,M 碩士,125,111
23,國立雲林科技大學,07191048,工業工程與管理系碩士班,D 日,M 碩士,128,111
23,國立雲林科技大學,07191048,工業工程與管理系碩士在職專班,N 職,M 碩士,103,111
23,國立雲林科技大學,07311016,建築與室內設計系碩士班,D 日,M 碩士,60,111
23,國立雲林科技大學,07321043,營建工程系碩士班,D 日,M 碩士,57,111
23,國立雲林科技大學,07321043,營建工程系碩士在職專班,N 職,M 碩士,55,111
23,國立雲林科技大學,10152053,休閒運動研究所,D 日,M 碩士,30,111
23,國立雲林科技大學,10152053,休閒運動研究所,N 職,M 碩士,44,111
24,國立屏東科技大學,01118001,技術及職業教育研究所,D 日,M 碩士,33,111
24,國立屏東科技大學,01118001,技術及職業教育研究所,N 職,M 碩士,17,111
24,國立屏東科技大學,02125003,時尚設計與管理系碩士班,D 日,M 碩士,26,111
24,國立屏東科技大學,02311002,應用外語系碩士班,D 日,M 碩士,11,111
24,國立屏東科技大學,03143004,客家文化產業研究所,D 日,M 碩士,23,111
24,國立屏東科技大學,04121007,財務金融研究所,N 職,M 碩士,1,111
24,國立屏東科技大學,04131005,企業管理系碩士班,D 日,M 碩士,21,111
24,國立屏東科技大學,04131005,企業管理系_境外專班,N 職,M 碩士,23,111
24,國立屏東科技大學,04199008,科技管理研究所,D 日,M 碩士,1,111
24,國立屏東科技大學,04199008,科技管理研究所,N 職,M 碩士,1,111
24,國立屏東科技大學,04199009,工業管理系碩士班,D 日,M 碩士,45,111
24,國立屏東科技大學,04199009,工業管理系碩士在職專班,N 職,M 碩士,18,111
24,國立屏東科技大學,04199011,高階經營管理碩士在職專班,N 職,M 碩士,47,111
24,國立屏東科技大學,05121015,生物科技系碩士班,D 日,M 碩士,43,111
24,國立屏東科技大學,05121049,動物疫苗科技研究所,D 日,M 碩士,30,111
24,國立屏東科技大學,05121050,動物用疫苗國際學位專班,D 日,M 碩士,5,111
24,國立屏東科技大學,05221014,野生動物保育研究所,D 日,M 碩士,55,111
24,國立屏東科技大學,05292040,水土保持系碩士班,D 日,M 碩士,36,111
24,國立屏東科技大學,06131017,資訊管理系碩士班,D 日,M 碩士,45,111
24,國立屏東科技大學,06131017,資訊管理系碩士在職專班,N 職,M 碩士,15,111
24,國立屏東科技大學,07112024,材料工程系碩士班,D 日,M 碩士,32,111
24,國立屏東科技大學,07121025,環境工程與科學系碩士班,D 日,M 碩士,47,111
24,國立屏東科技大學,07121025,環境工程與科學系_境外專班,N 職,M 碩士,30,111
24,國立屏東科技大學,07151018,機械工程系碩士班,D 日,M 碩士,38,111
24,國立屏東科技大學,07151020,生物機電工程系碩士班,D 日,M 碩士,29,111
24,國立屏東科技大學,07161019,車輛工程系碩士班,D 日,M 碩士,72,111
24,國立屏東科技大學,07211037,食品科學系碩士班,D 日,M 碩士,84,111
24,國立屏東科技大學,07211037,食品科學系碩士在職專班,N 職,M 碩士,13,111
24,國立屏東科技大學,07211039,食品生技碩士學位學程在職專班,N 職,M 碩士,8,111
24,國立屏東科技大學,07211066,食品安全管理研究所,D 日,M 碩士,18,111
24,國立屏東科技大學,07312027,景觀暨遊憩管理研究所,D 日,M 碩士,34,111
24,國立屏東科技大學,07321021,土木工程系碩士班,D 日,M 碩士,25,111
24,國立屏東科技大學,07321021,土木工程系,N 職,M 碩士,4,111
24,國立屏東科技大學,07321022,土壤與水工程國際碩士學位學程,D 日,M 碩士,2,111
24,國立屏東科技大學,08111029,農園生產系碩士班,D 日,M 碩士,36,111
24,國立屏東科技大學,08111029,農園生產系碩士在職專班,N 職,M 碩士,31,111
24,國立屏東科技大學,08112032,動物科學與畜產系碩士班,D 日,M 碩士,33,111
24,國立屏東科技大學,08193036,農企業管理系碩士班,D 日,M 碩士,24,111
24,國立屏東科技大學,08193036,農企業管理系碩士在職專班,N 職,M 碩士,45,111
24,國立屏東科技大學,08194035,植物醫學系碩士班,D 日,M 碩士,22,111
24,國立屏東科技大學,08199030,熱帶農業暨國際合作系碩士班,D 日,M 碩士,58,111
24,國立屏東科技大學,08211041,森林系碩士班,D 日,M 碩士,34,111
24,國立屏東科技大學,08211043,木材科學與設計系碩士班,D 日,M 碩士,28,111
24,國立屏東科技大學,08312046,水產養殖系碩士班,D 日,M 碩士,23,111
24,國立屏東科技大學,08312068,觀賞魚科技及水生動物健康國際學位專班,D 日,M 碩士,4,111
24,國立屏東科技大學,08411048,獸醫學系碩士班,D 日,M 碩士,27,111
24,國立屏東科技大學,09221052,幼兒保育系碩士班,D 日,M 碩士,22,111
24,國立屏東科技大學,09231051,社會工作系碩士班,D 日,M 碩士,48,111
24,國立屏東科技大學,10131054,餐旅管理系碩士班,D 日,M 碩士,18,111
24,國立屏東科技大學,10152057,休閒運動健康系碩士班,D 日,M 碩士,18,111
24,國立屏東科技大學,10152057,休閒運動健康系碩士在職專班,N 職,M 碩士,28,111
25,國立臺北科技大學,01118001,技術及職業教育研究所,D 日,M 碩士,40,111
25,國立臺北科技大學,01118001,技術及職業教育研究所,N 職,M 碩士,75,111
25,國立臺北科技大學,02112007,互動設計系碩士班,D 日,M 碩士,83,111
25,國立臺北科技大學,02112007,互動設計系碩士在職專班,N 職,M 碩士,34,111
25,國立臺北科技大學,02123009,工業設計系創新設計碩士班,D 日,M 碩士,87,111
25,國立臺北科技大學,02123009,工業設計系創新設計碩士在職專班,N 職,M 碩士,76,111
25,國立臺北科技大學,02299018,文化事業發展系碩士班,D 日,M 碩士,26,111
25,國立臺北科技大學,02311002,應用英文系碩士班,D 日,M 碩士,52,111
25,國立臺北科技大學,02311002,應用英文系碩士在職專班,N 職,M 碩士,46,111
25,國立臺北科技大學,04131011,經營管理系碩士班,D 日,M 碩士,123,111
25,國立臺北科技大學,04131011,經營管理系碩士在職專班,N 職,M 碩士,97,111
25,國立臺北科技大學,04131015,管理學院_外國學生專班IMBA專班,D 日,M 碩士,38,111
25,國立臺北科技大學,04131072,高階管理碩士雙聯學位學程,N 職,M 碩士,40,111
25,國立臺北科技大學,04199021,管理學院_外國學生專班IMBA專班,D 日,M 碩士,33,111
25,國立臺北科技大學,04199021,管理學院_EMBA碩士在職專班,N 職,M 碩士,39,111
25,國立臺北科技大學,04212024,智慧財產權研究所,D 日,M 碩士,43,111
25,國立臺北科技大學,04212024,智慧財產權研究所,N 職,M 碩士,32,111
25,國立臺北科技大學,06131016,資訊與財金管理系碩士班,D 日,M 碩士,90,111
25,國立臺北科技大學,06131016,管理學院資訊與財金管理EMBA專班,N 職,M 碩士,122,111
25,國立臺北科技大學,06131034,資訊工程系碩士班,D 日,M 碩士,174,111
25,國立臺北科技大學,06131075,人工智慧與大數據高階管理雙聯碩士學位學程,N 職,M 碩士,79,111
25,國立臺北科技大學,06199077,人工智慧科技碩士學位學程,D 日,M 碩士,27,111
25,國立臺北科技大學,07111048,化學工程與生物科技系化學工程碩士班,D 日,M 碩士,227,111
25,國立臺北科技大學,07111048,化學工程與生物科技系化學工程碩士在職專班,N 職,M 碩士,38,111
25,國立臺北科技大學,07111053,分子科學與工程系有機高分子碩士班,D 日,M 碩士,136,111
25,國立臺北科技大學,07111053,分子科學與工程系有機高分子碩士在職專班,N 職,M 碩士,31,111
25,國立臺北科技大學,07112057,材料科學與工程研究所,D 日,M 碩士,106,111
25,國立臺北科技大學,07112057,材料科學與工程研究所,N 職,M 碩士,21,111
25,國立臺北科技大學,07112059,資源工程研究所,D 日,M 碩士,64,111
25,國立臺北科技大學,07112059,資源工程研究所,N 職,M 碩士,7,111
25,國立臺北科技大學,07121063,環境工程與管理研究所,D 日,M 碩士,86,111
25,國立臺北科技大學,07121063,環境工程與管理研究所,N 職,M 碩士,48,111
25,國立臺北科技大學,07132068,能源與冷凍空調工程系碩士班,D 日,M 碩士,111,111
25,國立臺北科技大學,07132068,能源與冷凍空調工程系碩士在職專班,N 職,M 碩士,70,111
25,國立臺北科技大學,07141025,電機工程系碩士班,D 日,M 碩士,363,111
25,國立臺北科技大學,07141025,電機工程系碩士在職專班,N 職,M 碩士,135,111
25,國立臺北科技大學,07141028,電子工程系碩士班,D 日,M 碩士,279,111
25,國立臺北科技大學,07141028,電子工程系碩士在職專班,N 職,M 碩士,121,111
25,國立臺北科技大學,07141032,光電工程系碩士班,D 日,M 碩士,175,111
25,國立臺北科技大學,07141036,電資學院,D 日,M 碩士,29,111
25,國立臺北科技大學,07141044,自動化科技研究所,D 日,M 碩士,101,111
25,國立臺北科技大學,07141044,自動化科技研究所,N 職,M 碩士,57,111
25,國立臺北科技大學,07151037,機械工程系機電整合碩士班,D 日,M 碩士,216,111
25,國立臺北科技大學,07151037,機械工程系機電整合碩士在職專班,N 職,M 碩士,67,111
25,國立臺北科技大學,07151038,機電學院_機械與自動化外國學生專班,D 日,M 碩士,13,111
25,國立臺北科技大學,07151043,製造科技研究所,D 日,M 碩士,143,111
25,國立臺北科技大學,07151043,製造科技研究所,N 職,M 碩士,54,111
25,國立臺北科技大學,07161042,車輛工程系碩士班,D 日,M 碩士,96,111
25,國立臺北科技大學,07161042,車輛工程系碩士在職專班,N 職,M 碩士,42,111
25,國立臺北科技大學,07191022,工業工程與管理系碩士班,D 日,M 碩士,140,111
25,國立臺北科技大學,07191022,管理學院_工業工程與管理EMBA東莞境外專班,N 職,M 碩士,1,111
25,國立臺北科技大學,07191074,管理學院工業與科技管理EMBA專班,N 職,M 碩士,81,111
25,國立臺北科技大學,07311071,建築系建築與都市設計碩士班,D 日,M 碩士,75,111
25,國立臺北科技大學,07311071,建築系建築與都市設計碩士在職專班,N 職,M 碩士,92,111
25,國立臺北科技大學,07321045,土木工程系土木與防災碩士班,D 日,M 碩士,200,111
25,國立臺北科技大學,07321045,土木工程系土木與防災碩士在職專班,N 職,M 碩士,69,111
25,國立臺北科技大學,07321076,高階土木營建工程管理雙聯碩士學位學程,N 職,M 碩士,12,111
28,國立臺北藝術大學,02111018,電影創作學系,D 日,M 碩士,72,111
28,國立臺北藝術大學,02131003,美術學系,D 日,M 碩士,151,111
28,國立臺北藝術大學,02131003,美術學系,N 職,M 碩士,43,111
28,國立臺北藝術大學,02131020,藝術跨域研究所,D 日,M 碩士,43,111
28,國立臺北藝術大學,02151005,音樂學系,D 日,M 碩士,71,111
28,國立臺北藝術大學,02151005,音樂學系,N 職,M 碩士,79,111
28,國立臺北藝術大學,02151006,傳統音樂學系,D 日,M 碩士,32,111
28,國立臺北藝術大學,02151007,管絃與擊樂研究所,D 日,M 碩士,50,111
28,國立臺北藝術大學,02152008,戲劇學系,D 日,M 碩士,13,111
28,國立臺北藝術大學,02152010,劇場藝術創作研究所,D 日,M 碩士,76,111
28,國立臺北藝術大學,02152011,劇場設計學系,D 日,M 碩士,30,111
28,國立臺北藝術大學,02152013,舞蹈學系,D 日,M 碩士,73,111
28,國立臺北藝術大學,02191001,藝術與人文教育研究所,D 日,M 碩士,53,111
28,國立臺北藝術大學,02191001,藝術與人文教育研究所,N 職,M 碩士,55,111
28,國立臺北藝術大學,02191023,新媒體藝術學系,D 日,M 碩士,80,111
28,國立臺北藝術大學,02191028,博物館研究所,D 日,M 碩士,60,111
28,國立臺北藝術大學,02192025,藝術行政與管理研究所,D 日,M 碩士,88,111
28,國立臺北藝術大學,02192026,文創產業國際藝術碩士學位學程,D 日,M 碩士,27,111
28,國立臺北藝術大學,02199031,文學跨域創作研究所,D 日,M 碩士,23,111
28,國立臺北藝術大學,07311030,建築與文化資產研究所,D 日,M 碩士,69,111
29,國立臺灣藝術大學,02111015,電影學系,D 日,M 碩士,59,111
29,國立臺灣藝術大學,02111015,電影學系,N 職,M 碩士,44,111
29,國立臺灣藝術大學,02111032,影音創作與數位媒體產業研究所,D 日,M 碩士,38,111
29,國立臺灣藝術大學,02112023,多媒體動畫藝術學系動畫藝術碩士班,D 日,M 碩士,67,111
29,國立臺灣藝術大學,02112028,視覺傳達設計學系,D 日,M 碩士,39,111
29,國立臺灣藝術大學,02112028,視覺傳達設計學系,N 職,M 碩士,34,111
29,國立臺灣藝術大學,02131003,美術學系,D 日,M 碩士,82,111
29,國立臺灣藝術大學,02131003,美術學系,N 職,M 碩士,46,111
29,國立臺灣藝術大學,02131005,書畫藝術學系,D 日,M 碩士,58,111
29,國立臺灣藝術大學,02131005,書畫藝術學系,N 職,M 碩士,38,111
29,國立臺灣藝術大學,02131016,美術學院造形藝術碩士班,D 日,M 碩士,3,111
29,國立臺灣藝術大學,02131016,美術學院造形藝術碩士在職專班,N 職,M 碩士,12,111
29,國立臺灣藝術大學,02132006,雕塑學系,D 日,M 碩士,27,111
29,國立臺灣藝術大學,02141007,工藝設計學系,D 日,M 碩士,37,111
29,國立臺灣藝術大學,02141007,工藝設計學系,N 職,M 碩士,27,111
29,國立臺灣藝術大學,02151010,音樂學系,D 日,M 碩士,42,111
29,國立臺灣藝術大學,02151010,音樂學系,N 職,M 碩士,36,111
29,國立臺灣藝術大學,02151011,中國音樂學系,D 日,M 碩士,41,111
29,國立臺灣藝術大學,02151011,中國音樂學系,N 職,M 碩士,27,111
29,國立臺灣藝術大學,02152012,戲劇學系,D 日,M 碩士,40,111
29,國立臺灣藝術大學,02152012,戲劇學系,N 職,M 碩士,27,111
29,國立臺灣藝術大學,02152014,舞蹈學系,D 日,M 碩士,28,111
29,國立臺灣藝術大學,02152014,舞蹈學系,N 職,M 碩士,11,111
29,國立臺灣藝術大學,02152019,教師在職進修表演藝術教學碩士學位班,N 職,M 碩士,1,111
29,國立臺灣藝術大學,02152034,表演藝術學院表演藝術跨領域碩士班,D 日,M 碩士,11,111
29,國立臺灣藝術大學,02152034,表演藝術學院表演藝術跨領域碩士在職專班,N 職,M 碩士,14,111
29,國立臺灣藝術大學,02152035,跨域表演藝術研究所,D 日,M 碩士,20,111
29,國立臺灣藝術大學,02152035,跨域表演藝術研究所,N 職,M 碩士,16,111
29,國立臺灣藝術大學,02191001,藝術與人文教學研究所,D 日,M 碩士,39,111
29,國立臺灣藝術大學,02191017,古蹟藝術修護學系,D 日,M 碩士,20,111
29,國立臺灣藝術大學,02191033,跨領域藝術澳門境外碩士在職學位學程,N 職,M 碩士,0,111
29,國立臺灣藝術大學,02192026,藝術管理與文化政策研究所,D 日,M 碩士,43,111
29,國立臺灣藝術大學,02199030,圖文傳播藝術學系,D 日,M 碩士,32,111
29,國立臺灣藝術大學,02199030,圖文傳播藝術學系,N 職,M 碩士,17,111
29,國立臺灣藝術大學,03213029,廣播電視學系,D 日,M 碩士,47,111
29,國立臺灣藝術大學,03213029,廣播電視學系廣播電視組,N 職,M 碩士,36,111
30,國立臺東大學,01111001,教育學系教育研究碩士班,D 日,M 碩士,51,111
30,國立臺東大學,01111001,教育學系諮商心理碩士在職專班,N 職,M 碩士,138,111
30,國立臺東大學,01113008,特殊教育學系,D 日,M 碩士,23,111
30,國立臺東大學,01113008,特殊教育學系,N 職,M 碩士,66,111
30,國立臺東大學,01121007,幼兒教育學系,D 日,M 碩士,18,111
30,國立臺東大學,01121007,幼兒教育學系碩士在職專班(暑期班),N 職,M 碩士,89,111
30,國立臺東大學,01131004,國語文補救教學碩士在職專班,N 職,M 碩士,40,111
30,國立臺東大學,01141006,體育學系,D 日,M 碩士,37,111
30,國立臺東大學,01141006,體育學系,N 職,M 碩士,0,111
30,國立臺東大學,02112005,數位媒體與文教產業學系,D 日,M 碩士,10,111
30,國立臺東大學,02131009,美術產業學系,D 日,M 碩士,7,111
30,國立臺東大學,02131009,美術產業學系,N 職,M 碩士,11,111
30,國立臺東大學,02151011,音樂學系,D 日,M 碩士,21,111
30,國立臺東大學,02311015,英美語文學系,D 日,M 碩士,12,111
30,國立臺東大學,02323013,華語文學系,D 日,M 碩士,22,111
30,國立臺東大學,02399016,兒童文學研究所,D 日,M 碩士,46,111
30,國立臺東大學,02399016,兒童文學研究所,N 職,M 碩士,69,111
30,國立臺東大學,03199017,公共與文化事務學系南島文化研究碩士班,D 日,M 碩士,34,111
30,國立臺東大學,03199017,公共與文化事務學系,N 職,M 碩士,62,111
30,國立臺東大學,04131038,綠色產業高階管理碩士在職專班,N 職,M 碩士,7,111
30,國立臺東大學,05111020,生命科學系,D 日,M 碩士,19,111
30,國立臺東大學,05399021,應用科學系,D 日,M 碩士,15,111
30,國立臺東大學,06131028,資訊管理學系,D 日,M 碩士,23,111
30,國立臺東大學,06131028,資訊管理學系環境經濟資訊管理碩士在職專班(暑期班),N 職,M 碩士,32,111
30,國立臺東大學,06131029,資訊工程學系,D 日,M 碩士,14,111
30,國立臺東大學,09121041,生物醫學碩士學位學程,D 日,M 碩士,11,111
30,國立臺東大學,10151031,文化資源與休閒產業學系,D 日,M 碩士,26,111
30,國立臺東大學,10151031,文化資源與休閒產業學系,N 職,M 碩士,54,111
30,國立臺東大學,10151032,師範學院休閒事業管理碩士在職專班,N 職,M 碩士,58,111
30,國立臺東大學,10152035,身心整合與運動休閒產業學系健康促進與休閒管理碩士在職專班,N 職,M 碩士,1,111
31,國立宜蘭大學,03111007,應用經濟與管理學系經營管理碩士班,D 日,M 碩士,54,111
31,國立宜蘭大學,04191001,外國語文學系國際商務溝通碩士班,D 日,M 碩士,18,111
31,國立宜蘭大學,04199006,人文及管理學院高階經營管理碩士在職專班,N 職,M 碩士,50,111
31,國立宜蘭大學,06121010,多媒體網路通訊數位學習碩士在職專班,N 職,M 碩士,85,111
31,國立宜蘭大學,06131042,人工智慧碩士學位學程,D 日,M 碩士,8,111
31,國立宜蘭大學,07111023,化學工程與材料工程學系,D 日,M 碩士,42,111
31,國立宜蘭大學,07121024,環境工程學系,D 日,M 碩士,22,111
31,國立宜蘭大學,07141011,電機工程學系,D 日,M 碩士,38,111
31,國立宜蘭大學,07141012,電子工程學系,D 日,M 碩士,28,111
31,國立宜蘭大學,07141013,資訊工程學系,D 日,M 碩士,35,111
31,國立宜蘭大學,07141014,電機資訊學院碩士在職專班,N 職,M 碩士,28,111
31,國立宜蘭大學,07151017,機械與機電工程學系,D 日,M 碩士,27,111
31,國立宜蘭大學,07151019,生物機電工程學系,D 日,M 碩士,12,111
31,國立宜蘭大學,07194025,綠色科技學程碩士在職專班,N 職,M 碩士,25,111
31,國立宜蘭大學,07211033,食品科學系,D 日,M 碩士,41,111
31,國立宜蘭大學,07311027,建築與永續規劃研究所,D 日,M 碩士,58,111
31,國立宜蘭大學,07321021,土木工程學系,D 日,M 碩士,38,111
31,國立宜蘭大學,08111041,無人機應用暨智慧農業碩士學位學程,D 日,M 碩士,13,111
31,國立宜蘭大學,08112030,生物技術與動物科學系,D 日,M 碩士,25,111
31,國立宜蘭大學,08121031,園藝學系,D 日,M 碩士,26,111
31,國立宜蘭大學,08199037,生物資源學院碩士在職專班,N 職,M 碩士,26,111
31,國立宜蘭大學,08211036,森林暨自然資源學系,D 日,M 碩士,21,111
31,國立宜蘭大學,10152038,休閒產業與健康促進學系運動與健康管理碩士班,D 日,M 碩士,15,111
32,國立聯合大學,02123006,工業設計學系,D 日,M 碩士,9,111
32,國立聯合大學,02321001,臺灣語文與傳播學系,D 日,M 碩士,14,111
32,國立聯合大學,02321004,客家語言與傳播研究所,D 日,M 碩士,37,111
32,國立聯合大學,04131011,經營管理學系,D 日,M 碩士,18,111
32,國立聯合大學,04131012,管理碩士在職學位學程,N 職,M 碩士,43,111
32,國立聯合大學,06131016,資訊管理學系,D 日,M 碩士,20,111
32,國立聯合大學,06131020,資訊工程學系,D 日,M 碩士,16,111
32,國立聯合大學,06131045,物聯網產業碩士專班,D 日,M 碩士,0,111
32,國立聯合大學,07111028,化學工程學系,D 日,M 碩士,34,111
32,國立聯合大學,07111043,工程科技轉譯醫學國際碩士學位學程,D 日,M 碩士,1,111
32,國立聯合大學,07112029,材料科學工程學系,D 日,M 碩士,26,111
32,國立聯合大學,07121034,環境與安全衛生工程學系,D 日,M 碩士,19,111
32,國立聯合大學,07132035,能源工程學系,D 日,M 碩士,21,111
32,國立聯合大學,07141017,電機工程學系,D 日,M 碩士,63,111
32,國立聯合大學,07141018,電子工程學系,D 日,M 碩士,36,111
32,國立聯合大學,07141019,光電工程學系,D 日,M 碩士,33,111
32,國立聯合大學,07151025,機械工程學系,D 日,M 碩士,38,111
32,國立聯合大學,07311040,建築學系,D 日,M 碩士,11,111
32,國立聯合大學,07321027,土木與防災工程學系,D 日,M 碩士,17,111
33,國立虎尾科技大學,02112002,多媒體設計系數位內容創意產業碩士班,D 日,M 碩士,39,111
33,國立虎尾科技大學,04121005,財務金融系碩士班,D 日,M 碩士,26,111
33,國立虎尾科技大學,04131003,企業管理系經營管理碩士班,D 日,M 碩士,27,111
33,國立虎尾科技大學,04131003,企業管理系經營管理碩士在職專班,N 職,M 碩士,27,111
33,國立虎尾科技大學,05121007,生物科技系碩士班,D 日,M 碩士,38,111
33,國立虎尾科技大學,05121007,生物科技系碩士在職專班,N 職,M 碩士,24,111
33,國立虎尾科技大學,06131008,資訊管理系碩士班,D 日,M 碩士,51,111
33,國立虎尾科技大學,06131008,資訊管理系碩士在職專班,N 職,M 碩士,10,111
33,國立虎尾科技大學,06131013,資訊工程系碩士班,D 日,M 碩士,68,111
33,國立虎尾科技大學,07112025,材料科學與工程系材料科學與綠色能源工程碩士班,D 日,M 碩士,53,111
33,國立虎尾科技大學,07112025,材料科學與工程系材料科學與綠色能源工程碩士在職專班,N 職,M 碩士,12,111
33,國立虎尾科技大學,07141009,電機工程系碩士班,D 日,M 碩士,113,111
33,國立虎尾科技大學,07141009,電機工程系碩士在職專班,N 職,M 碩士,18,111
33,國立虎尾科技大學,07141010,電子工程系碩士班,D 日,M 碩士,72,111
33,國立虎尾科技大學,07141011,光電工程系光電與材料科技碩士班,D 日,M 碩士,90,111
33,國立虎尾科技大學,07141011,光電工程系光電與材料科技碩士在職專班,N 職,M 碩士,10,111
33,國立虎尾科技大學,07151014,自動化工程系碩士班,D 日,M 碩士,52,111
33,國立虎尾科技大學,07151016,動力機械工程系機械與機電工程碩士班,D 日,M 碩士,58,111
33,國立虎尾科技大學,07151016,動力機械工程系機械與機電工程碩士在職專班,N 職,M 碩士,20,111
33,國立虎尾科技大學,07151019,機械設計工程系碩士班,D 日,M 碩士,56,111
33,國立虎尾科技大學,07151020,機械與電腦輔助工程系碩士班,D 日,M 碩士,101,111
33,國立虎尾科技大學,07151020,機械與電腦輔助工程系碩士在職專班,N 職,M 碩士,32,111
33,國立虎尾科技大學,07161017,車輛工程系碩士班,D 日,M 碩士,28,111
33,國立虎尾科技大學,07162018,飛機工程系航空與電子科技碩士班,D 日,M 碩士,69,111
33,國立虎尾科技大學,07191006,工業管理系工業工程與管理碩士班,D 日,M 碩士,56,111
33,國立虎尾科技大學,07191006,工業管理系工業工程與管理碩士在職專班,N 職,M 碩士,15,111
33,國立虎尾科技大學,07312030,休閒遊憩系碩士班,D 日,M 碩士,17,111
33,國立虎尾科技大學,07312030,休閒遊憩系碩士在職專班,N 職,M 碩士,23,111
35,國立臺南藝術大學,02111009,音像紀錄研究所,D 日,M 碩士,54,111
35,國立臺南藝術大學,02111013,動畫藝術與影像美學研究所,D 日,M 碩士,88,111
35,國立臺南藝術大學,02131012,造形藝術研究所,D 日,M 碩士,63,111
35,國立臺南藝術大學,02141017,應用藝術研究所,D 日,M 碩士,58,111
35,國立臺南藝術大學,02151001,音樂學系,D 日,M 碩士,24,111
35,國立臺南藝術大學,02151002,中國音樂學系,D 日,M 碩士,19,111
35,國立臺南藝術大學,02151004,民族音樂學研究所,D 日,M 碩士,28,111
35,國立臺南藝術大學,02151004,民族音樂學研究所,N 職,M 碩士,32,111
35,國立臺南藝術大學,02151006,鋼琴合作藝術研究所,D 日,M 碩士,38,111
35,國立臺南藝術大學,02151025,聲響科技研究所,D 日,M 碩士,4,111
35,國立臺南藝術大學,02191014,藝術史學系藝術史評與古物研究碩士班,D 日,M 碩士,42,111
35,國立臺南藝術大學,02192022,博物館學與古物維護研究所,D 日,M 碩士,129,111
35,國立臺南藝術大學,02192024,高階藝術管理碩士在職學位學程,N 職,M 碩士,26,111
35,國立臺南藝術大學,02199023,建築藝術研究所,D 日,M 碩士,32,111
36,國立臺南大學,01111001,教育學系教學科技碩士班,D 日,M 碩士,130,111
36,國立臺南大學,01111001,教育學系,N 職,M 碩士,87,111
36,國立臺南大學,01113019,特殊教育學系,D 日,M 碩士,59,111
36,國立臺南大學,01113019,特殊教育學系,N 職,M 碩士,1,111
36,國立臺南大學,01121018,幼兒教育學系,D 日,M 碩士,36,111
36,國立臺南大學,01121018,幼兒教育學系,N 職,M 碩士,48,111
36,國立臺南大學,01141012,環境教育碩士在職學位學程,N 職,M 碩士,6,111
36,國立臺南大學,01141017,體育學系,D 日,M 碩士,40,111
36,國立臺南大學,01141017,體育學系,N 職,M 碩士,39,111
36,國立臺南大學,02111030,視覺藝術與設計學系,D 日,M 碩士,80,111
36,國立臺南大學,02111030,視覺藝術與設計學系,N 職,M 碩士,45,111
36,國立臺南大學,02151027,音樂學系,D 日,M 碩士,62,111
36,國立臺南大學,02151027,音樂學系,N 職,M 碩士,28,111
36,國立臺南大學,02152029,戲劇創作與應用學系,D 日,M 碩士,53,111
36,國立臺南大學,02322031,國語文學系國語文教學與應用碩士班,D 日,M 碩士,28,111
36,國立臺南大學,02322031,國語文學系國語文教學碩士班,N 職,M 碩士,41,111
36,國立臺南大學,03131036,諮商與輔導學系,D 日,M 碩士,106,111
36,國立臺南大學,03131036,諮商與輔導學系,N 職,M 碩士,59,111
36,國立臺南大學,03143037,文化與自然資源學系臺灣文化碩士班,D 日,M 碩士,61,111
36,國立臺南大學,03143037,文化與自然資源學系臺灣文化碩士在職專班,N 職,M 碩士,33,111
36,國立臺南大學,04134040,行政管理學系,D 日,M 碩士,27,111
36,國立臺南大學,04134040,行政管理學系,N 職,M 碩士,35,111
36,國立臺南大學,04199041,經營與管理學系科技管理碩士班,D 日,M 碩士,34,111
36,國立臺南大學,04199041,經營與管理學系,N 職,M 碩士,83,111
36,國立臺南大學,05121044,生物科技學系,D 日,M 碩士,20,111
36,國立臺南大學,05212063,生態暨環境資源學系,D 日,M 碩士,45,111
36,國立臺南大學,05411047,應用數學系,D 日,M 碩士,23,111
36,國立臺南大學,05411047,應用數學系,N 職,M 碩士,25,111
36,國立臺南大學,06131052,資訊工程學系,D 日,M 碩士,38,111
36,國立臺南大學,06132064,數位多媒體行銷產業碩士專班,N 職,M 碩士,0,111
36,國立臺南大學,06134024,數位學習科技學系,D 日,M 碩士,41,111
36,國立臺南大學,06134024,數位學習科技學系,N 職,M 碩士,58,111
36,國立臺南大學,07112055,材料科學系,D 日,M 碩士,13,111
36,國立臺南大學,07132058,綠色能源科技學系,D 日,M 碩士,35,111
36,國立臺南大學,07132058,綠色能源科技學系,N 職,M 碩士,32,111
36,國立臺南大學,07141049,電機工程學系,D 日,M 碩士,63,111
36,國立臺南大學,07151054,機電系統工程研究所,D 日,M 碩士,8,111
36,國立臺南大學,07151065,智慧製造碩士在職學位學程,N 職,M 碩士,12,111
37,國立臺北教育大學,01111001,教育學系生命教育碩士班,D 日,M 碩士,112,111
37,國立臺北教育大學,01111001,教育學系生命教育碩士在職專班,N 職,M 碩士,128,111
37,國立臺北教育大學,01113003,特殊教育學系,D 日,M 碩士,93,111
37,國立臺北教育大學,01113003,特殊教育學系,N 職,M 碩士,69,111
37,國立臺北教育大學,01114044,教育經營與管理學系文教法律碩士班,D 日,M 碩士,122,111
37,國立臺北教育大學,01114044,教育經營與管理學系學校行政碩士學位班,N 職,M 碩士,94,111
37,國立臺北教育大學,01115020,課程與教學傳播科技研究所課程與教學碩士班,D 日,M 碩士,117,111
37,國立臺北教育大學,01115020,課程與教學傳播科技研究所課程與教學碩士在職專班,N 職,M 碩士,69,111
37,國立臺北教育大學,01115047,學習與教學國際碩士學位學程,D 日,M 碩士,23,111
37,國立臺北教育大學,01121035,幼兒與家庭教育學系,D 日,M 碩士,78,111
37,國立臺北教育大學,01121035,幼兒與家庭教育學系,N 職,M 碩士,99,111
37,國立臺北教育大學,01131038,數學暨資訊教育學系數學教育碩士班,D 日,M 碩士,35,111
37,國立臺北教育大學,01131038,數學暨資訊教育學系數學教育碩士在職專班,N 職,M 碩士,51,111
37,國立臺北教育大學,01141002,體育學系,D 日,M 碩士,44,111
37,國立臺北教育大學,01141002,體育學系,N 職,M 碩士,51,111
37,國立臺北教育大學,01141040,自然科學教育學系教學碩士學位班,N 職,M 碩士,39,111
37,國立臺北教育大學,02121014,藝術與造形設計學系,D 日,M 碩士,83,111
37,國立臺北教育大學,02121014,藝術與造形設計學系,N 職,M 碩士,48,111
37,國立臺北教育大學,02121027,當代藝術評論與策展研究全英語碩士學位學程,D 日,M 碩士,43,111
37,國立臺北教育大學,02121028,文化創意產業經營學系,D 日,M 碩士,39,111
37,國立臺北教育大學,02121028,文化創意產業經營學系碩士學位EMBA在職進修專班,N 職,M 碩士,62,111
37,國立臺北教育大學,02122011,數位科技設計學系玩具與遊戲設計碩士班,D 日,M 碩士,68,111
37,國立臺北教育大學,02122011,數位科技設計學系玩具與遊戲設計碩士在職專班,N 職,M 碩士,57,111
37,國立臺北教育大學,02151031,音樂學系,D 日,M 碩士,72,111
37,國立臺北教育大學,02151031,音樂學系音樂碩士在職專班,N 職,M 碩士,4,111
37,國立臺北教育大學,02299025,臺灣文化研究所,D 日,M 碩士,90,111
37,國立臺北教育大學,02299025,臺灣文化研究所,N 職,M 碩士,60,111
37,國立臺北教育大學,02311023,兒童英語教育學系英語教育碩士班,D 日,M 碩士,52,111
37,國立臺北教育大學,02311023,兒童英語教育學系英語教育碩士在職專班,N 職,M 碩士,56,111
37,國立臺北教育大學,02322018,語文與創作學系,D 日,M 碩士,90,111
37,國立臺北教育大學,02399018,語文與創作學系,N 職,M 碩士,16,111
37,國立臺北教育大學,03131007,心理與諮商學系,D 日,M 碩士,106,111
37,國立臺北教育大學,03191005,社會與區域發展學系,D 日,M 碩士,50,111
37,國立臺北教育大學,03191005,社會與區域發展學系社會學習領域碩士在職專班,N 職,M 碩士,91,111
37,國立臺北教育大學,03221049,博物館管理與科技應用碩士在職學位學程,N 職,M 碩士,5,111
37,國立臺北教育大學,04131048,東南亞區域管理碩士學位學程,D 日,M 碩士,24,111
37,國立臺北教育大學,05399040,自然科學教育學系,D 日,M 碩士,44,111
37,國立臺北教育大學,06131004,資訊科學系,D 日,M 碩士,42,111
37,國立臺北教育大學,06131004,資訊科學系,N 職,M 碩士,52,111
39,國立臺中教育大學,01111001,教育學系,D 日,M 碩士,55,111
39,國立臺中教育大學,01111001,教育學系課程與教學碩士在職專班,N 職,M 碩士,124,111
39,國立臺中教育大學,01111005,教師專業碩士學位學程,D 日,M 碩士,120,111
39,國立臺中教育大學,01113022,特殊教育學系,D 日,M 碩士,43,111
39,國立臺中教育大學,01113022,特殊教育學系,N 職,M 碩士,58,111
39,國立臺中教育大學,01114025,高等教育經營管理碩士學位學程,D 日,M 碩士,29,111
39,國立臺中教育大學,01117028,教育資訊與測驗統計研究所,D 日,M 碩士,40,111
39,國立臺中教育大學,01117028,教育資訊與測驗統計研究所,N 職,M 碩士,37,111
39,國立臺中教育大學,01121021,幼兒教育學系,D 日,M 碩士,73,111
39,國立臺中教育大學,01121021,幼兒教育學系,N 職,M 碩士,104,111
39,國立臺中教育大學,01131006,語文教育學系,D 日,M 碩士,71,111
39,國立臺中教育大學,01131006,語文教育學系,N 職,M 碩士,26,111
39,國立臺中教育大學,01131008,科學教育與應用學系,D 日,M 碩士,45,111
39,國立臺中教育大學,01131008,科學教育與應用學系,N 職,M 碩士,69,111
39,國立臺中教育大學,01131011,數學教育學系,D 日,M 碩士,25,111
39,國立臺中教育大學,01131011,數學教育學系,N 職,M 碩士,30,111
39,國立臺中教育大學,01131019,體育學系,D 日,M 碩士,34,111
39,國立臺中教育大學,01131019,體育學系,N 職,M 碩士,58,111
39,國立臺中教育大學,01131032,英語學系,D 日,M 碩士,20,111
39,國立臺中教育大學,02131029,美術學系,D 日,M 碩士,47,111
39,國立臺中教育大學,02131029,美術學系,N 職,M 碩士,80,111
39,國立臺中教育大學,02151030,音樂學系,D 日,M 碩士,42,111
39,國立臺中教育大學,02321031,臺灣語文學系,D 日,M 碩士,18,111
39,國立臺中教育大學,03131035,諮商與應用心理學系,D 日,M 碩士,73,111
39,國立臺中教育大學,03131035,諮商與應用心理學系,N 職,M 碩士,63,111
39,國立臺中教育大學,03191037,區域與社會發展學系,D 日,M 碩士,29,111
39,國立臺中教育大學,03191037,區域與社會發展學系,N 職,M 碩士,54,111
39,國立臺中教育大學,04131034,文化創意產業設計與營運學系事業經營管理碩士班,D 日,M 碩士,34,111
39,國立臺中教育大學,04131040,管理學院國際經營管理碩士學位學程,D 日,M 碩士,16,111
39,國立臺中教育大學,04131040,管理學院國際經營管理碩士在職專班,N 職,M 碩士,40,111
39,國立臺中教育大學,06131042,資訊工程學系,D 日,M 碩士,45,111
39,國立臺中教育大學,06133041,數位內容科技學系,D 日,M 碩士,19,111
39,國立臺中教育大學,06133041,數位內容科技學系,N 職,M 碩士,36,111
39,國立臺中教育大學,10151045,永續觀光暨遊憩管理碩士學位學程,D 日,M 碩士,24,111
42,國立澎湖科技大學,04132002,行銷與物流管理系服務業經營管理碩士班,D 日,M 碩士,12,111
42,國立澎湖科技大學,04132002,行銷與物流管理系服務業經營管理碩士在職專班,N 職,M 碩士,21,111
42,國立澎湖科技大學,07141005,電機工程系電資碩士班,D 日,M 碩士,22,111
42,國立澎湖科技大學,07211011,食品科學系碩士班,D 日,M 碩士,18,111
42,國立澎湖科技大學,08312012,水產養殖系水產資源與養殖碩士班,D 日,M 碩士,11,111
42,國立澎湖科技大學,10151016,觀光休閒系碩士班,D 日,M 碩士,17,111
42,國立澎湖科技大學,10151016,觀光休閒系碩士在職專班,N 職,M 碩士,20,111
43,國立勤益科技大學,02299005,文化創意事業系碩士班,D 日,M 碩士,16,111
43,國立勤益科技大學,04131002,企業管理系碩士班,D 日,M 碩士,44,111
43,國立勤益科技大學,04131002,企業管理系碩士在職專班,N 職,M 碩士,31,111
43,國立勤益科技大學,04132003,流通管理系碩士班,D 日,M 碩士,22,111
43,國立勤益科技大學,04132003,流通管理系碩士在職專班,N 職,M 碩士,24,111
43,國立勤益科技大學,06131010,資訊管理系碩士班,D 日,M 碩士,74,111
43,國立勤益科技大學,06131010,資訊管理系研發科技與資訊管理碩士在職專班,N 職,M 碩士,23,111
43,國立勤益科技大學,06131013,資訊工程系碩士班,D 日,M 碩士,95,111
43,國立勤益科技大學,06131013,資訊工程系碩士在職專班,N 職,M 碩士,20,111
43,國立勤益科技大學,07111020,化工與材料工程系碩士班,D 日,M 碩士,42,111
43,國立勤益科技大學,07111020,化工與材料工程系碩士在職專班,N 職,M 碩士,12,111
43,國立勤益科技大學,07132026,冷凍空調與能源系碩士班,D 日,M 碩士,64,111
43,國立勤益科技大學,07132026,冷凍空調與能源系碩士在職專班,N 職,M 碩士,32,111
43,國立勤益科技大學,07141011,電機工程系碩士班,D 日,M 碩士,57,111
43,國立勤益科技大學,07141011,電機工程系碩士在職專班,N 職,M 碩士,37,111
43,國立勤益科技大學,07141012,電子工程系碩士班,D 日,M 碩士,75,111
43,國立勤益科技大學,07141012,電子工程系碩士在職專班,N 職,M 碩士,21,111
43,國立勤益科技大學,07151016,機械工程系碩士班,D 日,M 碩士,92,111
43,國立勤益科技大學,07151016,機械工程系碩士在職專班,N 職,M 碩士,42,111
43,國立勤益科技大學,07191022,工業工程與管理系碩士班,D 日,M 碩士,55,111
43,國立勤益科技大學,07191022,工業工程與管理系碩士在職專班,N 職,M 碩士,54,111
43,國立勤益科技大學,07199036,智慧製造與資訊應用碩士學位學程,D 日,M 碩士,10,111
43,國立勤益科技大學,07312029,景觀系碩士班,D 日,M 碩士,12,111
43,國立勤益科技大學,10152032,休閒產業管理系碩士班,D 日,M 碩士,20,111
44,國立體育大學,01113017,適應體育學系,D 日,M 碩士,40,111
44,國立體育大學,01141001,體育研究所,D 日,M 碩士,29,111
44,國立體育大學,01141001,體育研究所,N 職,M 碩士,49,111
44,國立體育大學,01141016,體育推廣學系,D 日,M 碩士,33,111
44,國立體育大學,01141016,體育推廣學系,N 職,M 碩士,39,111
44,國立體育大學,04199002,管理學院碩士在職專班,N 職,M 碩士,44,111
44,國立體育大學,10141008,競技與教練科學研究所,D 日,M 碩士,87,111
44,國立體育大學,10141008,競技與教練科學研究所,N 職,M 碩士,44,111
44,國立體育大學,10142010,運動科學研究所,D 日,M 碩士,34,111
44,國立體育大學,10142013,運動與健康科學學院碩士在職專班,N 職,M 碩士,45,111
44,國立體育大學,10152014,運動保健學系,D 日,M 碩士,45,111
44,國立體育大學,10152015,休閒產業經營學系,D 日,M 碩士,58,111
44,國立體育大學,10152020,國際體育事務研究所,D 日,M 碩士,26,111
46,國立臺北護理健康大學,01121020,嬰幼兒保育系國際蒙特梭利碩士學位專班,D 日,M 碩士,6,111
46,國立臺北護理健康大學,01141019,醫護教育暨數位學習系碩士班,D 日,M 碩士,46,111
46,國立臺北護理健康大學,03131002,生死與健康心理諮商系碩士班,D 日,M 碩士,69,111
46,國立臺北護理健康大學,04133004,健康事業管理系碩士班,D 日,M 碩士,35,111
46,國立臺北護理健康大學,04133004,健康事業管理系碩士在職專班,N 職,M 碩士,47,111
46,國立臺北護理健康大學,06131006,資訊管理系碩士班,D 日,M 碩士,36,111
46,國立臺北護理健康大學,06199022,健康科技學院碩士班,D 日,M 碩士,9,111
46,國立臺北護理健康大學,09131009,護理系碩士班,D 日,M 碩士,147,111
46,國立臺北護理健康大學,09131009,護理系碩士在職專班,N 職,M 碩士,102,111
46,國立臺北護理健康大學,09131012,護理助產研究所_外國學生專班,D 日,M 碩士,0,111
46,國立臺北護理健康大學,09131021,護理助產及婦女健康系,D 日,M 碩士,30,111
46,國立臺北護理健康大學,09153007,語言治療與聽力學系碩士班,D 日,M 碩士,43,111
46,國立臺北護理健康大學,09153007,語言治療與聽力學系碩士在職專班,N 職,M 碩士,1,111
46,國立臺北護理健康大學,09199Y67,人類發展與健康學院_國際運動科學外國學生專班,D 日,M 碩士,4,111
46,國立臺北護理健康大學,09211013,長期照護系碩士班,D 日,M 碩士,42,111
46,國立臺北護理健康大學,09211015,高齡健康照護系碩士班,D 日,M 碩士,4,111
46,國立臺北護理健康大學,09221014,嬰幼兒保育系碩士班,D 日,M 碩士,29,111
46,國立臺北護理健康大學,10142017,運動保健系碩士班,D 日,M 碩士,20,111
46,國立臺北護理健康大學,10142017,運動保健系碩士在職專班,N 職,M 碩士,48,111
46,國立臺北護理健康大學,10151018,休閒產業與健康促進系旅遊健康碩士班,D 日,M 碩士,27,111
46,國立臺北護理健康大學,10151018,休閒產業與健康促進系碩士在職專班,N 職,M 碩士,10,111
47,國立高雄餐旅大學,10131011,飲食文化暨餐飲創新研究所,D 日,M 碩士,59,111
47,國立高雄餐旅大學,10131012,餐旅管理研究所,D 日,M 碩士,38,111
47,國立高雄餐旅大學,10131012,餐旅管理研究所,N 職,M 碩士,10,111
47,國立高雄餐旅大學,10151029,觀光研究所,D 日,M 碩士,39,111
47,國立高雄餐旅大學,10151029,觀光研究所,N 職,M 碩士,13,111
47,國立高雄餐旅大學,10151031,國際觀光餐旅全英文碩士學位學程,D 日,M 碩士,19,111
48,國立金門大學,03121006,國際暨大陸事務學系,D 日,M 碩士,16,111
48,國立金門大學,03143005,閩南文化研究所,D 日,M 碩士,8,111
48,國立金門大學,04131009,企業管理學系,D 日,M 碩士,39,111
48,國立金門大學,04212013,海洋與邊境管理學系,D 日,M 碩士,23,111
48,國立金門大學,06131041,理工學院資訊科技與應用碩士班,D 日,M 碩士,15,111
48,國立金門大學,06131041,理工學院資訊科技與應用碩士在職專班,N 職,M 碩士,15,111
48,國立金門大學,07141017,電子工程學系,D 日,M 碩士,19,111
48,國立金門大學,07194016,理工學院工程科技碩士在職專班,N 職,M 碩士,2,111
48,國立金門大學,07211029,食品科學系,D 日,M 碩士,13,111
48,國立金門大學,07311026,建築學系,D 日,M 碩士,20,111
48,國立金門大學,07321021,土木與工程管理學系,D 日,M 碩士,12,111
48,國立金門大學,09191032,長期照護學系,D 日,M 碩士,19,111
48,國立金門大學,10151034,觀光管理學系,D 日,M 碩士,15,111
48,國立金門大學,10152011,管理學院事業經營碩士在職專班,N 職,M 碩士,68,111
48,國立金門大學,10152036,運動與休閒學系,D 日,M 碩士,23,111
49,國立臺灣體育運動大學,01141001,體育學系,D 日,M 碩士,69,111
49,國立臺灣體育運動大學,01141001,體育學系,N 職,M 碩士,27,111
49,國立臺灣體育運動大學,02152002,舞蹈學系,D 日,M 碩士,25,111
49,國立臺灣體育運動大學,04199010,運動事業管理學系,D 日,M 碩士,31,111
49,國立臺灣體育運動大學,04199010,運動事業管理學系,N 職,M 碩士,26,111
49,國立臺灣體育運動大學,10141003,競技運動學系,D 日,M 碩士,69,111
49,國立臺灣體育運動大學,10141003,競技運動學系,N 職,M 碩士,22,111
49,國立臺灣體育運動大學,10142006,運動健康科學學系,D 日,M 碩士,34,111
49,國立臺灣體育運動大學,10142006,運動健康科學學系,N 職,M 碩士,15,111
49,國立臺灣體育運動大學,10152007,休閒運動學系,D 日,M 碩士,45,111
49,國立臺灣體育運動大學,10152008,休閒運動管理研究所,D 日,M 碩士,0,111
49,國立臺灣體育運動大學,10152008,休閒運動管理碩士在職學位學程,N 職,M 碩士,27,111
50,國立臺中科技大學,02112005,多媒體設計系碩士班,D 日,M 碩士,35,111
50,國立臺中科技大學,02122006,商業設計系碩士班,D 日,M 碩士,39,111
50,國立臺中科技大學,02122006,商業設計系碩士在職專班,N 職,M 碩士,42,111
50,國立臺中科技大學,02124008,室內設計系碩士班,D 日,M 碩士,27,111
50,國立臺中科技大學,02311004,應用日語系日本市場暨商務策略碩士班,D 日,M 碩士,29,111
50,國立臺中科技大學,04111012,會計資訊系碩士班,D 日,M 碩士,24,111
50,國立臺中科技大學,04111012,會計資訊系碩士在職專班,N 職,M 碩士,29,111
50,國立臺中科技大學,04121021,財務金融系碩士班,D 日,M 碩士,31,111
50,國立臺中科技大學,04121021,財務金融系碩士在職專班,N 職,M 碩士,32,111
50,國立臺中科技大學,04122028,財政稅務系租稅管理與理財規劃碩士班,D 日,M 碩士,22,111
50,國立臺中科技大學,04123027,保險金融管理系碩士班,D 日,M 碩士,23,111
50,國立臺中科技大學,04131015,企業管理系碩士班,D 日,M 碩士,30,111
50,國立臺中科技大學,04131015,企業管理系碩士在職專班,N 職,M 碩士,54,111
50,國立臺中科技大學,04132029,流通管理系碩士班,D 日,M 碩士,26,111
50,國立臺中科技大學,04132029,流通管理系碩士在職專班,N 職,M 碩士,23,111
50,國立臺中科技大學,06131033,資訊管理系碩士班,D 日,M 碩士,41,111
50,國立臺中科技大學,06131033,資訊管理系碩士在職專班,N 職,M 碩士,29,111
50,國立臺中科技大學,07141036,資訊工程系碩士班,D 日,M 碩士,60,111
50,國立臺中科技大學,07141036,資訊工程系碩士在職專班,N 職,M 碩士,27,111
50,國立臺中科技大學,09131037,護理系碩士班,D 日,M 碩士,28,111
50,國立臺中科技大學,09131037,護理系碩士在職專班,N 職,M 碩士,36,111
50,國立臺中科技大學,10121040,美容系碩士班,D 日,M 碩士,24,111
51,國立臺北商業大學,02122024,創意設計與經營研究所,D 日,M 碩士,37,111
51,國立臺北商業大學,02122024,創意設計與經營研究所,N 職,M 碩士,10,111
51,國立臺北商業大學,04111009,會計資訊系會計財稅碩士班,D 日,M 碩士,32,111
51,國立臺北商業大學,04121013,財務金融系碩士班,D 日,M 碩士,26,111
51,國立臺北商業大學,04122014,財政稅務系碩士班,D 日,M 碩士,30,111
51,國立臺北商業大學,04122014,財政稅務系碩士在職專班,N 職,M 碩士,12,111
51,國立臺北商業大學,04131010,企業管理系碩士班,D 日,M 碩士,67,111
51,國立臺北商業大學,04131010,企業管理系EMBA在職專班,N 職,M 碩士,60,111
51,國立臺北商業大學,04141012,國際商務系碩士班,D 日,M 碩士,34,111
51,國立臺北商業大學,04141022,財經學院_高階國際商業創新經營管理碩士在職專班,N 職,M 碩士,12,111
51,國立臺北商業大學,04199021,貿易實務法律暨談判碩士學位學程,D 日,M 碩士,31,111
51,國立臺北商業大學,06131017,資訊管理系人工智慧與商業應用碩士班,D 日,M 碩士,19,111
51,國立臺北商業大學,06131018,資訊與決策科學研究所,D 日,M 碩士,31,111
52,國立屏東大學,01111001,教育學系,D 日,M 碩士,69,111
52,國立屏東大學,01111003,教育心理與輔導學系,D 日,M 碩士,119,111
52,國立屏東大學,01111003,教育心理與輔導學系,N 職,M 碩士,88,111
52,國立屏東大學,01111048,文教事業經營碩士在職學位學程,N 職,M 碩士,11,111
52,國立屏東大學,01113017,特殊教育學系,D 日,M 碩士,54,111
52,國立屏東大學,01113017,特殊教育學系,N 職,M 碩士,50,111
52,國立屏東大學,01114018,教育行政研究所,D 日,M 碩士,22,111
52,國立屏東大學,01114018,教育行政研究所學校行政碩士學位班,N 職,M 碩士,28,111
52,國立屏東大學,01115001,教育學系課程與教學碩士學位班,N 職,M 碩士,52,111
52,國立屏東大學,01115073,STEM教育國際碩士學位學程,D 日,M 碩士,4,111
52,國立屏東大學,01121016,幼兒教育學系,D 日,M 碩士,40,111
52,國立屏東大學,01121016,幼兒教育學系,N 職,M 碩士,62,111
52,國立屏東大學,01131071,科學傳播學系數理課程與教學碩士在職專班,N 職,M 碩士,1,111
52,國立屏東大學,01141014,體育學系,D 日,M 碩士,66,111
52,國立屏東大學,01141014,體育學系體育教學碩士班,N 職,M 碩士,137,111
52,國立屏東大學,02111025,視覺藝術學系,D 日,M 碩士,52,111
52,國立屏東大學,02111025,視覺藝術學系藝術教學碩士學位班,N 職,M 碩士,34,111
52,國立屏東大學,02112035,多媒體動畫碩士在職學位學程,N 職,M 碩士,3,111
52,國立屏東大學,02121067,數位媒體設計碩士學位學程,D 日,M 碩士,3,111
52,國立屏東大學,02151024,音樂學系,D 日,M 碩士,37,111
52,國立屏東大學,02199079,新媒體創意應用碩士學位學程,D 日,M 碩士,7,111
52,國立屏東大學,02299033,文化創意產業學系,D 日,M 碩士,28,111
52,國立屏東大學,02299033,文化創意產業學系,N 職,M 碩士,33,111
52,國立屏東大學,02299069,客家文化產業碩士學位學程,D 日,M 碩士,9,111
52,國立屏東大學,02299074,文化事業發展碩士學位學程原住民專班,D 日,M 碩士,13,111
52,國立屏東大學,02311029,英語學系,D 日,M 碩士,38,111
52,國立屏東大學,02311030,應用英語學系,D 日,M 碩士,1,111
52,國立屏東大學,02322027,中國語文學系,D 日,M 碩士,20,111
52,國立屏東大學,02322027,中國語文學系,N 職,M 碩士,14,111
52,國立屏東大學,02323006,華語文教學碩士在職學位學程,N 職,M 碩士,6,111
52,國立屏東大學,03141036,社會發展學系,D 日,M 碩士,27,111
52,國立屏東大學,03141036,社會發展學系,N 職,M 碩士,27,111
52,國立屏東大學,04121045,財務金融學系,D 日,M 碩士,19,111
52,國立屏東大學,04131039,企業管理學系,D 日,M 碩士,20,111
52,國立屏東大學,04131039,企業管理學系,N 職,M 碩士,45,111
52,國立屏東大學,04131042,商業自動化與管理學系,D 日,M 碩士,11,111
52,國立屏東大學,04132046,行銷與流通管理學系,D 日,M 碩士,20,111
52,國立屏東大學,04132046,行銷與流通管理學系數位行銷碩士在職專班,N 職,M 碩士,50,111
52,國立屏東大學,04141044,國際貿易學系,D 日,M 碩士,0,111
52,國立屏東大學,04141044,國際貿易學系,N 職,M 碩士,0,111
52,國立屏東大學,04141076,國際經營與貿易學系,D 日,M 碩士,13,111
52,國立屏東大學,04141076,國際經營與貿易學系,N 職,M 碩士,12,111
52,國立屏東大學,04199047,不動產經營學系,D 日,M 碩士,30,111
52,國立屏東大學,04199047,不動產經營學系,N 職,M 碩士,40,111
52,國立屏東大學,05311050,應用化學系,D 日,M 碩士,15,111
52,國立屏東大學,05311050,應用化學系現役軍人營區在職專班,N 職,M 碩士,5,111
52,國立屏東大學,05399072,理學院應用科學國際碩士班,D 日,M 碩士,2,111
52,國立屏東大學,05411055,應用數學系,D 日,M 碩士,12,111
52,國立屏東大學,06131057,資訊管理學系,D 日,M 碩士,18,111
52,國立屏東大學,06131061,資訊科學系,D 日,M 碩士,0,111
52,國立屏東大學,06131061,資訊科學系資訊系統與數位科技應用碩士在職專班,N 職,M 碩士,0,111
52,國立屏東大學,06131070,國際資訊科技與應用碩士學位學程,D 日,M 碩士,8,111
52,國立屏東大學,06131077,電腦科學與人工智慧學系,D 日,M 碩士,37,111
52,國立屏東大學,06131077,電腦科學與人工智慧學系資訊系統與數位科技應用碩士在職專班,N 職,M 碩士,12,111
52,國立屏東大學,07111078,理學院半導體材料科學碩士班,D 日,M 碩士,4,111
52,國立屏東大學,07112053,應用物理系光電暨材料碩士班,D 日,M 碩士,20,111
52,國立屏東大學,07141060,資訊工程學系,D 日,M 碩士,37,111
52,國立屏東大學,10151065,休閒事業經營學系,D 日,M 碩士,21,111
52,國立屏東大學,10152015,生態休閒教育教學碩士學位學程班,N 職,M 碩士,1,111
52,國立屏東大學,99999071,科學傳播學系科學傳播暨教育碩士班,D 日,M 碩士,16,111
53,國立高雄科技大學,02121006,文化創意產業系碩士班,D 日,M 碩士,24,111
53,國立高雄科技大學,02121006,文化創意產業系碩士在職專班,N 職,M 碩士,44,111
53,國立高雄科技大學,02123015,工業設計系碩士班,D 日,M 碩士,21,111
53,國立高雄科技大學,02311002,應用英語系口筆譯碩士班,D 日,M 碩士,86,111
53,國立高雄科技大學,02311003,應用德語系碩士班,D 日,M 碩士,13,111
53,國立高雄科技大學,02311008,應用日語系碩士班,D 日,M 碩士,30,111
53,國立高雄科技大學,02311008,應用日語系碩士在職專班,N 職,M 碩士,23,111
53,國立高雄科技大學,04111020,會計資訊系碩士班,D 日,M 碩士,49,111
53,國立高雄科技大學,04111020,會計資訊系碩士在職專班,N 職,M 碩士,31,111
53,國立高雄科技大學,04121034,金融資訊系碩士班,D 日,M 碩士,33,111
53,國立高雄科技大學,04121034,金融資訊系碩士在職專班,N 職,M 碩士,68,111
53,國立高雄科技大學,04121040,財務管理系碩士班,D 日,M 碩士,42,111
53,國立高雄科技大學,04121040,財務管理系碩士在職專班,N 職,M 碩士,36,111
53,國立高雄科技大學,04121104,金融系碩士班,D 日,M 碩士,57,111
53,國立高雄科技大學,04121104,金融系碩士在職專班,N 職,M 碩士,61,111
53,國立高雄科技大學,04121109,資訊財務碩士學位學程,D 日,M 碩士,2,111
53,國立高雄科技大學,04122043,財政稅務系碩士班,D 日,M 碩士,15,111
53,國立高雄科技大學,04122043,財政稅務系碩士在職專班,N 職,M 碩士,77,111
53,國立高雄科技大學,04123054,風險管理與保險系碩士班,D 日,M 碩士,23,111
53,國立高雄科技大學,04123054,風險管理與保險系碩士在職專班,N 職,M 碩士,25,111
53,國立高雄科技大學,04131005,智慧商務系碩士在職專班,N 職,M 碩士,66,111
53,國立高雄科技大學,04131031,國際管理碩士學位學程,D 日,M 碩士,69,111
53,國立高雄科技大學,04131036,創業管理碩士學位學程,D 日,M 碩士,21,111
53,國立高雄科技大學,04131101,企業管理系碩士班,D 日,M 碩士,26,111
53,國立高雄科技大學,04131101,企業管理系碩士在職專班,N 職,M 碩士,65,111
53,國立高雄科技大學,04131119,管理學院企業管理高階經營管理碩士在職專班,N 職,M 碩士,35,111
53,國立高雄科技大學,04132004,供應鏈管理系碩士班,D 日,M 碩士,45,111
53,國立高雄科技大學,04132004,供應鏈管理系碩士在職專班,N 職,M 碩士,4,111
53,國立高雄科技大學,04132059,行銷與流通管理系碩士班,D 日,M 碩士,71,111
53,國立高雄科技大學,04132059,行銷與流通管理系碩士在職專班,N 職,M 碩士,57,111
53,國立高雄科技大學,04132107,運籌管理系碩士班,D 日,M 碩士,38,111
53,國立高雄科技大學,04132107,運籌管理系碩士在職專班,N 職,M 碩士,43,111
53,國立高雄科技大學,04141023,國際企業系碩士班,D 日,M 碩士,77,111
53,國立高雄科技大學,04141023,國際企業系碩士在職專班,N 職,M 碩士,32,111
53,國立高雄科技大學,04199048,人力資源發展系碩士班,D 日,M 碩士,37,111
53,國立高雄科技大學,04199048,人力資源發展系碩士在職專班,N 職,M 碩士,53,111
53,國立高雄科技大學,04199063,管理學院高階主管經營管理碩士在職專班,N 職,M 碩士,51,111
53,國立高雄科技大學,04212068,科技法律研究所,D 日,M 碩士,51,111
53,國立高雄科技大學,04212068,科技法律研究所,N 職,M 碩士,78,111
53,國立高雄科技大學,05121010,海洋生物技術系碩士班,D 日,M 碩士,15,111
53,國立高雄科技大學,06131066,海事資訊科技系碩士班,D 日,M 碩士,15,111
53,國立高雄科技大學,06131080,商務資訊應用系碩士班,D 日,M 碩士,6,111
53,國立高雄科技大學,06131100,資訊管理系碩士班,D 日,M 碩士,99,111
53,國立高雄科技大學,06131100,資訊管理系碩士在職專班,N 職,M 碩士,51,111
53,國立高雄科技大學,06132005,智慧商務系碩士班,D 日,M 碩士,48,111
53,國立高雄科技大學,06132067,資訊工程系碩士班,D 日,M 碩士,64,111
53,國立高雄科技大學,06132067,資訊工程系碩士在職專班,N 職,M 碩士,40,111
53,國立高雄科技大學,07111085,化學工程與材料工程系碩士班,D 日,M 碩士,112,111
53,國立高雄科技大學,07111085,化學工程與材料工程系碩士在職專班,N 職,M 碩士,72,111
53,國立高雄科技大學,07121030,海洋環境工程系碩士班,D 日,M 碩士,31,111
53,國立高雄科技大學,07121086,環境與安全衛生工程系碩士班,D 日,M 碩士,82,111
53,國立高雄科技大學,07121086,環境與安全衛生工程系碩士在職專班,N 職,M 碩士,99,111
53,國立高雄科技大學,07141021,電訊工程系碩士班,D 日,M 碩士,29,111
53,國立高雄科技大學,07141021,電訊工程系碩士在職專班,N 職,M 碩士,17,111
53,國立高雄科技大學,07141073,光電工程研究所,D 日,M 碩士,60,111
53,國立高雄科技大學,07141075,電腦與通訊工程系碩士班,D 日,M 碩士,74,111
53,國立高雄科技大學,07141075,電腦與通訊工程系碩士在職專班,N 職,M 碩士,20,111
53,國立高雄科技大學,07141081,半導體工程系碩士班,D 日,M 碩士,36,111
53,國立高雄科技大學,07141081,半導體工程系碩士在職專班,N 職,M 碩士,37,111
53,國立高雄科技大學,07141103,電子工程系碩士班,D 日,M 碩士,229,111
53,國立高雄科技大學,07141103,電子工程系碩士在職專班,N 職,M 碩士,83,111
53,國立高雄科技大學,07141105,電機工程系碩士班,D 日,M 碩士,151,111
53,國立高雄科技大學,07141105,電機工程系碩士在職專班,N 職,M 碩士,133,111
53,國立高雄科技大學,07151026,輪機工程系碩士班,D 日,M 碩士,9,111
53,國立高雄科技大學,07151026,輪機工程系碩士在職專班,N 職,M 碩士,32,111
53,國立高雄科技大學,07151071,機電工程系碩士班,D 日,M 碩士,73,111
53,國立高雄科技大學,07151071,機電工程系碩士在職專班,N 職,M 碩士,45,111
53,國立高雄科技大學,07151072,機械工程系碩士班,D 日,M 碩士,153,111
53,國立高雄科技大學,07151072,機械工程系碩士在職專班,N 職,M 碩士,75,111
53,國立高雄科技大學,07151074,模具工程系碩士班,D 日,M 碩士,124,111
53,國立高雄科技大學,07151074,模具工程系碩士在職專班,N 職,M 碩士,59,111
53,國立高雄科技大學,07163029,造船及海洋工程系碩士班,D 日,M 碩士,20,111
53,國立高雄科技大學,07163029,造船及海洋工程系碩士在職專班,N 職,M 碩士,25,111
53,國立高雄科技大學,07191091,工業工程與管理系碩士班,D 日,M 碩士,62,111
53,國立高雄科技大學,07191091,工業工程與管理系碩士在職專班,N 職,M 碩士,100,111
53,國立高雄科技大學,07194118,海事風電工程碩士學位學程,D 日,M 碩士,12,111
53,國立高雄科技大學,07211039,水產食品科學系碩士班,D 日,M 碩士,37,111
53,國立高雄科技大學,07211039,水產食品科學系碩士在職專班,N 職,M 碩士,25,111
53,國立高雄科技大學,07321077,土木工程系碩士班,D 日,M 碩士,46,111
53,國立高雄科技大學,07321077,土木工程系,N 職,M 碩士,75,111
53,國立高雄科技大學,07321082,營建工程系碩士班,D 日,M 碩士,45,111
53,國立高雄科技大學,07321082,營建工程系營建工程與管理碩士在職專班,N 職,M 碩士,40,111
53,國立高雄科技大學,08193007,海洋事務與產業管理研究所,D 日,M 碩士,23,111
53,國立高雄科技大學,08311045,漁業生產與管理系碩士班,D 日,M 碩士,12,111
53,國立高雄科技大學,08311045,漁業生產與管理系碩士在職專班,N 職,M 碩士,8,111
53,國立高雄科技大學,08312047,水產養殖系碩士班,D 日,M 碩士,25,111
53,國立高雄科技大學,10151055,海洋休閒管理系碩士班,D 日,M 碩士,21,111
53,國立高雄科技大學,10151096,觀光管理系觀光與餐旅管理碩士班,D 日,M 碩士,30,111
53,國立高雄科技大學,10151096,觀光管理系觀光與餐旅管理碩士在職專班,N 職,M 碩士,66,111
53,國立高雄科技大學,10412060,航運管理系碩士班,D 日,M 碩士,31,111
53,國立高雄科技大學,10412060,航運管理系碩士在職專班,N 職,M 碩士,44,111
53,國立高雄科技大學,10414061,航運技術系碩士班,D 日,M 碩士,14,111
53,國立高雄科技大學,10414061,航運技術系碩士在職專班,N 職,M 碩士,4,111
53,國立高雄科技大學,10414066,海事資訊科技系碩士在職專班,N 職,M 碩士,11,111
1001,東海大學,01111001,教育研究所,D 日,M 碩士,43,111
1001,東海大學,01111001,教育研究所,N 職,M 碩士,44,111
1001,東海大學,02123011,工業設計學系,D 日,M 碩士,17,111
1001,東海大學,02123011,工業設計學系,N 職,M 碩士,16,111
1001,東海大學,02131002,美術學系,D 日,M 碩士,68,111
1001,東海大學,02131002,美術學系,N 職,M 碩士,75,111
1001,東海大學,02151003,音樂學系,D 日,M 碩士,68,111
1001,東海大學,02152058,表演藝術與創作碩士學位學程,D 日,M 碩士,17,111
1001,東海大學,02221009,歷史學系,D 日,M 碩士,18,111
1001,東海大學,02231010,哲學系,D 日,M 碩士,18,111
1001,東海大學,02231010,哲學系,N 職,M 碩士,20,111
1001,東海大學,02311005,外國語文學系,D 日,M 碩士,35,111
1001,東海大學,02311007,日本語言文化學系,D 日,M 碩士,21,111
1001,東海大學,02322004,中國文學系,D 日,M 碩士,37,111
1001,東海大學,02322004,中國文學系,N 職,M 碩士,2,111
1001,東海大學,02323062,華語文教學國際碩士學位學程,D 日,M 碩士,19,111
1001,東海大學,03111012,經濟學系,D 日,M 碩士,15,111
1001,東海大學,03121013,政治學系,D 日,M 碩士,27,111
1001,東海大學,03141014,社會學系,D 日,M 碩士,31,111
1001,東海大學,04111018,會計學系,D 日,M 碩士,18,111
1001,東海大學,04111018,會計學系,N 職,M 碩士,2,111
1001,東海大學,04121024,財務金融學系,D 日,M 碩士,39,111
1001,東海大學,04121024,財務金融學系,N 職,M 碩士,1,111
1001,東海大學,04131019,企業管理學系,D 日,M 碩士,65,111
1001,東海大學,04131025,高階經營管理碩士在職專班,N 職,M 碩士,425,111
1001,東海大學,04131059,國際企業管理碩士學位學程,D 日,M 碩士,53,111
1001,東海大學,04133044,工業工程與經營資訊學系高階醫務工程與管理碩士在職專班,N 職,M 碩士,32,111
1001,東海大學,04134016,行政管理暨政策學系,D 日,M 碩士,13,111
1001,東海大學,04134016,行政管理暨政策學系第三部門碩士在職專班,N 職,M 碩士,5,111
1001,東海大學,04134017,公共事務碩士專班,N 職,M 碩士,49,111
1001,東海大學,04141023,國際經營與貿易學系,D 日,M 碩士,29,111
1001,東海大學,04211027,法律學系,D 日,M 碩士,145,111
1001,東海大學,05111028,生命科學系,D 日,M 碩士,13,111
1001,東海大學,05311030,化學系,D 日,M 碩士,27,111
1001,東海大學,05331032,應用物理學系,D 日,M 碩士,13,111
1001,東海大學,05411034,應用數學系,D 日,M 碩士,12,111
1001,東海大學,05421035,統計學系,D 日,M 碩士,10,111
1001,東海大學,06131039,資訊工程學系,D 日,M 碩士,51,111
1001,東海大學,06131039,資訊工程學系,N 職,M 碩士,22,111
1001,東海大學,06133047,數位創新碩士學位學程,D 日,M 碩士,32,111
1001,東海大學,06134036,資訊管理學系,D 日,M 碩士,35,111
1001,東海大學,07111042,化學工程與材料工程學系,D 日,M 碩士,45,111
1001,東海大學,07121045,環境科學與工程學系,D 日,M 碩士,27,111
1001,東海大學,07141037,電機工程學系,D 日,M 碩士,31,111
1001,東海大學,07191044,工業工程與經營資訊學系,D 日,M 碩士,59,111
1001,東海大學,07211052,食品科學系,D 日,M 碩士,40,111
1001,東海大學,07311048,建築學系,D 日,M 碩士,62,111
1001,東海大學,07312049,景觀學系,D 日,M 碩士,24,111
1001,東海大學,07312049,景觀學系,N 職,M 碩士,31,111
1001,東海大學,08112051,畜產與生物科技學系,D 日,M 碩士,13,111
1001,東海大學,09231053,社會工作學系,D 日,M 碩士,63,111
1001,東海大學,10131054,餐旅管理學系,D 日,M 碩士,15,111
1001,東海大學,10131054,餐旅管理學系,N 職,M 碩士,36,111
1002,輔仁大學,01114047,教育領導與發展研究所,D 日,M 碩士,33,111
1002,輔仁大學,01114047,教育領導與發展研究所,N 職,M 碩士,85,111
1002,輔仁大學,02122029,品牌與時尚經營管理碩士學位學程,D 日,M 碩士,21,111
1002,輔仁大學,02122078,應用美術學系,D 日,M 碩士,57,111
1002,輔仁大學,02125082,織品服裝學系,D 日,M 碩士,59,111
1002,輔仁大學,02125082,織品服裝學系,N 職,M 碩士,76,111
1002,輔仁大學,02151034,音樂學系,D 日,M 碩士,64,111
1002,輔仁大學,02151034,音樂學系,N 職,M 碩士,71,111
1002,輔仁大學,02211019,宗教學系,D 日,M 碩士,47,111
1002,輔仁大學,02211019,宗教學系,N 職,M 碩士,111,111
1002,輔仁大學,02221074,歷史學系,D 日,M 碩士,29,111
1002,輔仁大學,02231037,哲學系,D 日,M 碩士,22,111
1002,輔仁大學,02231037,哲學系,N 職,M 碩士,31,111
1002,輔仁大學,02299060,跨文化研究所,D 日,M 碩士,112,111
1002,輔仁大學,02299060,跨文化研究所翻譯學碩士在職專班,N 職,M 碩士,47,111
1002,輔仁大學,02311009,日本語文學系,D 日,M 碩士,45,111
1002,輔仁大學,02311016,西班牙語文學系,D 日,M 碩士,15,111
1002,輔仁大學,02311021,法國語文學系,D 日,M 碩士,21,111
1002,輔仁大學,02311033,英國語文學系,D 日,M 碩士,40,111
1002,輔仁大學,02311072,德語語文學系,D 日,M 碩士,29,111
1002,輔仁大學,02322003,中國文學系,D 日,M 碩士,34,111
1002,輔仁大學,03111055,經濟學系,D 日,M 碩士,22,111
1002,輔仁大學,03131007,心理學系,D 日,M 碩士,65,111
1002,輔仁大學,03131081,臨床心理學系,D 日,M 碩士,75,111
1002,輔仁大學,03141023,社會學系,D 日,M 碩士,27,111
1002,輔仁大學,03211002,大眾傳播學研究所,D 日,M 碩士,74,111
1002,輔仁大學,03211002,大眾傳播學研究所,N 職,M 碩士,71,111
1002,輔仁大學,03221051,博物館學研究所,D 日,M 碩士,61,111
1002,輔仁大學,03222065,圖書資訊學系,D 日,M 碩士,21,111
1002,輔仁大學,04111054,會計學系,D 日,M 碩士,53,111
1002,輔仁大學,04111054,會計學系,N 職,M 碩士,52,111
1002,輔仁大學,04121027,金融與國際企業學系金融碩士班,D 日,M 碩士,58,111
1002,輔仁大學,04121027,金融與國際企業學系金融碩士在職專班,N 職,M 碩士,75,111
1002,輔仁大學,04131015,企業管理學系管理學碩士班,D 日,M 碩士,81,111
1002,輔仁大學,04131015,企業管理學系管理學碩士在職專班,N 職,M 碩士,82,111
1002,輔仁大學,04131025,社會企業碩士學位學程,D 日,M 碩士,22,111
1002,輔仁大學,04131025,社會企業碩士在職學位學程,N 職,M 碩士,33,111
1002,輔仁大學,04131041,國際創業與經營管理碩士學位學程,N 職,M 碩士,43,111
1002,輔仁大學,04131044,國際經營管理碩士學位學程,D 日,M 碩士,54,111
1002,輔仁大學,04199028,非營利組織管理碩士學位學程,N 職,M 碩士,72,111
1002,輔仁大學,04199032,科技管理碩士學位學程,N 職,M 碩士,54,111
1002,輔仁大學,04211020,法律學系,D 日,M 碩士,103,111
1002,輔仁大學,04211020,法律學系,N 職,M 碩士,80,111
1002,輔仁大學,04211038,財經法律學系,D 日,M 碩士,61,111
1002,輔仁大學,04211038,財經法律學系原住民碩士在職專班,N 職,M 碩士,80,111
1002,輔仁大學,05111011,生命科學系,D 日,M 碩士,20,111
1002,輔仁大學,05191080,營養科學系,D 日,M 碩士,30,111
1002,輔仁大學,05311005,化學系,D 日,M 碩士,45,111
1002,輔仁大學,05331022,物理學系,D 日,M 碩士,16,111
1002,輔仁大學,05411073,數學系,D 日,M 碩士,11,111
1002,輔仁大學,05421049,統計資訊學系應用統計碩士班,D 日,M 碩士,40,111
1002,輔仁大學,05421049,統計資訊學系應用統計碩士在職專班,N 職,M 碩士,47,111
1002,輔仁大學,06131058,資訊工程學系,D 日,M 碩士,42,111
1002,輔仁大學,06131058,資訊工程學系,N 職,M 碩士,36,111
1002,輔仁大學,06131059,資訊管理學系,D 日,M 碩士,44,111
1002,輔仁大學,06131059,資訊管理學系,N 職,M 碩士,44,111
1002,輔仁大學,07141064,電機工程學系,D 日,M 碩士,35,111
1002,輔仁大學,07211035,食品科學系,D 日,M 碩士,40,111
1002,輔仁大學,07312052,景觀設計學系,D 日,M 碩士,28,111
1002,輔仁大學,09121013,生物醫學暨藥學研究所,D 日,M 碩士,13,111
1002,輔仁大學,09121090,生物醫學海量資料分析碩士學位學程,D 日,M 碩士,11,111
1002,輔仁大學,09131088,護理學系,D 日,M 碩士,32,111
1002,輔仁大學,09191004,公共衛生學系,D 日,M 碩士,31,111
1002,輔仁大學,09211061,跨專業長期照護碩士學位學程,N 職,M 碩士,101,111
1002,輔仁大學,09221017,兒童與家庭學系,D 日,M 碩士,43,111
1002,輔仁大學,09221017,兒童與家庭學系,N 職,M 碩士,90,111
1002,輔仁大學,09231024,社會工作學系,D 日,M 碩士,51,111
1002,輔仁大學,10131075,餐旅管理學系,D 日,M 碩士,35,111
1002,輔仁大學,10131075,餐旅管理學系,N 職,M 碩士,43,111
1002,輔仁大學,10141089,體育學系,D 日,M 碩士,36,111
1002,輔仁大學,10141089,體育學系,N 職,M 碩士,77,111
1003,東吳大學,02151001,音樂學系,D 日,M 碩士,46,111
1003,東吳大學,02151001,音樂學系,N 職,M 碩士,2,111
1003,東吳大學,02221006,歷史學系,D 日,M 碩士,12,111
1003,東吳大學,02231007,哲學系,D 日,M 碩士,36,111
1003,東吳大學,02311005,日本語文學系,D 日,M 碩士,43,111
1003,東吳大學,02311005,日本語文學系,N 職,M 碩士,21,111
1003,東吳大學,02311012,德國文化學系,D 日,M 碩士,25,111
1003,東吳大學,02312004,英文學系翻譯碩士班,D 日,M 碩士,31,111
1003,東吳大學,02322002,中國文學系,D 日,M 碩士,61,111
1003,東吳大學,02322002,中國文學系,N 職,M 碩士,24,111
1003,東吳大學,03111008,經濟學系,D 日,M 碩士,29,111
1003,東吳大學,03111008,經濟學系,N 職,M 碩士,20,111
1003,東吳大學,03121009,政治學系,D 日,M 碩士,36,111
1003,東吳大學,03131011,心理學系,D 日,M 碩士,96,111
1003,東吳大學,03141010,社會學系,D 日,M 碩士,26,111
1003,東吳大學,03141010,社會學系,N 職,M 碩士,19,111
1003,東吳大學,03199013,人權碩士學位學程,D 日,M 碩士,22,111
1003,東吳大學,04111015,會計學系,D 日,M 碩士,82,111
1003,東吳大學,04111015,會計學系,N 職,M 碩士,86,111
1003,東吳大學,04121027,財務工程與精算數學系,D 日,M 碩士,38,111
1003,東吳大學,04121027,財務工程與精算數學系,N 職,M 碩士,13,111
1003,東吳大學,04131016,企業管理學系,D 日,M 碩士,123,111
1003,東吳大學,04131016,企業管理學系,N 職,M 碩士,107,111
1003,東吳大學,04131020,商學院EMBA高階經營碩士在職專班,N 職,M 碩士,71,111
1003,東吳大學,04141019,國際經營與貿易學系,D 日,M 碩士,43,111
1003,東吳大學,04141019,國際經營與貿易學系,N 職,M 碩士,30,111
1003,東吳大學,04199031,巨量資料管理學院碩士學位學程,D 日,M 碩士,5,111
1003,東吳大學,04199031,巨量資料管理學院碩士在職學位學程,N 職,M 碩士,95,111
1003,東吳大學,04211021,法律學系,D 日,M 碩士,406,111
1003,東吳大學,04211021,法律學系,N 職,M 碩士,667,111
1003,東吳大學,05122022,微生物學系,D 日,M 碩士,16,111
1003,東吳大學,05311023,化學系,D 日,M 碩士,9,111
1003,東吳大學,05411025,數學系,D 日,M 碩士,12,111
1003,東吳大學,06131028,資訊管理學系,D 日,M 碩士,33,111
1003,東吳大學,06131028,資訊管理學系,N 職,M 碩士,52,111
1003,東吳大學,06134033,資料科學系,D 日,M 碩士,27,111
1003,東吳大學,06134033,資料科學系,N 職,M 碩士,74,111
1003,東吳大學,09231030,社會工作學系,D 日,M 碩士,78,111
1004,中原大學,01111001,教育研究所,D 日,M 碩士,25,111
1004,中原大學,01111001,教育研究所,N 職,M 碩士,70,111
1004,中原大學,01113002,特殊教育學系,D 日,M 碩士,53,111
1004,中原大學,02112008,商業設計學系,D 日,M 碩士,34,111
1004,中原大學,02112008,商業設計學系,N 職,M 碩士,13,111
1004,中原大學,02122010,文化創意設計碩士學位學程,D 日,M 碩士,4,111
1004,中原大學,02124009,室內設計學系,D 日,M 碩士,59,111
1004,中原大學,02124009,室內設計學系,N 職,M 碩士,91,111
1004,中原大學,02151058,音樂產業碩士學位學程,D 日,M 碩士,25,111
1004,中原大學,02211006,宗教研究所,D 日,M 碩士,16,111
1004,中原大學,02211006,宗教研究所,N 職,M 碩士,22,111
1004,中原大學,02311005,應用外國語文學系,D 日,M 碩士,29,111
1004,中原大學,02323004,應用華語文學系,D 日,M 碩士,32,111
1004,中原大學,03131011,心理學系,D 日,M 碩士,94,111
1004,中原大學,04111013,會計學系,D 日,M 碩士,44,111
1004,中原大學,04111013,會計學系,N 職,M 碩士,16,111
1004,中原大學,04121019,財務金融學系,D 日,M 碩士,22,111
1004,中原大學,04131014,企業管理學系,D 日,M 碩士,82,111
1004,中原大學,04131014,企業管理學系,N 職,M 碩士,175,111
1004,中原大學,04141018,國際經營與貿易學系,D 日,M 碩士,12,111
1004,中原大學,04141018,國際經營與貿易學系,N 職,M 碩士,17,111
1004,中原大學,04191017,國際商學碩士學位學程,D 日,M 碩士,39,111
1004,中原大學,04199050,巨量資料商業應用碩士學位學程,D 日,M 碩士,2,111
1004,中原大學,04212021,財經法律學系,D 日,M 碩士,80,111
1004,中原大學,04212021,財經法律學系,N 職,M 碩士,73,111
1004,中原大學,05121022,生物科技學系,D 日,M 碩士,18,111
1004,中原大學,05311023,化學系,D 日,M 碩士,50,111
1004,中原大學,05311023,化學系,N 職,M 碩士,17,111
1004,中原大學,05331024,物理學系,D 日,M 碩士,22,111
1004,中原大學,05411027,應用數學系,D 日,M 碩士,34,111
1004,中原大學,05411027,應用數學系,N 職,M 碩士,8,111
1004,中原大學,06131028,資訊管理學系,D 日,M 碩士,49,111
1004,中原大學,06131028,資訊管理學系,N 職,M 碩士,70,111
1004,中原大學,06131031,資訊工程學系,D 日,M 碩士,69,111
1004,中原大學,06131031,資訊工程學系,N 職,M 碩士,22,111
1004,中原大學,06131062,智慧運算與大數據碩士學位學程,D 日,M 碩士,10,111
1004,中原大學,07111037,化學工程學系,D 日,M 碩士,92,111
1004,中原大學,07111049,化學工程與材料科學國際碩士學位學程,D 日,M 碩士,0,111
1004,中原大學,07112038,奈米科技碩士學位學程,D 日,M 碩士,2,111
1004,中原大學,07121042,環境工程學系,D 日,M 碩士,49,111
1004,中原大學,07121042,環境工程學系,N 職,M 碩士,39,111
1004,中原大學,07141029,電機工程學系,D 日,M 碩士,82,111
1004,中原大學,07141029,電機工程學系,N 職,M 碩士,48,111
1004,中原大學,07141030,電子工程學系,D 日,M 碩士,121,111
1004,中原大學,07141030,電子工程學系,N 職,M 碩士,29,111
1004,中原大學,07141032,通訊工程碩士學位學程,D 日,M 碩士,0,111
1004,中原大學,07151034,機械工程學系,D 日,M 碩士,81,111
1004,中原大學,07151034,機械工程學系,N 職,M 碩士,72,111
1004,中原大學,07191041,工業與系統工程學系,D 日,M 碩士,92,111
1004,中原大學,07191041,工業與系統工程學系,N 職,M 碩士,89,111
1004,中原大學,07193043,生物醫學工程學系,D 日,M 碩士,58,111
1004,中原大學,07193043,生物醫學工程學系,N 職,M 碩士,19,111
1004,中原大學,07311046,建築學系,D 日,M 碩士,66,111
1004,中原大學,07311046,建築學系,N 職,M 碩士,37,111
1004,中原大學,07312059,地景建築學系,D 日,M 碩士,14,111
1004,中原大學,07321035,土木工程學系,D 日,M 碩士,35,111
1005,淡江大學,01115108,教育與未來設計學系,N 職,M 碩士,24,111
1005,淡江大學,01116092,教育科技學系,D 日,M 碩士,28,111
1005,淡江大學,01116092,教育科技學系,N 職,M 碩士,71,111
1005,淡江大學,01199108,教育與未來設計學系未來學碩士班,D 日,M 碩士,45,111
1005,淡江大學,02221078,歷史學系,D 日,M 碩士,21,111
1005,淡江大學,02311082,日本語文學系,D 日,M 碩士,39,111
1005,淡江大學,02311082,日本語文學系,N 職,M 碩士,19,111
1005,淡江大學,02311084,西班牙語文學系,D 日,M 碩士,0,111
1005,淡江大學,02311086,法國語文學系,D 日,M 碩士,13,111
1005,淡江大學,02311088,英文學系,D 日,M 碩士,34,111
1005,淡江大學,02322090,中國文學學系,D 日,M 碩士,35,111
1005,淡江大學,02322090,中國文學學系,N 職,M 碩士,7,111
1005,淡江大學,03111075,產業經濟學系,D 日,M 碩士,14,111
1005,淡江大學,03111076,經濟學系經濟與財務碩士班,D 日,M 碩士,11,111
1005,淡江大學,03122060,國際事務與戰略研究所,D 日,M 碩士,34,111
1005,淡江大學,03122060,國際事務與戰略研究所,N 職,M 碩士,69,111
1005,淡江大學,03131096,教育心理與諮商研究所,D 日,M 碩士,108,111
1005,淡江大學,03143059,外交與國際關係學系歐洲研究碩士班,D 日,M 碩士,42,111
1005,淡江大學,03143059,外交與國際關係學系中國大陸研究碩士在職專班,N 職,M 碩士,39,111
1005,淡江大學,03143063,臺灣與亞太研究全英語碩士學位學程,D 日,M 碩士,2,111
1005,淡江大學,03143064,拉丁美洲研究所,D 日,M 碩士,0,111
1005,淡江大學,03143064,拉丁美洲研究所亞太研究數位學習碩士在職專班,N 職,M 碩士,0,111
1005,淡江大學,03143065,美洲研究所亞太研究數位學習碩士在職專班,N 職,M 碩士,3,111
1005,淡江大學,03143067,中國大陸研究所,D 日,M 碩士,0,111
1005,淡江大學,03143067,中國大陸研究所,N 職,M 碩士,0,111
1005,淡江大學,03143068,歐洲研究所,D 日,M 碩士,0,111
1005,淡江大學,03143073,日本政經研究所,D 日,M 碩士,0,111
1005,淡江大學,03143073,日本政經研究所,N 職,M 碩士,0,111
1005,淡江大學,03143074,全球政治經濟學系,D 日,M 碩士,37,111
1005,淡江大學,03143074,全球政治經濟學系,N 職,M 碩士,30,111
1005,淡江大學,03211055,大眾傳播學系,D 日,M 碩士,37,111
1005,淡江大學,03222052,資訊與圖書館學系,D 日,M 碩士,23,111
1005,淡江大學,03222052,資訊與圖書館學系數位學習碩士在職專班,N 職,M 碩士,9,111
1005,淡江大學,03222053,數位出版與典藏數位學習碩士在職專班,N 職,M 碩士,3,111
1005,淡江大學,04111051,會計學系,D 日,M 碩士,45,111
1005,淡江大學,04111051,會計學系,N 職,M 碩士,15,111
1005,淡江大學,04121037,財務金融學系,D 日,M 碩士,81,111
1005,淡江大學,04121037,財務金融學系,N 職,M 碩士,52,111
1005,淡江大學,04123104,風險管理與保險學系保險經營碩士班,D 日,M 碩士,29,111
1005,淡江大學,04123104,風險管理與保險學系保險經營碩士在職專班,N 職,M 碩士,36,111
1005,淡江大學,04131040,國際企業學系,D 日,M 碩士,41,111
1005,淡江大學,04131040,國際企業學系國際行銷碩士在職專班,N 職,M 碩士,68,111
1005,淡江大學,04131045,商管學院經營管理全英語碩士學位學程,D 日,M 碩士,4,111
1005,淡江大學,04131047,管理科學學系企業經營碩士班,D 日,M 碩士,81,111
1005,淡江大學,04131047,管理科學學系企業經營碩士在職專班,N 職,M 碩士,57,111
1005,淡江大學,04131049,企業管理學系,D 日,M 碩士,48,111
1005,淡江大學,04131049,企業管理學系,N 職,M 碩士,88,111
1005,淡江大學,04134061,公共行政學系公共政策碩士班,D 日,M 碩士,12,111
1005,淡江大學,04134061,公共行政學系公共政策碩士在職專班,N 職,M 碩士,4,111
1005,淡江大學,04191105,數位商務與經濟碩士學位學程,D 日,M 碩士,1,111
1005,淡江大學,05311031,化學學系,D 日,M 碩士,33,111
1005,淡江大學,05331030,物理學系,D 日,M 碩士,13,111
1005,淡江大學,05411026,數學學系數學與數據科學碩士班,D 日,M 碩士,15,111
1005,淡江大學,05411026,數學學系,N 職,M 碩士,1,111
1005,淡江大學,05421024,統計學系數據科學碩士班,D 日,M 碩士,37,111
1005,淡江大學,05421101,商管學院大數據分析與商業智慧碩士學位學程,D 日,M 碩士,1,111
1005,淡江大學,06131018,資訊工程學系,D 日,M 碩士,107,111
1005,淡江大學,06131018,資訊工程學系,N 職,M 碩士,26,111
1005,淡江大學,06131023,資訊管理學系,D 日,M 碩士,39,111
1005,淡江大學,06131023,資訊管理學系,N 職,M 碩士,14,111
1005,淡江大學,07111010,化學工程與材料工程學系,D 日,M 碩士,55,111
1005,淡江大學,07122009,水資源及環境工程學系,D 日,M 碩士,26,111
1005,淡江大學,07141019,電機工程學系,D 日,M 碩士,118,111
1005,淡江大學,07141019,電機工程學系,N 職,M 碩士,21,111
1005,淡江大學,07151015,機械與機電工程學系,D 日,M 碩士,39,111
1005,淡江大學,07162017,航空太空工程學系,D 日,M 碩士,37,111
1005,淡江大學,07162017,航空太空工程學系,N 職,M 碩士,14,111
1005,淡江大學,07311007,建築學系,D 日,M 碩士,42,111
1005,淡江大學,07321012,土木工程學系,D 日,M 碩士,28,111
1005,淡江大學,10411002,運輸管理學系運輸科學碩士班,D 日,M 碩士,36,111
1006,中國文化大學,01131053,華語文教學碩士學位學程,N 職,M 碩士,29,111
1006,中國文化大學,01141023,體育學系運動教練碩士班,D 日,M 碩士,91,111
1006,中國文化大學,02111121,科技藝術碩士學位學程,D 日,M 碩士,9,111
1006,中國文化大學,02131059,美術學系,D 日,M 碩士,46,111
1006,中國文化大學,02151007,中國音樂學系,D 日,M 碩士,40,111
1006,中國文化大學,02151040,音樂學系,D 日,M 碩士,64,111
1006,中國文化大學,02152043,戲劇學系,D 日,M 碩士,1,111
1006,中國文化大學,02221098,史學系,D 日,M 碩士,34,111
1006,中國文化大學,02231081,哲學系,D 日,M 碩士,8,111
1006,中國文化大學,02311010,韓國語文學系,D 日,M 碩士,48,111
1006,中國文化大學,02311052,英國語文學系,D 日,M 碩士,2,111
1006,中國文化大學,02311077,日本語文學系,D 日,M 碩士,14,111
1006,中國文化大學,02322001,中國文學系,D 日,M 碩士,39,111
1006,中國文化大學,03111099,經濟學系,D 日,M 碩士,14,111
1006,中國文化大學,03121011,國家發展與中國大陸研究所,D 日,M 碩士,49,111
1006,中國文化大學,03121061,政治學系,D 日,M 碩士,23,111
1006,中國文化大學,03131004,心理輔導學系,D 日,M 碩士,112,111
1006,中國文化大學,03142087,地學研究所,D 日,M 碩士,44,111
1006,中國文化大學,03199051,勞動暨人力資源學系,D 日,M 碩士,66,111
1006,中國文化大學,03212033,新聞學系,D 日,M 碩士,30,111
1006,中國文化大學,03214101,資訊傳播學系,D 日,M 碩士,23,111
1006,中國文化大學,04111065,會計學系,D 日,M 碩士,21,111
1006,中國文化大學,04121037,財務金融學系,D 日,M 碩士,24,111
1006,中國文化大學,04131015,國際企業管理學系,D 日,M 碩士,45,111
1006,中國文化大學,04131015,國際企業管理學系,N 職,M 碩士,76,111
1006,中國文化大學,04131066,商學院企業實務管理數位碩士在職專班,N 職,M 碩士,71,111
1006,中國文化大學,04134062,社會企業管理碩士在職學位學程,N 職,M 碩士,37,111
1006,中國文化大學,04134063,社會科學院澳門境外碩士在職專班,N 職,M 碩士,6,111
1006,中國文化大學,04141041,國際貿易學系,D 日,M 碩士,27,111
1006,中國文化大學,04143027,行銷碩士學位學程,D 日,M 碩士,40,111
1006,中國文化大學,04143067,全球品牌與行銷碩士在職學位學程,N 職,M 碩士,79,111
1006,中國文化大學,04191014,全球商務碩士學位學程,D 日,M 碩士,34,111
1006,中國文化大學,04211020,法律學系,D 日,M 碩士,307,111
1006,中國文化大學,04212020,法律學系,N 職,M 碩士,75,111
1006,中國文化大學,05311026,化學系應用化學碩士班,D 日,M 碩士,16,111
1006,中國文化大學,06131006,資訊管理學系,N 職,M 碩士,36,111
1006,中國文化大學,06131021,資訊工程學系,D 日,M 碩士,11,111
1006,中國文化大學,06131124,資安管理產業碩士專班,D 日,M 碩士,4,111
1006,中國文化大學,06134006,資訊管理學系,D 日,M 碩士,17,111
1006,中國文化大學,06134120,電子商務碩士學位學程,D 日,M 碩士,5,111
1006,中國文化大學,07111028,化學工程與材料工程學系,D 日,M 碩士,33,111
1006,中國文化大學,07112C01,紡織產業碩士專班,D 日,M 碩士,9,111
1006,中國文化大學,07151107,機械工程學系數位機電碩士班,D 日,M 碩士,11,111
1006,中國文化大學,07311068,建築及都市設計學系,D 日,M 碩士,32,111
1006,中國文化大學,07311068,建築及都市設計學系,N 職,M 碩士,2,111
1006,中國文化大學,07311C04,建築公共安全產業碩士專班,D 日,M 碩士,0,111
1006,中國文化大學,07312103,景觀學系,D 日,M 碩士,10,111
1006,中國文化大學,07313118,都市計劃與開發管理學系,D 日,M 碩士,29,111
1006,中國文化大學,08192102,生物科技研究所,D 日,M 碩士,23,111
1006,中國文化大學,09221069,青少年兒童福利碩士學位學程,N 職,M 碩士,62,111
1006,中國文化大學,09299082,社會福利學系,D 日,M 碩士,20,111
1006,中國文化大學,10111090,生活應用科學系,D 日,M 碩士,28,111
1006,中國文化大學,10111090,生活應用科學系,N 職,M 碩士,48,111
1006,中國文化大學,10151005,觀光事業學系,D 日,M 碩士,28,111
1006,中國文化大學,10151005,觀光事業學系觀光休閒事業碩士在職專班,N 職,M 碩士,52,111
1006,中國文化大學,10413119,航空管理碩士學位學程,D 日,M 碩士,5,111
1007,逢甲大學,02221003,歷史與文物研究所,D 日,M 碩士,25,111
1007,逢甲大學,02299113,文化與社會創新碩士學位學程,D 日,M 碩士,30,111
1007,逢甲大學,02311002,外國語文學系英語文研究碩士班,D 日,M 碩士,31,111
1007,逢甲大學,02322001,中國文學系,D 日,M 碩士,22,111
1007,逢甲大學,02322001,中國文學系,N 職,M 碩士,0,111
1007,逢甲大學,03111009,經濟學系,D 日,M 碩士,23,111
1007,逢甲大學,03111012,合作經濟暨社會事業經營學系,D 日,M 碩士,19,111
1007,逢甲大學,04111017,會計學系,D 日,M 碩士,52,111
1007,逢甲大學,04121025,財務金融學系,D 日,M 碩士,43,111
1007,逢甲大學,04121026,金融碩士在職專班,N 職,M 碩士,60,111
1007,逢甲大學,04122032,財稅學系,D 日,M 碩士,20,111
1007,逢甲大學,04123029,風險管理與保險學系,D 日,M 碩士,29,111
1007,逢甲大學,04131019,企業管理學系,D 日,M 碩士,44,111
1007,逢甲大學,04131020,經營管理碩士在職專班,N 職,M 碩士,419,111
1007,逢甲大學,04134086,土地管理學系,D 日,M 碩士,36,111
1007,逢甲大學,04134086,土地管理學系,N 職,M 碩士,2,111
1007,逢甲大學,04134097,公共事務與社會創新研究所,D 日,M 碩士,12,111
1007,逢甲大學,04134097,公共事務與社會創新研究所,N 職,M 碩士,33,111
1007,逢甲大學,04141024,國際經營與貿易學系,D 日,M 碩士,64,111
1007,逢甲大學,04143033,行銷學系全球行銷碩士班,D 日,M 碩士,36,111
1007,逢甲大學,04191016,商學專業碩士在職學位學程,N 職,M 碩士,73,111
1007,逢甲大學,04199037,專案管理碩士在職學位學程,N 職,M 碩士,79,111
1007,逢甲大學,04199096,建設碩士在職學位學程,N 職,M 碩士,141,111
1007,逢甲大學,04212038,財經法律研究所,D 日,M 碩士,62,111
1007,逢甲大學,04212038,財經法律研究所,N 職,M 碩士,72,111
1007,逢甲大學,05411039,應用數學系,D 日,M 碩士,4,111
1007,逢甲大學,05411114,數據科學碩士學位學程,D 日,M 碩士,27,111
1007,逢甲大學,05421040,統計學系統計與精算碩士班,D 日,M 碩士,34,111
1007,逢甲大學,06131048,資訊工程學系,D 日,M 碩士,126,111
1007,逢甲大學,07111068,化學工程學系,D 日,M 碩士,80,111
1007,逢甲大學,07112069,材料科學與工程學系,D 日,M 碩士,79,111
1007,逢甲大學,07121075,環境工程與科學學系,D 日,M 碩士,53,111
1007,逢甲大學,07122077,水利工程與資源保育學系,D 日,M 碩士,12,111
1007,逢甲大學,07132079,綠色能源科技碩士學位學程,D 日,M 碩士,21,111
1007,逢甲大學,07141044,電機工程學系,D 日,M 碩士,61,111
1007,逢甲大學,07141046,電子工程學系,D 日,M 碩士,79,111
1007,逢甲大學,07141050,通訊工程學系,D 日,M 碩士,57,111
1007,逢甲大學,07141052,自動控制工程學系,D 日,M 碩士,53,111
1007,逢甲大學,07141053,資訊電機工程碩士在職專班,N 職,M 碩士,98,111
1007,逢甲大學,07141099,視光科技碩士在職學位學程,N 職,M 碩士,1,111
1007,逢甲大學,07141101,光電科學與工程學系,D 日,M 碩士,41,111
1007,逢甲大學,07141112,資通訊與電控產業碩士專班,D 日,M 碩士,2,111
1007,逢甲大學,07151061,機械與電腦輔助工程學系機械工程碩士班,D 日,M 碩士,56,111
1007,逢甲大學,07151061,機械與電腦輔助工程學系機械工程碩士在職專班,N 職,M 碩士,3,111
1007,逢甲大學,07151106,創新智慧製造與管理產業碩士專班,D 日,M 碩士,3,111
1007,逢甲大學,07162059,航太與系統工程學系,D 日,M 碩士,55,111
1007,逢甲大學,07191072,工業工程與系統管理學系,D 日,M 碩士,52,111
1007,逢甲大學,07191072,工業工程與系統管理學系,N 職,M 碩士,4,111
1007,逢甲大學,07192074,纖維與複合材料學系,D 日,M 碩士,50,111
1007,逢甲大學,07192074,纖維與複合材料學系,N 職,M 碩士,0,111
1007,逢甲大學,07193078,生醫資訊暨生醫工程碩士學位學程,D 日,M 碩士,15,111
1007,逢甲大學,07199080,電聲碩士學位學程,D 日,M 碩士,17,111
1007,逢甲大學,07199098,智能製造與工程管理碩士在職學位學程,N 職,M 碩士,162,111
1007,逢甲大學,07311081,建築碩士學位學程,D 日,M 碩士,60,111
1007,逢甲大學,07311081,建築碩士在職學位學程,N 職,M 碩士,5,111
1007,逢甲大學,07312084,景觀與遊憩碩士學位學程,D 日,M 碩士,1,111
1007,逢甲大學,07313087,都市計畫與空間資訊學系,D 日,M 碩士,31,111
1007,逢甲大學,07313087,都市計畫與空間資訊學系,N 職,M 碩士,4,111
1007,逢甲大學,07321063,土木工程學系,D 日,M 碩士,22,111
1007,逢甲大學,07321063,土木工程學系,N 職,M 碩士,0,111
1007,逢甲大學,07399102,智慧城市碩士學位學程,D 日,M 碩士,11,111
1007,逢甲大學,10411093,運輸與物流學系,D 日,M 碩士,44,111
1008,靜宜大學,01111001,教育研究所,D 日,M 碩士,44,111
1008,靜宜大學,01111001,教育研究所,N 職,M 碩士,68,111
1008,靜宜大學,02299040,原住民族文化碩士學位學程,D 日,M 碩士,19,111
1008,靜宜大學,02311004,英國語文學系,D 日,M 碩士,25,111
1008,靜宜大學,02311005,西班牙語文學系,D 日,M 碩士,33,111
1008,靜宜大學,02311006,日本語文學系,D 日,M 碩士,19,111
1008,靜宜大學,02321002,台灣文學系,D 日,M 碩士,18,111
1008,靜宜大學,02322003,中國文學系,D 日,M 碩士,19,111
1008,靜宜大學,02322003,中國文學系,N 職,M 碩士,3,111
1008,靜宜大學,03141038,犯罪防治碩士學位學程,D 日,M 碩士,29,111
1008,靜宜大學,04111011,會計學系,D 日,M 碩士,27,111
1008,靜宜大學,04121019,財務金融學系,D 日,M 碩士,22,111
1008,靜宜大學,04131010,寰宇管理碩士學位學程,D 日,M 碩士,74,111
1008,靜宜大學,04131012,企業管理學系,D 日,M 碩士,18,111
1008,靜宜大學,04131014,管理碩士在職專班,N 職,M 碩士,115,111
1008,靜宜大學,04131015,國際企業學系,D 日,M 碩士,17,111
1008,靜宜大學,04131018,創新與創業管理碩士學位學程,D 日,M 碩士,11,111
1008,靜宜大學,04211020,法律學系,D 日,M 碩士,30,111
1008,靜宜大學,04211020,法律學系,N 職,M 碩士,40,111
1008,靜宜大學,05191031,食品營養學系,D 日,M 碩士,35,111
1008,靜宜大學,05211021,生態人文學系,D 日,M 碩士,1,111
1008,靜宜大學,05311023,應用化學系,D 日,M 碩士,16,111
1008,靜宜大學,05499036,財務工程學系,D 日,M 碩士,18,111
1008,靜宜大學,06131027,資訊管理學系,D 日,M 碩士,19,111
1008,靜宜大學,06132009,資訊傳播工程學系,D 日,M 碩士,11,111
1008,靜宜大學,06134028,資訊學院資訊應用與科技管理碩士在職專班,N 職,M 碩士,13,111
1008,靜宜大學,07141030,資訊工程學系,D 日,M 碩士,17,111
1008,靜宜大學,09161035,化粧品科學系,D 日,M 碩士,33,111
1008,靜宜大學,09161035,化粧品科學系,N 職,M 碩士,27,111
1008,靜宜大學,09231032,社會工作與兒童少年福利學系,D 日,M 碩士,40,111
1008,靜宜大學,09231032,社會工作與兒童少年福利學系,N 職,M 碩士,28,111
1008,靜宜大學,09299039,社會企業與文化創意碩士學位學程,D 日,M 碩士,51,111
1008,靜宜大學,10151034,觀光事業學系,D 日,M 碩士,25,111
1008,靜宜大學,10151034,觀光事業學系,N 職,M 碩士,40,111
1009,長庚大學,02122001,工業設計學系,D 日,M 碩士,14,111
1009,長庚大學,04131005,工商管理學系,D 日,M 碩士,33,111
1009,長庚大學,04131008,商管專業學院碩士學位學程,D 日,M 碩士,51,111
1009,長庚大學,04131008,商管專業學院碩士學位學程在職專班,N 職,M 碩士,130,111
1009,長庚大學,04133007,醫務管理學系,D 日,M 碩士,28,111
1009,長庚大學,04199015,智慧醫療創新碩士學位學程,D 日,M 碩士,18,111
1009,長庚大學,05121011,生物科技產業碩士學位學程,D 日,M 碩士,8,111
1009,長庚大學,05122057,新興病毒分子醫學國際碩士學位學程,D 日,M 碩士,5,111
1009,長庚大學,05123012,生物醫學研究所,D 日,M 碩士,102,111
1009,長庚大學,06131013,資訊管理學系,D 日,M 碩士,48,111
1009,長庚大學,06131018,資訊工程學系,D 日,M 碩士,62,111
1009,長庚大學,06131054,人工智慧研究所,D 日,M 碩士,11,111
1009,長庚大學,07111025,化工與材料工程學系,D 日,M 碩士,79,111
1009,長庚大學,07141014,電機工程學系,D 日,M 碩士,58,111
1009,長庚大學,07141014,電機工程學系,N 職,M 碩士,52,111
1009,長庚大學,07141016,電子工程學系,D 日,M 碩士,84,111
1009,長庚大學,07141016,電子工程學系,N 職,M 碩士,1,111
1009,長庚大學,07141017,光電工程研究所,D 日,M 碩士,17,111
1009,長庚大學,07141052,奈米工程及設計碩士學位學程,D 日,M 碩士,17,111
1009,長庚大學,07151022,機械工程學系,D 日,M 碩士,37,111
1009,長庚大學,07193027,生物醫學工程研究所,D 日,M 碩士,37,111
1009,長庚大學,09111049,顱顏口腔醫學研究所,D 日,M 碩士,44,111
1009,長庚大學,09121029,臨床醫學研究所,D 日,M 碩士,33,111
1009,長庚大學,09121034,顯微手術國際碩士學位學程,D 日,M 碩士,23,111
1009,長庚大學,09131040,護理學系,D 日,M 碩士,120,111
1009,長庚大學,09141046,醫學生物技術暨檢驗學系,D 日,M 碩士,38,111
1009,長庚大學,09141048,醫學影像暨放射科學系,D 日,M 碩士,15,111
1009,長庚大學,09151037,物理治療學系,D 日,M 碩士,28,111
1009,長庚大學,09152038,職能治療學系行為科學碩士班,D 日,M 碩士,48,111
1009,長庚大學,09159041,早期療育研究所,D 日,M 碩士,34,111
1009,長庚大學,09171031,中醫學系天然藥物碩士班,D 日,M 碩士,28,111
1009,長庚大學,09199050,健康照護產業碩士學位學程,D 日,M 碩士,0,111
1009,長庚大學,09211056,健康暨長期照護產業碩士學位學程,D 日,M 碩士,24,111
1010,元智大學,02191001,藝術與設計學系藝術與設計管理碩士班,D 日,M 碩士,20,111
1010,元智大學,02311007,應用外語學系,D 日,M 碩士,27,111
1010,元智大學,02311007,應用外語學系,N 職,M 碩士,21,111
1010,元智大學,02322004,中國語文學系,D 日,M 碩士,22,111
1010,元智大學,03141009,社會暨政策科學學系,D 日,M 碩士,15,111
1010,元智大學,03141009,社會暨政策科學學系,N 職,M 碩士,47,111
1010,元智大學,04121014,管理學院財務金融暨會計碩士班,D 日,M 碩士,81,111
1010,元智大學,04131019,管理學院經營管理碩士班,D 日,M 碩士,116,111
1010,元智大學,04131021,管理學院管理碩士在職專班,N 職,M 碩士,163,111
1010,元智大學,04191056,管理學院高階創新經營管理越南境外碩士在職專班,N 職,M 碩士,34,111
1010,元智大學,05121025,生物科技與工程研究所,D 日,M 碩士,7,111
1010,元智大學,05124027,生物與醫學資訊碩士學位學程,D 日,M 碩士,5,111
1010,元智大學,06131011,資訊管理學系,D 日,M 碩士,41,111
1010,元智大學,06131011,資訊管理學系,N 職,M 碩士,79,111
1010,元智大學,06131028,資訊工程學系,D 日,M 碩士,100,111
1010,元智大學,06131028,資訊工程學系,N 職,M 碩士,39,111
1010,元智大學,06133013,資訊傳播學系,D 日,M 碩士,22,111
1010,元智大學,07111041,化學工程與材料科學學系,D 日,M 碩士,51,111
1010,元智大學,07111041,化學工程與材料科學學系,N 職,M 碩士,30,111
1010,元智大學,07141033,電機工程學系,D 日,M 碩士,172,111
1010,元智大學,07141033,電機工程學系,N 職,M 碩士,35,111
1010,元智大學,07151037,機械工程學系,D 日,M 碩士,31,111
1010,元智大學,07151037,機械工程學系,N 職,M 碩士,22,111
1010,元智大學,07191043,工業工程與管理學系,D 日,M 碩士,105,111
1010,元智大學,07191043,工業工程與管理學系,N 職,M 碩士,102,111
1010,元智大學,07193055,醫學研究所,D 日,M 碩士,14,111
1011,中華大學,04131007,企業管理學系,D 日,M 碩士,44,111
1011,中華大學,04131007,企業管理學系,N 職,M 碩士,37,111
1011,中華大學,04134006,行政管理學系,D 日,M 碩士,21,111
1011,中華大學,04134006,行政管理學系,N 職,M 碩士,19,111
1011,中華大學,04199015,工業管理學系科技管理碩士在職專班,N 職,M 碩士,17,111
1011,中華大學,06121054,高階資料庫管理碩士在職學位學程,N 職,M 碩士,10,111
1011,中華大學,06131021,資訊管理學系,D 日,M 碩士,11,111
1011,中華大學,06131021,資訊管理學系,N 職,M 碩士,3,111
1011,中華大學,06131025,資訊工程學系,D 日,M 碩士,47,111
1011,中華大學,06131025,資訊工程學系,N 職,M 碩士,8,111
1011,中華大學,07141022,電機工程學系,D 日,M 碩士,39,111
1011,中華大學,07141022,電機工程學系,N 職,M 碩士,9,111
1011,中華大學,07151028,機械工程學系,D 日,M 碩士,22,111
1011,中華大學,07191015,工業管理學系,D 日,M 碩士,56,111
1011,中華大學,07311038,建築與都市計畫學系,D 日,M 碩士,20,111
1011,中華大學,07313058,智慧城市與社區規劃碩士在職學位學程,N 職,M 碩士,14,111
1011,中華大學,07321032,土木工程學系,D 日,M 碩士,12,111
1011,中華大學,07321032,土木工程學系,N 職,M 碩士,17,111
1011,中華大學,10151046,觀光學院碩士班,D 日,M 碩士,14,111
1011,中華大學,10151052,旅遊與休閒學系,D 日,M 碩士,2,111
1012,大葉大學,01111001,教育專業發展研究所,D 日,M 碩士,13,111
1012,大葉大學,01111001,教育專業發展研究所,N 職,M 碩士,16,111
1012,大葉大學,02121002,造形藝術學系,D 日,M 碩士,43,111
1012,大葉大學,02121002,造形藝術學系,N 職,M 碩士,1,111
1012,大葉大學,02122015,設計暨藝術學院碩士班,D 日,M 碩士,23,111
1012,大葉大學,02122015,設計暨藝術學院碩士在職專班,N 職,M 碩士,10,111
1012,大葉大學,02123012,工業設計學系,D 日,M 碩士,4,111
1012,大葉大學,02311004,英語學系,D 日,M 碩士,15,111
1012,大葉大學,04131021,企業管理學系,D 日,M 碩士,45,111
1012,大葉大學,04131024,國際企業管理學系,D 日,M 碩士,1,111
1012,大葉大學,04133027,健康產業管理碩士在職學位學程,N 職,M 碩士,16,111
1012,大葉大學,04142028,人力資源暨公共關係學系,D 日,M 碩士,1,111
1012,大葉大學,04142028,人力資源暨公共關係學系,N 職,M 碩士,2,111
1012,大葉大學,04199029,管理學院碩士在職專班,N 職,M 碩士,101,111
1012,大葉大學,05121080,生物醫學系,D 日,M 碩士,7,111
1012,大葉大學,06131036,資訊管理學系,D 日,M 碩士,17,111
1012,大葉大學,06131036,資訊管理學系,N 職,M 碩士,3,111
1012,大葉大學,06131039,資訊工程學系,D 日,M 碩士,18,111
1012,大葉大學,07121054,環境工程學系,D 日,M 碩士,33,111
1012,大葉大學,07121054,環境工程學系,N 職,M 碩士,13,111
1012,大葉大學,07141038,電機工程學系,D 日,M 碩士,17,111
1012,大葉大學,07151046,機械與自動化工程學系,D 日,M 碩士,6,111
1012,大葉大學,07191053,工業工程與管理學系,D 日,M 碩士,1,111
1012,大葉大學,07193055,醫療器材設計與材料碩士學位學程,D 日,M 碩士,26,111
1012,大葉大學,07211078,食品暨應用生物科技學系,D 日,M 碩士,0,111
1012,大葉大學,07311057,建築研究所,D 日,M 碩士,22,111
1012,大葉大學,09131065,護理學系,D 日,M 碩士,28,111
1012,大葉大學,09141066,視光學系,D 日,M 碩士,11,111
1012,大葉大學,09141079,視覺科學碩士在職學位學程,N 職,M 碩士,1,111
1012,大葉大學,09161064,藥用植物與保健學系,D 日,M 碩士,0,111
1012,大葉大學,09199083,藥用植物與食品保健學系,D 日,M 碩士,35,111
1012,大葉大學,10142072,運動健康管理學系,D 日,M 碩士,22,111
1012,大葉大學,10142072,運動健康管理學系,N 職,M 碩士,21,111
1012,大葉大學,10151068,觀光餐旅碩士在職學位學程,N 職,M 碩士,0,111
1012,大葉大學,10152070,休閒事業管理學系,D 日,M 碩士,9,111
1012,大葉大學,10152070,休閒事業管理學系,N 職,M 碩士,4,111
1013,華梵大學,02112024,攝影與VR設計學系,D 日,M 碩士,11,111
1013,華梵大學,02112024,攝影與VR設計學系,N 職,M 碩士,8,111
1013,華梵大學,02122023,智慧生活設計學系空間設計碩士班,D 日,M 碩士,7,111
1013,華梵大學,02122023,智慧生活設計學系空間設計碩士在職專班,N 職,M 碩士,13,111
1013,華梵大學,02131002,美術與文創學系,D 日,M 碩士,26,111
1013,華梵大學,02131002,美術與文創學系,N 職,M 碩士,45,111
1013,華梵大學,02131025,佛教藝術學系,D 日,M 碩士,42,111
1013,華梵大學,02131025,佛教藝術學系,N 職,M 碩士,42,111
1013,華梵大學,02231006,哲學系,D 日,M 碩士,1,111
1013,華梵大學,02231006,哲學系,N 職,M 碩士,3,111
1013,華梵大學,02299009,東方人文思想研究所,D 日,M 碩士,55,111
1013,華梵大學,02299009,東方人文思想研究所,N 職,M 碩士,38,111
1013,華梵大學,02322003,中國文學系,D 日,M 碩士,1,111
1013,華梵大學,06131011,資訊管理學系,D 日,M 碩士,1,111
1013,華梵大學,06131011,資訊管理學系,N 職,M 碩士,1,111
1013,華梵大學,06132022,智慧生活科技學系,D 日,M 碩士,36,111
1013,華梵大學,06132022,智慧生活科技學系,N 職,M 碩士,33,111
1013,華梵大學,07141012,電子工程學系,D 日,M 碩士,1,111
1013,華梵大學,07311016,建築學系,D 日,M 碩士,0,111
1013,華梵大學,07311016,建築學系,N 職,M 碩士,1,111
1014,義守大學,02122067,傳播與設計學院文創傳播與設計碩士班,D 日,M 碩士,16,111
1014,義守大學,03211008,大眾傳播學系,D 日,M 碩士,0,111
1014,義守大學,04121066,財務金融管理學系,D 日,M 碩士,12,111
1014,義守大學,04131010,企業管理學系,D 日,M 碩士,100,111
1014,義守大學,04131012,管理學院管理碩士在職專班,N 職,M 碩士,100,111
1014,義守大學,04133018,醫務管理學系,D 日,M 碩士,14,111
1014,義守大學,04133018,醫務管理學系,N 職,M 碩士,40,111
1014,義守大學,04134007,公共政策與管理學系,N 職,M 碩士,84,111
1014,義守大學,04199019,工業管理學系,N 職,M 碩士,46,111
1014,義守大學,05121020,生物科技學系,D 日,M 碩士,9,111
1014,義守大學,05121071,智慧醫療暨生物資訊碩士學位學程,D 日,M 碩士,6,111
1014,義守大學,06131024,資訊管理學系,D 日,M 碩士,5,111
1014,義守大學,06131024,資訊管理學系,N 職,M 碩士,67,111
1014,義守大學,06131027,資訊工程學系,D 日,M 碩士,13,111
1014,義守大學,06131027,資訊工程學系,N 職,M 碩士,11,111
1014,義守大學,07111021,生物技術與化學工程研究所,D 日,M 碩士,0,111
1014,義守大學,07111021,生物技術與化學工程研究所,N 職,M 碩士,0,111
1014,義守大學,07111033,化學工程學系生物技術與化學工程碩士班,D 日,M 碩士,6,111
1014,義守大學,07112034,材料科學與工程學系,D 日,M 碩士,30,111
1014,義守大學,07141025,電機工程學系,D 日,M 碩士,38,111
1014,義守大學,07141025,電機工程學系,N 職,M 碩士,3,111
1014,義守大學,07141026,電子工程學系,D 日,M 碩士,19,111
1014,義守大學,07151030,機械與自動化工程學系,D 日,M 碩士,8,111
1014,義守大學,07151030,機械與自動化工程學系,N 職,M 碩士,2,111
1014,義守大學,07193037,生物醫學工程學系,D 日,M 碩士,20,111
1014,義守大學,07321031,土木工程學系,D 日,M 碩士,8,111
1014,義守大學,09121040,學士後中醫學系,D 日,M 碩士,1,111
1014,義守大學,09131046,護理學系,D 日,M 碩士,42,111
1015,世新大學,02111018,廣播電視電影學系,D 日,M 碩士,84,111
1015,世新大學,02111018,廣播電視電影學系,N 職,M 碩士,32,111
1015,世新大學,02112004,數位多媒體設計學系,D 日,M 碩士,25,111
1015,世新大學,02322001,中國文學系,D 日,M 碩士,12,111
1015,世新大學,03111005,經濟學系,D 日,M 碩士,21,111
1015,世新大學,03111005,經濟學系,N 職,M 碩士,0,111
1015,世新大學,03141007,性別研究所,D 日,M 碩士,30,111
1015,世新大學,03141007,性別研究所,N 職,M 碩士,5,111
1015,世新大學,03141008,社會心理學系社會心理暨社會創新碩士班,D 日,M 碩士,16,111
1015,世新大學,03191006,社會發展研究所,D 日,M 碩士,14,111
1015,世新大學,03191006,社會發展研究所,N 職,M 碩士,0,111
1015,世新大學,03212017,新聞學系,D 日,M 碩士,32,111
1015,世新大學,03212017,新聞學系,N 職,M 碩士,1,111
1015,世新大學,03214013,資訊傳播學系,D 日,M 碩士,11,111
1015,世新大學,03214013,資訊傳播學系,N 職,M 碩士,22,111
1015,世新大學,03214014,口語傳播暨社群媒體學系,D 日,M 碩士,18,111
1015,世新大學,03214014,口語傳播暨社群媒體學系,N 職,M 碩士,22,111
1015,世新大學,03214020,圖文傳播暨數位出版學系,D 日,M 碩士,6,111
1015,世新大學,03214020,圖文傳播暨數位出版學系,N 職,M 碩士,0,111
1015,世新大學,04121024,財務金融學系,D 日,M 碩士,13,111
1015,世新大學,04121024,財務金融學系,N 職,M 碩士,29,111
1015,世新大學,04121040,創新金融科技產業碩士專班,D 日,M 碩士,14,111
1015,世新大學,04131023,企業管理學系,D 日,M 碩士,18,111
1015,世新大學,04131023,企業管理學系,N 職,M 碩士,80,111
1015,世新大學,04131047,創新管理暨智慧企業產業碩士專班,D 日,M 碩士,13,111
1015,世新大學,04134009,行政管理學系,D 日,M 碩士,18,111
1015,世新大學,04134009,行政管理學系,N 職,M 碩士,38,111
1015,世新大學,04134010,國際廉能治理碩士在職學位學程,N 職,M 碩士,1,111
1015,世新大學,04134011,非營利與社會企業碩士在職學位學程,N 職,M 碩士,11,111
1015,世新大學,04143019,公共關係暨廣告學系,D 日,M 碩士,37,111
1015,世新大學,04143019,公共關係暨廣告學系,N 職,M 碩士,59,111
1015,世新大學,04199025,傳播管理學系,D 日,M 碩士,23,111
1015,世新大學,04199025,傳播管理學系,N 職,M 碩士,68,111
1015,世新大學,04212026,法律學系,D 日,M 碩士,41,111
1015,世新大學,04212026,法律學系,N 職,M 碩士,77,111
1015,世新大學,04212039,智慧財產暨傳播科技法律研究所,D 日,M 碩士,18,111
1015,世新大學,04212039,智慧財產暨傳播科技法律研究所,N 職,M 碩士,17,111
1015,世新大學,06111042,智能系統暨科技創新產業碩士專班,D 日,M 碩士,15,111
1015,世新大學,06111046,雲端暨智能物聯產業碩士專班,D 日,M 碩士,15,111
1015,世新大學,06131028,資訊管理學系,D 日,M 碩士,34,111
1015,世新大學,06131028,資訊管理學系,N 職,M 碩士,36,111
1015,世新大學,10151029,觀光學系,D 日,M 碩士,15,111
1015,世新大學,10151029,觀光學系,N 職,M 碩士,61,111
1016,銘傳大學,01111052,教育研究所,D 日,M 碩士,20,111
1016,銘傳大學,01111052,教育研究所,N 職,M 碩士,186,111
1016,銘傳大學,02112012,數位媒體設計學系,D 日,M 碩士,25,111
1016,銘傳大學,02112072,商業設計學系設計創作與研究碩士班,D 日,M 碩士,17,111
1016,銘傳大學,02123073,商品設計學系創新設計與管理碩士班,D 日,M 碩士,17,111
1016,銘傳大學,02123073,商品設計學系創新設計與管理碩士在職專班,N 職,M 碩士,11,111
1016,銘傳大學,02311010,應用日語學系,D 日,M 碩士,27,111
1016,銘傳大學,02311031,應用英語學系,D 日,M 碩士,20,111
1016,銘傳大學,02311031,應用英語學系,N 職,M 碩士,24,111
1016,銘傳大學,02322002,應用中國文學系,D 日,M 碩士,16,111
1016,銘傳大學,02322002,應用中國文學系,N 職,M 碩士,16,111
1016,銘傳大學,02323042,華語文教學碩士學位學程,D 日,M 碩士,1,111
1016,銘傳大學,03122004,國際事務碩士學位學程(外國學生專班),D 日,M 碩士,16,111
1016,銘傳大學,03131054,諮商與工商心理學系,D 日,M 碩士,110,111
1016,銘傳大學,03141088,犯罪防治學系,D 日,M 碩士,22,111
1016,銘傳大學,03141088,犯罪防治學系兩岸與犯罪防治碩士在職專班,N 職,M 碩士,50,111
1016,銘傳大學,03213064,新媒體暨傳播管理學系,D 日,M 碩士,31,111
1016,銘傳大學,03213064,新媒體暨傳播管理學系,N 職,M 碩士,27,111
1016,銘傳大學,04111032,會計學系,D 日,M 碩士,22,111
1016,銘傳大學,04121020,財務金融學系,D 日,M 碩士,33,111
1016,銘傳大學,04121020,財務金融學系,N 職,M 碩士,36,111
1016,銘傳大學,04121059,經濟與金融學系,D 日,M 碩士,8,111
1016,銘傳大學,04123056,風險管理與保險學系,D 日,M 碩士,16,111
1016,銘傳大學,04123056,風險管理與保險學系,N 職,M 碩士,18,111
1016,銘傳大學,04131036,企業管理學系,D 日,M 碩士,40,111
1016,銘傳大學,04131036,企業管理學系,N 職,M 碩士,51,111
1016,銘傳大學,04131061,國際企業學系,D 日,M 碩士,60,111
1016,銘傳大學,04131061,國際企業學系,N 職,M 碩士,31,111
1016,銘傳大學,04133022,醫療資訊與管理學系健康產業管理碩士班,D 日,M 碩士,16,111
1016,銘傳大學,04134006,公共事務學系,D 日,M 碩士,0,111
1016,銘傳大學,04134006,公共事務學系,N 職,M 碩士,0,111
1016,銘傳大學,04134099,公共事務與行政管理學系,D 日,M 碩士,11,111
1016,銘傳大學,04134099,公共事務與行政管理學系,N 職,M 碩士,50,111
1016,銘傳大學,04142054,諮商與工商心理學系,N 職,M 碩士,60,111
1016,銘傳大學,04199071,高階經理碩士在職學位學程,N 職,M 碩士,14,111
1016,銘傳大學,04199094,金融科技碩士學位學程,D 日,M 碩士,28,111
1016,銘傳大學,04211039,法律學系,D 日,M 碩士,41,111
1016,銘傳大學,04211039,法律學系,N 職,M 碩士,69,111
1016,銘傳大學,04212024,財金法律學系,D 日,M 碩士,35,111
1016,銘傳大學,05121009,生物科技學系,D 日,M 碩士,22,111
1016,銘傳大學,05421079,應用統計與資料科學學系,D 日,M 碩士,16,111
1016,銘傳大學,06131029,資訊工程學系,D 日,M 碩士,19,111
1016,銘傳大學,06131045,資訊管理學系,D 日,M 碩士,21,111
1016,銘傳大學,06131045,資訊管理學系,N 職,M 碩士,10,111
1016,銘傳大學,06132078,資訊傳播工程學系,D 日,M 碩士,11,111
1016,銘傳大學,06134050,電腦與通訊工程學系,D 日,M 碩士,17,111
1016,銘傳大學,07141025,電子工程學系,D 日,M 碩士,6,111
1016,銘傳大學,07311026,建築學系,D 日,M 碩士,11,111
1016,銘傳大學,07313048,都市規劃與防災學系,D 日,M 碩士,15,111
1016,銘傳大學,07313048,都市規劃與防災學系,N 職,M 碩士,22,111
1016,銘傳大學,10151033,觀光事業學系,D 日,M 碩士,19,111
1016,銘傳大學,10151033,觀光事業學系,N 職,M 碩士,70,111
1017,實踐大學,02112012,媒體傳達設計學系,D 日,M 碩士,45,111
1017,實踐大學,02112012,媒體傳達設計學系,N 職,M 碩士,1,111
1017,實踐大學,02123014,工業產品設計學系,D 日,M 碩士,49,111
1017,實踐大學,02123014,工業產品設計學系,N 職,M 碩士,6,111
1017,實踐大學,02125051,服裝設計學系,D 日,M 碩士,50,111
1017,實踐大學,02125051,服裝設計學系,N 職,M 碩士,37,111
1017,實踐大學,02151001,音樂學系,D 日,M 碩士,25,111
1017,實踐大學,02311004,應用外語學系英語溝通碩士班,D 日,M 碩士,1,111
1017,實踐大學,04121029,財務金融學系,D 日,M 碩士,17,111
1017,實踐大學,04131021,企業管理學系,D 日,M 碩士,25,111
1017,實踐大學,04131021,企業管理學系,N 職,M 碩士,24,111
1017,實踐大學,04131023,國際企業英語碩士學位學程,D 日,M 碩士,17,111
1017,實踐大學,05191043,食品營養與保健生技學系,D 日,M 碩士,9,111
1017,實踐大學,06131037,資訊科技與管理學系,D 日,M 碩士,9,111
1017,實踐大學,06131037,資訊科技與管理學系,N 職,M 碩士,2,111
1017,實踐大學,07311041,建築設計學系,D 日,M 碩士,27,111
1017,實踐大學,09221045,家庭研究與兒童發展學系家庭諮商與輔導碩士班,D 日,M 碩士,47,111
1017,實踐大學,09231044,社會工作學系,D 日,M 碩士,19,111
1017,實踐大學,09299045,家庭研究與兒童發展學系心理分析碩士在職專班,N 職,M 碩士,41,111
1017,實踐大學,10131046,餐飲管理學系餐飲產業創新碩士班,D 日,M 碩士,17,111
1018,朝陽科技大學,02112003,視覺傳達設計系碩士班,D 日,M 碩士,25,111
1018,朝陽科技大學,02123004,工業設計系碩士班,D 日,M 碩士,20,111
1018,朝陽科技大學,02123004,工業設計系,N 職,M 碩士,3,111
1018,朝陽科技大學,02311001,應用英語系碩士班,D 日,M 碩士,20,111
1018,朝陽科技大學,04111007,會計系碩士班,D 日,M 碩士,13,111
1018,朝陽科技大學,04121010,財務金融系碩士班,D 日,M 碩士,18,111
1018,朝陽科技大學,04121010,財務金融系碩士在職專班,N 職,M 碩士,23,111
1018,朝陽科技大學,04123011,保險金融管理系碩士班,D 日,M 碩士,20,111
1018,朝陽科技大學,04123011,保險金融管理系碩士在職專班,N 職,M 碩士,36,111
1018,朝陽科技大學,04131008,企業管理系碩士班,D 日,M 碩士,45,111
1018,朝陽科技大學,04131008,企業管理系碩士在職專班,N 職,M 碩士,53,111
1018,朝陽科技大學,04132012,行銷與流通管理系碩士班,D 日,M 碩士,22,111
1018,朝陽科技大學,04199014,銀髮產業管理系碩士班,D 日,M 碩士,31,111
1018,朝陽科技大學,05311017,應用化學系碩士班,D 日,M 碩士,8,111
1018,朝陽科技大學,05311017,應用化學系碩士在職專班,N 職,M 碩士,7,111
1018,朝陽科技大學,06131019,資訊管理系碩士班,D 日,M 碩士,36,111
1018,朝陽科技大學,06131019,資訊管理系碩士在職專班,N 職,M 碩士,7,111
1018,朝陽科技大學,06132023,資訊與通訊系碩士班,D 日,M 碩士,55,111
1018,朝陽科技大學,07121027,環境工程與管理系碩士班,D 日,M 碩士,40,111
1018,朝陽科技大學,07121027,環境工程與管理系,N 職,M 碩士,5,111
1018,朝陽科技大學,07141020,資訊工程系碩士班,D 日,M 碩士,40,111
1018,朝陽科技大學,07141020,資訊工程系碩士在職專班,N 職,M 碩士,5,111
1018,朝陽科技大學,07191026,工業工程與管理系碩士班,D 日,M 碩士,39,111
1018,朝陽科技大學,07191026,工業工程與管理系,N 職,M 碩士,5,111
1018,朝陽科技大學,07311028,建築系建築及都市設計碩士班,D 日,M 碩士,25,111
1018,朝陽科技大學,07312031,景觀及都市設計系碩士班,D 日,M 碩士,18,111
1018,朝陽科技大學,07321025,營建工程系碩士班,D 日,M 碩士,37,111
1018,朝陽科技大學,07321025,營建工程系,N 職,M 碩士,5,111
1018,朝陽科技大學,09221035,幼兒保育系碩士班,D 日,M 碩士,45,111
1018,朝陽科技大學,09221035,幼兒保育系碩士在職專班,N 職,M 碩士,72,111
1018,朝陽科技大學,09231034,社會工作系碩士班,D 日,M 碩士,23,111
1018,朝陽科技大學,09231034,社會工作系碩士在職專班,N 職,M 碩士,21,111
1018,朝陽科技大學,10152036,休閒事業管理系碩士班,D 日,M 碩士,29,111
1018,朝陽科技大學,10152036,休閒事業管理系碩士在職專班,N 職,M 碩士,34,111
1019,高雄醫學大學,03131002,心理學系,D 日,M 碩士,78,111
1019,高雄醫學大學,03141001,性別研究所,D 日,M 碩士,34,111
1019,高雄醫學大學,04133003,醫務管理暨醫療資訊學系,D 日,M 碩士,23,111
1019,高雄醫學大學,04133003,醫務管理暨醫療資訊學系,N 職,M 碩士,61,111
1019,高雄醫學大學,05111016,生物醫學暨環境生物學系,D 日,M 碩士,9,111
1019,高雄醫學大學,05121005,生物科技學系,D 日,M 碩士,10,111
1019,高雄醫學大學,05199052,生命科學院醫藥化學暨生物科技碩士班,D 日,M 碩士,5,111
1019,高雄醫學大學,05311017,醫藥暨應用化學系,D 日,M 碩士,21,111
1019,高雄醫學大學,06132053,人工智慧健康產業應用碩士學位學程,D 日,M 碩士,6,111
1019,高雄醫學大學,09111044,牙醫學系,D 日,M 碩士,21,111
1019,高雄醫學大學,09111044,牙醫學系,N 職,M 碩士,10,111
1019,高雄醫學大學,09111046,口腔衛生學系,D 日,M 碩士,8,111
1019,高雄醫學大學,09111046,口腔衛生學系,N 職,M 碩士,25,111
1019,高雄醫學大學,09121011,醫學研究所,D 日,M 碩士,78,111
1019,高雄醫學大學,09121018,臨床醫學研究所,D 日,M 碩士,38,111
1019,高雄醫學大學,09121019,熱帶醫學碩士學位學程,D 日,M 碩士,14,111
1019,高雄醫學大學,09131032,護理學系,D 日,M 碩士,74,111
1019,高雄醫學大學,09141036,醫學檢驗生物技術學系,D 日,M 碩士,21,111
1019,高雄醫學大學,09141037,醫學影像暨放射科學系,D 日,M 碩士,8,111
1019,高雄醫學大學,09141037,醫學影像暨放射科學系,N 職,M 碩士,22,111
1019,高雄醫學大學,09151028,物理治療學系,D 日,M 碩士,19,111
1019,高雄醫學大學,09152029,職能治療學系,D 日,M 碩士,10,111
1019,高雄醫學大學,09152029,職能治療學系,N 職,M 碩士,3,111
1019,高雄醫學大學,09159030,運動醫學系,D 日,M 碩士,21,111
1019,高雄醫學大學,09159030,運動醫學系,N 職,M 碩士,76,111
1019,高雄醫學大學,09161024,藥學系,D 日,M 碩士,55,111
1019,高雄醫學大學,09161024,藥學系,N 職,M 碩士,33,111
1019,高雄醫學大學,09161026,天然藥物研究所,D 日,M 碩士,18,111
1019,高雄醫學大學,09161027,香粧品學系,D 日,M 碩士,17,111
1019,高雄醫學大學,09161047,毒理學碩士學位學程,D 日,M 碩士,4,111
1019,高雄醫學大學,09191021,公共衛生學系,D 日,M 碩士,34,111
1019,高雄醫學大學,09211048,高齡長期照護碩士學位學程,D 日,M 碩士,43,111
1019,高雄醫學大學,09231049,醫學社會學與社會工作學系,D 日,M 碩士,32,111
1020,南華大學,01121001,幼兒教育學系,D 日,M 碩士,24,111
1020,南華大學,02111059,視覺藝術與設計學系,D 日,M 碩士,29,111
1020,南華大學,02122062,產品與室內設計學系,D 日,M 碩士,19,111
1020,南華大學,02151003,民族音樂學系,D 日,M 碩士,30,111
1020,南華大學,02211010,宗教學研究所,D 日,M 碩士,43,111
1020,南華大學,02211010,宗教學研究所,N 職,M 碩士,41,111
1020,南華大學,02299011,生死學系,D 日,M 碩士,83,111
1020,南華大學,02299011,生死學系,N 職,M 碩士,140,111
1020,南華大學,02322009,文學系,D 日,M 碩士,31,111
1020,南華大學,02322009,文學系,N 職,M 碩士,15,111
1020,南華大學,03122019,國際事務與企業學系,D 日,M 碩士,43,111
1020,南華大學,03141017,應用社會學系社會學碩士班,D 日,M 碩士,38,111
1020,南華大學,03214026,傳播學系,D 日,M 碩士,18,111
1020,南華大學,04121031,財務金融學系財務管理碩士班,D 日,M 碩士,14,111
1020,南華大學,04121031,財務金融學系財務管理碩士在職專班,N 職,M 碩士,17,111
1020,南華大學,04131029,企業管理學系管理科學碩士班,D 日,M 碩士,26,111
1020,南華大學,04131029,企業管理越南境外碩士在職專班,N 職,M 碩士,26,111
1020,南華大學,04199033,文化創意事業管理學系,D 日,M 碩士,15,111
1020,南華大學,04199033,文化創意事業管理學系,N 職,M 碩士,17,111
1020,南華大學,05211060,科技學院永續綠色科技碩士學位學程,D 日,M 碩士,21,111
1020,南華大學,05211060,永續綠色科技碩士在職學位學程,N 職,M 碩士,19,111
1020,南華大學,06131042,資訊管理學系,D 日,M 碩士,13,111
1020,南華大學,06131042,資訊管理學系,N 職,M 碩士,20,111
1020,南華大學,07311045,建築與景觀學系,D 日,M 碩士,19,111
1020,南華大學,09171040,自然生物科技學系自然療癒碩士班,D 日,M 碩士,32,111
1020,南華大學,09171040,自然生物科技學系自然療癒碩士在職專班,N 職,M 碩士,40,111
1020,南華大學,10151048,旅遊管理學系旅遊管理碩士班,D 日,M 碩士,16,111
1020,南華大學,10151048,旅遊管理學系,N 職,M 碩士,8,111
1021,真理大學,02211064,宗教文化與資訊管理學系,D 日,M 碩士,17,111
1021,真理大學,02211064,宗教文化與資訊管理學系,N 職,M 碩士,6,111
1021,真理大學,03111014,經濟學系,D 日,M 碩士,12,111
1021,真理大學,04131020,企業管理學系,D 日,M 碩士,22,111
1021,真理大學,04131020,企業管理學系,N 職,M 碩士,8,111
1021,真理大學,04199057,運動管理學系,D 日,M 碩士,19,111
1021,真理大學,04211031,法律學系,D 日,M 碩士,20,111
1021,真理大學,05499065,統計資訊與精算學系,D 日,M 碩士,9,111
1021,真理大學,06131041,資訊工程學系,D 日,M 碩士,9,111
1021,真理大學,10151044,觀光事業學系,D 日,M 碩士,16,111
1022,大同大學,02112004,媒體設計學系,D 日,M 碩士,29,111
1022,大同大學,02123005,工業設計學系,D 日,M 碩士,35,111
1022,大同大學,02123005,工業設計學系,N 職,M 碩士,21,111
1022,大同大學,04131007,事業經營學系,D 日,M 碩士,25,111
1022,大同大學,04131007,事業經營學系,N 職,M 碩士,24,111
1022,大同大學,06131006,資訊經營學系,D 日,M 碩士,6,111
1022,大同大學,06131006,資訊經營學系,N 職,M 碩士,22,111
1022,大同大學,06131012,資訊工程學系,D 日,M 碩士,36,111
1022,大同大學,06131012,資訊工程學系,N 職,M 碩士,41,111
1022,大同大學,07111021,化學工程與生物科技學系,D 日,M 碩士,24,111
1022,大同大學,07111021,化學工程與生物科技學系,N 職,M 碩士,7,111
1022,大同大學,07141010,電機工程學系,D 日,M 碩士,39,111
1022,大同大學,07141010,電機工程學系,N 職,M 碩士,32,111
1022,大同大學,07141013,通訊工程研究所,D 日,M 碩士,0,111
1022,大同大學,07141013,通訊工程研究所,N 職,M 碩士,2,111
1022,大同大學,07151023,機械與材料工程學系,D 日,M 碩士,29,111
1022,大同大學,07194019,工程管理學位學程碩士在職專班,N 職,M 碩士,0,111
1023,南臺科技大學,01111065,人文社會學院教育經營碩士班,D 日,M 碩士,24,111
1023,南臺科技大學,01111065,人文社會學院教育經營碩士在職專班,N 職,M 碩士,63,111
1023,南臺科技大學,02112008,視覺傳達設計系碩士班,D 日,M 碩士,34,111
1023,南臺科技大學,02123010,創新產品設計系碩士班,D 日,M 碩士,21,111
1023,南臺科技大學,02311005,應用英語系碩士班,D 日,M 碩士,15,111
1023,南臺科技大學,02311005,應用英語系碩士在職專班,N 職,M 碩士,6,111
1023,南臺科技大學,02311006,應用日語系碩士班,D 日,M 碩士,18,111
1023,南臺科技大學,03214011,資訊傳播系碩士班,D 日,M 碩士,16,111
1023,南臺科技大學,04111013,會計資訊系,D 日,M 碩士,2,111
1023,南臺科技大學,04121021,財務金融系碩士班,D 日,M 碩士,0,111
1023,南臺科技大學,04131015,企業管理系碩士班,D 日,M 碩士,35,111
1023,南臺科技大學,04131015,企業管理系碩士在職專班,N 職,M 碩士,36,111
1023,南臺科技大學,04131029,高階主管企管碩士在職專班,N 職,M 碩士,42,111
1023,南臺科技大學,04132024,行銷與流通管理系碩士班,D 日,M 碩士,4,111
1023,南臺科技大學,04132024,行銷與流通管理系碩士在職專班,N 職,M 碩士,39,111
1023,南臺科技大學,04199060,工業管理與資訊系工業管理碩士在職專班,N 職,M 碩士,17,111
1023,南臺科技大學,04199064,商管學院全球經營管理碩士班,D 日,M 碩士,127,111
1023,南臺科技大學,04212033,財經法律研究所,D 日,M 碩士,27,111
1023,南臺科技大學,04212033,財經法律研究所,N 職,M 碩士,31,111
1023,南臺科技大學,05121063,生物與食品科技系碩士班,D 日,M 碩士,18,111
1023,南臺科技大學,05121063,生物與食品科技系碩士在職專班,N 職,M 碩士,1,111
1023,南臺科技大學,06131036,資訊管理系碩士班,D 日,M 碩士,34,111
1023,南臺科技大學,06131036,資訊管理系碩士在職專班,N 職,M 碩士,27,111
1023,南臺科技大學,06131043,資訊工程系碩士班,D 日,M 碩士,29,111
1023,南臺科技大學,06132038,多媒體與電腦娛樂科學系碩士班,D 日,M 碩士,28,111
1023,南臺科技大學,06134061,大數據分析碩士在職學位學程,N 職,M 碩士,15,111
1023,南臺科技大學,07111048,化學工程與材料工程系碩士班,D 日,M 碩士,43,111
1023,南臺科技大學,07141039,電機工程系碩士班,D 日,M 碩士,55,111
1023,南臺科技大學,07141040,電子工程系碩士班,D 日,M 碩士,72,111
1023,南臺科技大學,07141042,光電工程系碩士班,D 日,M 碩士,15,111
1023,南臺科技大學,07151045,機械工程系碩士班,D 日,M 碩士,65,111
1023,南臺科技大學,10131056,餐旅管理系碩士班,D 日,M 碩士,25,111
1023,南臺科技大學,10152058,休閒事業管理系碩士班,D 日,M 碩士,34,111
1023,南臺科技大學,10152058,休閒事業管理系碩士在職專班,N 職,M 碩士,44,111
1024,崑山科技大學,02111009,視訊傳播設計系媒體藝術碩士班,D 日,M 碩士,25,111
1024,崑山科技大學,02112004,視覺傳達設計系碩士班,D 日,M 碩士,23,111
1024,崑山科技大學,02112004,視覺傳達設計系碩士在職專班,N 職,M 碩士,11,111
1024,崑山科技大學,02122007,空間設計系環境設計碩士班,D 日,M 碩士,9,111
1024,崑山科技大學,04131015,企業管理系碩士班,D 日,M 碩士,52,111
1024,崑山科技大學,04131015,企業管理系碩士在職專班,N 職,M 碩士,41,111
1024,崑山科技大學,04141049,全球商務與行銷系國際商務與金融碩士班,D 日,M 碩士,1,111
1024,崑山科技大學,04199022,房地產開發與管理系碩士班,D 日,M 碩士,47,111
1024,崑山科技大學,04199022,房地產開發與管理系碩士在職專班,N 職,M 碩士,12,111
1024,崑山科技大學,06131023,資訊管理系碩士班,D 日,M 碩士,26,111
1024,崑山科技大學,06131023,資訊管理系碩士在職專班,N 職,M 碩士,40,111
1024,崑山科技大學,06131028,資訊工程系碩士班,D 日,M 碩士,15,111
1024,崑山科技大學,06131028,資訊工程系碩士在職專班,N 職,M 碩士,0,111
1024,崑山科技大學,07112034,材料工程系碩士班,D 日,M 碩士,5,111
1024,崑山科技大學,07112034,材料工程系碩士在職專班,N 職,M 碩士,4,111
1024,崑山科技大學,07121038,環境工程系碩士班,D 日,M 碩士,13,111
1024,崑山科技大學,07121038,環境工程系碩士在職專班,N 職,M 碩士,18,111
1024,崑山科技大學,07141025,電機工程系碩士班,D 日,M 碩士,28,111
1024,崑山科技大學,07141025,電機工程系碩士在職專班,N 職,M 碩士,24,111
1024,崑山科技大學,07141026,電子工程系碩士班,D 日,M 碩士,21,111
1024,崑山科技大學,07141051,智慧機器人工程系碩士班,D 日,M 碩士,12,111
1024,崑山科技大學,07141051,智慧機器人工程系碩士在職專班,N 職,M 碩士,5,111
1024,崑山科技大學,07151030,機械工程系碩士班,D 日,M 碩士,30,111
1024,崑山科技大學,07151030,機械工程系碩士在職專班,N 職,M 碩士,17,111
1025,嘉南藥理大學,04133003,醫務管理系碩士班,D 日,M 碩士,29,111
1025,嘉南藥理大學,04133003,醫務管理系碩士在職專班,N 職,M 碩士,52,111
1025,嘉南藥理大學,05191015,保健營養系碩士班,D 日,M 碩士,15,111
1025,嘉南藥理大學,05191015,保健營養系,N 職,M 碩士,0,111
1025,嘉南藥理大學,05211027,環境資源管理系,D 日,M 碩士,2,111
1025,嘉南藥理大學,07121009,環境工程與科學系碩士班,D 日,M 碩士,39,111
1025,嘉南藥理大學,07121009,環境工程與科學系碩士在職專班,N 職,M 碩士,19,111
1025,嘉南藥理大學,09161012,藥學系碩士班,D 日,M 碩士,11,111
1025,嘉南藥理大學,09161012,藥學系碩士在職專班,N 職,M 碩士,18,111
1025,嘉南藥理大學,10121024,化粧品應用與管理系化粧品科技碩士班,D 日,M 碩士,35,111
1025,嘉南藥理大學,10121024,化粧品應用與管理系化粧品科技碩士在職專班,N 職,M 碩士,38,111
1025,嘉南藥理大學,10151020,觀光事業管理系溫泉產業碩士在職專班,N 職,M 碩士,22,111
1025,嘉南藥理大學,10152021,休閒保健管理系碩士班,D 日,M 碩士,32,111
1025,嘉南藥理大學,10221011,職業安全衛生系產業安全衛生與防災碩士班,D 日,M 碩士,1,111
1025,嘉南藥理大學,10221011,職業安全衛生系產業安全衛生與防災碩士在職專班,N 職,M 碩士,43,111
1026,樹德科技大學,02112009,視覺傳達設計系碩士在職專班,N 職,M 碩士,10,111
1026,樹德科技大學,02122005,應用設計研究所,D 日,M 碩士,27,111
1026,樹德科技大學,02122005,應用設計研究所,N 職,M 碩士,18,111
1026,樹德科技大學,02123010,生活產品設計系碩士在職專班,N 職,M 碩士,19,111
1026,樹德科技大學,02124012,建築與室內設計研究所,D 日,M 碩士,14,111
1026,樹德科技大學,02124012,建築與室內設計研究所,N 職,M 碩士,28,111
1026,樹德科技大學,04121026,金融管理系碩士班,D 日,M 碩士,19,111
1026,樹德科技大學,04121026,金融管理系碩士在職專班,N 職,M 碩士,39,111
1026,樹德科技大學,04131017,經營管理研究所,D 日,M 碩士,32,111
1026,樹德科技大學,04131017,經營管理研究所,N 職,M 碩士,68,111
1026,樹德科技大學,04141021,會展管理與貿易行銷碩士在職學位學程,N 職,M 碩士,23,111
1026,樹德科技大學,06121032,資訊管理系碩士班,D 日,M 碩士,10,111
1026,樹德科技大學,06121032,資訊管理系碩士在職專班,N 職,M 碩士,24,111
1026,樹德科技大學,06131033,資訊工程系碩士班,D 日,M 碩士,27,111
1026,樹德科技大學,06131033,資訊工程系資訊技術與管理數位學習碩士在職專班,N 職,M 碩士,7,111
1026,樹德科技大學,07141034,電腦與通訊系碩士班,D 日,M 碩士,20,111
1026,樹德科技大學,09221038,兒童與家庭服務系碩士班,D 日,M 碩士,29,111
1026,樹德科技大學,09221038,兒童與家庭服務系碩士在職專班,N 職,M 碩士,23,111
1026,樹德科技大學,99999045,人類性學研究所,D 日,M 碩士,55,111
1026,樹德科技大學,99999045,人類性學研究所,N 職,M 碩士,64,111
1027,慈濟大學,01111001,教育研究所,D 日,M 碩士,18,111
1027,慈濟大學,01111001,教育研究所,N 職,M 碩士,14,111
1027,慈濟大學,02211005,宗教與人文研究所,D 日,M 碩士,37,111
1027,慈濟大學,02322004,東方語文學系,D 日,M 碩士,15,111
1027,慈濟大學,03131008,人類發展與心理學系,D 日,M 碩士,49,111
1027,慈濟大學,03214009,傳播學系,D 日,M 碩士,12,111
1027,慈濟大學,05111010,生命科學系,D 日,M 碩士,18,111
1027,慈濟大學,05121012,分子生物暨人類遺傳學系,D 日,M 碩士,19,111
1027,慈濟大學,06133032,醫學資訊學系,D 日,M 碩士,27,111
1027,慈濟大學,09121015,醫學系生物醫學碩士班,D 日,M 碩士,38,111
1027,慈濟大學,09131028,護理學系,D 日,M 碩士,68,111
1027,慈濟大學,09131028,護理學系,N 職,M 碩士,5,111
1027,慈濟大學,09141031,醫學檢驗生物技術學系醫學生物技術碩士班,D 日,M 碩士,16,111
1027,慈濟大學,09151027,物理治療學系,D 日,M 碩士,11,111
1027,慈濟大學,09161037,臨床藥學研究所,D 日,M 碩士,1,111
1027,慈濟大學,09191024,公共衛生學系,D 日,M 碩士,34,111
1027,慈濟大學,09231034,社會工作學系,D 日,M 碩士,20,111
1028,臺北醫學大學,03131057,心智意識與腦科學研究所,D 日,M 碩士,17,111
1028,臺北醫學大學,03199001,醫學人文研究所,D 日,M 碩士,18,111
1028,臺北醫學大學,04133002,醫務管理學系,D 日,M 碩士,43,111
1028,臺北醫學大學,04133002,醫務管理學系,N 職,M 碩士,20,111
1028,臺北醫學大學,04199050,管理學院生物科技高階管理碩士在職專班,N 職,M 碩士,37,111
1028,臺北醫學大學,04212003,醫療暨生物科技法律研究所,D 日,M 碩士,18,111
1028,臺北醫學大學,05121016,醫學科學研究所,D 日,M 碩士,54,111
1028,臺北醫學大學,05191032,保健營養學系,D 日,M 碩士,45,111
1028,臺北醫學大學,05191032,保健營養學系,N 職,M 碩士,27,111
1028,臺北醫學大學,06131042,醫學資訊研究所,D 日,M 碩士,28,111
1028,臺北醫學大學,06131042,醫學資訊研究所,N 職,M 碩士,23,111
1028,臺北醫學大學,06199051,大數據科技及管理研究所,D 日,M 碩士,25,111
1028,臺北醫學大學,07112008,生醫材料暨組織工程研究所,D 日,M 碩士,25,111
1028,臺北醫學大學,07112010,奈米醫學工程研究所,D 日,M 碩士,11,111
1028,臺北醫學大學,07151053,生醫光機電研究所,D 日,M 碩士,13,111
1028,臺北醫學大學,07211012,食品安全碩士學位學程,D 日,M 碩士,19,111
1028,臺北醫學大學,09111044,牙醫學系,D 日,M 碩士,30,111
1028,臺北醫學大學,09111045,牙體技術學系,D 日,M 碩士,11,111
1028,臺北醫學大學,09121014,臨床醫學研究所,D 日,M 碩士,13,111
1028,臺北醫學大學,09121014,臨床醫學研究所應用實證醫學碩士在職專班,N 職,M 碩士,17,111
1028,臺北醫學大學,09121019,國際醫學研究碩士學位學程,D 日,M 碩士,5,111
1028,臺北醫學大學,09121066,國際神經醫學碩士學位學程,D 日,M 碩士,2,111
1028,臺北醫學大學,09121067,細胞治療產業碩士專班,D 日,M 碩士,4,111
1028,臺北醫學大學,09131037,護理學系,D 日,M 碩士,67,111
1028,臺北醫學大學,09131037,護理學系,N 職,M 碩士,97,111
1028,臺北醫學大學,09141041,醫學檢驗暨生物技術學系,D 日,M 碩士,19,111
1028,臺北醫學大學,09141041,醫學檢驗暨生物技術學系,N 職,M 碩士,12,111
1028,臺北醫學大學,09141058,醫學院人工智慧醫療碩士在職專班,N 職,M 碩士,37,111
1028,臺北醫學大學,09161024,藥學系,D 日,M 碩士,57,111
1028,臺北醫學大學,09161024,藥學系臨床藥學碩士在職專班,N 職,M 碩士,29,111
1028,臺北醫學大學,09161026,生藥學研究所,D 日,M 碩士,19,111
1028,臺北醫學大學,09161028,癌症生物學與藥物研發研究所,D 日,M 碩士,15,111
1028,臺北醫學大學,09191020,公共衛生學系,D 日,M 碩士,24,111
1028,臺北醫學大學,09191022,傷害防治學研究所,D 日,M 碩士,18,111
1028,臺北醫學大學,09191022,傷害防治學研究所失能暨復健碩士在職專班,N 職,M 碩士,1,111
1028,臺北醫學大學,09191023,全球衛生暨發展碩士學位學程,D 日,M 碩士,15,111
1028,臺北醫學大學,09191063,應用流行病學碩士學位學程,D 日,M 碩士,7,111
1028,臺北醫學大學,09199035,呼吸治療學系胸腔醫學碩士班,D 日,M 碩士,12,111
1028,臺北醫學大學,09199052,代謝與肥胖科學研究所,D 日,M 碩士,15,111
1028,臺北醫學大學,09199064,臨床基因體學暨蛋白質體學碩士學位學程,D 日,M 碩士,7,111
1028,臺北醫學大學,09211049,高齡健康管理學系,D 日,M 碩士,0,111
1028,臺北醫學大學,09211065,高齡健康暨長期照護學系,D 日,M 碩士,29,111
1028,臺北醫學大學,09212034,長期照護碩士學位學程,D 日,M 碩士,14,111
1029,中山醫學大學,03131004,心理學系臨床心理學碩士班,D 日,M 碩士,81,111
1029,中山醫學大學,04133006,醫療產業科技管理學系,D 日,M 碩士,12,111
1029,中山醫學大學,05124012,生物醫學科學學系,D 日,M 碩士,12,111
1029,中山醫學大學,05191026,營養學系,D 日,M 碩士,44,111
1029,中山醫學大學,05399015,醫學應用化學系,D 日,M 碩士,8,111
1029,中山醫學大學,06131033,醫學資訊學系,D 日,M 碩士,5,111
1029,中山醫學大學,09111038,牙醫學系,D 日,M 碩士,19,111
1029,中山醫學大學,09111039,口腔科學研究所,D 日,M 碩士,17,111
1029,中山醫學大學,09121018,醫學研究所,D 日,M 碩士,88,111
1029,中山醫學大學,09121018,醫學研究所,N 職,M 碩士,0,111
1029,中山醫學大學,09131028,護理學系,D 日,M 碩士,57,111
1029,中山醫學大學,09131028,護理學系長期照護碩士在職專班,N 職,M 碩士,69,111
1029,中山醫學大學,09141030,醫學檢驗暨生物技術學系,D 日,M 碩士,11,111
1029,中山醫學大學,09141030,醫學檢驗暨生物技術學系,N 職,M 碩士,1,111
1029,中山醫學大學,09141031,醫學影像暨放射科學系,D 日,M 碩士,15,111
1029,中山醫學大學,09141032,視光學系,D 日,M 碩士,28,111
1029,中山醫學大學,09151022,物理治療學系,D 日,M 碩士,9,111
1029,中山醫學大學,09152023,職能治療學系,D 日,M 碩士,16,111
1029,中山醫學大學,09153024,語言治療與聽力學系,D 日,M 碩士,44,111
1029,中山醫學大學,09191020,公共衛生學系,D 日,M 碩士,21,111
1029,中山醫學大學,09199048,健康管理學院國際健康產業經營管理碩士在職專班,N 職,M 碩士,98,111
1029,中山醫學大學,09231045,醫學社會暨社會工作學系,D 日,M 碩士,29,111
1029,中山醫學大學,10131049,健康產業科技管理學系,D 日,M 碩士,10,111
1029,中山醫學大學,10221021,職業安全衛生學系,D 日,M 碩士,11,111
1029,中山醫學大學,10221021,職業安全衛生學系,N 職,M 碩士,0,111
1030,龍華科技大學,02112011,多媒體與遊戲發展科學系碩士班,D 日,M 碩士,42,111
1030,龍華科技大學,04131004,企業管理系碩士班,D 日,M 碩士,88,111
1030,龍華科技大學,04131004,企業管理系碩士在職專班,N 職,M 碩士,63,111
1030,龍華科技大學,06131009,資訊管理系碩士班,D 日,M 碩士,36,111
1030,龍華科技大學,06131009,資訊管理系碩士在職專班,N 職,M 碩士,20,111
1030,龍華科技大學,06131015,資訊網路工程系碩士班,D 日,M 碩士,24,111
1030,龍華科技大學,07111018,化工與材料工程系碩士班,D 日,M 碩士,36,111
1030,龍華科技大學,07141013,電機工程系碩士班,D 日,M 碩士,33,111
1030,龍華科技大學,07141014,電子工程系碩士班,D 日,M 碩士,41,111
1030,龍華科技大學,07151016,機械工程系碩士班,D 日,M 碩士,40,111
1030,龍華科技大學,07151016,機械工程系碩士在職專班,N 職,M 碩士,39,111
1030,龍華科技大學,10151001,應用外語系國際觀光與會展碩士班,D 日,M 碩士,19,111
1031,輔英科技大學,04133003,健康事業管理系碩士班,D 日,M 碩士,35,111
1031,輔英科技大學,05121006,生物科技系碩士班,D 日,M 碩士,14,111
1031,輔英科技大學,05191018,保健營養系碩士班,D 日,M 碩士,10,111
1031,輔英科技大學,07121012,環境工程與科學系碩士班,D 日,M 碩士,23,111
1031,輔英科技大學,09131019,護理系碩士班,D 日,M 碩士,52,111
1031,輔英科技大學,09131019,護理系碩士在職專班,N 職,M 碩士,79,111
1031,輔英科技大學,09141024,醫學檢驗生物技術系碩士班,D 日,M 碩士,9,111
1031,輔英科技大學,09211027,高齡及長期照護事業系碩士班,D 日,M 碩士,11,111
1032,明新科技大學,04131002,企業管理系管理碩士班,D 日,M 碩士,83,111
1032,明新科技大學,04131002,企業管理系管理碩士在職專班,N 職,M 碩士,173,111
1032,明新科技大學,04131003,管理研究所,D 日,M 碩士,0,111
1032,明新科技大學,04131003,管理研究所,N 職,M 碩士,0,111
1032,明新科技大學,06131009,資訊管理系碩士班,D 日,M 碩士,17,111
1032,明新科技大學,07111022,化學工程與材料科技系碩士班,D 日,M 碩士,0,111
1032,明新科技大學,07111022,化學工程與材料科技系碩士在職專班,N 職,M 碩士,0,111
1032,明新科技大學,07112042,應用材料科技系碩士班,D 日,M 碩士,23,111
1032,明新科技大學,07112042,應用材料科技系碩士在職專班,N 職,M 碩士,15,111
1032,明新科技大學,07141011,電機工程系碩士班,D 日,M 碩士,42,111
1032,明新科技大學,07141011,電機工程系碩士在職專班,N 職,M 碩士,22,111
1032,明新科技大學,07141012,電子工程系碩士班,D 日,M 碩士,14,111
1032,明新科技大學,07141012,電子工程系碩士在職專班,N 職,M 碩士,25,111
1032,明新科技大學,07141037,光電工程系碩士班,D 日,M 碩士,0,111
1032,明新科技大學,07141043,半導體與光電科技系碩士班,D 日,M 碩士,19,111
1032,明新科技大學,07151016,機械工程系精密機電工程碩士班,D 日,M 碩士,55,111
1032,明新科技大學,07151016,機械工程系精密機電工程碩士在職專班,N 職,M 碩士,11,111
1032,明新科技大學,07191024,工業工程與管理系碩士班,D 日,M 碩士,19,111
1032,明新科技大學,07191024,工業工程與管理系碩士在職專班,N 職,M 碩士,32,111
1032,明新科技大學,07321020,土木工程與環境資源管理系碩士班,D 日,M 碩士,19,111
1032,明新科技大學,07321020,土木工程與環境資源管理系碩士在職專班,N 職,M 碩士,26,111
1032,明新科技大學,09211038,樂齡服務產業管理系服務產業管理碩士班,D 日,M 碩士,45,111
1032,明新科技大學,09221027,幼兒保育系碩士班,D 日,M 碩士,7,111
1032,明新科技大學,10199035,服務產業暨管理研究所,D 日,M 碩士,0,111
1033,長榮大學,02131001,美術學系,D 日,M 碩士,29,111
1033,長榮大學,02211011,神學系,D 日,M 碩士,16,111
1033,長榮大學,02312007,翻譯學系,D 日,M 碩士,14,111
1033,長榮大學,02312007,翻譯學系,N 職,M 碩士,2,111
1033,長榮大學,04131026,經營管理研究所,D 日,M 碩士,41,111
1033,長榮大學,04131033,高階管理碩士在職專班,N 職,M 碩士,30,111
1033,長榮大學,04133031,醫務管理學系,D 日,M 碩士,12,111
1033,長榮大學,04133031,醫務管理學系,N 職,M 碩士,5,111
1033,長榮大學,04134080,應用社會科學碩士在職學位學程,N 職,M 碩士,18,111
1033,長榮大學,06111072,資訊暨設計碩士學位學程,D 日,M 碩士,11,111
1033,長榮大學,07313042,土地管理與開發學系,D 日,M 碩士,3,111
1033,長榮大學,09121044,醫學研究所,D 日,M 碩士,5,111
1033,長榮大學,09131049,護理學系,D 日,M 碩士,49,111
1033,長榮大學,09231055,社會工作學系,D 日,M 碩士,17,111
1033,長榮大學,10141058,運動競技學系,D 日,M 碩士,20,111
1033,長榮大學,10221045,職業安全與衛生學系,D 日,M 碩士,11,111
1033,長榮大學,10221045,職業安全與衛生學系,N 職,M 碩士,33,111
1033,長榮大學,10221082,安全衛生科學碩士學位學程,D 日,M 碩士,14,111
1033,長榮大學,10221082,安全衛生科學碩士在職學位學程,N 職,M 碩士,8,111
1033,長榮大學,10412061,航運管理學系,D 日,M 碩士,2,111
1034,弘光科技大學,04133005,健康事業管理系碩士班,D 日,M 碩士,25,111
1034,弘光科技大學,05121008,生物科技系,D 日,M 碩士,2,111
1034,弘光科技大學,05191023,營養系碩士班,D 日,M 碩士,7,111
1034,弘光科技大學,05191024,營養醫學研究所,D 日,M 碩士,0,111
1034,弘光科技大學,07121012,環境工程研究所,D 日,M 碩士,0,111
1034,弘光科技大學,07121012,環境工程研究所,N 職,M 碩士,0,111
1034,弘光科技大學,07121014,環境與安全衛生工程系碩士班,D 日,M 碩士,29,111
1034,弘光科技大學,07121014,環境與安全衛生工程系碩士在職專班,N 職,M 碩士,20,111
1034,弘光科技大學,07211017,食品科技系碩士班,D 日,M 碩士,17,111
1034,弘光科技大學,07211017,食品科技系碩士在職專班,N 職,M 碩士,13,111
1034,弘光科技大學,09131025,護理系碩士班,D 日,M 碩士,48,111
1034,弘光科技大學,09131025,護理系碩士在職專班,N 職,M 碩士,50,111
1034,弘光科技大學,09211037,老人福利與長期照顧事業系碩士班,D 日,M 碩士,25,111
1034,弘光科技大學,10121031,化妝品應用系碩士班,D 日,M 碩士,31,111
1034,弘光科技大學,10121031,化妝品應用系碩士在職專班,N 職,M 碩士,19,111
1034,弘光科技大學,10221035,職業安全與防災研究所,D 日,M 碩士,0,111
1035,中國醫藥大學,04133029,醫務管理學系,D 日,M 碩士,32,111
1035,中國醫藥大學,04133029,醫務管理學系,N 職,M 碩士,44,111
1035,中國醫藥大學,04199058,科技管理碩士學位學程,D 日,M 碩士,3,111
1035,中國醫藥大學,04212057,科技法律碩士學位學程,D 日,M 碩士,17,111
1035,中國醫藥大學,05121043,生物科技學系,D 日,M 碩士,11,111
1035,中國醫藥大學,05123064,生物化學暨分子生物研究所,D 日,M 碩士,3,111
1035,中國醫藥大學,05191021,營養學系,D 日,M 碩士,39,111
1035,中國醫藥大學,06134060,數位健康創新碩士學位學程,D 日,M 碩士,11,111
1035,中國醫藥大學,07193031,生物醫學工程碩士學位學程,D 日,M 碩士,13,111
1035,中國醫藥大學,08411012,中獸醫碩士學位學程,D 日,M 碩士,2,111
1035,中國醫藥大學,09111019,牙醫學系,D 日,M 碩士,15,111
1035,中國醫藥大學,09121003,生物醫學研究所,D 日,M 碩士,52,111
1035,中國醫藥大學,09121014,中醫學系,D 日,M 碩士,14,111
1035,中國醫藥大學,09121020,國際生物醫學碩士學位學程,D 日,M 碩士,7,111
1035,中國醫藥大學,09121046,中西醫結合研究所,D 日,M 碩士,9,111
1035,中國醫藥大學,09121049,癌症生物與藥物研發碩士學位學程,D 日,M 碩士,6,111
1035,中國醫藥大學,09121063,轉譯醫學暨新藥開發研究所,D 日,M 碩士,15,111
1035,中國醫藥大學,09131045,護理學系,D 日,M 碩士,42,111
1035,中國醫藥大學,09141017,醫學檢驗生物技術學系,D 日,M 碩士,15,111
1035,中國醫藥大學,09141032,生物醫學影像暨放射科學學系,D 日,M 碩士,16,111
1035,中國醫藥大學,09151010,物理治療學系復健科學碩士班,D 日,M 碩士,8,111
1035,中國醫藥大學,09159047,運動醫學系,D 日,M 碩士,10,111
1035,中國醫藥大學,09161015,新藥開發研究所,D 日,M 碩士,0,111
1035,中國醫藥大學,09161034,藥學系,D 日,M 碩士,25,111
1035,中國醫藥大學,09161039,中國藥學暨中藥資源學系,D 日,M 碩士,13,111
1035,中國醫藥大學,09161042,藥用化妝品學系,D 日,M 碩士,23,111
1035,中國醫藥大學,09161050,製藥碩士學位學程,D 日,M 碩士,14,111
1035,中國醫藥大學,09171013,針灸研究所,D 日,M 碩士,14,111
1035,中國醫藥大學,09171048,國際針灸碩士學位學程,D 日,M 碩士,5,111
1035,中國醫藥大學,09191026,公共衛生學系,D 日,M 碩士,47,111
1035,中國醫藥大學,09199045,護理學系跨領域長期照護碩士在職專班,N 職,M 碩士,22,111
1035,中國醫藥大學,09199053,食品暨藥物安全碩士學位學程,D 日,M 碩士,7,111
1035,中國醫藥大學,10221038,職業安全與衛生學系,D 日,M 碩士,13,111
1035,中國醫藥大學,10221038,職業安全與衛生學系,N 職,M 碩士,17,111
1036,健行科技大學,04121009,財務金融系碩士班,D 日,M 碩士,30,111
1036,健行科技大學,04131004,企業管理系碩士班,D 日,M 碩士,62,111
1036,健行科技大學,04131004,企業管理系碩士在職專班,N 職,M 碩士,27,111
1036,健行科技大學,04131006,國際企業經營系碩士班,D 日,M 碩士,51,111
1036,健行科技大學,04131006,國際企業經營系碩士在職專班,N 職,M 碩士,9,111
1036,健行科技大學,06131014,資訊管理系碩士班,D 日,M 碩士,28,111
1036,健行科技大學,06131018,資訊工程系碩士班,D 日,M 碩士,31,111
1036,健行科技大學,07141016,電機工程系碩士班,D 日,M 碩士,33,111
1036,健行科技大學,07141017,電子工程系碩士班,D 日,M 碩士,23,111
1036,健行科技大學,07151020,機械工程系碩士班,D 日,M 碩士,20,111
1036,健行科技大學,07191011,工業管理系碩士班,D 日,M 碩士,26,111
1036,健行科技大學,07321021,土木工程系空間資訊與防災科技碩士班,D 日,M 碩士,43,111
1037,正修科技大學,02122042,視覺傳達設計系文創設計與藝術保存碩士班,D 日,M 碩士,24,111
1037,正修科技大學,04121008,金融管理系碩士班,D 日,M 碩士,22,111
1037,正修科技大學,04131005,企業管理系經營管理碩士班,D 日,M 碩士,48,111
1037,正修科技大學,04131005,企業管理系經營管理碩士在職專班,N 職,M 碩士,116,111
1037,正修科技大學,04131027,經營管理研究所_現役軍人營區在職專班,N 職,M 碩士,0,111
1037,正修科技大學,06131010,資訊管理系碩士班,D 日,M 碩士,21,111
1037,正修科技大學,06131010,資訊管理系碩士在職專班,N 職,M 碩士,34,111
1037,正修科技大學,07121044,環境毒物與新興污染物研究所,D 日,M 碩士,16,111
1037,正修科技大學,07141011,電機工程系碩士班,D 日,M 碩士,24,111
1037,正修科技大學,07141012,電子工程系碩士班,D 日,M 碩士,14,111
1037,正修科技大學,07141013,資訊工程系碩士班,D 日,M 碩士,16,111
1037,正修科技大學,07151015,機械工程系機電工程碩士班,D 日,M 碩士,22,111
1037,正修科技大學,07191018,工業工程與管理系碩士班,D 日,M 碩士,61,111
1037,正修科技大學,07321016,土木與空間資訊系營建工程碩士班,D 日,M 碩士,25,111
1037,正修科技大學,09221021,幼兒保育系碩士班,D 日,M 碩士,35,111
1037,正修科技大學,10121026,化妝品與時尚彩妝系碩士班,D 日,M 碩士,27,111
1037,正修科技大學,10152025,休閒與運動管理系碩士班,D 日,M 碩士,22,111
1037,正修科技大學,10152025,休閒與運動管理系碩士在職專班,N 職,M 碩士,55,111
1038,萬能科技大學,04131005,經營管理研究所,D 日,M 碩士,34,111
1038,萬能科技大學,04131005,經營管理研究所,N 職,M 碩士,94,111
1038,萬能科技大學,06131015,資訊管理系碩士班,D 日,M 碩士,21,111
1038,萬能科技大學,06131015,資訊管理系碩士在職專班,N 職,M 碩士,22,111
1038,萬能科技大學,07121034,環境工程系,D 日,M 碩士,2,111
1038,萬能科技大學,07141020,電資研究所,D 日,M 碩士,24,111
1038,萬能科技大學,07321024,室內設計與營建科技系碩士班,D 日,M 碩士,33,111
1038,萬能科技大學,10121041,化妝品應用與管理系碩士班,D 日,M 碩士,33,111
1038,萬能科技大學,10121041,化妝品應用與管理系碩士在職專班,N 職,M 碩士,30,111
1039,玄奘大學,02199044,藝術設計學院碩士班,D 日,M 碩士,37,111
1039,玄奘大學,02211010,宗教與文化學系,D 日,M 碩士,43,111
1039,玄奘大學,02211010,宗教與文化學系,N 職,M 碩士,26,111
1039,玄奘大學,03131016,應用心理學系,D 日,M 碩士,107,111
1039,玄奘大學,03131016,應用心理學系,N 職,M 碩士,82,111
1039,玄奘大學,03211023,傳播學院碩士班,D 日,M 碩士,17,111
1039,玄奘大學,04131024,企業管理學系,D 日,M 碩士,4,111
1039,玄奘大學,04131024,企業管理學系,N 職,M 碩士,2,111
1039,玄奘大學,04211032,法律學系,D 日,M 碩士,26,111
1039,玄奘大學,09231036,社會工作學系,D 日,M 碩士,27,111
1039,玄奘大學,09231036,社會工作學系,N 職,M 碩士,39,111
1040,建國科技大學,02112004,數位媒體設計系碩士班,D 日,M 碩士,2,111
1040,建國科技大學,02124007,空間設計系創意生活應用設計碩士班,D 日,M 碩士,15,111
1040,建國科技大學,04199011,服務與科技管理研究所,D 日,M 碩士,24,111
1040,建國科技大學,07141013,電機工程研究所,D 日,M 碩士,20,111
1040,建國科技大學,07141014,電子工程研究所,D 日,M 碩士,2,111
1040,建國科技大學,07141020,機電光系統研究所,D 日,M 碩士,7,111
1040,建國科技大學,07151019,製造科技研究所,D 日,M 碩士,11,111
1040,建國科技大學,07321022,土木與防災研究所,D 日,M 碩士,16,111
1040,建國科技大學,10121028,美容科技研究所,D 日,M 碩士,35,111
1041,明志科技大學,02112003,視覺傳達設計系碩士班,D 日,M 碩士,23,111
1041,明志科技大學,02123004,工業設計系碩士班,D 日,M 碩士,24,111
1041,明志科技大學,04131005,經營管理系碩士班,D 日,M 碩士,32,111
1041,明志科技大學,04131030,國際企業管理碩士學位學程(IMBA),D 日,M 碩士,21,111
1041,明志科技大學,07111018,化學工程系碩士班,D 日,M 碩士,78,111
1041,明志科技大學,07112022,材料工程系碩士班,D 日,M 碩士,77,111
1041,明志科技大學,07121025,環境與安全衛生工程系環境工程碩士班,D 日,M 碩士,34,111
1041,明志科技大學,07141010,電機工程系碩士班,D 日,M 碩士,46,111
1041,明志科技大學,07141011,電子工程系碩士班,D 日,M 碩士,57,111
1041,明志科技大學,07151014,機械工程系機械與機電工程碩士班,D 日,M 碩士,48,111
1041,明志科技大學,07151014,機械工程系機械與機電工程碩士在職專班,N 職,M 碩士,0,111
1041,明志科技大學,07191024,工業工程與管理系碩士班,D 日,M 碩士,39,111
1041,明志科技大學,07191024,工業工程與管理系碩士在職專班,N 職,M 碩士,22,111
1042,高苑科技大學,04131045,數位經營管理系經營管理碩士班,D 日,M 碩士,38,111
1042,高苑科技大學,04131045,數位經營管理系經營管理碩士在職專班,N 職,M 碩士,75,111
1042,高苑科技大學,06134015,資訊科技應用系碩士班,D 日,M 碩士,15,111
1042,高苑科技大學,06134015,資訊科技應用系碩士在職專班,N 職,M 碩士,5,111
1042,高苑科技大學,07141018,電機工程系碩士在職專班,N 職,M 碩士,2,111
1042,高苑科技大學,07141019,電子工程系碩士班,D 日,M 碩士,0,111
1042,高苑科技大學,07151022,機械與自動化工程系機電科技碩士班,D 日,M 碩士,12,111
1042,高苑科技大學,07151022,機械與自動化工程系機電科技碩士在職專班,N 職,M 碩士,16,111
1042,高苑科技大學,07311033,建築系碩士班,D 日,M 碩士,5,111
1042,高苑科技大學,07321024,土木工程系碩士班,D 日,M 碩士,4,111
1042,高苑科技大學,07321024,土木工程系碩士在職專班,N 職,M 碩士,12,111
1042,高苑科技大學,10121005,香妝與養生保健系碩士班,D 日,M 碩士,16,111
1043,大仁科技大學,03141046,多媒體設計系文創碩士在職專班,N 職,M 碩士,50,111
1043,大仁科技大學,05211014,環境與職業安全衛生系環境管理碩士班,D 日,M 碩士,9,111
1043,大仁科技大學,05211014,環境與職業安全衛生系環境管理碩士在職專班,N 職,M 碩士,27,111
1043,大仁科技大學,09161015,藥學系碩士班,D 日,M 碩士,7,111
1043,大仁科技大學,09161015,藥學系碩士在職專班,N 職,M 碩士,19,111
1043,大仁科技大學,09231018,社會工作系碩士班,D 日,M 碩士,36,111
1043,大仁科技大學,10152024,休閒運動管理系休閒事業管理碩士班,D 日,M 碩士,32,111
1043,大仁科技大學,10152024,休閒運動管理系休閒事業管理碩士在職專班,N 職,M 碩士,44,111
1044,聖約翰科技大學,04131005,企業管理系碩士班,D 日,M 碩士,17,111
1044,聖約翰科技大學,06111014,資訊工程系碩士班,D 日,M 碩士,16,111
1044,聖約翰科技大學,07141012,電機工程系碩士班,D 日,M 碩士,11,111
1044,聖約翰科技大學,07141012,電機工程系碩士在職專班,N 職,M 碩士,27,111
1044,聖約翰科技大學,07141015,資訊與通訊系碩士班,D 日,M 碩士,0,111
1044,聖約翰科技大學,07151016,機械與電腦輔助工程系碩士在職專班,N 職,M 碩士,0,111
1044,聖約翰科技大學,07151031,機械與車輛工程系碩士班,D 日,M 碩士,12,111
1044,聖約翰科技大學,07151031,機械與車輛工程系碩士在職專班,N 職,M 碩士,14,111
1044,聖約翰科技大學,07191028,工業管理系碩士班,D 日,M 碩士,15,111
1044,聖約翰科技大學,07191028,工業管理系碩士在職專班,N 職,M 碩士,28,111
1045,嶺東科技大學,02112003,視覺傳達設計系碩士班,D 日,M 碩士,16,111
1045,嶺東科技大學,02112003,視覺傳達設計系,N 職,M 碩士,1,111
1045,嶺東科技大學,02112005,數位媒體設計系碩士班,D 日,M 碩士,17,111
1045,嶺東科技大學,02122002,流行設計系碩士班,D 日,M 碩士,31,111
1045,嶺東科技大學,02123008,創意產品設計系碩士班,D 日,M 碩士,10,111
1045,嶺東科技大學,04111010,會計資訊系碩士班,D 日,M 碩士,12,111
1045,嶺東科技大學,04121017,財務金融系碩士班,D 日,M 碩士,25,111
1045,嶺東科技大學,04121017,財務金融系碩士在職專班,N 職,M 碩士,17,111
1045,嶺東科技大學,04131013,企業管理系碩士班,D 日,M 碩士,10,111
1045,嶺東科技大學,04131013,企業管理系碩士在職專班,N 職,M 碩士,123,111
1045,嶺東科技大學,04131015,國際企業系碩士班,D 日,M 碩士,14,111
1045,嶺東科技大學,04131015,國際企業系碩士在職專班,N 職,M 碩士,13,111
1045,嶺東科技大學,04143024,行銷與流通管理系碩士班,D 日,M 碩士,12,111
1045,嶺東科技大學,04212029,財經法律研究所,D 日,M 碩士,12,111
1045,嶺東科技大學,06121031,資訊管理系,N 職,M 碩士,0,111
1045,嶺東科技大學,06131030,資訊科技系碩士班,D 日,M 碩士,30,111
1045,嶺東科技大學,06131031,資訊管理系碩士班,D 日,M 碩士,14,111
1045,嶺東科技大學,10151036,觀光與休閒管理系碩士班,D 日,M 碩士,16,111
1046,中國科技大學,02112003,視覺傳達設計系碩士班,D 日,M 碩士,20,111
1046,中國科技大學,02124005,室內設計系碩士班,D 日,M 碩士,49,111
1046,中國科技大學,04131010,企業管理系碩士班,D 日,M 碩士,49,111
1046,中國科技大學,04131010,企業管理系碩士在職專班,N 職,M 碩士,41,111
1046,中國科技大學,06131021,資訊工程系_現役軍人營區在職專班,N 職,M 碩士,19,111
1046,中國科技大學,07311026,建築系碩士班,D 日,M 碩士,42,111
1046,中國科技大學,07321030,土木與防災系碩士班,D 日,M 碩士,25,111
1047,中臺科技大學,01111009,文教事業經營研究所,D 日,M 碩士,24,111
1047,中臺科技大學,01111009,文教事業經營研究所,N 職,M 碩士,67,111
1047,中臺科技大學,04133008,醫療暨健康產業管理系碩士班,D 日,M 碩士,13,111
1047,中臺科技大學,04133008,醫療暨健康產業管理系碩士在職專班,N 職,M 碩士,42,111
1047,中臺科技大學,07121013,環境與安全衛生工程系碩士班,D 日,M 碩士,17,111
1047,中臺科技大學,07211017,食品科技系碩士班,D 日,M 碩士,7,111
1047,中臺科技大學,09111033,牙體技術暨材料系碩士班,D 日,M 碩士,7,111
1047,中臺科技大學,09131020,護理系碩士班,D 日,M 碩士,26,111
1047,中臺科技大學,09131020,護理系碩士在職專班,N 職,M 碩士,83,111
1047,中臺科技大學,09141028,醫學檢驗生物技術系碩士班,D 日,M 碩士,13,111
1047,中臺科技大學,09141029,醫學影像暨放射科學系碩士班,D 日,M 碩士,12,111
1047,中臺科技大學,09141029,醫學影像暨放射科學系碩士在職專班,N 職,M 碩士,10,111
1047,中臺科技大學,09212024,長期照顧碩士在職學位學程,N 職,M 碩士,69,111
1048,亞洲大學,01121001,幼兒教育學系,D 日,M 碩士,14,111
1048,亞洲大學,02112006,視覺傳達設計學系,D 日,M 碩士,17,111
1048,亞洲大學,02112007,數位媒體設計學系,D 日,M 碩士,23,111
1048,亞洲大學,02123011,創意商品設計學系,D 日,M 碩士,14,111
1048,亞洲大學,02124012,室內設計學系,D 日,M 碩士,7,111
1048,亞洲大學,02311002,外國語文學系,D 日,M 碩士,24,111
1048,亞洲大學,03131013,心理學系,D 日,M 碩士,149,111
1048,亞洲大學,03131013,心理學系,N 職,M 碩士,16,111
1048,亞洲大學,03213014,資訊傳播學系,D 日,M 碩士,12,111
1048,亞洲大學,04111015,會計與資訊學系,D 日,M 碩士,21,111
1048,亞洲大學,04121019,財務金融學系,D 日,M 碩士,12,111
1048,亞洲大學,04121019,財務金融學系,N 職,M 碩士,14,111
1048,亞洲大學,04131017,經營管理學系,D 日,M 碩士,58,111
1048,亞洲大學,04131017,經營管理學系,N 職,M 碩士,122,111
1048,亞洲大學,04131054,創新與創業管理碩士學位學程,D 日,M 碩士,2,111
1048,亞洲大學,04131055,EMBA高階經理碩士在職學位學程,N 職,M 碩士,11,111
1048,亞洲大學,04212027,財經法律學系,D 日,M 碩士,32,111
1048,亞洲大學,05191053,食品營養與保健生技學系,D 日,M 碩士,15,111
1048,亞洲大學,05191053,食品營養與保健生技學系,N 職,M 碩士,18,111
1048,亞洲大學,06134033,行動商務與多媒體應用學系,D 日,M 碩士,7,111
1048,亞洲大學,06134037,資訊工程學系,D 日,M 碩士,29,111
1048,亞洲大學,06134037,資訊工程學系,N 職,M 碩士,25,111
1048,亞洲大學,07193029,生物資訊與醫學工程學系,D 日,M 碩士,10,111
1048,亞洲大學,07193029,生物資訊與醫學工程學系,N 職,M 碩士,21,111
1048,亞洲大學,09131046,護理學系,D 日,M 碩士,34,111
1048,亞洲大學,09131046,護理學系,N 職,M 碩士,54,111
1048,亞洲大學,09141060,醫學檢驗暨生物技術學系,D 日,M 碩士,12,111
1048,亞洲大學,09153051,聽力暨語言治療學系,D 日,M 碩士,15,111
1048,亞洲大學,09191021,健康產業管理學系,D 日,M 碩士,34,111
1048,亞洲大學,09191021,健康產業管理學系,N 職,M 碩士,68,111
1048,亞洲大學,09231048,社會工作學系,D 日,M 碩士,62,111
1048,亞洲大學,10151049,休閒與遊憩管理學系,D 日,M 碩士,28,111
1048,亞洲大學,10151049,休閒與遊憩管理學系,N 職,M 碩士,71,111
1049,開南大學,02311006,應用英語學系,D 日,M 碩士,15,111
1049,開南大學,02311008,應用日語學系,D 日,M 碩士,11,111
1049,開南大學,02311064,人文社會學院應用語言碩士班,D 日,M 碩士,14,111
1049,開南大學,02323004,應用華語學系,D 日,M 碩士,13,111
1049,開南大學,04131016,國際企業學系,D 日,M 碩士,25,111
1049,開南大學,04131018,商學院企業管理碩士班,D 日,M 碩士,8,111
1049,開南大學,04131031,商學院經營管理碩士在職專班現役軍人營區碩士在職專班,N 職,M 碩士,0,111
1049,開南大學,04131063,商學院經營管理碩士在職專班,N 職,M 碩士,79,111
1049,開南大學,04134010,人文社會學院公共管理碩士在職專班,N 職,M 碩士,48,111
1049,開南大學,04134012,公共事務管理學系,D 日,M 碩士,18,111
1049,開南大學,04134013,人文社會學院公共事務碩士班,D 日,M 碩士,6,111
1049,開南大學,04211011,法律學系,D 日,M 碩士,16,111
1049,開南大學,04211011,人文社會學院法律碩士在職專班,N 職,M 碩士,51,111
1049,開南大學,06121032,資訊管理學系,D 日,M 碩士,17,111
1049,開南大學,06131036,資訊學院碩士班,D 日,M 碩士,1,111
1049,開南大學,06133036,資訊學院碩士在職專班,N 職,M 碩士,29,111
1049,開南大學,09171057,健康照護管理學院健康照護技術碩士班,D 日,M 碩士,43,111
1049,開南大學,10199041,觀光運輸學院碩士班,D 日,M 碩士,41,111
1049,開南大學,10199041,觀光運輸學院碩士在職專班,N 職,M 碩士,92,111
1050,佛光大學,02123018,產品與媒體設計學系,D 日,M 碩士,13,111
1050,佛光大學,02211009,宗教學研究所,D 日,M 碩士,34,111
1050,佛光大學,02211010,佛教學系,D 日,M 碩士,95,111
1050,佛光大學,02221011,歷史學系,D 日,M 碩士,12,111
1050,佛光大學,02299015,文化資產與創意學系,D 日,M 碩士,22,111
1050,佛光大學,02311007,外國語文學系,D 日,M 碩士,4,111
1050,佛光大學,02322006,中國文學與應用學系,D 日,M 碩士,12,111
1050,佛光大學,02322006,中國文學與應用學系,N 職,M 碩士,10,111
1050,佛光大學,03111020,應用經濟學系,D 日,M 碩士,18,111
1050,佛光大學,03111020,應用經濟學系,N 職,M 碩士,24,111
1050,佛光大學,03131024,心理學系,D 日,M 碩士,50,111
1050,佛光大學,03141023,未來與樂活產業學系,D 日,M 碩士,12,111
1050,佛光大學,03141035,社會學暨社會工作學系,D 日,M 碩士,27,111
1050,佛光大學,03141037,樂活產業學院碩士班,D 日,M 碩士,53,111
1050,佛光大學,03211028,傳播學系,D 日,M 碩士,34,111
1050,佛光大學,04131030,管理學系,D 日,M 碩士,14,111
1050,佛光大學,04131030,管理學系,N 職,M 碩士,45,111
1050,佛光大學,04134025,公共事務學系,D 日,M 碩士,15,111
1050,佛光大學,04134025,公共事務學系,N 職,M 碩士,16,111
1050,佛光大學,06134032,資訊應用學系,D 日,M 碩士,18,111
1050,佛光大學,06134032,資訊應用學系,N 職,M 碩士,7,111
1051,台南應用科技大學,02112012,視覺傳達設計系創新應用設計碩士班,D 日,M 碩士,15,111
1051,台南應用科技大學,02112012,視覺傳達設計系創新應用設計碩士班(碩士在職專班),N 職,M 碩士,1,111
1051,台南應用科技大學,02124015,室內設計系碩士班,D 日,M 碩士,13,111
1051,台南應用科技大學,02131001,美術系碩士班,D 日,M 碩士,32,111
1051,台南應用科技大學,02131001,美術系碩士在職專班,N 職,M 碩士,13,111
1051,台南應用科技大學,02151003,音樂系碩士班,D 日,M 碩士,9,111
1051,台南應用科技大學,02151003,音樂系碩士在職專班,N 職,M 碩士,19,111
1051,台南應用科技大學,04141023,國際企業經營系碩士班,D 日,M 碩士,11,111
1051,台南應用科技大學,04141023,國際企業經營系碩士在職專班,N 職,M 碩士,23,111
1051,台南應用科技大學,10111038,生活服務產業系生活應用科學碩士班,D 日,M 碩士,14,111
1051,台南應用科技大學,10111038,生活服務產業系生活應用科學碩士在職專班,N 職,M 碩士,48,111
1052,遠東科技大學,04132011,行銷與流通管理系碩士班,D 日,M 碩士,66,111
1052,遠東科技大學,04199042,創新商品設計與創業管理系碩士班,D 日,M 碩士,81,111
1052,遠東科技大學,07141017,電機工程系碩士班,D 日,M 碩士,14,111
1052,遠東科技大學,07151022,機械工程系碩士班,D 日,M 碩士,12,111
1052,遠東科技大學,07151022,機械工程系碩士在職專班,N 職,M 碩士,38,111
1052,遠東科技大學,10131031,餐飲管理系餐飲經營與安全管理碩士班,D 日,M 碩士,21,111
1052,遠東科技大學,10152033,休閒運動管理碩士學位學程,D 日,M 碩士,34,111
1053,元培醫事科技大學,02122043,茶陶創意設計系,D 日,M 碩士,1,111
1053,元培醫事科技大學,02122044,茶陶文創碩士學位學程,D 日,M 碩士,24,111
1053,元培醫事科技大學,04131003,企業管理系碩士班,D 日,M 碩士,29,111
1053,元培醫事科技大學,04133007,醫務管理系碩士班,D 日,M 碩士,43,111
1053,元培醫事科技大學,04133007,醫務管理系碩士在職專班,N 職,M 碩士,35,111
1053,元培醫事科技大學,06134012,資訊管理系數位創新管理碩士班,D 日,M 碩士,28,111
1053,元培醫事科技大學,07121015,環境工程衛生系碩士班,D 日,M 碩士,24,111
1053,元培醫事科技大學,07193016,生物醫學工程系福祉科技與醫學工程碩士班,D 日,M 碩士,5,111
1053,元培醫事科技大學,07211019,食品科學系碩士班,D 日,M 碩士,17,111
1053,元培醫事科技大學,09131022,護理系碩士班,D 日,M 碩士,33,111
1053,元培醫事科技大學,09141027,醫學檢驗生物技術系碩士班,D 日,M 碩士,7,111
1053,元培醫事科技大學,09141030,醫學影像暨放射技術系碩士班,D 日,M 碩士,20,111
1053,元培醫事科技大學,09141030,醫學影像暨放射技術系碩士在職專班,N 職,M 碩士,6,111
1053,元培醫事科技大學,09161034,生物科技暨製藥技術系碩士班,D 日,M 碩士,14,111
1054,景文科技大學,02112005,視覺傳達設計系數位文創設計碩士班,D 日,M 碩士,5,111
1054,景文科技大學,02112005,視覺傳達設計系數位文創設計碩士在職專班,N 職,M 碩士,2,111
1054,景文科技大學,07141018,電腦與通訊系碩士班,D 日,M 碩士,2,111
1054,景文科技大學,07141018,電腦與通訊系碩士在職專班,N 職,M 碩士,29,111
1054,景文科技大學,10151023,旅遊管理系觀光與餐旅管理碩士班,D 日,M 碩士,0,111
1054,景文科技大學,10151023,旅遊管理系觀光與餐旅管理碩士在職專班,N 職,M 碩士,26,111
1055,中華醫事科技大學,05121006,生物醫學研究所,D 日,M 碩士,0,111
1055,中華醫事科技大學,07199015,製藥工程系生物醫學碩士班,D 日,M 碩士,46,111
1055,中華醫事科技大學,09141021,醫學檢驗生物技術系碩士班,D 日,M 碩士,13,111
1055,中華醫事科技大學,09141022,視光系碩士班,D 日,M 碩士,29,111
1055,中華醫事科技大學,09191013,職業安全衛生系碩士班,D 日,M 碩士,12,111
1055,中華醫事科技大學,09191013,職業安全衛生系碩士在職專班,N 職,M 碩士,23,111
1056,東南科技大學,04131047,產業經營管理研究所,D 日,M 碩士,77,111
1056,東南科技大學,07141011,電機工程系碩士班,D 日,M 碩士,3,111
1056,東南科技大學,07151013,機械工程系碩士班,D 日,M 碩士,15,111
1056,東南科技大學,07151013,機械工程系碩士在職專班,N 職,M 碩士,9,111
1056,東南科技大學,07321015,營建與空間設計系營建科技與防災碩士班,D 日,M 碩士,36,111
1056,東南科技大學,07321015,營建與空間設計系營建科技與防災碩士在職專班,N 職,M 碩士,51,111
1057,德明財經科技大學,04121008,財務金融系理財與稅務管理碩士班,D 日,M 碩士,39,111
1057,德明財經科技大學,04132014,流通管理系,D 日,M 碩士,1,111
1057,德明財經科技大學,04143013,行銷管理系,D 日,M 碩士,1,111
1057,德明財經科技大學,04143013,行銷管理系碩士在職專班,N 職,M 碩士,24,111
1057,德明財經科技大學,06131021,資訊管理系,N 職,M 碩士,2,111
1058,明道大學,01115001,課程與教學研究所,D 日,M 碩士,0,111
1058,明道大學,01115001,課程與教學研究所,N 職,M 碩士,0,111
1058,明道大學,01199045,教育藝術與療癒研究所,D 日,M 碩士,16,111
1058,明道大學,01199045,教育藝術與療癒研究所,N 職,M 碩士,26,111
1058,明道大學,02122008,人文設計學院設計及規劃碩士班,D 日,M 碩士,21,111
1058,明道大學,02299043,中華文化與傳播學系,D 日,M 碩士,30,111
1058,明道大學,04131013,企業管理學系,D 日,M 碩士,19,111
1058,明道大學,04131019,商管學院企業高階管理碩士班EMBA,N 職,M 碩士,15,111
1058,明道大學,07112032,材料與能源工程學系,D 日,M 碩士,0,111
1058,明道大學,07112046,智慧能源工程學系應用材料碩士班,D 日,M 碩士,7,111
1058,明道大學,08111037,精緻農業學系,D 日,M 碩士,0,111
1058,明道大學,08111047,智慧暨精緻農業學系,D 日,M 碩士,24,111
1058,明道大學,10131039,餐旅管理學系,D 日,M 碩士,16,111
1058,明道大學,10152040,休閒保健學系,D 日,M 碩士,11,111
1060,南開科技大學,07141016,電子工程系,D 日,M 碩士,0,111
1060,南開科技大學,07141016,電子工程系,N 職,M 碩士,0,111
1060,南開科技大學,07151037,機械工程系車輛與機電產業碩士班,D 日,M 碩士,18,111
1060,南開科技大學,09211028,長期照顧與管理系福祉科技與服務管理碩士班,D 日,M 碩士,29,111
1060,南開科技大學,09211028,長期照顧與管理系福祉科技與服務管理碩士在職專班,N 職,M 碩士,51,111
1060,南開科技大學,10131033,休閒事業管理系碩士班,D 日,M 碩士,26,111
1061,中華科技大學,04131003,企業管理系經營管理碩士班,D 日,M 碩士,2,111
1061,中華科技大學,04191039,企業資訊與管理系經營管理碩士班,D 日,M 碩士,44,111
1061,中華科技大學,05121010,生物科技系健康科技碩士班,D 日,M 碩士,25,111
1061,中華科技大學,05121010,生物科技系健康科技碩士在職專班,N 職,M 碩士,18,111
1061,中華科技大學,07141014,電子工程系,D 日,M 碩士,1,111
1061,中華科技大學,07141038,電機與資訊工程系碩士班,D 日,M 碩士,15,111
1061,中華科技大學,07151017,機械工程系機電光碩士班,D 日,M 碩士,7,111
1061,中華科技大學,07151017,機械工程系機電光碩士在職專班,N 職,M 碩士,14,111
1061,中華科技大學,07162019,航空機械系飛機系統工程碩士班,D 日,M 碩士,9,111
1061,中華科技大學,07162019,航空機械系_現役軍人營區在職專班,N 職,M 碩士,15,111
1061,中華科技大學,07311025,建築系碩士班,D 日,M 碩士,76,111
1061,中華科技大學,07311025,建築系碩士在職專班,N 職,M 碩士,32,111
1061,中華科技大學,07321021,土木工程系土木防災與管理碩士班,D 日,M 碩士,10,111
1061,中華科技大學,07321021,土木工程系土木防災與管理碩士班,N 職,M 碩士,3,111
1061,中華科技大學,10413033,航空服務管理系航空運輸管理碩士班,D 日,M 碩士,8,111
1061,中華科技大學,10413033,航空服務管理系航空運輸管理碩士在職專班,N 職,M 碩士,16,111
1062,僑光科技大學,04121013,財務金融系碩士班,D 日,M 碩士,23,111
1062,僑光科技大學,04131009,企業管理系碩士班,D 日,M 碩士,21,111
1062,僑光科技大學,04131009,企業管理系碩士在職專班,N 職,M 碩士,33,111
1062,僑光科技大學,06131019,資訊科技系碩士班,D 日,M 碩士,10,111
1063,育達科技大學,04143022,行銷與流通管理系碩士班,D 日,M 碩士,35,111
1063,育達科技大學,04143022,行銷與流通管理系碩士在職專班,N 職,M 碩士,45,111
1063,育達科技大學,06131024,資訊管理系碩士班,D 日,M 碩士,38,111
1063,育達科技大學,06131024,資訊管理系碩士在職專班,N 職,M 碩士,56,111
1063,育達科技大學,10151038,觀光休閒管理系碩士班,D 日,M 碩士,77,111
1063,育達科技大學,10151038,觀光休閒管理系碩士在職專班,N 職,M 碩士,74,111
1064,美和科技大學,04131004,企業管理系經營管理碩士班,D 日,M 碩士,0,111
1064,美和科技大學,04131004,企業管理系經營管理碩士在職專班,N 職,M 碩士,51,111
1064,美和科技大學,05121008,生物科技系健康產業碩士班,D 日,M 碩士,9,111
1064,美和科技大學,09131013,護理系健康照護碩士班,D 日,M 碩士,22,111
1064,美和科技大學,09131013,護理系_境外專班,N 職,M 碩士,149,111
1064,美和科技大學,09131014,健康照護研究所,N 職,M 碩士,1,111
1064,美和科技大學,09231016,社會工作系碩士班,D 日,M 碩士,74,111
1064,美和科技大學,10152020,運動與休閒管理系碩士班,D 日,M 碩士,42,111
1065,吳鳳科技大學,02112005,應用數位媒體系碩士在職專班,N 職,M 碩士,36,111
1065,吳鳳科技大學,07141016,電機工程系光機電暨材料碩士班,D 日,M 碩士,24,111
1065,吳鳳科技大學,10131024,餐旅管理系餐旅管理與餐飲安全碩士班,D 日,M 碩士,24,111
1065,吳鳳科技大學,10321029,消防系碩士在職專班,N 職,M 碩士,27,111
1066,環球科技大學,02112003,視覺傳達設計系文化創意設計碩士班,D 日,M 碩士,28,111
1066,環球科技大學,04131011,企業管理系中小企業經營策略管理碩士班,D 日,M 碩士,49,111
1066,環球科技大學,04134006,公共事務管理研究所,N 職,M 碩士,64,111
1066,環球科技大學,05211030,觀光與生態旅遊系環境資源管理碩士班,D 日,M 碩士,18,111
1066,環球科技大學,07211024,生物技術系碩士班,D 日,M 碩士,4,111
1067,台灣首府大學,01111001,教育研究所,D 日,M 碩士,3,111
1067,台灣首府大學,01121002,幼兒教育學系,D 日,M 碩士,20,111
1067,台灣首府大學,10152038,休閒管理學系,D 日,M 碩士,10,111
1068,中州科技大學,07151035,智慧自動化工程系工程技術碩士班,N 職,M 碩士,0,111
1068,中州科技大學,07211023,保健食品系,D 日,M 碩士,0,111
1068,中州科技大學,07211023,保健食品系碩士在職專班,N 職,M 碩士,5,111
1069,修平科技大學,04199015,人力資源管理與發展系碩士班,D 日,M 碩士,53,111
1069,修平科技大學,07141019,電機工程系碩士班,D 日,M 碩士,18,111
1069,修平科技大學,07151021,機械工程系精密機械與製造科技碩士班,D 日,M 碩士,9,111
1069,修平科技大學,07191026,工業工程與管理系精實生產管理碩士班,D 日,M 碩士,10,111
1069,修平科技大學,07191026,工業工程與管理系精實生產管理碩士在職專班,N 職,M 碩士,61,111
1070,長庚科技大學,05121001,健康產業科技研究所,D 日,M 碩士,23,111
1070,長庚科技大學,09131004,護理系碩士班,D 日,M 碩士,11,111
1070,長庚科技大學,09131004,護理系碩士在職專班,N 職,M 碩士,161,111
1070,長庚科技大學,09131010,高齡暨健康照護管理系碩士班,D 日,M 碩士,36,111
1071,臺北城市科技大學,04131007,企業管理系電子商務碩士班,D 日,M 碩士,26,111
1071,臺北城市科技大學,06131012,資訊管理系電子商務碩士班,D 日,M 碩士,0,111
1071,臺北城市科技大學,06131015,資訊工程系_資訊應用產業碩士專班,D 日,M 碩士,0,111
1071,臺北城市科技大學,07151017,機械工程系機電整合碩士班,D 日,M 碩士,28,111
1071,臺北城市科技大學,10152027,休閒事業系碩士班,D 日,M 碩士,34,111
1073,醒吾科技大學,04132019,行銷與流通管理系碩士班,D 日,M 碩士,14,111
1073,醒吾科技大學,04132019,行銷與流通管理系_境外專班,N 職,M 碩士,60,111
1073,醒吾科技大學,06134023,資訊科技應用系碩士班,D 日,M 碩士,8,111
1073,醒吾科技大學,06134023,資訊科技應用系碩士在職專班,N 職,M 碩士,22,111
1073,醒吾科技大學,10151026,觀光休閒系碩士班,D 日,M 碩士,39,111
1075,文藻外語大學,01131001,華語文教學研究所,D 日,M 碩士,0,111
1075,文藻外語大學,01131002,外語教學系外語文教事業發展碩士在職專班,N 職,M 碩士,28,111
1075,文藻外語大學,02199018,傳播藝術系創意藝術產業碩士在職專班,N 職,M 碩士,27,111
1075,文藻外語大學,02311005,外語文教事業發展研究所,D 日,M 碩士,4,111
1075,文藻外語大學,02311007,英國語文系碩士班,D 日,M 碩士,31,111
1075,文藻外語大學,02312013,翻譯系碩士班,D 日,M 碩士,38,111
1075,文藻外語大學,02323004,應用華語文系華語文教學碩士班,D 日,M 碩士,55,111
1075,文藻外語大學,03122016,國際事務系碩士班,D 日,M 碩士,34,111
1075,文藻外語大學,03143015,歐洲研究所,D 日,M 碩士,24,111
1075,文藻外語大學,03191026,東南亞學系碩士班,D 日,M 碩士,23,111
1075,文藻外語大學,04131020,國際企業管理系碩士班,D 日,M 碩士,13,111
1075,文藻外語大學,04131020,國際企業管理系碩士班,N 職,M 碩士,1,111
1076,華夏科技大學,04199004,企業管理系資產與物業管理碩士班,D 日,M 碩士,8,111
1076,華夏科技大學,04199004,企業管理系資產與物業管理碩士在職專班,N 職,M 碩士,25,111
1076,華夏科技大學,04199005,資產與物業管理系碩士班,D 日,M 碩士,0,111
1076,華夏科技大學,04199005,資產與物業管理系_境外專班,N 職,M 碩士,4,111
1076,華夏科技大學,06131009,資訊管理系碩士在職專班,N 職,M 碩士,23,111
1076,華夏科技大學,07141016,智慧型機器人研究所,D 日,M 碩士,22,111
1077,慈濟科技大學,06131005,資訊科技與管理系碩士班,D 日,M 碩士,7,111
1077,慈濟科技大學,09131007,護理系碩士班,D 日,M 碩士,12,111
1077,慈濟科技大學,09141009,放射醫學科學研究所,D 日,M 碩士,0,111
1077,慈濟科技大學,09141010,醫學影像暨放射科學系碩士班,D 日,M 碩士,22,111
1077,慈濟科技大學,09211011,長期照護研究所,D 日,M 碩士,33,111
1077,慈濟科技大學,10199015,觀光餐旅系,D 日,M 碩士,6,111
1078,致理科技大學,04131014,企業管理系服務業經營管理碩士班,D 日,M 碩士,28,111
1078,致理科技大學,04131014,企業管理系服務業經營管理碩士在職專班,N 職,M 碩士,47,111
1078,致理科技大學,04141015,國際貿易系碩士班,D 日,M 碩士,19,111
1079,康寧大學,02311003,應用外語學系,D 日,M 碩士,0,111
1079,康寧大學,03211009,資訊傳播學系,N 職,M 碩士,3,111
1079,康寧大學,04131011,企業管理學系,D 日,M 碩士,1,111
1079,康寧大學,04131011,企業管理學系,N 職,M 碩士,4,111
1079,康寧大學,09131043,健康照護管理學系,D 日,M 碩士,1,111
1079,康寧大學,10131050,餐飲管理學系,D 日,M 碩士,0,111
1080,宏國德霖科技大學,04131006,企業管理系碩士班,D 日,M 碩士,56,111
1081,東方設計大學,02122014,流行商品設計系碩士班,D 日,M 碩士,7,111
1081,東方設計大學,02122018,文化創意設計研究所,D 日,M 碩士,25,111
1081,東方設計大學,02122018,文化創意設計研究所,N 職,M 碩士,24,111
1081,東方設計大學,02124017,室內設計系住居整合設計碩士班,D 日,M 碩士,12,111
1081,東方設計大學,02141002,美術工藝系碩士班,D 日,M 碩士,17,111
1081,東方設計大學,10121032,時尚美妝設計系碩士班,D 日,M 碩士,3,111
1082,崇右影藝科技大學,02191035,文化創意研究所,D 日,M 碩士,43,111
1082,崇右影藝科技大學,04191018,經營管理系碩士班,D 日,M 碩士,1,111
1083,台北海洋科技大學,07211030,食品健康科技系碩士班,D 日,M 碩士,24,111
1083,台北海洋科技大學,10151022,海洋休閒觀光管理系碩士班,D 日,M 碩士,62,111
1083,台北海洋科技大學,10412028,海空物流與行銷管理系碩士班,D 日,M 碩士,57,111
1084,亞東科技大學,04132003,行銷與流通管理系碩士班,D 日,M 碩士,19,111
1084,亞東科技大學,07141012,通訊工程系碩士班,D 日,M 碩士,24,111
1084,亞東科技大學,07192019,材料與纖維系應用科技碩士班,D 日,M 碩士,10,111
1125,中信金融管理學院,04131012,企業管理學系金融管理碩士班,D 日,M 碩士,53,111
1125,中信金融管理學院,04131012,企業管理學系金融管理碩士在職專班,N 職,M 碩士,42,111
1125,中信金融管理學院,04212022,財經法律學系,D 日,M 碩士,29,111
1125,中信金融管理學院,06131034,科技金融研究所,D 日,M 碩士,25,111
1148,大漢技術學院,04131005,企業管理系流通與行銷管理碩士班,D 日,M 碩士,47,111
1148,大漢技術學院,07321019,土木工程與環境資源管理系碩士班,D 日,M 碩士,30,111
1168,南亞技術學院,07151012,機械工程系機械與機電工程碩士班,D 日,M 碩士,4,111
1185,經國管理暨健康學院,04199001,健康產業管理研究所,D 日,M 碩士,18,111
1185,經國管理暨健康學院,04199001,健康產業管理研究所,N 職,M 碩士,41,111
1185,經國管理暨健康學院,09221011,幼兒保育系碩士班,D 日,M 碩士,21,111
1195,馬偕醫學院,05199001,生物醫學研究所,D 日,M 碩士,7,111
1195,馬偕醫學院,07193006,高齡福祉科技研究所,D 日,M 碩士,16,111
1195,馬偕醫學院,09131005,長期照護研究所,D 日,M 碩士,26,111
1195,馬偕醫學院,09131005,長期照護研究所長期照護跨領域碩士在職專班,N 職,M 碩士,31,111
1195,馬偕醫學院,09153003,聽力暨語言治療學系,D 日,M 碩士,14,111
1196,法鼓文理學院,01199001,生命教育碩士學位學程,D 日,M 碩士,148,111
1196,法鼓文理學院,02211002,佛教學系,D 日,M 碩士,66,111
1196,法鼓文理學院,03141004,社區再造碩士學位學程,D 日,M 碩士,3,111
1196,法鼓文理學院,04134003,社會企業與創新碩士學位學程,D 日,M 碩士,39,111
1196,法鼓文理學院,05211005,環境與發展碩士學位學程,D 日,M 碩士,5,111
3002,臺北市立大學,01111001,教育學系,D 日,M 碩士,35,111
3002,臺北市立大學,01113029,特殊教育學系,D 日,M 碩士,124,111
3002,臺北市立大學,01113029,特殊教育學系,N 職,M 碩士,62,111
3002,臺北市立大學,01114035,教育行政與評鑑研究所,D 日,M 碩士,43,111
3002,臺北市立大學,01114035,教育行政與評鑑研究所,N 職,M 碩士,99,111
3002,臺北市立大學,01115036,學習與媒材設計學系課程與教學碩士班,D 日,M 碩士,44,111
3002,臺北市立大學,01115036,學習與媒材設計學系課程與教學碩士學位班,N 職,M 碩士,83,111
3002,臺北市立大學,01121027,幼兒教育學系,D 日,M 碩士,97,111
3002,臺北市立大學,01121027,幼兒教育學系,N 職,M 碩士,82,111
3002,臺北市立大學,01131017,英語教學系,D 日,M 碩士,45,111
3002,臺北市立大學,01141025,體育學系,D 日,M 碩士,37,111
3002,臺北市立大學,01141025,體育學系,N 職,M 碩士,119,111
3002,臺北市立大學,01141026,運動教育研究所,D 日,M 碩士,38,111
3002,臺北市立大學,01141026,運動教育研究所,N 職,M 碩士,44,111
3002,臺北市立大學,01141030,身心障礙者轉銜及休閒教育碩士學位學程,D 日,M 碩士,43,111
3002,臺北市立大學,02111040,視覺藝術學系,D 日,M 碩士,100,111
3002,臺北市立大學,02111040,視覺藝術學系,N 職,M 碩士,82,111
3002,臺北市立大學,02151037,音樂學系,D 日,M 碩士,70,111
3002,臺北市立大學,02151037,音樂學系,N 職,M 碩士,87,111
3002,臺北市立大學,02152039,舞蹈學系,D 日,M 碩士,46,111
3002,臺北市立大學,02221019,歷史與地理學系,D 日,M 碩士,44,111
3002,臺北市立大學,02221019,歷史與地理學系社會科教學碩士學位班,N 職,M 碩士,57,111
3002,臺北市立大學,02322043,中國語文學系,D 日,M 碩士,32,111
3002,臺北市立大學,02322043,中國語文學系,N 職,M 碩士,76,111
3002,臺北市立大學,02323007,華語文教學碩士學位學程,D 日,M 碩士,41,111
3002,臺北市立大學,03131055,心理與諮商學系,D 日,M 碩士,92,111
3002,臺北市立大學,03131055,心理與諮商學系心理與諮商教學碩士學位班,N 職,M 碩士,37,111
3002,臺北市立大學,04134056,社會暨公共事務學系公共事務學碩士班,D 日,M 碩士,26,111
3002,臺北市立大學,04134056,社會暨公共事務學系,N 職,M 碩士,61,111
3002,臺北市立大學,04134057,國民小學教師在職進修公民與社會教學碩士學位班,N 職,M 碩士,3,111
3002,臺北市立大學,04143045,都會產業經營與行銷學系,D 日,M 碩士,11,111
3002,臺北市立大學,05211023,地球環境暨生物資源學系環境教育與資源碩士班,D 日,M 碩士,52,111
3002,臺北市立大學,05211023,地球環境暨生物資源學系環境教育碩士在職專班,N 職,M 碩士,61,111
3002,臺北市立大學,05399011,應用物理暨化學系應用科學碩士班,D 日,M 碩士,8,111
3002,臺北市立大學,05399011,應用物理暨化學系應用科學碩士在職專班,N 職,M 碩士,9,111
3002,臺北市立大學,05411012,數學系數據科學與數學教育碩士班,D 日,M 碩士,19,111
3002,臺北市立大學,05411012,數學系數據科學與數學教育碩士在職專班,N 職,M 碩士,41,111
3002,臺北市立大學,06131016,資訊科學系,D 日,M 碩士,57,111
3002,臺北市立大學,06131016,資訊科學系,N 職,M 碩士,74,111
3002,臺北市立大學,07313058,城市發展學系,D 日,M 碩士,19,111
3002,臺北市立大學,09191059,衛生福利學系,D 日,M 碩士,13,111
3002,臺北市立大學,10141053,運動科學研究所,D 日,M 碩士,22,111
3002,臺北市立大學,10141053,運動科學研究所,N 職,M 碩士,31,111
3002,臺北市立大學,10141054,競技運動訓練研究所,D 日,M 碩士,52,111
3002,臺北市立大學,10141054,競技運動訓練研究所,N 職,M 碩士,33,111
3002,臺北市立大學,10142051,運動器材科技研究所,D 日,M 碩士,61,111
3002,臺北市立大學,10142051,運動器材科技研究所,N 職,M 碩士,1,111
3002,臺北市立大學,10142052,運動健康科學系,D 日,M 碩士,35,111
3002,臺北市立大學,10152050,休閒運動管理學系,D 日,M 碩士,36,111
3002,臺北市立大學,10152050,休閒運動管理學系,N 職,M 碩士,49,111
1,國立政治大學,01111001,教育學系,D 日,M 碩士,41,112
1,國立政治大學,01114005,教育行政與政策研究所,D 日,M 碩士,48,112
1,國立政治大學,01114006,學校行政碩士在職專班,N 職,M 碩士,89,112
1,國立政治大學,01121004,幼兒教育研究所,D 日,M 碩士,43,112
1,國立政治大學,02211019,宗教研究所,D 日,M 碩士,26,112
1,國立政治大學,02221020,歷史學系,D 日,M 碩士,54,112
1,國立政治大學,02221021,台灣史研究所,D 日,M 碩士,61,112
1,國立政治大學,02222031,民族學系,D 日,M 碩士,19,112
1,國立政治大學,02231022,哲學系,D 日,M 碩士,45,112
1,國立政治大學,02311009,英國語文學系,D 日,M 碩士,58,112
1,國立政治大學,02311009,英國語文學系英語教學碩士在職專班,N 職,M 碩士,35,112
1,國立政治大學,02311011,日本語文學系,D 日,M 碩士,26,112
1,國立政治大學,02311014,韓國語文學系,D 日,M 碩士,25,112
1,國立政治大學,02311017,斯拉夫語文學系,D 日,M 碩士,11,112
1,國立政治大學,02321007,台灣文學研究所,D 日,M 碩士,39,112
1,國立政治大學,02322008,中國文學系,D 日,M 碩士,87,112
1,國立政治大學,02322008,中國文學系國文教學碩士在職專班,N 職,M 碩士,75,112
1,國立政治大學,02323002,華語文教學碩士學位學程,D 日,M 碩士,56,112
1,國立政治大學,02399018,語言學研究所,D 日,M 碩士,38,112
1,國立政治大學,03111024,經濟學系,D 日,M 碩士,100,112
1,國立政治大學,03111025,應用經濟與社會發展英語碩士學位學程,D 日,M 碩士,45,112
1,國立政治大學,03121026,政治學系,D 日,M 碩士,69,112
1,國立政治大學,03121029,國際事務學院國家安全與大陸研究碩士在職專班,N 職,M 碩士,65,112
1,國立政治大學,03122045,外交學系,D 日,M 碩士,73,112
1,國立政治大學,03122045,外交學系戰略與國際事務碩士在職專班,N 職,M 碩士,79,112
1,國立政治大學,03122046,國際研究英語碩士學位學程,D 日,M 碩士,58,112
1,國立政治大學,03131032,心理學系,D 日,M 碩士,91,112
1,國立政治大學,03131033,輔導與諮商碩士學位學程,D 日,M 碩士,50,112
1,國立政治大學,03141030,社會學系,D 日,M 碩士,63,112
1,國立政治大學,03143023,中東與中亞研究碩士學位學程,D 日,M 碩士,17,112
1,國立政治大學,03143028,東亞研究所,D 日,M 碩士,69,112
1,國立政治大學,03143036,日本研究碩士學位學程,D 日,M 碩士,37,112
1,國立政治大學,03143038,俄羅斯研究所,D 日,M 碩士,30,112
1,國立政治大學,03143040,亞太研究英語碩士學位學程,D 日,M 碩士,97,112
1,國立政治大學,03143043,地政學系,D 日,M 碩士,69,112
1,國立政治大學,03143043,地政學系,N 職,M 碩士,97,112
1,國立政治大學,03143090,土地政策與環境規劃碩士原住民專班,D 日,M 碩士,37,112
1,國立政治大學,03191047,國家發展研究所,D 日,M 碩士,71,112
1,國立政治大學,03199048,勞工研究所,D 日,M 碩士,54,112
1,國立政治大學,03211049,傳播學院傳播碩士學位學程,D 日,M 碩士,225,112
1,國立政治大學,03211050,國際傳播英語碩士學位學程,D 日,M 碩士,65,112
1,國立政治大學,03211056,傳播學院碩士在職專班,N 職,M 碩士,78,112
1,國立政治大學,03214093,全球傳播與創新科技碩士學位學程,D 日,M 碩士,77,112
1,國立政治大學,03222054,圖書資訊與檔案學研究所,D 日,M 碩士,67,112
1,國立政治大學,03222054,圖書資訊與檔案學研究所圖書資訊學數位碩士在職專班,N 職,M 碩士,74,112
1,國立政治大學,04111059,會計學系,D 日,M 碩士,133,112
1,國立政治大學,04121065,財務管理學系,D 日,M 碩士,91,112
1,國立政治大學,04121068,金融學系,D 日,M 碩士,77,112
1,國立政治大學,04122070,財政學系,D 日,M 碩士,71,112
1,國立政治大學,04123069,風險管理與保險學系,D 日,M 碩士,75,112
1,國立政治大學,04131060,企業管理研究所(MBA學位學程),D 日,M 碩士,251,112
1,國立政治大學,04131062,經營管理碩士學程,N 職,M 碩士,592,112
1,國立政治大學,04131064,國際經營管理英語碩士學位學程,D 日,M 碩士,125,112
1,國立政治大學,04134041,公共行政學系,D 日,M 碩士,104,112
1,國立政治大學,04134042,行政管理碩士學程,N 職,M 碩士,355,112
1,國立政治大學,04141067,國際經營與貿易學系,D 日,M 碩士,124,112
1,國立政治大學,04199072,科技管理與智慧財產研究所,D 日,M 碩士,162,112
1,國立政治大學,04211074,法律科際整合研究所,D 日,M 碩士,94,112
1,國立政治大學,04211075,法學院碩士在職專班,N 職,M 碩士,262,112
1,國立政治大學,04212073,法律學系,D 日,M 碩士,238,112
1,國立政治大學,05199083,神經科學研究所,D 日,M 碩士,2,112
1,國立政治大學,05331077,應用物理研究所,D 日,M 碩士,22,112
1,國立政治大學,05411078,應用數學系,D 日,M 碩士,49,112
1,國立政治大學,05421079,統計學系,D 日,M 碩士,66,112
1,國立政治大學,06131080,資訊管理學系,D 日,M 碩士,113,112
1,國立政治大學,06131081,資訊科學系,D 日,M 碩士,167,112
1,國立政治大學,06131081,資訊科學系,N 職,M 碩士,102,112
1,國立政治大學,06131095,資訊安全碩士學位學程,D 日,M 碩士,9,112
1,國立政治大學,06134057,數位內容碩士學位學程,D 日,M 碩士,57,112
1,國立政治大學,09231084,社會工作研究所,D 日,M 碩士,60,112
2,國立清華大學,01111084,教育與學習科技學系,D 日,M 碩士,120,112
2,國立清華大學,01111084,教育與學習科技學系教育行政碩士在職專班,N 職,M 碩士,207,112
2,國立清華大學,01113095,特殊教育學系,D 日,M 碩士,56,112
2,國立清華大學,01113110,學前特殊教育碩士在職學位學程,N 職,M 碩士,7,112
2,國立清華大學,01115124,華德福教育碩士在職學位學程,N 職,M 碩士,35,112
2,國立清華大學,01121091,幼兒教育學系,D 日,M 碩士,67,112
2,國立清華大學,01121091,幼兒教育學系,N 職,M 碩士,65,112
2,國立清華大學,01131085,數理教育研究所,D 日,M 碩士,72,112
2,國立清華大學,01131085,數理教育研究所,N 職,M 碩士,74,112
2,國立清華大學,01131105,英語教學系,D 日,M 碩士,35,112
2,國立清華大學,01141098,藝術與設計學系美勞教師碩士在職專班,N 職,M 碩士,41,112
2,國立清華大學,01141127,運動科學系,D 日,M 碩士,47,112
2,國立清華大學,01141127,運動科學系,N 職,M 碩士,43,112
2,國立清華大學,01199130,竹師教育學院跨領域STEAM教育碩士在職專班,N 職,M 碩士,40,112
2,國立清華大學,02111136,科技藝術研究所,D 日,M 碩士,12,112
2,國立清華大學,02131098,藝術與設計學系,D 日,M 碩士,84,112
2,國立清華大學,02151096,音樂學系,D 日,M 碩士,60,112
2,國立清華大學,02151096,音樂學系音樂碩士在職專班,N 職,M 碩士,1,112
2,國立清華大學,02221006,歷史研究所,D 日,M 碩士,32,112
2,國立清華大學,02222007,人類學研究所,D 日,M 碩士,50,112
2,國立清華大學,02231008,哲學研究所,D 日,M 碩士,31,112
2,國立清華大學,02299009,亞際文化研究國際碩士學位學程(台灣聯合大學系統),D 日,M 碩士,5,112
2,國立清華大學,02311002,外國語文學系,D 日,M 碩士,35,112
2,國立清華大學,02321001,台灣文學研究所,D 日,M 碩士,42,112
2,國立清華大學,02321101,臺灣語言研究與教學研究所,D 日,M 碩士,53,112
2,國立清華大學,02322003,中國文學系,D 日,M 碩士,84,112
2,國立清華大學,02322109,中國語文學系,D 日,M 碩士,2,112
2,國立清華大學,02322109,中國語文學系語文碩士在職專班,N 職,M 碩士,9,112
2,國立清華大學,02323114,華文文學研究所,D 日,M 碩士,54,112
2,國立清華大學,02323144,華語文碩士學位學程,D 日,M 碩士,3,112
2,國立清華大學,02399005,語言學研究所,D 日,M 碩士,30,112
2,國立清華大學,03111011,經濟學系,D 日,M 碩士,55,112
2,國立清華大學,03121139,台北政經學院政治經濟碩士班,D 日,M 碩士,39,112
2,國立清華大學,03131077,教育心理與諮商學系,D 日,M 碩士,137,112
2,國立清華大學,03131077,教育心理與諮商學系,N 職,M 碩士,133,112
2,國立清華大學,03131135,竹師教育學院心理與諮商碩士新加坡境外在職專班,N 職,M 碩士,11,112
2,國立清華大學,03141012,社會學研究所,D 日,M 碩士,89,112
2,國立清華大學,03143013,台灣研究教師在職進修碩士學位班,N 職,M 碩士,66,112
2,國立清華大學,03199015,學習科學研究所,D 日,M 碩士,3,112
2,國立清華大學,03199111,學習科學與科技研究所,D 日,M 碩士,75,112
2,國立清華大學,04121019,科技管理學院財務金融碩士在職專班,N 職,M 碩士,52,112
2,國立清華大學,04121020,計量財務金融學系,D 日,M 碩士,51,112
2,國立清華大學,04131016,經營管理碩士在職專班,N 職,M 碩士,123,112
2,國立清華大學,04131018,國際專業管理碩士班,D 日,M 碩士,69,112
2,國立清華大學,04134014,科技管理學院公共政策與管理碩士在職專班,N 職,M 碩士,49,112
2,國立清華大學,04199017,科技管理研究所,D 日,M 碩士,65,112
2,國立清華大學,04199021,高階經營管理碩士在職專班,N 職,M 碩士,178,112
2,國立清華大學,04199022,服務科學研究所,D 日,M 碩士,52,112
2,國立清華大學,04199131,科技管理學院健康政策與經營管理碩士在職專班,N 職,M 碩士,29,112
2,國立清華大學,04212024,科技法律研究所,D 日,M 碩士,95,112
2,國立清華大學,05121026,生物科技研究所,D 日,M 碩士,47,112
2,國立清華大學,05121028,分子與細胞生物研究所,D 日,M 碩士,56,112
2,國立清華大學,05121030,生物資訊與結構生物研究所,D 日,M 碩士,66,112
2,國立清華大學,05121072,分子醫學研究所,D 日,M 碩士,45,112
2,國立清華大學,05121143,藥品與醫材法規科學碩士在職學位學程,N 職,M 碩士,12,112
2,國立清華大學,05199033,系統神經科學研究所,D 日,M 碩士,35,112
2,國立清華大學,05211102,環境與文化資源學系,D 日,M 碩士,56,112
2,國立清華大學,05211102,環境與文化資源學系社會學習領域教師碩士在職專班,N 職,M 碩士,55,112
2,國立清華大學,05211121,分析與環境科學研究所,D 日,M 碩士,44,112
2,國立清華大學,05311037,化學系,D 日,M 碩士,211,112
2,國立清華大學,05331038,物理學系,D 日,M 碩士,209,112
2,國立清華大學,05332039,天文研究所,D 日,M 碩士,21,112
2,國立清華大學,05399040,先進光源科技碩士學位學程,D 日,M 碩士,4,112
2,國立清華大學,05411043,數學系,D 日,M 碩士,55,112
2,國立清華大學,05411115,計算與建模科學研究所,D 日,M 碩士,25,112
2,國立清華大學,05421044,統計學研究所,D 日,M 碩士,51,112
2,國立清華大學,06131053,資訊工程學系,D 日,M 碩士,446,112
2,國立清華大學,06131122,資訊安全研究所,D 日,M 碩士,65,112
2,國立清華大學,06134046,資訊系統與應用研究所,D 日,M 碩士,154,112
2,國立清華大學,07111057,化學工程學系,D 日,M 碩士,208,112
2,國立清華大學,07112058,材料科學工程學系,D 日,M 碩士,321,112
2,國立清華大學,07131068,核子工程與科學研究所,D 日,M 碩士,51,112
2,國立清華大學,07141049,電機工程學系,D 日,M 碩士,407,112
2,國立清華大學,07141050,電子工程研究所,D 日,M 碩士,213,112
2,國立清華大學,07141052,光電工程研究所,D 日,M 碩士,145,112
2,國立清華大學,07141054,通訊工程研究所,D 日,M 碩士,166,112
2,國立清華大學,07151056,動力機械工程學系,D 日,M 碩士,363,112
2,國立清華大學,07151129,智慧生產與製造產業碩士專班,D 日,M 碩士,0,112
2,國立清華大學,07151134,AI智慧製造與工業物聯網產業碩士專班,D 日,M 碩士,0,112
2,國立清華大學,07151138,電動載具先進智慧製造技術產業碩士專班,D 日,M 碩士,6,112
2,國立清華大學,07151141,AI智慧製造與智慧物聯網產業碩士專班,D 日,M 碩士,13,112
2,國立清華大學,07151145,流體機械暨先進材料與智慧檢測產業碩士專班,D 日,M 碩士,2,112
2,國立清華大學,07191061,工業工程與工程管理學系,D 日,M 碩士,214,112
2,國立清華大學,07191061,工業工程與工程管理學系,N 職,M 碩士,118,112
2,國立清華大學,07191123,智慧製造跨院高階主管碩士在職學位學程,N 職,M 碩士,65,112
2,國立清華大學,07193063,生醫工程與環境科學系,D 日,M 碩士,101,112
2,國立清華大學,07193065,生物醫學工程研究所,D 日,M 碩士,49,112
2,國立清華大學,07194059,奈米工程與微系統研究所,D 日,M 碩士,62,112
2,國立清華大學,07194066,工程與系統科學系,D 日,M 碩士,214,112
2,國立清華大學,07199070,全球營運管理碩士雙聯學位學程,D 日,M 碩士,1,112
2,國立清華大學,99999074,跨院國際碩士學位學程,D 日,M 碩士,37,112
3,國立臺灣大學,01131001,華語教學碩士學位學程,D 日,M 碩士,54,112
3,國立臺灣大學,02151002,音樂學研究所,D 日,M 碩士,21,112
3,國立臺灣大學,02152003,戲劇學系,D 日,M 碩士,30,112
3,國立臺灣大學,02191004,藝術史研究所,D 日,M 碩士,40,112
3,國立臺灣大學,02221012,歷史學系,D 日,M 碩士,71,112
3,國立臺灣大學,02222013,人類學系,D 日,M 碩士,39,112
3,國立臺灣大學,02231014,哲學系,D 日,M 碩士,50,112
3,國立臺灣大學,02311007,外國語文學系,D 日,M 碩士,67,112
3,國立臺灣大學,02311009,日本語文學系,D 日,M 碩士,49,112
3,國立臺灣大學,02312010,翻譯碩士學位學程,D 日,M 碩士,61,112
3,國立臺灣大學,02321005,臺灣文學研究所,D 日,M 碩士,45,112
3,國立臺灣大學,02322006,中國文學系,D 日,M 碩士,82,112
3,國立臺灣大學,02399011,語言學研究所,D 日,M 碩士,35,112
3,國立臺灣大學,03111015,經濟學系,D 日,M 碩士,111,112
3,國立臺灣大學,03111015,經濟學系,N 職,M 碩士,83,112
3,國立臺灣大學,03121016,政治學系,D 日,M 碩士,125,112
3,國立臺灣大學,03121016,政治學系,N 職,M 碩士,80,112
3,國立臺灣大學,03131019,心理學系,D 日,M 碩士,115,112
3,國立臺灣大學,03141018,社會學系,D 日,M 碩士,44,112
3,國立臺灣大學,03142021,地理環境資源學系,D 日,M 碩士,65,112
3,國立臺灣大學,03142021,地理環境資源學系,N 職,M 碩士,1,112
3,國立臺灣大學,03191023,國家發展研究所,D 日,M 碩士,184,112
3,國立臺灣大學,03191023,國家發展研究所,N 職,M 碩士,55,112
3,國立臺灣大學,03212024,新聞研究所,D 日,M 碩士,92,112
3,國立臺灣大學,03222025,圖書資訊學系,D 日,M 碩士,73,112
3,國立臺灣大學,04111027,會計學系,D 日,M 碩士,97,112
3,國立臺灣大學,04121032,財務金融學系,D 日,M 碩士,147,112
3,國立臺灣大學,04131026,商學研究所,D 日,M 碩士,134,112
3,國立臺灣大學,04131028,管理學院企業管理碩士專班,D 日,M 碩士,184,112
3,國立臺灣大學,04131030,事業經營碩士在職學位學程,N 職,M 碩士,61,112
3,國立臺灣大學,04131031,國際企業學系,D 日,M 碩士,144,112
3,國立臺灣大學,04134022,公共事務研究所,D 日,M 碩士,46,112
3,國立臺灣大學,04199034,臺大復旦EMBA境外專班,N 職,M 碩士,227,112
3,國立臺灣大學,04199146,管理學院碩士在職專班,N 職,M 碩士,419,112
3,國立臺灣大學,04199148,管理學院創業創新管理碩士在職專班,N 職,M 碩士,85,112
3,國立臺灣大學,04211035,法律學系,D 日,M 碩士,474,112
3,國立臺灣大學,04212036,科際整合法律學研究所,D 日,M 碩士,160,112
3,國立臺灣大學,04212037,事業經營法務碩士在職學位學程,N 職,M 碩士,68,112
3,國立臺灣大學,05111038,生命科學系,D 日,M 碩士,82,112
3,國立臺灣大學,05111040,植物科學研究所,D 日,M 碩士,63,112
3,國立臺灣大學,05111041,昆蟲學系,D 日,M 碩士,39,112
3,國立臺灣大學,05121044,生物科技研究所,D 日,M 碩士,33,112
3,國立臺灣大學,05121045,生化科學研究所,D 日,M 碩士,51,112
3,國立臺灣大學,05121046,分子與細胞生物學研究所,D 日,M 碩士,52,112
3,國立臺灣大學,05121047,基因體與系統生物學學位學程,D 日,M 碩士,17,112
3,國立臺灣大學,05121151,生化科技學系,D 日,M 碩士,110,112
3,國立臺灣大學,05121160,生物科技管理碩士在職學位學程,N 職,M 碩士,62,112
3,國立臺灣大學,05123050,生物化學暨分子生物學研究所,D 日,M 碩士,61,112
3,國立臺灣大學,05199167,生物多樣性國際碩士學位學程,D 日,M 碩士,14,112
3,國立臺灣大學,05212043,生態學與演化生物學研究所,D 日,M 碩士,58,112
3,國立臺灣大學,05291178,防災減害與韌性碩士學位學程,D 日,M 碩士,1,112
3,國立臺灣大學,05311051,化學系,D 日,M 碩士,295,112
3,國立臺灣大學,05321052,地質科學系,D 日,M 碩士,72,112
3,國立臺灣大學,05321053,氣候變遷與永續發展國際碩士學位學程,D 日,M 碩士,37,112
3,國立臺灣大學,05322056,大氣科學系,D 日,M 碩士,39,112
3,國立臺灣大學,05323057,海洋研究所,D 日,M 碩士,84,112
3,國立臺灣大學,05331054,物理學系,D 日,M 碩士,205,112
3,國立臺灣大學,05331055,應用物理學研究所,D 日,M 碩士,46,112
3,國立臺灣大學,05332058,天文物理研究所,D 日,M 碩士,14,112
3,國立臺灣大學,05411059,數學系,D 日,M 碩士,42,112
3,國立臺灣大學,05421060,統計碩士學位學程,D 日,M 碩士,37,112
3,國立臺灣大學,05421168,統計與數據科學研究所,D 日,M 碩士,30,112
3,國立臺灣大學,05421176,健康數據拓析統計研究所,D 日,M 碩士,20,112
3,國立臺灣大學,05499061,應用數學科學研究所,D 日,M 碩士,21,112
3,國立臺灣大學,06131062,資訊管理學系,D 日,M 碩士,140,112
3,國立臺灣大學,06131063,資訊網路與多媒體研究所,D 日,M 碩士,134,112
3,國立臺灣大學,06131067,資訊工程學系,D 日,M 碩士,420,112
3,國立臺灣大學,06131067,資訊工程學系,N 職,M 碩士,21,112
3,國立臺灣大學,06131081,生醫電子與資訊學研究所,D 日,M 碩士,152,112
3,國立臺灣大學,06131158,資料科學碩士學位學程,D 日,M 碩士,42,112
3,國立臺灣大學,07111076,化學工程學系,D 日,M 碩士,269,112
3,國立臺灣大學,07111077,高分子科學與工程學研究所,D 日,M 碩士,69,112
3,國立臺灣大學,07112078,材料科學與工程學系,D 日,M 碩士,199,112
3,國立臺灣大學,07121080,環境工程學研究所,D 日,M 碩士,132,112
3,國立臺灣大學,07121080,環境工程學研究所,N 職,M 碩士,16,112
3,國立臺灣大學,07141064,電機工程學系,D 日,M 碩士,287,112
3,國立臺灣大學,07141065,電子工程學研究所,D 日,M 碩士,452,112
3,國立臺灣大學,07141066,光電工程學研究所,D 日,M 碩士,299,112
3,國立臺灣大學,07141068,電信工程學研究所,D 日,M 碩士,383,112
3,國立臺灣大學,07141068,電信工程學研究所智慧科技與資訊安全碩士在職專班,N 職,M 碩士,25,112
3,國立臺灣大學,07151069,機械工程學系,D 日,M 碩士,509,112
3,國立臺灣大學,07151071,應用力學研究所,D 日,M 碩士,204,112
3,國立臺灣大學,07151082,工程科學及海洋工程學系,D 日,M 碩士,222,112
3,國立臺灣大學,07151161,生物機電工程學系,D 日,M 碩士,114,112
3,國立臺灣大學,07191079,工業工程學研究所,D 日,M 碩士,70,112
3,國立臺灣大學,07191079,工業工程學研究所,N 職,M 碩士,39,112
3,國立臺灣大學,07193083,醫學工程學系,D 日,M 碩士,124,112
3,國立臺灣大學,07211099,食品科技研究所,D 日,M 碩士,92,112
3,國立臺灣大學,07313086,建築與城鄉研究所,D 日,M 碩士,141,112
3,國立臺灣大學,07321074,土木工程學系,D 日,M 碩士,414,112
3,國立臺灣大學,07321074,土木工程學系,N 職,M 碩士,56,112
3,國立臺灣大學,07321075,生物環境系統工程學系,D 日,M 碩士,71,112
3,國立臺灣大學,08111087,農藝學系,D 日,M 碩士,70,112
3,國立臺灣大學,08112089,動物科學技術學系,D 日,M 碩士,60,112
3,國立臺灣大學,08121091,園藝暨景觀學系,D 日,M 碩士,129,112
3,國立臺灣大學,08191100,農業化學系,D 日,M 碩士,59,112
3,國立臺灣大學,08192164,全球農業科技與基因體科學碩士學位學程,D 日,M 碩士,15,112
3,國立臺灣大學,08193096,農業經濟學系,D 日,M 碩士,93,112
3,國立臺灣大學,08193096,農業經濟學系,N 職,M 碩士,63,112
3,國立臺灣大學,08193098,生物產業傳播暨發展學系,D 日,M 碩士,33,112
3,國立臺灣大學,08193098,生物產業傳播暨發展學系,N 職,M 碩士,35,112
3,國立臺灣大學,08194094,植物病理與微生物學系,D 日,M 碩士,50,112
3,國立臺灣大學,08194095,植物醫學碩士學位學程,D 日,M 碩士,33,112
3,國立臺灣大學,08211102,森林環境暨資源學系,D 日,M 碩士,123,112
3,國立臺灣大學,08311103,漁業科學研究所,D 日,M 碩士,43,112
3,國立臺灣大學,08411104,獸醫學系,D 日,M 碩士,37,112
3,國立臺灣大學,08411105,臨床動物醫學研究所,D 日,M 碩士,36,112
3,國立臺灣大學,08411106,分子暨比較病理生物學研究所,D 日,M 碩士,20,112
3,國立臺灣大學,09111138,臨床牙醫學研究所,D 日,M 碩士,56,112
3,國立臺灣大學,09111138,臨床牙醫學研究所,N 職,M 碩士,13,112
3,國立臺灣大學,09111139,口腔生物科學研究所,D 日,M 碩士,30,112
3,國立臺灣大學,09121048,微生物學研究所,D 日,M 碩士,71,112
3,國立臺灣大學,09121108,臨床醫學研究所,N 職,M 碩士,72,112
3,國立臺灣大學,09121109,分子醫學研究所,D 日,M 碩士,32,112
3,國立臺灣大學,09121109,分子醫學研究所,N 職,M 碩士,28,112
3,國立臺灣大學,09121110,免疫學研究所,D 日,M 碩士,25,112
3,國立臺灣大學,09121111,生理學研究所,D 日,M 碩士,39,112
3,國立臺灣大學,09121112,病理學研究所,D 日,M 碩士,11,112
3,國立臺灣大學,09121114,解剖學暨細胞生物學研究所,D 日,M 碩士,23,112
3,國立臺灣大學,09121120,基因體暨蛋白體醫學研究所,D 日,M 碩士,21,112
3,國立臺灣大學,09121121,醫學教育暨生醫倫理研究所,D 日,M 碩士,16,112
3,國立臺灣大學,09121130,藥理學研究所,D 日,M 碩士,41,112
3,國立臺灣大學,09121140,法醫學研究所,D 日,M 碩士,23,112
3,國立臺灣大學,09121142,腦與心智科學研究所,D 日,M 碩士,34,112
3,國立臺灣大學,09131134,護理學系,D 日,M 碩士,96,112
3,國立臺灣大學,09141136,醫學檢驗暨生物技術學系,D 日,M 碩士,52,112
3,國立臺灣大學,09141143,醫療器材與醫學影像研究所,D 日,M 碩士,19,112
3,國立臺灣大學,09151132,物理治療學系,D 日,M 碩士,36,112
3,國立臺灣大學,09152133,職能治療學系,D 日,M 碩士,31,112
3,國立臺灣大學,09161129,藥學系,D 日,M 碩士,49,112
3,國立臺灣大學,09161131,臨床藥學研究所,D 日,M 碩士,16,112
3,國立臺灣大學,09191122,公共衛生碩士學位學程,D 日,M 碩士,82,112
3,國立臺灣大學,09191126,流行病學與預防醫學研究所,D 日,M 碩士,70,112
3,國立臺灣大學,09191126,流行病學與預防醫學研究所,N 職,M 碩士,13,112
3,國立臺灣大學,09191127,健康政策與管理研究所,D 日,M 碩士,47,112
3,國立臺灣大學,09191127,健康政策與管理研究所高階經營碩士在職專班,N 職,M 碩士,55,112
3,國立臺灣大學,09191128,健康行為與社區科學研究所,D 日,M 碩士,33,112
3,國立臺灣大學,09191157,食品安全與健康研究所,D 日,M 碩士,33,112
3,國立臺灣大學,09191162,環境與職業健康科學研究所,D 日,M 碩士,79,112
3,國立臺灣大學,09191163,全球衛生碩士學位學程,D 日,M 碩士,17,112
3,國立臺灣大學,09199141,毒理學研究所,D 日,M 碩士,20,112
3,國立臺灣大學,09199159,國際三校農業生技與健康醫療碩士學位學程,D 日,M 碩士,8,112
3,國立臺灣大學,09199170,智慧醫療與健康資訊碩士學位學程,D 日,M 碩士,15,112
3,國立臺灣大學,09231144,社會工作學系,D 日,M 碩士,62,112
3,國立臺灣大學,10152145,運動設施與健康管理碩士學位學程,D 日,M 碩士,39,112
4,國立臺灣師範大學,01111001,教育學系,D 日,M 碩士,80,112
4,國立臺灣師範大學,01111001,教育學系碩士在職專班,N 職,M 碩士,118,112
4,國立臺灣師範大學,01113018,特殊教育學系,D 日,M 碩士,54,112
4,國立臺灣師範大學,01113018,特殊教育學系,N 職,M 碩士,91,112
4,國立臺灣師範大學,01114019,教育政策與行政研究所,D 日,M 碩士,46,112
4,國立臺灣師範大學,01115002,課程與教學研究所,D 日,M 碩士,36,112
4,國立臺灣師範大學,01115006,科學教育研究所,D 日,M 碩士,62,112
4,國立臺灣師範大學,01116014,資訊教育研究所,D 日,M 碩士,63,112
4,國立臺灣師範大學,01118010,工業教育學系,D 日,M 碩士,84,112
4,國立臺灣師範大學,01131004,公民教育與活動領導學系,D 日,M 碩士,64,112
4,國立臺灣師範大學,01131004,公民教育與活動領導學系,N 職,M 碩士,58,112
4,國立臺灣師範大學,01131009,社會教育學系,D 日,M 碩士,83,112
4,國立臺灣師範大學,01131009,社會教育學系社會教育與文化行政碩士在職專班,N 職,M 碩士,55,112
4,國立臺灣師範大學,01131017,健康促進與衛生教育學系,D 日,M 碩士,67,112
4,國立臺灣師範大學,01141007,人類發展與家庭學系,D 日,M 碩士,0,112
4,國立臺灣師範大學,01141007,人類發展與家庭學系幼兒教育碩士在職專班,N 職,M 碩士,0,112
4,國立臺灣師範大學,01141010,工業教育學系,N 職,M 碩士,122,112
4,國立臺灣師範大學,01141013,環境教育研究所,D 日,M 碩士,0,112
4,國立臺灣師範大學,01141017,健康促進與衛生教育學系健康促進與衛生教育碩士在職專班,N 職,M 碩士,110,112
4,國立臺灣師範大學,01141087,體育與運動科學系,D 日,M 碩士,156,112
4,國立臺灣師範大學,01141087,體育與運動科學系,N 職,M 碩士,58,112
4,國立臺灣師範大學,01141090,幼兒與家庭科學學系,D 日,M 碩士,73,112
4,國立臺灣師範大學,01141090,幼兒與家庭科學學系幼兒教育碩士在職專班,N 職,M 碩士,1,112
4,國立臺灣師範大學,01141091,永續管理與環境教育研究所,D 日,M 碩士,50,112
4,國立臺灣師範大學,01199021,教育學院創造力發展碩士在職專班,N 職,M 碩士,112,112
4,國立臺灣師範大學,01199022,科技應用與人力資源發展學系,D 日,M 碩士,89,112
4,國立臺灣師範大學,01199022,科技應用與人力資源發展學系人力資源發展碩士在職專班,N 職,M 碩士,92,112
4,國立臺灣師範大學,02112037,設計學系,D 日,M 碩士,82,112
4,國立臺灣師範大學,02112037,設計學系設計創作碩士在職專班,N 職,M 碩士,75,112
4,國立臺灣師範大學,02131023,美術學系,D 日,M 碩士,120,112
4,國立臺灣師範大學,02131023,美術學系美術創作碩士在職專班,N 職,M 碩士,174,112
4,國立臺灣師範大學,02151024,音樂學系,D 日,M 碩士,137,112
4,國立臺灣師範大學,02151024,音樂學系,N 職,M 碩士,193,112
4,國立臺灣師範大學,02151025,民族音樂研究所,D 日,M 碩士,53,112
4,國立臺灣師範大學,02152027,表演藝術研究所,D 日,M 碩士,93,112
4,國立臺灣師範大學,02191026,藝術史研究所,D 日,M 碩士,60,112
4,國立臺灣師範大學,02221035,歷史學系,D 日,M 碩士,88,112
4,國立臺灣師範大學,02221035,歷史學系歷史教學碩士在職專班,N 職,M 碩士,0,112
4,國立臺灣師範大學,02221036,臺灣史研究所,D 日,M 碩士,50,112
4,國立臺灣師範大學,02299045,歐洲文化與觀光研究所,D 日,M 碩士,47,112
4,國立臺灣師範大學,02311033,英語學系,D 日,M 碩士,172,112
4,國立臺灣師範大學,02311033,英語學系英語教學碩士在職專班,N 職,M 碩士,41,112
4,國立臺灣師範大學,02312034,翻譯研究所,D 日,M 碩士,87,112
4,國立臺灣師範大學,02312034,翻譯研究所軍事口譯碩士在職專班,N 職,M 碩士,11,112
4,國立臺灣師範大學,02313005,華語文教學系,D 日,M 碩士,213,112
4,國立臺灣師範大學,02313005,華語文教學系海外華語師資數位碩士在職專班,N 職,M 碩士,75,112
4,國立臺灣師範大學,02321028,臺灣語文學系,D 日,M 碩士,60,112
4,國立臺灣師範大學,02322029,國文學系,D 日,M 碩士,94,112
4,國立臺灣師範大學,02322029,國文學系,N 職,M 碩士,92,112
4,國立臺灣師範大學,03122042,東亞學系國家安全與國際事務研究碩士在職專班,N 職,M 碩士,25,112
4,國立臺灣師範大學,03131003,教育心理與輔導學系,D 日,M 碩士,128,112
4,國立臺灣師範大學,03131003,教育心理與輔導學系,N 職,M 碩士,76,112
4,國立臺灣師範大學,03131089,成癮防制碩士在職學位學程,N 職,M 碩士,40,112
4,國立臺灣師範大學,03142041,地理學系,D 日,M 碩士,66,112
4,國立臺灣師範大學,03142041,地理學系地理碩士在職專班,N 職,M 碩士,70,112
4,國立臺灣師範大學,03143042,東亞學系,D 日,M 碩士,81,112
4,國立臺灣師範大學,03199070,復健諮商研究所,D 日,M 碩士,30,112
4,國立臺灣師範大學,03211048,大眾傳播研究所,D 日,M 碩士,96,112
4,國立臺灣師範大學,03214050,圖文傳播學系,D 日,M 碩士,69,112
4,國立臺灣師範大學,03214050,圖文傳播學系,N 職,M 碩士,101,112
4,國立臺灣師範大學,03222049,圖書資訊學研究所,D 日,M 碩士,48,112
4,國立臺灣師範大學,03222049,圖書資訊學研究所圖書資訊學碩士在職專班,N 職,M 碩士,94,112
4,國立臺灣師範大學,04131047,全球經營與策略研究所,D 日,M 碩士,62,112
4,國立臺灣師範大學,04131052,管理研究所,D 日,M 碩士,87,112
4,國立臺灣師範大學,04131055,管理學院高階經理人企業管理碩士在職專班,N 職,M 碩士,165,112
4,國立臺灣師範大學,04131082,運動與休閒學院樂活產業高階經理人企業管理碩士在職專班,N 職,M 碩士,70,112
4,國立臺灣師範大學,04191054,國際人力資源發展研究所,D 日,M 碩士,64,112
4,國立臺灣師範大學,05111056,生命科學系,D 日,M 碩士,91,112
4,國立臺灣師範大學,05121084,生技醫藥產業碩士學位學程,D 日,M 碩士,17,112
4,國立臺灣師範大學,05191083,營養科學碩士學位學程,D 日,M 碩士,26,112
4,國立臺灣師範大學,05311059,化學系,D 日,M 碩士,185,112
4,國立臺灣師範大學,05321060,地球科學系,D 日,M 碩士,62,112
4,國立臺灣師範大學,05331061,物理學系,D 日,M 碩士,82,112
4,國立臺灣師範大學,05411062,數學系,D 日,M 碩士,79,112
4,國立臺灣師範大學,06131065,資訊工程學系,D 日,M 碩士,192,112
4,國立臺灣師範大學,07141063,電機工程學系,D 日,M 碩士,150,112
4,國立臺灣師範大學,07141080,光電工程研究所,D 日,M 碩士,58,112
4,國立臺灣師範大學,07151068,機電工程學系,D 日,M 碩士,75,112
4,國立臺灣師範大學,09231071,社會工作學研究所,D 日,M 碩士,93,112
4,國立臺灣師範大學,10141074,運動競技學系,D 日,M 碩士,81,112
4,國立臺灣師範大學,10152077,運動休閒與餐旅管理研究所,D 日,M 碩士,99,112
4,國立臺灣師範大學,10152077,運動休閒與餐旅管理研究所運動休閒與餐旅管理碩士在職專班,N 職,M 碩士,72,112
4,國立臺灣師範大學,99999078,管理學院國際時尚高階管理碩士在職專班,N 職,M 碩士,81,112
5,國立成功大學,01111103,教育研究所,D 日,M 碩士,60,112
5,國立成功大學,02121105,科技藝術碩士學位學程,D 日,M 碩士,20,112
5,國立成功大學,02122112,創意產業設計研究所,D 日,M 碩士,65,112
5,國立成功大學,02123113,工業設計學系,D 日,M 碩士,98,112
5,國立成功大學,02123113,工業設計學系,N 職,M 碩士,41,112
5,國立成功大學,02152051,戲劇碩士學位學程,D 日,M 碩士,22,112
5,國立成功大學,02191104,藝術研究所,D 日,M 碩士,51,112
5,國立成功大學,02221110,歷史學系,D 日,M 碩士,49,112
5,國立成功大學,02222111,考古學研究所,D 日,M 碩士,51,112
5,國立成功大學,02311108,外國語文學系,D 日,M 碩士,46,112
5,國立成功大學,02321106,台灣文學系,D 日,M 碩士,51,112
5,國立成功大學,02321106,台灣文學系,N 職,M 碩士,14,112
5,國立成功大學,02322107,中國文學系,D 日,M 碩士,70,112
5,國立成功大學,03111114,經濟學系,D 日,M 碩士,30,112
5,國立成功大學,03121115,政治學系政治經濟學碩士班,D 日,M 碩士,34,112
5,國立成功大學,03121115,政治學系政治經濟學碩士在職專班,N 職,M 碩士,44,112
5,國立成功大學,03131117,心理學系,D 日,M 碩士,43,112
5,國立成功大學,03131119,行為醫學研究所,D 日,M 碩士,35,112
5,國立成功大學,04111120,會計學系,D 日,M 碩士,91,112
5,國立成功大學,04121126,財務金融研究所,D 日,M 碩士,70,112
5,國立成功大學,04121126,財務金融研究所,N 職,M 碩士,135,112
5,國立成功大學,04131055,高階管理碩士在職專班(EMBA),N 職,M 碩士,261,112
5,國立成功大學,04131056,電信管理研究所,D 日,M 碩士,36,112
5,國立成功大學,04131121,企業管理學系,D 日,M 碩士,128,112
5,國立成功大學,04131121,企業管理學系,N 職,M 碩士,96,112
5,國立成功大學,04131122,經營管理碩士學位學程(AMBA),D 日,M 碩士,50,112
5,國立成功大學,04131124,國際企業研究所,D 日,M 碩士,67,112
5,國立成功大學,04131125,國際經營管理研究所(IMBA),D 日,M 碩士,74,112
5,國立成功大學,04131125,國際經營管理研究所(IMBA),N 職,M 碩士,66,112
5,國立成功大學,04199024,海洋科技與事務研究所,D 日,M 碩士,17,112
5,國立成功大學,04199057,工業與資訊管理學系,D 日,M 碩士,84,112
5,國立成功大學,04199057,工業與資訊管理學系,N 職,M 碩士,109,112
5,國立成功大學,04212001,法律學系,D 日,M 碩士,156,112
5,國立成功大學,04212001,法律學系,N 職,M 碩士,68,112
5,國立成功大學,05111003,生命科學系,D 日,M 碩士,58,112
5,國立成功大學,05111132,熱帶植物與微生物科學研究所,D 日,M 碩士,26,112
5,國立成功大學,05121008,生物科技與產業科學系,D 日,M 碩士,78,112
5,國立成功大學,05122009,微生物及免疫學研究所,D 日,M 碩士,50,112
5,國立成功大學,05123010,生物化學暨分子生物學研究所,D 日,M 碩士,52,112
5,國立成功大學,05291025,自然災害減災及管理國際碩士學位學程,D 日,M 碩士,22,112
5,國立成功大學,05311017,化學系,D 日,M 碩士,138,112
5,國立成功大學,05321019,地球科學系,D 日,M 碩士,51,112
5,國立成功大學,05321019,地球科學系,N 職,M 碩士,8,112
5,國立成功大學,05331021,物理學系,D 日,M 碩士,121,112
5,國立成功大學,05331023,太空與電漿科學研究所,D 日,M 碩士,14,112
5,國立成功大學,05411027,數學系,D 日,M 碩士,58,112
5,國立成功大學,05421029,統計學系,D 日,M 碩士,35,112
5,國立成功大學,05421128,數據科學研究所,D 日,M 碩士,22,112
5,國立成功大學,06131030,資訊管理研究所,D 日,M 碩士,70,112
5,國立成功大學,06131036,資訊工程學系,D 日,M 碩士,351,112
5,國立成功大學,06131036,資訊工程學系人工智慧與資訊系統碩士在職專班,N 職,M 碩士,42,112
5,國立成功大學,06131037,電腦與通信工程研究所,D 日,M 碩士,156,112
5,國立成功大學,06131095,醫學資訊研究所,D 日,M 碩士,28,112
5,國立成功大學,06131131,人工智慧科技碩士學位學程,D 日,M 碩士,39,112
5,國立成功大學,06131138,智慧運算碩士學位學程,D 日,M 碩士,16,112
5,國立成功大學,06131139,智慧資訊安全碩士學位學程,D 日,M 碩士,13,112
5,國立成功大學,07111050,化學工程學系,D 日,M 碩士,274,112
5,國立成功大學,07112063,材料科學及工程學系,D 日,M 碩士,323,112
5,國立成功大學,07112065,尖端材料國際碩士學位學程,D 日,M 碩士,5,112
5,國立成功大學,07121070,環境工程學系,D 日,M 碩士,92,112
5,國立成功大學,07122026,水利及海洋工程學系,D 日,M 碩士,80,112
5,國立成功大學,07122026,水利及海洋工程學系,N 職,M 碩士,28,112
5,國立成功大學,07132052,能源工程國際碩士學位學程,D 日,M 碩士,30,112
5,國立成功大學,07141032,電機工程學系,D 日,M 碩士,820,112
5,國立成功大學,07141032,電機工程學系,N 職,M 碩士,48,112
5,國立成功大學,07141033,微電子工程研究所,D 日,M 碩士,127,112
5,國立成功大學,07141035,光電科學與工程學系,D 日,M 碩士,171,112
5,國立成功大學,07141040,奈米積體電路工程碩士學位學程,D 日,M 碩士,41,112
5,國立成功大學,07141041,製造資訊與系統研究所,D 日,M 碩士,65,112
5,國立成功大學,07141071,工程科學系,D 日,M 碩士,233,112
5,國立成功大學,07141071,工程科學系,N 職,M 碩士,147,112
5,國立成功大學,07141134,人工智慧機器人碩士學位學程,D 日,M 碩士,24,112
5,國立成功大學,07151042,機械工程學系,D 日,M 碩士,434,112
5,國立成功大學,07151133,智慧製造國際碩士學位學程,D 日,M 碩士,21,112
5,國立成功大學,07162043,航空太空工程學系,D 日,M 碩士,199,112
5,國立成功大學,07162043,航空太空工程學系,N 職,M 碩士,50,112
5,國立成功大學,07162100,民航研究所,D 日,M 碩士,19,112
5,國立成功大學,07162140,太空系統工程研究所,D 日,M 碩士,14,112
5,國立成功大學,07163044,系統及船舶機電工程學系,D 日,M 碩士,94,112
5,國立成功大學,07191072,工程管理碩士在職專班,N 職,M 碩士,130,112
5,國立成功大學,07193061,生物醫學工程學系,D 日,M 碩士,117,112
5,國立成功大學,07241064,資源工程學系,D 日,M 碩士,88,112
5,國立成功大學,07311075,建築學系,D 日,M 碩士,176,112
5,國立成功大學,07311075,建築學系,N 職,M 碩士,48,112
5,國立成功大學,07313076,都市計劃學系,D 日,M 碩士,108,112
5,國立成功大學,07321049,土木工程學系,D 日,M 碩士,261,112
5,國立成功大學,07321049,土木工程學系,N 職,M 碩士,55,112
5,國立成功大學,07322067,測量及空間資訊學系,D 日,M 碩士,63,112
5,國立成功大學,09111096,口腔醫學研究所,D 日,M 碩士,26,112
5,國立成功大學,09121054,分子醫學研究所,D 日,M 碩士,36,112
5,國立成功大學,09121078,臨床醫學研究所,D 日,M 碩士,34,112
5,國立成功大學,09121078,臨床醫學研究所,N 職,M 碩士,19,112
5,國立成功大學,09121083,生理學研究所,D 日,M 碩士,34,112
5,國立成功大學,09121084,細胞生物與解剖學研究所,D 日,M 碩士,21,112
5,國立成功大學,09131090,護理學系,D 日,M 碩士,74,112
5,國立成功大學,09131090,護理學系專科護理師碩士在職專班,N 職,M 碩士,12,112
5,國立成功大學,09141094,醫學檢驗生物技術學系,D 日,M 碩士,43,112
5,國立成功大學,09151082,物理治療學系,D 日,M 碩士,23,112
5,國立成功大學,09152089,職能治療學系,D 日,M 碩士,24,112
5,國立成功大學,09161087,藥理學研究所,D 日,M 碩士,40,112
5,國立成功大學,09161088,臨床藥學與藥物科技研究所,D 日,M 碩士,30,112
5,國立成功大學,09191079,公共衛生研究所,D 日,M 碩士,39,112
5,國立成功大學,09191079,公共衛生研究所,N 職,M 碩士,29,112
5,國立成功大學,09191085,環境醫學研究所,D 日,M 碩士,49,112
5,國立成功大學,09199127,食品安全衛生暨風險管理研究所,D 日,M 碩士,39,112
5,國立成功大學,09211101,老年學研究所,D 日,M 碩士,34,112
5,國立成功大學,10152097,體育健康與休閒研究所,D 日,M 碩士,41,112
5,國立成功大學,10152097,體育健康與休閒研究所運動健康與休閒管理碩士在職專班,N 職,M 碩士,62,112
5,國立成功大學,10411098,交通管理科學系,D 日,M 碩士,80,112
5,國立成功大學,10411098,交通管理科學系,N 職,M 碩士,70,112
5,國立成功大學,99999137,全校永續跨域國際碩士學位學程,D 日,M 碩士,11,112
6,國立中興大學,01111001,教師專業發展研究所,D 日,M 碩士,31,112
6,國立中興大學,02221007,歷史學系,D 日,M 碩士,39,112
6,國立中興大學,02221007,歷史學系,N 職,M 碩士,18,112
6,國立中興大學,02311006,外國語文學系,D 日,M 碩士,30,112
6,國立中興大學,02321003,台灣文學與跨國文化研究所,D 日,M 碩士,42,112
6,國立中興大學,02321003,台灣文學與跨國文化研究所,N 職,M 碩士,30,112
6,國立中興大學,02322005,中國文學系,D 日,M 碩士,61,112
6,國立中興大學,02322005,中國文學系,N 職,M 碩士,22,112
6,國立中興大學,03111009,應用經濟學系,D 日,M 碩士,33,112
6,國立中興大學,03111009,應用經濟學系,N 職,M 碩士,33,112
6,國立中興大學,03122010,國際政治研究所,D 日,M 碩士,45,112
6,國立中興大學,03122010,國際政治研究所,N 職,M 碩士,55,112
6,國立中興大學,03122119,亞洲與中國研究英語碩士學位學程,D 日,M 碩士,8,112
6,國立中興大學,03222013,圖書資訊學研究所,D 日,M 碩士,40,112
6,國立中興大學,04111015,會計學系,D 日,M 碩士,46,112
6,國立中興大學,04121019,財務金融學系,D 日,M 碩士,67,112
6,國立中興大學,04131016,企業管理學系,D 日,M 碩士,75,112
6,國立中興大學,04131097,運動與健康管理研究所,D 日,M 碩士,27,112
6,國立中興大學,04134011,國家政策與公共事務研究所,D 日,M 碩士,24,112
6,國立中興大學,04134011,國家政策與公共事務研究所,N 職,M 碩士,58,112
6,國立中興大學,04143020,行銷學系,D 日,M 碩士,62,112
6,國立中興大學,04199012,全球事務研究跨洲碩士學位學程,D 日,M 碩士,40,112
6,國立中興大學,04199021,科技管理研究所,D 日,M 碩士,69,112
6,國立中興大學,04199021,科技管理研究所智慧科技管理碩士在職專班,N 職,M 碩士,29,112
6,國立中興大學,04199022,高階經理人碩士在職專班,N 職,M 碩士,297,112
6,國立中興大學,04211023,法律學系,D 日,M 碩士,85,112
6,國立中興大學,04211023,法律學系,N 職,M 碩士,104,112
6,國立中興大學,05111026,生命科學系,D 日,M 碩士,108,112
6,國立中興大學,05111026,生命科學碩士在職專班,N 職,M 碩士,55,112
6,國立中興大學,05111029,昆蟲學系,D 日,M 碩士,40,112
6,國立中興大學,05121027,生物科技學研究所,D 日,M 碩士,59,112
6,國立中興大學,05121033,分子生物學研究所,D 日,M 碩士,49,112
6,國立中興大學,05121035,生物醫學研究所,D 日,M 碩士,37,112
6,國立中興大學,05121037,基因體暨生物資訊學研究所,D 日,M 碩士,23,112
6,國立中興大學,05123034,生物化學研究所,D 日,M 碩士,27,112
6,國立中興大學,05292082,水土保持學系,D 日,M 碩士,55,112
6,國立中興大學,05292082,水土保持學系,N 職,M 碩士,55,112
6,國立中興大學,05311039,化學系,D 日,M 碩士,168,112
6,國立中興大學,05331040,物理學系,D 日,M 碩士,40,112
6,國立中興大學,05331058,奈米科學研究所,D 日,M 碩士,49,112
6,國立中興大學,05411041,應用數學系,D 日,M 碩士,20,112
6,國立中興大學,05411041,應用數學系大數據碩士在職專班,N 職,M 碩士,52,112
6,國立中興大學,05421042,統計學研究所,D 日,M 碩士,39,112
6,國立中興大學,06131043,資訊管理學系,D 日,M 碩士,105,112
6,國立中興大學,06131043,資訊管理學系,N 職,M 碩士,79,112
6,國立中興大學,06131106,資料科學與資訊計算研究所,D 日,M 碩士,36,112
6,國立中興大學,06131108,資訊工程學系,D 日,M 碩士,160,112
6,國立中興大學,06131108,資訊工程學系,N 職,M 碩士,105,112
6,國立中興大學,06132100,人工智慧與資料科學碩士在職學位學程,N 職,M 碩士,74,112
6,國立中興大學,07111055,化學工程學系,D 日,M 碩士,153,112
6,國立中興大學,07111055,化學工程學系,N 職,M 碩士,67,112
6,國立中興大學,07112057,材料科學與工程學系,D 日,M 碩士,139,112
6,國立中興大學,07112057,材料科學與工程學系,N 職,M 碩士,97,112
6,國立中興大學,07121059,環境工程學系,D 日,M 碩士,90,112
6,國立中興大學,07121059,環境工程學系,N 職,M 碩士,104,112
6,國立中興大學,07141045,電機工程學系,D 日,M 碩士,291,112
6,國立中興大學,07141045,電機工程學系,N 職,M 碩士,116,112
6,國立中興大學,07141046,光電工程研究所,D 日,M 碩士,34,112
6,國立中興大學,07141049,通訊工程研究所,D 日,M 碩士,30,112
6,國立中興大學,07141104,電子系統產業碩士專班,D 日,M 碩士,4,112
6,國立中興大學,07141105,電機控制產業碩士專班,D 日,M 碩士,3,112
6,國立中興大學,07141120,智慧電動車及綠能科技產業碩士專班,D 日,M 碩士,15,112
6,國立中興大學,07141C02,光電半導體技術產業碩士專班,D 日,M 碩士,1,112
6,國立中興大學,07151050,機械工程學系,D 日,M 碩士,239,112
6,國立中興大學,07151050,機械工程學系,N 職,M 碩士,105,112
6,國立中興大學,07151051,精密工程研究所,D 日,M 碩士,73,112
6,國立中興大學,07151051,精密工程研究所,N 職,M 碩士,34,112
6,國立中興大學,07151052,生物產業機電工程學系,D 日,M 碩士,42,112
6,國立中興大學,07193060,生醫工程研究所,D 日,M 碩士,36,112
6,國立中興大學,07211081,食品暨應用生物科技學系,D 日,M 碩士,93,112
6,國立中興大學,07211081,食品暨應用生物科技學系,N 職,M 碩士,56,112
6,國立中興大學,07211098,食品安全研究所,D 日,M 碩士,31,112
6,國立中興大學,07312061,景觀與遊憩碩士學位學程,D 日,M 碩士,14,112
6,國立中興大學,07321054,土木工程學系,D 日,M 碩士,119,112
6,國立中興大學,07321054,土木工程學系,N 職,M 碩士,78,112
6,國立中興大學,08111063,農藝學系,D 日,M 碩士,48,112
6,國立中興大學,08111064,國際農學碩士學位學程,D 日,M 碩士,26,112
6,國立中興大學,08112066,動物科學系,D 日,M 碩士,67,112
6,國立中興大學,08121067,園藝學系,D 日,M 碩士,78,112
6,國立中興大學,08191083,土壤環境科學系,D 日,M 碩士,36,112
6,國立中興大學,08193076,生物產業管理研究所,D 日,M 碩士,36,112
6,國立中興大學,08193077,農業企業經營管理碩士在職專班,N 職,M 碩士,71,112
6,國立中興大學,08193079,農業經濟與行銷碩士學位學程,D 日,M 碩士,25,112
6,國立中興大學,08194068,植物病理學系,D 日,M 碩士,42,112
6,國立中興大學,08194069,植物醫學暨安全農業碩士學位學程,D 日,M 碩士,28,112
6,國立中興大學,08211086,森林學系,D 日,M 碩士,61,112
6,國立中興大學,08411087,獸醫學系,D 日,M 碩士,72,112
6,國立中興大學,08411089,獸醫病理生物學研究所,D 日,M 碩士,14,112
6,國立中興大學,08411092,微生物暨公共衛生學研究所,D 日,M 碩士,18,112
7,國立陽明交通大學,01111001,教育研究所,D 日,M 碩士,84,112
7,國立陽明交通大學,01131002,英語教學研究所,D 日,M 碩士,36,112
7,國立陽明交通大學,02122004,應用藝術研究所,D 日,M 碩士,74,112
7,國立陽明交通大學,02151003,音樂研究所,D 日,M 碩士,69,112
7,國立陽明交通大學,02191107,視覺文化研究所,D 日,M 碩士,22,112
7,國立陽明交通大學,02231108,心智哲學研究所,D 日,M 碩士,22,112
7,國立陽明交通大學,02299008,人文社會學系族群與文化碩士班,D 日,M 碩士,31,112
7,國立陽明交通大學,02299009,亞際文化研究國際碩士學位學程(台灣聯合大學系統),D 日,M 碩士,25,112
7,國立陽明交通大學,02299010,社會與文化研究所,D 日,M 碩士,37,112
7,國立陽明交通大學,02311005,外國語文學系外國文學與語言學碩士班,D 日,M 碩士,40,112
7,國立陽明交通大學,03143013,客家社會與文化碩士在職專班,N 職,M 碩士,79,112
7,國立陽明交通大學,03199109,科技與社會研究所,D 日,M 碩士,23,112
7,國立陽明交通大學,03211014,傳播研究所,D 日,M 碩士,69,112
7,國立陽明交通大學,03211015,傳播與科技學系,D 日,M 碩士,50,112
7,國立陽明交通大學,04121020,資訊管理與財務金融學系財務金融碩士班,D 日,M 碩士,113,112
7,國立陽明交通大學,04131016,管理學院企業管理碩士學位學程,D 日,M 碩士,75,112
7,國立陽明交通大學,04131017,經營管理研究所,D 日,M 碩士,104,112
7,國立陽明交通大學,04131018,管理科學系,D 日,M 碩士,77,112
7,國立陽明交通大學,04131026,管理學院碩士在職專班,N 職,M 碩士,441,112
7,國立陽明交通大學,04131164,生技醫療經營管理碩士在職學位學程,N 職,M 碩士,44,112
7,國立陽明交通大學,04133110,醫務管理研究所,D 日,M 碩士,25,112
7,國立陽明交通大學,04133110,醫務管理研究所,N 職,M 碩士,66,112
7,國立陽明交通大學,04199023,科技管理研究所,D 日,M 碩士,47,112
7,國立陽明交通大學,04199024,高階主管管理碩士學程,N 職,M 碩士,119,112
7,國立陽明交通大學,04212027,科技法律研究所,D 日,M 碩士,133,112
7,國立陽明交通大學,04212027,科技法律研究所,N 職,M 碩士,99,112
7,國立陽明交通大學,05121028,生物科技學系,D 日,M 碩士,120,112
7,國立陽明交通大學,05121030,分子醫學與生物工程研究所,D 日,M 碩士,67,112
7,國立陽明交通大學,05121112,生命科學系暨基因體科學研究所,D 日,M 碩士,68,112
7,國立陽明交通大學,05121173,工程與計算生醫產業碩士專班,D 日,M 碩士,4,112
7,國立陽明交通大學,05122114,微生物及免疫學研究所,D 日,M 碩士,45,112
7,國立陽明交通大學,05123116,生化暨分子生物研究所,D 日,M 碩士,49,112
7,國立陽明交通大學,05124034,生物資訊及系統生物研究所,D 日,M 碩士,43,112
7,國立陽明交通大學,05124117,生物醫學資訊研究所,D 日,M 碩士,65,112
7,國立陽明交通大學,05311036,應用化學系,D 日,M 碩士,260,112
7,國立陽明交通大學,05311038,跨領域分子科學國際碩士學位學程,D 日,M 碩士,0,112
7,國立陽明交通大學,05322178,太空系統工程研究所,D 日,M 碩士,15,112
7,國立陽明交通大學,05331040,物理研究所,D 日,M 碩士,68,112
7,國立陽明交通大學,05331041,電子物理學系,D 日,M 碩士,204,112
7,國立陽明交通大學,05399042,加速器光源科技與應用碩士學位學程,D 日,M 碩士,3,112
7,國立陽明交通大學,05399044,理學院碩士在職專班,N 職,M 碩士,138,112
7,國立陽明交通大學,05411045,應用數學系,D 日,M 碩士,75,112
7,國立陽明交通大學,05421047,統計學研究所,D 日,M 碩士,46,112
7,國立陽明交通大學,06121060,網路工程研究所,D 日,M 碩士,142,112
7,國立陽明交通大學,06131022,資訊管理研究所,D 日,M 碩士,82,112
7,國立陽明交通大學,06131061,資訊科學與工程研究所,D 日,M 碩士,453,112
7,國立陽明交通大學,06131092,數據科學與工程研究所,D 日,M 碩士,130,112
7,國立陽明交通大學,06131098,資訊學院國防資安管理碩士在職專班,N 職,M 碩士,70,112
7,國立陽明交通大學,06131104,智慧計算與科技研究所,D 日,M 碩士,59,112
7,國立陽明交通大學,06131170,資通安全碩士學位學程,D 日,M 碩士,45,112
7,國立陽明交通大學,06131175,資訊學院科技犯罪偵查資通訊碩士在職專班,N 職,M 碩士,55,112
7,國立陽明交通大學,06132049,多媒體工程研究所,D 日,M 碩士,141,112
7,國立陽明交通大學,06132103,智慧系統與應用研究所,D 日,M 碩士,49,112
7,國立陽明交通大學,06199105,智慧與綠能產學研究所,D 日,M 碩士,45,112
7,國立陽明交通大學,07112072,材料科學與工程學系,D 日,M 碩士,239,112
7,國立陽明交通大學,07121076,環境工程研究所,D 日,M 碩士,62,112
7,國立陽明交通大學,07132081,照明與能源光電研究所,D 日,M 碩士,80,112
7,國立陽明交通大學,07141050,電機工程學系,D 日,M 碩士,247,112
7,國立陽明交通大學,07141053,電子研究所,D 日,M 碩士,623,112
7,國立陽明交通大學,07141055,光電工程學系,D 日,M 碩士,282,112
7,國立陽明交通大學,07141057,光電科技碩士在職專班,N 職,M 碩士,40,112
7,國立陽明交通大學,07141062,電信工程研究所,D 日,M 碩士,344,112
7,國立陽明交通大學,07141064,電控工程研究所,D 日,M 碩士,216,112
7,國立陽明交通大學,07141065,光電系統研究所,D 日,M 碩士,98,112
7,國立陽明交通大學,07141065,光電系統研究所,N 職,M 碩士,16,112
7,國立陽明交通大學,07141066,國際半導體產業學院碩士班,D 日,M 碩士,148,112
7,國立陽明交通大學,07141067,電機學院碩士在職專班,N 職,M 碩士,169,112
7,國立陽明交通大學,07141068,電機資訊國際碩士學位學程,D 日,M 碩士,56,112
7,國立陽明交通大學,07141069,資訊學院碩士在職專班,N 職,M 碩士,108,112
7,國立陽明交通大學,07141099,人工智慧技術與應用碩士學位學程,D 日,M 碩士,73,112
7,國立陽明交通大學,07151070,機械工程學系,D 日,M 碩士,340,112
7,國立陽明交通大學,07151093,機器人碩士學位學程,D 日,M 碩士,72,112
7,國立陽明交通大學,07191075,工業工程與管理學系,D 日,M 碩士,152,112
7,國立陽明交通大學,07193077,生醫工程研究所,D 日,M 碩士,127,112
7,國立陽明交通大學,07193079,影像與生醫光電研究所,D 日,M 碩士,73,112
7,國立陽明交通大學,07193120,生醫光電研究所,D 日,M 碩士,81,112
7,國立陽明交通大學,07193122,生物醫學工程學系,D 日,M 碩士,101,112
7,國立陽明交通大學,07199083,工學院碩士在職專班,N 職,M 碩士,409,112
7,國立陽明交通大學,07311085,建築研究所,D 日,M 碩士,75,112
7,國立陽明交通大學,07321071,土木工程學系,D 日,M 碩士,204,112
7,國立陽明交通大學,09111160,牙醫學系,D 日,M 碩士,20,112
7,國立陽明交通大學,09111162,口腔生物研究所,D 日,M 碩士,19,112
7,國立陽明交通大學,09111169,口腔組織工程暨生技材料研究所,D 日,M 碩士,8,112
7,國立陽明交通大學,09121126,臨床醫學研究所,D 日,M 碩士,25,112
7,國立陽明交通大學,09121126,臨床醫學研究所,N 職,M 碩士,11,112
7,國立陽明交通大學,09121129,生理學研究所,D 日,M 碩士,38,112
7,國立陽明交通大學,09121130,神經科學研究所,D 日,M 碩士,45,112
7,國立陽明交通大學,09121132,解剖學及細胞生物學研究所,D 日,M 碩士,52,112
7,國立陽明交通大學,09121133,急重症醫學研究所,D 日,M 碩士,21,112
7,國立陽明交通大學,09121134,腦科學研究所,D 日,M 碩士,50,112
7,國立陽明交通大學,09121144,藥理學研究所,D 日,M 碩士,33,112
7,國立陽明交通大學,09121177,跨領域分子醫學碩士學位學程,D 日,M 碩士,8,112
7,國立陽明交通大學,09131149,護理學系,N 職,M 碩士,73,112
7,國立陽明交通大學,09131150,臨床護理研究所,D 日,M 碩士,77,112
7,國立陽明交通大學,09131153,社區健康照護研究所,D 日,M 碩士,47,112
7,國立陽明交通大學,09141158,醫學生物技術暨檢驗學系,D 日,M 碩士,48,112
7,國立陽明交通大學,09141159,生物醫學影像暨放射科學系,D 日,M 碩士,59,112
7,國立陽明交通大學,09151148,物理治療暨輔助科技學系,D 日,M 碩士,79,112
7,國立陽明交通大學,09161142,藥學系,D 日,M 碩士,35,112
7,國立陽明交通大學,09161145,生物藥學研究所,D 日,M 碩士,47,112
7,國立陽明交通大學,09171143,傳統醫藥研究所,D 日,M 碩士,25,112
7,國立陽明交通大學,09191137,公共衛生研究所,D 日,M 碩士,82,112
7,國立陽明交通大學,09191138,衛生福利研究所,D 日,M 碩士,42,112
7,國立陽明交通大學,09191140,環境與職業衛生研究所,D 日,M 碩士,34,112
7,國立陽明交通大學,09191141,國際衛生碩士學位學程,D 日,M 碩士,33,112
7,國立陽明交通大學,09199167,食品安全及健康風險評估研究所,D 日,M 碩士,31,112
7,國立陽明交通大學,09211168,跨專業長期照顧與管理碩士學位學程,D 日,M 碩士,48,112
7,國立陽明交通大學,10411086,運輸與物流管理學系,D 日,M 碩士,142,112
8,國立中央大學,01115001,學習與教學研究所,D 日,M 碩士,33,112
8,國立中央大學,02191004,藝術學研究所,D 日,M 碩士,34,112
8,國立中央大學,02221010,歷史研究所,D 日,M 碩士,35,112
8,國立中央大學,02221010,歷史研究所,N 職,M 碩士,42,112
8,國立中央大學,02231011,哲學研究所,D 日,M 碩士,19,112
8,國立中央大學,02231011,哲學研究所,N 職,M 碩士,58,112
8,國立中央大學,02299012,亞際文化研究國際碩士學位學程(台灣聯合大學系統),D 日,M 碩士,16,112
8,國立中央大學,02311007,英美語文學系,D 日,M 碩士,40,112
8,國立中央大學,02311008,法國語文學系,D 日,M 碩士,14,112
8,國立中央大學,02322006,中國文學系,D 日,M 碩士,66,112
8,國立中央大學,02322006,中國文學系,N 職,M 碩士,1,112
8,國立中央大學,03111013,經濟學系,D 日,M 碩士,27,112
8,國立中央大學,03111014,產業經濟研究所,D 日,M 碩士,69,112
8,國立中央大學,03111014,產業經濟研究所,N 職,M 碩士,70,112
8,國立中央大學,03131017,認知神經科學研究所,D 日,M 碩士,28,112
8,國立中央大學,03199020,客家語文暨社會科學學系客家語文碩士班,D 日,M 碩士,44,112
8,國立中央大學,03199020,客家語文暨社會科學學系客家研究碩士在職專班,N 職,M 碩士,62,112
8,國立中央大學,04111022,會計研究所,D 日,M 碩士,29,112
8,國立中央大學,04111022,會計研究所企業資源規劃會計碩士在職專班,N 職,M 碩士,46,112
8,國立中央大學,04121024,財務金融學系,D 日,M 碩士,58,112
8,國立中央大學,04121024,財務金融學系,N 職,M 碩士,69,112
8,國立中央大學,04131023,企業管理學系,D 日,M 碩士,132,112
8,國立中央大學,04131023,企業管理學系,N 職,M 碩士,77,112
8,國立中央大學,04131081,國際經營管理碩士學位學程,D 日,M 碩士,23,112
8,國立中央大學,04199027,人力資源管理研究所,D 日,M 碩士,49,112
8,國立中央大學,04199027,人力資源管理研究所,N 職,M 碩士,61,112
8,國立中央大學,04199029,管理學院高階主管企管碩士班,N 職,M 碩士,177,112
8,國立中央大學,04211030,法律與政府研究所,D 日,M 碩士,57,112
8,國立中央大學,04211030,法律與政府研究所,N 職,M 碩士,69,112
8,國立中央大學,05121031,生命科學系,D 日,M 碩士,68,112
8,國立中央大學,05211048,遙測科技碩士學位學程,D 日,M 碩士,25,112
8,國立中央大學,05311035,化學學系,D 日,M 碩士,157,112
8,國立中央大學,05321036,地球科學學系地球物理碩士班,D 日,M 碩士,41,112
8,國立中央大學,05321037,應用地質研究所,D 日,M 碩士,32,112
8,國立中央大學,05322044,大氣科學學系大氣物理碩士班,D 日,M 碩士,47,112
8,國立中央大學,05322079,太空科學與工程學系,D 日,M 碩士,46,112
8,國立中央大學,05323039,水文與海洋科學研究所,D 日,M 碩士,19,112
8,國立中央大學,05331042,物理學系,D 日,M 碩士,86,112
8,國立中央大學,05332045,天文研究所,D 日,M 碩士,16,112
8,國立中央大學,05411051,數學系,D 日,M 碩士,56,112
8,國立中央大學,05421052,統計研究所,D 日,M 碩士,54,112
8,國立中央大學,06131053,資訊管理學系,D 日,M 碩士,140,112
8,國立中央大學,06131053,資訊管理學系,N 職,M 碩士,90,112
8,國立中央大學,06131059,資訊工程學系,D 日,M 碩士,341,112
8,國立中央大學,06131059,資訊工程學系,N 職,M 碩士,86,112
8,國立中央大學,06132002,網路學習科技研究所,D 日,M 碩士,56,112
8,國立中央大學,06132002,網路學習科技研究所,N 職,M 碩士,59,112
8,國立中央大學,06133082,人工智慧國際碩士學位學程,D 日,M 碩士,21,112
8,國立中央大學,07111069,化學工程與材料工程學系,D 日,M 碩士,165,112
8,國立中央大學,07112070,材料科學與工程研究所,D 日,M 碩士,54,112
8,國立中央大學,07121072,環境工程研究所,D 日,M 碩士,68,112
8,國立中央大學,07121072,環境工程研究所,N 職,M 碩士,83,112
8,國立中央大學,07132066,能源工程研究所,D 日,M 碩士,36,112
8,國立中央大學,07141055,電機工程學系,D 日,M 碩士,403,112
8,國立中央大學,07141057,光電科學與工程學系,D 日,M 碩士,215,112
8,國立中央大學,07141057,光電科學與工程學系,N 職,M 碩士,49,112
8,國立中央大學,07141060,通訊工程學系,D 日,M 碩士,153,112
8,國立中央大學,07141060,通訊工程學系,N 職,M 碩士,104,112
8,國立中央大學,07151064,機械工程學系,D 日,M 碩士,367,112
8,國立中央大學,07151064,機械工程學系,N 職,M 碩士,100,112
8,國立中央大學,07191026,工業管理研究所,D 日,M 碩士,61,112
8,國立中央大學,07191026,工業管理研究所,N 職,M 碩士,66,112
8,國立中央大學,07193074,生醫科學與工程學系生物醫學工程碩士班,D 日,M 碩士,66,112
8,國立中央大學,07193074,生醫科學與工程學系人工智慧精準醫療碩士在職專班,N 職,M 碩士,35,112
8,國立中央大學,07321067,土木工程學系,D 日,M 碩士,204,112
8,國立中央大學,07321067,土木工程學系,N 職,M 碩士,112,112
9,國立中山大學,01111001,教育研究所,D 日,M 碩士,36,112
9,國立中山大學,01111001,教育研究所,N 職,M 碩士,53,112
9,國立中山大學,01111072,教育與人類發展研究全英語碩士學位學程,D 日,M 碩士,10,112
9,國立中山大學,02151002,音樂學系,D 日,M 碩士,39,112
9,國立中山大學,02192003,劇場藝術學系,D 日,M 碩士,18,112
9,國立中山大學,02192078,藝術管理與創業研究所,D 日,M 碩士,34,112
9,國立中山大學,02231008,哲學研究所,D 日,M 碩士,30,112
9,國立中山大學,02311006,外國語文學系,D 日,M 碩士,49,112
9,國立中山大學,02322005,中國文學系,D 日,M 碩士,46,112
9,國立中山大學,02322005,中國文學系(暑期專班)碩士班,N 職,M 碩士,1,112
9,國立中山大學,03111009,經濟學研究所,D 日,M 碩士,52,112
9,國立中山大學,03111009,經濟學研究所,N 職,M 碩士,27,112
9,國立中山大學,03121011,政治學研究所,D 日,M 碩士,55,112
9,國立中山大學,03121011,政治學研究所,N 職,M 碩士,33,112
9,國立中山大學,03122019,亞太事務英語碩士學位學程,D 日,M 碩士,14,112
9,國立中山大學,03122027,海洋事務研究所,D 日,M 碩士,21,112
9,國立中山大學,03141013,社會學系,D 日,M 碩士,29,112
9,國立中山大學,03141013,社會學系原住民碩士在職專班,N 職,M 碩士,42,112
9,國立中山大學,03143016,中國與亞太區域研究所,D 日,M 碩士,60,112
9,國立中山大學,03143016,中國與亞太區域研究所,N 職,M 碩士,30,112
9,國立中山大學,04121024,財務管理學系,D 日,M 碩士,86,112
9,國立中山大學,04121024,財務管理學系,N 職,M 碩士,83,112
9,國立中山大學,04121C01,金融創新產業碩士專班,D 日,M 碩士,31,112
9,國立中山大學,04131021,企業管理學系,D 日,M 碩士,253,112
9,國立中山大學,04131022,管理學院國際經營管理碩士學程,D 日,M 碩士,112,112
9,國立中山大學,04131028,人力資源管理研究所,D 日,M 碩士,117,112
9,國立中山大學,04131028,人力資源管理研究所,N 職,M 碩士,137,112
9,國立中山大學,04131077,社會創新研究所,D 日,M 碩士,29,112
9,國立中山大學,04134017,公共事務管理研究所,D 日,M 碩士,51,112
9,國立中山大學,04134017,公共事務管理研究所,N 職,M 碩士,82,112
9,國立中山大學,04134018,社會科學院EMPP,N 職,M 碩士,21,112
9,國立中山大學,04134073,行政管理現役軍人營區碩士在職專班,N 職,M 碩士,6,112
9,國立中山大學,04199025,行銷傳播管理研究所,D 日,M 碩士,68,112
9,國立中山大學,04199025,行銷傳播管理研究所,N 職,M 碩士,65,112
9,國立中山大學,04199030,兩岸高階主管經營管理碩士在職專班,N 職,M 碩士,19,112
9,國立中山大學,04199068,管理學院EMBA,N 職,M 碩士,227,112
9,國立中山大學,05111033,生物科學系,D 日,M 碩士,33,112
9,國立中山大學,05111033,生物科學系,N 職,M 碩士,15,112
9,國立中山大學,05121035,生物醫學研究所,D 日,M 碩士,25,112
9,國立中山大學,05311037,化學系,D 日,M 碩士,163,112
9,國立中山大學,05323044,海洋生物科技暨資源學系,D 日,M 碩士,48,112
9,國立中山大學,05323047,海洋科學系,D 日,M 碩士,45,112
9,國立中山大學,05323075,海洋生態與保育研究所,D 日,M 碩士,23,112
9,國立中山大學,05331038,物理學系,D 日,M 碩士,67,112
9,國立中山大學,05411051,應用數學系,D 日,M 碩士,64,112
9,國立中山大學,06111055,資訊工程學系,D 日,M 碩士,303,112
9,國立中山大學,06111055,資訊工程學系科技犯罪偵查資通訊碩士在職專班,N 職,M 碩士,25,112
9,國立中山大學,06131052,資訊管理學系,D 日,M 碩士,118,112
9,國立中山大學,06131052,資訊管理學系,N 職,M 碩士,127,112
9,國立中山大學,07112063,材料與光電科學學系,D 日,M 碩士,170,112
9,國立中山大學,07121064,環境工程研究所,D 日,M 碩士,51,112
9,國立中山大學,07121064,環境工程研究所,N 職,M 碩士,59,112
9,國立中山大學,07122065,海洋環境及工程學系,D 日,M 碩士,64,112
9,國立中山大學,07141053,電機工程學系,D 日,M 碩士,416,112
9,國立中山大學,07141054,光電工程學系,D 日,M 碩士,180,112
9,國立中山大學,07141056,電信工程國際碩士學位學程,D 日,M 碩士,4,112
9,國立中山大學,07141057,通訊工程研究所,D 日,M 碩士,75,112
9,國立中山大學,07141058,電機電力工程國際碩士學位學程,D 日,M 碩士,8,112
9,國立中山大學,07151059,海下科技研究所,D 日,M 碩士,23,112
9,國立中山大學,07151061,機械與機電工程學系,D 日,M 碩士,201,112
9,國立中山大學,07193067,醫學科技研究所,D 日,M 碩士,60,112
9,國立中山大學,09141076,精準醫學研究所,D 日,M 碩士,15,112
9,國立中山大學,09161074,生技醫藥研究所,D 日,M 碩士,19,112
12,國立臺灣海洋大學,01111002,教育研究所,D 日,M 碩士,67,112
12,國立臺灣海洋大學,01111002,教育研究所,N 職,M 碩士,94,112
12,國立臺灣海洋大學,02299004,海洋文化研究所,D 日,M 碩士,25,112
12,國立臺灣海洋大學,02311003,應用英語研究所,D 日,M 碩士,37,112
12,國立臺灣海洋大學,03111006,應用經濟研究所,D 日,M 碩士,19,112
12,國立臺灣海洋大學,03121058,海洋政策碩士學位學程,D 日,M 碩士,15,112
12,國立臺灣海洋大學,04212009,海洋法律研究所,D 日,M 碩士,52,112
12,國立臺灣海洋大學,04212009,海洋法律研究所,N 職,M 碩士,47,112
12,國立臺灣海洋大學,05121014,生命科學暨生物科技學系,D 日,M 碩士,47,112
12,國立臺灣海洋大學,05121061,海洋生物科技及環境生態永續國際碩士學位學程,D 日,M 碩士,6,112
12,國立臺灣海洋大學,05211008,海洋事務與資源管理研究所,D 日,M 碩士,16,112
12,國立臺灣海洋大學,05321057,地球科學研究所,D 日,M 碩士,24,112
12,國立臺灣海洋大學,05323017,海洋生物研究所,D 日,M 碩士,45,112
12,國立臺灣海洋大學,05323020,海洋環境資訊系,D 日,M 碩士,23,112
12,國立臺灣海洋大學,05323020,海洋環境資訊系,N 職,M 碩士,29,112
12,國立臺灣海洋大學,05323022,海洋環境與生態研究所,D 日,M 碩士,22,112
12,國立臺灣海洋大學,06131028,資訊工程學系,D 日,M 碩士,160,112
12,國立臺灣海洋大學,06131028,資訊工程學系,N 職,M 碩士,47,112
12,國立臺灣海洋大學,07122040,河海工程學系,D 日,M 碩士,71,112
12,國立臺灣海洋大學,07122040,河海工程學系,N 職,M 碩士,43,112
12,國立臺灣海洋大學,07141025,電機工程學系,D 日,M 碩士,189,112
12,國立臺灣海洋大學,07141025,電機工程學系,N 職,M 碩士,60,112
12,國立臺灣海洋大學,07141027,光電與材料科技學系,D 日,M 碩士,83,112
12,國立臺灣海洋大學,07141030,通訊與導航工程學系,D 日,M 碩士,59,112
12,國立臺灣海洋大學,07151036,機械與機電工程學系,D 日,M 碩士,84,112
12,國立臺灣海洋大學,07163033,系統工程暨造船學系,D 日,M 碩士,57,112
12,國立臺灣海洋大學,07163035,輪機工程學系,D 日,M 碩士,42,112
12,國立臺灣海洋大學,07163035,輪機工程學系,N 職,M 碩士,27,112
12,國立臺灣海洋大學,07211042,食品科學系,D 日,M 碩士,115,112
12,國立臺灣海洋大學,07211042,食品科學系,N 職,M 碩士,37,112
12,國立臺灣海洋大學,07211059,食品安全與風險管理研究所,D 日,M 碩士,25,112
12,國立臺灣海洋大學,07211060,食品安全管理碩士在職學位學程,N 職,M 碩士,34,112
12,國立臺灣海洋大學,08311045,環境生物與漁業科學學系,D 日,M 碩士,23,112
12,國立臺灣海洋大學,08311045,環境生物與漁業科學學系,N 職,M 碩士,27,112
12,國立臺灣海洋大學,08312046,水產養殖學系,D 日,M 碩士,89,112
12,國立臺灣海洋大學,10411050,運輸科學系,D 日,M 碩士,63,112
12,國立臺灣海洋大學,10411050,運輸科學系運輸與供應鏈管理碩士在職專班,N 職,M 碩士,26,112
12,國立臺灣海洋大學,10412048,航運管理學系,D 日,M 碩士,105,112
12,國立臺灣海洋大學,10412048,航運管理學系,N 職,M 碩士,132,112
12,國立臺灣海洋大學,10414052,商船學系,D 日,M 碩士,28,112
12,國立臺灣海洋大學,10414052,商船學系,N 職,M 碩士,31,112
13,國立中正大學,01111001,教育學研究所教育學碩士班,D 日,M 碩士,43,112
13,國立中正大學,01111001,教育學研究所教育學碩士在職專班,N 職,M 碩士,106,112
13,國立中正大學,01112005,成人及繼續教育學系,D 日,M 碩士,81,112
13,國立中正大學,01112005,成人及繼續教育學系,N 職,M 碩士,117,112
13,國立中正大學,01114007,教育領導與管理發展國際碩士學位學程,D 日,M 碩士,22,112
13,國立中正大學,01114081,教育專業與學校領導數位學習碩士在職專班,N 職,M 碩士,8,112
13,國立中正大學,01116008,教學專業發展數位學習碩士在職專班,N 職,M 碩士,90,112
13,國立中正大學,02221015,歷史學系,D 日,M 碩士,29,112
13,國立中正大學,02231016,哲學系,D 日,M 碩士,20,112
13,國立中正大學,02311012,外國語文學系,D 日,M 碩士,40,112
13,國立中正大學,02321010,台灣文學與創意應用研究所,D 日,M 碩士,25,112
13,國立中正大學,02321010,台灣文學與創意應用研究所台灣文化碩士在職專班,N 職,M 碩士,49,112
13,國立中正大學,02322011,中國文學系,D 日,M 碩士,38,112
13,國立中正大學,02399014,語言學研究所,D 日,M 碩士,28,112
13,國立中正大學,03111017,經濟學系國際經濟學碩士班,D 日,M 碩士,68,112
13,國立中正大學,03111017,經濟學系國際經濟學碩士在職專班,N 職,M 碩士,55,112
13,國立中正大學,03121018,政治學系,D 日,M 碩士,26,112
13,國立中正大學,03121018,政治學系政府與公共事務碩士在職專班,N 職,M 碩士,28,112
13,國立中正大學,03122024,戰略暨國際事務研究所,D 日,M 碩士,36,112
13,國立中正大學,03122024,戰略暨國際事務研究所戰略暨國家安全碩士在職專班,N 職,M 碩士,53,112
13,國立中正大學,03131019,心理學系,D 日,M 碩士,109,112
13,國立中正大學,03191025,勞工關係學系,D 日,M 碩士,48,112
13,國立中正大學,03191025,勞工關係學系,N 職,M 碩士,80,112
13,國立中正大學,03199026,犯罪防治學系,D 日,M 碩士,60,112
13,國立中正大學,03199026,犯罪防治學系,N 職,M 碩士,101,112
13,國立中正大學,03211028,傳播學系電訊傳播碩士班,D 日,M 碩士,62,112
13,國立中正大學,04111032,會計與資訊科技學系,D 日,M 碩士,65,112
13,國立中正大學,04111032,會計與資訊科技學系,N 職,M 碩士,103,112
13,國立中正大學,04121034,財務金融學系,D 日,M 碩士,94,112
13,國立中正大學,04121034,財務金融學系,N 職,M 碩士,64,112
13,國立中正大學,04121035,國際財務金融管理碩士學位學程,D 日,M 碩士,11,112
13,國立中正大學,04131033,企業管理學系,D 日,M 碩士,118,112
13,國立中正大學,04131033,企業管理學系,N 職,M 碩士,91,112
13,國立中正大學,04199038,高階主管管理碩士在職專班,N 職,M 碩士,54,112
13,國立中正大學,04199080,金融科技碩士學位學程,D 日,M 碩士,29,112
13,國立中正大學,04211039,法律學系,D 日,M 碩士,172,112
13,國立中正大學,04211039,法律學系,N 職,M 碩士,168,112
13,國立中正大學,04211077,法學院高階主管法律碩士在職專班,N 職,M 碩士,66,112
13,國立中正大學,04212040,財經法律學系,D 日,M 碩士,82,112
13,國立中正大學,04212040,財經法律學系,N 職,M 碩士,56,112
13,國立中正大學,05121075,生物醫學科學系,D 日,M 碩士,40,112
13,國立中正大學,05311045,化學暨生物化學系,D 日,M 碩士,120,112
13,國立中正大學,05321047,地球與環境科學系,D 日,M 碩士,47,112
13,國立中正大學,05321047,地球與環境科學系災害應變碩士在職專班,N 職,M 碩士,19,112
13,國立中正大學,05331067,物理學系,D 日,M 碩士,47,112
13,國立中正大學,05411049,數學系,D 日,M 碩士,65,112
13,國立中正大學,06131053,資訊管理學系,D 日,M 碩士,123,112
13,國立中正大學,06131053,資訊管理學系,N 職,M 碩士,83,112
13,國立中正大學,06131055,資訊工程學系,D 日,M 碩士,296,112
13,國立中正大學,06131055,資訊工程學系雲端計算與物聯網數位學習碩士在職專班,N 職,M 碩士,77,112
13,國立中正大學,07111061,化學工程學系,D 日,M 碩士,94,112
13,國立中正大學,07141054,電機工程學系,D 日,M 碩士,261,112
13,國立中正大學,07141056,通訊工程學系,D 日,M 碩士,134,112
13,國立中正大學,07151058,機械工程學系,D 日,M 碩士,237,112
13,國立中正大學,07151071,前瞻製造系統碩士學位學程,D 日,M 碩士,11,112
13,國立中正大學,09231063,社會福利學系,D 日,M 碩士,57,112
13,國立中正大學,10141064,運動競技學系運動與休閒教育碩士班,D 日,M 碩士,44,112
14,國立高雄師範大學,01111001,教育學系,D 日,M 碩士,89,112
14,國立高雄師範大學,01111001,教育學系學校行政領導碩士班,N 職,M 碩士,143,112
14,國立高雄師範大學,01112009,成人教育研究所,D 日,M 碩士,56,112
14,國立高雄師範大學,01112009,成人教育研究所組織發展與領導碩士在職專班(夜間班),N 職,M 碩士,64,112
14,國立高雄師範大學,01113010,特殊教育學系特殊教育碩士班,D 日,M 碩士,99,112
14,國立高雄師範大學,01113010,特殊教育學系特殊教育教學碩士班,N 職,M 碩士,11,112
14,國立高雄師範大學,01114054,高階教育經營與行政管理馬來西亞境外碩士在職專班,N 職,M 碩士,26,112
14,國立高雄師範大學,01141003,工業科技教育學系,D 日,M 碩士,28,112
14,國立高雄師範大學,01141003,工業科技教育學系,N 職,M 碩士,132,112
14,國立高雄師範大學,01141005,體育學系,D 日,M 碩士,66,112
14,國立高雄師範大學,01141005,體育學系體育教學碩士班(夜間班),N 職,M 碩士,85,112
14,國立高雄師範大學,01141006,科學教育暨環境教育研究所,D 日,M 碩士,66,112
14,國立高雄師範大學,01141006,科學教育暨環境教育研究所碩士在職現役軍人營區專班,N 職,M 碩士,13,112
14,國立高雄師範大學,01199011,性別教育研究所,D 日,M 碩士,58,112
14,國立高雄師範大學,02112022,視覺設計學系,D 日,M 碩士,65,112
14,國立高雄師範大學,02112022,視覺設計學系視覺設計碩士在職專班(夜間班),N 職,M 碩士,63,112
14,國立高雄師範大學,02123024,工業設計學系,D 日,M 碩士,24,112
14,國立高雄師範大學,02125064,創新產業原住民碩士在職學位學程,N 職,M 碩士,12,112
14,國立高雄師範大學,02131012,美術學系,D 日,M 碩士,83,112
14,國立高雄師範大學,02131012,美術學系,N 職,M 碩士,73,112
14,國立高雄師範大學,02151013,音樂學系,D 日,M 碩士,49,112
14,國立高雄師範大學,02151013,音樂學系,N 職,M 碩士,35,112
14,國立高雄師範大學,02191014,跨領域藝術研究所,D 日,M 碩士,54,112
14,國立高雄師範大學,02191014,跨領域藝術研究所跨藝實踐與永續環境碩士在職專班,N 職,M 碩士,6,112
14,國立高雄師範大學,02191047,表演藝術碩士學位學程,N 職,M 碩士,57,112
14,國立高雄師範大學,02199025,文化創意設計碩士學位學程在職專班,N 職,M 碩士,51,112
14,國立高雄師範大學,02299020,經學研究所,D 日,M 碩士,45,112
14,國立高雄師範大學,02299020,經學研究所經學碩士在職專班,N 職,M 碩士,15,112
14,國立高雄師範大學,02311021,英語學系,D 日,M 碩士,76,112
14,國立高雄師範大學,02311021,英語學系英語教學碩士班(暑期班),N 職,M 碩士,90,112
14,國立高雄師範大學,02313002,華語文教學研究所,D 日,M 碩士,94,112
14,國立高雄師範大學,02321015,臺灣歷史文化及語言研究所,D 日,M 碩士,64,112
14,國立高雄師範大學,02321015,臺灣歷史文化及語言研究所臺灣研究碩士學位在職進修專班,N 職,M 碩士,39,112
14,國立高雄師範大學,02322019,國文學系,D 日,M 碩士,66,112
14,國立高雄師範大學,02322019,國文學系書法碩士在職專班,N 職,M 碩士,171,112
14,國立高雄師範大學,03131026,諮商心理與復健諮商研究所,D 日,M 碩士,135,112
14,國立高雄師範大學,03142030,地理學系,D 日,M 碩士,18,112
14,國立高雄師範大學,03142030,地理學系地理教學碩士班(暑週班),N 職,M 碩士,18,112
14,國立高雄師範大學,03143031,客家文化研究所,D 日,M 碩士,25,112
14,國立高雄師範大學,03143052,東南亞學碩士在職學位學程,N 職,M 碩士,52,112
14,國立高雄師範大學,04131032,事業經營學系,D 日,M 碩士,27,112
14,國立高雄師範大學,04131032,事業經營學系,N 職,M 碩士,62,112
14,國立高雄師範大學,04131058,創新領導與管理現役軍人營區碩士在職專班,N 職,M 碩士,2,112
14,國立高雄師範大學,04131061,環境與創意產業碩士在職學位學程,N 職,M 碩士,29,112
14,國立高雄師範大學,04199033,人力與知識管理研究所,D 日,M 碩士,38,112
14,國立高雄師範大學,04199033,人力與知識管理研究所人力與知識管理碩士在職專班(夜間班),N 職,M 碩士,71,112
14,國立高雄師範大學,05121034,生物科技系,D 日,M 碩士,51,112
14,國立高雄師範大學,05311036,化學系,D 日,M 碩士,21,112
14,國立高雄師範大學,05311036,化學系,N 職,M 碩士,1,112
14,國立高雄師範大學,05331037,物理學系,D 日,M 碩士,18,112
14,國立高雄師範大學,05331037,物理學系,N 職,M 碩士,1,112
14,國立高雄師範大學,05411038,數學系,D 日,M 碩士,39,112
14,國立高雄師範大學,05411038,數學系數學教學碩士班(暑期班),N 職,M 碩士,40,112
14,國立高雄師範大學,06132039,軟體工程與管理學系,D 日,M 碩士,51,112
14,國立高雄師範大學,06132039,軟體工程與管理學系資訊科技碩士在職專班,N 職,M 碩士,58,112
14,國立高雄師範大學,07141041,電子工程學系,D 日,M 碩士,33,112
14,國立高雄師範大學,07141044,工程國際碩士學位學程,D 日,M 碩士,9,112
14,國立高雄師範大學,07141060,電機工程學系,D 日,M 碩士,19,112
15,國立彰化師範大學,01111002,教育研究所,D 日,M 碩士,61,112
15,國立彰化師範大學,01111002,教育研究所教育學回流碩士在職專班,N 職,M 碩士,124,112
15,國立彰化師範大學,01113012,特殊教育學系,D 日,M 碩士,47,112
15,國立彰化師範大學,01113012,特殊教育學系特教教學碩士學位班,N 職,M 碩士,81,112
15,國立彰化師範大學,01118007,工業教育與技術學系,N 職,M 碩士,117,112
15,國立彰化師範大學,01131004,科學教育研究所,D 日,M 碩士,25,112
15,國立彰化師範大學,01131004,科學教育研究所數理創意教學及科普推廣碩士在職專班,N 職,M 碩士,21,112
15,國立彰化師範大學,01131006,公共事務與公民教育學系,D 日,M 碩士,39,112
15,國立彰化師範大學,01141011,運動學系應用運動科學碩士班,D 日,M 碩士,36,112
15,國立彰化師範大學,01141011,運動學系運動與健康休閒碩士在職專班,N 職,M 碩士,52,112
15,國立彰化師範大學,02131017,美術學系,D 日,M 碩士,64,112
15,國立彰化師範大學,02131017,美術學系藝術教育學馬來西亞境外教師碩士在職專班,N 職,M 碩士,0,112
15,國立彰化師範大學,02221023,歷史學研究所,D 日,M 碩士,23,112
15,國立彰化師範大學,02311020,英語學系,D 日,M 碩士,38,112
15,國立彰化師範大學,02311020,英語學系應用英語碩士在職專班,N 職,M 碩士,69,112
15,國立彰化師範大學,02311021,兒童英語研究所,D 日,M 碩士,36,112
15,國立彰化師範大學,02312022,翻譯研究所,D 日,M 碩士,52,112
15,國立彰化師範大學,02321018,台灣文學研究所,D 日,M 碩士,28,112
15,國立彰化師範大學,02322019,國文學系,D 日,M 碩士,35,112
15,國立彰化師範大學,02322019,國文學系國語文教學碩士在職專班,N 職,M 碩士,56,112
15,國立彰化師範大學,03131025,輔導與諮商學系,D 日,M 碩士,180,112
15,國立彰化師範大學,03131025,輔導與諮商學系輔導活動教學碩士學位班,N 職,M 碩士,163,112
15,國立彰化師範大學,03131055,復健諮商研究所,D 日,M 碩士,55,112
15,國立彰化師範大學,03142027,地理學系,D 日,M 碩士,29,112
15,國立彰化師範大學,04111028,會計學系,D 日,M 碩士,83,112
15,國立彰化師範大學,04111028,會計學系企業高階管理碩士在職專班,N 職,M 碩士,117,112
15,國立彰化師範大學,04121031,財務金融技術學系,D 日,M 碩士,55,112
15,國立彰化師範大學,04131029,企業管理學系,D 日,M 碩士,87,112
15,國立彰化師範大學,04131029,企業管理學系國際企業經營管理碩士在職專班,N 職,M 碩士,120,112
15,國立彰化師範大學,04131031,財務金融技術學系行政管理碩士在職專班,N 職,M 碩士,108,112
15,國立彰化師範大學,04131033,人力資源管理研究所,D 日,M 碩士,81,112
15,國立彰化師範大學,04131033,人力資源管理研究所,N 職,M 碩士,86,112
15,國立彰化師範大學,04131046,光電科技研究所科技應用與管理碩士在職專班,N 職,M 碩士,56,112
15,國立彰化師範大學,04134006,公共事務與公民教育學系公共事務與公民教育碩士在職專班,N 職,M 碩士,38,112
15,國立彰化師範大學,05111034,生物學系,D 日,M 碩士,45,112
15,國立彰化師範大學,05121064,材料與生物科技暨科教國際碩士學位學程,D 日,M 碩士,5,112
15,國立彰化師範大學,05311035,化學系,D 日,M 碩士,43,112
15,國立彰化師範大學,05331037,物理學系,D 日,M 碩士,30,112
15,國立彰化師範大學,05411038,數學系,D 日,M 碩士,23,112
15,國立彰化師範大學,05421039,統計資訊研究所,D 日,M 碩士,19,112
15,國立彰化師範大學,06131040,資訊管理學系,D 日,M 碩士,90,112
15,國立彰化師範大學,06131040,資訊管理學系創新與管理碩士在職專班,N 職,M 碩士,47,112
15,國立彰化師範大學,06131050,資訊工程學系,D 日,M 碩士,67,112
15,國立彰化師範大學,06131050,資訊工程學系人工智慧應用服務碩士在職專班,N 職,M 碩士,12,112
15,國立彰化師範大學,06131063,人工智慧科技應用碩士學位學程,D 日,M 碩士,7,112
15,國立彰化師範大學,07141042,電機工程學系,D 日,M 碩士,53,112
15,國立彰化師範大學,07141042,電機工程學系,N 職,M 碩士,42,112
15,國立彰化師範大學,07141043,電子工程學系,D 日,M 碩士,52,112
15,國立彰化師範大學,07141046,光電科技研究所,D 日,M 碩士,22,112
15,國立彰化師範大學,07141054,機電工程學系,D 日,M 碩士,54,112
15,國立彰化師範大學,07141054,機電工程學系,N 職,M 碩士,62,112
15,國立彰化師範大學,07141062,工學院國際工程碩士學位學程,D 日,M 碩士,12,112
15,國立彰化師範大學,07161053,車輛科技研究所,D 日,M 碩士,27,112
15,國立彰化師範大學,07199007,工業教育與技術學系,D 日,M 碩士,89,112
15,國立彰化師範大學,10152058,運動健康研究所,D 日,M 碩士,29,112
17,國立臺北大學,02221005,歷史學系,D 日,M 碩士,33,112
17,國立臺北大學,02299008,民俗藝術與文化資產研究所,D 日,M 碩士,29,112
17,國立臺北大學,02322002,中國文學系,D 日,M 碩士,28,112
17,國立臺北大學,03111009,經濟學系,D 日,M 碩士,66,112
17,國立臺北大學,03141011,社會學系,D 日,M 碩士,33,112
17,國立臺北大學,03141011,社會學系,N 職,M 碩士,69,112
17,國立臺北大學,03199016,犯罪學研究所,D 日,M 碩士,44,112
17,國立臺北大學,03199016,犯罪學研究所,N 職,M 碩士,70,112
17,國立臺北大學,04111017,會計學系,D 日,M 碩士,34,112
17,國立臺北大學,04111017,會計學系,N 職,M 碩士,43,112
17,國立臺北大學,04121020,財務金融英語碩士學位學程,D 日,M 碩士,41,112
17,國立臺北大學,04121021,商學院國際財務金融碩士在職專班,N 職,M 碩士,88,112
17,國立臺北大學,04121022,金融與合作經營學系,D 日,M 碩士,32,112
17,國立臺北大學,04122023,財政學系,D 日,M 碩士,29,112
17,國立臺北大學,04131018,企業管理學系,D 日,M 碩士,221,112
17,國立臺北大學,04131018,企業管理學系,N 職,M 碩士,166,112
17,國立臺北大學,04131019,國際企業研究所,D 日,M 碩士,27,112
17,國立臺北大學,04134013,公共行政暨政策學系,D 日,M 碩士,129,112
17,國立臺北大學,04134013,公共行政暨政策學系,N 職,M 碩士,108,112
17,國立臺北大學,04134024,不動產與城鄉環境學系,D 日,M 碩士,49,112
17,國立臺北大學,04134040,城市治理英語碩士學位學程,D 日,M 碩士,18,112
17,國立臺北大學,04211028,法律學系,D 日,M 碩士,302,112
17,國立臺北大學,05211043,自然資源與環境管理研究所,D 日,M 碩士,19,112
17,國立臺北大學,05211043,自然資源與環境管理研究所,N 職,M 碩士,23,112
17,國立臺北大學,05421033,統計學系,D 日,M 碩士,45,112
17,國立臺北大學,05421033,統計學系,N 職,M 碩士,64,112
17,國立臺北大學,06131036,資訊工程學系,D 日,M 碩士,80,112
17,國立臺北大學,06134034,資訊管理研究所,D 日,M 碩士,41,112
17,國立臺北大學,07141035,電機工程學系,D 日,M 碩士,53,112
17,國立臺北大學,07141037,通訊工程學系,D 日,M 碩士,35,112
17,國立臺北大學,07141C02,多媒體與網路科技產業碩士專班,D 日,M 碩士,2,112
17,國立臺北大學,07313039,都市計劃研究所,D 日,M 碩士,53,112
17,國立臺北大學,09141044,智慧醫療管理英語碩士學位學程,D 日,M 碩士,6,112
17,國立臺北大學,09231041,社會工作學系,D 日,M 碩士,56,112
18,國立嘉義大學,01111001,教育學系,D 日,M 碩士,116,112
18,國立嘉義大學,01111001,教育學系,N 職,M 碩士,178,112
18,國立嘉義大學,01111006,師範學院教學專業國際碩士學位學程,D 日,M 碩士,5,112
18,國立嘉義大學,01113017,特殊教育學系,D 日,M 碩士,32,112
18,國立嘉義大學,01116021,數位學習設計與管理學系,D 日,M 碩士,19,112
18,國立嘉義大學,01121016,幼兒教育學系,D 日,M 碩士,52,112
18,國立嘉義大學,01121016,幼兒教育學系,N 職,M 碩士,66,112
18,國立嘉義大學,02131025,視覺藝術學系,D 日,M 碩士,66,112
18,國立嘉義大學,02131025,視覺藝術學系教學碩士學位班,N 職,M 碩士,2,112
18,國立嘉義大學,02151024,音樂學系,D 日,M 碩士,34,112
18,國立嘉義大學,02221033,應用歷史學系,D 日,M 碩士,19,112
18,國立嘉義大學,02221033,應用歷史學系,N 職,M 碩士,2,112
18,國立嘉義大學,02311031,外國語言學系,D 日,M 碩士,31,112
18,國立嘉義大學,02322029,中國文學系,D 日,M 碩士,25,112
18,國立嘉義大學,02322029,中國文學系,N 職,M 碩士,29,112
18,國立嘉義大學,03131035,輔導與諮商學系,D 日,M 碩士,103,112
18,國立嘉義大學,03131035,輔導與諮商學系,N 職,M 碩士,151,112
18,國立嘉義大學,04121041,財務金融學系,D 日,M 碩士,31,112
18,國立嘉義大學,04131038,企業管理學系,D 日,M 碩士,46,112
18,國立嘉義大學,04131046,管理學院碩士在職專班,N 職,M 碩士,210,112
18,國立嘉義大學,04131116,科技管理學系,D 日,M 碩士,17,112
18,國立嘉義大學,04143044,行銷與觀光管理學系行銷管理碩士班,D 日,M 碩士,63,112
18,國立嘉義大學,05111048,生命科學全英文碩士學位學程,D 日,M 碩士,1,112
18,國立嘉義大學,05111052,生物資源學系,D 日,M 碩士,26,112
18,國立嘉義大學,05121053,生化科技學系,D 日,M 碩士,16,112
18,國立嘉義大學,05121053,生化科技學系,N 職,M 碩士,23,112
18,國立嘉義大學,05199058,微生物免疫與生物藥學系,D 日,M 碩士,13,112
18,國立嘉義大學,05311059,應用化學系,D 日,M 碩士,21,112
18,國立嘉義大學,05331061,電子物理學系光電暨固態電子碩士班,D 日,M 碩士,18,112
18,國立嘉義大學,05411062,應用數學系,D 日,M 碩士,11,112
18,國立嘉義大學,06131063,資訊管理學系,D 日,M 碩士,37,112
18,國立嘉義大學,06131066,資訊工程學系,D 日,M 碩士,55,112
18,國立嘉義大學,07141064,電機工程學系,D 日,M 碩士,15,112
18,國立嘉義大學,07151067,生物機電工程學系,D 日,M 碩士,21,112
18,國立嘉義大學,07151067,生物機電工程學系,N 職,M 碩士,24,112
18,國立嘉義大學,07151069,機械與能源工程學系,D 日,M 碩士,8,112
18,國立嘉義大學,07211088,食品科學系,D 日,M 碩士,56,112
18,國立嘉義大學,07211088,食品科學系,N 職,M 碩士,55,112
18,國立嘉義大學,07312072,景觀學系,D 日,M 碩士,28,112
18,國立嘉義大學,07321070,土木與水資源工程學系,D 日,M 碩士,12,112
18,國立嘉義大學,07321070,土木與水資源工程學系,N 職,M 碩士,32,112
18,國立嘉義大學,08111073,農學院農學碩士在職專班,N 職,M 碩士,84,112
18,國立嘉義大學,08111074,農藝學系,D 日,M 碩士,27,112
18,國立嘉義大學,08111074,農藝學系,N 職,M 碩士,4,112
18,國立嘉義大學,08112079,動物科學系,D 日,M 碩士,26,112
18,國立嘉義大學,08121080,園藝學系,D 日,M 碩士,18,112
18,國立嘉義大學,08192092,生物農業科技學系,D 日,M 碩士,0,112
18,國立嘉義大學,08192117,農業生物科技學系,D 日,M 碩士,15,112
18,國立嘉義大學,08194084,植物醫學系,D 日,M 碩士,25,112
18,國立嘉義大學,08211096,森林暨自然資源學系,D 日,M 碩士,35,112
18,國立嘉義大學,08211106,木質材料與設計學系,D 日,M 碩士,14,112
18,國立嘉義大學,08312047,水生生物科學系,D 日,M 碩士,18,112
18,國立嘉義大學,08411108,獸醫學系,D 日,M 碩士,16,112
18,國立嘉義大學,10151110,管理學院外籍生全英文授課觀光暨管理碩士學位學程,D 日,M 碩士,13,112
18,國立嘉義大學,10152113,體育與健康休閒學系,D 日,M 碩士,55,112
18,國立嘉義大學,10152113,體育與健康休閒學系,N 職,M 碩士,61,112
19,國立高雄大學,02311002,西洋語文學系,D 日,M 碩士,8,112
19,國立高雄大學,02311003,東亞語文學系,D 日,M 碩士,13,112
19,國立高雄大學,03111006,應用經濟學系,D 日,M 碩士,15,112
19,國立高雄大學,04121011,金融管理學系,D 日,M 碩士,29,112
19,國立高雄大學,04131007,經營管理研究所,D 日,M 碩士,26,112
19,國立高雄大學,04131009,亞太工商管理學系,D 日,M 碩士,25,112
19,國立高雄大學,04131009,亞太工商管理學系,N 職,M 碩士,26,112
19,國立高雄大學,04131010,國際商業管理碩士學位學程,D 日,M 碩士,7,112
19,國立高雄大學,04199012,高階經營管理碩士在職專班,N 職,M 碩士,102,112
19,國立高雄大學,04199013,國際高階經營管理碩士在職專班,N 職,M 碩士,97,112
19,國立高雄大學,04199014,高階法律暨管理碩士在職專班,N 職,M 碩士,27,112
19,國立高雄大學,04211015,法律學系,D 日,M 碩士,49,112
19,國立高雄大學,04211015,法律學系,N 職,M 碩士,100,112
19,國立高雄大學,04212016,財經法律學系,D 日,M 碩士,34,112
19,國立高雄大學,04212017,政治法律學系,D 日,M 碩士,30,112
19,國立高雄大學,04212017,政治法律學系,N 職,M 碩士,35,112
19,國立高雄大學,05111019,生命科學系,D 日,M 碩士,19,112
19,國立高雄大學,05311022,應用化學系,D 日,M 碩士,42,112
19,國立高雄大學,05331023,應用物理學系,D 日,M 碩士,10,112
19,國立高雄大學,05411024,應用數學系,D 日,M 碩士,10,112
19,國立高雄大學,05421025,統計學研究所,D 日,M 碩士,28,112
19,國立高雄大學,06131026,資訊管理學系,D 日,M 碩士,37,112
19,國立高雄大學,06131028,資訊工程學系,D 日,M 碩士,49,112
19,國立高雄大學,06131028,資訊工程學系,N 職,M 碩士,36,112
19,國立高雄大學,07111030,化學工程及材料工程學系,D 日,M 碩士,58,112
19,國立高雄大學,07141027,電機工程學系,D 日,M 碩士,94,112
19,國立高雄大學,07141027,電機工程學系,N 職,M 碩士,35,112
19,國立高雄大學,07141038,半導體製造智能化技術產業碩士專班,D 日,M 碩士,55,112
19,國立高雄大學,07311005,創意設計與建築學系,D 日,M 碩士,0,112
19,國立高雄大學,07311005,創意設計與建築學系,N 職,M 碩士,4,112
19,國立高雄大學,07311035,建築學系,D 日,M 碩士,38,112
19,國立高雄大學,07311035,建築學系,N 職,M 碩士,60,112
19,國立高雄大學,07321029,土木與環境工程學系,D 日,M 碩士,24,112
19,國立高雄大學,10152033,運動健康與休閒學系,D 日,M 碩士,26,112
19,國立高雄大學,10152033,運動健康與休閒學系,N 職,M 碩士,26,112
20,國立東華大學,01111001,教育與潛能開發學系教育碩士班,D 日,M 碩士,89,112
20,國立東華大學,01111001,教育與潛能開發學系教育碩士在職專班,N 職,M 碩士,78,112
20,國立東華大學,01113013,特殊教育學系身心障礙與輔助科技碩士班,D 日,M 碩士,21,112
20,國立東華大學,01114015,教育行政與管理學系,D 日,M 碩士,26,112
20,國立東華大學,01114015,教育行政與管理學系,N 職,M 碩士,100,112
20,國立東華大學,01121012,幼兒教育學系,D 日,M 碩士,16,112
20,國立東華大學,01121012,幼兒教育學系,N 職,M 碩士,27,112
20,國立東華大學,01141010,體育與運動科學系,D 日,M 碩士,30,112
20,國立東華大學,01141010,體育與運動科學系,N 職,M 碩士,46,112
20,國立東華大學,02121019,藝術與設計學系,D 日,M 碩士,49,112
20,國立東華大學,02151018,音樂學系,D 日,M 碩士,35,112
20,國立東華大學,02191022,藝術創意產業學系,D 日,M 碩士,50,112
20,國立東華大學,02191022,藝術創意產業學系,N 職,M 碩士,23,112
20,國立東華大學,02221033,歷史學系,D 日,M 碩士,13,112
20,國立東華大學,02222042,族群關係與文化學系,D 日,M 碩士,27,112
20,國立東華大學,02222042,族群關係與文化學系,N 職,M 碩士,15,112
20,國立東華大學,02311029,英美語文學系,D 日,M 碩士,38,112
20,國立東華大學,02322025,中國語文學系,D 日,M 碩士,24,112
20,國立東華大學,02322025,中國語文學系,N 職,M 碩士,1,112
20,國立東華大學,02323104,華文文學系,D 日,M 碩士,42,112
20,國立東華大學,02323112,人文社會科學學院華語文教學暨書法國際碩士班,D 日,M 碩士,6,112
20,國立東華大學,03111034,經濟學系,D 日,M 碩士,16,112
20,國立東華大學,03131046,諮商與臨床心理學系,D 日,M 碩士,149,112
20,國立東華大學,03141036,社會學系,D 日,M 碩士,23,112
20,國立東華大學,03143051,臺灣文化學系,D 日,M 碩士,32,112
20,國立東華大學,03143051,臺灣文化學系,N 職,M 碩士,2,112
20,國立東華大學,03199040,民族事務與發展學系,D 日,M 碩士,25,112
20,國立東華大學,04111056,會計學系,D 日,M 碩士,24,112
20,國立東華大學,04121061,財務金融學系,D 日,M 碩士,46,112
20,國立東華大學,04131059,企業管理學系,D 日,M 碩士,70,112
20,國立東華大學,04131059,企業管理學系,N 職,M 碩士,47,112
20,國立東華大學,04131060,國際企業學系,D 日,M 碩士,41,112
20,國立東華大學,04131060,國際企業學系,N 職,M 碩士,15,112
20,國立東華大學,04131065,管理學院高階經營管理碩士在職專班,N 職,M 碩士,57,112
20,國立東華大學,04132063,運籌管理研究所,D 日,M 碩士,25,112
20,國立東華大學,04134054,公共行政學系,D 日,M 碩士,20,112
20,國立東華大學,04134054,公共行政學系,N 職,M 碩士,32,112
20,國立東華大學,04212067,法律學系,D 日,M 碩士,45,112
20,國立東華大學,05121069,生命科學系生物技術碩士班,D 日,M 碩士,16,112
20,國立東華大學,05211094,自然資源與環境學系,D 日,M 碩士,66,112
20,國立東華大學,05211100,人文與環境碩士學位學程,D 日,M 碩士,7,112
20,國立東華大學,05311071,化學系,D 日,M 碩士,28,112
20,國立東華大學,05323078,海洋生物研究所,D 日,M 碩士,19,112
20,國立東華大學,05331072,物理學系應用物理碩士班,D 日,M 碩士,13,112
20,國立東華大學,05411074,應用數學系,D 日,M 碩士,29,112
20,國立東華大學,06131086,資訊工程學系,D 日,M 碩士,129,112
20,國立東華大學,06131086,資訊工程學系,N 職,M 碩士,8,112
20,國立東華大學,06134081,資訊管理學系,D 日,M 碩士,29,112
20,國立東華大學,07112090,材料科學與工程學系,D 日,M 碩士,24,112
20,國立東華大學,07141083,電機工程學系,D 日,M 碩士,42,112
20,國立東華大學,07141083,電機工程學系,N 職,M 碩士,1,112
20,國立東華大學,07141085,光電工程學系,D 日,M 碩士,34,112
20,國立東華大學,09231040,民族事務與發展學系民族社會工作碩士在職專班,N 職,M 碩士,60,112
20,國立東華大學,10151091,觀光暨休閒遊憩學系,D 日,M 碩士,33,112
21,國立暨南國際大學,01111001,國際文教與比較教育學系,D 日,M 碩士,23,112
21,國立暨南國際大學,01111004,諮商心理與人力資源發展學系輔導與諮商碩士班,D 日,M 碩士,163,112
21,國立暨南國際大學,01112009,終身學習與人力資源發展碩士學位學程,N 職,M 碩士,60,112
21,國立暨南國際大學,01114010,教育政策與行政學系,D 日,M 碩士,44,112
21,國立暨南國際大學,01115012,課程教學與科技研究所,D 日,M 碩士,22,112
21,國立暨南國際大學,01131007,華語文教學碩士學位學程,D 日,M 碩士,15,112
21,國立暨南國際大學,02221015,歷史學系,D 日,M 碩士,15,112
21,國立暨南國際大學,02311014,外國語文學系,D 日,M 碩士,11,112
21,國立暨南國際大學,02322013,中國語文學系,D 日,M 碩士,23,112
21,國立暨南國際大學,03111016,經濟學系,D 日,M 碩士,21,112
21,國立暨南國際大學,03131044,教育學院心理健康與諮詢碩士學位學程在職專班,N 職,M 碩士,57,112
21,國立暨南國際大學,03131054,心理健康與輔導諮詢碩士在職進修新加坡境外專班,N 職,M 碩士,11,112
21,國立暨南國際大學,03143019,東南亞學系,D 日,M 碩士,15,112
21,國立暨南國際大學,03143019,東南亞學系,N 職,M 碩士,43,112
21,國立暨南國際大學,03191055,地方創生與跨域治理碩士學位學程,D 日,M 碩士,18,112
21,國立暨南國際大學,04121025,財務金融學系,D 日,M 碩士,38,112
21,國立暨南國際大學,04131022,國際企業學系,D 日,M 碩士,50,112
21,國立暨南國際大學,04131023,管理學院兩岸高階主管經營管理境外碩士在職學位學程,N 職,M 碩士,44,112
21,國立暨南國際大學,04131026,新興產業策略與發展碩士學位學程,D 日,M 碩士,22,112
21,國立暨南國際大學,04131046,區域發展重點產業碩士專班,D 日,M 碩士,25,112
21,國立暨南國際大學,04131047,管理學院高階經營管理碩士學位學程,N 職,M 碩士,94,112
21,國立暨南國際大學,04134020,公共行政與政策學系,D 日,M 碩士,15,112
21,國立暨南國際大學,04134020,公共行政與政策學系,N 職,M 碩士,36,112
21,國立暨南國際大學,04134021,非營利組織經營管理碩士學位學程在職專班,N 職,M 碩士,103,112
21,國立暨南國際大學,04143052,文化創意與社會行銷碩士學位學程,D 日,M 碩士,16,112
21,國立暨南國際大學,05311027,應用化學系,D 日,M 碩士,19,112
21,國立暨南國際大學,06131030,資訊管理學系,D 日,M 碩士,41,112
21,國立暨南國際大學,06131034,資訊工程學系,D 日,M 碩士,97,112
21,國立暨南國際大學,06131053,人工智慧與機器人碩士學位學程,D 日,M 碩士,13,112
21,國立暨南國際大學,07112037,應用材料及光電工程學系,D 日,M 碩士,8,112
21,國立暨南國際大學,07141031,電機工程學系,D 日,M 碩士,44,112
21,國立暨南國際大學,07141033,光電科技碩士學位學程,N 職,M 碩士,0,112
21,國立暨南國際大學,07321035,土木工程學系,D 日,M 碩士,17,112
21,國立暨南國際大學,09211051,長期照顧經營管理碩士在職學位學程,N 職,M 碩士,78,112
21,國立暨南國際大學,09231038,社會政策與社會工作學系,D 日,M 碩士,77,112
21,國立暨南國際大學,10151039,觀光休閒與餐旅管理學系,D 日,M 碩士,30,112
22,國立臺灣科技大學,01116002,數位學習與教育研究所,D 日,M 碩士,68,112
22,國立臺灣科技大學,01116002,數位學習與教育研究所,N 職,M 碩士,46,112
22,國立臺灣科技大學,02122004,設計系碩士班,D 日,M 碩士,129,112
22,國立臺灣科技大學,02122004,設計系碩士在職專班,N 職,M 碩士,40,112
22,國立臺灣科技大學,02311003,應用外語系碩士班,D 日,M 碩士,36,112
22,國立臺灣科技大學,02311003,應用外語系碩士在職專班,N 職,M 碩士,22,112
22,國立臺灣科技大學,04121010,財務金融研究所,D 日,M 碩士,47,112
22,國立臺灣科技大學,04121010,財務金融研究所,N 職,M 碩士,51,112
22,國立臺灣科技大學,04131008,企業管理系碩士班,D 日,M 碩士,136,112
22,國立臺灣科技大學,04131008,企業管理系碩士在職專班,N 職,M 碩士,67,112
22,國立臺灣科技大學,04191009,管理研究所,N 職,M 碩士,122,112
22,國立臺灣科技大學,04199011,科技管理研究所,D 日,M 碩士,49,112
22,國立臺灣科技大學,04199013,管理學院MBA,D 日,M 碩士,101,112
22,國立臺灣科技大學,04212014,專利研究所,D 日,M 碩士,37,112
22,國立臺灣科技大學,04212014,專利研究所,N 職,M 碩士,48,112
22,國立臺灣科技大學,05399015,應用科技研究所,D 日,M 碩士,79,112
22,國立臺灣科技大學,06131016,資訊管理系碩士班,D 日,M 碩士,166,112
22,國立臺灣科技大學,06131016,資訊管理系碩士在職專班,N 職,M 碩士,78,112
22,國立臺灣科技大學,06131020,資訊工程系碩士班,D 日,M 碩士,371,112
22,國立臺灣科技大學,06132043,人工智慧跨域科技研究所,D 日,M 碩士,51,112
22,國立臺灣科技大學,07111026,化學工程系碩士班,D 日,M 碩士,291,112
22,國立臺灣科技大學,07112028,材料科學與工程系碩士班,D 日,M 碩士,229,112
22,國立臺灣科技大學,07132044,能源永續科技研究所,D 日,M 碩士,55,112
22,國立臺灣科技大學,07141017,電機工程系碩士班,D 日,M 碩士,500,112
22,國立臺灣科技大學,07141018,電子工程系碩士班,D 日,M 碩士,521,112
22,國立臺灣科技大學,07141019,光電工程研究所,D 日,M 碩士,39,112
22,國立臺灣科技大學,07141022,色彩與照明科技研究所,D 日,M 碩士,46,112
22,國立臺灣科技大學,07151023,機械工程系碩士班,D 日,M 碩士,457,112
22,國立臺灣科技大學,07151023,機械工程系碩士在職專班,N 職,M 碩士,53,112
22,國立臺灣科技大學,07151024,自動化及控制研究所,D 日,M 碩士,70,112
22,國立臺灣科技大學,07151024,自動化及控制研究所,N 職,M 碩士,55,112
22,國立臺灣科技大學,07191012,工業管理系碩士班,D 日,M 碩士,163,112
22,國立臺灣科技大學,07191012,工業管理系碩士在職專班,N 職,M 碩士,72,112
22,國立臺灣科技大學,07191042,智慧製造科技研究所,D 日,M 碩士,57,112
22,國立臺灣科技大學,07199035,高階科技研發碩士在職學位學程,N 職,M 碩士,79,112
22,國立臺灣科技大學,07199047,半導體高階經營暨研發碩士在職學位學程,N 職,M 碩士,11,112
22,國立臺灣科技大學,07311038,建築系碩士班,D 日,M 碩士,125,112
22,國立臺灣科技大學,07311038,建築系碩士在職專班,N 職,M 碩士,52,112
22,國立臺灣科技大學,07321025,營建工程系碩士班,D 日,M 碩士,254,112
22,國立臺灣科技大學,07321025,營建工程系碩士在職專班,N 職,M 碩士,65,112
22,國立臺灣科技大學,09171034,醫學工程研究所,D 日,M 碩士,57,112
23,國立雲林科技大學,01118001,技術及職業教育研究所,D 日,M 碩士,15,112
23,國立雲林科技大學,01118001,技術及職業教育研究所,N 職,M 碩士,22,112
23,國立雲林科技大學,02111013,數位媒體設計系碩士班,D 日,M 碩士,84,112
23,國立雲林科技大學,02111013,數位媒體設計系地方創生智能設計碩士在職專班,N 職,M 碩士,35,112
23,國立雲林科技大學,02112011,視覺傳達設計系碩士班,D 日,M 碩士,61,112
23,國立雲林科技大學,02122007,設計學研究所,D 日,M 碩士,25,112
23,國立雲林科技大學,02122009,創意生活設計系碩士班,D 日,M 碩士,59,112
23,國立雲林科技大學,02123014,工業設計系碩士班,D 日,M 碩士,65,112
23,國立雲林科技大學,02192002,文化資產維護系碩士班,D 日,M 碩士,62,112
23,國立雲林科技大學,02311004,應用外語系碩士班,D 日,M 碩士,50,112
23,國立雲林科技大學,02311004,應用外語系碩士在職專班,N 職,M 碩士,37,112
23,國立雲林科技大學,02322003,漢學應用研究所,D 日,M 碩士,27,112
23,國立雲林科技大學,02322003,漢學應用研究所,N 職,M 碩士,25,112
23,國立雲林科技大學,04111018,會計系碩士班,D 日,M 碩士,45,112
23,國立雲林科技大學,04111018,會計系碩士在職專班,N 職,M 碩士,22,112
23,國立雲林科技大學,04121024,財務金融系碩士班,D 日,M 碩士,74,112
23,國立雲林科技大學,04121024,財務金融系碩士在職專班,N 職,M 碩士,61,112
23,國立雲林科技大學,04131019,企業管理系碩士班,D 日,M 碩士,121,112
23,國立雲林科技大學,04131019,企業管理系碩士在職專班,N 職,M 碩士,65,112
23,國立雲林科技大學,04131058,高階管理碩士在職學位學程,N 職,M 碩士,55,112
23,國立雲林科技大學,04199023,創業管理碩士學位學程,D 日,M 碩士,14,112
23,國立雲林科技大學,04212031,科技法律研究所,D 日,M 碩士,33,112
23,國立雲林科技大學,04212031,科技法律研究所,N 職,M 碩士,60,112
23,國立雲林科技大學,06111066,智慧數據科學研究所,D 日,M 碩士,27,112
23,國立雲林科技大學,06131032,資訊管理系碩士班,D 日,M 碩士,110,112
23,國立雲林科技大學,06131032,資訊管理系碩士在職專班,N 職,M 碩士,47,112
23,國立雲林科技大學,06131060,資訊科技服務管理數位學習碩士在職專班,N 職,M 碩士,71,112
23,國立雲林科技大學,06131065,國際人工智慧管理研究所,D 日,M 碩士,37,112
23,國立雲林科技大學,07111045,化學工程與材料工程系碩士班,D 日,M 碩士,128,112
23,國立雲林科技大學,07112047,材料科技研究所,D 日,M 碩士,54,112
23,國立雲林科技大學,07121049,環境與安全衛生工程系碩士班,D 日,M 碩士,88,112
23,國立雲林科技大學,07121049,環境與安全衛生工程系環安科技與管理碩士在職專班,N 職,M 碩士,40,112
23,國立雲林科技大學,07141033,電機工程系碩士班,D 日,M 碩士,207,112
23,國立雲林科技大學,07141033,電機工程系碩士在職專班,N 職,M 碩士,62,112
23,國立雲林科技大學,07141034,電子工程系碩士班,D 日,M 碩士,205,112
23,國立雲林科技大學,07141037,資訊工程系碩士班,D 日,M 碩士,149,112
23,國立雲林科技大學,07151041,機械工程系碩士班,D 日,M 碩士,148,112
23,國立雲林科技大學,07191048,工業工程與管理系碩士班,D 日,M 碩士,141,112
23,國立雲林科技大學,07191048,工業工程與管理系碩士在職專班,N 職,M 碩士,107,112
23,國立雲林科技大學,07311016,建築與室內設計系碩士班,D 日,M 碩士,40,112
23,國立雲林科技大學,07321043,營建工程系碩士班,D 日,M 碩士,53,112
23,國立雲林科技大學,07321043,營建工程系碩士在職專班,N 職,M 碩士,51,112
23,國立雲林科技大學,10152053,休閒運動研究所,D 日,M 碩士,22,112
23,國立雲林科技大學,10152053,休閒運動研究所,N 職,M 碩士,40,112
24,國立屏東科技大學,01118001,技術及職業教育研究所,D 日,M 碩士,29,112
24,國立屏東科技大學,01118001,技術及職業教育研究所,N 職,M 碩士,22,112
24,國立屏東科技大學,02125003,時尚設計與管理系碩士班,D 日,M 碩士,26,112
24,國立屏東科技大學,02311002,應用外語系碩士班,D 日,M 碩士,8,112
24,國立屏東科技大學,03143004,客家文化產業研究所,D 日,M 碩士,31,112
24,國立屏東科技大學,04121007,財務金融研究所,N 職,M 碩士,1,112
24,國立屏東科技大學,04131005,企業管理系碩士班,D 日,M 碩士,24,112
24,國立屏東科技大學,04131005,企業管理系碩士在職專班,N 職,M 碩士,13,112
24,國立屏東科技大學,04199008,科技管理研究所,D 日,M 碩士,1,112
24,國立屏東科技大學,04199009,工業管理系碩士班,D 日,M 碩士,45,112
24,國立屏東科技大學,04199009,工業管理系碩士在職專班,N 職,M 碩士,14,112
24,國立屏東科技大學,04199011,高階經營管理碩士在職專班,N 職,M 碩士,43,112
24,國立屏東科技大學,05121015,生物科技系碩士班,D 日,M 碩士,37,112
24,國立屏東科技大學,05121049,動物疫苗科技研究所,D 日,M 碩士,26,112
24,國立屏東科技大學,05121050,動物用疫苗國際學位專班,D 日,M 碩士,1,112
24,國立屏東科技大學,05221014,野生動物保育研究所,D 日,M 碩士,57,112
24,國立屏東科技大學,05292040,水土保持系碩士班,D 日,M 碩士,35,112
24,國立屏東科技大學,06131017,資訊管理系碩士班,D 日,M 碩士,53,112
24,國立屏東科技大學,06131017,資訊管理系碩士在職專班,N 職,M 碩士,18,112
24,國立屏東科技大學,07112024,材料工程系碩士班,D 日,M 碩士,37,112
24,國立屏東科技大學,07121025,環境工程與科學系碩士班,D 日,M 碩士,56,112
24,國立屏東科技大學,07121025,環境工程與科學系碩士在職專班,N 職,M 碩士,22,112
24,國立屏東科技大學,07151018,機械工程系碩士班,D 日,M 碩士,34,112
24,國立屏東科技大學,07151020,生物機電工程系碩士班,D 日,M 碩士,28,112
24,國立屏東科技大學,07161019,車輛工程系碩士班,D 日,M 碩士,62,112
24,國立屏東科技大學,07211037,食品科學系碩士班,D 日,M 碩士,96,112
24,國立屏東科技大學,07211037,食品科學系碩士在職專班,N 職,M 碩士,11,112
24,國立屏東科技大學,07211039,食品生技碩士學位學程在職專班,N 職,M 碩士,4,112
24,國立屏東科技大學,07211066,食品安全管理研究所,D 日,M 碩士,9,112
24,國立屏東科技大學,07312027,景觀暨遊憩管理研究所,D 日,M 碩士,38,112
24,國立屏東科技大學,07321021,土木工程系碩士班,D 日,M 碩士,19,112
24,國立屏東科技大學,07321021,土木工程系,N 職,M 碩士,3,112
24,國立屏東科技大學,07321022,土壤與水工程國際碩士學位學程,D 日,M 碩士,1,112
24,國立屏東科技大學,08111029,農園生產系碩士班,D 日,M 碩士,40,112
24,國立屏東科技大學,08111029,農園生產系碩士在職專班,N 職,M 碩士,24,112
24,國立屏東科技大學,08112032,動物科學與畜產系碩士班,D 日,M 碩士,33,112
24,國立屏東科技大學,08193036,農企業管理系碩士班,D 日,M 碩士,17,112
24,國立屏東科技大學,08193036,農企業管理系碩士在職專班,N 職,M 碩士,44,112
24,國立屏東科技大學,08194035,植物醫學系碩士班,D 日,M 碩士,25,112
24,國立屏東科技大學,08199030,熱帶農業暨國際合作系碩士班,D 日,M 碩士,47,112
24,國立屏東科技大學,08211041,森林系碩士班,D 日,M 碩士,33,112
24,國立屏東科技大學,08211043,木材科學與設計系碩士班,D 日,M 碩士,27,112
24,國立屏東科技大學,08312046,水產養殖系碩士班,D 日,M 碩士,24,112
24,國立屏東科技大學,08312068,觀賞魚科技及水生動物健康國際學位專班,D 日,M 碩士,2,112
24,國立屏東科技大學,08411048,獸醫學系碩士班,D 日,M 碩士,27,112
24,國立屏東科技大學,09221052,幼兒保育系碩士班,D 日,M 碩士,20,112
24,國立屏東科技大學,09231051,社會工作系碩士班,D 日,M 碩士,43,112
24,國立屏東科技大學,10131054,餐旅管理系碩士班,D 日,M 碩士,19,112
24,國立屏東科技大學,10152057,休閒運動健康系碩士班,D 日,M 碩士,20,112
24,國立屏東科技大學,10152057,休閒運動健康系碩士在職專班,N 職,M 碩士,24,112
25,國立臺北科技大學,01118001,技術及職業教育研究所,D 日,M 碩士,45,112
25,國立臺北科技大學,01118001,技術及職業教育研究所,N 職,M 碩士,55,112
25,國立臺北科技大學,02112007,互動設計系碩士班,D 日,M 碩士,81,112
25,國立臺北科技大學,02112007,互動設計系碩士在職專班,N 職,M 碩士,32,112
25,國立臺北科技大學,02123009,工業設計系創新設計碩士班,D 日,M 碩士,95,112
25,國立臺北科技大學,02123009,工業設計系創新設計碩士在職專班,N 職,M 碩士,66,112
25,國立臺北科技大學,02299018,文化事業發展系碩士班,D 日,M 碩士,22,112
25,國立臺北科技大學,02311002,應用英文系碩士班,D 日,M 碩士,59,112
25,國立臺北科技大學,02311002,應用英文系碩士在職專班,N 職,M 碩士,47,112
25,國立臺北科技大學,04131011,經營管理系碩士班,D 日,M 碩士,107,112
25,國立臺北科技大學,04131011,經營管理系碩士在職專班,N 職,M 碩士,98,112
25,國立臺北科技大學,04131072,高階管理碩士雙聯學位學程,N 職,M 碩士,33,112
25,國立臺北科技大學,04199021,管理學院_外國學生專班IMBA專班,D 日,M 碩士,64,112
25,國立臺北科技大學,04199021,管理學院_EMBA碩士在職專班,N 職,M 碩士,77,112
25,國立臺北科技大學,04212024,智慧財產權研究所,D 日,M 碩士,41,112
25,國立臺北科技大學,04212024,智慧財產權研究所,N 職,M 碩士,24,112
25,國立臺北科技大學,06131016,資訊與財金管理系碩士班,D 日,M 碩士,100,112
25,國立臺北科技大學,06131016,管理學院資訊與財金管理EMBA專班,N 職,M 碩士,121,112
25,國立臺北科技大學,06131034,資訊工程系碩士班,D 日,M 碩士,172,112
25,國立臺北科技大學,06131075,人工智慧與大數據高階管理雙聯碩士學位學程,N 職,M 碩士,83,112
25,國立臺北科技大學,06131079,資訊安全學位學程,D 日,M 碩士,53,112
25,國立臺北科技大學,06199077,人工智慧科技學位學程,D 日,M 碩士,73,112
25,國立臺北科技大學,07111048,化學工程與生物科技系化學工程碩士班,D 日,M 碩士,231,112
25,國立臺北科技大學,07111048,化學工程與生物科技系化學工程碩士在職專班,N 職,M 碩士,37,112
25,國立臺北科技大學,07111053,分子科學與工程系有機高分子碩士班,D 日,M 碩士,150,112
25,國立臺北科技大學,07111053,分子科學與工程系有機高分子碩士在職專班,N 職,M 碩士,33,112
25,國立臺北科技大學,07112057,材料科學與工程研究所,D 日,M 碩士,121,112
25,國立臺北科技大學,07112057,材料科學與工程研究所,N 職,M 碩士,11,112
25,國立臺北科技大學,07112059,資源工程研究所,D 日,M 碩士,60,112
25,國立臺北科技大學,07112059,資源工程研究所,N 職,M 碩士,1,112
25,國立臺北科技大學,07121063,環境工程與管理研究所,D 日,M 碩士,92,112
25,國立臺北科技大學,07121063,環境工程與管理研究所,N 職,M 碩士,53,112
25,國立臺北科技大學,07132068,能源與冷凍空調工程系碩士班,D 日,M 碩士,104,112
25,國立臺北科技大學,07132068,能源與冷凍空調工程系碩士在職專班,N 職,M 碩士,65,112
25,國立臺北科技大學,07141025,電機工程系碩士班,D 日,M 碩士,376,112
25,國立臺北科技大學,07141025,電機工程系碩士在職專班,N 職,M 碩士,151,112
25,國立臺北科技大學,07141028,電子工程系碩士班,D 日,M 碩士,289,112
25,國立臺北科技大學,07141028,電子工程系碩士在職專班,N 職,M 碩士,127,112
25,國立臺北科技大學,07141032,光電工程系碩士班,D 日,M 碩士,162,112
25,國立臺北科技大學,07141036,電資學院_外國學生專班,D 日,M 碩士,26,112
25,國立臺北科技大學,07141044,自動化科技研究所,D 日,M 碩士,105,112
25,國立臺北科技大學,07141044,自動化科技研究所,N 職,M 碩士,59,112
25,國立臺北科技大學,07141080,太空系統工程研究所,D 日,M 碩士,14,112
25,國立臺北科技大學,07151037,機械工程系機電整合碩士班,D 日,M 碩士,222,112
25,國立臺北科技大學,07151037,機械工程系機電整合碩士在職專班,N 職,M 碩士,76,112
25,國立臺北科技大學,07151038,機電學院_機械與自動化外國學生專班,D 日,M 碩士,11,112
25,國立臺北科技大學,07151043,製造科技研究所,D 日,M 碩士,151,112
25,國立臺北科技大學,07151043,製造科技研究所,N 職,M 碩士,54,112
25,國立臺北科技大學,07161042,車輛工程系碩士班,D 日,M 碩士,97,112
25,國立臺北科技大學,07161042,車輛工程系碩士在職專班,N 職,M 碩士,51,112
25,國立臺北科技大學,07161078,智慧鐵道科技碩士學位學程,D 日,M 碩士,11,112
25,國立臺北科技大學,07191022,工業工程與管理系碩士班,D 日,M 碩士,149,112
25,國立臺北科技大學,07191022,管理學院_工業工程與管理EMBA東莞境外專班,N 職,M 碩士,0,112
25,國立臺北科技大學,07191074,管理學院工業與科技管理EMBA專班,N 職,M 碩士,82,112
25,國立臺北科技大學,07311071,建築系建築與都市設計碩士班,D 日,M 碩士,76,112
25,國立臺北科技大學,07311071,建築系建築與都市設計碩士在職專班,N 職,M 碩士,91,112
25,國立臺北科技大學,07321045,土木工程系土木與防災碩士班,D 日,M 碩士,199,112
25,國立臺北科技大學,07321045,土木工程系土木與防災碩士在職專班,N 職,M 碩士,74,112
25,國立臺北科技大學,07321076,高階土木營建工程管理雙聯碩士學位學程,N 職,M 碩士,3,112
28,國立臺北藝術大學,02111018,電影創作學系,D 日,M 碩士,60,112
28,國立臺北藝術大學,02131003,美術學系,D 日,M 碩士,152,112
28,國立臺北藝術大學,02131003,美術學系,N 職,M 碩士,50,112
28,國立臺北藝術大學,02131020,藝術跨域研究所,D 日,M 碩士,35,112
28,國立臺北藝術大學,02151005,音樂學系,D 日,M 碩士,75,112
28,國立臺北藝術大學,02151005,音樂學系,N 職,M 碩士,90,112
28,國立臺北藝術大學,02151006,傳統音樂學系,D 日,M 碩士,27,112
28,國立臺北藝術大學,02151007,管絃與擊樂研究所,D 日,M 碩士,53,112
28,國立臺北藝術大學,02152008,戲劇學系,D 日,M 碩士,17,112
28,國立臺北藝術大學,02152010,劇場藝術創作研究所,D 日,M 碩士,76,112
28,國立臺北藝術大學,02152011,劇場設計學系,D 日,M 碩士,34,112
28,國立臺北藝術大學,02152013,舞蹈學系,D 日,M 碩士,78,112
28,國立臺北藝術大學,02191001,藝術與人文教育研究所,D 日,M 碩士,45,112
28,國立臺北藝術大學,02191001,藝術與人文教育研究所,N 職,M 碩士,53,112
28,國立臺北藝術大學,02191023,新媒體藝術學系,D 日,M 碩士,89,112
28,國立臺北藝術大學,02191028,博物館研究所,D 日,M 碩士,56,112
28,國立臺北藝術大學,02192025,藝術行政與管理研究所,D 日,M 碩士,88,112
28,國立臺北藝術大學,02192026,文創產業國際藝術碩士學位學程,D 日,M 碩士,31,112
28,國立臺北藝術大學,02199031,文學跨域創作研究所,D 日,M 碩士,38,112
28,國立臺北藝術大學,07311030,建築與文化資產研究所,D 日,M 碩士,68,112
29,國立臺灣藝術大學,02111015,電影學系,D 日,M 碩士,51,112
29,國立臺灣藝術大學,02111015,電影學系,N 職,M 碩士,34,112
29,國立臺灣藝術大學,02111032,影音創作與數位媒體產業研究所,D 日,M 碩士,33,112
29,國立臺灣藝術大學,02112023,多媒體動畫藝術學系動畫藝術碩士班,D 日,M 碩士,68,112
29,國立臺灣藝術大學,02112028,視覺傳達設計學系,D 日,M 碩士,40,112
29,國立臺灣藝術大學,02112028,視覺傳達設計學系,N 職,M 碩士,44,112
29,國立臺灣藝術大學,02131003,美術學系,D 日,M 碩士,97,112
29,國立臺灣藝術大學,02131003,美術學系,N 職,M 碩士,53,112
29,國立臺灣藝術大學,02131005,書畫藝術學系,D 日,M 碩士,58,112
29,國立臺灣藝術大學,02131005,書畫藝術學系,N 職,M 碩士,44,112
29,國立臺灣藝術大學,02131016,美術學院造形藝術碩士班,D 日,M 碩士,3,112
29,國立臺灣藝術大學,02131016,美術學院造形藝術碩士在職專班,N 職,M 碩士,10,112
29,國立臺灣藝術大學,02132006,雕塑學系,D 日,M 碩士,32,112
29,國立臺灣藝術大學,02141007,工藝設計學系,D 日,M 碩士,46,112
29,國立臺灣藝術大學,02141007,工藝設計學系,N 職,M 碩士,24,112
29,國立臺灣藝術大學,02151010,音樂學系,D 日,M 碩士,44,112
29,國立臺灣藝術大學,02151010,音樂學系,N 職,M 碩士,44,112
29,國立臺灣藝術大學,02151011,中國音樂學系,D 日,M 碩士,45,112
29,國立臺灣藝術大學,02151011,中國音樂學系,N 職,M 碩士,26,112
29,國立臺灣藝術大學,02152012,戲劇學系,D 日,M 碩士,33,112
29,國立臺灣藝術大學,02152012,戲劇學系,N 職,M 碩士,16,112
29,國立臺灣藝術大學,02152014,舞蹈學系,D 日,M 碩士,35,112
29,國立臺灣藝術大學,02152014,舞蹈學系,N 職,M 碩士,11,112
29,國立臺灣藝術大學,02152019,教師在職進修表演藝術教學碩士學位班,N 職,M 碩士,1,112
29,國立臺灣藝術大學,02152034,表演藝術學院表演藝術跨領域碩士班,D 日,M 碩士,10,112
29,國立臺灣藝術大學,02152034,表演藝術學院表演藝術跨領域碩士在職專班,N 職,M 碩士,8,112
29,國立臺灣藝術大學,02152035,跨域表演藝術研究所,D 日,M 碩士,25,112
29,國立臺灣藝術大學,02152035,跨域表演藝術研究所,N 職,M 碩士,14,112
29,國立臺灣藝術大學,02191001,藝術與人文教學研究所,D 日,M 碩士,34,112
29,國立臺灣藝術大學,02191017,古蹟藝術修護學系,D 日,M 碩士,21,112
29,國立臺灣藝術大學,02192026,藝術管理與文化政策研究所,D 日,M 碩士,44,112
29,國立臺灣藝術大學,02199030,圖文傳播藝術學系,D 日,M 碩士,36,112
29,國立臺灣藝術大學,02199030,圖文傳播藝術學系,N 職,M 碩士,20,112
29,國立臺灣藝術大學,03213029,廣播電視學系,D 日,M 碩士,37,112
29,國立臺灣藝術大學,03213029,廣播電視學系,N 職,M 碩士,42,112
30,國立臺東大學,01111001,教育學系課程與教學碩士班,D 日,M 碩士,40,112
30,國立臺東大學,01111001,教育學系諮商心理碩士在職專班,N 職,M 碩士,151,112
30,國立臺東大學,01113008,特殊教育學系,D 日,M 碩士,24,112
30,國立臺東大學,01113008,特殊教育學系,N 職,M 碩士,70,112
30,國立臺東大學,01121007,幼兒教育學系,D 日,M 碩士,18,112
30,國立臺東大學,01121007,幼兒教育學系碩士在職專班(暑期班),N 職,M 碩士,84,112
30,國立臺東大學,01131004,國語文補救教學碩士在職專班,N 職,M 碩士,32,112
30,國立臺東大學,01141006,體育學系,D 日,M 碩士,35,112
30,國立臺東大學,02112005,數位媒體與文教產業學系,D 日,M 碩士,14,112
30,國立臺東大學,02131009,美術產業學系,D 日,M 碩士,12,112
30,國立臺東大學,02131009,美術產業學系,N 職,M 碩士,9,112
30,國立臺東大學,02151011,音樂學系,D 日,M 碩士,16,112
30,國立臺東大學,02311015,英美語文學系,D 日,M 碩士,12,112
30,國立臺東大學,02323013,華語文學系,D 日,M 碩士,21,112
30,國立臺東大學,02399016,兒童文學研究所,D 日,M 碩士,47,112
30,國立臺東大學,02399016,兒童文學研究所,N 職,M 碩士,78,112
30,國立臺東大學,03199017,公共與文化事務學系南島文化研究碩士班,D 日,M 碩士,29,112
30,國立臺東大學,03199017,公共與文化事務學系,N 職,M 碩士,72,112
30,國立臺東大學,04131038,綠色產業高階管理碩士在職專班,N 職,M 碩士,3,112
30,國立臺東大學,05111020,生命科學系,D 日,M 碩士,18,112
30,國立臺東大學,05399021,應用科學系,D 日,M 碩士,14,112
30,國立臺東大學,06131028,資訊管理學系,D 日,M 碩士,18,112
30,國立臺東大學,06131028,資訊管理學系環境經濟資訊管理碩士在職專班(暑期班),N 職,M 碩士,30,112
30,國立臺東大學,06131029,資訊工程學系,D 日,M 碩士,13,112
30,國立臺東大學,06131029,資訊工程學系,N 職,M 碩士,19,112
30,國立臺東大學,07132046,綠能與資訊科技碩士學位學程,D 日,M 碩士,6,112
30,國立臺東大學,09121041,生物醫學碩士學位學程,D 日,M 碩士,10,112
30,國立臺東大學,10151031,文化資源與休閒產業學系,D 日,M 碩士,24,112
30,國立臺東大學,10151031,文化資源與休閒產業學系,N 職,M 碩士,52,112
30,國立臺東大學,10151032,師範學院休閒事業管理碩士在職專班,N 職,M 碩士,64,112
31,國立宜蘭大學,03111007,應用經濟與管理學系經營管理碩士班,D 日,M 碩士,52,112
31,國立宜蘭大學,04191001,外國語文學系國際商務溝通碩士班,D 日,M 碩士,16,112
31,國立宜蘭大學,04199006,人文及管理學院高階經營管理碩士在職專班,N 職,M 碩士,43,112
31,國立宜蘭大學,06121010,多媒體網路通訊數位學習碩士在職專班,N 職,M 碩士,44,112
31,國立宜蘭大學,06131042,人工智慧碩士學位學程,D 日,M 碩士,16,112
31,國立宜蘭大學,07111023,化學工程與材料工程學系,D 日,M 碩士,48,112
31,國立宜蘭大學,07121024,環境工程學系,D 日,M 碩士,25,112
31,國立宜蘭大學,07141011,電機工程學系,D 日,M 碩士,44,112
31,國立宜蘭大學,07141012,電子工程學系,D 日,M 碩士,30,112
31,國立宜蘭大學,07141013,資訊工程學系,D 日,M 碩士,37,112
31,國立宜蘭大學,07141014,電機資訊學院碩士在職專班,N 職,M 碩士,32,112
31,國立宜蘭大學,07151017,機械與機電工程學系,D 日,M 碩士,27,112
31,國立宜蘭大學,07151019,生物機電工程學系,D 日,M 碩士,14,112
31,國立宜蘭大學,07194025,綠色科技學程碩士在職專班,N 職,M 碩士,26,112
31,國立宜蘭大學,07211033,食品科學系,D 日,M 碩士,38,112
31,國立宜蘭大學,07311027,建築與永續規劃研究所,D 日,M 碩士,52,112
31,國立宜蘭大學,07321021,土木工程學系,D 日,M 碩士,44,112
31,國立宜蘭大學,08111041,無人機應用暨智慧農業碩士學位學程,D 日,M 碩士,15,112
31,國立宜蘭大學,08112030,生物技術與動物科學系,D 日,M 碩士,27,112
31,國立宜蘭大學,08121031,園藝學系,D 日,M 碩士,24,112
31,國立宜蘭大學,08199037,生物資源學院碩士在職專班,N 職,M 碩士,26,112
31,國立宜蘭大學,08211036,森林暨自然資源學系,D 日,M 碩士,21,112
31,國立宜蘭大學,10152038,休閒產業與健康促進學系運動與健康管理碩士班,D 日,M 碩士,16,112
32,國立聯合大學,02123006,工業設計學系,D 日,M 碩士,10,112
32,國立聯合大學,02321001,臺灣語文與傳播學系,D 日,M 碩士,11,112
32,國立聯合大學,02321004,客家語言與傳播研究所,D 日,M 碩士,45,112
32,國立聯合大學,04131011,經營管理學系,D 日,M 碩士,23,112
32,國立聯合大學,04131012,管理碩士在職學位學程,N 職,M 碩士,49,112
32,國立聯合大學,06131016,資訊管理學系,D 日,M 碩士,23,112
32,國立聯合大學,06131020,資訊工程學系,D 日,M 碩士,12,112
32,國立聯合大學,07111028,化學工程學系,D 日,M 碩士,40,112
32,國立聯合大學,07111043,工程科技轉譯醫學國際碩士學位學程,D 日,M 碩士,2,112
32,國立聯合大學,07112029,材料科學工程學系,D 日,M 碩士,28,112
32,國立聯合大學,07121034,環境與安全衛生工程學系,D 日,M 碩士,17,112
32,國立聯合大學,07132035,能源工程學系,D 日,M 碩士,24,112
32,國立聯合大學,07141017,電機工程學系,D 日,M 碩士,71,112
32,國立聯合大學,07141018,電子工程學系,D 日,M 碩士,41,112
32,國立聯合大學,07141019,光電工程學系,D 日,M 碩士,39,112
32,國立聯合大學,07151025,機械工程學系,D 日,M 碩士,32,112
32,國立聯合大學,07311040,建築學系,D 日,M 碩士,8,112
32,國立聯合大學,07321027,土木與防災工程學系,D 日,M 碩士,16,112
33,國立虎尾科技大學,02112002,多媒體設計系數位內容創意產業碩士班,D 日,M 碩士,34,112
33,國立虎尾科技大學,04121005,財務金融系碩士班,D 日,M 碩士,23,112
33,國立虎尾科技大學,04131003,企業管理系經營管理碩士班,D 日,M 碩士,31,112
33,國立虎尾科技大學,04131003,企業管理系經營管理碩士在職專班,N 職,M 碩士,25,112
33,國立虎尾科技大學,05121007,生物科技系碩士班,D 日,M 碩士,40,112
33,國立虎尾科技大學,05121007,生物科技系碩士在職專班,N 職,M 碩士,18,112
33,國立虎尾科技大學,06131008,資訊管理系碩士班,D 日,M 碩士,64,112
33,國立虎尾科技大學,06131008,資訊管理系碩士在職專班,N 職,M 碩士,17,112
33,國立虎尾科技大學,06131013,資訊工程系碩士班,D 日,M 碩士,79,112
33,國立虎尾科技大學,07112025,材料科學與工程系材料科學與綠色能源工程碩士班,D 日,M 碩士,62,112
33,國立虎尾科技大學,07112025,材料科學與工程系材料科學與綠色能源工程碩士在職專班,N 職,M 碩士,7,112
33,國立虎尾科技大學,07141009,電機工程系碩士班,D 日,M 碩士,105,112
33,國立虎尾科技大學,07141009,電機工程系碩士在職專班,N 職,M 碩士,18,112
33,國立虎尾科技大學,07141010,電子工程系碩士班,D 日,M 碩士,72,112
33,國立虎尾科技大學,07141011,光電工程系光電與材料科技碩士班,D 日,M 碩士,88,112
33,國立虎尾科技大學,07141011,光電工程系光電與材料科技碩士在職專班,N 職,M 碩士,10,112
33,國立虎尾科技大學,07151014,自動化工程系碩士班,D 日,M 碩士,52,112
33,國立虎尾科技大學,07151016,動力機械工程系機械與機電工程碩士班,D 日,M 碩士,48,112
33,國立虎尾科技大學,07151016,動力機械工程系機械與機電工程碩士在職專班,N 職,M 碩士,18,112
33,國立虎尾科技大學,07151019,機械設計工程系碩士班,D 日,M 碩士,55,112
33,國立虎尾科技大學,07151020,機械與電腦輔助工程系碩士班,D 日,M 碩士,104,112
33,國立虎尾科技大學,07151020,機械與電腦輔助工程系碩士在職專班,N 職,M 碩士,31,112
33,國立虎尾科技大學,07161017,車輛工程系碩士班,D 日,M 碩士,31,112
33,國立虎尾科技大學,07162018,飛機工程系航空與電子科技碩士班,D 日,M 碩士,76,112
33,國立虎尾科技大學,07191006,工業管理系工業工程與管理碩士班,D 日,M 碩士,54,112
33,國立虎尾科技大學,07191006,工業管理系工業工程與管理碩士在職專班,N 職,M 碩士,30,112
33,國立虎尾科技大學,07312030,休閒遊憩系碩士班,D 日,M 碩士,23,112
33,國立虎尾科技大學,07312030,休閒遊憩系碩士在職專班,N 職,M 碩士,23,112
35,國立臺南藝術大學,02111009,音像紀錄研究所,D 日,M 碩士,37,112
35,國立臺南藝術大學,02111013,動畫藝術與影像美學研究所,D 日,M 碩士,83,112
35,國立臺南藝術大學,02131012,造形藝術研究所,D 日,M 碩士,54,112
35,國立臺南藝術大學,02141017,應用藝術研究所,D 日,M 碩士,58,112
35,國立臺南藝術大學,02151001,音樂學系,D 日,M 碩士,25,112
35,國立臺南藝術大學,02151002,中國音樂學系,D 日,M 碩士,22,112
35,國立臺南藝術大學,02151004,民族音樂學研究所,D 日,M 碩士,32,112
35,國立臺南藝術大學,02151004,民族音樂學研究所,N 職,M 碩士,34,112
35,國立臺南藝術大學,02151006,鋼琴合作藝術研究所,D 日,M 碩士,33,112
35,國立臺南藝術大學,02151025,聲響科技研究所,D 日,M 碩士,6,112
35,國立臺南藝術大學,02191014,藝術史學系藝術史評與古物研究碩士班,D 日,M 碩士,38,112
35,國立臺南藝術大學,02192022,博物館學與古物維護研究所,D 日,M 碩士,130,112
35,國立臺南藝術大學,02192024,高階藝術管理碩士在職學位學程,N 職,M 碩士,20,112
35,國立臺南藝術大學,02199023,建築藝術研究所,D 日,M 碩士,35,112
36,國立臺南大學,01111001,教育學系教學科技碩士班,D 日,M 碩士,128,112
36,國立臺南大學,01111001,教育學系,N 職,M 碩士,90,112
36,國立臺南大學,01113019,特殊教育學系,D 日,M 碩士,58,112
36,國立臺南大學,01113019,特殊教育學系,N 職,M 碩士,1,112
36,國立臺南大學,01121018,幼兒教育學系,D 日,M 碩士,46,112
36,國立臺南大學,01121018,幼兒教育學系,N 職,M 碩士,55,112
36,國立臺南大學,01141012,環境教育碩士在職學位學程,N 職,M 碩士,2,112
36,國立臺南大學,01141017,體育學系,D 日,M 碩士,42,112
36,國立臺南大學,01141017,體育學系,N 職,M 碩士,36,112
36,國立臺南大學,02111030,視覺藝術與設計學系,D 日,M 碩士,0,112
36,國立臺南大學,02131030,視覺藝術與設計學系設計碩士班,D 日,M 碩士,81,112
36,國立臺南大學,02131030,視覺藝術與設計學系,N 職,M 碩士,44,112
36,國立臺南大學,02151027,音樂學系,D 日,M 碩士,63,112
36,國立臺南大學,02151027,音樂學系,N 職,M 碩士,41,112
36,國立臺南大學,02152029,戲劇創作與應用學系,D 日,M 碩士,54,112
36,國立臺南大學,02322031,國語文學系國語文教學與應用碩士班,D 日,M 碩士,29,112
36,國立臺南大學,02322031,國語文學系國語文教學碩士班,N 職,M 碩士,34,112
36,國立臺南大學,03131036,諮商與輔導學系,D 日,M 碩士,102,112
36,國立臺南大學,03131036,諮商與輔導學系,N 職,M 碩士,59,112
36,國立臺南大學,03143037,文化與自然資源學系文化觀光資源碩士班,D 日,M 碩士,59,112
36,國立臺南大學,03143037,文化與自然資源學系臺灣文化碩士在職專班,N 職,M 碩士,26,112
36,國立臺南大學,04134040,行政管理學系,D 日,M 碩士,33,112
36,國立臺南大學,04134040,行政管理學系,N 職,M 碩士,30,112
36,國立臺南大學,04199041,經營與管理學系科技管理碩士班,D 日,M 碩士,31,112
36,國立臺南大學,04199041,經營與管理學系,N 職,M 碩士,78,112
36,國立臺南大學,05121044,生物科技學系,D 日,M 碩士,16,112
36,國立臺南大學,05212063,生態暨環境資源學系,D 日,M 碩士,40,112
36,國立臺南大學,05411047,應用數學系,D 日,M 碩士,29,112
36,國立臺南大學,05411047,應用數學系,N 職,M 碩士,26,112
36,國立臺南大學,06131052,資訊工程學系,D 日,M 碩士,43,112
36,國立臺南大學,06134024,數位學習科技學系,D 日,M 碩士,54,112
36,國立臺南大學,06134024,數位學習科技學系,N 職,M 碩士,53,112
36,國立臺南大學,07112055,材料科學系,D 日,M 碩士,16,112
36,國立臺南大學,07132058,綠色能源科技學系,D 日,M 碩士,33,112
36,國立臺南大學,07132058,綠色能源科技學系,N 職,M 碩士,39,112
36,國立臺南大學,07141049,電機工程學系,D 日,M 碩士,74,112
36,國立臺南大學,07151054,機電系統工程研究所,D 日,M 碩士,3,112
36,國立臺南大學,07151065,智慧製造碩士在職學位學程,N 職,M 碩士,21,112
37,國立臺北教育大學,01111001,教育學系生命教育碩士班,D 日,M 碩士,112,112
37,國立臺北教育大學,01111001,教育學系生命教育碩士在職專班,N 職,M 碩士,138,112
37,國立臺北教育大學,01113003,特殊教育學系,D 日,M 碩士,90,112
37,國立臺北教育大學,01113003,特殊教育學系,N 職,M 碩士,95,112
37,國立臺北教育大學,01114044,教育經營與管理學系文教法律碩士班,D 日,M 碩士,129,112
37,國立臺北教育大學,01114044,教育經營與管理學系碩士在職專班,N 職,M 碩士,99,112
37,國立臺北教育大學,01115020,課程與教學傳播科技研究所課程與教學碩士班,D 日,M 碩士,117,112
37,國立臺北教育大學,01115020,課程與教學傳播科技研究所課程與教學碩士在職專班,N 職,M 碩士,74,112
37,國立臺北教育大學,01115047,學習與教學國際碩士學位學程,D 日,M 碩士,24,112
37,國立臺北教育大學,01121035,幼兒與家庭教育學系,D 日,M 碩士,92,112
37,國立臺北教育大學,01121035,幼兒與家庭教育學系,N 職,M 碩士,93,112
37,國立臺北教育大學,01131038,數學暨資訊教育學系數學教育碩士班,D 日,M 碩士,32,112
37,國立臺北教育大學,01131038,數學暨資訊教育學系數學教育碩士在職專班,N 職,M 碩士,68,112
37,國立臺北教育大學,01141002,體育學系,D 日,M 碩士,57,112
37,國立臺北教育大學,01141002,體育學系,N 職,M 碩士,60,112
37,國立臺北教育大學,01141040,自然科學教育學系科學探究與實作碩士在職專班,N 職,M 碩士,46,112
37,國立臺北教育大學,02121014,藝術與造形設計學系,D 日,M 碩士,87,112
37,國立臺北教育大學,02121014,藝術與造形設計學系,N 職,M 碩士,58,112
37,國立臺北教育大學,02121027,當代藝術評論與策展研究全英語碩士學位學程,D 日,M 碩士,42,112
37,國立臺北教育大學,02121028,文化創意產業經營學系,D 日,M 碩士,38,112
37,國立臺北教育大學,02121028,文化創意產業經營學系碩士學位EMBA在職進修專班,N 職,M 碩士,51,112
37,國立臺北教育大學,02122011,數位科技設計學系玩具與遊戲設計碩士班,D 日,M 碩士,71,112
37,國立臺北教育大學,02122011,數位科技設計學系玩具與遊戲設計碩士在職專班,N 職,M 碩士,61,112
37,國立臺北教育大學,02151031,音樂學系,D 日,M 碩士,73,112
37,國立臺北教育大學,02151031,音樂學系音樂碩士在職專班,N 職,M 碩士,4,112
37,國立臺北教育大學,02299025,臺灣文化研究所,D 日,M 碩士,81,112
37,國立臺北教育大學,02299025,臺灣文化研究所,N 職,M 碩士,59,112
37,國立臺北教育大學,02311023,兒童英語教育學系英語教育碩士班,D 日,M 碩士,56,112
37,國立臺北教育大學,02311023,兒童英語教育學系英語教育碩士在職專班,N 職,M 碩士,55,112
37,國立臺北教育大學,02322018,語文與創作學系,D 日,M 碩士,94,112
37,國立臺北教育大學,02399018,語文與創作學系,N 職,M 碩士,26,112
37,國立臺北教育大學,03131007,心理與諮商學系,D 日,M 碩士,104,112
37,國立臺北教育大學,03191005,社會與區域發展學系,D 日,M 碩士,53,112
37,國立臺北教育大學,03191005,社會與區域發展學系碩士在職專班,N 職,M 碩士,97,112
37,國立臺北教育大學,03221049,博物館管理與科技應用碩士在職學位學程,N 職,M 碩士,3,112
37,國立臺北教育大學,04131048,東南亞區域管理碩士學位學程,D 日,M 碩士,22,112
37,國立臺北教育大學,05399040,自然科學教育學系,D 日,M 碩士,42,112
37,國立臺北教育大學,06131004,資訊科學系,D 日,M 碩士,44,112
37,國立臺北教育大學,06131004,資訊科學系,N 職,M 碩士,58,112
39,國立臺中教育大學,01111001,教育學系,D 日,M 碩士,56,112
39,國立臺中教育大學,01111001,教育學系碩士在職專班,N 職,M 碩士,112,112
39,國立臺中教育大學,01111005,教師專業碩士學位學程,D 日,M 碩士,133,112
39,國立臺中教育大學,01113022,特殊教育學系,D 日,M 碩士,45,112
39,國立臺中教育大學,01113022,特殊教育學系,N 職,M 碩士,59,112
39,國立臺中教育大學,01114025,高等教育經營管理碩士學位學程,D 日,M 碩士,28,112
39,國立臺中教育大學,01117028,教育資訊與測驗統計研究所,D 日,M 碩士,46,112
39,國立臺中教育大學,01117028,教育資訊與測驗統計研究所,N 職,M 碩士,31,112
39,國立臺中教育大學,01121021,幼兒教育學系,D 日,M 碩士,78,112
39,國立臺中教育大學,01121021,幼兒教育學系,N 職,M 碩士,99,112
39,國立臺中教育大學,01131006,語文教育學系,D 日,M 碩士,74,112
39,國立臺中教育大學,01131006,語文教育學系,N 職,M 碩士,23,112
39,國立臺中教育大學,01131008,科學教育與應用學系,D 日,M 碩士,44,112
39,國立臺中教育大學,01131008,科學教育與應用學系,N 職,M 碩士,68,112
39,國立臺中教育大學,01131011,數學教育學系,D 日,M 碩士,30,112
39,國立臺中教育大學,01131011,數學教育學系,N 職,M 碩士,39,112
39,國立臺中教育大學,01131019,體育學系,D 日,M 碩士,34,112
39,國立臺中教育大學,01131019,體育學系,N 職,M 碩士,60,112
39,國立臺中教育大學,02131029,美術學系,D 日,M 碩士,44,112
39,國立臺中教育大學,02131029,美術學系,N 職,M 碩士,82,112
39,國立臺中教育大學,02151030,音樂學系,D 日,M 碩士,44,112
39,國立臺中教育大學,02311032,英語學系,D 日,M 碩士,19,112
39,國立臺中教育大學,02321031,臺灣語文學系,D 日,M 碩士,28,112
39,國立臺中教育大學,03131035,諮商與應用心理學系,D 日,M 碩士,68,112
39,國立臺中教育大學,03131035,諮商與應用心理學系,N 職,M 碩士,58,112
39,國立臺中教育大學,03191037,區域與社會發展學系,D 日,M 碩士,26,112
39,國立臺中教育大學,03191037,區域與社會發展學系,N 職,M 碩士,54,112
39,國立臺中教育大學,04131034,文化創意產業設計與營運學系事業經營管理碩士班,D 日,M 碩士,33,112
39,國立臺中教育大學,04131040,管理學院國際經營管理碩士學位學程,D 日,M 碩士,14,112
39,國立臺中教育大學,04131040,管理學院國際經營管理碩士在職專班,N 職,M 碩士,47,112
39,國立臺中教育大學,06131042,資訊工程學系,D 日,M 碩士,46,112
39,國立臺中教育大學,06133041,數位內容科技學系,D 日,M 碩士,23,112
39,國立臺中教育大學,06133041,數位內容科技學系,N 職,M 碩士,24,112
39,國立臺中教育大學,10151045,永續觀光暨遊憩管理碩士學位學程,D 日,M 碩士,30,112
42,國立澎湖科技大學,04132002,行銷與物流管理系服務業經營管理碩士班,D 日,M 碩士,12,112
42,國立澎湖科技大學,04132002,行銷與物流管理系服務業經營管理碩士在職專班,N 職,M 碩士,24,112
42,國立澎湖科技大學,07141005,電機工程系電資碩士班,D 日,M 碩士,19,112
42,國立澎湖科技大學,07211011,食品科學系碩士班,D 日,M 碩士,13,112
42,國立澎湖科技大學,08312012,水產養殖系水產資源與養殖碩士班,D 日,M 碩士,7,112
42,國立澎湖科技大學,10151016,觀光休閒系碩士班,D 日,M 碩士,17,112
42,國立澎湖科技大學,10151016,觀光休閒系碩士在職專班,N 職,M 碩士,19,112
43,國立勤益科技大學,02299005,文化創意事業系碩士班,D 日,M 碩士,18,112
43,國立勤益科技大學,04131002,企業管理系碩士班,D 日,M 碩士,41,112
43,國立勤益科技大學,04131002,企業管理系碩士在職專班,N 職,M 碩士,28,112
43,國立勤益科技大學,04132003,流通管理系碩士班,D 日,M 碩士,21,112
43,國立勤益科技大學,04132003,流通管理系碩士在職專班,N 職,M 碩士,17,112
43,國立勤益科技大學,04199041,健康產業科技研發與管理系碩士班,D 日,M 碩士,28,112
43,國立勤益科技大學,06131010,資訊管理系碩士班,D 日,M 碩士,67,112
43,國立勤益科技大學,06131010,資訊管理系研發科技與資訊管理碩士在職專班,N 職,M 碩士,20,112
43,國立勤益科技大學,06131013,資訊工程系碩士班,D 日,M 碩士,86,112
43,國立勤益科技大學,06131013,資訊工程系碩士在職專班,N 職,M 碩士,24,112
43,國立勤益科技大學,07111020,化工與材料工程系碩士班,D 日,M 碩士,62,112
43,國立勤益科技大學,07111020,化工與材料工程系碩士在職專班,N 職,M 碩士,22,112
43,國立勤益科技大學,07132026,冷凍空調與能源系碩士班,D 日,M 碩士,61,112
43,國立勤益科技大學,07132026,冷凍空調與能源系碩士在職專班,N 職,M 碩士,38,112
43,國立勤益科技大學,07141011,電機工程系碩士班,D 日,M 碩士,57,112
43,國立勤益科技大學,07141011,電機工程系碩士在職專班,N 職,M 碩士,38,112
43,國立勤益科技大學,07141012,電子工程系碩士班,D 日,M 碩士,79,112
43,國立勤益科技大學,07141012,電子工程系碩士在職專班,N 職,M 碩士,23,112
43,國立勤益科技大學,07151016,機械工程系碩士班,D 日,M 碩士,92,112
43,國立勤益科技大學,07151016,機械工程系碩士在職專班,N 職,M 碩士,46,112
43,國立勤益科技大學,07191022,工業工程與管理系碩士班,D 日,M 碩士,68,112
43,國立勤益科技大學,07191022,工業工程與管理系碩士在職專班,N 職,M 碩士,58,112
43,國立勤益科技大學,07199036,智慧製造與資訊應用國際碩士學位學程,D 日,M 碩士,11,112
43,國立勤益科技大學,07312029,景觀系碩士班,D 日,M 碩士,11,112
43,國立勤益科技大學,10152032,休閒產業管理系碩士班,D 日,M 碩士,0,112
44,國立體育大學,01113017,適應體育學系,D 日,M 碩士,44,112
44,國立體育大學,01141001,體育研究所,D 日,M 碩士,45,112
44,國立體育大學,01141001,體育研究所,N 職,M 碩士,52,112
44,國立體育大學,01141016,體育推廣學系,D 日,M 碩士,31,112
44,國立體育大學,01141016,體育推廣學系,N 職,M 碩士,36,112
44,國立體育大學,04199002,管理學院碩士在職專班,N 職,M 碩士,52,112
44,國立體育大學,10141008,競技與教練科學研究所,D 日,M 碩士,94,112
44,國立體育大學,10141008,競技與教練科學研究所,N 職,M 碩士,49,112
44,國立體育大學,10142010,運動科學研究所,D 日,M 碩士,35,112
44,國立體育大學,10142013,運動與健康科學學院碩士在職專班,N 職,M 碩士,48,112
44,國立體育大學,10152014,運動保健學系,D 日,M 碩士,42,112
44,國立體育大學,10152015,休閒產業經營學系,D 日,M 碩士,57,112
44,國立體育大學,10152020,國際體育事務碩士學位學程,D 日,M 碩士,23,112
46,國立臺北護理健康大學,01121020,嬰幼兒保育系國際蒙特梭利碩士學位專班,D 日,M 碩士,6,112
46,國立臺北護理健康大學,01141019,醫護教育暨數位學習系碩士班,D 日,M 碩士,48,112
46,國立臺北護理健康大學,03131002,生死與健康心理諮商系碩士班,D 日,M 碩士,65,112
46,國立臺北護理健康大學,04133004,健康事業管理系碩士班,D 日,M 碩士,30,112
46,國立臺北護理健康大學,04133004,健康事業管理系碩士在職專班,N 職,M 碩士,40,112
46,國立臺北護理健康大學,06131006,資訊管理系碩士班,D 日,M 碩士,35,112
46,國立臺北護理健康大學,06199022,健康科技學院碩士班,D 日,M 碩士,9,112
46,國立臺北護理健康大學,09131009,護理系碩士班,D 日,M 碩士,152,112
46,國立臺北護理健康大學,09131009,護理系碩士在職專班,N 職,M 碩士,101,112
46,國立臺北護理健康大學,09131021,護理助產及婦女健康系,D 日,M 碩士,30,112
46,國立臺北護理健康大學,09153007,語言治療與聽力學系碩士班,D 日,M 碩士,46,112
46,國立臺北護理健康大學,09153007,語言治療與聽力學系碩士在職專班,N 職,M 碩士,0,112
46,國立臺北護理健康大學,09211013,長期照護系碩士班,D 日,M 碩士,41,112
46,國立臺北護理健康大學,09211015,高齡健康照護系碩士班,D 日,M 碩士,7,112
46,國立臺北護理健康大學,09221014,嬰幼兒保育系碩士班,D 日,M 碩士,42,112
46,國立臺北護理健康大學,10142017,運動保健系碩士班,D 日,M 碩士,29,112
46,國立臺北護理健康大學,10142017,運動保健系碩士在職專班,N 職,M 碩士,43,112
46,國立臺北護理健康大學,10151018,休閒產業與健康促進系旅遊健康碩士班,D 日,M 碩士,23,112
46,國立臺北護理健康大學,10151018,休閒產業與健康促進系碩士在職專班,N 職,M 碩士,13,112
47,國立高雄餐旅大學,10131011,飲食文化暨餐飲創新研究所,D 日,M 碩士,56,112
47,國立高雄餐旅大學,10131012,餐旅管理研究所,D 日,M 碩士,25,112
47,國立高雄餐旅大學,10131012,餐旅管理研究所,N 職,M 碩士,11,112
47,國立高雄餐旅大學,10151029,觀光研究所,D 日,M 碩士,32,112
47,國立高雄餐旅大學,10151029,觀光研究所,N 職,M 碩士,11,112
47,國立高雄餐旅大學,10151031,國際觀光餐旅全英文碩士學位學程,D 日,M 碩士,16,112
48,國立金門大學,02311002,應用英語學系,D 日,M 碩士,1,112
48,國立金門大學,03121006,國際暨大陸事務學系,D 日,M 碩士,18,112
48,國立金門大學,03143005,閩南文化碩士學位學程,D 日,M 碩士,11,112
48,國立金門大學,04131009,企業管理學系,D 日,M 碩士,45,112
48,國立金門大學,04212013,海洋與邊境管理學系,D 日,M 碩士,18,112
48,國立金門大學,06131019,資訊工程學系,D 日,M 碩士,8,112
48,國立金門大學,06131041,理工學院資訊科技與應用碩士班,D 日,M 碩士,5,112
48,國立金門大學,06131041,理工學院資訊科技與應用碩士在職專班,N 職,M 碩士,6,112
48,國立金門大學,07141017,電子工程學系,D 日,M 碩士,0,112
48,國立金門大學,07141043,電機工程學系,D 日,M 碩士,20,112
48,國立金門大學,07141043,電機工程學系,N 職,M 碩士,12,112
48,國立金門大學,07194016,理工學院工程科技碩士在職專班,N 職,M 碩士,1,112
48,國立金門大學,07211029,食品科學系,D 日,M 碩士,11,112
48,國立金門大學,07311026,建築學系,D 日,M 碩士,20,112
48,國立金門大學,07321021,土木與工程管理學系,D 日,M 碩士,15,112
48,國立金門大學,09191032,長期照護學系,D 日,M 碩士,18,112
48,國立金門大學,10151034,觀光管理學系,D 日,M 碩士,14,112
48,國立金門大學,10152011,管理學院事業經營碩士在職專班,N 職,M 碩士,58,112
48,國立金門大學,10152036,運動與休閒學系,D 日,M 碩士,21,112
49,國立臺灣體育運動大學,01141001,體育學系,D 日,M 碩士,77,112
49,國立臺灣體育運動大學,01141001,體育學系,N 職,M 碩士,32,112
49,國立臺灣體育運動大學,02112012,運動資訊與傳播學系,D 日,M 碩士,5,112
49,國立臺灣體育運動大學,02152002,舞蹈學系,D 日,M 碩士,29,112
49,國立臺灣體育運動大學,04199010,運動事業管理學系,D 日,M 碩士,33,112
49,國立臺灣體育運動大學,04199010,運動事業管理學系,N 職,M 碩士,34,112
49,國立臺灣體育運動大學,10141003,競技運動學系,D 日,M 碩士,65,112
49,國立臺灣體育運動大學,10141003,競技運動學系,N 職,M 碩士,26,112
49,國立臺灣體育運動大學,10142006,運動健康科學學系,D 日,M 碩士,30,112
49,國立臺灣體育運動大學,10142006,運動健康科學學系,N 職,M 碩士,16,112
49,國立臺灣體育運動大學,10152007,休閒運動學系,D 日,M 碩士,48,112
49,國立臺灣體育運動大學,10152008,休閒運動管理碩士在職學位學程,N 職,M 碩士,31,112
50,國立臺中科技大學,02112005,多媒體設計系碩士班,D 日,M 碩士,36,112
50,國立臺中科技大學,02122006,商業設計系碩士班,D 日,M 碩士,44,112
50,國立臺中科技大學,02122006,商業設計系碩士在職專班,N 職,M 碩士,38,112
50,國立臺中科技大學,02124008,室內設計系碩士班,D 日,M 碩士,20,112
50,國立臺中科技大學,02311004,應用日語系日本市場暨商務策略碩士班,D 日,M 碩士,25,112
50,國立臺中科技大學,04111012,會計資訊系碩士班,D 日,M 碩士,24,112
50,國立臺中科技大學,04111012,會計資訊系碩士在職專班,N 職,M 碩士,20,112
50,國立臺中科技大學,04121021,財務金融系碩士班,D 日,M 碩士,23,112
50,國立臺中科技大學,04121021,財務金融系碩士在職專班,N 職,M 碩士,33,112
50,國立臺中科技大學,04122028,財政稅務系租稅管理與理財規劃碩士班,D 日,M 碩士,22,112
50,國立臺中科技大學,04123027,保險金融管理系碩士班,D 日,M 碩士,21,112
50,國立臺中科技大學,04131015,企業管理系碩士班,D 日,M 碩士,28,112
50,國立臺中科技大學,04131015,企業管理系碩士在職專班,N 職,M 碩士,59,112
50,國立臺中科技大學,04132029,流通管理系碩士班,D 日,M 碩士,29,112
50,國立臺中科技大學,04132029,流通管理系碩士在職專班,N 職,M 碩士,25,112
50,國立臺中科技大學,06131033,資訊管理系碩士班,D 日,M 碩士,41,112
50,國立臺中科技大學,06131033,資訊管理系碩士在職專班,N 職,M 碩士,33,112
50,國立臺中科技大學,07141036,資訊工程系碩士班,D 日,M 碩士,50,112
50,國立臺中科技大學,07141036,資訊工程系碩士在職專班,N 職,M 碩士,31,112
50,國立臺中科技大學,09131037,護理系碩士班,D 日,M 碩士,27,112
50,國立臺中科技大學,09131037,護理系碩士在職專班,N 職,M 碩士,43,112
50,國立臺中科技大學,10121040,美容系碩士班,D 日,M 碩士,29,112
51,國立臺北商業大學,02122024,創意設計與經營研究所,D 日,M 碩士,32,112
51,國立臺北商業大學,02122024,創意設計與經營研究所,N 職,M 碩士,19,112
51,國立臺北商業大學,04111009,會計資訊系碩士班,D 日,M 碩士,35,112
51,國立臺北商業大學,04121013,財務金融系碩士班,D 日,M 碩士,22,112
51,國立臺北商業大學,04121013,財務金融系金融科技創新服務碩士在職專班,N 職,M 碩士,6,112
51,國立臺北商業大學,04122014,財政稅務系碩士班,D 日,M 碩士,40,112
51,國立臺北商業大學,04122014,財政稅務系碩士在職專班,N 職,M 碩士,22,112
51,國立臺北商業大學,04131010,企業管理系碩士班,D 日,M 碩士,67,112
51,國立臺北商業大學,04131010,企業管理系EMBA在職專班,N 職,M 碩士,60,112
51,國立臺北商業大學,04141012,國際商務系碩士班,D 日,M 碩士,41,112
51,國立臺北商業大學,04141022,財經學院_高階國際商業創新經營管理碩士在職專班,N 職,M 碩士,18,112
51,國立臺北商業大學,04199021,貿易實務法律暨談判碩士學位學程,D 日,M 碩士,29,112
51,國立臺北商業大學,06131017,資訊管理系人工智慧與商業應用碩士班,D 日,M 碩士,21,112
51,國立臺北商業大學,06131018,資訊與決策科學研究所,D 日,M 碩士,33,112
51,國立臺北商業大學,06131018,資訊與決策科學研究所,N 職,M 碩士,10,112
52,國立屏東大學,01111001,教育學系,D 日,M 碩士,68,112
52,國立屏東大學,01111003,教育心理與輔導學系,D 日,M 碩士,135,112
52,國立屏東大學,01111003,教育心理與輔導學系,N 職,M 碩士,82,112
52,國立屏東大學,01111048,文教事業經營碩士在職學位學程,N 職,M 碩士,11,112
52,國立屏東大學,01113017,特殊教育學系,D 日,M 碩士,58,112
52,國立屏東大學,01113017,特殊教育學系,N 職,M 碩士,40,112
52,國立屏東大學,01114018,教育行政研究所,D 日,M 碩士,21,112
52,國立屏東大學,01114018,教育行政研究所教育行政碩士在職專班,N 職,M 碩士,25,112
52,國立屏東大學,01115001,教育學系課程與教學碩士在職專班,N 職,M 碩士,60,112
52,國立屏東大學,01115073,STEM教育國際碩士學位學程,D 日,M 碩士,8,112
52,國立屏東大學,01121016,幼兒教育學系,D 日,M 碩士,36,112
52,國立屏東大學,01121016,幼兒教育學系,N 職,M 碩士,70,112
52,國立屏東大學,01131071,科學傳播學系數理課程與教學碩士在職專班,N 職,M 碩士,2,112
52,國立屏東大學,01141014,體育學系,D 日,M 碩士,64,112
52,國立屏東大學,01141014,體育學系體育教學碩士班,N 職,M 碩士,137,112
52,國立屏東大學,02111025,視覺藝術學系,D 日,M 碩士,62,112
52,國立屏東大學,02111025,視覺藝術學系視覺藝術碩士在職專班,N 職,M 碩士,27,112
52,國立屏東大學,02112035,多媒體動畫碩士在職學位學程,N 職,M 碩士,0,112
52,國立屏東大學,02121067,數位媒體設計碩士學位學程,D 日,M 碩士,2,112
52,國立屏東大學,02151024,音樂學系,D 日,M 碩士,36,112
52,國立屏東大學,02199079,新媒體創意應用碩士學位學程,D 日,M 碩士,8,112
52,國立屏東大學,02299033,文化創意產業學系,D 日,M 碩士,27,112
52,國立屏東大學,02299033,文化創意產業學系,N 職,M 碩士,31,112
52,國立屏東大學,02299069,客家文化產業碩士學位學程,D 日,M 碩士,12,112
52,國立屏東大學,02299074,文化事業發展碩士學位學程原住民專班,D 日,M 碩士,17,112
52,國立屏東大學,02311029,英語學系,D 日,M 碩士,31,112
52,國立屏東大學,02311030,應用英語學系,D 日,M 碩士,1,112
52,國立屏東大學,02322027,中國語文學系,D 日,M 碩士,22,112
52,國立屏東大學,02322027,中國語文學系,N 職,M 碩士,18,112
52,國立屏東大學,02323006,華語文教學碩士在職學位學程,N 職,M 碩士,8,112
52,國立屏東大學,03141036,社會發展學系,D 日,M 碩士,26,112
52,國立屏東大學,03141036,社會發展學系,N 職,M 碩士,23,112
52,國立屏東大學,04121045,財務金融學系,D 日,M 碩士,16,112
52,國立屏東大學,04131039,企業管理學系,D 日,M 碩士,21,112
52,國立屏東大學,04131039,企業管理學系,N 職,M 碩士,39,112
52,國立屏東大學,04131042,商業自動化與管理學系,D 日,M 碩士,12,112
52,國立屏東大學,04131081,管理學院高階經營管理碩士在職專班,N 職,M 碩士,14,112
52,國立屏東大學,04132046,行銷與流通管理學系,D 日,M 碩士,14,112
52,國立屏東大學,04132046,行銷與流通管理學系數位行銷碩士在職專班,N 職,M 碩士,38,112
52,國立屏東大學,04141076,國際經營與貿易學系,D 日,M 碩士,12,112
52,國立屏東大學,04141076,國際經營與貿易學系,N 職,M 碩士,13,112
52,國立屏東大學,04199047,不動產經營學系,D 日,M 碩士,26,112
52,國立屏東大學,04199047,不動產經營學系,N 職,M 碩士,39,112
52,國立屏東大學,05311050,應用化學系,D 日,M 碩士,15,112
52,國立屏東大學,05311050,應用化學系現役軍人營區在職專班,N 職,M 碩士,1,112
52,國立屏東大學,05399072,理學院應用科學國際碩士班,D 日,M 碩士,2,112
52,國立屏東大學,05411055,應用數學系,D 日,M 碩士,9,112
52,國立屏東大學,06131057,資訊管理學系,D 日,M 碩士,21,112
52,國立屏東大學,06131070,國際資訊科技與應用碩士學位學程,D 日,M 碩士,5,112
52,國立屏東大學,06131077,電腦科學與人工智慧學系,D 日,M 碩士,35,112
52,國立屏東大學,06131077,電腦科學與人工智慧學系資訊系統與數位科技應用碩士在職專班,N 職,M 碩士,19,112
52,國立屏東大學,07111078,理學院半導體材料科學碩士班,D 日,M 碩士,6,112
52,國立屏東大學,07112053,應用物理系光電暨材料碩士班,D 日,M 碩士,16,112
52,國立屏東大學,07141060,資訊工程學系,D 日,M 碩士,40,112
52,國立屏東大學,10151065,休閒事業經營學系,D 日,M 碩士,16,112
52,國立屏東大學,99999071,科學傳播學系科學傳播暨教育碩士班,D 日,M 碩士,20,112
53,國立高雄科技大學,02121006,文化創意產業系碩士班,D 日,M 碩士,27,112
53,國立高雄科技大學,02121006,文化創意產業系碩士在職專班,N 職,M 碩士,40,112
53,國立高雄科技大學,02123015,工業設計系碩士班,D 日,M 碩士,25,112
53,國立高雄科技大學,02311002,應用英語系,D 日,M 碩士,80,112
53,國立高雄科技大學,02311003,應用德語系碩士班,D 日,M 碩士,12,112
53,國立高雄科技大學,02311008,應用日語系碩士班,D 日,M 碩士,35,112
53,國立高雄科技大學,02311008,應用日語系碩士在職專班,N 職,M 碩士,24,112
53,國立高雄科技大學,04111020,會計資訊系碩士班,D 日,M 碩士,38,112
53,國立高雄科技大學,04111020,會計資訊系碩士在職專班,N 職,M 碩士,26,112
53,國立高雄科技大學,04121034,金融資訊系碩士班,D 日,M 碩士,33,112
53,國立高雄科技大學,04121034,金融資訊系碩士在職專班,N 職,M 碩士,53,112
53,國立高雄科技大學,04121040,財務管理系碩士班,D 日,M 碩士,50,112
53,國立高雄科技大學,04121040,財務管理系碩士在職專班,N 職,M 碩士,35,112
53,國立高雄科技大學,04121104,金融系碩士班,D 日,M 碩士,66,112
53,國立高雄科技大學,04121104,金融系碩士在職專班,N 職,M 碩士,58,112
53,國立高雄科技大學,04121109,資訊財務碩士學位學程,D 日,M 碩士,1,112
53,國立高雄科技大學,04122043,財政稅務系碩士班,D 日,M 碩士,15,112
53,國立高雄科技大學,04122043,財政稅務系碩士在職專班,N 職,M 碩士,69,112
53,國立高雄科技大學,04123054,風險管理與保險系碩士班,D 日,M 碩士,25,112
53,國立高雄科技大學,04123054,風險管理與保險系碩士在職專班,N 職,M 碩士,19,112
53,國立高雄科技大學,04131005,智慧商務系碩士在職專班,N 職,M 碩士,70,112
53,國立高雄科技大學,04131031,國際管理碩士學位學程,D 日,M 碩士,24,112
53,國立高雄科技大學,04131036,創業管理碩士學位學程,D 日,M 碩士,18,112
53,國立高雄科技大學,04131101,企業管理系碩士班,D 日,M 碩士,26,112
53,國立高雄科技大學,04131101,企業管理系碩士在職專班,N 職,M 碩士,56,112
53,國立高雄科技大學,04131119,管理學院企業管理高階經營管理碩士在職專班,N 職,M 碩士,36,112
53,國立高雄科技大學,04132004,供應鏈管理系碩士班,D 日,M 碩士,34,112
53,國立高雄科技大學,04132004,供應鏈管理系碩士在職專班,N 職,M 碩士,5,112
53,國立高雄科技大學,04132059,行銷與流通管理系碩士班,D 日,M 碩士,67,112
53,國立高雄科技大學,04132059,行銷與流通管理系碩士在職專班,N 職,M 碩士,52,112
53,國立高雄科技大學,04132107,運籌管理系碩士班,D 日,M 碩士,42,112
53,國立高雄科技大學,04132107,運籌管理系碩士在職專班,N 職,M 碩士,43,112
53,國立高雄科技大學,04141023,國際企業系碩士班,D 日,M 碩士,57,112
53,國立高雄科技大學,04141023,國際企業系碩士在職專班,N 職,M 碩士,29,112
53,國立高雄科技大學,04199048,人力資源發展系碩士班,D 日,M 碩士,37,112
53,國立高雄科技大學,04199048,人力資源發展系碩士在職專班,N 職,M 碩士,54,112
53,國立高雄科技大學,04199063,管理學院高階主管經營管理碩士在職專班,N 職,M 碩士,77,112
53,國立高雄科技大學,04212068,科技法律研究所,D 日,M 碩士,40,112
53,國立高雄科技大學,04212068,科技法律研究所,N 職,M 碩士,74,112
53,國立高雄科技大學,05121010,海洋生物技術系碩士班,D 日,M 碩士,13,112
53,國立高雄科技大學,06131066,海事資訊科技系碩士班,D 日,M 碩士,16,112
53,國立高雄科技大學,06131080,商務資訊應用系碩士班,D 日,M 碩士,9,112
53,國立高雄科技大學,06131100,資訊管理系碩士班,D 日,M 碩士,95,112
53,國立高雄科技大學,06131100,資訊管理系碩士在職專班,N 職,M 碩士,54,112
53,國立高雄科技大學,06132005,智慧商務系碩士班,D 日,M 碩士,49,112
53,國立高雄科技大學,06132067,資訊工程系碩士班,D 日,M 碩士,58,112
53,國立高雄科技大學,06132067,資訊工程系碩士在職專班,N 職,M 碩士,40,112
53,國立高雄科技大學,07111085,化學工程與材料工程系碩士班,D 日,M 碩士,105,112
53,國立高雄科技大學,07111085,化學工程與材料工程系碩士在職專班,N 職,M 碩士,45,112
53,國立高雄科技大學,07121030,海洋環境工程系碩士班,D 日,M 碩士,28,112
53,國立高雄科技大學,07121086,環境與安全衛生工程系碩士班,D 日,M 碩士,88,112
53,國立高雄科技大學,07121086,環境與安全衛生工程系碩士在職專班,N 職,M 碩士,109,112
53,國立高雄科技大學,07141021,電訊工程系碩士班,D 日,M 碩士,31,112
53,國立高雄科技大學,07141021,電訊工程系碩士在職專班,N 職,M 碩士,26,112
53,國立高雄科技大學,07141073,光電工程研究所,D 日,M 碩士,71,112
53,國立高雄科技大學,07141075,電腦與通訊工程系碩士班,D 日,M 碩士,76,112
53,國立高雄科技大學,07141075,電腦與通訊工程系碩士在職專班,N 職,M 碩士,23,112
53,國立高雄科技大學,07141081,半導體工程系碩士班,D 日,M 碩士,39,112
53,國立高雄科技大學,07141081,半導體工程系碩士在職專班,N 職,M 碩士,40,112
53,國立高雄科技大學,07141103,電子工程系碩士班,D 日,M 碩士,255,112
53,國立高雄科技大學,07141103,電子工程系碩士在職專班,N 職,M 碩士,73,112
53,國立高雄科技大學,07141105,電機工程系碩士班,D 日,M 碩士,168,112
53,國立高雄科技大學,07141105,電機工程系碩士在職專班,N 職,M 碩士,127,112
53,國立高雄科技大學,07151026,輪機工程系碩士班,D 日,M 碩士,13,112
53,國立高雄科技大學,07151026,輪機工程系碩士在職專班,N 職,M 碩士,27,112
53,國立高雄科技大學,07151071,機電工程系碩士班,D 日,M 碩士,81,112
53,國立高雄科技大學,07151071,機電工程系碩士在職專班,N 職,M 碩士,43,112
53,國立高雄科技大學,07151072,機械工程系碩士班,D 日,M 碩士,142,112
53,國立高雄科技大學,07151072,機械工程系碩士在職專班,N 職,M 碩士,73,112
53,國立高雄科技大學,07151074,模具工程系碩士班,D 日,M 碩士,128,112
53,國立高雄科技大學,07151074,模具工程系碩士在職專班,N 職,M 碩士,56,112
53,國立高雄科技大學,07163029,造船及海洋工程系碩士班,D 日,M 碩士,22,112
53,國立高雄科技大學,07163029,造船及海洋工程系碩士在職專班,N 職,M 碩士,27,112
53,國立高雄科技大學,07191091,工業工程與管理系碩士班,D 日,M 碩士,74,112
53,國立高雄科技大學,07191091,工業工程與管理系碩士在職專班,N 職,M 碩士,105,112
53,國立高雄科技大學,07194118,海事風電工程碩士學位學程,D 日,M 碩士,11,112
53,國立高雄科技大學,07211039,水產食品科學系碩士班,D 日,M 碩士,35,112
53,國立高雄科技大學,07211039,水產食品科學系碩士在職專班,N 職,M 碩士,22,112
53,國立高雄科技大學,07321077,土木工程系碩士班,D 日,M 碩士,60,112
53,國立高雄科技大學,07321077,土木工程系土木工程與防災科技碩士在職專班,N 職,M 碩士,88,112
53,國立高雄科技大學,07321082,營建工程系碩士班,D 日,M 碩士,43,112
53,國立高雄科技大學,07321082,營建工程系營建工程與管理碩士在職專班,N 職,M 碩士,37,112
53,國立高雄科技大學,08193007,海洋事務與產業管理研究所,D 日,M 碩士,19,112
53,國立高雄科技大學,08311045,漁業生產與管理系碩士班,D 日,M 碩士,0,112
53,國立高雄科技大學,08311045,漁業生產與管理系碩士在職專班,N 職,M 碩士,0,112
53,國立高雄科技大學,08311125,漁業科技與管理系碩士班,D 日,M 碩士,15,112
53,國立高雄科技大學,08311125,漁業科技與管理系碩士在職專班,N 職,M 碩士,7,112
53,國立高雄科技大學,08312047,水產養殖系碩士班,D 日,M 碩士,26,112
53,國立高雄科技大學,10151055,海洋休閒管理系碩士班,D 日,M 碩士,19,112
53,國立高雄科技大學,10151096,觀光管理系觀光與餐旅管理碩士班,D 日,M 碩士,27,112
53,國立高雄科技大學,10151096,觀光管理系觀光與餐旅管理碩士在職專班,N 職,M 碩士,47,112
53,國立高雄科技大學,10412060,航運管理系碩士班,D 日,M 碩士,27,112
53,國立高雄科技大學,10412060,航運管理系碩士在職專班,N 職,M 碩士,43,112
53,國立高雄科技大學,10414061,航運技術系碩士班,D 日,M 碩士,13,112
53,國立高雄科技大學,10414061,航運技術系碩士在職專班,N 職,M 碩士,8,112
53,國立高雄科技大學,10414066,海事資訊科技系碩士在職專班,N 職,M 碩士,3,112
1001,東海大學,01111001,教育研究所,D 日,M 碩士,36,112
1001,東海大學,01111001,教育研究所,N 職,M 碩士,52,112
1001,東海大學,02123011,工業設計學系,D 日,M 碩士,13,112
1001,東海大學,02123011,工業設計學系,N 職,M 碩士,14,112
1001,東海大學,02131002,美術學系,D 日,M 碩士,55,112
1001,東海大學,02131002,美術學系,N 職,M 碩士,86,112
1001,東海大學,02151003,音樂學系,D 日,M 碩士,64,112
1001,東海大學,02152058,表演藝術與創作碩士學位學程,D 日,M 碩士,23,112
1001,東海大學,02221009,歷史學系,D 日,M 碩士,18,112
1001,東海大學,02231010,哲學系,D 日,M 碩士,21,112
1001,東海大學,02231010,哲學系,N 職,M 碩士,24,112
1001,東海大學,02311005,外國語文學系,D 日,M 碩士,36,112
1001,東海大學,02311007,日本語言文化學系,D 日,M 碩士,23,112
1001,東海大學,02322004,中國文學系,D 日,M 碩士,42,112
1001,東海大學,02322004,中國文學系,N 職,M 碩士,1,112
1001,東海大學,02323062,華語文教學國際碩士學位學程,D 日,M 碩士,20,112
1001,東海大學,03111012,經濟學系,D 日,M 碩士,14,112
1001,東海大學,03121013,政治學系,D 日,M 碩士,27,112
1001,東海大學,03141014,社會學系,D 日,M 碩士,33,112
1001,東海大學,04111018,會計學系,D 日,M 碩士,24,112
1001,東海大學,04111018,會計學系,N 職,M 碩士,2,112
1001,東海大學,04121024,財務金融學系,D 日,M 碩士,34,112
1001,東海大學,04121024,財務金融學系,N 職,M 碩士,1,112
1001,東海大學,04131019,企業管理學系,D 日,M 碩士,61,112
1001,東海大學,04131025,高階經營管理碩士在職專班,N 職,M 碩士,390,112
1001,東海大學,04131059,國際企業管理碩士學位學程,D 日,M 碩士,57,112
1001,東海大學,04133044,工業工程與經營資訊學系高階醫務工程與管理碩士在職專班,N 職,M 碩士,40,112
1001,東海大學,04134016,行政管理暨政策學系,D 日,M 碩士,14,112
1001,東海大學,04134016,行政管理暨政策學系第三部門碩士在職專班,N 職,M 碩士,2,112
1001,東海大學,04134017,公共事務碩士專班,N 職,M 碩士,51,112
1001,東海大學,04141023,國際經營與貿易學系,D 日,M 碩士,30,112
1001,東海大學,04211027,法律學系,D 日,M 碩士,149,112
1001,東海大學,04211027,法律學系,N 職,M 碩士,12,112
1001,東海大學,05111028,生命科學系,D 日,M 碩士,18,112
1001,東海大學,05311030,化學系,D 日,M 碩士,32,112
1001,東海大學,05331032,應用物理學系,D 日,M 碩士,9,112
1001,東海大學,05411034,應用數學系,D 日,M 碩士,12,112
1001,東海大學,05421035,統計學系,D 日,M 碩士,15,112
1001,東海大學,06131039,資訊工程學系,D 日,M 碩士,63,112
1001,東海大學,06131039,資訊工程學系,N 職,M 碩士,16,112
1001,東海大學,06133047,數位創新碩士學位學程,D 日,M 碩士,39,112
1001,東海大學,06134036,資訊管理學系,D 日,M 碩士,37,112
1001,東海大學,07111042,化學工程與材料工程學系,D 日,M 碩士,48,112
1001,東海大學,07121045,環境科學與工程學系,D 日,M 碩士,21,112
1001,東海大學,07141037,電機工程學系,D 日,M 碩士,31,112
1001,東海大學,07191044,工業工程與經營資訊學系,D 日,M 碩士,61,112
1001,東海大學,07211052,食品科學系,D 日,M 碩士,31,112
1001,東海大學,07311048,建築學系,D 日,M 碩士,51,112
1001,東海大學,07312049,景觀學系,D 日,M 碩士,25,112
1001,東海大學,07312049,景觀學系,N 職,M 碩士,31,112
1001,東海大學,08112051,畜產與生物科技學系,D 日,M 碩士,10,112
1001,東海大學,09231053,社會工作學系,D 日,M 碩士,66,112
1001,東海大學,10131054,餐旅管理學系,D 日,M 碩士,16,112
1001,東海大學,10131054,餐旅管理學系,N 職,M 碩士,31,112
1002,輔仁大學,01114047,教育領導與發展研究所,D 日,M 碩士,25,112
1002,輔仁大學,01114047,教育領導與發展研究所,N 職,M 碩士,90,112
1002,輔仁大學,02122029,品牌與時尚經營管理碩士學位學程,D 日,M 碩士,15,112
1002,輔仁大學,02122078,應用美術學系,D 日,M 碩士,47,112
1002,輔仁大學,02125082,織品服裝學系,D 日,M 碩士,60,112
1002,輔仁大學,02125082,織品服裝學系,N 職,M 碩士,80,112
1002,輔仁大學,02151034,音樂學系,D 日,M 碩士,67,112
1002,輔仁大學,02151034,音樂學系,N 職,M 碩士,69,112
1002,輔仁大學,02211019,宗教學系,D 日,M 碩士,41,112
1002,輔仁大學,02211019,宗教學系,N 職,M 碩士,108,112
1002,輔仁大學,02221074,歷史學系,D 日,M 碩士,26,112
1002,輔仁大學,02231037,哲學系,D 日,M 碩士,24,112
1002,輔仁大學,02231037,哲學系,N 職,M 碩士,32,112
1002,輔仁大學,02299060,跨文化研究所,D 日,M 碩士,107,112
1002,輔仁大學,02299060,跨文化研究所翻譯學碩士在職專班,N 職,M 碩士,41,112
1002,輔仁大學,02311009,日本語文學系,D 日,M 碩士,40,112
1002,輔仁大學,02311016,西班牙語文學系,D 日,M 碩士,12,112
1002,輔仁大學,02311021,法國語文學系,D 日,M 碩士,19,112
1002,輔仁大學,02311033,英國語文學系,D 日,M 碩士,40,112
1002,輔仁大學,02311072,德語語文學系,D 日,M 碩士,24,112
1002,輔仁大學,02322003,中國文學系,D 日,M 碩士,28,112
1002,輔仁大學,03111055,經濟學系,D 日,M 碩士,25,112
1002,輔仁大學,03131007,心理學系,D 日,M 碩士,61,112
1002,輔仁大學,03131081,臨床心理學系,D 日,M 碩士,73,112
1002,輔仁大學,03141023,社會學系,D 日,M 碩士,25,112
1002,輔仁大學,03211002,大眾傳播學研究所,D 日,M 碩士,77,112
1002,輔仁大學,03211002,大眾傳播學研究所,N 職,M 碩士,57,112
1002,輔仁大學,03221051,博物館學研究所,D 日,M 碩士,61,112
1002,輔仁大學,03222065,圖書資訊學系,D 日,M 碩士,20,112
1002,輔仁大學,04111054,會計學系,D 日,M 碩士,48,112
1002,輔仁大學,04111054,會計學系,N 職,M 碩士,55,112
1002,輔仁大學,04121027,金融與國際企業學系金融碩士班,D 日,M 碩士,55,112
1002,輔仁大學,04121027,金融與國際企業學系金融碩士在職專班,N 職,M 碩士,72,112
1002,輔仁大學,04131015,企業管理學系管理學碩士班,D 日,M 碩士,80,112
1002,輔仁大學,04131015,企業管理學系管理學碩士在職專班,N 職,M 碩士,77,112
1002,輔仁大學,04131025,社會企業碩士學位學程,D 日,M 碩士,22,112
1002,輔仁大學,04131025,社會企業碩士在職學位學程,N 職,M 碩士,40,112
1002,輔仁大學,04131041,國際創業與經營管理碩士學位學程,N 職,M 碩士,54,112
1002,輔仁大學,04131044,國際經營管理碩士學位學程,D 日,M 碩士,38,112
1002,輔仁大學,04199028,非營利組織管理碩士學位學程,N 職,M 碩士,76,112
1002,輔仁大學,04199032,科技管理碩士學位學程,N 職,M 碩士,53,112
1002,輔仁大學,04211020,法律學系,D 日,M 碩士,100,112
1002,輔仁大學,04211020,法律學系,N 職,M 碩士,84,112
1002,輔仁大學,04211038,財經法律學系,D 日,M 碩士,62,112
1002,輔仁大學,04211038,財經法律學系原住民碩士在職專班,N 職,M 碩士,67,112
1002,輔仁大學,05111011,生命科學系,D 日,M 碩士,25,112
1002,輔仁大學,05191080,營養科學系,D 日,M 碩士,28,112
1002,輔仁大學,05311005,化學系,D 日,M 碩士,52,112
1002,輔仁大學,05331022,物理學系,D 日,M 碩士,8,112
1002,輔仁大學,05411073,數學系,D 日,M 碩士,6,112
1002,輔仁大學,05421049,統計資訊學系應用統計碩士班,D 日,M 碩士,39,112
1002,輔仁大學,05421049,統計資訊學系應用統計碩士在職專班,N 職,M 碩士,54,112
1002,輔仁大學,06131058,資訊工程學系,D 日,M 碩士,45,112
1002,輔仁大學,06131058,資訊工程學系,N 職,M 碩士,27,112
1002,輔仁大學,06131059,資訊管理學系,D 日,M 碩士,42,112
1002,輔仁大學,06131059,資訊管理學系,N 職,M 碩士,49,112
1002,輔仁大學,07141064,電機工程學系,D 日,M 碩士,44,112
1002,輔仁大學,07211035,食品科學系,D 日,M 碩士,38,112
1002,輔仁大學,07312052,景觀設計學系,D 日,M 碩士,25,112
1002,輔仁大學,09121013,生物醫學暨藥學研究所,D 日,M 碩士,18,112
1002,輔仁大學,09121090,生物醫學海量資料分析碩士學位學程,D 日,M 碩士,0,112
1002,輔仁大學,09131088,護理學系,D 日,M 碩士,23,112
1002,輔仁大學,09141100,醫療暨健康產業大數據碩士學位學程,D 日,M 碩士,15,112
1002,輔仁大學,09191004,公共衛生學系,D 日,M 碩士,34,112
1002,輔仁大學,09211061,跨專業長期照護碩士學位學程,N 職,M 碩士,105,112
1002,輔仁大學,09221017,兒童與家庭學系,D 日,M 碩士,48,112
1002,輔仁大學,09221017,兒童與家庭學系,N 職,M 碩士,85,112
1002,輔仁大學,09231024,社會工作學系,D 日,M 碩士,45,112
1002,輔仁大學,10131075,餐旅管理學系,D 日,M 碩士,36,112
1002,輔仁大學,10131075,餐旅管理學系,N 職,M 碩士,48,112
1002,輔仁大學,10141089,體育學系,D 日,M 碩士,46,112
1002,輔仁大學,10141089,體育學系,N 職,M 碩士,75,112
1003,東吳大學,02151001,音樂學系,D 日,M 碩士,54,112
1003,東吳大學,02151001,音樂學系,N 職,M 碩士,1,112
1003,東吳大學,02221006,歷史學系,D 日,M 碩士,19,112
1003,東吳大學,02231007,哲學系,D 日,M 碩士,34,112
1003,東吳大學,02311005,日本語文學系,D 日,M 碩士,46,112
1003,東吳大學,02311005,日本語文學系,N 職,M 碩士,15,112
1003,東吳大學,02311012,德國文化學系,D 日,M 碩士,23,112
1003,東吳大學,02312004,英文學系翻譯碩士班,D 日,M 碩士,25,112
1003,東吳大學,02322002,中國文學系,D 日,M 碩士,52,112
1003,東吳大學,02322002,中國文學系,N 職,M 碩士,19,112
1003,東吳大學,03111008,經濟學系,D 日,M 碩士,25,112
1003,東吳大學,03111008,經濟學系,N 職,M 碩士,14,112
1003,東吳大學,03121009,政治學系,D 日,M 碩士,30,112
1003,東吳大學,03131011,心理學系,D 日,M 碩士,85,112
1003,東吳大學,03141010,社會學系,D 日,M 碩士,24,112
1003,東吳大學,03141010,社會學系,N 職,M 碩士,14,112
1003,東吳大學,03199013,人權碩士學位學程,D 日,M 碩士,22,112
1003,東吳大學,04111015,會計學系,D 日,M 碩士,83,112
1003,東吳大學,04111015,會計學系,N 職,M 碩士,77,112
1003,東吳大學,04121027,財務工程與精算數學系,D 日,M 碩士,37,112
1003,東吳大學,04121027,財務工程與精算數學系,N 職,M 碩士,9,112
1003,東吳大學,04131016,企業管理學系,D 日,M 碩士,120,112
1003,東吳大學,04131016,企業管理學系,N 職,M 碩士,108,112
1003,東吳大學,04131020,商學院EMBA高階經營碩士在職專班,N 職,M 碩士,89,112
1003,東吳大學,04141019,國際經營與貿易學系,D 日,M 碩士,40,112
1003,東吳大學,04141019,國際經營與貿易學系,N 職,M 碩士,21,112
1003,東吳大學,04199031,巨量資料管理學院碩士學位學程,D 日,M 碩士,2,112
1003,東吳大學,04199031,巨量資料管理學院碩士在職學位學程,N 職,M 碩士,68,112
1003,東吳大學,04211021,法律學系,D 日,M 碩士,412,112
1003,東吳大學,04211021,法律學系,N 職,M 碩士,695,112
1003,東吳大學,05122022,微生物學系,D 日,M 碩士,19,112
1003,東吳大學,05311023,化學系,D 日,M 碩士,9,112
1003,東吳大學,05411025,數學系,D 日,M 碩士,12,112
1003,東吳大學,06131028,資訊管理學系,D 日,M 碩士,37,112
1003,東吳大學,06131028,資訊管理學系,N 職,M 碩士,47,112
1003,東吳大學,06134033,資料科學系,D 日,M 碩士,37,112
1003,東吳大學,06134033,資料科學系,N 職,M 碩士,102,112
1003,東吳大學,09231030,社會工作學系,D 日,M 碩士,60,112
1004,中原大學,01111001,教育研究所,D 日,M 碩士,26,112
1004,中原大學,01111001,教育研究所,N 職,M 碩士,81,112
1004,中原大學,01113002,特殊教育學系,D 日,M 碩士,48,112
1004,中原大學,02112008,商業設計學系,D 日,M 碩士,39,112
1004,中原大學,02112008,商業設計學系,N 職,M 碩士,21,112
1004,中原大學,02122010,文化創意設計碩士學位學程,D 日,M 碩士,2,112
1004,中原大學,02124009,室內設計學系,D 日,M 碩士,50,112
1004,中原大學,02124009,室內設計學系,N 職,M 碩士,90,112
1004,中原大學,02151058,音樂產業碩士學位學程,D 日,M 碩士,33,112
1004,中原大學,02211006,宗教研究所,D 日,M 碩士,20,112
1004,中原大學,02211006,宗教研究所,N 職,M 碩士,27,112
1004,中原大學,02311005,應用外國語文學系,D 日,M 碩士,29,112
1004,中原大學,02323004,應用華語文學系,D 日,M 碩士,36,112
1004,中原大學,03131011,心理學系,D 日,M 碩士,95,112
1004,中原大學,04111013,會計學系,D 日,M 碩士,41,112
1004,中原大學,04111013,會計學系,N 職,M 碩士,18,112
1004,中原大學,04121019,財務金融學系,D 日,M 碩士,27,112
1004,中原大學,04131014,企業管理學系,D 日,M 碩士,80,112
1004,中原大學,04131014,企業管理學系,N 職,M 碩士,200,112
1004,中原大學,04141018,國際經營與貿易學系,D 日,M 碩士,15,112
1004,中原大學,04141018,國際經營與貿易學系,N 職,M 碩士,15,112
1004,中原大學,04191017,國際商學碩士學位學程,D 日,M 碩士,34,112
1004,中原大學,04199050,巨量資料商業應用碩士學位學程,D 日,M 碩士,1,112
1004,中原大學,04212021,財經法律學系,D 日,M 碩士,70,112
1004,中原大學,04212021,財經法律學系,N 職,M 碩士,68,112
1004,中原大學,05121022,生物科技學系,D 日,M 碩士,16,112
1004,中原大學,05311023,化學系,D 日,M 碩士,55,112
1004,中原大學,05311023,化學系,N 職,M 碩士,7,112
1004,中原大學,05331024,物理學系,D 日,M 碩士,22,112
1004,中原大學,05411027,應用數學系,D 日,M 碩士,33,112
1004,中原大學,05411027,應用數學系,N 職,M 碩士,3,112
1004,中原大學,06131028,資訊管理學系,D 日,M 碩士,56,112
1004,中原大學,06131028,資訊管理學系,N 職,M 碩士,75,112
1004,中原大學,06131031,資訊工程學系,D 日,M 碩士,78,112
1004,中原大學,06131031,資訊工程學系,N 職,M 碩士,21,112
1004,中原大學,06131062,智慧運算與大數據碩士學位學程,D 日,M 碩士,17,112
1004,中原大學,07111037,化學工程學系,D 日,M 碩士,93,112
1004,中原大學,07112038,奈米科技碩士學位學程,D 日,M 碩士,0,112
1004,中原大學,07121042,環境工程學系,D 日,M 碩士,50,112
1004,中原大學,07121042,環境工程學系,N 職,M 碩士,45,112
1004,中原大學,07141029,電機工程學系,D 日,M 碩士,94,112
1004,中原大學,07141029,電機工程學系,N 職,M 碩士,48,112
1004,中原大學,07141030,電子工程學系,D 日,M 碩士,125,112
1004,中原大學,07141030,電子工程學系,N 職,M 碩士,29,112
1004,中原大學,07151034,機械工程學系,D 日,M 碩士,90,112
1004,中原大學,07151034,機械工程學系,N 職,M 碩士,62,112
1004,中原大學,07191041,工業與系統工程學系,D 日,M 碩士,105,112
1004,中原大學,07191041,工業與系統工程學系,N 職,M 碩士,95,112
1004,中原大學,07193043,生物醫學工程學系,D 日,M 碩士,74,112
1004,中原大學,07193043,生物醫學工程學系,N 職,M 碩士,20,112
1004,中原大學,07311046,建築學系,D 日,M 碩士,65,112
1004,中原大學,07311046,建築學系,N 職,M 碩士,39,112
1004,中原大學,07312059,地景建築學系,D 日,M 碩士,15,112
1004,中原大學,07321035,土木工程學系,D 日,M 碩士,34,112
1005,淡江大學,01115108,教育與未來設計學系,N 職,M 碩士,22,112
1005,淡江大學,01116092,教育科技學系,D 日,M 碩士,28,112
1005,淡江大學,01116092,教育科技學系,N 職,M 碩士,74,112
1005,淡江大學,01199108,教育與未來設計學系未來學碩士班,D 日,M 碩士,42,112
1005,淡江大學,02221078,歷史學系,D 日,M 碩士,23,112
1005,淡江大學,02311082,日本語文學系,D 日,M 碩士,39,112
1005,淡江大學,02311082,日本語文學系,N 職,M 碩士,11,112
1005,淡江大學,02311086,法國語文學系,D 日,M 碩士,12,112
1005,淡江大學,02311088,英文學系,D 日,M 碩士,22,112
1005,淡江大學,02322090,中國文學學系,D 日,M 碩士,36,112
1005,淡江大學,02322090,中國文學學系,N 職,M 碩士,5,112
1005,淡江大學,03111075,產業經濟學系,D 日,M 碩士,11,112
1005,淡江大學,03111076,經濟學系經濟與財務碩士班,D 日,M 碩士,14,112
1005,淡江大學,03122060,國際事務與戰略研究所,D 日,M 碩士,34,112
1005,淡江大學,03122060,國際事務與戰略研究所,N 職,M 碩士,55,112
1005,淡江大學,03131096,教育心理與諮商研究所,D 日,M 碩士,114,112
1005,淡江大學,03143059,外交與國際關係學系歐洲研究碩士班,D 日,M 碩士,31,112
1005,淡江大學,03143059,外交與國際關係學系中國大陸研究碩士在職專班,N 職,M 碩士,34,112
1005,淡江大學,03143063,臺灣與亞太研究全英語碩士學位學程,D 日,M 碩士,1,112
1005,淡江大學,03143065,美洲研究所亞太研究數位學習碩士在職專班,N 職,M 碩士,0,112
1005,淡江大學,03143074,全球政治經濟學系,D 日,M 碩士,33,112
1005,淡江大學,03143074,全球政治經濟學系,N 職,M 碩士,28,112
1005,淡江大學,03211055,大眾傳播學系,D 日,M 碩士,35,112
1005,淡江大學,03222052,資訊與圖書館學系,D 日,M 碩士,24,112
1005,淡江大學,03222052,資訊與圖書館學系數位學習碩士在職專班,N 職,M 碩士,10,112
1005,淡江大學,03222053,數位出版與典藏數位學習碩士在職專班,N 職,M 碩士,3,112
1005,淡江大學,04111051,會計學系,D 日,M 碩士,47,112
1005,淡江大學,04111051,會計學系,N 職,M 碩士,13,112
1005,淡江大學,04121037,財務金融學系,D 日,M 碩士,64,112
1005,淡江大學,04121037,財務金融學系,N 職,M 碩士,45,112
1005,淡江大學,04123104,風險管理與保險學系保險經營碩士班,D 日,M 碩士,32,112
1005,淡江大學,04123104,風險管理與保險學系保險經營碩士在職專班,N 職,M 碩士,31,112
1005,淡江大學,04131040,國際企業學系,D 日,M 碩士,33,112
1005,淡江大學,04131040,國際企業學系國際行銷碩士在職專班,N 職,M 碩士,68,112
1005,淡江大學,04131045,商管學院經營管理全英語碩士學位學程,D 日,M 碩士,1,112
1005,淡江大學,04131047,管理科學學系企業經營碩士班,D 日,M 碩士,70,112
1005,淡江大學,04131047,管理科學學系企業經營碩士在職專班,N 職,M 碩士,54,112
1005,淡江大學,04131049,企業管理學系,D 日,M 碩士,36,112
1005,淡江大學,04131049,企業管理學系,N 職,M 碩士,91,112
1005,淡江大學,04134061,公共行政學系公共政策碩士班,D 日,M 碩士,14,112
1005,淡江大學,04134061,公共行政學系公共政策碩士在職專班,N 職,M 碩士,3,112
1005,淡江大學,04191105,數位商務與經濟碩士學位學程,D 日,M 碩士,1,112
1005,淡江大學,05311031,化學學系,D 日,M 碩士,30,112
1005,淡江大學,05331030,物理學系,D 日,M 碩士,16,112
1005,淡江大學,05411026,數學學系數學與數據科學碩士班,D 日,M 碩士,14,112
1005,淡江大學,05411026,數學學系,N 職,M 碩士,1,112
1005,淡江大學,05421024,統計學系數據科學碩士班,D 日,M 碩士,37,112
1005,淡江大學,05421101,商管學院大數據分析與商業智慧碩士學位學程,D 日,M 碩士,0,112
1005,淡江大學,06131018,資訊工程學系,D 日,M 碩士,106,112
1005,淡江大學,06131018,資訊工程學系,N 職,M 碩士,20,112
1005,淡江大學,06131023,資訊管理學系,D 日,M 碩士,40,112
1005,淡江大學,06131023,資訊管理學系,N 職,M 碩士,19,112
1005,淡江大學,07111010,化學工程與材料工程學系,D 日,M 碩士,64,112
1005,淡江大學,07122009,水資源及環境工程學系,D 日,M 碩士,27,112
1005,淡江大學,07141019,電機工程學系,D 日,M 碩士,116,112
1005,淡江大學,07141019,電機工程學系,N 職,M 碩士,25,112
1005,淡江大學,07151015,機械與機電工程學系,D 日,M 碩士,42,112
1005,淡江大學,07162017,航空太空工程學系,D 日,M 碩士,24,112
1005,淡江大學,07162017,航空太空工程學系,N 職,M 碩士,10,112
1005,淡江大學,07311007,建築學系,D 日,M 碩士,37,112
1005,淡江大學,07321012,土木工程學系,D 日,M 碩士,14,112
1005,淡江大學,09211109,高齡健康管理學研究所,D 日,M 碩士,27,112
1005,淡江大學,10411002,運輸管理學系運輸科學碩士班,D 日,M 碩士,28,112
1006,中國文化大學,01131053,華語文教學碩士學位學程,N 職,M 碩士,34,112
1006,中國文化大學,01141023,體育學系運動教練碩士班,D 日,M 碩士,82,112
1006,中國文化大學,02111121,科技藝術碩士學位學程,D 日,M 碩士,11,112
1006,中國文化大學,02131059,美術學系,D 日,M 碩士,48,112
1006,中國文化大學,02151007,中國音樂學系,D 日,M 碩士,37,112
1006,中國文化大學,02151040,音樂學系,D 日,M 碩士,73,112
1006,中國文化大學,02152043,戲劇學系,D 日,M 碩士,1,112
1006,中國文化大學,02221098,史學系,D 日,M 碩士,36,112
1006,中國文化大學,02231081,哲學系,D 日,M 碩士,6,112
1006,中國文化大學,02311010,韓國語文學系,D 日,M 碩士,43,112
1006,中國文化大學,02311052,英國語文學系,D 日,M 碩士,3,112
1006,中國文化大學,02311077,日本語文學系,D 日,M 碩士,18,112
1006,中國文化大學,02322001,中國文學系,D 日,M 碩士,33,112
1006,中國文化大學,03111099,經濟學系,D 日,M 碩士,13,112
1006,中國文化大學,03121011,國家發展與中國大陸研究所,D 日,M 碩士,50,112
1006,中國文化大學,03121061,政治學系,D 日,M 碩士,15,112
1006,中國文化大學,03131004,心理輔導學系,D 日,M 碩士,113,112
1006,中國文化大學,03142087,地學研究所,D 日,M 碩士,49,112
1006,中國文化大學,03199051,勞動暨人力資源學系,D 日,M 碩士,69,112
1006,中國文化大學,03212033,新聞學系,D 日,M 碩士,38,112
1006,中國文化大學,03214101,資訊傳播學系,D 日,M 碩士,28,112
1006,中國文化大學,04111065,會計學系,D 日,M 碩士,22,112
1006,中國文化大學,04121037,財務金融學系,D 日,M 碩士,21,112
1006,中國文化大學,04131015,國際企業管理學系,D 日,M 碩士,38,112
1006,中國文化大學,04131015,國際企業管理學系,N 職,M 碩士,73,112
1006,中國文化大學,04131066,商學院企業實務管理數位碩士在職專班,N 職,M 碩士,52,112
1006,中國文化大學,04131122,兒童教育事業經營管理產業碩士學位學程,D 日,M 碩士,2,112
1006,中國文化大學,04134062,社會企業管理碩士在職學位學程,N 職,M 碩士,45,112
1006,中國文化大學,04134063,社會科學院澳門境外碩士在職專班,N 職,M 碩士,14,112
1006,中國文化大學,04141041,國際貿易學系,D 日,M 碩士,26,112
1006,中國文化大學,04143027,行銷碩士學位學程,D 日,M 碩士,42,112
1006,中國文化大學,04143067,全球品牌與行銷碩士在職學位學程,N 職,M 碩士,69,112
1006,中國文化大學,04191014,全球商務碩士學位學程,D 日,M 碩士,53,112
1006,中國文化大學,04211020,法律學系,D 日,M 碩士,287,112
1006,中國文化大學,04212020,法律學系,N 職,M 碩士,76,112
1006,中國文化大學,05311026,化學系應用化學碩士班,D 日,M 碩士,13,112
1006,中國文化大學,06131006,資訊管理學系,N 職,M 碩士,43,112
1006,中國文化大學,06131021,資訊工程學系,D 日,M 碩士,12,112
1006,中國文化大學,06131124,資安管理產業碩士專班,D 日,M 碩士,4,112
1006,中國文化大學,06134006,資訊管理學系,D 日,M 碩士,16,112
1006,中國文化大學,06134120,電子商務碩士學位學程,D 日,M 碩士,4,112
1006,中國文化大學,07111028,化學工程與材料工程學系,D 日,M 碩士,39,112
1006,中國文化大學,07112C01,紡織產業碩士專班,D 日,M 碩士,8,112
1006,中國文化大學,07151107,機械工程學系數位機電碩士班,D 日,M 碩士,14,112
1006,中國文化大學,07311068,建築及都市設計學系,D 日,M 碩士,29,112
1006,中國文化大學,07311068,建築及都市設計學系,N 職,M 碩士,0,112
1006,中國文化大學,07312103,景觀學系,D 日,M 碩士,6,112
1006,中國文化大學,07313118,都市計劃與開發管理學系,D 日,M 碩士,26,112
1006,中國文化大學,08192102,生物科技研究所,D 日,M 碩士,25,112
1006,中國文化大學,09221069,青少年兒童福利碩士學位學程,N 職,M 碩士,65,112
1006,中國文化大學,09299082,社會福利學系,D 日,M 碩士,11,112
1006,中國文化大學,10111090,生活應用科學系,D 日,M 碩士,28,112
1006,中國文化大學,10111090,生活應用科學系,N 職,M 碩士,42,112
1006,中國文化大學,10151005,觀光事業學系,D 日,M 碩士,25,112
1006,中國文化大學,10151005,觀光事業學系觀光休閒事業碩士在職專班,N 職,M 碩士,52,112
1006,中國文化大學,10413119,航空管理碩士學位學程,D 日,M 碩士,1,112
1007,逢甲大學,02221003,歷史與文物研究所,D 日,M 碩士,14,112
1007,逢甲大學,02299113,文化與社會創新碩士學位學程,D 日,M 碩士,37,112
1007,逢甲大學,02311002,外國語文學系英語文研究碩士班,D 日,M 碩士,25,112
1007,逢甲大學,02322001,中國文學系,D 日,M 碩士,25,112
1007,逢甲大學,03111009,經濟學系,D 日,M 碩士,21,112
1007,逢甲大學,03111012,合作經濟暨社會事業經營學系,D 日,M 碩士,19,112
1007,逢甲大學,04111017,會計學系,D 日,M 碩士,41,112
1007,逢甲大學,04121025,財務金融學系,D 日,M 碩士,41,112
1007,逢甲大學,04121026,金融碩士在職學位學程,N 職,M 碩士,60,112
1007,逢甲大學,04122032,財稅學系,D 日,M 碩士,19,112
1007,逢甲大學,04123029,風險管理與保險學系,D 日,M 碩士,32,112
1007,逢甲大學,04131019,企業管理學系,D 日,M 碩士,48,112
1007,逢甲大學,04131020,經營管理碩士在職專班,N 職,M 碩士,410,112
1007,逢甲大學,04134086,土地管理學系,D 日,M 碩士,42,112
1007,逢甲大學,04134086,土地管理學系,N 職,M 碩士,1,112
1007,逢甲大學,04134097,公共事務與社會創新研究所,D 日,M 碩士,5,112
1007,逢甲大學,04134097,公共事務與社會創新研究所,N 職,M 碩士,14,112
1007,逢甲大學,04141024,國際經營與貿易學系,D 日,M 碩士,53,112
1007,逢甲大學,04143033,行銷學系全球行銷碩士班,D 日,M 碩士,39,112
1007,逢甲大學,04191016,商學專業碩士在職學位學程,N 職,M 碩士,76,112
1007,逢甲大學,04199037,專案管理碩士在職學位學程,N 職,M 碩士,78,112
1007,逢甲大學,04199096,建設碩士在職學位學程,N 職,M 碩士,154,112
1007,逢甲大學,04212038,財經法律研究所,D 日,M 碩士,57,112
1007,逢甲大學,04212038,財經法律研究所,N 職,M 碩士,76,112
1007,逢甲大學,05411039,應用數學系,D 日,M 碩士,1,112
1007,逢甲大學,05411114,數據科學碩士學位學程,D 日,M 碩士,25,112
1007,逢甲大學,05421040,統計學系統計與精算碩士班,D 日,M 碩士,36,112
1007,逢甲大學,06131048,資訊工程學系,D 日,M 碩士,129,112
1007,逢甲大學,07111068,化學工程學系,D 日,M 碩士,82,112
1007,逢甲大學,07112069,材料科學與工程學系,D 日,M 碩士,78,112
1007,逢甲大學,07121075,環境工程與科學學系,D 日,M 碩士,54,112
1007,逢甲大學,07122077,水利工程與資源保育學系,D 日,M 碩士,18,112
1007,逢甲大學,07132079,綠色能源科技碩士學位學程,D 日,M 碩士,25,112
1007,逢甲大學,07141044,電機工程學系,D 日,M 碩士,68,112
1007,逢甲大學,07141046,電子工程學系,D 日,M 碩士,88,112
1007,逢甲大學,07141050,通訊工程學系,D 日,M 碩士,65,112
1007,逢甲大學,07141052,自動控制工程學系,D 日,M 碩士,54,112
1007,逢甲大學,07141053,資訊電機工程碩士在職專班,N 職,M 碩士,102,112
1007,逢甲大學,07141101,光電科學與工程學系,D 日,M 碩士,46,112
1007,逢甲大學,07141112,資通訊與電控產業碩士專班,D 日,M 碩士,3,112
1007,逢甲大學,07151061,機械與電腦輔助工程學系機械工程碩士班,D 日,M 碩士,59,112
1007,逢甲大學,07151061,機械與電腦輔助工程學系機械工程碩士在職專班,N 職,M 碩士,0,112
1007,逢甲大學,07151106,創新智慧製造與管理產業碩士專班,D 日,M 碩士,0,112
1007,逢甲大學,07162059,航太與系統工程學系,D 日,M 碩士,54,112
1007,逢甲大學,07162118,太空系統工程碩士學位學程,D 日,M 碩士,14,112
1007,逢甲大學,07191072,工業工程與系統管理學系,D 日,M 碩士,45,112
1007,逢甲大學,07191072,工業工程與系統管理學系,N 職,M 碩士,2,112
1007,逢甲大學,07192074,纖維與複合材料學系,D 日,M 碩士,36,112
1007,逢甲大學,07192074,纖維與複合材料學系,N 職,M 碩士,0,112
1007,逢甲大學,07193078,生醫資訊暨生醫工程碩士學位學程,D 日,M 碩士,15,112
1007,逢甲大學,07199080,電聲碩士學位學程,D 日,M 碩士,25,112
1007,逢甲大學,07199098,智能製造與工程管理碩士在職學位學程,N 職,M 碩士,171,112
1007,逢甲大學,07311081,建築碩士學位學程,D 日,M 碩士,53,112
1007,逢甲大學,07311081,建築碩士在職學位學程,N 職,M 碩士,3,112
1007,逢甲大學,07313087,都市計畫與空間資訊學系,D 日,M 碩士,36,112
1007,逢甲大學,07313087,都市計畫與空間資訊學系,N 職,M 碩士,4,112
1007,逢甲大學,07321063,土木工程學系,D 日,M 碩士,31,112
1007,逢甲大學,07321063,土木工程學系,N 職,M 碩士,1,112
1007,逢甲大學,07399102,智慧城市碩士學位學程,D 日,M 碩士,15,112
1007,逢甲大學,10411093,運輸與物流學系,D 日,M 碩士,41,112
1007,逢甲大學,10411093,運輸與物流學系,N 職,M 碩士,0,112
1007,逢甲大學,99999117,社會創新暨永續碩士在職學位學程,N 職,M 碩士,23,112
1008,靜宜大學,01111001,教育研究所,D 日,M 碩士,35,112
1008,靜宜大學,01111001,教育研究所,N 職,M 碩士,75,112
1008,靜宜大學,02299040,原住民族文化碩士學位學程,D 日,M 碩士,16,112
1008,靜宜大學,02311004,英國語文學系,D 日,M 碩士,25,112
1008,靜宜大學,02311005,西班牙語文學系,D 日,M 碩士,29,112
1008,靜宜大學,02311006,日本語文學系,D 日,M 碩士,13,112
1008,靜宜大學,02321002,台灣文學系,D 日,M 碩士,17,112
1008,靜宜大學,02322003,中國文學系,D 日,M 碩士,17,112
1008,靜宜大學,02322003,中國文學系,N 職,M 碩士,1,112
1008,靜宜大學,03141038,犯罪防治碩士學位學程,D 日,M 碩士,36,112
1008,靜宜大學,04111011,會計學系,D 日,M 碩士,31,112
1008,靜宜大學,04121019,財務金融學系,D 日,M 碩士,19,112
1008,靜宜大學,04131010,寰宇管理碩士學位學程,D 日,M 碩士,84,112
1008,靜宜大學,04131012,企業管理學系,D 日,M 碩士,21,112
1008,靜宜大學,04131014,管理碩士在職專班,N 職,M 碩士,151,112
1008,靜宜大學,04131015,國際企業學系,D 日,M 碩士,19,112
1008,靜宜大學,04131018,創新與創業管理碩士學位學程,D 日,M 碩士,9,112
1008,靜宜大學,04211020,法律學系,D 日,M 碩士,32,112
1008,靜宜大學,04211020,法律學系,N 職,M 碩士,34,112
1008,靜宜大學,05191031,食品營養學系,D 日,M 碩士,30,112
1008,靜宜大學,05211021,生態人文學系,D 日,M 碩士,1,112
1008,靜宜大學,05311023,應用化學系,D 日,M 碩士,20,112
1008,靜宜大學,05499036,財務工程學系,D 日,M 碩士,15,112
1008,靜宜大學,06131027,資訊管理學系,D 日,M 碩士,16,112
1008,靜宜大學,06132009,資訊傳播工程學系,D 日,M 碩士,11,112
1008,靜宜大學,06134028,資訊學院資訊應用與科技管理碩士在職專班,N 職,M 碩士,8,112
1008,靜宜大學,07141030,資訊工程學系,D 日,M 碩士,20,112
1008,靜宜大學,09161035,化粧品科學系,D 日,M 碩士,36,112
1008,靜宜大學,09161035,化粧品科學系,N 職,M 碩士,29,112
1008,靜宜大學,09231032,社會工作與兒童少年福利學系,D 日,M 碩士,39,112
1008,靜宜大學,09231032,社會工作與兒童少年福利學系,N 職,M 碩士,36,112
1008,靜宜大學,09299039,社會企業與文化創意碩士學位學程,D 日,M 碩士,63,112
1008,靜宜大學,10151034,觀光事業學系,D 日,M 碩士,24,112
1008,靜宜大學,10151034,觀光事業學系,N 職,M 碩士,42,112
1009,長庚大學,02122001,工業設計學系,D 日,M 碩士,15,112
1009,長庚大學,04131005,工商管理學系,D 日,M 碩士,41,112
1009,長庚大學,04131008,商管專業學院碩士學位學程,D 日,M 碩士,51,112
1009,長庚大學,04131008,商管專業學院碩士學位學程在職專班,N 職,M 碩士,129,112
1009,長庚大學,04133007,醫務管理學系,D 日,M 碩士,33,112
1009,長庚大學,04199015,智慧醫療創新碩士學位學程,D 日,M 碩士,23,112
1009,長庚大學,05121011,生物科技產業碩士學位學程,D 日,M 碩士,10,112
1009,長庚大學,05122057,新興病毒分子醫學國際碩士學位學程,D 日,M 碩士,9,112
1009,長庚大學,05123012,生物醫學研究所,D 日,M 碩士,104,112
1009,長庚大學,06131013,資訊管理學系,D 日,M 碩士,44,112
1009,長庚大學,06131018,資訊工程學系,D 日,M 碩士,68,112
1009,長庚大學,06132054,人工智慧學系,D 日,M 碩士,25,112
1009,長庚大學,07111025,化工與材料工程學系,D 日,M 碩士,78,112
1009,長庚大學,07141014,電機工程學系,D 日,M 碩士,75,112
1009,長庚大學,07141014,電機工程學系,N 職,M 碩士,49,112
1009,長庚大學,07141016,電子工程學系,D 日,M 碩士,74,112
1009,長庚大學,07141017,光電工程研究所,D 日,M 碩士,15,112
1009,長庚大學,07141052,奈米工程及設計碩士學位學程,D 日,M 碩士,16,112
1009,長庚大學,07151022,機械工程學系,D 日,M 碩士,36,112
1009,長庚大學,07193027,生物醫學工程學系,D 日,M 碩士,33,112
1009,長庚大學,09111049,顱顏口腔醫學研究所,D 日,M 碩士,44,112
1009,長庚大學,09121029,臨床醫學研究所,D 日,M 碩士,33,112
1009,長庚大學,09121034,顯微手術國際碩士學位學程,D 日,M 碩士,28,112
1009,長庚大學,09131040,護理學系,D 日,M 碩士,124,112
1009,長庚大學,09141046,醫學生物技術暨檢驗學系,D 日,M 碩士,39,112
1009,長庚大學,09141048,醫學影像暨放射科學系,D 日,M 碩士,24,112
1009,長庚大學,09151037,物理治療學系,D 日,M 碩士,23,112
1009,長庚大學,09152038,職能治療學系行為科學碩士班,D 日,M 碩士,47,112
1009,長庚大學,09159041,早期療育研究所,D 日,M 碩士,39,112
1009,長庚大學,09171031,中醫學系天然藥物碩士班,D 日,M 碩士,27,112
1009,長庚大學,09211056,健康暨長期照護產業碩士學位學程,D 日,M 碩士,21,112
1010,元智大學,02191001,藝術與設計學系藝術與設計管理碩士班,D 日,M 碩士,17,112
1010,元智大學,02311007,應用外語學系,D 日,M 碩士,19,112
1010,元智大學,02311007,應用外語學系,N 職,M 碩士,21,112
1010,元智大學,02322004,中國語文學系,D 日,M 碩士,22,112
1010,元智大學,03141009,社會暨政策科學學系,D 日,M 碩士,8,112
1010,元智大學,03141009,社會暨政策科學學系,N 職,M 碩士,40,112
1010,元智大學,04121014,管理學院財務金融暨會計碩士班,D 日,M 碩士,70,112
1010,元智大學,04131019,管理學院經營管理碩士班,D 日,M 碩士,116,112
1010,元智大學,04131021,管理學院管理碩士在職專班,N 職,M 碩士,141,112
1010,元智大學,04191056,管理學院高階創新經營管理越南境外碩士在職專班,N 職,M 碩士,29,112
1010,元智大學,05121025,生物科技與工程研究所,D 日,M 碩士,11,112
1010,元智大學,05124027,生物與醫學資訊碩士學位學程,D 日,M 碩士,6,112
1010,元智大學,06131011,資訊管理學系,D 日,M 碩士,48,112
1010,元智大學,06131011,資訊管理學系,N 職,M 碩士,71,112
1010,元智大學,06131028,資訊工程學系,D 日,M 碩士,103,112
1010,元智大學,06131028,資訊工程學系,N 職,M 碩士,35,112
1010,元智大學,06133013,資訊傳播學系,D 日,M 碩士,19,112
1010,元智大學,07111041,化學工程與材料科學學系,D 日,M 碩士,59,112
1010,元智大學,07111041,化學工程與材料科學學系,N 職,M 碩士,28,112
1010,元智大學,07141033,電機工程學系,D 日,M 碩士,191,112
1010,元智大學,07141033,電機工程學系,N 職,M 碩士,40,112
1010,元智大學,07151037,機械工程學系,D 日,M 碩士,19,112
1010,元智大學,07151037,機械工程學系,N 職,M 碩士,27,112
1010,元智大學,07191043,工業工程與管理學系,D 日,M 碩士,98,112
1010,元智大學,07191043,工業工程與管理學系,N 職,M 碩士,93,112
1010,元智大學,07193055,醫學研究所,D 日,M 碩士,14,112
1011,中華大學,04131007,企業管理學系,D 日,M 碩士,40,112
1011,中華大學,04131007,企業管理學系,N 職,M 碩士,25,112
1011,中華大學,04134006,行政管理學系,D 日,M 碩士,16,112
1011,中華大學,04134006,行政管理學系,N 職,M 碩士,16,112
1011,中華大學,04199015,工業管理學系科技管理碩士在職專班,N 職,M 碩士,17,112
1011,中華大學,06121054,高階資料庫管理碩士在職學位學程,N 職,M 碩士,6,112
1011,中華大學,06131021,資訊管理學系,D 日,M 碩士,8,112
1011,中華大學,06131021,資訊管理學系,N 職,M 碩士,0,112
1011,中華大學,06131025,資訊工程學系,D 日,M 碩士,59,112
1011,中華大學,06131025,資訊工程學系,N 職,M 碩士,10,112
1011,中華大學,07141022,電機工程學系,D 日,M 碩士,38,112
1011,中華大學,07141022,電機工程學系,N 職,M 碩士,13,112
1011,中華大學,07151028,機械工程學系,D 日,M 碩士,15,112
1011,中華大學,07191015,工業管理學系,D 日,M 碩士,56,112
1011,中華大學,07311038,建築與都市計畫學系,D 日,M 碩士,21,112
1011,中華大學,07313058,智慧城市與社區規劃碩士在職學位學程,N 職,M 碩士,18,112
1011,中華大學,07321032,土木工程學系,D 日,M 碩士,15,112
1011,中華大學,07321032,土木工程學系,N 職,M 碩士,20,112
1011,中華大學,10151046,觀光學院碩士班,D 日,M 碩士,20,112
1011,中華大學,10151052,旅遊與休閒學系,D 日,M 碩士,0,112
1012,大葉大學,01111001,教育專業發展研究所,D 日,M 碩士,5,112
1012,大葉大學,01111001,教育專業發展研究所,N 職,M 碩士,5,112
1012,大葉大學,02121002,造形藝術學系,D 日,M 碩士,35,112
1012,大葉大學,02121002,造形藝術學系,N 職,M 碩士,0,112
1012,大葉大學,02122015,設計暨藝術學院碩士班,D 日,M 碩士,16,112
1012,大葉大學,02122015,設計暨藝術學院碩士在職專班,N 職,M 碩士,8,112
1012,大葉大學,02123012,工業設計學系,D 日,M 碩士,4,112
1012,大葉大學,02311004,英語學系,D 日,M 碩士,15,112
1012,大葉大學,04131021,企業管理學系,D 日,M 碩士,57,112
1012,大葉大學,04131021,企業管理學系,N 職,M 碩士,1,112
1012,大葉大學,04131024,國際企業管理學系,D 日,M 碩士,0,112
1012,大葉大學,04133027,健康產業管理碩士在職學位學程,N 職,M 碩士,6,112
1012,大葉大學,04142028,人力資源暨公共關係學系,D 日,M 碩士,0,112
1012,大葉大學,04142028,人力資源暨公共關係學系,N 職,M 碩士,0,112
1012,大葉大學,04199029,管理學院碩士在職專班,N 職,M 碩士,77,112
1012,大葉大學,05121080,生物醫學系,D 日,M 碩士,15,112
1012,大葉大學,06131036,資訊管理學系,D 日,M 碩士,7,112
1012,大葉大學,06131036,資訊管理學系,N 職,M 碩士,1,112
1012,大葉大學,06131039,資訊工程學系,D 日,M 碩士,14,112
1012,大葉大學,07121054,環境工程學系,D 日,M 碩士,31,112
1012,大葉大學,07121054,環境工程學系,N 職,M 碩士,10,112
1012,大葉大學,07141038,電機工程學系,D 日,M 碩士,16,112
1012,大葉大學,07151046,機械與自動化工程學系,D 日,M 碩士,11,112
1012,大葉大學,07193055,醫療器材設計與材料碩士學位學程,D 日,M 碩士,24,112
1012,大葉大學,07311057,建築研究所,D 日,M 碩士,23,112
1012,大葉大學,09131065,護理學系,D 日,M 碩士,43,112
1012,大葉大學,09141066,視光學系,D 日,M 碩士,17,112
1012,大葉大學,09141079,視覺科學碩士在職學位學程,N 職,M 碩士,1,112
1012,大葉大學,09199083,藥用植物與食品保健學系,D 日,M 碩士,37,112
1012,大葉大學,10142072,運動健康管理學系,D 日,M 碩士,23,112
1012,大葉大學,10142072,運動健康管理學系,N 職,M 碩士,22,112
1012,大葉大學,10151068,觀光餐旅碩士在職學位學程,N 職,M 碩士,0,112
1012,大葉大學,10152070,休閒事業管理學系,D 日,M 碩士,7,112
1012,大葉大學,10152070,休閒事業管理學系,N 職,M 碩士,10,112
1013,華梵大學,02112024,攝影與VR設計學系,D 日,M 碩士,14,112
1013,華梵大學,02112024,攝影與VR設計學系,N 職,M 碩士,11,112
1013,華梵大學,02122023,智慧生活設計學系空間設計碩士班,D 日,M 碩士,10,112
1013,華梵大學,02122023,智慧生活設計學系空間設計碩士在職專班,N 職,M 碩士,18,112
1013,華梵大學,02131002,美術與文創學系,D 日,M 碩士,28,112
1013,華梵大學,02131002,美術與文創學系,N 職,M 碩士,49,112
1013,華梵大學,02131025,佛教藝術學系,D 日,M 碩士,42,112
1013,華梵大學,02131025,佛教藝術學系,N 職,M 碩士,51,112
1013,華梵大學,02231006,哲學系,D 日,M 碩士,0,112
1013,華梵大學,02231006,哲學系,N 職,M 碩士,1,112
1013,華梵大學,02299009,東方人文思想研究所,D 日,M 碩士,52,112
1013,華梵大學,02299009,東方人文思想研究所,N 職,M 碩士,51,112
1013,華梵大學,02322003,中國文學系,D 日,M 碩士,1,112
1013,華梵大學,06131011,資訊管理學系,D 日,M 碩士,0,112
1013,華梵大學,06131011,資訊管理學系,N 職,M 碩士,2,112
1013,華梵大學,06132022,智慧生活科技學系,D 日,M 碩士,37,112
1013,華梵大學,06132022,智慧生活科技學系,N 職,M 碩士,47,112
1013,華梵大學,07191015,工業工程與經營資訊學系,D 日,M 碩士,0,112
1013,華梵大學,07311016,建築學系,N 職,M 碩士,1,112
1014,義守大學,02122067,傳播與設計學院文創傳播與設計碩士班,D 日,M 碩士,24,112
1014,義守大學,04121066,財務金融管理學系,D 日,M 碩士,11,112
1014,義守大學,04131010,企業管理學系,D 日,M 碩士,85,112
1014,義守大學,04131012,管理學院管理碩士在職專班,N 職,M 碩士,81,112
1014,義守大學,04131019,工業管理學系,N 職,M 碩士,41,112
1014,義守大學,04131080,國際學院國際管理碩士班,D 日,M 碩士,26,112
1014,義守大學,04133018,醫務管理學系,D 日,M 碩士,18,112
1014,義守大學,04133018,醫務管理學系,N 職,M 碩士,32,112
1014,義守大學,04134007,公共政策與管理學系,N 職,M 碩士,49,112
1014,義守大學,05121020,生物科技學系,D 日,M 碩士,0,112
1014,義守大學,05121071,智慧醫療暨生物資訊碩士學位學程,D 日,M 碩士,9,112
1014,義守大學,05121079,醫學科學與生物科技學系,D 日,M 碩士,9,112
1014,義守大學,06131024,資訊管理學系,D 日,M 碩士,10,112
1014,義守大學,06131024,資訊管理學系,N 職,M 碩士,88,112
1014,義守大學,06131027,資訊工程學系,D 日,M 碩士,14,112
1014,義守大學,06131027,資訊工程學系,N 職,M 碩士,10,112
1014,義守大學,07111033,化學工程學系生物技術與化學工程碩士班,D 日,M 碩士,10,112
1014,義守大學,07112034,材料科學與工程學系,D 日,M 碩士,28,112
1014,義守大學,07141025,電機工程學系,D 日,M 碩士,32,112
1014,義守大學,07141025,電機工程學系,N 職,M 碩士,3,112
1014,義守大學,07141026,電子工程學系,D 日,M 碩士,15,112
1014,義守大學,07151030,機械與自動化工程學系,D 日,M 碩士,14,112
1014,義守大學,07193037,生物醫學工程學系,D 日,M 碩士,16,112
1014,義守大學,07321031,土木工程學系,D 日,M 碩士,6,112
1014,義守大學,09121011,醫學研究所,D 日,M 碩士,8,112
1014,義守大學,09121040,學士後中醫學系,D 日,M 碩士,0,112
1014,義守大學,09131046,護理學系,D 日,M 碩士,42,112
1015,世新大學,02111018,廣播電視電影學系,D 日,M 碩士,86,112
1015,世新大學,02111018,廣播電視電影學系,N 職,M 碩士,30,112
1015,世新大學,02112004,數位多媒體設計學系,D 日,M 碩士,23,112
1015,世新大學,02322001,中國文學系,D 日,M 碩士,10,112
1015,世新大學,03111005,經濟學系,D 日,M 碩士,18,112
1015,世新大學,03141007,性別研究所,D 日,M 碩士,38,112
1015,世新大學,03141007,性別研究所,N 職,M 碩士,2,112
1015,世新大學,03141008,社會心理學系社會心理暨社會創新碩士班,D 日,M 碩士,11,112
1015,世新大學,03191006,社會發展研究所,D 日,M 碩士,6,112
1015,世新大學,03212017,新聞學系,D 日,M 碩士,23,112
1015,世新大學,03212017,新聞學系,N 職,M 碩士,0,112
1015,世新大學,03214013,資訊傳播學系,D 日,M 碩士,13,112
1015,世新大學,03214013,資訊傳播學系,N 職,M 碩士,21,112
1015,世新大學,03214014,口語傳播暨社群媒體學系,D 日,M 碩士,19,112
1015,世新大學,03214014,口語傳播暨社群媒體學系,N 職,M 碩士,24,112
1015,世新大學,03214020,圖文傳播暨數位出版學系,D 日,M 碩士,0,112
1015,世新大學,03214048,圖文傳播學系,D 日,M 碩士,2,112
1015,世新大學,04121024,財務金融學系,D 日,M 碩士,12,112
1015,世新大學,04121024,財務金融學系,N 職,M 碩士,27,112
1015,世新大學,04121040,創新金融科技產業碩士專班,D 日,M 碩士,14,112
1015,世新大學,04131023,企業管理學系,D 日,M 碩士,15,112
1015,世新大學,04131023,企業管理學系,N 職,M 碩士,88,112
1015,世新大學,04131043,創新管理產業碩士專班,D 日,M 碩士,0,112
1015,世新大學,04131047,創新管理暨智慧企業產業碩士專班,D 日,M 碩士,10,112
1015,世新大學,04134009,行政管理學系,D 日,M 碩士,16,112
1015,世新大學,04134009,行政管理學系,N 職,M 碩士,45,112
1015,世新大學,04134010,國際廉能治理碩士在職學位學程,N 職,M 碩士,1,112
1015,世新大學,04134011,非營利與社會企業碩士在職學位學程,N 職,M 碩士,6,112
1015,世新大學,04143019,公共關係暨廣告學系,D 日,M 碩士,30,112
1015,世新大學,04143019,公共關係暨廣告學系,N 職,M 碩士,43,112
1015,世新大學,04199025,傳播管理學系,D 日,M 碩士,16,112
1015,世新大學,04199025,傳播管理學系,N 職,M 碩士,88,112
1015,世新大學,04212026,法律學系,D 日,M 碩士,40,112
1015,世新大學,04212026,法律學系,N 職,M 碩士,70,112
1015,世新大學,04212039,智慧財產暨傳播科技法律研究所,D 日,M 碩士,8,112
1015,世新大學,04212039,智慧財產暨傳播科技法律研究所,N 職,M 碩士,16,112
1015,世新大學,06111042,智能系統暨科技創新產業碩士專班,D 日,M 碩士,14,112
1015,世新大學,06111046,雲端暨智能物聯產業碩士專班,D 日,M 碩士,1,112
1015,世新大學,06131028,資訊管理學系,D 日,M 碩士,32,112
1015,世新大學,06131028,資訊管理學系,N 職,M 碩士,34,112
1015,世新大學,10151029,觀光學系,D 日,M 碩士,16,112
1015,世新大學,10151029,觀光學系,N 職,M 碩士,48,112
1016,銘傳大學,01111052,教育研究所,D 日,M 碩士,27,112
1016,銘傳大學,01111052,教育研究所,N 職,M 碩士,193,112
1016,銘傳大學,02112012,數位媒體設計學系,D 日,M 碩士,18,112
1016,銘傳大學,02112072,商業設計學系設計創作與研究碩士班,D 日,M 碩士,12,112
1016,銘傳大學,02123073,商品設計學系創新設計與管理碩士班,D 日,M 碩士,13,112
1016,銘傳大學,02123073,商品設計學系創新設計與管理碩士在職專班,N 職,M 碩士,7,112
1016,銘傳大學,02311010,應用日語學系,D 日,M 碩士,25,112
1016,銘傳大學,02311031,應用英語學系,D 日,M 碩士,21,112
1016,銘傳大學,02311031,應用英語學系,N 職,M 碩士,21,112
1016,銘傳大學,02322002,應用中國文學系,D 日,M 碩士,14,112
1016,銘傳大學,02322002,應用中國文學系,N 職,M 碩士,17,112
1016,銘傳大學,03122004,國際事務碩士學位學程(外國學生專班),D 日,M 碩士,15,112
1016,銘傳大學,03131054,諮商與工商心理學系,D 日,M 碩士,0,112
1016,銘傳大學,03131102,諮商臨床與工商心理學系,D 日,M 碩士,117,112
1016,銘傳大學,03131102,諮商臨床與工商心理學系,N 職,M 碩士,58,112
1016,銘傳大學,03141088,犯罪防治學系,D 日,M 碩士,25,112
1016,銘傳大學,03141088,犯罪防治學系兩岸與犯罪防治碩士在職專班,N 職,M 碩士,57,112
1016,銘傳大學,03213064,新媒體暨傳播管理學系,D 日,M 碩士,25,112
1016,銘傳大學,03213064,新媒體暨傳播管理學系,N 職,M 碩士,23,112
1016,銘傳大學,04111032,會計學系,D 日,M 碩士,24,112
1016,銘傳大學,04121020,財務金融學系,D 日,M 碩士,28,112
1016,銘傳大學,04121020,財務金融學系,N 職,M 碩士,32,112
1016,銘傳大學,04121059,經濟與金融學系,D 日,M 碩士,8,112
1016,銘傳大學,04123056,風險管理與保險學系,D 日,M 碩士,16,112
1016,銘傳大學,04123056,風險管理與保險學系,N 職,M 碩士,12,112
1016,銘傳大學,04131036,企業管理學系,D 日,M 碩士,54,112
1016,銘傳大學,04131036,企業管理學系,N 職,M 碩士,41,112
1016,銘傳大學,04131061,國際企業學系,D 日,M 碩士,50,112
1016,銘傳大學,04131061,國際企業學系,N 職,M 碩士,24,112
1016,銘傳大學,04133022,醫療資訊與管理學系健康產業管理碩士班,D 日,M 碩士,15,112
1016,銘傳大學,04134099,公共事務與行政管理學系,D 日,M 碩士,8,112
1016,銘傳大學,04134099,公共事務與行政管理學系,N 職,M 碩士,47,112
1016,銘傳大學,04142054,諮商與工商心理學系,N 職,M 碩士,0,112
1016,銘傳大學,04199071,高階經理碩士在職學位學程,N 職,M 碩士,14,112
1016,銘傳大學,04199094,金融科技碩士學位學程,D 日,M 碩士,27,112
1016,銘傳大學,04211039,法律學系,D 日,M 碩士,34,112
1016,銘傳大學,04211039,法律學系,N 職,M 碩士,63,112
1016,銘傳大學,04212024,財金法律學系,D 日,M 碩士,37,112
1016,銘傳大學,05121009,生物科技學系,D 日,M 碩士,18,112
1016,銘傳大學,05421079,應用統計與資料科學學系,D 日,M 碩士,11,112
1016,銘傳大學,06131029,資訊工程學系,D 日,M 碩士,17,112
1016,銘傳大學,06131045,資訊管理學系,D 日,M 碩士,17,112
1016,銘傳大學,06131045,資訊管理學系,N 職,M 碩士,9,112
1016,銘傳大學,06132078,資訊傳播工程學系,D 日,M 碩士,0,112
1016,銘傳大學,06132101,人工智慧應用學系,D 日,M 碩士,16,112
1016,銘傳大學,07141025,電子工程學系,D 日,M 碩士,9,112
1016,銘傳大學,07141050,電腦與通訊工程學系,D 日,M 碩士,19,112
1016,銘傳大學,07311026,建築學系,D 日,M 碩士,17,112
1016,銘傳大學,07313048,都市規劃與防災學系,D 日,M 碩士,15,112
1016,銘傳大學,07313048,都市規劃與防災學系,N 職,M 碩士,20,112
1016,銘傳大學,10151033,觀光事業學系,D 日,M 碩士,17,112
1016,銘傳大學,10151033,觀光事業學系,N 職,M 碩士,64,112
1017,實踐大學,02112012,媒體傳達設計學系,D 日,M 碩士,36,112
1017,實踐大學,02112012,媒體傳達設計學系,N 職,M 碩士,0,112
1017,實踐大學,02123014,工業產品設計學系,D 日,M 碩士,56,112
1017,實踐大學,02123014,工業產品設計學系,N 職,M 碩士,4,112
1017,實踐大學,02125051,服裝設計學系,D 日,M 碩士,53,112
1017,實踐大學,02125051,服裝設計學系,N 職,M 碩士,31,112
1017,實踐大學,02151001,音樂學系,D 日,M 碩士,17,112
1017,實踐大學,02311004,應用外語學系英語溝通碩士班,D 日,M 碩士,0,112
1017,實踐大學,04121029,財務金融學系,D 日,M 碩士,14,112
1017,實踐大學,04131021,企業管理學系,D 日,M 碩士,18,112
1017,實踐大學,04131021,企業管理學系,N 職,M 碩士,18,112
1017,實踐大學,04131023,國際企業英語碩士學位學程,D 日,M 碩士,16,112
1017,實踐大學,05191043,食品營養與保健生技學系,D 日,M 碩士,10,112
1017,實踐大學,06131037,資訊科技與管理學系,D 日,M 碩士,10,112
1017,實踐大學,06131037,資訊科技與管理學系,N 職,M 碩士,0,112
1017,實踐大學,07311041,建築設計學系,D 日,M 碩士,23,112
1017,實踐大學,09221045,家庭研究與兒童發展學系家庭諮商與輔導碩士班,D 日,M 碩士,50,112
1017,實踐大學,09231044,社會工作學系,D 日,M 碩士,14,112
1017,實踐大學,09299045,家庭研究與兒童發展學系心理分析碩士在職專班,N 職,M 碩士,54,112
1017,實踐大學,10131046,餐飲管理學系餐飲產業創新碩士班,D 日,M 碩士,12,112
1018,朝陽科技大學,02112003,視覺傳達設計系碩士班,D 日,M 碩士,25,112
1018,朝陽科技大學,02123004,工業設計系碩士班,D 日,M 碩士,18,112
1018,朝陽科技大學,02123004,工業設計系,N 職,M 碩士,2,112
1018,朝陽科技大學,02311001,應用英語系碩士班,D 日,M 碩士,16,112
1018,朝陽科技大學,04111007,會計系碩士班,D 日,M 碩士,12,112
1018,朝陽科技大學,04121010,財務金融系碩士班,D 日,M 碩士,17,112
1018,朝陽科技大學,04121010,財務金融系碩士在職專班,N 職,M 碩士,14,112
1018,朝陽科技大學,04123011,保險金融管理系碩士班,D 日,M 碩士,18,112
1018,朝陽科技大學,04123011,保險金融管理系碩士在職專班,N 職,M 碩士,31,112
1018,朝陽科技大學,04131008,企業管理系碩士班,D 日,M 碩士,52,112
1018,朝陽科技大學,04131008,企業管理系碩士在職專班,N 職,M 碩士,43,112
1018,朝陽科技大學,04132012,行銷與流通管理系碩士班,D 日,M 碩士,20,112
1018,朝陽科技大學,05311017,應用化學系碩士班,D 日,M 碩士,13,112
1018,朝陽科技大學,05311017,應用化學系碩士在職專班,N 職,M 碩士,7,112
1018,朝陽科技大學,06131019,資訊管理系碩士班,D 日,M 碩士,39,112
1018,朝陽科技大學,06131019,資訊管理系碩士在職專班,N 職,M 碩士,11,112
1018,朝陽科技大學,06132023,資訊與通訊系碩士班,D 日,M 碩士,50,112
1018,朝陽科技大學,07121027,環境工程與管理系碩士班,D 日,M 碩士,37,112
1018,朝陽科技大學,07121027,環境工程與管理系,N 職,M 碩士,3,112
1018,朝陽科技大學,07141020,資訊工程系碩士班,D 日,M 碩士,43,112
1018,朝陽科技大學,07141020,資訊工程系碩士在職專班,N 職,M 碩士,6,112
1018,朝陽科技大學,07191026,工業工程與管理系碩士班,D 日,M 碩士,40,112
1018,朝陽科技大學,07191026,工業工程與管理系,N 職,M 碩士,5,112
1018,朝陽科技大學,07311028,建築系建築及都市設計碩士班,D 日,M 碩士,27,112
1018,朝陽科技大學,07312031,景觀及都市設計系碩士班,D 日,M 碩士,26,112
1018,朝陽科技大學,07321025,營建工程系碩士班,D 日,M 碩士,39,112
1018,朝陽科技大學,07321025,營建工程系,N 職,M 碩士,5,112
1018,朝陽科技大學,09211014,銀髮產業管理系碩士班,D 日,M 碩士,26,112
1018,朝陽科技大學,09221035,幼兒保育系碩士班,D 日,M 碩士,48,112
1018,朝陽科技大學,09221035,幼兒保育系碩士在職專班,N 職,M 碩士,67,112
1018,朝陽科技大學,09231034,社會工作系碩士班,D 日,M 碩士,14,112
1018,朝陽科技大學,09231034,社會工作系碩士在職專班,N 職,M 碩士,21,112
1018,朝陽科技大學,10152036,休閒事業管理系碩士班,D 日,M 碩士,29,112
1018,朝陽科技大學,10152036,休閒事業管理系碩士在職專班,N 職,M 碩士,36,112
1019,高雄醫學大學,03131002,心理學系,D 日,M 碩士,81,112
1019,高雄醫學大學,03141001,性別研究所,D 日,M 碩士,32,112
1019,高雄醫學大學,04133003,醫務管理暨醫療資訊學系,D 日,M 碩士,23,112
1019,高雄醫學大學,04133003,醫務管理暨醫療資訊學系,N 職,M 碩士,58,112
1019,高雄醫學大學,05111016,生物醫學暨環境生物學系,D 日,M 碩士,9,112
1019,高雄醫學大學,05121005,生物科技學系,D 日,M 碩士,16,112
1019,高雄醫學大學,05199052,生命科學院醫藥化學暨生物科技碩士班,D 日,M 碩士,3,112
1019,高雄醫學大學,05311017,醫藥暨應用化學系,D 日,M 碩士,24,112
1019,高雄醫學大學,06132053,人工智慧健康產業應用碩士學位學程,D 日,M 碩士,6,112
1019,高雄醫學大學,09111044,牙醫學系,D 日,M 碩士,19,112
1019,高雄醫學大學,09111044,牙醫學系,N 職,M 碩士,9,112
1019,高雄醫學大學,09111046,口腔衛生學系,D 日,M 碩士,8,112
1019,高雄醫學大學,09111046,口腔衛生學系,N 職,M 碩士,26,112
1019,高雄醫學大學,09121011,醫學研究所,D 日,M 碩士,72,112
1019,高雄醫學大學,09121018,臨床醫學研究所,D 日,M 碩士,36,112
1019,高雄醫學大學,09121019,熱帶醫學碩士學位學程,D 日,M 碩士,12,112
1019,高雄醫學大學,09131032,護理學系,D 日,M 碩士,86,112
1019,高雄醫學大學,09141036,醫學檢驗生物技術學系,D 日,M 碩士,18,112
1019,高雄醫學大學,09141037,醫學影像暨放射科學系,D 日,M 碩士,12,112
1019,高雄醫學大學,09141037,醫學影像暨放射科學系,N 職,M 碩士,24,112
1019,高雄醫學大學,09151028,物理治療學系,D 日,M 碩士,21,112
1019,高雄醫學大學,09152029,職能治療學系,D 日,M 碩士,10,112
1019,高雄醫學大學,09152029,職能治療學系,N 職,M 碩士,0,112
1019,高雄醫學大學,09159030,運動醫學系,D 日,M 碩士,25,112
1019,高雄醫學大學,09159030,運動醫學系,N 職,M 碩士,65,112
1019,高雄醫學大學,09161024,藥學系,D 日,M 碩士,41,112
1019,高雄醫學大學,09161024,藥學系,N 職,M 碩士,39,112
1019,高雄醫學大學,09161026,天然藥物研究所,D 日,M 碩士,22,112
1019,高雄醫學大學,09161027,香粧品學系,D 日,M 碩士,19,112
1019,高雄醫學大學,09161047,毒理學碩士學位學程,D 日,M 碩士,3,112
1019,高雄醫學大學,09191021,公共衛生學系,D 日,M 碩士,30,112
1019,高雄醫學大學,09211048,高齡長期照護碩士學位學程,D 日,M 碩士,46,112
1019,高雄醫學大學,09231049,醫學社會學與社會工作學系,D 日,M 碩士,29,112
1020,南華大學,01121001,幼兒教育學系,D 日,M 碩士,23,112
1020,南華大學,02111059,視覺藝術與設計學系,D 日,M 碩士,26,112
1020,南華大學,02122062,產品與室內設計學系,D 日,M 碩士,16,112
1020,南華大學,02151003,民族音樂學系,D 日,M 碩士,26,112
1020,南華大學,02211010,宗教學研究所,D 日,M 碩士,48,112
1020,南華大學,02211010,宗教學研究所,N 職,M 碩士,42,112
1020,南華大學,02299011,生死學系,D 日,M 碩士,89,112
1020,南華大學,02299011,生死學系,N 職,M 碩士,138,112
1020,南華大學,02322009,文學系,D 日,M 碩士,22,112
1020,南華大學,02322009,文學系,N 職,M 碩士,8,112
1020,南華大學,03122019,國際事務與企業學系,D 日,M 碩士,35,112
1020,南華大學,03141017,應用社會學系社會學碩士班,D 日,M 碩士,33,112
1020,南華大學,03214026,傳播學系,D 日,M 碩士,19,112
1020,南華大學,04121031,財務金融學系財務管理碩士班,D 日,M 碩士,13,112
1020,南華大學,04121031,財務金融學系財務管理碩士在職專班,N 職,M 碩士,15,112
1020,南華大學,04131029,企業管理學系管理科學碩士班,D 日,M 碩士,33,112
1020,南華大學,04131029,企業管理學系管理科學碩士在職專班,N 職,M 碩士,34,112
1020,南華大學,04199033,文化創意事業管理學系,D 日,M 碩士,24,112
1020,南華大學,04199033,文化創意事業管理學系,N 職,M 碩士,33,112
1020,南華大學,05211060,科技學院永續綠色科技碩士學位學程,D 日,M 碩士,35,112
1020,南華大學,05211060,永續綠色科技碩士在職學位學程,N 職,M 碩士,29,112
1020,南華大學,06131042,資訊管理學系,D 日,M 碩士,16,112
1020,南華大學,06131042,資訊管理學系,N 職,M 碩士,23,112
1020,南華大學,07311045,建築與景觀學系,D 日,M 碩士,0,112
1020,南華大學,07311064,建築學系,D 日,M 碩士,20,112
1020,南華大學,09171040,自然生物科技學系自然療癒碩士班,D 日,M 碩士,32,112
1020,南華大學,09171040,自然生物科技學系自然療癒碩士在職專班,N 職,M 碩士,48,112
1020,南華大學,10151048,旅遊管理學系旅遊管理碩士班,D 日,M 碩士,7,112
1020,南華大學,10151048,旅遊管理學系旅遊管理碩士在職專班,N 職,M 碩士,18,112
1021,真理大學,02211064,宗教文化與資訊管理學系,D 日,M 碩士,12,112
1021,真理大學,02211064,宗教文化與資訊管理學系,N 職,M 碩士,3,112
1021,真理大學,03111014,經濟學系,D 日,M 碩士,13,112
1021,真理大學,04131020,企業管理學系,D 日,M 碩士,26,112
1021,真理大學,04131020,企業管理學系,N 職,M 碩士,7,112
1021,真理大學,04199057,運動管理學系,D 日,M 碩士,19,112
1021,真理大學,04211031,法律學系,D 日,M 碩士,18,112
1021,真理大學,05499065,統計資訊與精算學系,D 日,M 碩士,11,112
1021,真理大學,06131041,資訊工程學系,D 日,M 碩士,8,112
1021,真理大學,10151044,觀光事業學系,D 日,M 碩士,17,112
1022,大同大學,02112004,媒體設計學系,D 日,M 碩士,25,112
1022,大同大學,02123005,工業設計學系,D 日,M 碩士,39,112
1022,大同大學,02123005,工業設計學系,N 職,M 碩士,22,112
1022,大同大學,04131007,事業經營學系,D 日,M 碩士,25,112
1022,大同大學,04131007,事業經營學系,N 職,M 碩士,20,112
1022,大同大學,06131006,資訊經營學系,D 日,M 碩士,8,112
1022,大同大學,06131006,資訊經營學系,N 職,M 碩士,17,112
1022,大同大學,06131012,資訊工程學系,D 日,M 碩士,35,112
1022,大同大學,06131012,資訊工程學系,N 職,M 碩士,42,112
1022,大同大學,07111021,化學工程與生物科技學系,D 日,M 碩士,31,112
1022,大同大學,07111021,化學工程與生物科技學系,N 職,M 碩士,0,112
1022,大同大學,07141010,電機工程學系,D 日,M 碩士,40,112
1022,大同大學,07141010,電機工程學系,N 職,M 碩士,25,112
1022,大同大學,07141013,通訊工程研究所,N 職,M 碩士,1,112
1022,大同大學,07151023,機械與材料工程學系,D 日,M 碩士,29,112
1023,南臺科技大學,01111065,人文社會學院教育經營碩士班,D 日,M 碩士,30,112
1023,南臺科技大學,01111065,人文社會學院教育經營碩士在職專班,N 職,M 碩士,61,112
1023,南臺科技大學,02112008,視覺傳達設計系碩士班,D 日,M 碩士,31,112
1023,南臺科技大學,02123010,創新產品設計系碩士班,D 日,M 碩士,19,112
1023,南臺科技大學,02311005,應用英語系碩士班,D 日,M 碩士,9,112
1023,南臺科技大學,02311005,應用英語系碩士在職專班,N 職,M 碩士,3,112
1023,南臺科技大學,02311006,應用日語系碩士班,D 日,M 碩士,22,112
1023,南臺科技大學,03214011,資訊傳播系碩士班,D 日,M 碩士,15,112
1023,南臺科技大學,04131015,企業管理系碩士班,D 日,M 碩士,35,112
1023,南臺科技大學,04131015,企業管理系碩士在職專班,N 職,M 碩士,33,112
1023,南臺科技大學,04131029,高階主管企管碩士在職專班,N 職,M 碩士,44,112
1023,南臺科技大學,04132024,行銷與流通管理系碩士班,D 日,M 碩士,0,112
1023,南臺科技大學,04132024,行銷與流通管理系碩士在職專班,N 職,M 碩士,31,112
1023,南臺科技大學,04199060,工業管理與資訊系工業管理碩士在職專班,N 職,M 碩士,15,112
1023,南臺科技大學,04199064,商管學院全球經營管理碩士班,D 日,M 碩士,120,112
1023,南臺科技大學,04212033,財經法律研究所,D 日,M 碩士,34,112
1023,南臺科技大學,04212033,財經法律研究所,N 職,M 碩士,28,112
1023,南臺科技大學,05121063,生物與食品科技系碩士班,D 日,M 碩士,12,112
1023,南臺科技大學,05121063,生物與食品科技系碩士在職專班,N 職,M 碩士,1,112
1023,南臺科技大學,06131036,資訊管理系碩士班,D 日,M 碩士,33,112
1023,南臺科技大學,06131036,資訊管理系碩士在職專班,N 職,M 碩士,21,112
1023,南臺科技大學,06131043,資訊工程系碩士班,D 日,M 碩士,34,112
1023,南臺科技大學,06132038,多媒體與電腦娛樂科學系碩士班,D 日,M 碩士,27,112
1023,南臺科技大學,06134061,資訊管理系大數據分析碩士在職專班,N 職,M 碩士,16,112
1023,南臺科技大學,07111048,化學工程與材料工程系碩士班,D 日,M 碩士,42,112
1023,南臺科技大學,07141039,電機工程系碩士班,D 日,M 碩士,42,112
1023,南臺科技大學,07141040,電子工程系碩士班,D 日,M 碩士,69,112
1023,南臺科技大學,07141042,光電工程系碩士班,D 日,M 碩士,0,112
1023,南臺科技大學,07141066,半導體與光電工程系碩士班,D 日,M 碩士,20,112
1023,南臺科技大學,07151045,機械工程系碩士班,D 日,M 碩士,75,112
1023,南臺科技大學,10131056,餐旅管理系碩士班,D 日,M 碩士,24,112
1023,南臺科技大學,10152058,休閒事業管理系碩士班,D 日,M 碩士,33,112
1023,南臺科技大學,10152058,休閒事業管理系碩士在職專班,N 職,M 碩士,35,112
1024,崑山科技大學,02111009,視訊傳播設計系媒體藝術碩士班,D 日,M 碩士,26,112
1024,崑山科技大學,02112004,視覺傳達設計系碩士班,D 日,M 碩士,25,112
1024,崑山科技大學,02112004,視覺傳達設計系碩士在職專班,N 職,M 碩士,10,112
1024,崑山科技大學,02122007,空間設計系環境設計碩士班,D 日,M 碩士,12,112
1024,崑山科技大學,04131015,企業管理系碩士班,D 日,M 碩士,44,112
1024,崑山科技大學,04131015,企業管理系碩士在職專班,N 職,M 碩士,42,112
1024,崑山科技大學,04141049,全球商務與行銷系國際商務與金融碩士班,D 日,M 碩士,0,112
1024,崑山科技大學,04199022,房地產開發與管理系碩士班,D 日,M 碩士,33,112
1024,崑山科技大學,04199022,房地產開發與管理系碩士在職專班,N 職,M 碩士,24,112
1024,崑山科技大學,06131023,資訊管理系碩士班,D 日,M 碩士,25,112
1024,崑山科技大學,06131023,資訊管理系碩士在職專班,N 職,M 碩士,47,112
1024,崑山科技大學,06131028,資訊工程系碩士班,D 日,M 碩士,15,112
1024,崑山科技大學,06131028,資訊工程系碩士在職專班,N 職,M 碩士,1,112
1024,崑山科技大學,07112034,材料工程系碩士班,D 日,M 碩士,4,112
1024,崑山科技大學,07112034,材料工程系碩士在職專班,N 職,M 碩士,0,112
1024,崑山科技大學,07121038,環境工程系碩士班,D 日,M 碩士,14,112
1024,崑山科技大學,07121038,環境工程系碩士在職專班,N 職,M 碩士,18,112
1024,崑山科技大學,07141025,電機工程系碩士班,D 日,M 碩士,19,112
1024,崑山科技大學,07141025,電機工程系碩士在職專班,N 職,M 碩士,33,112
1024,崑山科技大學,07141026,電子工程系碩士班,D 日,M 碩士,19,112
1024,崑山科技大學,07141051,智慧機器人工程系碩士班,D 日,M 碩士,8,112
1024,崑山科技大學,07141051,智慧機器人工程系碩士在職專班,N 職,M 碩士,4,112
1024,崑山科技大學,07151030,機械工程系碩士班,D 日,M 碩士,36,112
1024,崑山科技大學,07151030,機械工程系碩士在職專班,N 職,M 碩士,22,112
1025,嘉南藥理大學,04133003,醫務管理系碩士班,D 日,M 碩士,26,112
1025,嘉南藥理大學,04133003,醫務管理系碩士在職專班,N 職,M 碩士,32,112
1025,嘉南藥理大學,05191015,保健營養系碩士班,D 日,M 碩士,11,112
1025,嘉南藥理大學,05211027,環境資源管理系,D 日,M 碩士,1,112
1025,嘉南藥理大學,07121009,環境工程與科學系碩士班,D 日,M 碩士,42,112
1025,嘉南藥理大學,07121009,環境工程與科學系碩士在職專班,N 職,M 碩士,18,112
1025,嘉南藥理大學,09161012,藥學系碩士班,D 日,M 碩士,8,112
1025,嘉南藥理大學,09161012,藥學系碩士在職專班,N 職,M 碩士,8,112
1025,嘉南藥理大學,10121024,化粧品應用與管理系化粧品科技碩士班,D 日,M 碩士,26,112
1025,嘉南藥理大學,10121024,化粧品應用與管理系化粧品科技碩士在職專班,N 職,M 碩士,28,112
1025,嘉南藥理大學,10151020,觀光事業管理系溫泉產業碩士在職專班,N 職,M 碩士,18,112
1025,嘉南藥理大學,10152021,休閒保健管理系碩士班,D 日,M 碩士,25,112
1025,嘉南藥理大學,10221011,職業安全衛生系產業安全衛生與防災碩士班,D 日,M 碩士,0,112
1025,嘉南藥理大學,10221011,職業安全衛生系產業安全衛生與防災碩士在職專班,N 職,M 碩士,42,112
1026,樹德科技大學,02112009,視覺傳達設計系碩士在職專班,N 職,M 碩士,4,112
1026,樹德科技大學,02121052,設計創新與經營研究所,D 日,M 碩士,29,112
1026,樹德科技大學,02121052,設計創新與經營研究所,N 職,M 碩士,11,112
1026,樹德科技大學,02122005,應用設計研究所,D 日,M 碩士,0,112
1026,樹德科技大學,02122005,應用設計研究所,N 職,M 碩士,0,112
1026,樹德科技大學,02123010,生活產品設計系碩士在職專班,N 職,M 碩士,11,112
1026,樹德科技大學,02124012,建築與室內設計研究所,D 日,M 碩士,10,112
1026,樹德科技大學,02124012,建築與室內設計研究所,N 職,M 碩士,22,112
1026,樹德科技大學,04121026,金融管理系碩士班,D 日,M 碩士,22,112
1026,樹德科技大學,04121026,金融管理系碩士在職專班,N 職,M 碩士,41,112
1026,樹德科技大學,04131017,經營管理研究所,D 日,M 碩士,34,112
1026,樹德科技大學,04131017,經營管理研究所,N 職,M 碩士,70,112
1026,樹德科技大學,04141021,會展管理與貿易行銷碩士在職學位學程,N 職,M 碩士,19,112
1026,樹德科技大學,06121032,資訊管理系碩士班,D 日,M 碩士,15,112
1026,樹德科技大學,06121032,資訊管理系碩士在職專班,N 職,M 碩士,22,112
1026,樹德科技大學,06131033,資訊工程系碩士班,D 日,M 碩士,19,112
1026,樹德科技大學,06131033,資訊工程系資訊技術與管理數位學習碩士在職專班,N 職,M 碩士,8,112
1026,樹德科技大學,07141034,電腦與通訊系碩士班,D 日,M 碩士,34,112
1026,樹德科技大學,09221038,兒童與家庭服務系碩士班,D 日,M 碩士,29,112
1026,樹德科技大學,09221038,兒童與家庭服務系碩士在職專班,N 職,M 碩士,14,112
1026,樹德科技大學,99999045,人類性學研究所,D 日,M 碩士,49,112
1026,樹德科技大學,99999045,人類性學研究所,N 職,M 碩士,67,112
1027,慈濟大學,01111001,教育研究所,D 日,M 碩士,23,112
1027,慈濟大學,01111001,教育研究所,N 職,M 碩士,16,112
1027,慈濟大學,02211005,宗教與人文研究所,D 日,M 碩士,29,112
1027,慈濟大學,02322004,東方語文學系,D 日,M 碩士,11,112
1027,慈濟大學,03131008,人類發展與心理學系,D 日,M 碩士,48,112
1027,慈濟大學,03214009,傳播學系,D 日,M 碩士,16,112
1027,慈濟大學,05111010,生命科學系,D 日,M 碩士,0,112
1027,慈濟大學,05121012,分子生物暨人類遺傳學系,D 日,M 碩士,20,112
1027,慈濟大學,05291040,永續暨防災碩士學位學程,D 日,M 碩士,3,112
1027,慈濟大學,06133032,醫學資訊學系,D 日,M 碩士,28,112
1027,慈濟大學,07193039,生物醫學暨工程學系,D 日,M 碩士,13,112
1027,慈濟大學,09121015,醫學系生物醫學碩士班,D 日,M 碩士,30,112
1027,慈濟大學,09121023,學士後中醫學系,D 日,M 碩士,2,112
1027,慈濟大學,09131028,護理學系,D 日,M 碩士,77,112
1027,慈濟大學,09131028,護理學系,N 職,M 碩士,10,112
1027,慈濟大學,09141031,醫學檢驗生物技術學系醫學生物技術碩士班,D 日,M 碩士,12,112
1027,慈濟大學,09151027,物理治療學系,D 日,M 碩士,8,112
1027,慈濟大學,09161037,臨床藥學研究所,D 日,M 碩士,2,112
1027,慈濟大學,09191024,公共衛生學系,D 日,M 碩士,28,112
1027,慈濟大學,09231034,社會工作學系,D 日,M 碩士,19,112
1028,臺北醫學大學,03131057,心智意識與腦科學研究所,D 日,M 碩士,12,112
1028,臺北醫學大學,03199001,醫學人文研究所,D 日,M 碩士,10,112
1028,臺北醫學大學,04133002,醫務管理學系,D 日,M 碩士,35,112
1028,臺北醫學大學,04133002,醫務管理學系,N 職,M 碩士,18,112
1028,臺北醫學大學,04199050,管理學院生物科技高階管理碩士在職專班,N 職,M 碩士,38,112
1028,臺北醫學大學,04212003,醫療暨生物科技法律研究所,D 日,M 碩士,18,112
1028,臺北醫學大學,04212003,醫療暨生物科技法律研究所,N 職,M 碩士,5,112
1028,臺北醫學大學,05121016,醫學科學研究所,D 日,M 碩士,53,112
1028,臺北醫學大學,05191032,保健營養學系,D 日,M 碩士,36,112
1028,臺北醫學大學,05191032,保健營養學系,N 職,M 碩士,23,112
1028,臺北醫學大學,06131042,醫學資訊研究所,D 日,M 碩士,24,112
1028,臺北醫學大學,06131042,醫學資訊研究所,N 職,M 碩士,23,112
1028,臺北醫學大學,06199051,大數據科技及管理研究所,D 日,M 碩士,26,112
1028,臺北醫學大學,07112008,生醫材料暨組織工程研究所,D 日,M 碩士,21,112
1028,臺北醫學大學,07112010,奈米醫學工程研究所,D 日,M 碩士,9,112
1028,臺北醫學大學,07151053,生醫光機電研究所,D 日,M 碩士,14,112
1028,臺北醫學大學,07211012,食品安全學系,D 日,M 碩士,16,112
1028,臺北醫學大學,09111044,牙醫學系,D 日,M 碩士,32,112
1028,臺北醫學大學,09111045,牙體技術學系,D 日,M 碩士,11,112
1028,臺北醫學大學,09121014,臨床醫學研究所,D 日,M 碩士,13,112
1028,臺北醫學大學,09121014,臨床醫學研究所應用實證醫學碩士在職專班,N 職,M 碩士,15,112
1028,臺北醫學大學,09121019,國際醫學研究碩士學位學程,D 日,M 碩士,11,112
1028,臺北醫學大學,09121062,國際轉譯科學碩士學位學程,D 日,M 碩士,3,112
1028,臺北醫學大學,09121066,國際神經醫學碩士學位學程,D 日,M 碩士,3,112
1028,臺北醫學大學,09121067,細胞治療產業碩士專班,D 日,M 碩士,2,112
1028,臺北醫學大學,09131037,護理學系,D 日,M 碩士,60,112
1028,臺北醫學大學,09131037,護理學系,N 職,M 碩士,103,112
1028,臺北醫學大學,09141041,醫學檢驗暨生物技術學系,D 日,M 碩士,16,112
1028,臺北醫學大學,09141041,醫學檢驗暨生物技術學系,N 職,M 碩士,10,112
1028,臺北醫學大學,09141058,醫學院人工智慧醫療碩士在職專班,N 職,M 碩士,46,112
1028,臺北醫學大學,09161024,藥學系,D 日,M 碩士,61,112
1028,臺北醫學大學,09161024,藥學系臨床藥學碩士在職專班,N 職,M 碩士,30,112
1028,臺北醫學大學,09161026,生藥學研究所,D 日,M 碩士,19,112
1028,臺北醫學大學,09161028,癌症生物學與藥物研發研究所,D 日,M 碩士,14,112
1028,臺北醫學大學,09191020,公共衛生學系,D 日,M 碩士,28,112
1028,臺北醫學大學,09191022,傷害防治學研究所,D 日,M 碩士,15,112
1028,臺北醫學大學,09191022,傷害防治學研究所失能暨復健碩士在職專班,N 職,M 碩士,1,112
1028,臺北醫學大學,09191023,全球衛生暨發展碩士學位學程,D 日,M 碩士,0,112
1028,臺北醫學大學,09191056,全球衛生暨衛生安全碩士學位學程,D 日,M 碩士,13,112
1028,臺北醫學大學,09191063,應用流行病學碩士學位學程,D 日,M 碩士,5,112
1028,臺北醫學大學,09199035,呼吸治療學系胸腔醫學碩士班,D 日,M 碩士,10,112
1028,臺北醫學大學,09199052,代謝與肥胖科學研究所,D 日,M 碩士,19,112
1028,臺北醫學大學,09199064,臨床基因體學暨蛋白質體學碩士學位學程,D 日,M 碩士,10,112
1028,臺北醫學大學,09211065,高齡健康暨長期照護學系,D 日,M 碩士,41,112
1028,臺北醫學大學,09212034,長期照護碩士學位學程,D 日,M 碩士,9,112
1029,中山醫學大學,03131004,心理學系臨床心理學碩士班,D 日,M 碩士,73,112
1029,中山醫學大學,04133006,醫療產業科技管理學系,D 日,M 碩士,9,112
1029,中山醫學大學,05124012,生物醫學科學學系,D 日,M 碩士,12,112
1029,中山醫學大學,05191026,營養學系,D 日,M 碩士,43,112
1029,中山醫學大學,05399015,醫學應用化學系,D 日,M 碩士,6,112
1029,中山醫學大學,06131033,醫學資訊學系,D 日,M 碩士,7,112
1029,中山醫學大學,09111038,牙醫學系,D 日,M 碩士,20,112
1029,中山醫學大學,09111039,口腔科學研究所,D 日,M 碩士,16,112
1029,中山醫學大學,09121018,醫學研究所,D 日,M 碩士,93,112
1029,中山醫學大學,09121018,醫學研究所,N 職,M 碩士,1,112
1029,中山醫學大學,09131028,護理學系,D 日,M 碩士,69,112
1029,中山醫學大學,09131028,護理學系長期照護碩士在職專班,N 職,M 碩士,65,112
1029,中山醫學大學,09141030,醫學檢驗暨生物技術學系,D 日,M 碩士,10,112
1029,中山醫學大學,09141030,醫學科技學院醫學檢驗暨生物技術學系澳門境外碩士在職專班,N 職,M 碩士,0,112
1029,中山醫學大學,09141031,醫學影像暨放射科學系,D 日,M 碩士,20,112
1029,中山醫學大學,09141032,視光學系,D 日,M 碩士,31,112
1029,中山醫學大學,09151022,物理治療學系,D 日,M 碩士,7,112
1029,中山醫學大學,09152023,職能治療學系,D 日,M 碩士,16,112
1029,中山醫學大學,09153024,語言治療與聽力學系,D 日,M 碩士,49,112
1029,中山醫學大學,09191020,公共衛生學系,D 日,M 碩士,23,112
1029,中山醫學大學,09199048,健康管理學院國際健康產業經營管理碩士在職專班,N 職,M 碩士,84,112
1029,中山醫學大學,09231045,醫學社會暨社會工作學系,D 日,M 碩士,24,112
1029,中山醫學大學,10131049,健康產業科技管理學系,D 日,M 碩士,10,112
1029,中山醫學大學,10221021,職業安全衛生學系,D 日,M 碩士,12,112
1029,中山醫學大學,10221021,職業安全衛生學系,N 職,M 碩士,1,112
1030,龍華科技大學,02112011,多媒體與遊戲發展科學系碩士班,D 日,M 碩士,41,112
1030,龍華科技大學,04131004,企業管理系碩士班,D 日,M 碩士,73,112
1030,龍華科技大學,04131004,企業管理系碩士在職專班,N 職,M 碩士,56,112
1030,龍華科技大學,06131009,資訊管理系碩士班,D 日,M 碩士,22,112
1030,龍華科技大學,06131009,資訊管理系碩士在職專班,N 職,M 碩士,19,112
1030,龍華科技大學,06131015,資訊網路工程系碩士班,D 日,M 碩士,30,112
1030,龍華科技大學,07111018,化工與材料工程系碩士班,D 日,M 碩士,0,112
1030,龍華科技大學,07141013,電機工程系碩士班,D 日,M 碩士,35,112
1030,龍華科技大學,07141014,電子工程系碩士班,D 日,M 碩士,36,112
1030,龍華科技大學,07141022,半導體工程系碩士班,D 日,M 碩士,46,112
1030,龍華科技大學,07151016,機械工程系碩士班,D 日,M 碩士,42,112
1030,龍華科技大學,07151016,機械工程系碩士在職專班,N 職,M 碩士,38,112
1030,龍華科技大學,10151001,應用外語系國際觀光與會展碩士班,D 日,M 碩士,20,112
1031,輔英科技大學,04133003,健康事業管理系碩士班,D 日,M 碩士,38,112
1031,輔英科技大學,05121006,生物科技系碩士班,D 日,M 碩士,10,112
1031,輔英科技大學,05191018,保健營養系碩士班,D 日,M 碩士,11,112
1031,輔英科技大學,07121012,環境工程與科學系碩士班,D 日,M 碩士,25,112
1031,輔英科技大學,09131019,護理系碩士班,D 日,M 碩士,46,112
1031,輔英科技大學,09131019,護理系碩士在職專班,N 職,M 碩士,69,112
1031,輔英科技大學,09141024,醫學檢驗生物技術系碩士班,D 日,M 碩士,9,112
1031,輔英科技大學,09211027,高齡及長期照護事業系碩士班,D 日,M 碩士,20,112
1032,明新科技大學,04131002,企業管理系管理碩士班,D 日,M 碩士,96,112
1032,明新科技大學,04131002,企業管理系管理碩士在職專班,N 職,M 碩士,191,112
1032,明新科技大學,06131009,資訊管理系碩士班,D 日,M 碩士,18,112
1032,明新科技大學,07112042,應用材料科技系碩士班,D 日,M 碩士,15,112
1032,明新科技大學,07112042,應用材料科技系碩士在職專班,N 職,M 碩士,17,112
1032,明新科技大學,07141011,電機工程系碩士班,D 日,M 碩士,40,112
1032,明新科技大學,07141011,電機工程系碩士在職專班,N 職,M 碩士,18,112
1032,明新科技大學,07141012,電子工程系碩士班,D 日,M 碩士,19,112
1032,明新科技大學,07141012,電子工程系碩士在職專班,N 職,M 碩士,24,112
1032,明新科技大學,07141043,半導體與光電科技系碩士班,D 日,M 碩士,20,112
1032,明新科技大學,07151016,機械工程系精密機電工程碩士班,D 日,M 碩士,53,112
1032,明新科技大學,07151016,機械工程系精密機電工程碩士在職專班,N 職,M 碩士,5,112
1032,明新科技大學,07191024,工業工程與管理系碩士班,D 日,M 碩士,23,112
1032,明新科技大學,07191024,工業工程與管理系碩士在職專班,N 職,M 碩士,37,112
1032,明新科技大學,07321020,土木工程與環境資源管理系碩士班,D 日,M 碩士,18,112
1032,明新科技大學,07321020,土木工程與環境資源管理系碩士在職專班,N 職,M 碩士,28,112
1032,明新科技大學,09221027,幼兒保育系碩士班,D 日,M 碩士,20,112
1032,明新科技大學,10199038,樂齡服務產業管理系服務產業管理碩士班,D 日,M 碩士,45,112
1033,長榮大學,02131001,美術學系,D 日,M 碩士,28,112
1033,長榮大學,02211011,神學系,D 日,M 碩士,16,112
1033,長榮大學,02221020,台灣研究所,D 日,M 碩士,0,112
1033,長榮大學,02312007,翻譯學系,D 日,M 碩士,11,112
1033,長榮大學,02312007,翻譯學系,N 職,M 碩士,1,112
1033,長榮大學,03199080,應用社會科學碩士在職學位學程,N 職,M 碩士,20,112
1033,長榮大學,04131026,管理學院經營管理碩士班,D 日,M 碩士,28,112
1033,長榮大學,04131033,高階管理碩士在職專班,N 職,M 碩士,26,112
1033,長榮大學,04133031,醫務管理學系,D 日,M 碩士,11,112
1033,長榮大學,04133031,醫務管理學系,N 職,M 碩士,3,112
1033,長榮大學,06111072,資訊暨設計碩士學位學程,D 日,M 碩士,9,112
1033,長榮大學,07313042,土地管理與開發學系,D 日,M 碩士,1,112
1033,長榮大學,09121044,醫學研究所,D 日,M 碩士,1,112
1033,長榮大學,09131049,護理學系,D 日,M 碩士,53,112
1033,長榮大學,09231055,社會工作學系,D 日,M 碩士,15,112
1033,長榮大學,10141058,運動競技學系,D 日,M 碩士,22,112
1033,長榮大學,10221045,職業安全與衛生學系,D 日,M 碩士,10,112
1033,長榮大學,10221045,職業安全與衛生學系,N 職,M 碩士,23,112
1033,長榮大學,10221082,安全衛生科學碩士學位學程,D 日,M 碩士,18,112
1033,長榮大學,10221082,安全衛生科學碩士在職學位學程,N 職,M 碩士,9,112
1033,長榮大學,10412061,航運管理學系,D 日,M 碩士,1,112
1034,弘光科技大學,04133005,健康事業管理系碩士班,D 日,M 碩士,25,112
1034,弘光科技大學,05121008,生物科技系,D 日,M 碩士,0,112
1034,弘光科技大學,05191023,營養系碩士班,D 日,M 碩士,11,112
1034,弘光科技大學,07121014,環境與安全衛生工程系碩士班,D 日,M 碩士,22,112
1034,弘光科技大學,07121014,環境與安全衛生工程系碩士在職專班,N 職,M 碩士,20,112
1034,弘光科技大學,07211017,食品科技系碩士班,D 日,M 碩士,17,112
1034,弘光科技大學,07211017,食品科技系碩士在職專班,N 職,M 碩士,10,112
1034,弘光科技大學,09131025,護理系碩士班,D 日,M 碩士,55,112
1034,弘光科技大學,09131025,護理系碩士在職專班,N 職,M 碩士,49,112
1034,弘光科技大學,09211037,老人福利與長期照顧事業系碩士班,D 日,M 碩士,23,112
1034,弘光科技大學,10121031,化妝品應用系碩士班,D 日,M 碩士,28,112
1034,弘光科技大學,10121031,化妝品應用系碩士在職專班,N 職,M 碩士,12,112
1035,中國醫藥大學,04133029,醫務管理學系,D 日,M 碩士,35,112
1035,中國醫藥大學,04133029,醫務管理學系,N 職,M 碩士,35,112
1035,中國醫藥大學,04199058,科技管理碩士學位學程,D 日,M 碩士,2,112
1035,中國醫藥大學,04212057,科技法律碩士學位學程,D 日,M 碩士,17,112
1035,中國醫藥大學,05111066,細胞生物學研究所,D 日,M 碩士,3,112
1035,中國醫藥大學,05121043,生物科技學系,D 日,M 碩士,11,112
1035,中國醫藥大學,05123064,生物化學暨分子生物研究所,D 日,M 碩士,5,112
1035,中國醫藥大學,05191021,營養學系,D 日,M 碩士,43,112
1035,中國醫藥大學,06131060,數位健康創新碩士學位學程,D 日,M 碩士,10,112
1035,中國醫藥大學,07193031,生物醫學工程碩士學位學程,D 日,M 碩士,12,112
1035,中國醫藥大學,08411012,中獸醫碩士學位學程,D 日,M 碩士,1,112
1035,中國醫藥大學,09111019,牙醫學系,D 日,M 碩士,18,112
1035,中國醫藥大學,09121003,生物醫學研究所,D 日,M 碩士,45,112
1035,中國醫藥大學,09121014,中醫學系,D 日,M 碩士,15,112
1035,中國醫藥大學,09121020,國際生物醫學碩士學位學程,D 日,M 碩士,6,112
1035,中國醫藥大學,09121046,中西醫結合研究所,D 日,M 碩士,11,112
1035,中國醫藥大學,09121049,癌症生物與藥物研發碩士學位學程,D 日,M 碩士,2,112
1035,中國醫藥大學,09121063,轉譯醫學暨新藥開發研究所,D 日,M 碩士,16,112
1035,中國醫藥大學,09131045,護理學系,D 日,M 碩士,38,112
1035,中國醫藥大學,09141017,醫學檢驗生物技術學系,D 日,M 碩士,12,112
1035,中國醫藥大學,09141032,生物醫學影像暨放射科學學系,D 日,M 碩士,11,112
1035,中國醫藥大學,09151010,物理治療學系復健科學碩士班,D 日,M 碩士,7,112
1035,中國醫藥大學,09159047,運動醫學系,D 日,M 碩士,10,112
1035,中國醫藥大學,09161034,藥學系,D 日,M 碩士,25,112
1035,中國醫藥大學,09161039,中國藥學暨中藥資源學系,D 日,M 碩士,11,112
1035,中國醫藥大學,09161042,藥用化妝品學系,D 日,M 碩士,28,112
1035,中國醫藥大學,09161050,製藥碩士學位學程,D 日,M 碩士,11,112
1035,中國醫藥大學,09171013,針灸研究所,D 日,M 碩士,14,112
1035,中國醫藥大學,09171048,國際針灸碩士學位學程,D 日,M 碩士,5,112
1035,中國醫藥大學,09191026,公共衛生學系,D 日,M 碩士,49,112
1035,中國醫藥大學,09199053,食品暨藥物安全碩士學位學程,D 日,M 碩士,8,112
1035,中國醫藥大學,09211045,護理學系跨領域長期照護碩士在職專班,N 職,M 碩士,25,112
1035,中國醫藥大學,10221038,職業安全與衛生學系,D 日,M 碩士,15,112
1035,中國醫藥大學,10221038,職業安全與衛生學系,N 職,M 碩士,21,112
1036,健行科技大學,04121009,財務金融系碩士班,D 日,M 碩士,33,112
1036,健行科技大學,04131004,企業管理系碩士班,D 日,M 碩士,83,112
1036,健行科技大學,04131004,企業管理系碩士在職專班,N 職,M 碩士,24,112
1036,健行科技大學,04131006,國際企業經營系碩士班,D 日,M 碩士,58,112
1036,健行科技大學,04131006,國際企業經營系碩士在職專班,N 職,M 碩士,6,112
1036,健行科技大學,06131014,資訊管理系碩士班,D 日,M 碩士,25,112
1036,健行科技大學,06131018,資訊工程系碩士班,D 日,M 碩士,27,112
1036,健行科技大學,07141016,電機工程系碩士班,D 日,M 碩士,30,112
1036,健行科技大學,07141017,電子工程系碩士班,D 日,M 碩士,15,112
1036,健行科技大學,07151020,機械工程系碩士班,D 日,M 碩士,20,112
1036,健行科技大學,07191011,工業管理系碩士班,D 日,M 碩士,36,112
1036,健行科技大學,07321021,土木工程系空間資訊與防災科技碩士班,D 日,M 碩士,25,112
1037,正修科技大學,02122042,視覺傳達設計系文創設計與藝術保存碩士班,D 日,M 碩士,18,112
1037,正修科技大學,04121008,金融管理系碩士班,D 日,M 碩士,15,112
1037,正修科技大學,04131005,企業管理系經營管理碩士班,D 日,M 碩士,29,112
1037,正修科技大學,04131005,企業管理系經營管理碩士在職專班,N 職,M 碩士,106,112
1037,正修科技大學,06131010,資訊管理系碩士班,D 日,M 碩士,21,112
1037,正修科技大學,06131010,資訊管理系碩士在職專班,N 職,M 碩士,22,112
1037,正修科技大學,07121044,環境毒物與新興污染物研究所,D 日,M 碩士,19,112
1037,正修科技大學,07141011,電機工程系碩士班,D 日,M 碩士,21,112
1037,正修科技大學,07141012,電子工程系碩士班,D 日,M 碩士,15,112
1037,正修科技大學,07141013,資訊工程系碩士班,D 日,M 碩士,14,112
1037,正修科技大學,07151015,機械工程系機電工程碩士班,D 日,M 碩士,22,112
1037,正修科技大學,07191018,工業工程與管理系碩士班,D 日,M 碩士,60,112
1037,正修科技大學,07321016,土木與空間資訊系營建工程碩士班,D 日,M 碩士,21,112
1037,正修科技大學,09221021,幼兒保育系碩士班,D 日,M 碩士,29,112
1037,正修科技大學,10121026,化妝品與時尚彩妝系碩士班,D 日,M 碩士,25,112
1037,正修科技大學,10152025,休閒與運動管理系碩士班,D 日,M 碩士,24,112
1037,正修科技大學,10152025,休閒與運動管理系碩士在職專班,N 職,M 碩士,60,112
1038,萬能科技大學,04131005,經營管理研究所,D 日,M 碩士,43,112
1038,萬能科技大學,04131005,經營管理研究所,N 職,M 碩士,88,112
1038,萬能科技大學,06131015,資訊管理系碩士班,D 日,M 碩士,16,112
1038,萬能科技大學,06131015,資訊管理系碩士在職專班,N 職,M 碩士,27,112
1038,萬能科技大學,07121034,環境工程系,D 日,M 碩士,1,112
1038,萬能科技大學,07141020,電資研究所,D 日,M 碩士,25,112
1038,萬能科技大學,07191047,精密機械與工業工程系工業工程碩士班,D 日,M 碩士,10,112
1038,萬能科技大學,07321046,室內設計與營建科技系碩士班,D 日,M 碩士,42,112
1038,萬能科技大學,10121041,化妝品應用與管理系碩士班,D 日,M 碩士,36,112
1038,萬能科技大學,10121041,化妝品應用與管理系碩士在職專班,N 職,M 碩士,43,112
1039,玄奘大學,02199044,藝術設計學院碩士班,D 日,M 碩士,31,112
1039,玄奘大學,02211010,宗教與文化學系,D 日,M 碩士,44,112
1039,玄奘大學,02211010,宗教與文化學系,N 職,M 碩士,27,112
1039,玄奘大學,03131016,應用心理學系,D 日,M 碩士,117,112
1039,玄奘大學,03131016,應用心理學系,N 職,M 碩士,101,112
1039,玄奘大學,03211018,大眾傳播學系,D 日,M 碩士,11,112
1039,玄奘大學,03211023,傳播學院碩士班,D 日,M 碩士,12,112
1039,玄奘大學,04131024,企業管理學系,D 日,M 碩士,2,112
1039,玄奘大學,04131024,企業管理學系,N 職,M 碩士,0,112
1039,玄奘大學,04211032,法律學系,D 日,M 碩士,22,112
1039,玄奘大學,09231036,社會工作學系,D 日,M 碩士,24,112
1039,玄奘大學,09231036,社會工作學系,N 職,M 碩士,29,112
1040,建國科技大學,02124007,空間設計系創意生活應用設計碩士班,D 日,M 碩士,9,112
1040,建國科技大學,04199011,服務與科技管理研究所,D 日,M 碩士,15,112
1040,建國科技大學,07141013,電機工程研究所,D 日,M 碩士,11,112
1040,建國科技大學,07141014,電子工程研究所,D 日,M 碩士,0,112
1040,建國科技大學,07141020,機電光系統研究所,D 日,M 碩士,4,112
1040,建國科技大學,07151019,製造科技研究所,D 日,M 碩士,9,112
1040,建國科技大學,07321022,土木與防災研究所,D 日,M 碩士,14,112
1040,建國科技大學,10121028,美容科技研究所,D 日,M 碩士,36,112
1041,明志科技大學,02112003,視覺傳達設計系碩士班,D 日,M 碩士,26,112
1041,明志科技大學,02123004,工業設計系碩士班,D 日,M 碩士,29,112
1041,明志科技大學,04131005,經營管理系碩士班,D 日,M 碩士,36,112
1041,明志科技大學,04131030,國際企業管理碩士學位學程(IMBA),D 日,M 碩士,27,112
1041,明志科技大學,07111018,化學工程系碩士班,D 日,M 碩士,88,112
1041,明志科技大學,07112022,材料工程系碩士班,D 日,M 碩士,81,112
1041,明志科技大學,07121025,環境與安全衛生工程系環境工程碩士班,D 日,M 碩士,42,112
1041,明志科技大學,07141010,電機工程系碩士班,D 日,M 碩士,54,112
1041,明志科技大學,07141011,電子工程系碩士班,D 日,M 碩士,58,112
1041,明志科技大學,07151014,機械工程系機械與機電工程碩士班,D 日,M 碩士,59,112
1041,明志科技大學,07151014,機械工程系機械與機電工程碩士在職專班,N 職,M 碩士,1,112
1041,明志科技大學,07191024,工業工程與管理系碩士班,D 日,M 碩士,35,112
1041,明志科技大學,07191024,工業工程與管理系碩士在職專班,N 職,M 碩士,26,112
1042,高苑科技大學,04131045,數位經營管理系經營管理碩士班,D 日,M 碩士,15,112
1042,高苑科技大學,04131045,數位經營管理系經營管理碩士在職專班,N 職,M 碩士,14,112
1042,高苑科技大學,06134015,資訊科技應用系碩士班,D 日,M 碩士,11,112
1042,高苑科技大學,06134015,資訊科技應用系碩士在職專班,N 職,M 碩士,3,112
1042,高苑科技大學,07151022,機械與自動化工程系機電科技碩士班,D 日,M 碩士,6,112
1042,高苑科技大學,07151022,機械與自動化工程系機電科技碩士在職專班,N 職,M 碩士,6,112
1042,高苑科技大學,07311033,建築系碩士班,D 日,M 碩士,4,112
1042,高苑科技大學,07321024,土木工程系碩士班,D 日,M 碩士,0,112
1042,高苑科技大學,07321024,土木工程系碩士在職專班,N 職,M 碩士,8,112
1042,高苑科技大學,10121005,香妝與養生保健系碩士班,D 日,M 碩士,6,112
1043,大仁科技大學,03141046,多媒體設計系文創碩士在職專班,N 職,M 碩士,53,112
1043,大仁科技大學,05211014,環境與職業安全衛生系環境管理碩士班,D 日,M 碩士,12,112
1043,大仁科技大學,05211014,環境與職業安全衛生系環境管理碩士在職專班,N 職,M 碩士,26,112
1043,大仁科技大學,09161015,藥學系碩士班,D 日,M 碩士,6,112
1043,大仁科技大學,09161015,藥學系碩士在職專班,N 職,M 碩士,22,112
1043,大仁科技大學,09231018,社會工作系碩士班,D 日,M 碩士,37,112
1043,大仁科技大學,10152024,休閒運動管理系休閒事業管理碩士班,D 日,M 碩士,25,112
1043,大仁科技大學,10152024,休閒運動管理系休閒事業管理碩士在職專班,N 職,M 碩士,44,112
1044,聖約翰科技大學,04131005,企業管理系碩士班,D 日,M 碩士,6,112
1044,聖約翰科技大學,06111014,資訊工程系碩士班,D 日,M 碩士,7,112
1044,聖約翰科技大學,07141012,電機工程系碩士班,D 日,M 碩士,5,112
1044,聖約翰科技大學,07141012,電機工程系碩士在職專班,N 職,M 碩士,42,112
1044,聖約翰科技大學,07151031,機械與車輛工程系碩士班,D 日,M 碩士,7,112
1044,聖約翰科技大學,07151031,機械與車輛工程系碩士在職專班,N 職,M 碩士,6,112
1044,聖約翰科技大學,07191028,工業管理系碩士班,D 日,M 碩士,12,112
1044,聖約翰科技大學,07191028,工業管理系碩士在職專班,N 職,M 碩士,9,112
1045,嶺東科技大學,02112003,視覺傳達設計系碩士班,D 日,M 碩士,14,112
1045,嶺東科技大學,02112005,數位媒體設計系碩士班,D 日,M 碩士,20,112
1045,嶺東科技大學,02122002,流行設計系碩士班,D 日,M 碩士,35,112
1045,嶺東科技大學,02123008,創意產品設計系碩士班,D 日,M 碩士,12,112
1045,嶺東科技大學,04111010,會計資訊系碩士班,D 日,M 碩士,8,112
1045,嶺東科技大學,04121017,財務金融系碩士班,D 日,M 碩士,39,112
1045,嶺東科技大學,04121017,財務金融系碩士在職專班,N 職,M 碩士,21,112
1045,嶺東科技大學,04131013,企業管理系碩士班,D 日,M 碩士,15,112
1045,嶺東科技大學,04131013,企業管理系碩士在職專班,N 職,M 碩士,130,112
1045,嶺東科技大學,04131015,國際企業系碩士班,D 日,M 碩士,17,112
1045,嶺東科技大學,04131015,國際企業系碩士在職專班,N 職,M 碩士,17,112
1045,嶺東科技大學,04143024,行銷與流通管理系碩士班,D 日,M 碩士,19,112
1045,嶺東科技大學,04212029,財經法律研究所,D 日,M 碩士,0,112
1045,嶺東科技大學,06131030,資訊科技系碩士班,D 日,M 碩士,31,112
1045,嶺東科技大學,06131031,資訊管理系碩士班,D 日,M 碩士,11,112
1045,嶺東科技大學,10151036,觀光與休閒管理系碩士班,D 日,M 碩士,18,112
1046,中國科技大學,02112003,視覺傳達設計系碩士班,D 日,M 碩士,24,112
1046,中國科技大學,02124005,室內設計系碩士班,D 日,M 碩士,37,112
1046,中國科技大學,04131010,企業管理系碩士班,D 日,M 碩士,46,112
1046,中國科技大學,04131010,企業管理系碩士在職專班,N 職,M 碩士,34,112
1046,中國科技大學,06131021,資訊工程系資訊科技應用碩士在職專班,N 職,M 碩士,21,112
1046,中國科技大學,07311026,建築系碩士班,D 日,M 碩士,33,112
1046,中國科技大學,07321030,土木與防災系碩士班,D 日,M 碩士,23,112
1047,中臺科技大學,01111009,文教事業經營研究所,D 日,M 碩士,29,112
1047,中臺科技大學,01111009,文教事業經營研究所,N 職,M 碩士,83,112
1047,中臺科技大學,04133008,醫療暨健康產業管理系碩士班,D 日,M 碩士,11,112
1047,中臺科技大學,04133008,醫療暨健康產業管理系碩士在職專班,N 職,M 碩士,37,112
1047,中臺科技大學,07121013,環境與安全衛生工程系碩士班,D 日,M 碩士,20,112
1047,中臺科技大學,07211017,食品科技系碩士班,D 日,M 碩士,0,112
1047,中臺科技大學,09111033,牙體技術暨材料系碩士班,D 日,M 碩士,7,112
1047,中臺科技大學,09131020,護理系碩士班,D 日,M 碩士,34,112
1047,中臺科技大學,09131020,護理系碩士在職專班,N 職,M 碩士,97,112
1047,中臺科技大學,09141028,醫學檢驗生物技術系碩士班,D 日,M 碩士,17,112
1047,中臺科技大學,09141029,醫學影像暨放射科學系碩士班,D 日,M 碩士,10,112
1047,中臺科技大學,09141029,醫學影像暨放射科學系碩士在職專班,N 職,M 碩士,0,112
1047,中臺科技大學,09212024,長期照顧碩士在職學位學程,N 職,M 碩士,61,112
1048,亞洲大學,01121001,幼兒教育學系,D 日,M 碩士,22,112
1048,亞洲大學,02112006,視覺傳達設計學系,D 日,M 碩士,7,112
1048,亞洲大學,02112007,數位媒體設計學系,D 日,M 碩士,27,112
1048,亞洲大學,02123011,創意商品設計學系,D 日,M 碩士,15,112
1048,亞洲大學,02124012,室內設計學系,D 日,M 碩士,14,112
1048,亞洲大學,02311002,外國語文學系,D 日,M 碩士,21,112
1048,亞洲大學,03131013,心理學系,D 日,M 碩士,162,112
1048,亞洲大學,03131013,心理學系,N 職,M 碩士,31,112
1048,亞洲大學,03213014,資訊傳播學系,D 日,M 碩士,18,112
1048,亞洲大學,04111015,會計與資訊學系,D 日,M 碩士,22,112
1048,亞洲大學,04121019,財務金融學系,D 日,M 碩士,17,112
1048,亞洲大學,04121019,財務金融學系,N 職,M 碩士,26,112
1048,亞洲大學,04131017,經營管理學系,D 日,M 碩士,56,112
1048,亞洲大學,04131017,經營管理學系,N 職,M 碩士,114,112
1048,亞洲大學,04131054,創新與創業管理碩士學位學程,D 日,M 碩士,0,112
1048,亞洲大學,04131055,EMBA高階經理碩士在職學位學程,N 職,M 碩士,20,112
1048,亞洲大學,04212027,財經法律學系,D 日,M 碩士,31,112
1048,亞洲大學,05191053,食品營養與保健生技學系,D 日,M 碩士,15,112
1048,亞洲大學,05191053,食品營養與保健生技學系,N 職,M 碩士,19,112
1048,亞洲大學,06134033,行動商務與多媒體應用學系,D 日,M 碩士,11,112
1048,亞洲大學,06134037,資訊工程學系,D 日,M 碩士,53,112
1048,亞洲大學,06134037,資訊工程學系,N 職,M 碩士,20,112
1048,亞洲大學,07193029,生物資訊與醫學工程學系,D 日,M 碩士,13,112
1048,亞洲大學,07193029,生物資訊與醫學工程學系,N 職,M 碩士,34,112
1048,亞洲大學,09131046,護理學系,D 日,M 碩士,31,112
1048,亞洲大學,09131046,護理學系,N 職,M 碩士,60,112
1048,亞洲大學,09141060,醫學檢驗暨生物技術學系,D 日,M 碩士,8,112
1048,亞洲大學,09153051,聽力暨語言治療學系,D 日,M 碩士,28,112
1048,亞洲大學,09191021,健康產業管理學系,D 日,M 碩士,43,112
1048,亞洲大學,09191021,健康產業管理學系,N 職,M 碩士,45,112
1048,亞洲大學,09231048,社會工作學系,D 日,M 碩士,61,112
1048,亞洲大學,10151049,休閒與遊憩管理學系,D 日,M 碩士,20,112
1048,亞洲大學,10151049,休閒與遊憩管理學系,N 職,M 碩士,58,112
1049,開南大學,02311006,應用英語學系,D 日,M 碩士,6,112
1049,開南大學,02311008,應用日語學系,D 日,M 碩士,9,112
1049,開南大學,02311064,人文社會學院應用語言碩士班,D 日,M 碩士,23,112
1049,開南大學,02323004,應用華語學系,D 日,M 碩士,4,112
1049,開南大學,04131016,國際企業學系,D 日,M 碩士,32,112
1049,開南大學,04131018,商學院企業管理碩士班,D 日,M 碩士,2,112
1049,開南大學,04131063,商學院經營管理碩士在職專班,N 職,M 碩士,56,112
1049,開南大學,04134010,人文社會學院公共管理碩士在職專班,N 職,M 碩士,48,112
1049,開南大學,04134012,公共事務管理學系,D 日,M 碩士,12,112
1049,開南大學,04134013,人文社會學院公共事務碩士班,D 日,M 碩士,15,112
1049,開南大學,04211011,法律學系,D 日,M 碩士,21,112
1049,開南大學,04211011,法律學系,N 職,M 碩士,63,112
1049,開南大學,06121032,資訊管理學系,D 日,M 碩士,17,112
1049,開南大學,06133036,資訊學院碩士在職專班,N 職,M 碩士,37,112
1049,開南大學,09171057,健康照護管理學院健康照護技術碩士班,D 日,M 碩士,36,112
1049,開南大學,10199041,觀光運輸學院碩士班,D 日,M 碩士,38,112
1049,開南大學,10199041,觀光運輸學院碩士在職專班,N 職,M 碩士,99,112
1050,佛光大學,02123018,產品與媒體設計學系,D 日,M 碩士,7,112
1050,佛光大學,02211009,宗教學研究所,D 日,M 碩士,33,112
1050,佛光大學,02211010,佛教學系,D 日,M 碩士,89,112
1050,佛光大學,02221011,歷史學系,D 日,M 碩士,11,112
1050,佛光大學,02299015,文化資產與創意學系,D 日,M 碩士,16,112
1050,佛光大學,02299038,人文學院碩士班,D 日,M 碩士,8,112
1050,佛光大學,02299039,創意與科技學院碩士班,D 日,M 碩士,27,112
1050,佛光大學,02311007,外國語文學系,D 日,M 碩士,4,112
1050,佛光大學,02322006,中國文學與應用學系,D 日,M 碩士,9,112
1050,佛光大學,02322006,中國文學與應用學系,N 職,M 碩士,7,112
1050,佛光大學,03111020,應用經濟學系,D 日,M 碩士,22,112
1050,佛光大學,03111020,應用經濟學系,N 職,M 碩士,23,112
1050,佛光大學,03131024,心理學系,D 日,M 碩士,56,112
1050,佛光大學,03141023,未來與樂活產業學系,D 日,M 碩士,7,112
1050,佛光大學,03141035,社會學暨社會工作學系,D 日,M 碩士,26,112
1050,佛光大學,03141037,樂活產業學院碩士班,D 日,M 碩士,68,112
1050,佛光大學,03211028,傳播學系,D 日,M 碩士,12,112
1050,佛光大學,04131030,管理學系,D 日,M 碩士,25,112
1050,佛光大學,04131030,管理學系,N 職,M 碩士,53,112
1050,佛光大學,04134025,公共事務學系,D 日,M 碩士,21,112
1050,佛光大學,04134025,公共事務學系,N 職,M 碩士,17,112
1050,佛光大學,06134032,資訊應用學系,D 日,M 碩士,9,112
1050,佛光大學,06134032,資訊應用學系,N 職,M 碩士,6,112
1051,台南應用科技大學,02112012,視覺傳達設計系創新應用設計碩士班,D 日,M 碩士,15,112
1051,台南應用科技大學,02112012,視覺傳達設計系創新應用設計碩士班(碩士在職專班),N 職,M 碩士,1,112
1051,台南應用科技大學,02124015,室內設計系碩士班,D 日,M 碩士,10,112
1051,台南應用科技大學,02131001,美術系碩士班,D 日,M 碩士,43,112
1051,台南應用科技大學,02131001,美術系碩士在職專班,N 職,M 碩士,14,112
1051,台南應用科技大學,02151003,音樂系碩士班,D 日,M 碩士,11,112
1051,台南應用科技大學,02151003,音樂系碩士在職專班,N 職,M 碩士,22,112
1051,台南應用科技大學,04141023,國際企業經營系碩士班,D 日,M 碩士,10,112
1051,台南應用科技大學,04141023,國際企業經營系碩士在職專班,N 職,M 碩士,25,112
1051,台南應用科技大學,10111038,生活服務產業系生活應用科學碩士班,D 日,M 碩士,30,112
1051,台南應用科技大學,10111038,生活服務產業系生活應用科學碩士在職專班,N 職,M 碩士,41,112
1052,遠東科技大學,04132011,行銷與流通管理系碩士班,D 日,M 碩士,127,112
1052,遠東科技大學,04199042,創新商品設計與創業管理系碩士班,D 日,M 碩士,0,112
1052,遠東科技大學,07141017,電機工程系碩士班,D 日,M 碩士,13,112
1052,遠東科技大學,07151022,機械工程系碩士班,D 日,M 碩士,11,112
1052,遠東科技大學,07151022,機械工程系碩士在職專班,N 職,M 碩士,29,112
1052,遠東科技大學,10131031,餐飲管理系餐飲經營與安全管理碩士班,D 日,M 碩士,23,112
1052,遠東科技大學,10152033,休閒運動管理碩士學位學程,D 日,M 碩士,33,112
1053,元培醫事科技大學,02122044,茶陶文創碩士學位學程,D 日,M 碩士,19,112
1053,元培醫事科技大學,04131003,企業管理系碩士班,D 日,M 碩士,26,112
1053,元培醫事科技大學,04133007,醫務管理系碩士班,D 日,M 碩士,43,112
1053,元培醫事科技大學,04133007,醫務管理系碩士在職專班,N 職,M 碩士,34,112
1053,元培醫事科技大學,06134012,資訊管理系數位創新管理碩士班,D 日,M 碩士,31,112
1053,元培醫事科技大學,07121015,環境工程衛生系碩士班,D 日,M 碩士,18,112
1053,元培醫事科技大學,07193016,生物醫學工程系福祉科技與醫學工程碩士班,D 日,M 碩士,3,112
1053,元培醫事科技大學,07211019,食品科學系碩士班,D 日,M 碩士,16,112
1053,元培醫事科技大學,09131022,護理系碩士班,D 日,M 碩士,31,112
1053,元培醫事科技大學,09141027,醫學檢驗生物技術系碩士班,D 日,M 碩士,6,112
1053,元培醫事科技大學,09141030,醫學影像暨放射技術系碩士班,D 日,M 碩士,17,112
1053,元培醫事科技大學,09141030,醫學影像暨放射技術系碩士在職專班,N 職,M 碩士,1,112
1053,元培醫事科技大學,09161034,生物科技暨製藥技術系碩士班,D 日,M 碩士,9,112
1054,景文科技大學,02112005,視覺傳達設計系數位文創設計碩士班,D 日,M 碩士,2,112
1054,景文科技大學,06199032,資訊與通訊系碩士班,D 日,M 碩士,1,112
1054,景文科技大學,06199032,資訊與通訊系碩士在職專班,N 職,M 碩士,32,112
1054,景文科技大學,07141018,電腦與通訊系碩士在職專班,N 職,M 碩士,0,112
1054,景文科技大學,10151023,旅遊管理系觀光與餐旅管理碩士在職專班,N 職,M 碩士,26,112
1055,中華醫事科技大學,05121006,生物醫學研究所,D 日,M 碩士,0,112
1055,中華醫事科技大學,07199015,製藥工程系生物醫學碩士班,D 日,M 碩士,47,112
1055,中華醫事科技大學,09141021,醫學檢驗生物技術系碩士班,D 日,M 碩士,17,112
1055,中華醫事科技大學,09141022,視光系碩士班,D 日,M 碩士,23,112
1055,中華醫事科技大學,10221013,職業安全衛生系碩士班,D 日,M 碩士,12,112
1055,中華醫事科技大學,10221013,職業安全衛生系碩士在職專班,N 職,M 碩士,29,112
1056,東南科技大學,04131047,產業經營管理研究所,D 日,M 碩士,84,112
1056,東南科技大學,07141011,電機工程系碩士班,D 日,M 碩士,4,112
1056,東南科技大學,07151013,機械工程系碩士班,D 日,M 碩士,17,112
1056,東南科技大學,07151013,機械工程系碩士在職專班,N 職,M 碩士,16,112
1056,東南科技大學,07321015,營建與空間設計系營建科技與防災碩士班,D 日,M 碩士,32,112
1056,東南科技大學,07321015,營建與空間設計系營建科技與防災碩士在職專班,N 職,M 碩士,51,112
1057,德明財經科技大學,04121008,財務金融系理財與稅務管理碩士班,D 日,M 碩士,40,112
1057,德明財經科技大學,04143013,行銷管理系碩士在職專班,N 職,M 碩士,25,112
1057,德明財經科技大學,06131021,資訊管理系,N 職,M 碩士,1,112
1058,明道大學,01199045,教育藝術與療癒研究所,D 日,M 碩士,16,112
1058,明道大學,01199045,教育藝術與療癒研究所,N 職,M 碩士,18,112
1058,明道大學,02122008,人文設計學院設計及規劃碩士班,D 日,M 碩士,5,112
1058,明道大學,02299043,中華文化與傳播學系,D 日,M 碩士,21,112
1058,明道大學,04131013,企業管理學系,D 日,M 碩士,13,112
1058,明道大學,04131019,商管學院企業高階管理碩士班EMBA,N 職,M 碩士,7,112
1058,明道大學,07112046,智慧能源工程學系應用材料碩士班,D 日,M 碩士,4,112
1058,明道大學,08111047,智慧暨精緻農業學系,D 日,M 碩士,15,112
1058,明道大學,10131039,餐旅管理學系,D 日,M 碩士,9,112
1058,明道大學,10152040,休閒保健學系,D 日,M 碩士,4,112
1060,南開科技大學,07161037,車輛工程系車輛與機電產業碩士班,D 日,M 碩士,16,112
1060,南開科技大學,09211035,長期照顧與管理系福祉科技與服務管理碩士班,D 日,M 碩士,30,112
1060,南開科技大學,09211035,長期照顧與管理系福祉科技與服務管理碩士在職專班,N 職,M 碩士,48,112
1060,南開科技大學,10131033,休閒事業管理系碩士班,D 日,M 碩士,25,112
1061,中華科技大學,04131003,企業管理系經營管理碩士班,D 日,M 碩士,3,112
1061,中華科技大學,04191039,企業資訊與管理系經營管理碩士班,D 日,M 碩士,51,112
1061,中華科技大學,05121010,生物科技系健康科技碩士班,D 日,M 碩士,22,112
1061,中華科技大學,05121010,生物科技系健康科技碩士在職專班,N 職,M 碩士,18,112
1061,中華科技大學,07141014,電子工程系,D 日,M 碩士,1,112
1061,中華科技大學,07141038,電機與資訊工程系碩士班,D 日,M 碩士,22,112
1061,中華科技大學,07151017,機械工程系機電光碩士班,D 日,M 碩士,10,112
1061,中華科技大學,07151017,機械工程系機電光碩士在職專班,N 職,M 碩士,12,112
1061,中華科技大學,07162019,航空機械系飛機系統工程碩士班,D 日,M 碩士,4,112
1061,中華科技大學,07162019,航空機械系_現役軍人營區在職專班,N 職,M 碩士,16,112
1061,中華科技大學,07311025,建築系碩士班,D 日,M 碩士,69,112
1061,中華科技大學,07311025,建築系碩士在職專班,N 職,M 碩士,17,112
1061,中華科技大學,07321021,土木工程系土木防災與管理碩士班,D 日,M 碩士,2,112
1061,中華科技大學,07321021,土木工程系土木防災與管理碩士班,N 職,M 碩士,2,112
1061,中華科技大學,10413033,航空服務管理系航空運輸管理碩士班,D 日,M 碩士,13,112
1061,中華科技大學,10413033,航空服務管理系航空運輸管理碩士在職專班,N 職,M 碩士,21,112
1062,僑光科技大學,04121013,財務金融系碩士班,D 日,M 碩士,27,112
1062,僑光科技大學,04131009,企業管理系碩士班,D 日,M 碩士,15,112
1062,僑光科技大學,04131009,企業管理系碩士在職專班,N 職,M 碩士,58,112
1062,僑光科技大學,06131019,資訊科技系碩士班,D 日,M 碩士,20,112
1063,育達科技大學,04143022,行銷與流通管理系碩士班,D 日,M 碩士,21,112
1063,育達科技大學,04143022,行銷與流通管理系碩士在職專班,N 職,M 碩士,57,112
1063,育達科技大學,06131024,資訊管理系碩士班,D 日,M 碩士,39,112
1063,育達科技大學,06131024,資訊管理系碩士在職專班,N 職,M 碩士,56,112
1063,育達科技大學,10151031,休閒事業管理系_現役軍人營區在職專班,N 職,M 碩士,1,112
1063,育達科技大學,10151038,觀光休閒管理系碩士班,D 日,M 碩士,63,112
1063,育達科技大學,10151038,觀光休閒管理系碩士在職專班,N 職,M 碩士,72,112
1064,美和科技大學,04131004,企業管理系經營管理碩士班,D 日,M 碩士,1,112
1064,美和科技大學,04131004,企業管理系經營管理碩士在職專班,N 職,M 碩士,66,112
1064,美和科技大學,05121008,生物科技系健康產業碩士班,D 日,M 碩士,7,112
1064,美和科技大學,09131013,護理系健康照護碩士班,D 日,M 碩士,26,112
1064,美和科技大學,09131013,護理系_境外專班,N 職,M 碩士,88,112
1064,美和科技大學,09211034,跨專業長期照護碩士學位學程,D 日,M 碩士,14,112
1064,美和科技大學,09231016,社會工作系碩士班,D 日,M 碩士,76,112
1064,美和科技大學,10152020,運動與休閒管理系碩士班,D 日,M 碩士,36,112
1065,吳鳳科技大學,02112005,應用數位媒體系碩士在職專班,N 職,M 碩士,38,112
1065,吳鳳科技大學,07141016,電機工程系光機電暨材料碩士班,D 日,M 碩士,14,112
1065,吳鳳科技大學,10131024,餐旅管理系餐旅管理與餐飲安全碩士班,D 日,M 碩士,21,112
1065,吳鳳科技大學,10321029,消防系碩士在職專班,N 職,M 碩士,23,112
1066,環球科技大學,02112003,視覺傳達設計系文化創意設計碩士班,D 日,M 碩士,14,112
1066,環球科技大學,04131011,企業管理系中小企業經營策略管理碩士班,D 日,M 碩士,24,112
1066,環球科技大學,04134006,公共事務管理研究所,N 職,M 碩士,28,112
1066,環球科技大學,05211030,觀光與生態旅遊系環境資源管理碩士班,D 日,M 碩士,6,112
1066,環球科技大學,07211024,生物技術系碩士班,D 日,M 碩士,1,112
1067,台灣首府大學,01111001,教育研究所,D 日,M 碩士,0,112
1067,台灣首府大學,01121002,幼兒教育學系,D 日,M 碩士,0,112
1067,台灣首府大學,10152038,休閒管理學系,D 日,M 碩士,0,112
1068,中州科技大學,07211023,保健食品系,D 日,M 碩士,0,112
1068,中州科技大學,07211023,保健食品系碩士在職專班,N 職,M 碩士,0,112
1069,修平科技大學,04199015,人力資源管理與發展系碩士班,D 日,M 碩士,63,112
1069,修平科技大學,07141019,電機工程系碩士班,D 日,M 碩士,15,112
1069,修平科技大學,07151021,機械工程系精密機械與製造科技碩士班,D 日,M 碩士,4,112
1069,修平科技大學,07191026,工業工程與管理系精實生產管理碩士班,D 日,M 碩士,11,112
1069,修平科技大學,07191026,工業工程與管理系精實生產管理碩士在職專班,N 職,M 碩士,55,112
1070,長庚科技大學,05121001,健康產業科技研究所,D 日,M 碩士,21,112
1070,長庚科技大學,09131004,護理系碩士班,D 日,M 碩士,22,112
1070,長庚科技大學,09131004,護理系碩士在職專班,N 職,M 碩士,165,112
1070,長庚科技大學,09131010,高齡暨健康照護管理系碩士班,D 日,M 碩士,37,112
1071,臺北城市科技大學,04131007,企業管理系電子商務碩士班,D 日,M 碩士,26,112
1071,臺北城市科技大學,07151017,機械工程系機電整合碩士班,D 日,M 碩士,28,112
1071,臺北城市科技大學,10152027,休閒事業系碩士班,D 日,M 碩士,43,112
1073,醒吾科技大學,04132019,行銷與流通管理系碩士班,D 日,M 碩士,14,112
1073,醒吾科技大學,04132019,行銷與流通管理系所_境外專班,N 職,M 碩士,62,112
1073,醒吾科技大學,06134023,資訊科技應用系碩士班,D 日,M 碩士,3,112
1073,醒吾科技大學,06134023,資訊科技應用系碩士在職專班,N 職,M 碩士,17,112
1073,醒吾科技大學,10151026,觀光休閒系碩士班,D 日,M 碩士,32,112
1075,文藻外語大學,01131002,外語教學系外語文教事業發展碩士在職專班,N 職,M 碩士,32,112
1075,文藻外語大學,02199018,傳播藝術系創意藝術產業碩士在職專班,N 職,M 碩士,24,112
1075,文藻外語大學,02311005,外語文教事業發展研究所,D 日,M 碩士,4,112
1075,文藻外語大學,02311007,英國語文系碩士班,D 日,M 碩士,35,112
1075,文藻外語大學,02312013,翻譯系碩士班,D 日,M 碩士,36,112
1075,文藻外語大學,02323004,應用華語文系華語文教學碩士班,D 日,M 碩士,49,112
1075,文藻外語大學,03122016,國際事務系碩士班,D 日,M 碩士,27,112
1075,文藻外語大學,03143015,歐洲研究所,D 日,M 碩士,25,112
1075,文藻外語大學,03191026,東南亞學系碩士班,D 日,M 碩士,28,112
1075,文藻外語大學,04131020,國際企業管理系碩士班,D 日,M 碩士,20,112
1075,文藻外語大學,04131020,國際企業管理系碩士班,N 職,M 碩士,1,112
1076,華夏科技大學,04199004,企業管理系資產與物業管理碩士班,D 日,M 碩士,4,112
1076,華夏科技大學,04199004,企業管理系資產與物業管理碩士在職專班,N 職,M 碩士,9,112
1076,華夏科技大學,04199005,資產與物業管理系_境外專班,N 職,M 碩士,2,112
1076,華夏科技大學,06131009,資訊管理系碩士在職專班,N 職,M 碩士,18,112
1076,華夏科技大學,07141016,智慧型機器人研究所,D 日,M 碩士,13,112
1077,慈濟科技大學,04133012,醫務暨健康管理系碩士班,D 日,M 碩士,6,112
1077,慈濟科技大學,06131005,資訊科技與管理系碩士班,D 日,M 碩士,14,112
1077,慈濟科技大學,09131007,護理系碩士班,D 日,M 碩士,16,112
1077,慈濟科技大學,09141010,醫學影像暨放射科學系碩士班,D 日,M 碩士,14,112
1077,慈濟科技大學,09211011,長期照護研究所,D 日,M 碩士,30,112
1077,慈濟科技大學,10199015,觀光餐旅系,D 日,M 碩士,5,112
1078,致理科技大學,04131014,企業管理系服務業經營管理碩士班,D 日,M 碩士,33,112
1078,致理科技大學,04131014,企業管理系服務業經營管理碩士在職專班,N 職,M 碩士,54,112
1078,致理科技大學,04141015,國際貿易系國際經營與數位貿易碩士班,D 日,M 碩士,17,112
1078,致理科技大學,06111023,商務智慧與創新研究所,D 日,M 碩士,4,112
1079,康寧大學,03211009,資訊傳播學系,N 職,M 碩士,0,112
1079,康寧大學,04131011,企業管理學系,D 日,M 碩士,0,112
1079,康寧大學,04131011,企業管理學系,N 職,M 碩士,5,112
1079,康寧大學,10152055,休閒管理學系,D 日,M 碩士,0,112
1080,宏國德霖科技大學,04131006,企業管理系碩士班,D 日,M 碩士,39,112
1081,東方設計大學,02122014,流行商品設計系碩士班,D 日,M 碩士,3,112
1081,東方設計大學,02122018,文化創意設計研究所,D 日,M 碩士,4,112
1081,東方設計大學,02122018,文化創意設計研究所,N 職,M 碩士,6,112
1081,東方設計大學,02124017,室內設計系住居整合設計碩士班,D 日,M 碩士,4,112
1081,東方設計大學,02141002,美術工藝系碩士班,D 日,M 碩士,12,112
1081,東方設計大學,10121032,時尚美妝設計系碩士班,D 日,M 碩士,4,112
1082,崇右影藝科技大學,02191035,文化創意研究所,D 日,M 碩士,33,112
1083,台北海洋科技大學,07211030,食品健康科技系碩士班,D 日,M 碩士,11,112
1083,台北海洋科技大學,10151032,海洋休閒觀光管理系碩士班,D 日,M 碩士,62,112
1083,台北海洋科技大學,10412033,海空物流與行銷管理系碩士班,D 日,M 碩士,53,112
1084,亞東科技大學,04132003,行銷與流通管理系碩士班,D 日,M 碩士,21,112
1084,亞東科技大學,07141012,通訊工程系碩士班,D 日,M 碩士,24,112
1084,亞東科技大學,07192019,材料與纖維系應用科技碩士班,D 日,M 碩士,0,112
1084,亞東科技大學,07192025,材料織品服裝系應用科技碩士班,D 日,M 碩士,13,112
1125,中信金融管理學院,04131012,企業管理學系金融管理碩士班,D 日,M 碩士,62,112
1125,中信金融管理學院,04131012,企業管理學系金融管理碩士在職專班,N 職,M 碩士,44,112
1125,中信金融管理學院,04212022,財經法律學系,D 日,M 碩士,28,112
1125,中信金融管理學院,06131034,科技金融研究所,D 日,M 碩士,24,112
1148,大漢技術學院,04131005,企業管理系流通與行銷管理碩士班,D 日,M 碩士,45,112
1148,大漢技術學院,07321019,土木工程與環境資源管理系碩士班,D 日,M 碩士,28,112
1168,南亞技術學院,07151012,機械工程系機械與機電工程碩士班,D 日,M 碩士,1,112
1183,黎明技術學院,07192031,織品技術管理研究所,D 日,M 碩士,14,112
1185,德育護理健康學院,04199001,健康產業管理研究所,D 日,M 碩士,18,112
1185,德育護理健康學院,04199001,健康產業管理研究所,N 職,M 碩士,54,112
1185,德育護理健康學院,09221011,幼兒保育系碩士班,D 日,M 碩士,27,112
1195,馬偕醫學院,05199001,生物醫學研究所,D 日,M 碩士,6,112
1195,馬偕醫學院,07193006,高齡福祉科技研究所,D 日,M 碩士,14,112
1195,馬偕醫學院,09131004,護理學系,D 日,M 碩士,8,112
1195,馬偕醫學院,09131005,長期照護研究所,D 日,M 碩士,21,112
1195,馬偕醫學院,09131005,長期照護研究所長期照護跨領域碩士在職專班,N 職,M 碩士,33,112
1195,馬偕醫學院,09153003,聽力暨語言治療學系,D 日,M 碩士,12,112
1196,法鼓文理學院,01199001,生命教育碩士學位學程,D 日,M 碩士,143,112
1196,法鼓文理學院,02211002,佛教學系,D 日,M 碩士,67,112
1196,法鼓文理學院,03141004,社區再造碩士學位學程,D 日,M 碩士,0,112
1196,法鼓文理學院,04134003,社會企業與創新碩士學位學程,D 日,M 碩士,35,112
1196,法鼓文理學院,04134006,社會企業與心靈環保碩士在職學位學程,N 職,M 碩士,20,112
1196,法鼓文理學院,05211005,環境與發展碩士學位學程,D 日,M 碩士,2,112
3002,臺北市立大學,01111001,教育學系,D 日,M 碩士,37,112
3002,臺北市立大學,01113029,特殊教育學系,D 日,M 碩士,118,112
3002,臺北市立大學,01113029,特殊教育學系,N 職,M 碩士,59,112
3002,臺北市立大學,01114035,教育行政與評鑑研究所,D 日,M 碩士,43,112
3002,臺北市立大學,01114035,教育行政與評鑑研究所,N 職,M 碩士,97,112
3002,臺北市立大學,01115036,學習與媒材設計學系課程與教學碩士班,D 日,M 碩士,48,112
3002,臺北市立大學,01115036,學習與媒材設計學系課程與教學碩士學位班,N 職,M 碩士,98,112
3002,臺北市立大學,01121027,幼兒教育學系,D 日,M 碩士,83,112
3002,臺北市立大學,01121027,幼兒教育學系,N 職,M 碩士,93,112
3002,臺北市立大學,01131017,英語教學系,D 日,M 碩士,39,112
3002,臺北市立大學,01141025,體育學系,D 日,M 碩士,50,112
3002,臺北市立大學,01141025,體育學系,N 職,M 碩士,119,112
3002,臺北市立大學,01141026,運動教育研究所,D 日,M 碩士,42,112
3002,臺北市立大學,01141026,運動教育研究所,N 職,M 碩士,47,112
3002,臺北市立大學,01141030,身心障礙者轉銜及休閒教育碩士學位學程,D 日,M 碩士,42,112
3002,臺北市立大學,02111040,視覺藝術學系,D 日,M 碩士,99,112
3002,臺北市立大學,02111040,視覺藝術學系,N 職,M 碩士,98,112
3002,臺北市立大學,02151037,音樂學系,D 日,M 碩士,69,112
3002,臺北市立大學,02151037,音樂學系,N 職,M 碩士,72,112
3002,臺北市立大學,02152039,舞蹈學系,D 日,M 碩士,43,112
3002,臺北市立大學,02221019,歷史與地理學系,D 日,M 碩士,49,112
3002,臺北市立大學,02221019,歷史與地理學系社會科教學碩士學位班,N 職,M 碩士,66,112
3002,臺北市立大學,02322043,中國語文學系,D 日,M 碩士,35,112
3002,臺北市立大學,02322043,中國語文學系,N 職,M 碩士,79,112
3002,臺北市立大學,02323007,華語文教學碩士學位學程,D 日,M 碩士,44,112
3002,臺北市立大學,03131055,心理與諮商學系,D 日,M 碩士,83,112
3002,臺北市立大學,03131055,心理與諮商學系心理與諮商教學碩士學位班,N 職,M 碩士,47,112
3002,臺北市立大學,04134056,社會暨公共事務學系公共事務學碩士班,D 日,M 碩士,24,112
3002,臺北市立大學,04134056,社會暨公共事務學系,N 職,M 碩士,61,112
3002,臺北市立大學,04134057,國民小學教師在職進修公民與社會教學碩士學位班,N 職,M 碩士,0,112
3002,臺北市立大學,04143045,都會產業經營與行銷學系,D 日,M 碩士,15,112
3002,臺北市立大學,05211023,地球環境暨生物資源學系環境教育與資源碩士班,D 日,M 碩士,42,112
3002,臺北市立大學,05211023,地球環境暨生物資源學系環境教育碩士在職專班,N 職,M 碩士,59,112
3002,臺北市立大學,05399011,應用物理暨化學系應用科學碩士班,D 日,M 碩士,10,112
3002,臺北市立大學,05399011,應用物理暨化學系應用科學碩士在職專班,N 職,M 碩士,6,112
3002,臺北市立大學,05411012,數學系數據科學與數學教育碩士班,D 日,M 碩士,21,112
3002,臺北市立大學,05411012,數學系數據科學與數學教育碩士在職專班,N 職,M 碩士,45,112
3002,臺北市立大學,06131016,資訊科學系,D 日,M 碩士,51,112
3002,臺北市立大學,06131016,資訊科學系,N 職,M 碩士,77,112
3002,臺北市立大學,07313058,城市發展學系,D 日,M 碩士,19,112
3002,臺北市立大學,09191059,衛生福利學系,D 日,M 碩士,14,112
3002,臺北市立大學,10141053,運動科學研究所,D 日,M 碩士,23,112
3002,臺北市立大學,10141053,運動科學研究所,N 職,M 碩士,27,112
3002,臺北市立大學,10141054,競技運動訓練研究所,D 日,M 碩士,54,112
3002,臺北市立大學,10141054,競技運動訓練研究所,N 職,M 碩士,44,112
3002,臺北市立大學,10142051,運動器材科技研究所,D 日,M 碩士,53,112
3002,臺北市立大學,10142051,運動器材科技研究所,N 職,M 碩士,1,112
3002,臺北市立大學,10142052,運動健康科學系,D 日,M 碩士,37,112
3002,臺北市立大學,10152050,休閒運動管理學系,D 日,M 碩士,43,112
3002,臺北市立大學,10152050,休閒運動管理學系,N 職,M 碩士,53,112
1,國立政治大學,01111001,教育學系,D 日,M 碩士,34,113
1,國立政治大學,01114005,教育行政與政策研究所,D 日,M 碩士,40,113
1,國立政治大學,01114006,學校行政碩士在職專班,N 職,M 碩士,87,113
1,國立政治大學,01121004,幼兒教育研究所,D 日,M 碩士,28,113
1,國立政治大學,02211019,宗教研究所,D 日,M 碩士,30,113
1,國立政治大學,02221020,歷史學系,D 日,M 碩士,49,113
1,國立政治大學,02221021,台灣史研究所,D 日,M 碩士,57,113
1,國立政治大學,02222031,民族學系,D 日,M 碩士,18,113
1,國立政治大學,02231022,哲學系,D 日,M 碩士,37,113
1,國立政治大學,02299098,亞際文化研究國際碩士學位學程,D 日,M 碩士,3,113
1,國立政治大學,02311009,英國語文學系,D 日,M 碩士,53,113
1,國立政治大學,02311009,英國語文學系英語教學碩士在職專班,N 職,M 碩士,27,113
1,國立政治大學,02311011,日本語文學系,D 日,M 碩士,20,113
1,國立政治大學,02311014,韓國語文學系,D 日,M 碩士,24,113
1,國立政治大學,02311017,斯拉夫語文學系,D 日,M 碩士,12,113
1,國立政治大學,02321007,台灣文學研究所,D 日,M 碩士,35,113
1,國立政治大學,02322008,中國文學系,D 日,M 碩士,82,113
1,國立政治大學,02322008,中國文學系國文教學碩士在職專班,N 職,M 碩士,67,113
1,國立政治大學,02323002,華語文教學碩士學位學程,D 日,M 碩士,64,113
1,國立政治大學,02399018,語言學研究所,D 日,M 碩士,36,113
1,國立政治大學,03111024,經濟學系,D 日,M 碩士,102,113
1,國立政治大學,03111025,應用經濟與社會發展英語碩士學位學程,D 日,M 碩士,40,113
1,國立政治大學,03121026,政治學系,D 日,M 碩士,60,113
1,國立政治大學,03121029,國際事務學院國家安全與大陸研究碩士在職專班,N 職,M 碩士,69,113
1,國立政治大學,03122045,外交學系,D 日,M 碩士,81,113
1,國立政治大學,03122045,外交學系戰略與國際事務碩士在職專班,N 職,M 碩士,95,113
1,國立政治大學,03122046,國際研究英語碩士學位學程,D 日,M 碩士,56,113
1,國立政治大學,03131032,心理學系,D 日,M 碩士,98,113
1,國立政治大學,03131033,輔導與諮商碩士學位學程,D 日,M 碩士,50,113
1,國立政治大學,03141030,社會學系,D 日,M 碩士,63,113
1,國立政治大學,03143023,中東與中亞研究碩士學位學程,D 日,M 碩士,14,113
1,國立政治大學,03143028,東亞研究所,D 日,M 碩士,64,113
1,國立政治大學,03143036,日本研究碩士學位學程,D 日,M 碩士,33,113
1,國立政治大學,03143038,俄羅斯研究所,D 日,M 碩士,26,113
1,國立政治大學,03143040,亞太研究英語碩士學位學程,D 日,M 碩士,85,113
1,國立政治大學,03143043,地政學系,D 日,M 碩士,68,113
1,國立政治大學,03143043,地政學系,N 職,M 碩士,93,113
1,國立政治大學,03143090,土地政策與環境規劃碩士原住民專班,D 日,M 碩士,35,113
1,國立政治大學,03191047,國家發展研究所,D 日,M 碩士,63,113
1,國立政治大學,03199048,勞工研究所,D 日,M 碩士,58,113
1,國立政治大學,03211049,傳播學院傳播碩士學位學程,D 日,M 碩士,216,113
1,國立政治大學,03211050,國際傳播英語碩士學位學程,D 日,M 碩士,59,113
1,國立政治大學,03211056,傳播學院碩士在職專班,N 職,M 碩士,98,113
1,國立政治大學,03214093,全球傳播與創新科技碩士學位學程,D 日,M 碩士,87,113
1,國立政治大學,03222054,圖書資訊與檔案學研究所,D 日,M 碩士,69,113
1,國立政治大學,03222054,圖書資訊與檔案學研究所圖書資訊學數位碩士在職專班,N 職,M 碩士,66,113
1,國立政治大學,04111059,會計學系,D 日,M 碩士,138,113
1,國立政治大學,04121065,財務管理學系,D 日,M 碩士,91,113
1,國立政治大學,04121068,金融學系,D 日,M 碩士,78,113
1,國立政治大學,04121097,國際金融碩士學位學程,D 日,M 碩士,239,113
1,國立政治大學,04122070,財政學系,D 日,M 碩士,74,113
1,國立政治大學,04123069,風險管理與保險學系,D 日,M 碩士,80,113
1,國立政治大學,04131060,企業管理研究所(MBA學位學程),D 日,M 碩士,248,113
1,國立政治大學,04131062,經營管理碩士學程,N 職,M 碩士,548,113
1,國立政治大學,04131064,國際經營管理英語碩士學位學程,D 日,M 碩士,122,113
1,國立政治大學,04134041,公共行政學系,D 日,M 碩士,91,113
1,國立政治大學,04134042,行政管理碩士學程,N 職,M 碩士,354,113
1,國立政治大學,04141067,國際經營與貿易學系,D 日,M 碩士,124,113
1,國立政治大學,04199072,科技管理與智慧財產研究所,D 日,M 碩士,136,113
1,國立政治大學,04211074,法律科際整合研究所,D 日,M 碩士,96,113
1,國立政治大學,04211075,法學院碩士在職專班,N 職,M 碩士,267,113
1,國立政治大學,04212073,法律學系,D 日,M 碩士,241,113
1,國立政治大學,05199083,神經科學研究所,D 日,M 碩士,2,113
1,國立政治大學,05331077,應用物理研究所,D 日,M 碩士,27,113
1,國立政治大學,05411078,應用數學系,D 日,M 碩士,48,113
1,國立政治大學,05421079,統計學系,D 日,M 碩士,61,113
1,國立政治大學,06131080,資訊管理學系,D 日,M 碩士,110,113
1,國立政治大學,06131081,資訊科學系,D 日,M 碩士,143,113
1,國立政治大學,06131081,資訊科學系,N 職,M 碩士,93,113
1,國立政治大學,06131095,資訊安全碩士學位學程,D 日,M 碩士,24,113
1,國立政治大學,06134057,數位內容碩士學位學程,D 日,M 碩士,55,113
1,國立政治大學,09231084,社會工作研究所,D 日,M 碩士,60,113
2,國立清華大學,01111084,教育與學習科技學系,D 日,M 碩士,126,113
2,國立清華大學,01111084,教育與學習科技學系,N 職,M 碩士,196,113
2,國立清華大學,01113095,特殊教育學系,D 日,M 碩士,50,113
2,國立清華大學,01113110,學前特殊教育碩士在職學位學程,N 職,M 碩士,3,113
2,國立清華大學,01115124,華德福教育碩士在職學位學程,N 職,M 碩士,24,113
2,國立清華大學,01121091,幼兒教育學系,D 日,M 碩士,62,113
2,國立清華大學,01121091,幼兒教育學系,N 職,M 碩士,63,113
2,國立清華大學,01131085,數理教育研究所,D 日,M 碩士,68,113
2,國立清華大學,01131085,數理教育研究所,N 職,M 碩士,65,113
2,國立清華大學,01131105,英語教學系,D 日,M 碩士,30,113
2,國立清華大學,01141098,藝術與設計學系美勞教師碩士在職專班,N 職,M 碩士,56,113
2,國立清華大學,01141127,運動科學系,D 日,M 碩士,39,113
2,國立清華大學,01141127,運動科學系,N 職,M 碩士,43,113
2,國立清華大學,01199130,竹師教育學院跨領域STEAM教育碩士在職專班,N 職,M 碩士,53,113
2,國立清華大學,02111136,科技藝術研究所,D 日,M 碩士,19,113
2,國立清華大學,02131098,藝術與設計學系,D 日,M 碩士,73,113
2,國立清華大學,02151096,音樂學系,D 日,M 碩士,65,113
2,國立清華大學,02151096,音樂學系音樂教師碩士在職專班,N 職,M 碩士,1,113
2,國立清華大學,02221006,歷史研究所,D 日,M 碩士,34,113
2,國立清華大學,02222007,人類學研究所,D 日,M 碩士,43,113
2,國立清華大學,02231008,哲學研究所,D 日,M 碩士,25,113
2,國立清華大學,02299009,亞際文化研究國際碩士學位學程(台灣聯合大學系統),D 日,M 碩士,4,113
2,國立清華大學,02311002,外國語文學系,D 日,M 碩士,32,113
2,國立清華大學,02321001,台灣文學研究所,D 日,M 碩士,35,113
2,國立清華大學,02321101,臺灣語言研究與教學研究所,D 日,M 碩士,59,113
2,國立清華大學,02322003,中國文學系,D 日,M 碩士,75,113
2,國立清華大學,02322109,中國語文學系,D 日,M 碩士,2,113
2,國立清華大學,02322109,中國語文學系語文碩士在職專班,N 職,M 碩士,6,113
2,國立清華大學,02323114,華文文學研究所,D 日,M 碩士,58,113
2,國立清華大學,02323144,華語文碩士學位學程,D 日,M 碩士,9,113
2,國立清華大學,02399005,語言學研究所,D 日,M 碩士,32,113
2,國立清華大學,03111011,經濟學系,D 日,M 碩士,46,113
2,國立清華大學,03121139,台北政經學院政治經濟碩士班,D 日,M 碩士,46,113
2,國立清華大學,03131077,教育心理與諮商學系,D 日,M 碩士,116,113
2,國立清華大學,03131077,教育心理與諮商學系,N 職,M 碩士,113,113
2,國立清華大學,03131135,竹師教育學院心理與諮商碩士新加坡境外在職專班,N 職,M 碩士,23,113
2,國立清華大學,03141012,社會學研究所,D 日,M 碩士,70,113
2,國立清華大學,03143013,台灣研究教師在職進修碩士學位班,N 職,M 碩士,67,113
2,國立清華大學,03199015,學習科學研究所,D 日,M 碩士,1,113
2,國立清華大學,03199111,學習科學與科技研究所,D 日,M 碩士,68,113
2,國立清華大學,04121019,科技管理學院財務金融碩士在職專班,N 職,M 碩士,51,113
2,國立清華大學,04121020,計量財務金融學系,D 日,M 碩士,46,113
2,國立清華大學,04131016,經營管理碩士在職專班,N 職,M 碩士,121,113
2,國立清華大學,04131018,國際專業管理碩士班,D 日,M 碩士,68,113
2,國立清華大學,04134014,科技管理學院公共政策與管理碩士在職專班,N 職,M 碩士,54,113
2,國立清華大學,04199017,科技管理研究所,D 日,M 碩士,60,113
2,國立清華大學,04199021,高階經營管理碩士在職專班,N 職,M 碩士,183,113
2,國立清華大學,04199022,服務科學研究所,D 日,M 碩士,47,113
2,國立清華大學,04199131,科技管理學院健康政策與經營管理碩士在職專班,N 職,M 碩士,30,113
2,國立清華大學,04212024,科技法律研究所,D 日,M 碩士,96,113
2,國立清華大學,05121026,生物科技研究所,D 日,M 碩士,54,113
2,國立清華大學,05121028,分子與細胞生物研究所,D 日,M 碩士,55,113
2,國立清華大學,05121030,生物資訊與結構生物研究所,D 日,M 碩士,60,113
2,國立清華大學,05121072,分子醫學研究所,D 日,M 碩士,45,113
2,國立清華大學,05121143,藥品與醫材法規科學碩士在職學位學程,N 職,M 碩士,24,113
2,國立清華大學,05199033,系統神經科學研究所,D 日,M 碩士,35,113
2,國立清華大學,05211102,環境與文化資源學系,D 日,M 碩士,57,113
2,國立清華大學,05211102,環境與文化資源學系,N 職,M 碩士,46,113
2,國立清華大學,05211121,分析與環境科學研究所,D 日,M 碩士,48,113
2,國立清華大學,05311037,化學系,D 日,M 碩士,208,113
2,國立清華大學,05331038,物理學系,D 日,M 碩士,200,113
2,國立清華大學,05332039,天文研究所,D 日,M 碩士,22,113
2,國立清華大學,05399040,先進光源科技碩士學位學程,D 日,M 碩士,1,113
2,國立清華大學,05411043,數學系,D 日,M 碩士,58,113
2,國立清華大學,05411115,計算與建模科學研究所,D 日,M 碩士,33,113
2,國立清華大學,05421044,統計學研究所,D 日,M 碩士,0,113
2,國立清華大學,05421147,統計與數據科學研究所,D 日,M 碩士,56,113
2,國立清華大學,06131053,資訊工程學系,D 日,M 碩士,413,113
2,國立清華大學,06131122,資訊安全研究所,D 日,M 碩士,57,113
2,國立清華大學,06134046,資訊系統與應用研究所,D 日,M 碩士,136,113
2,國立清華大學,07111057,化學工程學系,D 日,M 碩士,211,113
2,國立清華大學,07112058,材料科學工程學系,D 日,M 碩士,319,113
2,國立清華大學,07131068,核子工程與科學研究所,D 日,M 碩士,53,113
2,國立清華大學,07141049,電機工程學系,D 日,M 碩士,395,113
2,國立清華大學,07141050,電子工程研究所,D 日,M 碩士,222,113
2,國立清華大學,07141052,光電工程研究所,D 日,M 碩士,147,113
2,國立清華大學,07141054,通訊工程研究所,D 日,M 碩士,162,113
2,國立清華大學,07141146,半導體研究學院碩士班,D 日,M 碩士,195,113
2,國立清華大學,07151056,動力機械工程學系,D 日,M 碩士,357,113
2,國立清華大學,07151134,AI智慧製造與工業物聯網產業碩士專班,D 日,M 碩士,0,113
2,國立清華大學,07151138,電動載具先進智慧製造技術產業碩士專班,D 日,M 碩士,3,113
2,國立清華大學,07151141,AI智慧製造與智慧物聯網產業碩士專班,D 日,M 碩士,8,113
2,國立清華大學,07151145,流體機械暨先進材料與智慧檢測產業碩士專班,D 日,M 碩士,2,113
2,國立清華大學,07151148,智慧製造技術產業碩士專班,D 日,M 碩士,12,113
2,國立清華大學,07191061,工業工程與工程管理學系,D 日,M 碩士,212,113
2,國立清華大學,07191061,工業工程與工程管理學系,N 職,M 碩士,123,113
2,國立清華大學,07191123,智慧製造跨院高階主管碩士在職學位學程,N 職,M 碩士,70,113
2,國立清華大學,07193063,生醫工程與環境科學系,D 日,M 碩士,95,113
2,國立清華大學,07193065,生物醫學工程研究所,D 日,M 碩士,41,113
2,國立清華大學,07194059,奈米工程與微系統研究所,D 日,M 碩士,60,113
2,國立清華大學,07194066,工程與系統科學系,D 日,M 碩士,202,113
2,國立清華大學,99999074,跨院國際碩士學位學程,D 日,M 碩士,48,113
3,國立臺灣大學,01131001,華語教學碩士學位學程,D 日,M 碩士,56,113
3,國立臺灣大學,02151002,音樂學研究所,D 日,M 碩士,24,113
3,國立臺灣大學,02152003,戲劇學系,D 日,M 碩士,27,113
3,國立臺灣大學,02191004,藝術史研究所,D 日,M 碩士,46,113
3,國立臺灣大學,02221012,歷史學系,D 日,M 碩士,65,113
3,國立臺灣大學,02222013,人類學系,D 日,M 碩士,41,113
3,國立臺灣大學,02231014,哲學系,D 日,M 碩士,44,113
3,國立臺灣大學,02311007,外國語文學系,D 日,M 碩士,71,113
3,國立臺灣大學,02311009,日本語文學系,D 日,M 碩士,48,113
3,國立臺灣大學,02312010,翻譯碩士學位學程,D 日,M 碩士,57,113
3,國立臺灣大學,02321005,臺灣文學研究所,D 日,M 碩士,42,113
3,國立臺灣大學,02322006,中國文學系,D 日,M 碩士,89,113
3,國立臺灣大學,02399011,語言學研究所,D 日,M 碩士,33,113
3,國立臺灣大學,03111015,經濟學系,D 日,M 碩士,108,113
3,國立臺灣大學,03111015,經濟學系,N 職,M 碩士,72,113
3,國立臺灣大學,03121016,政治學系,D 日,M 碩士,131,113
3,國立臺灣大學,03121016,政治學系,N 職,M 碩士,82,113
3,國立臺灣大學,03131019,心理學系,D 日,M 碩士,115,113
3,國立臺灣大學,03141018,社會學系,D 日,M 碩士,50,113
3,國立臺灣大學,03142021,地理環境資源學系,D 日,M 碩士,65,113
3,國立臺灣大學,03142021,地理環境資源學系,N 職,M 碩士,0,113
3,國立臺灣大學,03191023,國家發展研究所,D 日,M 碩士,178,113
3,國立臺灣大學,03191023,國家發展研究所,N 職,M 碩士,58,113
3,國立臺灣大學,03212024,新聞研究所,D 日,M 碩士,97,113
3,國立臺灣大學,03222025,圖書資訊學系,D 日,M 碩士,73,113
3,國立臺灣大學,04111027,會計學系,D 日,M 碩士,100,113
3,國立臺灣大學,04121032,財務金融學系,D 日,M 碩士,142,113
3,國立臺灣大學,04131026,商學研究所,D 日,M 碩士,137,113
3,國立臺灣大學,04131028,管理學院企業管理碩士專班,D 日,M 碩士,186,113
3,國立臺灣大學,04131030,事業經營碩士在職學位學程,N 職,M 碩士,62,113
3,國立臺灣大學,04131031,國際企業學系,D 日,M 碩士,145,113
3,國立臺灣大學,04134022,公共事務研究所,D 日,M 碩士,53,113
3,國立臺灣大學,04199034,臺大復旦EMBA境外專班,N 職,M 碩士,259,113
3,國立臺灣大學,04199146,管理學院碩士在職專班,N 職,M 碩士,434,113
3,國立臺灣大學,04199148,管理學院創業創新管理碩士在職專班,N 職,M 碩士,86,113
3,國立臺灣大學,04211035,法律學系,D 日,M 碩士,481,113
3,國立臺灣大學,04212036,科際整合法律學研究所,D 日,M 碩士,153,113
3,國立臺灣大學,04212037,事業經營法務碩士在職學位學程,N 職,M 碩士,73,113
3,國立臺灣大學,05111038,生命科學系,D 日,M 碩士,82,113
3,國立臺灣大學,05111040,植物科學研究所,D 日,M 碩士,59,113
3,國立臺灣大學,05111041,昆蟲學系,D 日,M 碩士,32,113
3,國立臺灣大學,05121044,生物科技研究所,D 日,M 碩士,38,113
3,國立臺灣大學,05121045,生化科學研究所,D 日,M 碩士,55,113
3,國立臺灣大學,05121046,分子與細胞生物學研究所,D 日,M 碩士,55,113
3,國立臺灣大學,05121047,基因體與系統生物學學位學程,D 日,M 碩士,16,113
3,國立臺灣大學,05121151,生化科技學系,D 日,M 碩士,111,113
3,國立臺灣大學,05121160,生物科技管理碩士在職學位學程,N 職,M 碩士,59,113
3,國立臺灣大學,05123050,生物化學暨分子生物學研究所,D 日,M 碩士,51,113
3,國立臺灣大學,05199167,生物多樣性國際碩士學位學程,D 日,M 碩士,16,113
3,國立臺灣大學,05212043,生態學與演化生物學研究所,D 日,M 碩士,62,113
3,國立臺灣大學,05291178,防災減害與韌性碩士學位學程,D 日,M 碩士,5,113
3,國立臺灣大學,05311051,化學系,D 日,M 碩士,297,113
3,國立臺灣大學,05321052,地質科學系,D 日,M 碩士,76,113
3,國立臺灣大學,05321053,氣候變遷與永續發展國際碩士學位學程,D 日,M 碩士,34,113
3,國立臺灣大學,05322056,大氣科學系,D 日,M 碩士,40,113
3,國立臺灣大學,05323057,海洋研究所,D 日,M 碩士,87,113
3,國立臺灣大學,05331054,物理學系,D 日,M 碩士,181,113
3,國立臺灣大學,05331055,應用物理學研究所,D 日,M 碩士,52,113
3,國立臺灣大學,05332058,天文物理研究所,D 日,M 碩士,16,113
3,國立臺灣大學,05411059,數學系,D 日,M 碩士,37,113
3,國立臺灣大學,05421060,統計碩士學位學程,D 日,M 碩士,34,113
3,國立臺灣大學,05421168,統計與數據科學研究所,D 日,M 碩士,34,113
3,國立臺灣大學,05421176,健康數據拓析統計研究所,D 日,M 碩士,32,113
3,國立臺灣大學,05499061,應用數學科學研究所,D 日,M 碩士,15,113
3,國立臺灣大學,06131062,資訊管理學系,D 日,M 碩士,143,113
3,國立臺灣大學,06131063,資訊網路與多媒體研究所,D 日,M 碩士,149,113
3,國立臺灣大學,06131067,資訊工程學系,D 日,M 碩士,438,113
3,國立臺灣大學,06131067,資訊工程學系,N 職,M 碩士,20,113
3,國立臺灣大學,06131081,生醫電子與資訊學研究所,D 日,M 碩士,151,113
3,國立臺灣大學,06131158,資料科學碩士學位學程,D 日,M 碩士,33,113
3,國立臺灣大學,07111076,化學工程學系,D 日,M 碩士,272,113
3,國立臺灣大學,07111077,高分子科學與工程學研究所,D 日,M 碩士,77,113
3,國立臺灣大學,07112078,材料科學與工程學系,D 日,M 碩士,207,113
3,國立臺灣大學,07121080,環境工程學研究所,D 日,M 碩士,150,113
3,國立臺灣大學,07121080,環境工程學研究所,N 職,M 碩士,18,113
3,國立臺灣大學,07141064,電機工程學系,D 日,M 碩士,295,113
3,國立臺灣大學,07141065,電子工程學研究所,D 日,M 碩士,443,113
3,國立臺灣大學,07141066,光電工程學研究所,D 日,M 碩士,309,113
3,國立臺灣大學,07141068,電信工程學研究所,D 日,M 碩士,379,113
3,國立臺灣大學,07141068,電信工程學研究所智慧科技與資訊安全碩士在職專班,N 職,M 碩士,19,113
3,國立臺灣大學,07141173,積體電路設計與自動化碩士學位學程,D 日,M 碩士,50,113
3,國立臺灣大學,07141174,元件材料與異質整合碩士學位學程,D 日,M 碩士,57,113
3,國立臺灣大學,07151069,機械工程學系,D 日,M 碩士,512,113
3,國立臺灣大學,07151071,應用力學研究所,D 日,M 碩士,209,113
3,國立臺灣大學,07151082,工程科學及海洋工程學系,D 日,M 碩士,239,113
3,國立臺灣大學,07151161,生物機電工程學系,D 日,M 碩士,122,113
3,國立臺灣大學,07191079,工業工程學研究所,D 日,M 碩士,81,113
3,國立臺灣大學,07191079,工業工程學研究所,N 職,M 碩士,39,113
3,國立臺灣大學,07193083,醫學工程學系,D 日,M 碩士,141,113
3,國立臺灣大學,07193181,精準健康碩士學位學程,D 日,M 碩士,21,113
3,國立臺灣大學,07194175,奈米工程與科學碩士學位學程,D 日,M 碩士,45,113
3,國立臺灣大學,07211099,食品科技研究所,D 日,M 碩士,91,113
3,國立臺灣大學,07313086,建築與城鄉研究所,D 日,M 碩士,141,113
3,國立臺灣大學,07321074,土木工程學系,D 日,M 碩士,436,113
3,國立臺灣大學,07321074,土木工程學系,N 職,M 碩士,64,113
3,國立臺灣大學,07321075,生物環境系統工程學系,D 日,M 碩士,89,113
3,國立臺灣大學,08111087,農藝學系,D 日,M 碩士,58,113
3,國立臺灣大學,08112089,動物科學技術學系,D 日,M 碩士,53,113
3,國立臺灣大學,08121091,園藝暨景觀學系,D 日,M 碩士,113,113
3,國立臺灣大學,08191100,農業化學系,D 日,M 碩士,63,113
3,國立臺灣大學,08192164,全球農業科技與基因體科學碩士學位學程,D 日,M 碩士,10,113
3,國立臺灣大學,08193096,農業經濟學系,D 日,M 碩士,91,113
3,國立臺灣大學,08193096,農業經濟學系,N 職,M 碩士,62,113
3,國立臺灣大學,08193098,生物產業傳播暨發展學系,D 日,M 碩士,29,113
3,國立臺灣大學,08193098,生物產業傳播暨發展學系,N 職,M 碩士,45,113
3,國立臺灣大學,08194094,植物病理與微生物學系,D 日,M 碩士,59,113
3,國立臺灣大學,08194095,植物醫學碩士學位學程,D 日,M 碩士,38,113
3,國立臺灣大學,08211102,森林環境暨資源學系,D 日,M 碩士,129,113
3,國立臺灣大學,08311103,漁業科學研究所,D 日,M 碩士,45,113
3,國立臺灣大學,08411104,獸醫學系,D 日,M 碩士,39,113
3,國立臺灣大學,08411105,臨床動物醫學研究所,D 日,M 碩士,39,113
3,國立臺灣大學,08411106,分子暨比較病理生物學研究所,D 日,M 碩士,17,113
3,國立臺灣大學,09111138,臨床牙醫學研究所,D 日,M 碩士,50,113
3,國立臺灣大學,09111138,臨床牙醫學研究所,N 職,M 碩士,6,113
3,國立臺灣大學,09111139,口腔生物科學研究所,D 日,M 碩士,27,113
3,國立臺灣大學,09121048,微生物學研究所,D 日,M 碩士,66,113
3,國立臺灣大學,09121108,臨床醫學研究所,N 職,M 碩士,71,113
3,國立臺灣大學,09121109,分子醫學研究所,D 日,M 碩士,28,113
3,國立臺灣大學,09121109,分子醫學研究所,N 職,M 碩士,25,113
3,國立臺灣大學,09121110,免疫學研究所,D 日,M 碩士,27,113
3,國立臺灣大學,09121111,生理學研究所,D 日,M 碩士,37,113
3,國立臺灣大學,09121112,病理學研究所,D 日,M 碩士,13,113
3,國立臺灣大學,09121114,解剖學暨細胞生物學研究所,D 日,M 碩士,25,113
3,國立臺灣大學,09121120,基因體暨蛋白體醫學研究所,D 日,M 碩士,20,113
3,國立臺灣大學,09121121,醫學教育暨生醫倫理研究所,D 日,M 碩士,19,113
3,國立臺灣大學,09121130,藥理學研究所,D 日,M 碩士,36,113
3,國立臺灣大學,09121140,法醫學研究所,D 日,M 碩士,19,113
3,國立臺灣大學,09121142,腦與心智科學研究所,D 日,M 碩士,33,113
3,國立臺灣大學,09131134,護理學系,D 日,M 碩士,98,113
3,國立臺灣大學,09141136,醫學檢驗暨生物技術學系,D 日,M 碩士,51,113
3,國立臺灣大學,09141143,醫療器材與醫學影像研究所,D 日,M 碩士,20,113
3,國立臺灣大學,09151132,物理治療學系,D 日,M 碩士,36,113
3,國立臺灣大學,09152133,職能治療學系,D 日,M 碩士,30,113
3,國立臺灣大學,09161129,藥學系,D 日,M 碩士,51,113
3,國立臺灣大學,09161131,臨床藥學研究所,D 日,M 碩士,15,113
3,國立臺灣大學,09191122,公共衛生碩士學位學程,D 日,M 碩士,82,113
3,國立臺灣大學,09191126,流行病學與預防醫學研究所,D 日,M 碩士,62,113
3,國立臺灣大學,09191126,流行病學與預防醫學研究所,N 職,M 碩士,14,113
3,國立臺灣大學,09191127,健康政策與管理研究所,D 日,M 碩士,52,113
3,國立臺灣大學,09191127,健康政策與管理研究所高階經營碩士在職專班,N 職,M 碩士,61,113
3,國立臺灣大學,09191128,健康行為與社區科學研究所,D 日,M 碩士,27,113
3,國立臺灣大學,09191157,食品安全與健康研究所,D 日,M 碩士,30,113
3,國立臺灣大學,09191162,環境與職業健康科學研究所,D 日,M 碩士,75,113
3,國立臺灣大學,09191163,全球衛生碩士學位學程,D 日,M 碩士,20,113
3,國立臺灣大學,09199141,毒理學研究所,D 日,M 碩士,19,113
3,國立臺灣大學,09199159,國際三校農業生技與健康醫療碩士學位學程,D 日,M 碩士,10,113
3,國立臺灣大學,09199170,智慧醫療與健康資訊碩士學位學程,D 日,M 碩士,26,113
3,國立臺灣大學,09231144,社會工作學系,D 日,M 碩士,66,113
3,國立臺灣大學,10152145,運動設施與健康管理碩士學位學程,D 日,M 碩士,40,113
4,國立臺灣師範大學,01111001,教育學系,D 日,M 碩士,67,113
4,國立臺灣師範大學,01111001,教育學系,N 職,M 碩士,135,113
4,國立臺灣師範大學,01113018,特殊教育學系,D 日,M 碩士,60,113
4,國立臺灣師範大學,01113018,特殊教育學系,N 職,M 碩士,89,113
4,國立臺灣師範大學,01114019,教育政策與行政研究所,D 日,M 碩士,47,113
4,國立臺灣師範大學,01115002,課程與教學研究所,D 日,M 碩士,35,113
4,國立臺灣師範大學,01115006,科學教育研究所,D 日,M 碩士,73,113
4,國立臺灣師範大學,01116014,資訊教育研究所,D 日,M 碩士,54,113
4,國立臺灣師範大學,01118010,工業教育學系,D 日,M 碩士,71,113
4,國立臺灣師範大學,01131004,公民教育與活動領導學系,D 日,M 碩士,71,113
4,國立臺灣師範大學,01131004,公民教育與活動領導學系,N 職,M 碩士,64,113
4,國立臺灣師範大學,01131009,社會教育學系,D 日,M 碩士,76,113
4,國立臺灣師範大學,01131009,社會教育學系社會教育與文化行政碩士在職專班,N 職,M 碩士,53,113
4,國立臺灣師範大學,01131017,健康促進與衛生教育學系,D 日,M 碩士,66,113
4,國立臺灣師範大學,01141010,工業教育學系,N 職,M 碩士,129,113
4,國立臺灣師範大學,01141017,健康促進與衛生教育學系健康促進與衛生教育碩士在職專班,N 職,M 碩士,114,113
4,國立臺灣師範大學,01141087,體育與運動科學系,D 日,M 碩士,166,113
4,國立臺灣師範大學,01141087,體育與運動科學系,N 職,M 碩士,60,113
4,國立臺灣師範大學,01141090,幼兒與家庭科學學系,D 日,M 碩士,69,113
4,國立臺灣師範大學,01141090,幼兒與家庭科學學系幼兒教育碩士在職專班,N 職,M 碩士,1,113
4,國立臺灣師範大學,01141091,永續管理與環境教育研究所,D 日,M 碩士,46,113
4,國立臺灣師範大學,01199021,教育學院創造力發展碩士在職專班,N 職,M 碩士,112,113
4,國立臺灣師範大學,01199022,科技應用與人力資源發展學系,D 日,M 碩士,77,113
4,國立臺灣師範大學,01199022,科技應用與人力資源發展學系人力資源發展碩士在職專班,N 職,M 碩士,98,113
4,國立臺灣師範大學,02112037,設計學系,D 日,M 碩士,72,113
4,國立臺灣師範大學,02112037,設計學系設計創作碩士在職專班,N 職,M 碩士,77,113
4,國立臺灣師範大學,02131023,美術學系,D 日,M 碩士,138,113
4,國立臺灣師範大學,02131023,美術學系,N 職,M 碩士,171,113
4,國立臺灣師範大學,02151024,音樂學系,D 日,M 碩士,147,113
4,國立臺灣師範大學,02151024,音樂學系,N 職,M 碩士,178,113
4,國立臺灣師範大學,02151025,民族音樂研究所,D 日,M 碩士,59,113
4,國立臺灣師範大學,02152027,表演藝術研究所,D 日,M 碩士,92,113
4,國立臺灣師範大學,02191026,藝術史研究所,D 日,M 碩士,60,113
4,國立臺灣師範大學,02221035,歷史學系,D 日,M 碩士,69,113
4,國立臺灣師範大學,02221035,歷史學系歷史教學碩士在職專班,N 職,M 碩士,1,113
4,國立臺灣師範大學,02221036,臺灣史研究所,D 日,M 碩士,53,113
4,國立臺灣師範大學,02299045,歐洲文化與觀光研究所,D 日,M 碩士,47,113
4,國立臺灣師範大學,02311033,英語學系,D 日,M 碩士,154,113
4,國立臺灣師範大學,02311033,英語學系英語教學碩士在職專班,N 職,M 碩士,49,113
4,國立臺灣師範大學,02312034,翻譯研究所,D 日,M 碩士,84,113
4,國立臺灣師範大學,02312034,翻譯研究所軍事口譯碩士在職專班,N 職,M 碩士,11,113
4,國立臺灣師範大學,02313005,華語文教學系,D 日,M 碩士,223,113
4,國立臺灣師範大學,02313005,華語文教學系海外華語師資數位碩士在職專班,N 職,M 碩士,87,113
4,國立臺灣師範大學,02321028,臺灣語文學系,D 日,M 碩士,62,113
4,國立臺灣師範大學,02322029,國文學系,D 日,M 碩士,86,113
4,國立臺灣師範大學,02322029,國文學系,N 職,M 碩士,85,113
4,國立臺灣師範大學,03122042,東亞學系國家安全與國際事務研究碩士在職專班,N 職,M 碩士,37,113
4,國立臺灣師範大學,03131003,教育心理與輔導學系,D 日,M 碩士,130,113
4,國立臺灣師範大學,03131003,教育心理與輔導學系,N 職,M 碩士,86,113
4,國立臺灣師範大學,03131089,成癮防制碩士在職學位學程,N 職,M 碩士,56,113
4,國立臺灣師範大學,03142041,地理學系,D 日,M 碩士,66,113
4,國立臺灣師範大學,03142041,地理學系,N 職,M 碩士,55,113
4,國立臺灣師範大學,03143042,東亞學系,D 日,M 碩士,86,113
4,國立臺灣師範大學,03199070,復健諮商研究所,D 日,M 碩士,0,113
4,國立臺灣師範大學,03199094,復健諮商與高齡福祉研究所,D 日,M 碩士,26,113
4,國立臺灣師範大學,03211048,大眾傳播研究所,D 日,M 碩士,90,113
4,國立臺灣師範大學,03214050,圖文傳播學系,D 日,M 碩士,63,113
4,國立臺灣師範大學,03214050,圖文傳播學系,N 職,M 碩士,104,113
4,國立臺灣師範大學,03222049,圖書資訊學研究所,D 日,M 碩士,43,113
4,國立臺灣師範大學,03222049,圖書資訊學研究所,N 職,M 碩士,95,113
4,國立臺灣師範大學,04131047,全球經營與策略研究所,D 日,M 碩士,62,113
4,國立臺灣師範大學,04131052,管理研究所,D 日,M 碩士,95,113
4,國立臺灣師範大學,04131055,管理學院高階經理人企業管理碩士在職專班,N 職,M 碩士,168,113
4,國立臺灣師範大學,04131082,運動與休閒學院樂活產業高階經理人企業管理碩士在職專班,N 職,M 碩士,69,113
4,國立臺灣師範大學,04191054,國際人力資源發展研究所,D 日,M 碩士,67,113
4,國立臺灣師範大學,05111056,生命科學系,D 日,M 碩士,84,113
4,國立臺灣師範大學,05121084,生技醫藥產業碩士學位學程,D 日,M 碩士,18,113
4,國立臺灣師範大學,05191083,營養科學碩士學位學程,D 日,M 碩士,29,113
4,國立臺灣師範大學,05311059,化學系,D 日,M 碩士,178,113
4,國立臺灣師範大學,05321060,地球科學系,D 日,M 碩士,67,113
4,國立臺灣師範大學,05331061,物理學系,D 日,M 碩士,95,113
4,國立臺灣師範大學,05411062,數學系,D 日,M 碩士,73,113
4,國立臺灣師範大學,05499062,數學系數學教學碩士在職專班,N 職,M 碩士,0,113
4,國立臺灣師範大學,06131065,資訊工程學系,D 日,M 碩士,211,113
4,國立臺灣師範大學,07132093,綠能科技與永續治理研究所,D 日,M 碩士,26,113
4,國立臺灣師範大學,07141063,電機工程學系,D 日,M 碩士,148,113
4,國立臺灣師範大學,07141080,光電工程研究所,D 日,M 碩士,60,113
4,國立臺灣師範大學,07141092,AI跨域應用研究所,D 日,M 碩士,36,113
4,國立臺灣師範大學,07151068,機電工程學系,D 日,M 碩士,77,113
4,國立臺灣師範大學,09231071,社會工作學研究所,D 日,M 碩士,99,113
4,國立臺灣師範大學,10141074,運動競技學系,D 日,M 碩士,67,113
4,國立臺灣師範大學,10152077,運動休閒與餐旅管理研究所,D 日,M 碩士,87,113
4,國立臺灣師範大學,10152077,運動休閒與餐旅管理研究所運動休閒與餐旅管理碩士在職專班,N 職,M 碩士,78,113
4,國立臺灣師範大學,99999078,管理學院國際時尚高階管理碩士在職專班,N 職,M 碩士,71,113
5,國立成功大學,01111103,教育研究所,D 日,M 碩士,59,113
5,國立成功大學,02121105,科技藝術碩士學位學程,D 日,M 碩士,14,113
5,國立成功大學,02122112,創意產業設計研究所,D 日,M 碩士,58,113
5,國立成功大學,02123113,工業設計學系,D 日,M 碩士,96,113
5,國立成功大學,02123113,工業設計學系,N 職,M 碩士,41,113
5,國立成功大學,02152051,戲劇碩士學位學程,D 日,M 碩士,20,113
5,國立成功大學,02191104,藝術研究所,D 日,M 碩士,47,113
5,國立成功大學,02221110,歷史學系,D 日,M 碩士,44,113
5,國立成功大學,02222111,考古學研究所,D 日,M 碩士,53,113
5,國立成功大學,02311108,外國語文學系,D 日,M 碩士,51,113
5,國立成功大學,02321106,台灣文學系,D 日,M 碩士,34,113
5,國立成功大學,02321106,台灣文學系,N 職,M 碩士,10,113
5,國立成功大學,02322107,中國文學系,D 日,M 碩士,59,113
5,國立成功大學,03111114,經濟學系,D 日,M 碩士,32,113
5,國立成功大學,03121115,政治學系政治經濟學碩士班,D 日,M 碩士,41,113
5,國立成功大學,03121115,政治學系政治經濟學碩士在職專班,N 職,M 碩士,44,113
5,國立成功大學,03131117,心理學系,D 日,M 碩士,36,113
5,國立成功大學,03131119,行為醫學研究所,D 日,M 碩士,32,113
5,國立成功大學,04111120,會計學系,D 日,M 碩士,84,113
5,國立成功大學,04121126,財務金融研究所,D 日,M 碩士,61,113
5,國立成功大學,04121126,財務金融研究所,N 職,M 碩士,144,113
5,國立成功大學,04131055,高階管理碩士在職專班(EMBA),N 職,M 碩士,269,113
5,國立成功大學,04131056,電信管理研究所,D 日,M 碩士,34,113
5,國立成功大學,04131121,企業管理學系,D 日,M 碩士,105,113
5,國立成功大學,04131121,企業管理學系,N 職,M 碩士,89,113
5,國立成功大學,04131122,經營管理碩士學位學程(AMBA),D 日,M 碩士,28,113
5,國立成功大學,04131124,國際企業研究所,D 日,M 碩士,70,113
5,國立成功大學,04131125,國際經營管理研究所(IMBA),D 日,M 碩士,70,113
5,國立成功大學,04131125,國際經營管理研究所(IMBA),N 職,M 碩士,49,113
5,國立成功大學,04199024,海洋科技與事務研究所,D 日,M 碩士,15,113
5,國立成功大學,04199057,工業與資訊管理學系,D 日,M 碩士,87,113
5,國立成功大學,04199057,工業與資訊管理學系,N 職,M 碩士,112,113
5,國立成功大學,04212001,法律學系,D 日,M 碩士,156,113
5,國立成功大學,04212001,法律學系,N 職,M 碩士,76,113
5,國立成功大學,05111003,生命科學系,D 日,M 碩士,66,113
5,國立成功大學,05111132,熱帶植物與微生物科學研究所,D 日,M 碩士,20,113
5,國立成功大學,05121008,生物科技與產業科學系,D 日,M 碩士,81,113
5,國立成功大學,05122009,微生物及免疫學研究所,D 日,M 碩士,49,113
5,國立成功大學,05123010,生物化學暨分子生物學研究所,D 日,M 碩士,61,113
5,國立成功大學,05291025,自然災害減災及管理國際碩士學位學程,D 日,M 碩士,23,113
5,國立成功大學,05311017,化學系,D 日,M 碩士,155,113
5,國立成功大學,05321019,地球科學系,D 日,M 碩士,47,113
5,國立成功大學,05321019,地球科學系,N 職,M 碩士,6,113
5,國立成功大學,05331021,物理學系,D 日,M 碩士,127,113
5,國立成功大學,05331023,太空與電漿科學研究所,D 日,M 碩士,15,113
5,國立成功大學,05411027,數學系,D 日,M 碩士,59,113
5,國立成功大學,05421029,統計學系,D 日,M 碩士,39,113
5,國立成功大學,05421128,數據科學研究所,D 日,M 碩士,24,113
5,國立成功大學,06131030,資訊管理研究所,D 日,M 碩士,68,113
5,國立成功大學,06131036,資訊工程學系,D 日,M 碩士,354,113
5,國立成功大學,06131036,資訊工程學系人工智慧與資訊系統碩士在職專班,N 職,M 碩士,38,113
5,國立成功大學,06131037,電腦與通信工程研究所,D 日,M 碩士,147,113
5,國立成功大學,06131095,醫學資訊研究所,D 日,M 碩士,34,113
5,國立成功大學,06131131,人工智慧科技碩士學位學程,D 日,M 碩士,38,113
5,國立成功大學,06131138,智慧運算碩士學位學程,D 日,M 碩士,19,113
5,國立成功大學,06131139,智慧資訊安全碩士學位學程,D 日,M 碩士,18,113
5,國立成功大學,07111050,化學工程學系,D 日,M 碩士,271,113
5,國立成功大學,07112063,材料科學及工程學系,D 日,M 碩士,308,113
5,國立成功大學,07112065,尖端材料國際碩士學位學程,D 日,M 碩士,2,113
5,國立成功大學,07112144,關鍵材料學位學程,D 日,M 碩士,30,113
5,國立成功大學,07112148,智慧與永續製造學位學程,D 日,M 碩士,22,113
5,國立成功大學,07121070,環境工程學系,D 日,M 碩士,92,113
5,國立成功大學,07122026,水利及海洋工程學系,D 日,M 碩士,84,113
5,國立成功大學,07122026,水利及海洋工程學系,N 職,M 碩士,32,113
5,國立成功大學,07132052,能源工程國際碩士學位學程,D 日,M 碩士,24,113
5,國立成功大學,07141032,電機工程學系,D 日,M 碩士,839,113
5,國立成功大學,07141032,電機工程學系,N 職,M 碩士,58,113
5,國立成功大學,07141033,微電子工程研究所,D 日,M 碩士,124,113
5,國立成功大學,07141035,光電科學與工程學系,D 日,M 碩士,188,113
5,國立成功大學,07141040,奈米積體電路工程碩士學位學程,D 日,M 碩士,38,113
5,國立成功大學,07141041,製造資訊與系統研究所,D 日,M 碩士,76,113
5,國立成功大學,07141071,工程科學系,D 日,M 碩士,229,113
5,國立成功大學,07141071,工程科學系,N 職,M 碩士,158,113
5,國立成功大學,07141134,人工智慧機器人碩士學位學程,D 日,M 碩士,0,113
5,國立成功大學,07141141,晶片設計學位學程,D 日,M 碩士,61,113
5,國立成功大學,07141142,半導體製程學位學程,D 日,M 碩士,47,113
5,國立成功大學,07141143,半導體封測學位學程,D 日,M 碩士,27,113
5,國立成功大學,07141146,智慧科技系統碩士學位學程,D 日,M 碩士,26,113
5,國立成功大學,07141147,智慧半導體及永續製造學院半導體高階管理暨研發碩士在職專班,N 職,M 碩士,7,113
5,國立成功大學,07151042,機械工程學系,D 日,M 碩士,472,113
5,國立成功大學,07151133,智慧製造國際碩士學位學程,D 日,M 碩士,15,113
5,國立成功大學,07162043,航空太空工程學系,D 日,M 碩士,203,113
5,國立成功大學,07162043,航空太空工程學系,N 職,M 碩士,41,113
5,國立成功大學,07162100,民航研究所,D 日,M 碩士,14,113
5,國立成功大學,07162140,太空系統工程研究所,D 日,M 碩士,30,113
5,國立成功大學,07163044,系統及船舶機電工程學系,D 日,M 碩士,98,113
5,國立成功大學,07191072,工程管理碩士在職專班,N 職,M 碩士,125,113
5,國立成功大學,07193061,生物醫學工程學系,D 日,M 碩士,119,113
5,國立成功大學,07241064,資源工程學系,D 日,M 碩士,102,113
5,國立成功大學,07311075,建築學系,D 日,M 碩士,175,113
5,國立成功大學,07311075,建築學系,N 職,M 碩士,55,113
5,國立成功大學,07313076,都市計劃學系,D 日,M 碩士,111,113
5,國立成功大學,07321049,土木工程學系,D 日,M 碩士,245,113
5,國立成功大學,07321049,土木工程學系,N 職,M 碩士,55,113
5,國立成功大學,07322067,測量及空間資訊學系,D 日,M 碩士,65,113
5,國立成功大學,09111096,口腔醫學研究所,D 日,M 碩士,29,113
5,國立成功大學,09121054,分子醫學研究所,D 日,M 碩士,35,113
5,國立成功大學,09121078,臨床醫學研究所,D 日,M 碩士,29,113
5,國立成功大學,09121078,臨床醫學研究所,N 職,M 碩士,17,113
5,國立成功大學,09121083,生理學研究所,D 日,M 碩士,32,113
5,國立成功大學,09121084,細胞生物與解剖學研究所,D 日,M 碩士,18,113
5,國立成功大學,09131090,護理學系,D 日,M 碩士,69,113
5,國立成功大學,09131090,護理學系專科護理師碩士在職專班,N 職,M 碩士,27,113
5,國立成功大學,09141094,醫學檢驗生物技術學系,D 日,M 碩士,40,113
5,國立成功大學,09151082,物理治療學系,D 日,M 碩士,24,113
5,國立成功大學,09152089,職能治療學系,D 日,M 碩士,25,113
5,國立成功大學,09161087,藥理學研究所,D 日,M 碩士,43,113
5,國立成功大學,09161088,臨床藥學與藥物科技研究所,D 日,M 碩士,31,113
5,國立成功大學,09191079,公共衛生研究所,D 日,M 碩士,34,113
5,國立成功大學,09191079,公共衛生研究所,N 職,M 碩士,27,113
5,國立成功大學,09191085,環境醫學研究所,D 日,M 碩士,53,113
5,國立成功大學,09199127,食品安全衛生暨風險管理研究所,D 日,M 碩士,31,113
5,國立成功大學,09211101,老年學研究所,D 日,M 碩士,37,113
5,國立成功大學,10152097,體育健康與休閒研究所,D 日,M 碩士,39,113
5,國立成功大學,10152097,體育健康與休閒研究所運動健康與休閒管理碩士在職專班,N 職,M 碩士,54,113
5,國立成功大學,10411098,交通管理科學系,D 日,M 碩士,75,113
5,國立成功大學,10411098,交通管理科學系,N 職,M 碩士,69,113
5,國立成功大學,99999137,全校永續跨域國際碩士學位學程,D 日,M 碩士,14,113
6,國立中興大學,01111001,教師專業發展研究所,D 日,M 碩士,25,113
6,國立中興大學,02221007,歷史學系,D 日,M 碩士,29,113
6,國立中興大學,02221007,歷史學系,N 職,M 碩士,19,113
6,國立中興大學,02311006,外國語文學系,D 日,M 碩士,24,113
6,國立中興大學,02321003,台灣文學與跨國文化研究所,D 日,M 碩士,34,113
6,國立中興大學,02321003,台灣文學與跨國文化研究所,N 職,M 碩士,27,113
6,國立中興大學,02322005,中國文學系,D 日,M 碩士,62,113
6,國立中興大學,02322005,中國文學系,N 職,M 碩士,21,113
6,國立中興大學,03111009,應用經濟學系,D 日,M 碩士,28,113
6,國立中興大學,03111009,應用經濟學系,N 職,M 碩士,33,113
6,國立中興大學,03122010,國際政治研究所,D 日,M 碩士,37,113
6,國立中興大學,03122010,國際政治研究所,N 職,M 碩士,45,113
6,國立中興大學,03122119,亞洲與中國研究英語碩士學位學程,D 日,M 碩士,15,113
6,國立中興大學,03222013,圖書資訊學研究所,D 日,M 碩士,35,113
6,國立中興大學,04111015,會計學系,D 日,M 碩士,49,113
6,國立中興大學,04121019,財務金融學系,D 日,M 碩士,64,113
6,國立中興大學,04131016,企業管理學系,D 日,M 碩士,77,113
6,國立中興大學,04131097,運動與健康管理研究所,D 日,M 碩士,29,113
6,國立中興大學,04134011,國家政策與公共事務研究所,D 日,M 碩士,25,113
6,國立中興大學,04134011,國家政策與公共事務研究所,N 職,M 碩士,62,113
6,國立中興大學,04143020,行銷學系,D 日,M 碩士,65,113
6,國立中興大學,04199012,全球事務研究跨洲碩士學位學程,D 日,M 碩士,30,113
6,國立中興大學,04199021,科技管理研究所,D 日,M 碩士,75,113
6,國立中興大學,04199021,科技管理研究所智慧科技管理碩士在職專班,N 職,M 碩士,25,113
6,國立中興大學,04199022,高階經理人碩士在職專班,N 職,M 碩士,311,113
6,國立中興大學,04211023,法律學系,D 日,M 碩士,75,113
6,國立中興大學,04211023,法律學系,N 職,M 碩士,101,113
6,國立中興大學,05111026,生命科學系,D 日,M 碩士,103,113
6,國立中興大學,05111026,生命科學碩士在職專班,N 職,M 碩士,44,113
6,國立中興大學,05111029,昆蟲學系,D 日,M 碩士,40,113
6,國立中興大學,05121027,生物科技學研究所,D 日,M 碩士,58,113
6,國立中興大學,05121033,分子生物學研究所,D 日,M 碩士,48,113
6,國立中興大學,05121035,生物醫學研究所,D 日,M 碩士,40,113
6,國立中興大學,05121037,基因體暨生物資訊學研究所,D 日,M 碩士,22,113
6,國立中興大學,05121112,特用作物及代謝體碩士學位學程,D 日,M 碩士,6,113
6,國立中興大學,05121123,精準健康碩士學位學程,D 日,M 碩士,1,113
6,國立中興大學,05123034,生物化學研究所,D 日,M 碩士,29,113
6,國立中興大學,05292082,水土保持學系,D 日,M 碩士,57,113
6,國立中興大學,05292082,水土保持學系,N 職,M 碩士,53,113
6,國立中興大學,05311039,化學系,D 日,M 碩士,175,113
6,國立中興大學,05331040,物理學系,D 日,M 碩士,46,113
6,國立中興大學,05331058,奈米科學研究所,D 日,M 碩士,54,113
6,國立中興大學,05411041,應用數學系,D 日,M 碩士,13,113
6,國立中興大學,05411041,應用數學系大數據碩士在職專班,N 職,M 碩士,53,113
6,國立中興大學,05421042,統計學研究所,D 日,M 碩士,41,113
6,國立中興大學,06131043,資訊管理學系,D 日,M 碩士,96,113
6,國立中興大學,06131043,資訊管理學系,N 職,M 碩士,77,113
6,國立中興大學,06131106,資料科學與資訊計算研究所,D 日,M 碩士,45,113
6,國立中興大學,06131108,資訊工程學系,D 日,M 碩士,164,113
6,國立中興大學,06131108,資訊工程學系,N 職,M 碩士,117,113
6,國立中興大學,06132100,人工智慧與資料科學碩士在職學位學程,N 職,M 碩士,78,113
6,國立中興大學,07111055,化學工程學系,D 日,M 碩士,157,113
6,國立中興大學,07111055,化學工程學系,N 職,M 碩士,63,113
6,國立中興大學,07111124,化工系產業碩士專班,D 日,M 碩士,5,113
6,國立中興大學,07112057,材料科學與工程學系,D 日,M 碩士,142,113
6,國立中興大學,07112057,材料科學與工程學系,N 職,M 碩士,99,113
6,國立中興大學,07112113,生物與永續科技碩士學位學程,D 日,M 碩士,9,113
6,國立中興大學,07112125,材料產業碩士專班,D 日,M 碩士,3,113
6,國立中興大學,07121059,環境工程學系,D 日,M 碩士,92,113
6,國立中興大學,07121059,環境工程學系,N 職,M 碩士,84,113
6,國立中興大學,07141045,電機工程學系,D 日,M 碩士,323,113
6,國立中興大學,07141045,電機工程學系,N 職,M 碩士,114,113
6,國立中興大學,07141046,光電工程研究所,D 日,M 碩士,31,113
6,國立中興大學,07141049,通訊工程研究所,D 日,M 碩士,28,113
6,國立中興大學,07141104,電子系統產業碩士專班,D 日,M 碩士,6,113
6,國立中興大學,07141105,電機控制產業碩士專班,D 日,M 碩士,1,113
6,國立中興大學,07141116,半導體與綠色科技碩士學位學程,D 日,M 碩士,43,113
6,國立中興大學,07141120,智慧電動車及綠能科技產業碩士專班,D 日,M 碩士,25,113
6,國立中興大學,07141C02,光電半導體技術產業碩士專班,D 日,M 碩士,0,113
6,國立中興大學,07151050,機械工程學系,D 日,M 碩士,254,113
6,國立中興大學,07151050,機械工程學系,N 職,M 碩士,102,113
6,國立中興大學,07151051,精密工程研究所,D 日,M 碩士,72,113
6,國立中興大學,07151051,精密工程研究所,N 職,M 碩士,33,113
6,國立中興大學,07151052,生物產業機電工程學系,D 日,M 碩士,57,113
6,國立中興大學,07191115,工業與智慧科技碩士學位學程,D 日,M 碩士,44,113
6,國立中興大學,07193060,生醫工程研究所,D 日,M 碩士,40,113
6,國立中興大學,07211081,食品暨應用生物科技學系,D 日,M 碩士,96,113
6,國立中興大學,07211081,食品暨應用生物科技學系,N 職,M 碩士,57,113
6,國立中興大學,07211098,食品安全研究所,D 日,M 碩士,36,113
6,國立中興大學,07312061,景觀與遊憩碩士學位學程,D 日,M 碩士,17,113
6,國立中興大學,07321054,土木工程學系,D 日,M 碩士,117,113
6,國立中興大學,07321054,土木工程學系,N 職,M 碩士,84,113
6,國立中興大學,08111063,農藝學系,D 日,M 碩士,55,113
6,國立中興大學,08111064,國際農學碩士學位學程,D 日,M 碩士,36,113
6,國立中興大學,08112066,動物科學系,D 日,M 碩士,59,113
6,國立中興大學,08121067,園藝學系,D 日,M 碩士,67,113
6,國立中興大學,08191083,土壤環境科學系,D 日,M 碩士,32,113
6,國立中興大學,08193076,生物產業管理研究所,D 日,M 碩士,40,113
6,國立中興大學,08193077,農業企業經營管理碩士在職專班,N 職,M 碩士,75,113
6,國立中興大學,08193079,農業經濟與行銷碩士學位學程,D 日,M 碩士,21,113
6,國立中興大學,08193114,國際精準農企業發展碩士學位學程,D 日,M 碩士,6,113
6,國立中興大學,08194068,植物病理學系,D 日,M 碩士,30,113
6,國立中興大學,08194069,植物醫學暨安全農業碩士學位學程,D 日,M 碩士,31,113
6,國立中興大學,08194111,植物保健碩士學位學程,D 日,M 碩士,8,113
6,國立中興大學,08211086,森林學系,D 日,M 碩士,49,113
6,國立中興大學,08411087,獸醫學系,D 日,M 碩士,70,113
6,國立中興大學,08411089,獸醫病理生物學研究所,D 日,M 碩士,10,113
6,國立中興大學,08411092,微生物暨公共衛生學研究所,D 日,M 碩士,19,113
6,國立中興大學,09121121,臨床醫學研究所,D 日,M 碩士,9,113
6,國立中興大學,09131122,臨床護理研究所,D 日,M 碩士,13,113
7,國立陽明交通大學,01111001,教育研究所,D 日,M 碩士,88,113
7,國立陽明交通大學,01131002,英語教學研究所,D 日,M 碩士,35,113
7,國立陽明交通大學,02122004,應用藝術研究所,D 日,M 碩士,79,113
7,國立陽明交通大學,02151003,音樂研究所,D 日,M 碩士,67,113
7,國立陽明交通大學,02191107,視覺文化研究所,D 日,M 碩士,19,113
7,國立陽明交通大學,02231108,心智哲學研究所,D 日,M 碩士,18,113
7,國立陽明交通大學,02299008,人文社會學系族群與文化碩士班,D 日,M 碩士,30,113
7,國立陽明交通大學,02299009,亞際文化研究國際碩士學位學程(台灣聯合大學系統),D 日,M 碩士,26,113
7,國立陽明交通大學,02299010,社會與文化研究所,D 日,M 碩士,35,113
7,國立陽明交通大學,02311005,外國語文學系外國文學與語言學碩士班,D 日,M 碩士,39,113
7,國立陽明交通大學,03143013,客家社會與文化碩士在職專班,N 職,M 碩士,77,113
7,國立陽明交通大學,03199109,科技與社會研究所,D 日,M 碩士,24,113
7,國立陽明交通大學,03211014,傳播研究所,D 日,M 碩士,68,113
7,國立陽明交通大學,03211015,傳播與科技學系,D 日,M 碩士,45,113
7,國立陽明交通大學,04121020,資訊管理與財務金融學系財務金融碩士班,D 日,M 碩士,114,113
7,國立陽明交通大學,04131016,管理學院企業管理碩士學位學程,D 日,M 碩士,70,113
7,國立陽明交通大學,04131017,經營管理研究所,D 日,M 碩士,101,113
7,國立陽明交通大學,04131018,管理科學系,D 日,M 碩士,83,113
7,國立陽明交通大學,04131026,管理學院碩士在職專班,N 職,M 碩士,452,113
7,國立陽明交通大學,04131164,生技醫療經營管理碩士在職學位學程,N 職,M 碩士,40,113
7,國立陽明交通大學,04133110,醫務管理研究所,D 日,M 碩士,24,113
7,國立陽明交通大學,04133110,醫務管理研究所,N 職,M 碩士,72,113
7,國立陽明交通大學,04199023,科技管理研究所,D 日,M 碩士,50,113
7,國立陽明交通大學,04199024,高階主管管理碩士學程,N 職,M 碩士,121,113
7,國立陽明交通大學,04212027,科技法律研究所,D 日,M 碩士,120,113
7,國立陽明交通大學,04212027,科技法律研究所,N 職,M 碩士,98,113
7,國立陽明交通大學,05121028,生物科技學系,D 日,M 碩士,120,113
7,國立陽明交通大學,05121030,分子醫學與生物工程研究所,D 日,M 碩士,62,113
7,國立陽明交通大學,05121112,生命科學系暨基因體科學研究所,D 日,M 碩士,56,113
7,國立陽明交通大學,05121173,工程與計算生醫產業碩士專班,D 日,M 碩士,2,113
7,國立陽明交通大學,05122114,微生物及免疫學研究所,D 日,M 碩士,53,113
7,國立陽明交通大學,05123116,生化暨分子生物研究所,D 日,M 碩士,40,113
7,國立陽明交通大學,05124034,生物資訊及系統生物研究所,D 日,M 碩士,51,113
7,國立陽明交通大學,05124117,生物醫學資訊研究所,D 日,M 碩士,70,113
7,國立陽明交通大學,05311036,應用化學系,D 日,M 碩士,275,113
7,國立陽明交通大學,05322178,太空系統工程研究所,D 日,M 碩士,28,113
7,國立陽明交通大學,05331040,物理研究所,D 日,M 碩士,72,113
7,國立陽明交通大學,05331041,電子物理學系,D 日,M 碩士,226,113
7,國立陽明交通大學,05399042,加速器光源科技與應用碩士學位學程,D 日,M 碩士,2,113
7,國立陽明交通大學,05399044,理學院碩士在職專班,N 職,M 碩士,139,113
7,國立陽明交通大學,05411045,應用數學系,D 日,M 碩士,62,113
7,國立陽明交通大學,05421047,統計學研究所,D 日,M 碩士,43,113
7,國立陽明交通大學,06121060,網路工程研究所,D 日,M 碩士,139,113
7,國立陽明交通大學,06131022,資訊管理研究所,D 日,M 碩士,83,113
7,國立陽明交通大學,06131061,資訊科學與工程研究所,D 日,M 碩士,480,113
7,國立陽明交通大學,06131092,數據科學與工程研究所,D 日,M 碩士,143,113
7,國立陽明交通大學,06131098,資訊學院國防資安管理碩士在職專班,N 職,M 碩士,63,113
7,國立陽明交通大學,06131104,智慧計算與科技研究所,D 日,M 碩士,87,113
7,國立陽明交通大學,06131170,資通安全碩士學位學程,D 日,M 碩士,0,113
7,國立陽明交通大學,06131175,資訊學院科技犯罪偵查資通訊碩士在職專班,N 職,M 碩士,80,113
7,國立陽明交通大學,06131182,資訊安全研究所,D 日,M 碩士,46,113
7,國立陽明交通大學,06132049,多媒體工程研究所,D 日,M 碩士,142,113
7,國立陽明交通大學,06132103,智慧系統與應用研究所,D 日,M 碩士,47,113
7,國立陽明交通大學,06199105,智慧與綠能產學研究所,D 日,M 碩士,40,113
7,國立陽明交通大學,06199180,智能系統研究所,D 日,M 碩士,131,113
7,國立陽明交通大學,07112072,材料科學與工程學系,D 日,M 碩士,240,113
7,國立陽明交通大學,07121076,環境工程研究所,D 日,M 碩士,56,113
7,國立陽明交通大學,07132081,照明與能源光電研究所,D 日,M 碩士,87,113
7,國立陽明交通大學,07141050,電機工程學系,D 日,M 碩士,223,113
7,國立陽明交通大學,07141053,電子研究所,D 日,M 碩士,655,113
7,國立陽明交通大學,07141055,光電工程學系,D 日,M 碩士,289,113
7,國立陽明交通大學,07141057,光電科技碩士在職專班,N 職,M 碩士,0,113
7,國立陽明交通大學,07141062,電信工程研究所,D 日,M 碩士,377,113
7,國立陽明交通大學,07141064,電控工程研究所,D 日,M 碩士,243,113
7,國立陽明交通大學,07141065,光電系統研究所,D 日,M 碩士,91,113
7,國立陽明交通大學,07141065,光電系統研究所,N 職,M 碩士,52,113
7,國立陽明交通大學,07141066,國際半導體產業學院,D 日,M 碩士,191,113
7,國立陽明交通大學,07141067,電機學院碩士在職專班,N 職,M 碩士,181,113
7,國立陽明交通大學,07141068,電機資訊國際碩士學位學程,D 日,M 碩士,61,113
7,國立陽明交通大學,07141069,資訊學院碩士在職專班,N 職,M 碩士,117,113
7,國立陽明交通大學,07141099,人工智慧技術與應用碩士學位學程,D 日,M 碩士,63,113
7,國立陽明交通大學,07141181,前瞻半導體研究所,D 日,M 碩士,174,113
7,國立陽明交通大學,07141187,國際半導體人才教育專班,D 日,M 碩士,8,113
7,國立陽明交通大學,07151070,機械工程學系,D 日,M 碩士,359,113
7,國立陽明交通大學,07151093,機器人碩士學位學程,D 日,M 碩士,63,113
7,國立陽明交通大學,07191075,工業工程與管理學系,D 日,M 碩士,155,113
7,國立陽明交通大學,07193077,生醫工程研究所,D 日,M 碩士,122,113
7,國立陽明交通大學,07193079,影像與生醫光電研究所,D 日,M 碩士,79,113
7,國立陽明交通大學,07193120,生醫光電研究所,D 日,M 碩士,75,113
7,國立陽明交通大學,07193122,生物醫學工程學系,D 日,M 碩士,104,113
7,國立陽明交通大學,07199083,工學院碩士在職專班,N 職,M 碩士,402,113
7,國立陽明交通大學,07311085,建築研究所,D 日,M 碩士,68,113
7,國立陽明交通大學,07321071,土木工程學系,D 日,M 碩士,203,113
7,國立陽明交通大學,09111160,牙醫學系,D 日,M 碩士,14,113
7,國立陽明交通大學,09111162,口腔生物研究所,D 日,M 碩士,18,113
7,國立陽明交通大學,09111169,口腔組織工程暨生技材料研究所,D 日,M 碩士,8,113
7,國立陽明交通大學,09121126,臨床醫學研究所,D 日,M 碩士,22,113
7,國立陽明交通大學,09121126,臨床醫學研究所,N 職,M 碩士,8,113
7,國立陽明交通大學,09121129,生理學研究所,D 日,M 碩士,37,113
7,國立陽明交通大學,09121130,神經科學研究所,D 日,M 碩士,41,113
7,國立陽明交通大學,09121132,解剖學及細胞生物學研究所,D 日,M 碩士,50,113
7,國立陽明交通大學,09121133,急重症醫學研究所,D 日,M 碩士,20,113
7,國立陽明交通大學,09121134,腦科學研究所,D 日,M 碩士,56,113
7,國立陽明交通大學,09121144,藥理學研究所,D 日,M 碩士,33,113
7,國立陽明交通大學,09121177,跨領域分子醫學碩士學位學程,D 日,M 碩士,16,113
7,國立陽明交通大學,09131149,護理學系,N 職,M 碩士,82,113
7,國立陽明交通大學,09131150,臨床護理研究所,D 日,M 碩士,60,113
7,國立陽明交通大學,09131153,社區健康照護研究所,D 日,M 碩士,39,113
7,國立陽明交通大學,09141158,醫學生物技術暨檢驗學系,D 日,M 碩士,46,113
7,國立陽明交通大學,09141159,生物醫學影像暨放射科學系,D 日,M 碩士,52,113
7,國立陽明交通大學,09151148,物理治療暨輔助科技學系,D 日,M 碩士,76,113
7,國立陽明交通大學,09161142,藥學系,D 日,M 碩士,33,113
7,國立陽明交通大學,09161145,生物藥學研究所,D 日,M 碩士,43,113
7,國立陽明交通大學,09171143,傳統醫藥研究所,D 日,M 碩士,25,113
7,國立陽明交通大學,09191137,公共衛生研究所,D 日,M 碩士,87,113
7,國立陽明交通大學,09191138,衛生福利研究所,D 日,M 碩士,43,113
7,國立陽明交通大學,09191140,環境與職業衛生研究所,D 日,M 碩士,38,113
7,國立陽明交通大學,09191141,國際衛生碩士學位學程,D 日,M 碩士,28,113
7,國立陽明交通大學,09199167,食品安全及健康風險評估研究所,D 日,M 碩士,25,113
7,國立陽明交通大學,09211168,跨專業長期照顧與管理碩士學位學程,D 日,M 碩士,51,113
7,國立陽明交通大學,10411086,運輸與物流管理學系,D 日,M 碩士,143,113
8,國立中央大學,01115001,學習與教學研究所,D 日,M 碩士,28,113
8,國立中央大學,02191004,藝術學研究所,D 日,M 碩士,34,113
8,國立中央大學,02221010,歷史研究所,D 日,M 碩士,43,113
8,國立中央大學,02221010,歷史研究所,N 職,M 碩士,46,113
8,國立中央大學,02231011,哲學研究所,D 日,M 碩士,19,113
8,國立中央大學,02231011,哲學研究所,N 職,M 碩士,47,113
8,國立中央大學,02299012,亞際文化研究國際碩士學位學程(台灣聯合大學系統),D 日,M 碩士,14,113
8,國立中央大學,02311007,英美語文學系,D 日,M 碩士,30,113
8,國立中央大學,02311008,法國語文學系,D 日,M 碩士,11,113
8,國立中央大學,02322006,中國文學系,D 日,M 碩士,56,113
8,國立中央大學,03111013,經濟學系,D 日,M 碩士,33,113
8,國立中央大學,03111014,產業經濟研究所,D 日,M 碩士,62,113
8,國立中央大學,03111014,產業經濟研究所,N 職,M 碩士,71,113
8,國立中央大學,03131017,認知神經科學研究所,D 日,M 碩士,29,113
8,國立中央大學,03199020,客家語文暨社會科學學系,D 日,M 碩士,48,113
8,國立中央大學,03199020,客家語文暨社會科學學系客家研究碩士在職專班,N 職,M 碩士,75,113
8,國立中央大學,04111022,會計研究所,D 日,M 碩士,29,113
8,國立中央大學,04111022,會計研究所企業資源規劃會計碩士在職專班,N 職,M 碩士,43,113
8,國立中央大學,04121024,財務金融學系,D 日,M 碩士,55,113
8,國立中央大學,04121024,財務金融學系,N 職,M 碩士,71,113
8,國立中央大學,04131023,企業管理學系,D 日,M 碩士,127,113
8,國立中央大學,04131023,企業管理學系,N 職,M 碩士,74,113
8,國立中央大學,04131081,國際經營管理碩士學位學程,D 日,M 碩士,41,113
8,國立中央大學,04131085,永續領導力碩士學位學程,D 日,M 碩士,20,113
8,國立中央大學,04199027,人力資源管理研究所,D 日,M 碩士,53,113
8,國立中央大學,04199027,人力資源管理研究所,N 職,M 碩士,54,113
8,國立中央大學,04199029,高階主管碩士在職專班,N 職,M 碩士,160,113
8,國立中央大學,04211030,法律與政府研究所,D 日,M 碩士,60,113
8,國立中央大學,04211030,法律與政府研究所,N 職,M 碩士,75,113
8,國立中央大學,05121031,生命科學系,D 日,M 碩士,63,113
8,國立中央大學,05211048,遙測科技碩士學位學程,D 日,M 碩士,23,113
8,國立中央大學,05311035,化學學系,D 日,M 碩士,157,113
8,國立中央大學,05321036,地球科學學系地球物理碩士班,D 日,M 碩士,50,113
8,國立中央大學,05321037,應用地質研究所,D 日,M 碩士,24,113
8,國立中央大學,05322044,大氣科學學系大氣物理碩士班,D 日,M 碩士,52,113
8,國立中央大學,05322079,太空科學與工程學系,D 日,M 碩士,48,113
8,國立中央大學,05323039,水文與海洋科學研究所,D 日,M 碩士,21,113
8,國立中央大學,05331042,物理學系,D 日,M 碩士,88,113
8,國立中央大學,05332045,天文研究所,D 日,M 碩士,16,113
8,國立中央大學,05411051,數學系,D 日,M 碩士,61,113
8,國立中央大學,05421052,統計研究所,D 日,M 碩士,56,113
8,國立中央大學,06131053,資訊管理學系,D 日,M 碩士,146,113
8,國立中央大學,06131053,資訊管理學系,N 職,M 碩士,92,113
8,國立中央大學,06131059,資訊工程學系,D 日,M 碩士,341,113
8,國立中央大學,06131059,資訊工程學系,N 職,M 碩士,80,113
8,國立中央大學,06132002,網路學習科技研究所,D 日,M 碩士,51,113
8,國立中央大學,06132002,網路學習科技研究所,N 職,M 碩士,46,113
8,國立中央大學,06133082,人工智慧國際碩士學位學程,D 日,M 碩士,36,113
8,國立中央大學,07111069,化學工程與材料工程學系,D 日,M 碩士,162,113
8,國立中央大學,07112070,材料科學與工程研究所,D 日,M 碩士,54,113
8,國立中央大學,07112083,永續去碳科技碩士學位學程,D 日,M 碩士,18,113
8,國立中央大學,07121072,環境工程研究所,D 日,M 碩士,72,113
8,國立中央大學,07121072,環境工程研究所,N 職,M 碩士,74,113
8,國立中央大學,07132066,能源工程研究所,D 日,M 碩士,34,113
8,國立中央大學,07141055,電機工程學系,D 日,M 碩士,399,113
8,國立中央大學,07141057,光電科學與工程學系,D 日,M 碩士,225,113
8,國立中央大學,07141057,光電科學與工程學系,N 職,M 碩士,46,113
8,國立中央大學,07141060,通訊工程學系,D 日,M 碩士,157,113
8,國立中央大學,07141060,通訊工程學系,N 職,M 碩士,113,113
8,國立中央大學,07141084,永續綠能科技碩士學位學程,D 日,M 碩士,16,113
8,國立中央大學,07151064,機械工程學系,D 日,M 碩士,392,113
8,國立中央大學,07151064,機械工程學系,N 職,M 碩士,112,113
8,國立中央大學,07191026,工業管理研究所,D 日,M 碩士,60,113
8,國立中央大學,07191026,工業管理研究所,N 職,M 碩士,50,113
8,國立中央大學,07193074,生醫科學與工程學系,D 日,M 碩士,83,113
8,國立中央大學,07193074,生醫科學與工程學系人工智慧精準醫療碩士在職專班,N 職,M 碩士,48,113
8,國立中央大學,07321067,土木工程學系,D 日,M 碩士,201,113
8,國立中央大學,07321067,土木工程學系,N 職,M 碩士,108,113
9,國立中山大學,01111001,教育研究所,D 日,M 碩士,39,113
9,國立中山大學,01111001,教育研究所,N 職,M 碩士,51,113
9,國立中山大學,01111072,教育與人類發展研究全英語碩士學位學程,D 日,M 碩士,11,113
9,國立中山大學,02151002,音樂學系,D 日,M 碩士,31,113
9,國立中山大學,02192003,劇場藝術學系,D 日,M 碩士,17,113
9,國立中山大學,02192078,藝術管理與創業研究所,D 日,M 碩士,36,113
9,國立中山大學,02231008,哲學研究所,D 日,M 碩士,30,113
9,國立中山大學,02311006,外國語文學系,D 日,M 碩士,53,113
9,國立中山大學,02322005,中國文學系,D 日,M 碩士,44,113
9,國立中山大學,03111009,經濟學研究所,D 日,M 碩士,56,113
9,國立中山大學,03111009,經濟學研究所,N 職,M 碩士,30,113
9,國立中山大學,03121011,政治學研究所,D 日,M 碩士,51,113
9,國立中山大學,03121011,政治學研究所,N 職,M 碩士,25,113
9,國立中山大學,03122019,亞太事務英語碩士學位學程,D 日,M 碩士,10,113
9,國立中山大學,03122027,海洋事務研究所,D 日,M 碩士,18,113
9,國立中山大學,03141013,社會學系,D 日,M 碩士,34,113
9,國立中山大學,03141013,社會學系原住民碩士在職專班,N 職,M 碩士,42,113
9,國立中山大學,03143016,中國與亞太區域研究所,D 日,M 碩士,55,113
9,國立中山大學,03143016,中國與亞太區域研究所,N 職,M 碩士,29,113
9,國立中山大學,04121024,財務管理學系,D 日,M 碩士,86,113
9,國立中山大學,04121024,財務管理學系,N 職,M 碩士,81,113
9,國立中山大學,04121084,國際資產管理研究所,D 日,M 碩士,76,113
9,國立中山大學,04121090,數位與永續金融研究所,D 日,M 碩士,30,113
9,國立中山大學,04121C01,金融創新產業碩士專班,D 日,M 碩士,35,113
9,國立中山大學,04131021,企業管理學系,D 日,M 碩士,290,113
9,國立中山大學,04131022,管理學院國際經營管理碩士學程,D 日,M 碩士,117,113
9,國立中山大學,04131028,人力資源管理研究所,D 日,M 碩士,107,113
9,國立中山大學,04131028,人力資源管理研究所,N 職,M 碩士,114,113
9,國立中山大學,04131077,社會創新研究所,D 日,M 碩士,35,113
9,國立中山大學,04134017,公共事務管理研究所,D 日,M 碩士,55,113
9,國立中山大學,04134017,公共事務管理研究所,N 職,M 碩士,89,113
9,國立中山大學,04134018,社會科學院EMPP,N 職,M 碩士,20,113
9,國立中山大學,04134073,行政管理現役軍人營區碩士在職專班,N 職,M 碩士,4,113
9,國立中山大學,04199025,行銷傳播管理研究所,D 日,M 碩士,64,113
9,國立中山大學,04199025,行銷傳播管理研究所,N 職,M 碩士,53,113
9,國立中山大學,04199030,兩岸高階主管經營管理碩士在職專班,N 職,M 碩士,19,113
9,國立中山大學,04199068,管理學院EMBA,N 職,M 碩士,216,113
9,國立中山大學,05111033,生物科學系,D 日,M 碩士,32,113
9,國立中山大學,05111033,生物科學系,N 職,M 碩士,12,113
9,國立中山大學,05121035,生物醫學研究所,D 日,M 碩士,25,113
9,國立中山大學,05121044,海洋生物科技暨資源學系,D 日,M 碩士,49,113
9,國立中山大學,05124076,精準醫學研究所,D 日,M 碩士,20,113
9,國立中山大學,05311037,化學系,D 日,M 碩士,174,113
9,國立中山大學,05323047,海洋科學系,D 日,M 碩士,35,113
9,國立中山大學,05323075,海洋生態與保育研究所,D 日,M 碩士,18,113
9,國立中山大學,05331038,物理學系,D 日,M 碩士,81,113
9,國立中山大學,05411051,應用數學系,D 日,M 碩士,56,113
9,國立中山大學,06111055,資訊工程學系,D 日,M 碩士,312,113
9,國立中山大學,06111055,資訊工程學系科技犯罪偵查資通訊碩士在職專班,N 職,M 碩士,33,113
9,國立中山大學,06131052,資訊管理學系,D 日,M 碩士,104,113
9,國立中山大學,06131052,資訊管理學系,N 職,M 碩士,106,113
9,國立中山大學,07112063,材料與光電科學學系,D 日,M 碩士,186,113
9,國立中山大學,07121064,環境工程研究所,D 日,M 碩士,48,113
9,國立中山大學,07121064,環境工程研究所,N 職,M 碩士,54,113
9,國立中山大學,07122065,海洋環境及工程學系,D 日,M 碩士,69,113
9,國立中山大學,07141053,電機工程學系,D 日,M 碩士,406,113
9,國立中山大學,07141054,光電工程學系,D 日,M 碩士,211,113
9,國立中山大學,07141056,電信工程國際碩士學位學程,D 日,M 碩士,8,113
9,國立中山大學,07141057,通訊工程研究所,D 日,M 碩士,78,113
9,國立中山大學,07141058,電機電力工程國際碩士學位學程,D 日,M 碩士,12,113
9,國立中山大學,07141085,先進半導體封測研究所,D 日,M 碩士,222,113
9,國立中山大學,07141086,精密電子零組件研究所,D 日,M 碩士,71,113
9,國立中山大學,07141087,創新半導體製造研究所,D 日,M 碩士,48,113
9,國立中山大學,07141088,積體電路設計研究所,D 日,M 碩士,15,113
9,國立中山大學,07141091,緯創資通AI跨域應用產業碩士專班,D 日,M 碩士,14,113
9,國立中山大學,07151059,海下科技研究所,D 日,M 碩士,20,113
9,國立中山大學,07151061,機械與機電工程學系,D 日,M 碩士,198,113
9,國立中山大學,07193067,醫學科技研究所,D 日,M 碩士,62,113
9,國立中山大學,09161074,生技醫藥研究所,D 日,M 碩士,24,113
12,國立臺灣海洋大學,01111002,教育研究所,D 日,M 碩士,59,113
12,國立臺灣海洋大學,01111002,教育研究所,N 職,M 碩士,103,113
12,國立臺灣海洋大學,02299004,海洋文化研究所,D 日,M 碩士,20,113
12,國立臺灣海洋大學,02311003,應用英語研究所,D 日,M 碩士,30,113
12,國立臺灣海洋大學,03111006,應用經濟研究所,D 日,M 碩士,22,113
12,國立臺灣海洋大學,03121058,海洋政策碩士學位學程,D 日,M 碩士,16,113
12,國立臺灣海洋大學,04212009,海洋法律研究所,D 日,M 碩士,48,113
12,國立臺灣海洋大學,04212009,海洋法律研究所,N 職,M 碩士,43,113
12,國立臺灣海洋大學,05121014,生命科學暨生物科技學系,D 日,M 碩士,44,113
12,國立臺灣海洋大學,05121061,海洋生物科技及環境生態永續國際碩士學位學程,D 日,M 碩士,8,113
12,國立臺灣海洋大學,05211008,海洋事務與資源管理研究所,D 日,M 碩士,15,113
12,國立臺灣海洋大學,05321057,地球科學研究所,D 日,M 碩士,20,113
12,國立臺灣海洋大學,05323017,海洋生物研究所,D 日,M 碩士,39,113
12,國立臺灣海洋大學,05323020,海洋環境資訊系,D 日,M 碩士,20,113
12,國立臺灣海洋大學,05323020,海洋環境資訊系,N 職,M 碩士,26,113
12,國立臺灣海洋大學,05323022,海洋環境與生態研究所,D 日,M 碩士,11,113
12,國立臺灣海洋大學,06131028,資訊工程學系,D 日,M 碩士,168,113
12,國立臺灣海洋大學,06131028,資訊工程學系,N 職,M 碩士,36,113
12,國立臺灣海洋大學,06131062,應用人工智慧國際碩士學位學程,D 日,M 碩士,2,113
12,國立臺灣海洋大學,07122040,河海工程學系,D 日,M 碩士,66,113
12,國立臺灣海洋大學,07122040,河海工程學系,N 職,M 碩士,46,113
12,國立臺灣海洋大學,07141025,電機工程學系,D 日,M 碩士,202,113
12,國立臺灣海洋大學,07141025,電機工程學系,N 職,M 碩士,64,113
12,國立臺灣海洋大學,07141027,光電與材料科技學系,D 日,M 碩士,96,113
12,國立臺灣海洋大學,07141030,通訊與導航工程學系,D 日,M 碩士,70,113
12,國立臺灣海洋大學,07151036,機械與機電工程學系,D 日,M 碩士,81,113
12,國立臺灣海洋大學,07163033,系統工程暨造船學系,D 日,M 碩士,54,113
12,國立臺灣海洋大學,07163035,輪機工程學系,D 日,M 碩士,34,113
12,國立臺灣海洋大學,07163035,輪機工程學系,N 職,M 碩士,20,113
12,國立臺灣海洋大學,07211042,食品科學系,D 日,M 碩士,125,113
12,國立臺灣海洋大學,07211042,食品科學系,N 職,M 碩士,35,113
12,國立臺灣海洋大學,07211059,食品安全與風險管理研究所,D 日,M 碩士,24,113
12,國立臺灣海洋大學,07211060,食品安全管理碩士在職學位學程,N 職,M 碩士,29,113
12,國立臺灣海洋大學,08311045,環境生物與漁業科學學系,D 日,M 碩士,26,113
12,國立臺灣海洋大學,08311045,環境生物與漁業科學學系,N 職,M 碩士,27,113
12,國立臺灣海洋大學,08312046,水產養殖學系,D 日,M 碩士,88,113
12,國立臺灣海洋大學,10411050,運輸科學系,D 日,M 碩士,70,113
12,國立臺灣海洋大學,10411050,運輸科學系運輸與供應鏈管理碩士在職專班,N 職,M 碩士,30,113
12,國立臺灣海洋大學,10412048,航運管理學系,D 日,M 碩士,113,113
12,國立臺灣海洋大學,10412048,航運管理學系,N 職,M 碩士,110,113
12,國立臺灣海洋大學,10414052,商船學系,D 日,M 碩士,28,113
12,國立臺灣海洋大學,10414052,商船學系,N 職,M 碩士,29,113
13,國立中正大學,01111001,教育學研究所,D 日,M 碩士,35,113
13,國立中正大學,01111001,教育學研究所教育學碩士在職專班,N 職,M 碩士,107,113
13,國立中正大學,01112005,成人及繼續教育學系,D 日,M 碩士,84,113
13,國立中正大學,01112005,成人及繼續教育學系,N 職,M 碩士,113,113
13,國立中正大學,01114007,教育領導與管理發展國際碩士學位學程,D 日,M 碩士,25,113
13,國立中正大學,01114081,教育專業與學校領導數位學習碩士在職專班,N 職,M 碩士,11,113
13,國立中正大學,01116008,教學專業發展數位學習碩士在職專班,N 職,M 碩士,83,113
13,國立中正大學,02221015,歷史學系,D 日,M 碩士,32,113
13,國立中正大學,02231016,哲學系,D 日,M 碩士,18,113
13,國立中正大學,02311012,外國語文學系,D 日,M 碩士,41,113
13,國立中正大學,02321010,台灣文學與創意應用研究所,D 日,M 碩士,22,113
13,國立中正大學,02321010,台灣文學與創意應用研究所台灣文化碩士在職專班,N 職,M 碩士,54,113
13,國立中正大學,02322011,中國文學系,D 日,M 碩士,30,113
13,國立中正大學,02399014,語言學研究所,D 日,M 碩士,27,113
13,國立中正大學,03111017,經濟學系國際經濟學碩士班,D 日,M 碩士,77,113
13,國立中正大學,03111017,經濟學系國際經濟學碩士在職專班,N 職,M 碩士,48,113
13,國立中正大學,03121018,政治學系,D 日,M 碩士,31,113
13,國立中正大學,03121018,政治學系政府與公共事務碩士在職專班,N 職,M 碩士,30,113
13,國立中正大學,03122024,戰略暨國際事務研究所,D 日,M 碩士,41,113
13,國立中正大學,03122024,戰略暨國際事務研究所戰略暨國家安全碩士在職專班,N 職,M 碩士,44,113
13,國立中正大學,03131019,心理學系,D 日,M 碩士,105,113
13,國立中正大學,03191025,勞工關係學系,D 日,M 碩士,52,113
13,國立中正大學,03191025,勞工關係學系,N 職,M 碩士,78,113
13,國立中正大學,03199026,犯罪防治學系,D 日,M 碩士,60,113
13,國立中正大學,03199026,犯罪防治學系,N 職,M 碩士,108,113
13,國立中正大學,03211028,傳播學系電訊傳播碩士班,D 日,M 碩士,54,113
13,國立中正大學,04111032,會計與資訊科技學系,D 日,M 碩士,66,113
13,國立中正大學,04111032,會計與資訊科技學系,N 職,M 碩士,99,113
13,國立中正大學,04121034,財務金融學系,D 日,M 碩士,85,113
13,國立中正大學,04121034,財務金融學系,N 職,M 碩士,61,113
13,國立中正大學,04121035,國際財務金融管理碩士學位學程,D 日,M 碩士,14,113
13,國立中正大學,04131033,企業管理學系,D 日,M 碩士,132,113
13,國立中正大學,04131033,企業管理學系,N 職,M 碩士,89,113
13,國立中正大學,04199038,高階主管管理碩士在職專班,N 職,M 碩士,52,113
13,國立中正大學,04199080,金融科技碩士學位學程,D 日,M 碩士,33,113
13,國立中正大學,04211039,法律學系,D 日,M 碩士,176,113
13,國立中正大學,04211039,法律學系,N 職,M 碩士,167,113
13,國立中正大學,04211077,法學院高階主管法律碩士在職專班,N 職,M 碩士,76,113
13,國立中正大學,04212040,財經法律學系,D 日,M 碩士,82,113
13,國立中正大學,04212040,財經法律學系,N 職,M 碩士,61,113
13,國立中正大學,05121075,生物醫學科學系,D 日,M 碩士,28,113
13,國立中正大學,05311045,化學暨生物化學系,D 日,M 碩士,126,113
13,國立中正大學,05321047,地球與環境科學系,D 日,M 碩士,52,113
13,國立中正大學,05321047,地球與環境科學系災害應變碩士在職專班,N 職,M 碩士,15,113
13,國立中正大學,05331067,物理學系,D 日,M 碩士,57,113
13,國立中正大學,05411049,數學系,D 日,M 碩士,64,113
13,國立中正大學,06131053,資訊管理學系,D 日,M 碩士,125,113
13,國立中正大學,06131053,資訊管理學系,N 職,M 碩士,87,113
13,國立中正大學,06131055,資訊工程學系,D 日,M 碩士,268,113
13,國立中正大學,06131055,資訊工程學系雲端計算與物聯網數位學習碩士在職專班,N 職,M 碩士,85,113
13,國立中正大學,07111061,化學工程學系,D 日,M 碩士,89,113
13,國立中正大學,07141054,電機工程學系,D 日,M 碩士,266,113
13,國立中正大學,07141056,通訊工程學系,D 日,M 碩士,126,113
13,國立中正大學,07151058,機械工程學系,D 日,M 碩士,266,113
13,國立中正大學,07151071,前瞻製造系統碩士學位學程,D 日,M 碩士,11,113
13,國立中正大學,09231063,社會福利學系,D 日,M 碩士,57,113
13,國立中正大學,10141064,運動競技學系運動與休閒教育碩士班,D 日,M 碩士,51,113
14,國立高雄師範大學,01111001,教育學系,D 日,M 碩士,90,113
14,國立高雄師範大學,01111001,教育學系,N 職,M 碩士,158,113
14,國立高雄師範大學,01112009,成人教育研究所,D 日,M 碩士,58,113
14,國立高雄師範大學,01112009,成人教育研究所組織發展與領導碩士在職專班(夜間班),N 職,M 碩士,61,113
14,國立高雄師範大學,01113010,特殊教育學系,D 日,M 碩士,105,113
14,國立高雄師範大學,01113010,特殊教育學系特殊教育教學碩士班,N 職,M 碩士,7,113
14,國立高雄師範大學,01114054,高階教育經營與行政管理馬來西亞境外碩士在職專班,N 職,M 碩士,24,113
14,國立高雄師範大學,01141003,工業科技教育學系,D 日,M 碩士,23,113
14,國立高雄師範大學,01141003,工業科技教育學系,N 職,M 碩士,125,113
14,國立高雄師範大學,01141005,體育學系,D 日,M 碩士,60,113
14,國立高雄師範大學,01141005,體育學系,N 職,M 碩士,79,113
14,國立高雄師範大學,01141006,科學教育暨環境教育研究所,D 日,M 碩士,62,113
14,國立高雄師範大學,01141006,科學教育暨環境教育研究所碩士在職現役軍人營區專班,N 職,M 碩士,7,113
14,國立高雄師範大學,01199011,性別教育研究所,D 日,M 碩士,61,113
14,國立高雄師範大學,02112022,視覺設計學系,D 日,M 碩士,69,113
14,國立高雄師範大學,02112022,視覺設計學系視覺設計碩士在職專班(夜間班),N 職,M 碩士,59,113
14,國立高雄師範大學,02123024,工業設計學系,D 日,M 碩士,22,113
14,國立高雄師範大學,02125064,創新產業原住民碩士在職學位學程,N 職,M 碩士,21,113
14,國立高雄師範大學,02131012,美術學系,D 日,M 碩士,87,113
14,國立高雄師範大學,02131012,美術學系,N 職,M 碩士,72,113
14,國立高雄師範大學,02151013,音樂學系,D 日,M 碩士,59,113
14,國立高雄師範大學,02151013,音樂學系,N 職,M 碩士,31,113
14,國立高雄師範大學,02191014,跨領域藝術研究所,D 日,M 碩士,47,113
14,國立高雄師範大學,02191014,跨領域藝術研究所跨藝實踐與永續環境碩士在職專班,N 職,M 碩士,19,113
14,國立高雄師範大學,02191047,表演藝術碩士學位學程,N 職,M 碩士,46,113
14,國立高雄師範大學,02199025,文化創意設計碩士學位學程在職專班,N 職,M 碩士,46,113
14,國立高雄師範大學,02299020,經學研究所,D 日,M 碩士,54,113
14,國立高雄師範大學,02299020,經學研究所經學碩士在職專班,N 職,M 碩士,5,113
14,國立高雄師範大學,02311021,英語學系,D 日,M 碩士,76,113
14,國立高雄師範大學,02311021,英語學系,N 職,M 碩士,61,113
14,國立高雄師範大學,02313002,華語文教學研究所,D 日,M 碩士,102,113
14,國立高雄師範大學,02321015,臺灣歷史文化及語言研究所,D 日,M 碩士,67,113
14,國立高雄師範大學,02321015,臺灣歷史文化及語言研究所臺灣研究碩士學位在職進修專班,N 職,M 碩士,27,113
14,國立高雄師範大學,02322019,國文學系,D 日,M 碩士,63,113
14,國立高雄師範大學,02322019,國文學系,N 職,M 碩士,166,113
14,國立高雄師範大學,03131026,諮商心理與復健諮商研究所,D 日,M 碩士,141,113
14,國立高雄師範大學,03142030,地理學系,D 日,M 碩士,20,113
14,國立高雄師範大學,03142030,地理學系,N 職,M 碩士,18,113
14,國立高雄師範大學,03143031,客家文化研究所,D 日,M 碩士,24,113
14,國立高雄師範大學,03143052,東南亞學碩士在職學位學程,N 職,M 碩士,51,113
14,國立高雄師範大學,04131032,事業經營學系,D 日,M 碩士,29,113
14,國立高雄師範大學,04131032,事業經營學系,N 職,M 碩士,62,113
14,國立高雄師範大學,04131058,創新領導與管理現役軍人營區碩士在職專班,N 職,M 碩士,0,113
14,國立高雄師範大學,04131061,環境與創意產業碩士在職學位學程,N 職,M 碩士,32,113
14,國立高雄師範大學,04199033,人力與知識管理研究所,D 日,M 碩士,37,113
14,國立高雄師範大學,04199033,人力與知識管理研究所人力與知識管理碩士在職專班(夜間班),N 職,M 碩士,57,113
14,國立高雄師範大學,05121034,生物科技系,D 日,M 碩士,47,113
14,國立高雄師範大學,05311036,化學系,D 日,M 碩士,22,113
14,國立高雄師範大學,05331037,物理學系,D 日,M 碩士,17,113
14,國立高雄師範大學,05331037,物理學系,N 職,M 碩士,1,113
14,國立高雄師範大學,05411038,數學系,D 日,M 碩士,40,113
14,國立高雄師範大學,05411038,數學系數學教學碩士班(暑期班),N 職,M 碩士,37,113
14,國立高雄師範大學,06132039,軟體工程與管理學系,D 日,M 碩士,47,113
14,國立高雄師範大學,06132039,軟體工程與管理學系,N 職,M 碩士,69,113
14,國立高雄師範大學,07141041,電子工程學系,D 日,M 碩士,37,113
14,國立高雄師範大學,07141044,工程國際碩士學位學程,D 日,M 碩士,14,113
14,國立高雄師範大學,07141060,電機工程學系,D 日,M 碩士,20,113
15,國立彰化師範大學,01111002,教育研究所,D 日,M 碩士,65,113
15,國立彰化師範大學,01111002,教育研究所,N 職,M 碩士,132,113
15,國立彰化師範大學,01113012,特殊教育學系,D 日,M 碩士,55,113
15,國立彰化師範大學,01113012,特殊教育學系,N 職,M 碩士,76,113
15,國立彰化師範大學,01118007,工業教育與技術學系,N 職,M 碩士,105,113
15,國立彰化師範大學,01131004,科學教育研究所,D 日,M 碩士,18,113
15,國立彰化師範大學,01131004,科學教育研究所,N 職,M 碩士,19,113
15,國立彰化師範大學,01131006,公共事務與公民教育學系,D 日,M 碩士,39,113
15,國立彰化師範大學,01141011,運動學系應用運動科學碩士班,D 日,M 碩士,35,113
15,國立彰化師範大學,01141011,運動學系運動與健康休閒碩士在職專班,N 職,M 碩士,45,113
15,國立彰化師範大學,02131017,美術學系,D 日,M 碩士,53,113
15,國立彰化師範大學,02221023,歷史學研究所,D 日,M 碩士,24,113
15,國立彰化師範大學,02311020,英語學系,D 日,M 碩士,39,113
15,國立彰化師範大學,02311020,英語學系應用英語碩士在職專班,N 職,M 碩士,59,113
15,國立彰化師範大學,02311021,兒童英語研究所,D 日,M 碩士,0,113
15,國立彰化師範大學,02311066,科技與兒少英語研究所,D 日,M 碩士,32,113
15,國立彰化師範大學,02312022,翻譯研究所,D 日,M 碩士,58,113
15,國立彰化師範大學,02321018,台灣文學研究所,D 日,M 碩士,31,113
15,國立彰化師範大學,02322019,國文學系,D 日,M 碩士,36,113
15,國立彰化師範大學,02322019,國文學系國語文教學碩士在職專班,N 職,M 碩士,50,113
15,國立彰化師範大學,03131025,輔導與諮商學系,D 日,M 碩士,182,113
15,國立彰化師範大學,03131025,輔導與諮商學系,N 職,M 碩士,159,113
15,國立彰化師範大學,03131055,復健諮商研究所,D 日,M 碩士,65,113
15,國立彰化師範大學,03142027,地理學系,D 日,M 碩士,29,113
15,國立彰化師範大學,04111028,會計學系,D 日,M 碩士,83,113
15,國立彰化師範大學,04121031,財務金融技術學系,D 日,M 碩士,45,113
15,國立彰化師範大學,04131028,會計學系企業高階管理碩士在職專班,N 職,M 碩士,113,113
15,國立彰化師範大學,04131029,企業管理學系,D 日,M 碩士,89,113
15,國立彰化師範大學,04131029,企業管理學系國際企業經營管理碩士在職專班,N 職,M 碩士,108,113
15,國立彰化師範大學,04131031,財務金融技術學系,N 職,M 碩士,95,113
15,國立彰化師範大學,04131033,人力資源管理研究所,D 日,M 碩士,74,113
15,國立彰化師範大學,04131033,人力資源管理研究所,N 職,M 碩士,80,113
15,國立彰化師範大學,04131046,光電科技研究所科技應用與管理碩士在職專班,N 職,M 碩士,56,113
15,國立彰化師範大學,04134006,公共事務與公民教育學系公共事務與公民教育碩士在職專班,N 職,M 碩士,40,113
15,國立彰化師範大學,05111034,生物學系,D 日,M 碩士,48,113
15,國立彰化師範大學,05121064,材料與生物科技暨科教國際碩士學位學程,D 日,M 碩士,15,113
15,國立彰化師範大學,05311035,化學系,D 日,M 碩士,43,113
15,國立彰化師範大學,05331037,物理學系,D 日,M 碩士,31,113
15,國立彰化師範大學,05411038,數學系,D 日,M 碩士,28,113
15,國立彰化師範大學,05421039,統計資訊研究所,D 日,M 碩士,18,113
15,國立彰化師範大學,06131040,資訊管理學系,D 日,M 碩士,88,113
15,國立彰化師範大學,06131040,資訊管理學系創新與管理碩士在職專班,N 職,M 碩士,42,113
15,國立彰化師範大學,06131050,資訊工程學系,D 日,M 碩士,84,113
15,國立彰化師範大學,06131050,資訊工程學系人工智慧應用服務碩士在職專班,N 職,M 碩士,29,113
15,國立彰化師範大學,06131063,人工智慧科技應用碩士學位學程,D 日,M 碩士,22,113
15,國立彰化師範大學,07141042,電機工程學系,D 日,M 碩士,53,113
15,國立彰化師範大學,07141042,電機工程學系,N 職,M 碩士,37,113
15,國立彰化師範大學,07141043,電子工程學系,D 日,M 碩士,56,113
15,國立彰化師範大學,07141046,光電科技研究所,D 日,M 碩士,26,113
15,國立彰化師範大學,07141054,機電工程學系,D 日,M 碩士,54,113
15,國立彰化師範大學,07141054,機電工程學系,N 職,M 碩士,59,113
15,國立彰化師範大學,07141062,工學院國際工程碩士學位學程,D 日,M 碩士,15,113
15,國立彰化師範大學,07161053,車輛科技研究所,D 日,M 碩士,29,113
15,國立彰化師範大學,07199007,工業教育與技術學系,D 日,M 碩士,78,113
15,國立彰化師範大學,10152058,運動健康研究所,D 日,M 碩士,27,113
17,國立臺北大學,02221005,歷史學系,D 日,M 碩士,33,113
17,國立臺北大學,02299008,民俗藝術與文化資產研究所,D 日,M 碩士,32,113
17,國立臺北大學,02322002,中國文學系,D 日,M 碩士,28,113
17,國立臺北大學,03111009,經濟學系,D 日,M 碩士,65,113
17,國立臺北大學,03141011,社會學系,D 日,M 碩士,39,113
17,國立臺北大學,03141011,社會學系,N 職,M 碩士,67,113
17,國立臺北大學,03199016,犯罪學研究所,D 日,M 碩士,49,113
17,國立臺北大學,03199016,犯罪學研究所,N 職,M 碩士,81,113
17,國立臺北大學,04111017,會計學系,D 日,M 碩士,36,113
17,國立臺北大學,04111017,會計學系,N 職,M 碩士,40,113
17,國立臺北大學,04121020,財務金融英語碩士學位學程,D 日,M 碩士,42,113
17,國立臺北大學,04121021,國際財務金融士在職專班,N 職,M 碩士,90,113
17,國立臺北大學,04121022,金融與合作經營學系,D 日,M 碩士,34,113
17,國立臺北大學,04122023,財政學系,D 日,M 碩士,30,113
17,國立臺北大學,04131018,企業管理學系,D 日,M 碩士,232,113
17,國立臺北大學,04131018,企業管理學系,N 職,M 碩士,166,113
17,國立臺北大學,04131019,國際企業研究所,D 日,M 碩士,29,113
17,國立臺北大學,04134013,公共行政暨政策學系,D 日,M 碩士,124,113
17,國立臺北大學,04134013,公共行政暨政策學系,N 職,M 碩士,97,113
17,國立臺北大學,04134024,不動產與城鄉環境學系,D 日,M 碩士,50,113
17,國立臺北大學,04134040,城市治理英語碩士學位學程,D 日,M 碩士,31,113
17,國立臺北大學,04211028,法律學系,D 日,M 碩士,287,113
17,國立臺北大學,05211043,自然資源與環境管理研究所,D 日,M 碩士,23,113
17,國立臺北大學,05211043,自然資源與環境管理研究所,N 職,M 碩士,21,113
17,國立臺北大學,05421033,統計學系,D 日,M 碩士,44,113
17,國立臺北大學,05421033,統計學系,N 職,M 碩士,52,113
17,國立臺北大學,06131036,資訊工程學系,D 日,M 碩士,84,113
17,國立臺北大學,06134034,資訊管理研究所,D 日,M 碩士,39,113
17,國立臺北大學,07141035,電機工程學系,D 日,M 碩士,54,113
17,國立臺北大學,07141037,通訊工程學系,D 日,M 碩士,45,113
17,國立臺北大學,07141C02,多媒體與網路科技產業碩士專班,D 日,M 碩士,2,113
17,國立臺北大學,07313039,都市計劃研究所,D 日,M 碩士,46,113
17,國立臺北大學,09141044,智慧醫療管理英語碩士學位學程,D 日,M 碩士,12,113
17,國立臺北大學,09231041,社會工作學系,D 日,M 碩士,53,113
18,國立嘉義大學,01111001,教育學系,D 日,M 碩士,123,113
18,國立嘉義大學,01111001,教育學系,N 職,M 碩士,204,113
18,國立嘉義大學,01111006,師範學院教學專業國際碩士學位學程,D 日,M 碩士,5,113
18,國立嘉義大學,01113017,特殊教育學系,D 日,M 碩士,34,113
18,國立嘉義大學,01115031,外國語言學系雙語教學碩士在職專班,N 職,M 碩士,7,113
18,國立嘉義大學,01116021,數位學習設計與管理學系,D 日,M 碩士,23,113
18,國立嘉義大學,01121016,幼兒教育學系,D 日,M 碩士,45,113
18,國立嘉義大學,01121016,幼兒教育學系,N 職,M 碩士,51,113
18,國立嘉義大學,02131025,視覺藝術學系,D 日,M 碩士,48,113
18,國立嘉義大學,02131025,視覺藝術學系教學碩士學位班,N 職,M 碩士,1,113
18,國立嘉義大學,02151024,音樂學系,D 日,M 碩士,32,113
18,國立嘉義大學,02221033,應用歷史學系,D 日,M 碩士,17,113
18,國立嘉義大學,02221033,應用歷史學系,N 職,M 碩士,1,113
18,國立嘉義大學,02311031,外國語言學系,D 日,M 碩士,22,113
18,國立嘉義大學,02322029,中國文學系,D 日,M 碩士,19,113
18,國立嘉義大學,02322029,中國文學系,N 職,M 碩士,35,113
18,國立嘉義大學,03131035,輔導與諮商學系,D 日,M 碩士,103,113
18,國立嘉義大學,03131035,輔導與諮商學系,N 職,M 碩士,147,113
18,國立嘉義大學,04121041,財務金融學系,D 日,M 碩士,28,113
18,國立嘉義大學,04131038,企業管理學系,D 日,M 碩士,56,113
18,國立嘉義大學,04131046,管理學院碩士在職專班,N 職,M 碩士,197,113
18,國立嘉義大學,04131116,科技管理學系,D 日,M 碩士,15,113
18,國立嘉義大學,04143044,行銷與觀光管理學系,D 日,M 碩士,52,113
18,國立嘉義大學,05111052,生物資源學系,D 日,M 碩士,28,113
18,國立嘉義大學,05121053,生化科技學系,D 日,M 碩士,20,113
18,國立嘉義大學,05121053,生化科技學系,N 職,M 碩士,22,113
18,國立嘉義大學,05199058,微生物免疫與生物藥學系,D 日,M 碩士,13,113
18,國立嘉義大學,05311059,應用化學系,D 日,M 碩士,20,113
18,國立嘉義大學,05331061,電子物理學系光電暨固態電子碩士班,D 日,M 碩士,11,113
18,國立嘉義大學,05411062,應用數學系,D 日,M 碩士,14,113
18,國立嘉義大學,06131063,資訊管理學系,D 日,M 碩士,36,113
18,國立嘉義大學,06131066,資訊工程學系,D 日,M 碩士,62,113
18,國立嘉義大學,07141064,電機工程學系,D 日,M 碩士,22,113
18,國立嘉義大學,07151067,生物機電工程學系,D 日,M 碩士,19,113
18,國立嘉義大學,07151067,生物機電工程學系,N 職,M 碩士,26,113
18,國立嘉義大學,07151069,機械與能源工程學系,D 日,M 碩士,10,113
18,國立嘉義大學,07211088,食品科學系,D 日,M 碩士,49,113
18,國立嘉義大學,07211088,食品科學系,N 職,M 碩士,39,113
18,國立嘉義大學,07312072,景觀學系,D 日,M 碩士,21,113
18,國立嘉義大學,07321070,土木與水資源工程學系,D 日,M 碩士,10,113
18,國立嘉義大學,07321070,土木與水資源工程學系,N 職,M 碩士,32,113
18,國立嘉義大學,08111073,農學院農學碩士在職專班,N 職,M 碩士,83,113
18,國立嘉義大學,08111074,農藝學系,D 日,M 碩士,16,113
18,國立嘉義大學,08111074,農藝學系,N 職,M 碩士,1,113
18,國立嘉義大學,08112079,動物科學系,D 日,M 碩士,25,113
18,國立嘉義大學,08121080,園藝學系,D 日,M 碩士,18,113
18,國立嘉義大學,08192117,農業生物科技學系,D 日,M 碩士,20,113
18,國立嘉義大學,08194084,植物醫學系,D 日,M 碩士,16,113
18,國立嘉義大學,08211096,森林暨自然資源學系,D 日,M 碩士,36,113
18,國立嘉義大學,08211106,木質材料與設計學系,D 日,M 碩士,14,113
18,國立嘉義大學,08312047,水生生物科學系,D 日,M 碩士,20,113
18,國立嘉義大學,08411108,獸醫學系,D 日,M 碩士,15,113
18,國立嘉義大學,10151110,管理學院外籍生全英文授課觀光暨管理碩士學位學程,D 日,M 碩士,11,113
18,國立嘉義大學,10152113,體育與健康休閒學系,D 日,M 碩士,60,113
18,國立嘉義大學,10152113,體育與健康休閒學系,N 職,M 碩士,58,113
19,國立高雄大學,02311002,西洋語文學系,D 日,M 碩士,4,113
19,國立高雄大學,02311003,東亞語文學系,D 日,M 碩士,12,113
19,國立高雄大學,03111006,應用經濟學系,D 日,M 碩士,16,113
19,國立高雄大學,04121011,金融管理學系,D 日,M 碩士,0,113
19,國立高雄大學,04121039,財務金融學系,D 日,M 碩士,52,113
19,國立高雄大學,04131007,經營管理研究所,D 日,M 碩士,0,113
19,國立高雄大學,04131009,亞太工商管理學系,D 日,M 碩士,25,113
19,國立高雄大學,04131009,亞太工商管理學系,N 職,M 碩士,33,113
19,國立高雄大學,04131010,國際商業管理碩士學位學程,D 日,M 碩士,3,113
19,國立高雄大學,04199012,高階經營管理碩士在職專班,N 職,M 碩士,108,113
19,國立高雄大學,04199013,國際高階經營管理碩士在職專班,N 職,M 碩士,104,113
19,國立高雄大學,04199014,高階法律暨管理碩士在職專班,N 職,M 碩士,38,113
19,國立高雄大學,04211015,法律學系,D 日,M 碩士,53,113
19,國立高雄大學,04211015,法律學系,N 職,M 碩士,102,113
19,國立高雄大學,04212016,財經法律學系,D 日,M 碩士,31,113
19,國立高雄大學,04212017,政治法律學系,D 日,M 碩士,32,113
19,國立高雄大學,04212017,政治法律學系,N 職,M 碩士,37,113
19,國立高雄大學,05111019,生命科學系,D 日,M 碩士,14,113
19,國立高雄大學,05311022,應用化學系,D 日,M 碩士,34,113
19,國立高雄大學,05331023,應用物理學系,D 日,M 碩士,8,113
19,國立高雄大學,05411024,應用數學系,D 日,M 碩士,12,113
19,國立高雄大學,05421025,統計學研究所,D 日,M 碩士,23,113
19,國立高雄大學,06131026,資訊管理學系,D 日,M 碩士,38,113
19,國立高雄大學,06131028,資訊工程學系,D 日,M 碩士,48,113
19,國立高雄大學,06131028,資訊工程學系,N 職,M 碩士,40,113
19,國立高雄大學,07111030,化學工程及材料工程學系,D 日,M 碩士,46,113
19,國立高雄大學,07141027,電機工程學系,D 日,M 碩士,106,113
19,國立高雄大學,07141027,電機工程學系,N 職,M 碩士,42,113
19,國立高雄大學,07141038,半導體製造智能化技術產業碩士專班,D 日,M 碩士,59,113
19,國立高雄大學,07311005,創意設計與建築學系,N 職,M 碩士,1,113
19,國立高雄大學,07311035,建築學系,D 日,M 碩士,35,113
19,國立高雄大學,07311035,建築學系,N 職,M 碩士,59,113
19,國立高雄大學,07321029,土木與環境工程學系,D 日,M 碩士,25,113
19,國立高雄大學,10152033,運動健康與休閒學系,D 日,M 碩士,17,113
19,國立高雄大學,10152033,運動健康與休閒學系,N 職,M 碩士,27,113
20,國立東華大學,01111001,教育與潛能開發學系,D 日,M 碩士,100,113
20,國立東華大學,01111001,教育與潛能開發學系教育碩士在職專班,N 職,M 碩士,91,113
20,國立東華大學,01111004,花師教育學院多元文化教育碩士班,D 日,M 碩士,8,113
20,國立東華大學,01113013,特殊教育學系身心障礙與輔助科技碩士班,D 日,M 碩士,21,113
20,國立東華大學,01114015,教育行政與管理學系,D 日,M 碩士,28,113
20,國立東華大學,01114015,教育行政與管理學系,N 職,M 碩士,111,113
20,國立東華大學,01121012,幼兒教育學系,D 日,M 碩士,18,113
20,國立東華大學,01121012,幼兒教育學系,N 職,M 碩士,32,113
20,國立東華大學,01141010,體育與運動科學系,D 日,M 碩士,30,113
20,國立東華大學,01141010,體育與運動科學系,N 職,M 碩士,47,113
20,國立東華大學,02121019,藝術與設計學系,D 日,M 碩士,62,113
20,國立東華大學,02151018,音樂學系,D 日,M 碩士,29,113
20,國立東華大學,02191022,藝術創意產業學系,D 日,M 碩士,44,113
20,國立東華大學,02191022,藝術創意產業學系,N 職,M 碩士,28,113
20,國立東華大學,02221033,歷史學系,D 日,M 碩士,13,113
20,國立東華大學,02222042,族群關係與文化學系,D 日,M 碩士,27,113
20,國立東華大學,02222042,族群關係與文化學系,N 職,M 碩士,14,113
20,國立東華大學,02311029,英美語文學系,D 日,M 碩士,27,113
20,國立東華大學,02322025,中國語文學系,D 日,M 碩士,22,113
20,國立東華大學,02323104,華文文學系,D 日,M 碩士,46,113
20,國立東華大學,02323112,人文社會科學學院華語文教學暨書法國際碩士班,D 日,M 碩士,10,113
20,國立東華大學,03111034,經濟學系,D 日,M 碩士,11,113
20,國立東華大學,03131046,諮商與臨床心理學系,D 日,M 碩士,144,113
20,國立東華大學,03141036,社會學系,D 日,M 碩士,21,113
20,國立東華大學,03143051,臺灣文化學系,D 日,M 碩士,26,113
20,國立東華大學,03143051,臺灣文化學系,N 職,M 碩士,4,113
20,國立東華大學,03191103,民族發展與社會工作學系,D 日,M 碩士,25,113
20,國立東華大學,03199040,民族事務與發展學系,D 日,M 碩士,0,113
20,國立東華大學,04111056,會計學系,D 日,M 碩士,31,113
20,國立東華大學,04121061,財務金融學系,D 日,M 碩士,53,113
20,國立東華大學,04131059,企業管理學系,D 日,M 碩士,77,113
20,國立東華大學,04131059,企業管理學系,N 職,M 碩士,43,113
20,國立東華大學,04131060,國際企業學系,D 日,M 碩士,38,113
20,國立東華大學,04131060,國際企業學系,N 職,M 碩士,14,113
20,國立東華大學,04131065,管理學院高階經營管理碩士在職專班,N 職,M 碩士,58,113
20,國立東華大學,04132063,運籌管理研究所,D 日,M 碩士,25,113
20,國立東華大學,04134054,公共行政學系,D 日,M 碩士,18,113
20,國立東華大學,04134054,公共行政學系,N 職,M 碩士,36,113
20,國立東華大學,04212067,法律學系,D 日,M 碩士,40,113
20,國立東華大學,05121069,生命科學系生物技術碩士班,D 日,M 碩士,0,113
20,國立東華大學,05121116,生化暨分子醫學科學系,D 日,M 碩士,13,113
20,國立東華大學,05211094,自然資源與環境學系,D 日,M 碩士,70,113
20,國立東華大學,05211100,人文與環境碩士學位學程,D 日,M 碩士,5,113
20,國立東華大學,05311071,化學系,D 日,M 碩士,28,113
20,國立東華大學,05323078,海洋生物研究所,D 日,M 碩士,18,113
20,國立東華大學,05331072,物理學系應用物理碩士班,D 日,M 碩士,21,113
20,國立東華大學,05411074,應用數學系,D 日,M 碩士,30,113
20,國立東華大學,06131086,資訊工程學系,D 日,M 碩士,158,113
20,國立東華大學,06131086,資訊工程學系,N 職,M 碩士,2,113
20,國立東華大學,06134081,資訊管理學系,D 日,M 碩士,34,113
20,國立東華大學,07112090,材料科學與工程學系,D 日,M 碩士,23,113
20,國立東華大學,07141083,電機工程學系,D 日,M 碩士,45,113
20,國立東華大學,07141083,電機工程學系,N 職,M 碩士,1,113
20,國立東華大學,07141085,光電工程學系,D 日,M 碩士,33,113
20,國立東華大學,09231040,民族事務與發展學系民族社會工作碩士在職專班,N 職,M 碩士,0,113
20,國立東華大學,09231103,民族發展與社會工作學系民族社會工作碩士在職專班,N 職,M 碩士,59,113
20,國立東華大學,10151091,觀光暨休閒遊憩學系,D 日,M 碩士,17,113
21,國立暨南國際大學,01111001,國際文教與比較教育學系,D 日,M 碩士,17,113
21,國立暨南國際大學,01111004,諮商心理與人力資源發展學系,D 日,M 碩士,151,113
21,國立暨南國際大學,01112009,終身學習與人力資源發展碩士學位學程,N 職,M 碩士,68,113
21,國立暨南國際大學,01114010,教育政策與行政學系,D 日,M 碩士,37,113
21,國立暨南國際大學,01115012,課程教學與科技研究所,D 日,M 碩士,24,113
21,國立暨南國際大學,01131007,華語文教學碩士學位學程,D 日,M 碩士,18,113
21,國立暨南國際大學,02221015,歷史學系,D 日,M 碩士,18,113
21,國立暨南國際大學,02311014,外國語文學系,D 日,M 碩士,13,113
21,國立暨南國際大學,02322013,中國語文學系,D 日,M 碩士,26,113
21,國立暨南國際大學,03111016,經濟學系,D 日,M 碩士,12,113
21,國立暨南國際大學,03131044,教育學院心理健康與諮詢碩士學位學程在職專班,N 職,M 碩士,59,113
21,國立暨南國際大學,03131054,心理健康與輔導諮詢碩士在職進修新加坡境外專班,N 職,M 碩士,3,113
21,國立暨南國際大學,03143019,東南亞學系,D 日,M 碩士,10,113
21,國立暨南國際大學,03143019,東南亞學系,N 職,M 碩士,30,113
21,國立暨南國際大學,03191055,地方創生與跨域治理碩士學位學程,D 日,M 碩士,19,113
21,國立暨南國際大學,04121025,財務金融學系,D 日,M 碩士,34,113
21,國立暨南國際大學,04131022,國際企業學系,D 日,M 碩士,47,113
21,國立暨南國際大學,04131023,管理學院兩岸高階主管經營管理境外碩士在職學位學程,N 職,M 碩士,30,113
21,國立暨南國際大學,04131026,新興產業策略與發展碩士學位學程,D 日,M 碩士,17,113
21,國立暨南國際大學,04131046,區域發展重點產業碩士專班,D 日,M 碩士,29,113
21,國立暨南國際大學,04131047,管理學院高階經營管理碩士學位學程,N 職,M 碩士,86,113
21,國立暨南國際大學,04134020,公共行政與政策學系,D 日,M 碩士,15,113
21,國立暨南國際大學,04134020,公共行政與政策學系,N 職,M 碩士,33,113
21,國立暨南國際大學,04134021,非營利組織經營管理碩士學位學程在職專班,N 職,M 碩士,92,113
21,國立暨南國際大學,04143052,文化創意與社會行銷碩士學位學程,D 日,M 碩士,15,113
21,國立暨南國際大學,05311027,應用化學系,D 日,M 碩士,18,113
21,國立暨南國際大學,06131030,資訊管理學系,D 日,M 碩士,46,113
21,國立暨南國際大學,06131034,資訊工程學系,D 日,M 碩士,109,113
21,國立暨南國際大學,06131053,人工智慧與機器人碩士學位學程,D 日,M 碩士,12,113
21,國立暨南國際大學,07112037,應用材料及光電工程學系,D 日,M 碩士,15,113
21,國立暨南國際大學,07141031,電機工程學系,D 日,M 碩士,48,113
21,國立暨南國際大學,07199059,光電材料產業碩士專班,D 日,M 碩士,2,113
21,國立暨南國際大學,07321035,土木工程學系,D 日,M 碩士,14,113
21,國立暨南國際大學,09211051,長期照顧經營管理碩士在職學位學程,N 職,M 碩士,84,113
21,國立暨南國際大學,09231038,社會政策與社會工作學系,D 日,M 碩士,78,113
21,國立暨南國際大學,10151039,觀光休閒與餐旅管理學系,D 日,M 碩士,33,113
22,國立臺灣科技大學,01116002,數位學習與教育研究所,D 日,M 碩士,77,113
22,國立臺灣科技大學,01116002,數位學習與教育研究所,N 職,M 碩士,45,113
22,國立臺灣科技大學,02122004,設計系碩士班,D 日,M 碩士,122,113
22,國立臺灣科技大學,02122004,設計系碩士在職專班,N 職,M 碩士,47,113
22,國立臺灣科技大學,02311003,應用外語系碩士班,D 日,M 碩士,39,113
22,國立臺灣科技大學,02311003,應用外語系碩士在職專班,N 職,M 碩士,22,113
22,國立臺灣科技大學,04121010,財務金融研究所,D 日,M 碩士,52,113
22,國立臺灣科技大學,04121010,財務金融研究所,N 職,M 碩士,46,113
22,國立臺灣科技大學,04131008,企業管理系碩士班,D 日,M 碩士,140,113
22,國立臺灣科技大學,04131008,企業管理系碩士在職專班,N 職,M 碩士,65,113
22,國立臺灣科技大學,04191009,管理研究所,N 職,M 碩士,115,113
22,國立臺灣科技大學,04199011,科技管理研究所,D 日,M 碩士,47,113
22,國立臺灣科技大學,04199013,管理學院MBA,D 日,M 碩士,103,113
22,國立臺灣科技大學,04212014,專利研究所,D 日,M 碩士,41,113
22,國立臺灣科技大學,04212014,專利研究所,N 職,M 碩士,51,113
22,國立臺灣科技大學,06131016,資訊管理系,D 日,M 碩士,184,113
22,國立臺灣科技大學,06131016,資訊管理系碩士在職專班,N 職,M 碩士,80,113
22,國立臺灣科技大學,06131020,資訊工程系,D 日,M 碩士,364,113
22,國立臺灣科技大學,06132043,人工智慧跨域科技研究所,D 日,M 碩士,66,113
22,國立臺灣科技大學,07111026,化學工程系,D 日,M 碩士,295,113
22,國立臺灣科技大學,07112015,應用科技研究所,D 日,M 碩士,90,113
22,國立臺灣科技大學,07112028,材料科學與工程系,D 日,M 碩士,242,113
22,國立臺灣科技大學,07132044,能源永續科技研究所,D 日,M 碩士,68,113
22,國立臺灣科技大學,07141017,電機工程系,D 日,M 碩士,513,113
22,國立臺灣科技大學,07141018,電子工程系,D 日,M 碩士,568,113
22,國立臺灣科技大學,07141019,光電工程研究所,D 日,M 碩士,49,113
22,國立臺灣科技大學,07141022,色彩與照明科技研究所,D 日,M 碩士,47,113
22,國立臺灣科技大學,07151023,機械工程系,D 日,M 碩士,467,113
22,國立臺灣科技大學,07151023,機械工程系碩士在職專班,N 職,M 碩士,51,113
22,國立臺灣科技大學,07151024,自動化及控制研究所,D 日,M 碩士,72,113
22,國立臺灣科技大學,07151024,自動化及控制研究所,N 職,M 碩士,50,113
22,國立臺灣科技大學,07191012,工業管理系,D 日,M 碩士,162,113
22,國立臺灣科技大學,07191012,工業管理系碩士在職專班,N 職,M 碩士,68,113
22,國立臺灣科技大學,07191042,智慧製造科技研究所,D 日,M 碩士,72,113
22,國立臺灣科技大學,07199035,高階科技研發碩士在職學位學程,N 職,M 碩士,69,113
22,國立臺灣科技大學,07199047,半導體高階經營暨研發碩士在職學位學程,N 職,M 碩士,9,113
22,國立臺灣科技大學,07311038,建築系,D 日,M 碩士,124,113
22,國立臺灣科技大學,07311038,建築系碩士在職專班,N 職,M 碩士,51,113
22,國立臺灣科技大學,07321025,營建工程系,D 日,M 碩士,239,113
22,國立臺灣科技大學,07321025,營建工程系碩士在職專班,N 職,M 碩士,68,113
22,國立臺灣科技大學,09171034,醫學工程研究所,D 日,M 碩士,55,113
23,國立雲林科技大學,01118001,技術及職業教育研究所,D 日,M 碩士,12,113
23,國立雲林科技大學,01118001,技術及職業教育研究所,N 職,M 碩士,22,113
23,國立雲林科技大學,02111013,數位媒體設計系碩士班,D 日,M 碩士,80,113
23,國立雲林科技大學,02111013,數位媒體設計系地方創生智能設計碩士在職專班,N 職,M 碩士,30,113
23,國立雲林科技大學,02112011,視覺傳達設計系碩士班,D 日,M 碩士,62,113
23,國立雲林科技大學,02122007,設計學研究所,D 日,M 碩士,22,113
23,國立雲林科技大學,02122009,創意生活設計系碩士班,D 日,M 碩士,68,113
23,國立雲林科技大學,02123014,工業設計系碩士班,D 日,M 碩士,61,113
23,國立雲林科技大學,02192002,文化資產維護系碩士班,D 日,M 碩士,62,113
23,國立雲林科技大學,02311004,應用外語系碩士班,D 日,M 碩士,48,113
23,國立雲林科技大學,02311004,應用外語系碩士在職專班,N 職,M 碩士,36,113
23,國立雲林科技大學,02322003,漢學應用研究所,D 日,M 碩士,32,113
23,國立雲林科技大學,02322003,漢學應用研究所,N 職,M 碩士,19,113
23,國立雲林科技大學,04111018,會計系碩士班,D 日,M 碩士,46,113
23,國立雲林科技大學,04111018,會計系碩士在職專班,N 職,M 碩士,26,113
23,國立雲林科技大學,04121024,財務金融系碩士班,D 日,M 碩士,64,113
23,國立雲林科技大學,04121024,財務金融系碩士在職專班,N 職,M 碩士,62,113
23,國立雲林科技大學,04131019,企業管理系碩士班,D 日,M 碩士,140,113
23,國立雲林科技大學,04131019,企業管理系碩士在職專班,N 職,M 碩士,76,113
23,國立雲林科技大學,04131058,高階管理碩士在職學位學程,N 職,M 碩士,48,113
23,國立雲林科技大學,04199023,創業管理碩士學位學程,D 日,M 碩士,17,113
23,國立雲林科技大學,04212031,科技法律研究所,D 日,M 碩士,42,113
23,國立雲林科技大學,04212031,科技法律研究所,N 職,M 碩士,46,113
23,國立雲林科技大學,06111066,智慧數據科學研究所,D 日,M 碩士,40,113
23,國立雲林科技大學,06131032,資訊管理系碩士班,D 日,M 碩士,98,113
23,國立雲林科技大學,06131032,資訊管理系碩士在職專班,N 職,M 碩士,36,113
23,國立雲林科技大學,06131060,資訊科技服務管理數位學習碩士在職專班,N 職,M 碩士,69,113
23,國立雲林科技大學,06131065,國際人工智慧管理研究所,D 日,M 碩士,48,113
23,國立雲林科技大學,07111045,化學工程與材料工程系碩士班,D 日,M 碩士,122,113
23,國立雲林科技大學,07112047,材料科技研究所,D 日,M 碩士,54,113
23,國立雲林科技大學,07121049,環境與安全衛生工程系碩士班,D 日,M 碩士,80,113
23,國立雲林科技大學,07121049,環境與安全衛生工程系環安科技與管理碩士在職專班,N 職,M 碩士,47,113
23,國立雲林科技大學,07141033,電機工程系碩士班,D 日,M 碩士,239,113
23,國立雲林科技大學,07141033,電機工程系碩士在職專班,N 職,M 碩士,64,113
23,國立雲林科技大學,07141034,電子工程系碩士班,D 日,M 碩士,209,113
23,國立雲林科技大學,07141037,資訊工程系碩士班,D 日,M 碩士,168,113
23,國立雲林科技大學,07151041,機械工程系碩士班,D 日,M 碩士,159,113
23,國立雲林科技大學,07191048,工業工程與管理系碩士班,D 日,M 碩士,150,113
23,國立雲林科技大學,07191048,工業工程與管理系,N 職,M 碩士,70,113
23,國立雲林科技大學,07311016,建築與室內設計系碩士班,D 日,M 碩士,37,113
23,國立雲林科技大學,07321043,營建工程系碩士班,D 日,M 碩士,43,113
23,國立雲林科技大學,07321043,營建工程系碩士在職專班,N 職,M 碩士,55,113
23,國立雲林科技大學,10152053,休閒運動研究所,D 日,M 碩士,20,113
23,國立雲林科技大學,10152053,休閒運動研究所,N 職,M 碩士,43,113
24,國立屏東科技大學,01118001,技術及職業教育研究所,D 日,M 碩士,33,113
24,國立屏東科技大學,01118001,技術及職業教育研究所,N 職,M 碩士,17,113
24,國立屏東科技大學,02125003,時尚設計與管理系碩士班,D 日,M 碩士,21,113
24,國立屏東科技大學,02311002,應用外語系碩士班,D 日,M 碩士,8,113
24,國立屏東科技大學,03143004,客家文化產業研究所,D 日,M 碩士,27,113
24,國立屏東科技大學,04121007,財務金融研究所,N 職,M 碩士,2,113
24,國立屏東科技大學,04131005,企業管理系碩士班,D 日,M 碩士,21,113
24,國立屏東科技大學,04131005,企業管理系碩士在職專班,N 職,M 碩士,10,113
24,國立屏東科技大學,04199008,科技管理研究所,D 日,M 碩士,1,113
24,國立屏東科技大學,04199009,工業管理系碩士班,D 日,M 碩士,29,113
24,國立屏東科技大學,04199009,工業管理系碩士在職專班,N 職,M 碩士,12,113
24,國立屏東科技大學,04199011,高階經營管理碩士在職專班,N 職,M 碩士,29,113
24,國立屏東科技大學,05121015,生物科技系碩士班,D 日,M 碩士,45,113
24,國立屏東科技大學,05121049,動物疫苗科技研究所,D 日,M 碩士,26,113
24,國立屏東科技大學,05221014,野生動物保育研究所,D 日,M 碩士,58,113
24,國立屏東科技大學,05292040,水土保持系碩士班,D 日,M 碩士,37,113
24,國立屏東科技大學,06131017,資訊管理系碩士班,D 日,M 碩士,59,113
24,國立屏東科技大學,06131017,資訊管理系碩士在職專班,N 職,M 碩士,21,113
24,國立屏東科技大學,07112024,材料工程系碩士班,D 日,M 碩士,29,113
24,國立屏東科技大學,07121025,環境工程與科學系碩士班,D 日,M 碩士,50,113
24,國立屏東科技大學,07121025,環境工程與科學系碩士在職專班,N 職,M 碩士,32,113
24,國立屏東科技大學,07151018,機械工程系碩士班,D 日,M 碩士,36,113
24,國立屏東科技大學,07151020,生物機電工程系碩士班,D 日,M 碩士,31,113
24,國立屏東科技大學,07161019,車輛工程系碩士班,D 日,M 碩士,59,113
24,國立屏東科技大學,07211037,食品科學系,D 日,M 碩士,81,113
24,國立屏東科技大學,07211037,食品科學系碩士在職專班,N 職,M 碩士,17,113
24,國立屏東科技大學,07211039,食品生技碩士學位學程在職專班,N 職,M 碩士,3,113
24,國立屏東科技大學,07211066,食品安全管理研究所,D 日,M 碩士,1,113
24,國立屏東科技大學,07312027,景觀暨遊憩管理研究所,D 日,M 碩士,40,113
24,國立屏東科技大學,07321021,土木工程系碩士班,D 日,M 碩士,19,113
24,國立屏東科技大學,07321021,土木工程系,N 職,M 碩士,1,113
24,國立屏東科技大學,07321022,土壤與水工程國際碩士學位學程,D 日,M 碩士,1,113
24,國立屏東科技大學,08111029,農園生產系碩士班,D 日,M 碩士,34,113
24,國立屏東科技大學,08111029,農園生產系碩士在職專班,N 職,M 碩士,23,113
24,國立屏東科技大學,08112032,動物科學與畜產系碩士班,D 日,M 碩士,25,113
24,國立屏東科技大學,08193036,農企業管理系,D 日,M 碩士,18,113
24,國立屏東科技大學,08193036,農企業管理系碩士在職專班,N 職,M 碩士,42,113
24,國立屏東科技大學,08194035,植物醫學系碩士班,D 日,M 碩士,23,113
24,國立屏東科技大學,08199030,熱帶農業暨國際合作系碩士班,D 日,M 碩士,52,113
24,國立屏東科技大學,08211041,森林系碩士班,D 日,M 碩士,35,113
24,國立屏東科技大學,08211043,木材科學與設計系碩士班,D 日,M 碩士,19,113
24,國立屏東科技大學,08312046,水產養殖系碩士班,D 日,M 碩士,17,113
24,國立屏東科技大學,08312068,觀賞魚科技及水生動物健康國際學位專班,D 日,M 碩士,2,113
24,國立屏東科技大學,08411048,獸醫學系碩士班,D 日,M 碩士,26,113
24,國立屏東科技大學,09221052,幼兒保育系碩士班,D 日,M 碩士,20,113
24,國立屏東科技大學,09231051,社會工作系碩士班,D 日,M 碩士,46,113
24,國立屏東科技大學,10131054,餐旅管理系碩士班,D 日,M 碩士,20,113
24,國立屏東科技大學,10152057,休閒運動健康系碩士班,D 日,M 碩士,20,113
24,國立屏東科技大學,10152057,休閒運動健康系碩士在職專班,N 職,M 碩士,26,113
25,國立臺北科技大學,01118001,技術及職業教育研究所,D 日,M 碩士,38,113
25,國立臺北科技大學,01118001,技術及職業教育研究所,N 職,M 碩士,62,113
25,國立臺北科技大學,02112007,互動設計系,D 日,M 碩士,81,113
25,國立臺北科技大學,02112007,互動設計系碩士在職專班,N 職,M 碩士,38,113
25,國立臺北科技大學,02123009,工業設計系創新設計碩士班,D 日,M 碩士,95,113
25,國立臺北科技大學,02123009,工業設計系創新設計碩士在職專班,N 職,M 碩士,63,113
25,國立臺北科技大學,02299018,文化事業發展系碩士班,D 日,M 碩士,21,113
25,國立臺北科技大學,02311002,應用英文系碩士班,D 日,M 碩士,70,113
25,國立臺北科技大學,02311002,應用英文系碩士在職專班,N 職,M 碩士,45,113
25,國立臺北科技大學,04131011,經營管理系碩士班,D 日,M 碩士,130,113
25,國立臺北科技大學,04131011,經營管理系,N 職,M 碩士,105,113
25,國立臺北科技大學,04131072,高階管理碩士雙聯學位學程,N 職,M 碩士,25,113
25,國立臺北科技大學,04199021,管理學院,D 日,M 碩士,45,113
25,國立臺北科技大學,04199021,管理學院_EMBA碩士在職專班,N 職,M 碩士,91,113
25,國立臺北科技大學,04212024,智慧財產權研究所,D 日,M 碩士,39,113
25,國立臺北科技大學,04212024,智慧財產權研究所,N 職,M 碩士,31,113
25,國立臺北科技大學,06131016,資訊與財金管理系,D 日,M 碩士,121,113
25,國立臺北科技大學,06131016,管理學院資訊與財金管理EMBA專班,N 職,M 碩士,105,113
25,國立臺北科技大學,06131034,資訊工程系碩士班,D 日,M 碩士,179,113
25,國立臺北科技大學,06131075,人工智慧與大數據高階管理雙聯碩士學位學程,N 職,M 碩士,69,113
25,國立臺北科技大學,06131079,資訊安全碩士學位學程,D 日,M 碩士,102,113
25,國立臺北科技大學,06199077,人工智慧科技碩士學位學程,D 日,M 碩士,84,113
25,國立臺北科技大學,07111048,化學工程與生物科技系,D 日,M 碩士,240,113
25,國立臺北科技大學,07111048,化學工程與生物科技系化學工程碩士在職專班,N 職,M 碩士,40,113
25,國立臺北科技大學,07111053,分子科學與工程系有機高分子碩士班,D 日,M 碩士,155,113
25,國立臺北科技大學,07111053,分子科學與工程系有機高分子碩士在職專班,N 職,M 碩士,35,113
25,國立臺北科技大學,07112057,材料科學與工程研究所,D 日,M 碩士,133,113
25,國立臺北科技大學,07112057,材料科學與工程研究所,N 職,M 碩士,7,113
25,國立臺北科技大學,07112059,資源工程研究所,D 日,M 碩士,71,113
25,國立臺北科技大學,07112059,資源工程研究所,N 職,M 碩士,1,113
25,國立臺北科技大學,07121063,環境工程與管理研究所,D 日,M 碩士,88,113
25,國立臺北科技大學,07121063,環境工程與管理研究所,N 職,M 碩士,50,113
25,國立臺北科技大學,07132068,能源與冷凍空調工程系,D 日,M 碩士,101,113
25,國立臺北科技大學,07132068,能源與冷凍空調工程系碩士在職專班,N 職,M 碩士,70,113
25,國立臺北科技大學,07141025,電機工程系,D 日,M 碩士,366,113
25,國立臺北科技大學,07141025,電機工程系碩士在職專班,N 職,M 碩士,139,113
25,國立臺北科技大學,07141028,電子工程系碩士班,D 日,M 碩士,266,113
25,國立臺北科技大學,07141028,電子工程系碩士在職專班,N 職,M 碩士,139,113
25,國立臺北科技大學,07141032,光電工程系碩士班,D 日,M 碩士,156,113
25,國立臺北科技大學,07141036,電資學院_外國學生專班,D 日,M 碩士,24,113
25,國立臺北科技大學,07141044,自動化科技研究所,D 日,M 碩士,105,113
25,國立臺北科技大學,07141044,自動化科技研究所,N 職,M 碩士,61,113
25,國立臺北科技大學,07141080,太空系統工程研究所,D 日,M 碩士,27,113
25,國立臺北科技大學,07141081,半導體科技學位學程,D 日,M 碩士,32,113
25,國立臺北科技大學,07151037,機械工程系機電整合碩士班,D 日,M 碩士,220,113
25,國立臺北科技大學,07151037,機械工程系機電整合碩士在職專班,N 職,M 碩士,84,113
25,國立臺北科技大學,07151038,機電學院_能源冷凍空調與車輛外國學生專班,D 日,M 碩士,1,113
25,國立臺北科技大學,07151039,機電學院_機械與自動化外國學生專班,D 日,M 碩士,10,113
25,國立臺北科技大學,07151043,製造科技研究所,D 日,M 碩士,144,113
25,國立臺北科技大學,07151043,製造科技研究所,N 職,M 碩士,59,113
25,國立臺北科技大學,07161042,車輛工程系碩士班,D 日,M 碩士,95,113
25,國立臺北科技大學,07161042,車輛工程系碩士在職專班,N 職,M 碩士,55,113
25,國立臺北科技大學,07161078,智慧鐵道科技碩士學位學程,D 日,M 碩士,20,113
25,國立臺北科技大學,07191022,工業工程與管理系碩士班,D 日,M 碩士,149,113
25,國立臺北科技大學,07191074,管理學院工業與科技管理EMBA專班,N 職,M 碩士,76,113
25,國立臺北科技大學,07311071,建築系建築與都市設計碩士班,D 日,M 碩士,71,113
25,國立臺北科技大學,07311071,建築系建築與都市設計碩士在職專班,N 職,M 碩士,104,113
25,國立臺北科技大學,07321045,土木工程系土木與防災碩士班,D 日,M 碩士,153,113
25,國立臺北科技大學,07321045,土木工程系土木與防災碩士在職專班,N 職,M 碩士,85,113
25,國立臺北科技大學,07321076,高階土木營建工程管理雙聯碩士學位學程,N 職,M 碩士,4,113
28,國立臺北藝術大學,02111018,電影創作學系,D 日,M 碩士,57,113
28,國立臺北藝術大學,02111019,動畫學系,D 日,M 碩士,9,113
28,國立臺北藝術大學,02131003,美術學系,D 日,M 碩士,146,113
28,國立臺北藝術大學,02131003,美術學系,N 職,M 碩士,55,113
28,國立臺北藝術大學,02131020,藝術跨域研究所,D 日,M 碩士,44,113
28,國立臺北藝術大學,02151005,音樂學系,D 日,M 碩士,78,113
28,國立臺北藝術大學,02151005,音樂學系,N 職,M 碩士,80,113
28,國立臺北藝術大學,02151006,傳統音樂學系,D 日,M 碩士,29,113
28,國立臺北藝術大學,02151007,管絃與擊樂研究所,D 日,M 碩士,52,113
28,國立臺北藝術大學,02152008,戲劇學系,D 日,M 碩士,14,113
28,國立臺北藝術大學,02152010,劇場藝術創作研究所,D 日,M 碩士,78,113
28,國立臺北藝術大學,02152011,劇場設計學系,D 日,M 碩士,37,113
28,國立臺北藝術大學,02152013,舞蹈學系,D 日,M 碩士,72,113
28,國立臺北藝術大學,02191001,藝術與人文教育研究所,D 日,M 碩士,47,113
28,國立臺北藝術大學,02191001,藝術與人文教育研究所,N 職,M 碩士,46,113
28,國立臺北藝術大學,02191023,新媒體藝術學系,D 日,M 碩士,88,113
28,國立臺北藝術大學,02191028,博物館研究所,D 日,M 碩士,51,113
28,國立臺北藝術大學,02192025,藝術行政與管理研究所,D 日,M 碩士,92,113
28,國立臺北藝術大學,02192025,藝術行政與管理研究所領導與決策高階經理人藝術碩士在職專班,N 職,M 碩士,8,113
28,國立臺北藝術大學,02192026,文創產業國際藝術碩士學位學程,D 日,M 碩士,0,113
28,國立臺北藝術大學,02192033,藝術創意研究國際碩士學位學程,D 日,M 碩士,28,113
28,國立臺北藝術大學,02199031,文學跨域創作研究所,D 日,M 碩士,35,113
28,國立臺北藝術大學,07311030,建築與文化資產研究所,D 日,M 碩士,64,113
29,國立臺灣藝術大學,02111015,電影學系,D 日,M 碩士,48,113
29,國立臺灣藝術大學,02111015,電影學系,N 職,M 碩士,31,113
29,國立臺灣藝術大學,02111032,影音創作與數位媒體產業碩士班,D 日,M 碩士,34,113
29,國立臺灣藝術大學,02112023,多媒體動畫藝術學系,D 日,M 碩士,65,113
29,國立臺灣藝術大學,02112028,視覺傳達設計學系,D 日,M 碩士,37,113
29,國立臺灣藝術大學,02112028,視覺傳達設計學系,N 職,M 碩士,38,113
29,國立臺灣藝術大學,02131003,美術學系,D 日,M 碩士,102,113
29,國立臺灣藝術大學,02131003,美術學系,N 職,M 碩士,45,113
29,國立臺灣藝術大學,02131005,書畫藝術學系,D 日,M 碩士,52,113
29,國立臺灣藝術大學,02131005,書畫藝術學系,N 職,M 碩士,49,113
29,國立臺灣藝術大學,02131016,美術學院造形藝術碩士班,D 日,M 碩士,4,113
29,國立臺灣藝術大學,02131016,美術學院造形藝術碩士在職專班,N 職,M 碩士,6,113
29,國立臺灣藝術大學,02132006,雕塑學系,D 日,M 碩士,34,113
29,國立臺灣藝術大學,02141007,工藝設計學系,D 日,M 碩士,45,113
29,國立臺灣藝術大學,02141007,工藝設計學系,N 職,M 碩士,25,113
29,國立臺灣藝術大學,02151010,音樂學系,D 日,M 碩士,42,113
29,國立臺灣藝術大學,02151010,音樂學系,N 職,M 碩士,43,113
29,國立臺灣藝術大學,02151011,中國音樂學系,D 日,M 碩士,43,113
29,國立臺灣藝術大學,02151011,中國音樂學系,N 職,M 碩士,22,113
29,國立臺灣藝術大學,02152012,戲劇學系,D 日,M 碩士,35,113
29,國立臺灣藝術大學,02152012,戲劇學系,N 職,M 碩士,12,113
29,國立臺灣藝術大學,02152014,舞蹈學系,D 日,M 碩士,32,113
29,國立臺灣藝術大學,02152014,舞蹈學系,N 職,M 碩士,10,113
29,國立臺灣藝術大學,02152019,教師在職進修表演藝術教學碩士學位班,N 職,M 碩士,1,113
29,國立臺灣藝術大學,02152034,表演藝術學院表演藝術跨領域碩士班,D 日,M 碩士,2,113
29,國立臺灣藝術大學,02152034,表演藝術學院表演藝術跨領域碩士在職專班,N 職,M 碩士,5,113
29,國立臺灣藝術大學,02152035,跨域表演藝術研究所,D 日,M 碩士,31,113
29,國立臺灣藝術大學,02152035,跨域表演藝術研究所,N 職,M 碩士,19,113
29,國立臺灣藝術大學,02191001,藝術與人文教學研究所,D 日,M 碩士,34,113
29,國立臺灣藝術大學,02191017,古蹟藝術修護學系,D 日,M 碩士,21,113
29,國立臺灣藝術大學,02192026,藝術管理與文化政策研究所,D 日,M 碩士,45,113
29,國立臺灣藝術大學,02199030,圖文傳播藝術學系,D 日,M 碩士,36,113
29,國立臺灣藝術大學,02199030,圖文傳播藝術學系,N 職,M 碩士,19,113
29,國立臺灣藝術大學,03213029,廣播電視學系,D 日,M 碩士,33,113
29,國立臺灣藝術大學,03213029,廣播電視學系,N 職,M 碩士,37,113
30,國立臺東大學,01111001,教育學系,D 日,M 碩士,39,113
30,國立臺東大學,01111001,教育學系,N 職,M 碩士,159,113
30,國立臺東大學,01113008,特殊教育學系,D 日,M 碩士,24,113
30,國立臺東大學,01113008,特殊教育學系,N 職,M 碩士,66,113
30,國立臺東大學,01121007,幼兒教育學系,D 日,M 碩士,18,113
30,國立臺東大學,01121007,幼兒教育學系碩士在職專班(暑期班),N 職,M 碩士,91,113
30,國立臺東大學,01131004,國語文補救教學碩士在職專班,N 職,M 碩士,12,113
30,國立臺東大學,01141006,體育學系,D 日,M 碩士,34,113
30,國立臺東大學,02112005,數位媒體與文教產業學系,D 日,M 碩士,13,113
30,國立臺東大學,02112005,數位媒體與文教產業學系,N 職,M 碩士,19,113
30,國立臺東大學,02131009,美術產業學系,D 日,M 碩士,13,113
30,國立臺東大學,02131009,美術產業學系,N 職,M 碩士,15,113
30,國立臺東大學,02151011,音樂學系,D 日,M 碩士,11,113
30,國立臺東大學,02311015,英美語文學系,D 日,M 碩士,15,113
30,國立臺東大學,02323013,華語文學系,D 日,M 碩士,17,113
30,國立臺東大學,02399016,兒童文學研究所,D 日,M 碩士,40,113
30,國立臺東大學,02399016,兒童文學研究所,N 職,M 碩士,81,113
30,國立臺東大學,03199017,公共與文化事務學系,D 日,M 碩士,36,113
30,國立臺東大學,03199017,公共與文化事務學系,N 職,M 碩士,68,113
30,國立臺東大學,04131038,綠色產業高階管理碩士在職專班,N 職,M 碩士,2,113
30,國立臺東大學,05111020,生命科學系,D 日,M 碩士,16,113
30,國立臺東大學,05399021,應用科學系,D 日,M 碩士,11,113
30,國立臺東大學,06131028,資訊管理學系,D 日,M 碩士,15,113
30,國立臺東大學,06131028,資訊管理學系環境經濟資訊管理碩士在職專班(暑期班),N 職,M 碩士,20,113
30,國立臺東大學,06131029,資訊工程學系,D 日,M 碩士,15,113
30,國立臺東大學,06131029,資訊工程學系,N 職,M 碩士,33,113
30,國立臺東大學,07132046,綠能與資訊科技碩士學位學程,D 日,M 碩士,11,113
30,國立臺東大學,09121041,生物醫學碩士學位學程,D 日,M 碩士,14,113
30,國立臺東大學,10151031,文化資源與休閒產業學系,D 日,M 碩士,18,113
30,國立臺東大學,10151031,文化資源與休閒產業學系,N 職,M 碩士,54,113
30,國立臺東大學,10151032,師範學院休閒事業管理碩士在職專班,N 職,M 碩士,70,113
31,國立宜蘭大學,03111007,應用經濟與管理學系,D 日,M 碩士,52,113
31,國立宜蘭大學,04191001,外國語文學系國際商務溝通碩士班,D 日,M 碩士,15,113
31,國立宜蘭大學,04199006,人文及管理學院高階經營管理碩士在職專班,N 職,M 碩士,44,113
31,國立宜蘭大學,06121010,多媒體網路通訊數位學習碩士在職專班,N 職,M 碩士,25,113
31,國立宜蘭大學,06131042,人工智慧碩士學位學程,D 日,M 碩士,22,113
31,國立宜蘭大學,07111023,化學工程與材料工程學系,D 日,M 碩士,45,113
31,國立宜蘭大學,07121024,環境工程學系,D 日,M 碩士,22,113
31,國立宜蘭大學,07141011,電機工程學系,D 日,M 碩士,49,113
31,國立宜蘭大學,07141012,電子工程學系,D 日,M 碩士,30,113
31,國立宜蘭大學,07141013,資訊工程學系,D 日,M 碩士,35,113
31,國立宜蘭大學,07141014,電機資訊學院碩士在職專班,N 職,M 碩士,31,113
31,國立宜蘭大學,07151017,機械與機電工程學系,D 日,M 碩士,30,113
31,國立宜蘭大學,07151019,生物機電工程學系,D 日,M 碩士,23,113
31,國立宜蘭大學,07194025,綠色科技學程碩士在職專班,N 職,M 碩士,0,113
31,國立宜蘭大學,07194045,工學院碩士在職專班,N 職,M 碩士,26,113
31,國立宜蘭大學,07211033,食品科學系,D 日,M 碩士,27,113
31,國立宜蘭大學,07311027,建築與永續規劃研究所,D 日,M 碩士,53,113
31,國立宜蘭大學,07321021,土木工程學系,D 日,M 碩士,38,113
31,國立宜蘭大學,08111041,無人機應用暨智慧農業碩士學位學程,D 日,M 碩士,14,113
31,國立宜蘭大學,08112030,生物技術與動物科學系動物科學碩士班,D 日,M 碩士,0,113
31,國立宜蘭大學,08112044,生物技術與動物科學系,D 日,M 碩士,29,113
31,國立宜蘭大學,08121031,園藝學系,D 日,M 碩士,20,113
31,國立宜蘭大學,08199037,生物資源學院碩士在職專班,N 職,M 碩士,28,113
31,國立宜蘭大學,08211036,森林暨自然資源學系,D 日,M 碩士,23,113
31,國立宜蘭大學,10152038,休閒產業與健康促進學系運動與健康管理碩士班,D 日,M 碩士,18,113
32,國立聯合大學,02123006,工業設計學系,D 日,M 碩士,8,113
32,國立聯合大學,02321001,臺灣語文與傳播學系,D 日,M 碩士,9,113
32,國立聯合大學,02321004,客家語言與傳播研究所,D 日,M 碩士,46,113
32,國立聯合大學,04131011,經營管理學系,D 日,M 碩士,27,113
32,國立聯合大學,04131012,管理碩士在職學位學程,N 職,M 碩士,57,113
32,國立聯合大學,06131016,資訊管理學系,D 日,M 碩士,22,113
32,國立聯合大學,06131020,資訊工程學系,D 日,M 碩士,11,113
32,國立聯合大學,07111028,化學工程學系,D 日,M 碩士,41,113
32,國立聯合大學,07111043,工程科技轉譯醫學國際碩士學位學程,D 日,M 碩士,5,113
32,國立聯合大學,07112029,材料科學工程學系,D 日,M 碩士,30,113
32,國立聯合大學,07121034,環境與安全衛生工程學系,D 日,M 碩士,20,113
32,國立聯合大學,07132035,能源工程學系,D 日,M 碩士,30,113
32,國立聯合大學,07141017,電機工程學系,D 日,M 碩士,82,113
32,國立聯合大學,07141018,電子工程學系,D 日,M 碩士,49,113
32,國立聯合大學,07141019,光電工程學系,D 日,M 碩士,30,113
32,國立聯合大學,07151025,機械工程學系,D 日,M 碩士,38,113
32,國立聯合大學,07311040,建築學系,D 日,M 碩士,10,113
32,國立聯合大學,07321027,土木與防災工程學系,D 日,M 碩士,20,113
33,國立虎尾科技大學,02112002,多媒體設計系數位內容創意產業碩士班,D 日,M 碩士,35,113
33,國立虎尾科技大學,04121005,財務金融系碩士班,D 日,M 碩士,22,113
33,國立虎尾科技大學,04131003,企業管理系經營管理碩士班,D 日,M 碩士,24,113
33,國立虎尾科技大學,04131003,企業管理系經營管理碩士在職專班,N 職,M 碩士,30,113
33,國立虎尾科技大學,05121007,生物科技系碩士班,D 日,M 碩士,41,113
33,國立虎尾科技大學,05121007,生物科技系碩士在職專班,N 職,M 碩士,18,113
33,國立虎尾科技大學,06131008,資訊管理系碩士班,D 日,M 碩士,71,113
33,國立虎尾科技大學,06131008,資訊管理系碩士在職專班,N 職,M 碩士,19,113
33,國立虎尾科技大學,06131013,資訊工程系碩士班,D 日,M 碩士,96,113
33,國立虎尾科技大學,07112025,材料科學與工程系材料科學與綠色能源工程碩士班,D 日,M 碩士,63,113
33,國立虎尾科技大學,07112025,材料科學與工程系材料科學與綠色能源工程碩士在職專班,N 職,M 碩士,2,113
33,國立虎尾科技大學,07141009,電機工程系碩士班,D 日,M 碩士,109,113
33,國立虎尾科技大學,07141009,電機工程系碩士在職專班,N 職,M 碩士,16,113
33,國立虎尾科技大學,07141010,電子工程系碩士班,D 日,M 碩士,101,113
33,國立虎尾科技大學,07141011,光電工程系光電與材料科技碩士班,D 日,M 碩士,104,113
33,國立虎尾科技大學,07141011,光電工程系光電與材料科技碩士在職專班,N 職,M 碩士,11,113
33,國立虎尾科技大學,07151014,自動化工程系碩士班,D 日,M 碩士,68,113
33,國立虎尾科技大學,07151016,動力機械工程系機械與機電工程碩士班,D 日,M 碩士,50,113
33,國立虎尾科技大學,07151016,動力機械工程系機械與機電工程碩士在職專班,N 職,M 碩士,18,113
33,國立虎尾科技大學,07151019,機械設計工程系碩士班,D 日,M 碩士,62,113
33,國立虎尾科技大學,07151020,機械與電腦輔助工程系碩士班,D 日,M 碩士,118,113
33,國立虎尾科技大學,07151020,機械與電腦輔助工程系碩士在職專班,N 職,M 碩士,31,113
33,國立虎尾科技大學,07161017,車輛工程系碩士班,D 日,M 碩士,32,113
33,國立虎尾科技大學,07162018,飛機工程系航空與電子科技碩士班,D 日,M 碩士,107,113
33,國立虎尾科技大學,07191006,工業管理系,D 日,M 碩士,66,113
33,國立虎尾科技大學,07191006,工業管理系,N 職,M 碩士,27,113
33,國立虎尾科技大學,07312030,休閒遊憩系碩士班,D 日,M 碩士,21,113
33,國立虎尾科技大學,07312030,休閒遊憩系碩士在職專班,N 職,M 碩士,23,113
35,國立臺南藝術大學,02111009,音像紀錄研究所,D 日,M 碩士,35,113
35,國立臺南藝術大學,02111013,動畫藝術與影像美學研究所,D 日,M 碩士,89,113
35,國立臺南藝術大學,02112026,元宇宙學院碩士班,D 日,M 碩士,1,113
35,國立臺南藝術大學,02131012,造形藝術研究所,D 日,M 碩士,65,113
35,國立臺南藝術大學,02141017,應用藝術研究所,D 日,M 碩士,59,113
35,國立臺南藝術大學,02151001,音樂學系,D 日,M 碩士,28,113
35,國立臺南藝術大學,02151002,中國音樂學系,D 日,M 碩士,17,113
35,國立臺南藝術大學,02151004,民族音樂學研究所,D 日,M 碩士,30,113
35,國立臺南藝術大學,02151004,民族音樂學研究所,N 職,M 碩士,28,113
35,國立臺南藝術大學,02151006,鋼琴合作藝術研究所,D 日,M 碩士,30,113
35,國立臺南藝術大學,02151025,聲響科技研究所,D 日,M 碩士,12,113
35,國立臺南藝術大學,02191014,藝術史學系藝術史評與古物研究碩士班,D 日,M 碩士,41,113
35,國立臺南藝術大學,02192022,博物館學與古物維護研究所,D 日,M 碩士,112,113
35,國立臺南藝術大學,02192024,高階藝術管理碩士在職學位學程,N 職,M 碩士,18,113
35,國立臺南藝術大學,02199023,建築藝術研究所,D 日,M 碩士,35,113
36,國立臺南大學,01111001,教育學系,D 日,M 碩士,127,113
36,國立臺南大學,01111001,教育學系,N 職,M 碩士,101,113
36,國立臺南大學,01113019,特殊教育學系,D 日,M 碩士,56,113
36,國立臺南大學,01113019,特殊教育學系,N 職,M 碩士,1,113
36,國立臺南大學,01121018,幼兒教育學系,D 日,M 碩士,42,113
36,國立臺南大學,01121018,幼兒教育學系,N 職,M 碩士,54,113
36,國立臺南大學,01141012,環境教育碩士在職學位學程,N 職,M 碩士,1,113
36,國立臺南大學,01141017,體育學系,D 日,M 碩士,49,113
36,國立臺南大學,01141017,體育學系,N 職,M 碩士,39,113
36,國立臺南大學,02131030,視覺藝術與設計學系,D 日,M 碩士,82,113
36,國立臺南大學,02131030,視覺藝術與設計學系,N 職,M 碩士,47,113
36,國立臺南大學,02151027,音樂學系,D 日,M 碩士,63,113
36,國立臺南大學,02151027,音樂學系,N 職,M 碩士,43,113
36,國立臺南大學,02152029,戲劇創作與應用學系,D 日,M 碩士,52,113
36,國立臺南大學,02322031,國語文學系國語文教學與應用碩士班,D 日,M 碩士,32,113
36,國立臺南大學,02322031,國語文學系中國文學碩士在職專班,N 職,M 碩士,33,113
36,國立臺南大學,03131036,諮商與輔導學系,D 日,M 碩士,107,113
36,國立臺南大學,03131036,諮商與輔導學系,N 職,M 碩士,50,113
36,國立臺南大學,03143037,文化與自然資源學系,D 日,M 碩士,55,113
36,國立臺南大學,03143037,文化與自然資源學系臺灣文化碩士在職專班,N 職,M 碩士,35,113
36,國立臺南大學,04134040,行政管理學系,D 日,M 碩士,36,113
36,國立臺南大學,04134040,行政管理學系,N 職,M 碩士,32,113
36,國立臺南大學,04199041,經營與管理學系科技管理碩士班,D 日,M 碩士,25,113
36,國立臺南大學,04199041,經營與管理學系,N 職,M 碩士,78,113
36,國立臺南大學,05121044,生物科技學系,D 日,M 碩士,22,113
36,國立臺南大學,05212063,生態暨環境資源學系,D 日,M 碩士,36,113
36,國立臺南大學,05411047,應用數學系,D 日,M 碩士,27,113
36,國立臺南大學,05411047,應用數學系,N 職,M 碩士,33,113
36,國立臺南大學,06131052,資訊工程學系,D 日,M 碩士,40,113
36,國立臺南大學,06134024,數位學習科技學系,D 日,M 碩士,50,113
36,國立臺南大學,06134024,數位學習科技學系,N 職,M 碩士,53,113
36,國立臺南大學,07112055,材料科學系,D 日,M 碩士,23,113
36,國立臺南大學,07132058,綠色能源科技學系,D 日,M 碩士,40,113
36,國立臺南大學,07132058,綠色能源科技學系,N 職,M 碩士,24,113
36,國立臺南大學,07141049,電機工程學系,D 日,M 碩士,84,113
36,國立臺南大學,07151054,機電系統工程研究所,D 日,M 碩士,0,113
36,國立臺南大學,07151065,智慧製造碩士在職學位學程,N 職,M 碩士,25,113
37,國立臺北教育大學,01111001,教育學系,D 日,M 碩士,114,113
37,國立臺北教育大學,01111001,教育學系,N 職,M 碩士,138,113
37,國立臺北教育大學,01113003,特殊教育學系,D 日,M 碩士,86,113
37,國立臺北教育大學,01113003,特殊教育學系,N 職,M 碩士,73,113
37,國立臺北教育大學,01114044,教育經營與管理學系,D 日,M 碩士,71,113
37,國立臺北教育大學,01114044,教育經營與管理學系,N 職,M 碩士,100,113
37,國立臺北教育大學,01115020,課程與教學傳播科技研究所,D 日,M 碩士,104,113
37,國立臺北教育大學,01115020,課程與教學傳播科技研究所,N 職,M 碩士,70,113
37,國立臺北教育大學,01115047,學習與教學國際碩士學位學程,D 日,M 碩士,25,113
37,國立臺北教育大學,01121035,幼兒與家庭教育學系,D 日,M 碩士,93,113
37,國立臺北教育大學,01121035,幼兒與家庭教育學系,N 職,M 碩士,83,113
37,國立臺北教育大學,01131038,數學暨資訊教育學系,D 日,M 碩士,36,113
37,國立臺北教育大學,01131038,數學暨資訊教育學系,N 職,M 碩士,64,113
37,國立臺北教育大學,01141002,體育學系,D 日,M 碩士,52,113
37,國立臺北教育大學,01141002,體育學系,N 職,M 碩士,47,113
37,國立臺北教育大學,01141040,自然科學教育學系科學探究與實作碩士在職專班,N 職,M 碩士,43,113
37,國立臺北教育大學,02121014,藝術與造形設計學系,D 日,M 碩士,87,113
37,國立臺北教育大學,02121014,藝術與造形設計學系,N 職,M 碩士,46,113
37,國立臺北教育大學,02121027,當代藝術評論與策展研究全英語碩士學位學程,D 日,M 碩士,43,113
37,國立臺北教育大學,02121028,文化創意產業經營學系,D 日,M 碩士,32,113
37,國立臺北教育大學,02121028,文化創意產業經營學系,N 職,M 碩士,40,113
37,國立臺北教育大學,02122011,數位科技設計學系玩具與遊戲設計碩士班,D 日,M 碩士,64,113
37,國立臺北教育大學,02122011,數位科技設計學系玩具與遊戲設計碩士在職專班,N 職,M 碩士,63,113
37,國立臺北教育大學,02151031,音樂學系,D 日,M 碩士,73,113
37,國立臺北教育大學,02151031,音樂學系,N 職,M 碩士,4,113
37,國立臺北教育大學,02299025,臺灣文化研究所,D 日,M 碩士,79,113
37,國立臺北教育大學,02299025,臺灣文化研究所,N 職,M 碩士,60,113
37,國立臺北教育大學,02311023,兒童英語教育學系英語教育碩士班,D 日,M 碩士,53,113
37,國立臺北教育大學,02311023,兒童英語教育學系,N 職,M 碩士,61,113
37,國立臺北教育大學,02322018,語文與創作學系,D 日,M 碩士,90,113
37,國立臺北教育大學,02399018,語文與創作學系,N 職,M 碩士,30,113
37,國立臺北教育大學,03131007,心理與諮商學系,D 日,M 碩士,105,113
37,國立臺北教育大學,03191005,社會與區域發展學系,D 日,M 碩士,69,113
37,國立臺北教育大學,03191005,社會與區域發展學系,N 職,M 碩士,94,113
37,國立臺北教育大學,03221049,博物館管理與科技應用碩士在職學位學程,N 職,M 碩士,2,113
37,國立臺北教育大學,04131048,東南亞區域管理碩士學位學程,D 日,M 碩士,26,113
37,國立臺北教育大學,04212032,文教法律研究所,D 日,M 碩士,66,113
37,國立臺北教育大學,04212032,文教法律研究所原住民文教法律碩士在職專班,N 職,M 碩士,15,113
37,國立臺北教育大學,05399040,自然科學教育學系,D 日,M 碩士,50,113
37,國立臺北教育大學,06131004,資訊科學系,D 日,M 碩士,48,113
37,國立臺北教育大學,06131004,資訊科學系,N 職,M 碩士,57,113
39,國立臺中教育大學,01111001,教育學系,D 日,M 碩士,65,113
39,國立臺中教育大學,01111001,教育學系,N 職,M 碩士,106,113
39,國立臺中教育大學,01111005,教師專業碩士學位學程,D 日,M 碩士,138,113
39,國立臺中教育大學,01113022,特殊教育學系,D 日,M 碩士,42,113
39,國立臺中教育大學,01113022,特殊教育學系,N 職,M 碩士,62,113
39,國立臺中教育大學,01114025,高等教育經營管理碩士學位學程,D 日,M 碩士,26,113
39,國立臺中教育大學,01117028,教育資訊與測驗統計研究所,D 日,M 碩士,38,113
39,國立臺中教育大學,01117028,教育資訊與測驗統計研究所,N 職,M 碩士,43,113
39,國立臺中教育大學,01121021,幼兒教育學系,D 日,M 碩士,86,113
39,國立臺中教育大學,01121021,幼兒教育學系,N 職,M 碩士,106,113
39,國立臺中教育大學,01131006,語文教育學系,D 日,M 碩士,79,113
39,國立臺中教育大學,01131006,語文教育學系國民小學教師在職進修教學碩士學位班,N 職,M 碩士,14,113
39,國立臺中教育大學,01131008,科學教育與應用學系,D 日,M 碩士,46,113
39,國立臺中教育大學,01131008,科學教育與應用學系,N 職,M 碩士,66,113
39,國立臺中教育大學,01131011,數學教育學系,D 日,M 碩士,24,113
39,國立臺中教育大學,01131011,數學教育學系,N 職,M 碩士,46,113
39,國立臺中教育大學,01131019,體育學系,D 日,M 碩士,30,113
39,國立臺中教育大學,01131019,體育學系,N 職,M 碩士,67,113
39,國立臺中教育大學,02131029,美術學系,D 日,M 碩士,46,113
39,國立臺中教育大學,02131029,美術學系,N 職,M 碩士,82,113
39,國立臺中教育大學,02151030,音樂學系,D 日,M 碩士,45,113
39,國立臺中教育大學,02311032,英語學系,D 日,M 碩士,19,113
39,國立臺中教育大學,02321031,臺灣語文學系,D 日,M 碩士,25,113
39,國立臺中教育大學,03131035,諮商與應用心理學系,D 日,M 碩士,71,113
39,國立臺中教育大學,03131035,諮商與應用心理學系,N 職,M 碩士,57,113
39,國立臺中教育大學,03191037,區域與社會發展學系,D 日,M 碩士,25,113
39,國立臺中教育大學,03191037,區域與社會發展學系,N 職,M 碩士,61,113
39,國立臺中教育大學,04131034,文化創意產業設計與營運學系事業經營管理碩士班,D 日,M 碩士,36,113
39,國立臺中教育大學,04131040,管理學院國際經營管理碩士學位學程,D 日,M 碩士,18,113
39,國立臺中教育大學,04131040,管理學院國際經營管理碩士在職專班,N 職,M 碩士,43,113
39,國立臺中教育大學,06131042,資訊工程學系,D 日,M 碩士,45,113
39,國立臺中教育大學,06133041,數位內容科技學系,D 日,M 碩士,27,113
39,國立臺中教育大學,06133041,數位內容科技學系,N 職,M 碩士,23,113
39,國立臺中教育大學,10151045,永續觀光暨遊憩管理碩士學位學程,D 日,M 碩士,26,113
42,國立澎湖科技大學,04132002,行銷與物流管理系服務業經營管理碩士班,D 日,M 碩士,5,113
42,國立澎湖科技大學,04132002,行銷與物流管理系服務業經營管理碩士在職專班,N 職,M 碩士,18,113
42,國立澎湖科技大學,07141005,電機工程系電資碩士班,D 日,M 碩士,14,113
42,國立澎湖科技大學,07211011,食品科學系碩士班,D 日,M 碩士,12,113
42,國立澎湖科技大學,08312012,水產養殖系水產資源與養殖碩士班,D 日,M 碩士,1,113
42,國立澎湖科技大學,10151016,觀光休閒系碩士班,D 日,M 碩士,15,113
42,國立澎湖科技大學,10151016,觀光休閒系碩士在職專班,N 職,M 碩士,18,113
43,國立勤益科技大學,02299005,文化創意事業系碩士班,D 日,M 碩士,14,113
43,國立勤益科技大學,04131002,企業管理系碩士班,D 日,M 碩士,53,113
43,國立勤益科技大學,04131002,企業管理系碩士在職專班,N 職,M 碩士,21,113
43,國立勤益科技大學,04132003,流通管理系碩士班,D 日,M 碩士,34,113
43,國立勤益科技大學,04132003,流通管理系碩士在職專班,N 職,M 碩士,10,113
43,國立勤益科技大學,04199041,健康產業科技研發與管理系碩士班,D 日,M 碩士,20,113
43,國立勤益科技大學,06131010,資訊管理系,D 日,M 碩士,69,113
43,國立勤益科技大學,06131010,資訊管理系研發科技與資訊管理碩士在職專班,N 職,M 碩士,12,113
43,國立勤益科技大學,06131013,資訊工程系,D 日,M 碩士,86,113
43,國立勤益科技大學,06131013,資訊工程系碩士在職專班,N 職,M 碩士,26,113
43,國立勤益科技大學,07111020,化工與材料工程系碩士班,D 日,M 碩士,61,113
43,國立勤益科技大學,07111020,化工與材料工程系碩士在職專班,N 職,M 碩士,21,113
43,國立勤益科技大學,07132026,冷凍空調與能源系碩士班,D 日,M 碩士,56,113
43,國立勤益科技大學,07132026,冷凍空調與能源系碩士在職專班,N 職,M 碩士,36,113
43,國立勤益科技大學,07141011,電機工程系碩士班,D 日,M 碩士,51,113
43,國立勤益科技大學,07141011,電機工程系碩士在職專班,N 職,M 碩士,34,113
43,國立勤益科技大學,07141012,電子工程系碩士班,D 日,M 碩士,83,113
43,國立勤益科技大學,07141012,電子工程系碩士在職專班,N 職,M 碩士,28,113
43,國立勤益科技大學,07151016,機械工程系碩士班,D 日,M 碩士,82,113
43,國立勤益科技大學,07151016,機械工程系碩士在職專班,N 職,M 碩士,48,113
43,國立勤益科技大學,07191022,工業工程與管理系,D 日,M 碩士,66,113
43,國立勤益科技大學,07191022,工業工程與管理系碩士在職專班,N 職,M 碩士,51,113
43,國立勤益科技大學,07199036,智慧製造與資訊應用國際碩士學位學程,D 日,M 碩士,14,113
43,國立勤益科技大學,07312029,景觀系碩士班,D 日,M 碩士,13,113
44,國立體育大學,01113017,適應體育學系,D 日,M 碩士,28,113
44,國立體育大學,01141001,體育研究所,D 日,M 碩士,60,113
44,國立體育大學,01141001,體育研究所,N 職,M 碩士,53,113
44,國立體育大學,01141016,體育推廣學系,D 日,M 碩士,35,113
44,國立體育大學,01141016,體育推廣學系,N 職,M 碩士,42,113
44,國立體育大學,04199002,管理學院碩士在職專班,N 職,M 碩士,51,113
44,國立體育大學,10141008,競技與教練科學研究所,D 日,M 碩士,88,113
44,國立體育大學,10141008,競技與教練科學研究所,N 職,M 碩士,48,113
44,國立體育大學,10142010,運動科學研究所,D 日,M 碩士,34,113
44,國立體育大學,10142013,運動與健康科學學院碩士在職專班,N 職,M 碩士,48,113
44,國立體育大學,10152014,運動保健學系,D 日,M 碩士,41,113
44,國立體育大學,10152015,休閒產業經營學系,D 日,M 碩士,53,113
44,國立體育大學,10152020,國際體育事務碩士學位學程,D 日,M 碩士,21,113
46,國立臺北護理健康大學,01141019,醫護教育暨數位學習系碩士班,D 日,M 碩士,37,113
46,國立臺北護理健康大學,03131002,生死與健康心理諮商系碩士班,D 日,M 碩士,70,113
46,國立臺北護理健康大學,04133004,健康事業管理系,D 日,M 碩士,30,113
46,國立臺北護理健康大學,04133004,健康事業管理系碩士在職專班,N 職,M 碩士,33,113
46,國立臺北護理健康大學,06131006,資訊管理系碩士班,D 日,M 碩士,36,113
46,國立臺北護理健康大學,06131025,人工智慧與健康大數據研究所,D 日,M 碩士,6,113
46,國立臺北護理健康大學,06199022,健康科技學院碩士班,D 日,M 碩士,14,113
46,國立臺北護理健康大學,09131009,護理系,D 日,M 碩士,149,113
46,國立臺北護理健康大學,09131009,護理系碩士在職專班,N 職,M 碩士,96,113
46,國立臺北護理健康大學,09131021,護理助產及婦女健康系,D 日,M 碩士,33,113
46,國立臺北護理健康大學,09153007,語言治療與聽力學系碩士班,D 日,M 碩士,41,113
46,國立臺北護理健康大學,09211013,長期照護系碩士班,D 日,M 碩士,41,113
46,國立臺北護理健康大學,09211015,高齡健康照護系碩士班,D 日,M 碩士,16,113
46,國立臺北護理健康大學,09221014,嬰幼兒保育系,D 日,M 碩士,38,113
46,國立臺北護理健康大學,10142017,運動保健系,D 日,M 碩士,32,113
46,國立臺北護理健康大學,10142017,運動保健系碩士在職專班,N 職,M 碩士,37,113
46,國立臺北護理健康大學,10151018,休閒產業與健康促進系旅遊健康碩士班,D 日,M 碩士,18,113
46,國立臺北護理健康大學,10151018,休閒產業與健康促進系碩士在職專班,N 職,M 碩士,16,113
47,國立高雄餐旅大學,10131011,飲食文化暨餐飲創新研究所,D 日,M 碩士,64,113
47,國立高雄餐旅大學,10131023,餐旅管理研究所,D 日,M 碩士,17,113
47,國立高雄餐旅大學,10131023,餐旅管理研究所,N 職,M 碩士,11,113
47,國立高雄餐旅大學,10151029,觀光研究所,D 日,M 碩士,26,113
47,國立高雄餐旅大學,10151029,觀光研究所,N 職,M 碩士,11,113
47,國立高雄餐旅大學,10151031,國際觀光餐旅全英文碩士學位學程,D 日,M 碩士,23,113
48,國立金門大學,03121006,國際暨大陸事務學系,D 日,M 碩士,17,113
48,國立金門大學,03143005,閩南文化碩士學位學程,D 日,M 碩士,12,113
48,國立金門大學,04131009,企業管理學系,D 日,M 碩士,34,113
48,國立金門大學,04212013,海洋與邊境管理學系,D 日,M 碩士,18,113
48,國立金門大學,06131019,資訊工程學系,D 日,M 碩士,15,113
48,國立金門大學,06131041,理工學院資訊科技與應用碩士班,D 日,M 碩士,3,113
48,國立金門大學,06131041,理工學院資訊科技與應用碩士在職專班,N 職,M 碩士,1,113
48,國立金門大學,07141043,電機工程學系,D 日,M 碩士,16,113
48,國立金門大學,07141043,電機工程學系,N 職,M 碩士,26,113
48,國立金門大學,07211029,食品科學系,D 日,M 碩士,10,113
48,國立金門大學,07311026,建築學系,D 日,M 碩士,21,113
48,國立金門大學,07321021,土木與工程管理學系,D 日,M 碩士,14,113
48,國立金門大學,09191032,長期照護學系,D 日,M 碩士,19,113
48,國立金門大學,09231033,社會工作學系,D 日,M 碩士,6,113
48,國立金門大學,10151034,觀光管理學系,D 日,M 碩士,12,113
48,國立金門大學,10152011,管理學院事業經營碩士在職專班,N 職,M 碩士,68,113
48,國立金門大學,10152036,運動與休閒學系,D 日,M 碩士,16,113
49,國立臺灣體育運動大學,01141001,體育學系,D 日,M 碩士,77,113
49,國立臺灣體育運動大學,01141001,體育學系,N 職,M 碩士,37,113
49,國立臺灣體育運動大學,02112012,運動資訊與傳播學系,D 日,M 碩士,10,113
49,國立臺灣體育運動大學,02152002,舞蹈學系,D 日,M 碩士,30,113
49,國立臺灣體育運動大學,04199010,運動事業管理學系,D 日,M 碩士,29,113
49,國立臺灣體育運動大學,04199010,運動事業管理學系,N 職,M 碩士,26,113
49,國立臺灣體育運動大學,10141003,競技運動學系,D 日,M 碩士,61,113
49,國立臺灣體育運動大學,10141003,競技運動學系,N 職,M 碩士,24,113
49,國立臺灣體育運動大學,10142006,運動健康科學學系,D 日,M 碩士,29,113
49,國立臺灣體育運動大學,10142006,運動健康科學學系,N 職,M 碩士,13,113
49,國立臺灣體育運動大學,10152007,休閒運動學系,D 日,M 碩士,42,113
49,國立臺灣體育運動大學,10152008,休閒運動管理碩士在職學位學程,N 職,M 碩士,28,113
50,國立臺中科技大學,02112005,多媒體設計系碩士班,D 日,M 碩士,36,113
50,國立臺中科技大學,02122006,商業設計系碩士班,D 日,M 碩士,44,113
50,國立臺中科技大學,02122006,商業設計系碩士在職專班,N 職,M 碩士,31,113
50,國立臺中科技大學,02124008,室內設計系碩士班,D 日,M 碩士,27,113
50,國立臺中科技大學,02311004,應用日語系日本市場暨商務策略碩士班,D 日,M 碩士,21,113
50,國立臺中科技大學,04111012,會計資訊系碩士班,D 日,M 碩士,23,113
50,國立臺中科技大學,04111012,會計資訊系碩士在職專班,N 職,M 碩士,20,113
50,國立臺中科技大學,04121021,財務金融系碩士班,D 日,M 碩士,22,113
50,國立臺中科技大學,04121021,財務金融系碩士在職專班,N 職,M 碩士,40,113
50,國立臺中科技大學,04122028,財政稅務系租稅管理與理財規劃碩士班,D 日,M 碩士,25,113
50,國立臺中科技大學,04123027,保險金融管理系碩士班,D 日,M 碩士,20,113
50,國立臺中科技大學,04131015,企業管理系碩士班,D 日,M 碩士,34,113
50,國立臺中科技大學,04131015,企業管理系碩士在職專班,N 職,M 碩士,63,113
50,國立臺中科技大學,04131051,商學院_智慧營運與經營管理外國學生專班,D 日,M 碩士,3,113
50,國立臺中科技大學,04132029,流通管理系碩士班,D 日,M 碩士,21,113
50,國立臺中科技大學,04132029,流通管理系碩士在職專班,N 職,M 碩士,26,113
50,國立臺中科技大學,06131033,資訊管理系碩士班,D 日,M 碩士,34,113
50,國立臺中科技大學,06131033,資訊管理系碩士在職專班,N 職,M 碩士,37,113
50,國立臺中科技大學,07141036,資訊工程系,D 日,M 碩士,47,113
50,國立臺中科技大學,07141036,資訊工程系碩士在職專班,N 職,M 碩士,30,113
50,國立臺中科技大學,09131037,護理系碩士班,D 日,M 碩士,22,113
50,國立臺中科技大學,09131037,護理系碩士在職專班,N 職,M 碩士,42,113
50,國立臺中科技大學,10121040,美容系碩士班,D 日,M 碩士,20,113
51,國立臺北商業大學,02122024,創意設計與經營研究所,D 日,M 碩士,35,113
51,國立臺北商業大學,02122024,創意設計與經營研究所,N 職,M 碩士,22,113
51,國立臺北商業大學,02122028,品牌設計與創新經營在職碩士原住民專班,N 職,M 碩士,8,113
51,國立臺北商業大學,04111009,會計資訊系,D 日,M 碩士,37,113
51,國立臺北商業大學,04121013,財務金融系碩士班,D 日,M 碩士,23,113
51,國立臺北商業大學,04121013,財務金融系金融科技創新服務碩士在職專班,N 職,M 碩士,14,113
51,國立臺北商業大學,04122014,財政稅務系,D 日,M 碩士,45,113
51,國立臺北商業大學,04122014,財政稅務系碩士在職專班,N 職,M 碩士,22,113
51,國立臺北商業大學,04131010,企業管理系,D 日,M 碩士,63,113
51,國立臺北商業大學,04131010,企業管理系EMBA在職專班,N 職,M 碩士,62,113
51,國立臺北商業大學,04141012,國際商務系,D 日,M 碩士,41,113
51,國立臺北商業大學,04141022,財經學院_高階國際商業創新經營管理碩士在職專班,N 職,M 碩士,12,113
51,國立臺北商業大學,04199021,貿易實務法律暨談判碩士學位學程,D 日,M 碩士,23,113
51,國立臺北商業大學,06131017,資訊管理系人工智慧與商業應用碩士班,D 日,M 碩士,18,113
51,國立臺北商業大學,06131018,資訊與決策科學研究所,D 日,M 碩士,29,113
51,國立臺北商業大學,06131018,資訊與決策科學研究所,N 職,M 碩士,16,113
52,國立屏東大學,01111001,教育學系,D 日,M 碩士,57,113
52,國立屏東大學,01111003,教育心理與輔導學系,D 日,M 碩士,132,113
52,國立屏東大學,01111003,教育心理與輔導學系社區諮商與教育碩士在職專班,N 職,M 碩士,88,113
52,國立屏東大學,01111048,文教事業經營碩士在職學位學程,N 職,M 碩士,10,113
52,國立屏東大學,01113017,特殊教育學系,D 日,M 碩士,70,113
52,國立屏東大學,01113017,特殊教育學系,N 職,M 碩士,44,113
52,國立屏東大學,01114018,教育行政研究所,D 日,M 碩士,19,113
52,國立屏東大學,01114018,教育行政研究所教育行政碩士在職專班,N 職,M 碩士,21,113
52,國立屏東大學,01115001,教育學系課程與教學碩士在職專班,N 職,M 碩士,59,113
52,國立屏東大學,01115073,STEM教育國際碩士學位學程,D 日,M 碩士,11,113
52,國立屏東大學,01121016,幼兒教育學系,D 日,M 碩士,48,113
52,國立屏東大學,01121016,幼兒教育學系,N 職,M 碩士,66,113
52,國立屏東大學,01131071,科學傳播學系數理課程與教學碩士在職專班,N 職,M 碩士,0,113
52,國立屏東大學,01141014,體育學系,D 日,M 碩士,61,113
52,國立屏東大學,01141014,體育學系,N 職,M 碩士,149,113
52,國立屏東大學,02111025,視覺藝術學系,D 日,M 碩士,47,113
52,國立屏東大學,02111025,視覺藝術學系視覺藝術碩士在職專班,N 職,M 碩士,20,113
52,國立屏東大學,02121067,數位媒體設計碩士學位學程,D 日,M 碩士,0,113
52,國立屏東大學,02151024,音樂學系,D 日,M 碩士,41,113
52,國立屏東大學,02199079,新媒體創意應用碩士學位學程,D 日,M 碩士,13,113
52,國立屏東大學,02299033,文化創意產業學系,D 日,M 碩士,23,113
52,國立屏東大學,02299033,文化創意產業學系,N 職,M 碩士,25,113
52,國立屏東大學,02299069,客家文化產業碩士學位學程,D 日,M 碩士,20,113
52,國立屏東大學,02299074,文化事業發展碩士學位學程原住民專班,D 日,M 碩士,16,113
52,國立屏東大學,02311029,英語學系,D 日,M 碩士,28,113
52,國立屏東大學,02311030,應用英語學系,D 日,M 碩士,0,113
52,國立屏東大學,02322027,中國語文學系,D 日,M 碩士,16,113
52,國立屏東大學,02322027,中國語文學系,N 職,M 碩士,17,113
52,國立屏東大學,02323006,華語文教學碩士在職學位學程,N 職,M 碩士,6,113
52,國立屏東大學,03141036,社會發展學系,D 日,M 碩士,27,113
52,國立屏東大學,03141036,社會發展學系,N 職,M 碩士,27,113
52,國立屏東大學,04121045,財務金融學系,D 日,M 碩士,18,113
52,國立屏東大學,04131039,企業管理學系,D 日,M 碩士,13,113
52,國立屏東大學,04131039,企業管理學系,N 職,M 碩士,36,113
52,國立屏東大學,04131042,商業自動化與管理學系,D 日,M 碩士,0,113
52,國立屏東大學,04131081,管理學院高階經營管理碩士在職專班,N 職,M 碩士,26,113
52,國立屏東大學,04131082,商業大數據學系,D 日,M 碩士,15,113
52,國立屏東大學,04132046,行銷與流通管理學系,D 日,M 碩士,21,113
52,國立屏東大學,04132046,行銷與流通管理學系,N 職,M 碩士,34,113
52,國立屏東大學,04141076,國際經營與貿易學系,D 日,M 碩士,12,113
52,國立屏東大學,04141076,國際經營與貿易學系,N 職,M 碩士,5,113
52,國立屏東大學,04199047,不動產經營學系,D 日,M 碩士,25,113
52,國立屏東大學,04199047,不動產經營學系,N 職,M 碩士,39,113
52,國立屏東大學,05311050,應用化學系,D 日,M 碩士,18,113
52,國立屏東大學,05311050,應用化學系現役軍人營區在職專班,N 職,M 碩士,1,113
52,國立屏東大學,05399072,理學院應用科學國際碩士班,D 日,M 碩士,1,113
52,國立屏東大學,05411055,應用數學系,D 日,M 碩士,6,113
52,國立屏東大學,06131057,資訊管理學系,D 日,M 碩士,26,113
52,國立屏東大學,06131070,國際資訊科技與應用碩士學位學程,D 日,M 碩士,5,113
52,國立屏東大學,06131077,電腦科學與人工智慧學系,D 日,M 碩士,32,113
52,國立屏東大學,06131077,電腦科學與人工智慧學系資訊系統與數位科技應用碩士在職專班,N 職,M 碩士,22,113
52,國立屏東大學,07111078,理學院半導體材料科學碩士班,D 日,M 碩士,4,113
52,國立屏東大學,07112053,應用物理系光電暨材料碩士班,D 日,M 碩士,20,113
52,國立屏東大學,07141060,資訊工程學系,D 日,M 碩士,41,113
52,國立屏東大學,10151065,休閒事業經營學系,D 日,M 碩士,14,113
52,國立屏東大學,99999071,科學傳播學系科學傳播暨教育碩士班,D 日,M 碩士,17,113
53,國立高雄科技大學,02121006,文化創意產業系碩士班,D 日,M 碩士,26,113
53,國立高雄科技大學,02121006,文化創意產業系碩士在職專班,N 職,M 碩士,35,113
53,國立高雄科技大學,02123015,工業設計系碩士班,D 日,M 碩士,26,113
53,國立高雄科技大學,02311002,應用英語系,D 日,M 碩士,66,113
53,國立高雄科技大學,02311003,應用德語系碩士班,D 日,M 碩士,17,113
53,國立高雄科技大學,02311008,應用日語系碩士班,D 日,M 碩士,37,113
53,國立高雄科技大學,02311008,應用日語系碩士在職專班,N 職,M 碩士,24,113
53,國立高雄科技大學,04111020,會計資訊系碩士班,D 日,M 碩士,45,113
53,國立高雄科技大學,04111020,會計資訊系碩士在職專班,N 職,M 碩士,23,113
53,國立高雄科技大學,04121034,金融資訊系碩士班,D 日,M 碩士,27,113
53,國立高雄科技大學,04121034,金融資訊系碩士在職專班,N 職,M 碩士,52,113
53,國立高雄科技大學,04121040,財務管理系碩士班,D 日,M 碩士,39,113
53,國立高雄科技大學,04121040,財務管理系碩士在職專班,N 職,M 碩士,45,113
53,國立高雄科技大學,04121104,金融系碩士班,D 日,M 碩士,72,113
53,國立高雄科技大學,04121104,金融系碩士在職專班,N 職,M 碩士,48,113
53,國立高雄科技大學,04122043,財政稅務系碩士班,D 日,M 碩士,19,113
53,國立高雄科技大學,04122043,財政稅務系碩士在職專班,N 職,M 碩士,71,113
53,國立高雄科技大學,04123054,風險管理與保險系碩士班,D 日,M 碩士,18,113
53,國立高雄科技大學,04123054,風險管理與保險系碩士在職專班,N 職,M 碩士,15,113
53,國立高雄科技大學,04131005,智慧商務系碩士在職專班,N 職,M 碩士,74,113
53,國立高雄科技大學,04131031,國際管理碩士學位學程,D 日,M 碩士,22,113
53,國立高雄科技大學,04131036,創業管理碩士學位學程,D 日,M 碩士,9,113
53,國立高雄科技大學,04131101,企業管理系碩士班,D 日,M 碩士,35,113
53,國立高雄科技大學,04131101,企業管理系碩士在職專班,N 職,M 碩士,59,113
53,國立高雄科技大學,04131119,管理學院企業管理高階經營管理碩士在職專班,N 職,M 碩士,38,113
53,國立高雄科技大學,04132004,供應鏈管理系碩士班,D 日,M 碩士,24,113
53,國立高雄科技大學,04132004,供應鏈管理系碩士在職專班,N 職,M 碩士,8,113
53,國立高雄科技大學,04132059,行銷與流通管理系碩士班,D 日,M 碩士,64,113
53,國立高雄科技大學,04132059,行銷與流通管理系碩士在職專班,N 職,M 碩士,38,113
53,國立高雄科技大學,04132107,運籌管理系,D 日,M 碩士,47,113
53,國立高雄科技大學,04132107,運籌管理系,N 職,M 碩士,29,113
53,國立高雄科技大學,04141023,國際企業系,D 日,M 碩士,23,113
53,國立高雄科技大學,04141023,國際企業系碩士在職專班,N 職,M 碩士,39,113
53,國立高雄科技大學,04199048,人力資源發展系碩士班,D 日,M 碩士,27,113
53,國立高雄科技大學,04199048,人力資源發展系碩士在職專班,N 職,M 碩士,55,113
53,國立高雄科技大學,04199063,高階主管經營管理碩士在職專班,N 職,M 碩士,95,113
53,國立高雄科技大學,04212068,科技法律研究所,D 日,M 碩士,44,113
53,國立高雄科技大學,04212068,科技法律研究所,N 職,M 碩士,72,113
53,國立高雄科技大學,05121010,海洋生物技術系碩士班,D 日,M 碩士,10,113
53,國立高雄科技大學,06131066,海事資訊科技系碩士班,D 日,M 碩士,14,113
53,國立高雄科技大學,06131080,商務資訊應用系碩士班,D 日,M 碩士,7,113
53,國立高雄科技大學,06131100,資訊管理系,D 日,M 碩士,112,113
53,國立高雄科技大學,06131100,資訊管理系碩士在職專班,N 職,M 碩士,53,113
53,國立高雄科技大學,06132005,智慧商務系碩士班,D 日,M 碩士,46,113
53,國立高雄科技大學,06132067,資訊工程系碩士班,D 日,M 碩士,56,113
53,國立高雄科技大學,06132067,資訊工程系碩士在職專班,N 職,M 碩士,36,113
53,國立高雄科技大學,07111085,化學工程與材料工程系,D 日,M 碩士,112,113
53,國立高雄科技大學,07111085,化學工程與材料工程系碩士在職專班,N 職,M 碩士,44,113
53,國立高雄科技大學,07121030,海洋環境工程系碩士班,D 日,M 碩士,24,113
53,國立高雄科技大學,07121086,環境與安全衛生工程系碩士班,D 日,M 碩士,82,113
53,國立高雄科技大學,07121086,環境與安全衛生工程系,N 職,M 碩士,124,113
53,國立高雄科技大學,07141021,電訊工程系碩士班,D 日,M 碩士,34,113
53,國立高雄科技大學,07141021,電訊工程系碩士在職專班,N 職,M 碩士,33,113
53,國立高雄科技大學,07141073,光電工程研究所,D 日,M 碩士,91,113
53,國立高雄科技大學,07141075,電腦與通訊工程系碩士班,D 日,M 碩士,98,113
53,國立高雄科技大學,07141075,電腦與通訊工程系碩士在職專班,N 職,M 碩士,23,113
53,國立高雄科技大學,07141081,半導體工程系碩士班,D 日,M 碩士,44,113
53,國立高雄科技大學,07141081,半導體工程系碩士在職專班,N 職,M 碩士,28,113
53,國立高雄科技大學,07141103,電子工程系,D 日,M 碩士,252,113
53,國立高雄科技大學,07141103,電子工程系碩士在職專班,N 職,M 碩士,86,113
53,國立高雄科技大學,07141105,電機工程系,D 日,M 碩士,191,113
53,國立高雄科技大學,07141105,電機工程系,N 職,M 碩士,142,113
53,國立高雄科技大學,07151026,輪機工程系碩士班,D 日,M 碩士,17,113
53,國立高雄科技大學,07151026,輪機工程系碩士在職專班,N 職,M 碩士,28,113
53,國立高雄科技大學,07151071,機電工程系碩士班,D 日,M 碩士,79,113
53,國立高雄科技大學,07151071,機電工程系碩士在職專班,N 職,M 碩士,37,113
53,國立高雄科技大學,07151072,機械工程系碩士班,D 日,M 碩士,121,113
53,國立高雄科技大學,07151072,機械工程系碩士在職專班,N 職,M 碩士,65,113
53,國立高雄科技大學,07151074,模具工程系,D 日,M 碩士,129,113
53,國立高雄科技大學,07151074,模具工程系,N 職,M 碩士,47,113
53,國立高雄科技大學,07163029,造船及海洋工程系碩士班,D 日,M 碩士,17,113
53,國立高雄科技大學,07163029,造船及海洋工程系碩士在職專班,N 職,M 碩士,22,113
53,國立高雄科技大學,07191091,工業工程與管理系,D 日,M 碩士,74,113
53,國立高雄科技大學,07191091,工業工程與管理系碩士在職專班,N 職,M 碩士,109,113
53,國立高雄科技大學,07194118,海事風電工程碩士學位學程,D 日,M 碩士,9,113
53,國立高雄科技大學,07211039,水產食品科學系碩士班,D 日,M 碩士,32,113
53,國立高雄科技大學,07211039,水產食品科學系碩士在職專班,N 職,M 碩士,21,113
53,國立高雄科技大學,07321077,土木工程系碩士班,D 日,M 碩士,60,113
53,國立高雄科技大學,07321077,土木工程系土木工程與防災科技碩士在職專班,N 職,M 碩士,92,113
53,國立高雄科技大學,07321082,營建工程系碩士班,D 日,M 碩士,42,113
53,國立高雄科技大學,07321082,營建工程系營建工程與管理碩士在職專班,N 職,M 碩士,46,113
53,國立高雄科技大學,08193007,海洋事務與產業管理研究所,D 日,M 碩士,0,113
53,國立高雄科技大學,08311125,漁業科技與管理系,D 日,M 碩士,37,113
53,國立高雄科技大學,08311125,漁業科技與管理系碩士在職專班,N 職,M 碩士,12,113
53,國立高雄科技大學,08312047,水產養殖系碩士班,D 日,M 碩士,23,113
53,國立高雄科技大學,10151055,海洋休閒管理系碩士班,D 日,M 碩士,16,113
53,國立高雄科技大學,10151096,觀光管理系觀光與餐旅管理碩士班,D 日,M 碩士,16,113
53,國立高雄科技大學,10151096,觀光管理系觀光與餐旅管理碩士在職專班,N 職,M 碩士,33,113
53,國立高雄科技大學,10412060,航運管理系碩士班,D 日,M 碩士,24,113
53,國立高雄科技大學,10412060,航運管理系碩士在職專班,N 職,M 碩士,39,113
53,國立高雄科技大學,10414061,航運技術系碩士班,D 日,M 碩士,10,113
53,國立高雄科技大學,10414061,航運技術系碩士在職專班,N 職,M 碩士,11,113
53,國立高雄科技大學,10414066,海事資訊科技系碩士在職專班,N 職,M 碩士,5,113
1001,東海大學,01111001,教育研究所,D 日,M 碩士,30,113
1001,東海大學,01111001,教育研究所,N 職,M 碩士,57,113
1001,東海大學,02123011,工業設計學系,D 日,M 碩士,12,113
1001,東海大學,02123011,工業設計學系,N 職,M 碩士,7,113
1001,東海大學,02131002,美術學系,D 日,M 碩士,48,113
1001,東海大學,02131002,美術學系,N 職,M 碩士,83,113
1001,東海大學,02151003,音樂學系,D 日,M 碩士,69,113
1001,東海大學,02152058,表演藝術與創作碩士學位學程,D 日,M 碩士,20,113
1001,東海大學,02221009,歷史學系,D 日,M 碩士,24,113
1001,東海大學,02231010,哲學系,D 日,M 碩士,23,113
1001,東海大學,02231010,哲學系,N 職,M 碩士,21,113
1001,東海大學,02311005,外國語文學系,D 日,M 碩士,34,113
1001,東海大學,02311007,日本語言文化學系,D 日,M 碩士,23,113
1001,東海大學,02322004,中國文學系,D 日,M 碩士,37,113
1001,東海大學,02323062,華語文教學國際碩士學位學程,D 日,M 碩士,19,113
1001,東海大學,03111012,經濟學系,D 日,M 碩士,8,113
1001,東海大學,03121013,政治學系,D 日,M 碩士,26,113
1001,東海大學,03141014,社會學系,D 日,M 碩士,29,113
1001,東海大學,04111018,會計學系,D 日,M 碩士,25,113
1001,東海大學,04111018,會計學系,N 職,M 碩士,0,113
1001,東海大學,04121024,財務金融學系,D 日,M 碩士,44,113
1001,東海大學,04121024,財務金融學系,N 職,M 碩士,2,113
1001,東海大學,04131019,企業管理學系,D 日,M 碩士,52,113
1001,東海大學,04131025,高階經營管理碩士在職專班,N 職,M 碩士,379,113
1001,東海大學,04131059,國際企業管理碩士學位學程,D 日,M 碩士,59,113
1001,東海大學,04133044,工業工程與經營資訊學系高階醫務工程與管理碩士在職專班,N 職,M 碩士,40,113
1001,東海大學,04134016,行政管理暨政策學系,D 日,M 碩士,16,113
1001,東海大學,04134016,行政管理暨政策學系第三部門碩士在職專班,N 職,M 碩士,2,113
1001,東海大學,04134017,公共事務碩士專班,N 職,M 碩士,54,113
1001,東海大學,04141023,國際經營與貿易學系,D 日,M 碩士,17,113
1001,東海大學,04211027,法律學系,D 日,M 碩士,135,113
1001,東海大學,04211027,法律學系,N 職,M 碩士,34,113
1001,東海大學,05111028,生命科學系,D 日,M 碩士,20,113
1001,東海大學,05311030,化學系,D 日,M 碩士,24,113
1001,東海大學,05331032,應用物理學系,D 日,M 碩士,14,113
1001,東海大學,05411034,應用數學系,D 日,M 碩士,0,113
1001,東海大學,05411066,智慧計算暨應用數學系,D 日,M 碩士,12,113
1001,東海大學,05421035,統計學系,D 日,M 碩士,15,113
1001,東海大學,06131039,資訊工程學系,D 日,M 碩士,60,113
1001,東海大學,06131039,資訊工程學系,N 職,M 碩士,14,113
1001,東海大學,06133047,數位創新碩士學位學程,D 日,M 碩士,43,113
1001,東海大學,06134036,資訊管理學系,D 日,M 碩士,37,113
1001,東海大學,07111042,化學工程與材料工程學系,D 日,M 碩士,57,113
1001,東海大學,07121045,環境科學與工程學系,D 日,M 碩士,22,113
1001,東海大學,07141037,電機工程學系,D 日,M 碩士,33,113
1001,東海大學,07191044,工業工程與經營資訊學系,D 日,M 碩士,50,113
1001,東海大學,07211052,食品科學系,D 日,M 碩士,43,113
1001,東海大學,07311048,建築學系,D 日,M 碩士,58,113
1001,東海大學,07312049,景觀學系,D 日,M 碩士,20,113
1001,東海大學,07312049,景觀學系,N 職,M 碩士,30,113
1001,東海大學,08112051,畜產與生物科技學系,D 日,M 碩士,14,113
1001,東海大學,09231053,社會工作學系,D 日,M 碩士,68,113
1001,東海大學,10131054,餐旅管理學系,D 日,M 碩士,8,113
1001,東海大學,10131054,餐旅管理學系,N 職,M 碩士,31,113
1002,輔仁大學,01114047,教育領導與發展研究所,D 日,M 碩士,26,113
1002,輔仁大學,01114047,教育領導與發展研究所,N 職,M 碩士,84,113
1002,輔仁大學,02122029,品牌與時尚經營管理碩士學位學程,D 日,M 碩士,7,113
1002,輔仁大學,02122078,應用美術學系,D 日,M 碩士,41,113
1002,輔仁大學,02125082,織品服裝學系,D 日,M 碩士,54,113
1002,輔仁大學,02125082,織品服裝學系,N 職,M 碩士,74,113
1002,輔仁大學,02151034,音樂學系,D 日,M 碩士,66,113
1002,輔仁大學,02151034,音樂學系,N 職,M 碩士,75,113
1002,輔仁大學,02211019,宗教學系,D 日,M 碩士,46,113
1002,輔仁大學,02211019,宗教學系,N 職,M 碩士,116,113
1002,輔仁大學,02221074,歷史學系,D 日,M 碩士,21,113
1002,輔仁大學,02231037,哲學系,D 日,M 碩士,25,113
1002,輔仁大學,02231037,哲學系,N 職,M 碩士,34,113
1002,輔仁大學,02299060,跨文化碩士班,D 日,M 碩士,103,113
1002,輔仁大學,02299060,跨文化研究所翻譯學碩士在職專班,N 職,M 碩士,35,113
1002,輔仁大學,02311009,日本語文學系,D 日,M 碩士,37,113
1002,輔仁大學,02311016,西班牙語文學系,D 日,M 碩士,11,113
1002,輔仁大學,02311021,法國語文學系,D 日,M 碩士,17,113
1002,輔仁大學,02311033,英國語文學系,D 日,M 碩士,39,113
1002,輔仁大學,02311072,德語語文學系,D 日,M 碩士,22,113
1002,輔仁大學,02322003,中國文學系,D 日,M 碩士,22,113
1002,輔仁大學,03111055,經濟學系,D 日,M 碩士,17,113
1002,輔仁大學,03131007,心理學系,D 日,M 碩士,56,113
1002,輔仁大學,03131081,臨床心理學系,D 日,M 碩士,71,113
1002,輔仁大學,03141023,社會學系,D 日,M 碩士,21,113
1002,輔仁大學,03211002,大眾傳播學研究所,D 日,M 碩士,67,113
1002,輔仁大學,03211002,大眾傳播學研究所,N 職,M 碩士,48,113
1002,輔仁大學,03221051,博物館學研究所,D 日,M 碩士,57,113
1002,輔仁大學,03222065,圖書資訊學系,D 日,M 碩士,16,113
1002,輔仁大學,04111054,會計學系,D 日,M 碩士,48,113
1002,輔仁大學,04111054,會計學系,N 職,M 碩士,62,113
1002,輔仁大學,04121027,金融與國際企業學系金融碩士班,D 日,M 碩士,50,113
1002,輔仁大學,04121027,金融與國際企業學系,N 職,M 碩士,68,113
1002,輔仁大學,04131015,企業管理學系管理學碩士班,D 日,M 碩士,74,113
1002,輔仁大學,04131015,企業管理學系管理學碩士在職專班,N 職,M 碩士,79,113
1002,輔仁大學,04131025,社會企業碩士學位學程,D 日,M 碩士,13,113
1002,輔仁大學,04131025,社會企業碩士在職學位學程,N 職,M 碩士,48,113
1002,輔仁大學,04131041,國際創業與經營管理碩士學位學程,N 職,M 碩士,43,113
1002,輔仁大學,04131044,國際經營管理碩士學位學程,D 日,M 碩士,36,113
1002,輔仁大學,04199028,非營利組織管理碩士學位學程,N 職,M 碩士,78,113
1002,輔仁大學,04199032,科技管理碩士學位學程,N 職,M 碩士,59,113
1002,輔仁大學,04211020,法律學系,D 日,M 碩士,107,113
1002,輔仁大學,04211020,法律學系,N 職,M 碩士,71,113
1002,輔仁大學,04211038,財經法律學系,D 日,M 碩士,56,113
1002,輔仁大學,04211038,財經法律學系原住民碩士在職專班,N 職,M 碩士,70,113
1002,輔仁大學,05111011,生命科學系,D 日,M 碩士,17,113
1002,輔仁大學,05191080,營養科學系,D 日,M 碩士,27,113
1002,輔仁大學,05311005,化學系,D 日,M 碩士,51,113
1002,輔仁大學,05331022,物理學系,D 日,M 碩士,13,113
1002,輔仁大學,05411073,數學系,D 日,M 碩士,10,113
1002,輔仁大學,05421049,統計資訊學系應用統計碩士班,D 日,M 碩士,38,113
1002,輔仁大學,05421049,統計資訊學系應用統計碩士在職專班,N 職,M 碩士,52,113
1002,輔仁大學,06131058,資訊工程學系,D 日,M 碩士,45,113
1002,輔仁大學,06131058,資訊工程學系,N 職,M 碩士,26,113
1002,輔仁大學,06131059,資訊管理學系,D 日,M 碩士,34,113
1002,輔仁大學,06131059,資訊管理學系,N 職,M 碩士,60,113
1002,輔仁大學,07141064,電機工程學系,D 日,M 碩士,58,113
1002,輔仁大學,07211035,食品科學系,D 日,M 碩士,45,113
1002,輔仁大學,07312052,景觀設計學系,D 日,M 碩士,23,113
1002,輔仁大學,09121013,生物醫學暨藥學研究所,D 日,M 碩士,16,113
1002,輔仁大學,09131088,護理學系,D 日,M 碩士,23,113
1002,輔仁大學,09141100,醫療暨健康產業大數據碩士學位學程,D 日,M 碩士,16,113
1002,輔仁大學,09191004,公共衛生學系,D 日,M 碩士,32,113
1002,輔仁大學,09211061,跨專業長期照護碩士學位學程,N 職,M 碩士,94,113
1002,輔仁大學,09221017,兒童與家庭學系,D 日,M 碩士,44,113
1002,輔仁大學,09221017,兒童與家庭學系,N 職,M 碩士,83,113
1002,輔仁大學,09231024,社會工作學系,D 日,M 碩士,50,113
1002,輔仁大學,10131075,餐旅管理學系,D 日,M 碩士,38,113
1002,輔仁大學,10131075,餐旅管理學系,N 職,M 碩士,57,113
1002,輔仁大學,10141089,體育學系,D 日,M 碩士,54,113
1002,輔仁大學,10141089,體育學系,N 職,M 碩士,78,113
1003,東吳大學,02151001,音樂學系,D 日,M 碩士,51,113
1003,東吳大學,02151001,音樂學系,N 職,M 碩士,0,113
1003,東吳大學,02221006,歷史學系,D 日,M 碩士,20,113
1003,東吳大學,02231007,哲學系,D 日,M 碩士,31,113
1003,東吳大學,02311005,日本語文學系,D 日,M 碩士,43,113
1003,東吳大學,02311005,日本語文學系,N 職,M 碩士,6,113
1003,東吳大學,02311012,德國文化學系,D 日,M 碩士,24,113
1003,東吳大學,02312004,英文學系翻譯碩士班,D 日,M 碩士,32,113
1003,東吳大學,02312004,英文學系翻譯與雙語溝通碩士在職專班,N 職,M 碩士,4,113
1003,東吳大學,02322002,中國文學系,D 日,M 碩士,47,113
1003,東吳大學,02322002,中國文學系,N 職,M 碩士,18,113
1003,東吳大學,03111008,經濟學系,D 日,M 碩士,30,113
1003,東吳大學,03111008,經濟學系,N 職,M 碩士,6,113
1003,東吳大學,03121009,政治學系,D 日,M 碩士,31,113
1003,東吳大學,03131011,心理學系,D 日,M 碩士,84,113
1003,東吳大學,03141010,社會學系,D 日,M 碩士,20,113
1003,東吳大學,03141010,社會學系,N 職,M 碩士,12,113
1003,東吳大學,03199013,人權碩士學位學程,D 日,M 碩士,19,113
1003,東吳大學,04111015,會計學系,D 日,M 碩士,79,113
1003,東吳大學,04111015,會計學系,N 職,M 碩士,76,113
1003,東吳大學,04121027,財務工程與精算數學系,D 日,M 碩士,34,113
1003,東吳大學,04121027,財務工程與精算數學系,N 職,M 碩士,4,113
1003,東吳大學,04131016,企業管理學系,D 日,M 碩士,115,113
1003,東吳大學,04131016,企業管理學系,N 職,M 碩士,104,113
1003,東吳大學,04131020,商學院EMBA高階經營碩士在職專班,N 職,M 碩士,121,113
1003,東吳大學,04141019,國際經營與貿易學系,D 日,M 碩士,41,113
1003,東吳大學,04141019,國際經營與貿易學系,N 職,M 碩士,7,113
1003,東吳大學,04199031,巨量資料管理學院碩士學位學程,D 日,M 碩士,1,113
1003,東吳大學,04199031,巨量資料管理學院碩士在職學位學程,N 職,M 碩士,50,113
1003,東吳大學,04211021,法律學系,D 日,M 碩士,405,113
1003,東吳大學,04211021,法律學系,N 職,M 碩士,675,113
1003,東吳大學,05122022,微生物學系,D 日,M 碩士,14,113
1003,東吳大學,05311023,化學系,D 日,M 碩士,11,113
1003,東吳大學,05411025,數學系,D 日,M 碩士,11,113
1003,東吳大學,06131028,資訊管理學系,D 日,M 碩士,38,113
1003,東吳大學,06131028,資訊管理學系,N 職,M 碩士,54,113
1003,東吳大學,06134033,資料科學系,D 日,M 碩士,35,113
1003,東吳大學,06134033,資料科學系,N 職,M 碩士,113,113
1003,東吳大學,09231030,社會工作學系,D 日,M 碩士,66,113
1004,中原大學,01111001,教育研究所,D 日,M 碩士,25,113
1004,中原大學,01111001,教育研究所,N 職,M 碩士,81,113
1004,中原大學,01113002,特殊教育學系,D 日,M 碩士,43,113
1004,中原大學,02112008,商業設計學系,D 日,M 碩士,24,113
1004,中原大學,02112008,商業設計學系,N 職,M 碩士,28,113
1004,中原大學,02122010,文化創意設計碩士學位學程,D 日,M 碩士,0,113
1004,中原大學,02124009,室內設計學系,D 日,M 碩士,49,113
1004,中原大學,02124009,室內設計學系,N 職,M 碩士,94,113
1004,中原大學,02151058,音樂產業碩士學位學程,D 日,M 碩士,41,113
1004,中原大學,02211006,宗教研究所,D 日,M 碩士,19,113
1004,中原大學,02211006,宗教研究所,N 職,M 碩士,23,113
1004,中原大學,02311005,應用外國語文學系,D 日,M 碩士,25,113
1004,中原大學,02323004,應用華語文學系,D 日,M 碩士,31,113
1004,中原大學,03131011,心理學系,D 日,M 碩士,94,113
1004,中原大學,04111013,會計學系,D 日,M 碩士,38,113
1004,中原大學,04111013,會計學系,N 職,M 碩士,18,113
1004,中原大學,04121019,財務金融學系,D 日,M 碩士,24,113
1004,中原大學,04131014,企業管理學系,D 日,M 碩士,67,113
1004,中原大學,04131014,企業管理學系,N 職,M 碩士,191,113
1004,中原大學,04141018,國際經營與貿易學系,D 日,M 碩士,12,113
1004,中原大學,04141018,國際經營與貿易學系,N 職,M 碩士,12,113
1004,中原大學,04191017,國際商學碩士學位學程,D 日,M 碩士,27,113
1004,中原大學,04199050,巨量資料商業應用碩士學位學程,D 日,M 碩士,0,113
1004,中原大學,04212021,財經法律學系,D 日,M 碩士,60,113
1004,中原大學,04212021,財經法律學系,N 職,M 碩士,69,113
1004,中原大學,05121022,生物科技學系,D 日,M 碩士,22,113
1004,中原大學,05311023,化學系,D 日,M 碩士,57,113
1004,中原大學,05311023,化學系,N 職,M 碩士,6,113
1004,中原大學,05331024,物理學系,D 日,M 碩士,18,113
1004,中原大學,05411027,應用數學系,D 日,M 碩士,33,113
1004,中原大學,05411027,應用數學系,N 職,M 碩士,2,113
1004,中原大學,06131028,資訊管理學系,D 日,M 碩士,52,113
1004,中原大學,06131028,資訊管理學系,N 職,M 碩士,61,113
1004,中原大學,06131031,資訊工程學系,D 日,M 碩士,84,113
1004,中原大學,06131031,資訊工程學系,N 職,M 碩士,27,113
1004,中原大學,06131062,智慧運算與大數據碩士學位學程,D 日,M 碩士,14,113
1004,中原大學,07111037,化學工程學系,D 日,M 碩士,83,113
1004,中原大學,07121042,環境工程學系,D 日,M 碩士,42,113
1004,中原大學,07121042,環境工程學系,N 職,M 碩士,33,113
1004,中原大學,07141029,電機工程學系,D 日,M 碩士,110,113
1004,中原大學,07141029,電機工程學系,N 職,M 碩士,56,113
1004,中原大學,07141030,電子工程學系,D 日,M 碩士,126,113
1004,中原大學,07141030,電子工程學系,N 職,M 碩士,27,113
1004,中原大學,07141032,通訊工程碩士學位學程,D 日,M 碩士,0,113
1004,中原大學,07141064,半導體材料與光電檢測碩士學位學程,D 日,M 碩士,5,113
1004,中原大學,07141066,理學院半導體人才培育碩士專班,D 日,M 碩士,1,113
1004,中原大學,07151034,機械工程學系,D 日,M 碩士,84,113
1004,中原大學,07151034,機械工程學系,N 職,M 碩士,56,113
1004,中原大學,07191041,工業與系統工程學系,D 日,M 碩士,112,113
1004,中原大學,07191041,工業與系統工程學系,N 職,M 碩士,91,113
1004,中原大學,07193043,生物醫學工程學系,D 日,M 碩士,69,113
1004,中原大學,07193043,生物醫學工程學系,N 職,M 碩士,17,113
1004,中原大學,07311046,建築學系,D 日,M 碩士,58,113
1004,中原大學,07311046,建築學系,N 職,M 碩士,42,113
1004,中原大學,07312059,地景建築學系,D 日,M 碩士,18,113
1004,中原大學,07321035,土木工程學系,D 日,M 碩士,32,113
1005,淡江大學,01115108,教育與未來設計學系,N 職,M 碩士,17,113
1005,淡江大學,01116092,教育科技學系,D 日,M 碩士,28,113
1005,淡江大學,01116092,教育科技學系,N 職,M 碩士,80,113
1005,淡江大學,01199108,教育與未來設計學系,D 日,M 碩士,38,113
1005,淡江大學,02221078,歷史學系,D 日,M 碩士,23,113
1005,淡江大學,02311082,日本語文學系,D 日,M 碩士,32,113
1005,淡江大學,02311082,日本語文學系,N 職,M 碩士,5,113
1005,淡江大學,02311086,法國語文學系,D 日,M 碩士,8,113
1005,淡江大學,02311088,英文學系,D 日,M 碩士,19,113
1005,淡江大學,02322090,中國文學學系,D 日,M 碩士,33,113
1005,淡江大學,02322090,中國文學學系,N 職,M 碩士,4,113
1005,淡江大學,03111075,產業經濟學系,D 日,M 碩士,11,113
1005,淡江大學,03111076,經濟學系經濟與財務碩士班,D 日,M 碩士,17,113
1005,淡江大學,03122060,國際事務與戰略研究所,D 日,M 碩士,32,113
1005,淡江大學,03122060,國際事務與戰略碩士在職專班,N 職,M 碩士,57,113
1005,淡江大學,03131096,教育心理與諮商研究所,D 日,M 碩士,109,113
1005,淡江大學,03143059,外交與國際關係學系,D 日,M 碩士,32,113
1005,淡江大學,03143059,外交與國際關係學系中國大陸研究碩士在職專班,N 職,M 碩士,32,113
1005,淡江大學,03143063,臺灣與亞太研究全英語碩士學位學程,D 日,M 碩士,0,113
1005,淡江大學,03143074,全球政治經濟學系,D 日,M 碩士,26,113
1005,淡江大學,03143074,全球政治經濟學系,N 職,M 碩士,41,113
1005,淡江大學,03211055,大眾傳播學系,D 日,M 碩士,35,113
1005,淡江大學,03222052,資訊與圖書館學系,D 日,M 碩士,21,113
1005,淡江大學,03222052,資訊與圖書館學系數位學習碩士在職專班,N 職,M 碩士,7,113
1005,淡江大學,03222053,數位出版與典藏數位學習碩士在職專班,N 職,M 碩士,2,113
1005,淡江大學,04111051,會計學系,D 日,M 碩士,46,113
1005,淡江大學,04111051,會計學系,N 職,M 碩士,7,113
1005,淡江大學,04121037,財務金融學系,D 日,M 碩士,55,113
1005,淡江大學,04121037,財務金融學系,N 職,M 碩士,40,113
1005,淡江大學,04121113,淡江大學暨澳洲昆士蘭理工大學財金全英語雙碩士學位學程,D 日,M 碩士,16,113
1005,淡江大學,04123104,風險管理與保險學系保險經營碩士班,D 日,M 碩士,35,113
1005,淡江大學,04123104,風險管理與保險學系保險經營碩士在職專班,N 職,M 碩士,24,113
1005,淡江大學,04131040,國際企業學系,D 日,M 碩士,38,113
1005,淡江大學,04131040,國際企業學系,N 職,M 碩士,58,113
1005,淡江大學,04131045,商管學院經營管理全英語碩士學位學程,D 日,M 碩士,0,113
1005,淡江大學,04131047,管理科學學系,D 日,M 碩士,47,113
1005,淡江大學,04131047,管理科學學系企業經營碩士在職專班,N 職,M 碩士,48,113
1005,淡江大學,04131049,企業管理學系,D 日,M 碩士,44,113
1005,淡江大學,04131049,企業管理學系,N 職,M 碩士,76,113
1005,淡江大學,04134061,公共行政學系公共政策碩士班,D 日,M 碩士,8,113
1005,淡江大學,04134061,公共行政學系公共政策碩士在職專班,N 職,M 碩士,2,113
1005,淡江大學,04191105,數位商務與經濟碩士學位學程,D 日,M 碩士,1,113
1005,淡江大學,05311031,化學學系,D 日,M 碩士,30,113
1005,淡江大學,05331030,物理學系,D 日,M 碩士,12,113
1005,淡江大學,05411026,數學學系數學與數據科學碩士班,D 日,M 碩士,0,113
1005,淡江大學,05411026,數學學系,N 職,M 碩士,0,113
1005,淡江大學,05411110,應用數學與數據科學學系數學與數據科學碩士班,D 日,M 碩士,11,113
1005,淡江大學,05421024,統計學系,D 日,M 碩士,35,113
1005,淡江大學,06131018,資訊工程學系,D 日,M 碩士,115,113
1005,淡江大學,06131018,資訊工程學系,N 職,M 碩士,29,113
1005,淡江大學,06131023,資訊管理學系,D 日,M 碩士,32,113
1005,淡江大學,06131023,資訊管理學系,N 職,M 碩士,23,113
1005,淡江大學,06134112,國際產業人才教育專班(新型專班)工學院AI智慧機械永續製造專班,D 日,M 碩士,3,113
1005,淡江大學,07111010,化學工程與材料工程學系,D 日,M 碩士,62,113
1005,淡江大學,07122009,水資源及環境工程學系,D 日,M 碩士,26,113
1005,淡江大學,07141019,電機工程學系,D 日,M 碩士,125,113
1005,淡江大學,07141019,電機工程學系,N 職,M 碩士,22,113
1005,淡江大學,07151015,機械與機電工程學系,D 日,M 碩士,32,113
1005,淡江大學,07162017,航空太空工程學系,D 日,M 碩士,24,113
1005,淡江大學,07162017,航空太空工程學系,N 職,M 碩士,6,113
1005,淡江大學,07311007,建築學系,D 日,M 碩士,27,113
1005,淡江大學,07321012,土木工程學系,D 日,M 碩士,20,113
1005,淡江大學,09211109,高齡健康管理學研究所,D 日,M 碩士,34,113
1005,淡江大學,09211111,智慧照護產業學研究所,D 日,M 碩士,10,113
1005,淡江大學,10411002,運輸管理學系運輸科學碩士班,D 日,M 碩士,25,113
1006,中國文化大學,01131053,華語文教學碩士學位學程,N 職,M 碩士,34,113
1006,中國文化大學,01141023,體育學系運動教練碩士班,D 日,M 碩士,86,113
1006,中國文化大學,02111121,科技藝術碩士學位學程,D 日,M 碩士,6,113
1006,中國文化大學,02131059,美術學系,D 日,M 碩士,44,113
1006,中國文化大學,02151007,中國音樂學系,D 日,M 碩士,35,113
1006,中國文化大學,02151040,音樂學系,D 日,M 碩士,79,113
1006,中國文化大學,02152043,戲劇學系,D 日,M 碩士,1,113
1006,中國文化大學,02221098,史學系,D 日,M 碩士,31,113
1006,中國文化大學,02231081,哲學系,D 日,M 碩士,10,113
1006,中國文化大學,02311010,韓國語文學系,D 日,M 碩士,42,113
1006,中國文化大學,02311052,英國語文學系,D 日,M 碩士,1,113
1006,中國文化大學,02311077,日本語文學系,D 日,M 碩士,21,113
1006,中國文化大學,02322001,中國文學系,D 日,M 碩士,35,113
1006,中國文化大學,03111099,經濟學系,D 日,M 碩士,13,113
1006,中國文化大學,03121011,國家發展與中國大陸研究所,D 日,M 碩士,48,113
1006,中國文化大學,03121061,政治學系,D 日,M 碩士,11,113
1006,中國文化大學,03131004,心理輔導學系,D 日,M 碩士,118,113
1006,中國文化大學,03142087,地學研究所,D 日,M 碩士,49,113
1006,中國文化大學,03199051,勞動暨人力資源學系,D 日,M 碩士,59,113
1006,中國文化大學,03212033,新聞學系,D 日,M 碩士,35,113
1006,中國文化大學,03214101,資訊傳播學系,D 日,M 碩士,28,113
1006,中國文化大學,04111065,會計學系,D 日,M 碩士,19,113
1006,中國文化大學,04121037,財務金融學系,D 日,M 碩士,22,113
1006,中國文化大學,04131015,國際企業管理學系,D 日,M 碩士,47,113
1006,中國文化大學,04131015,國際企業管理學系,N 職,M 碩士,77,113
1006,中國文化大學,04131066,商學院企業實務管理數位碩士在職專班,N 職,M 碩士,45,113
1006,中國文化大學,04131122,兒童教育事業經營管理產業碩士學位學程,D 日,M 碩士,0,113
1006,中國文化大學,04134062,社會企業管理碩士在職學位學程,N 職,M 碩士,48,113
1006,中國文化大學,04134063,社會科學院澳門境外碩士在職專班,N 職,M 碩士,17,113
1006,中國文化大學,04141041,國際貿易學系,D 日,M 碩士,23,113
1006,中國文化大學,04143027,行銷碩士學位學程,D 日,M 碩士,35,113
1006,中國文化大學,04143067,全球品牌與行銷碩士在職學位學程,N 職,M 碩士,49,113
1006,中國文化大學,04191014,全球商務碩士學位學程,D 日,M 碩士,65,113
1006,中國文化大學,04211020,法律學系,D 日,M 碩士,277,113
1006,中國文化大學,04212020,法律學系,N 職,M 碩士,65,113
1006,中國文化大學,05311026,化學系應用化學碩士班,D 日,M 碩士,13,113
1006,中國文化大學,06131006,資訊管理學系,N 職,M 碩士,36,113
1006,中國文化大學,06131021,資訊工程學系,D 日,M 碩士,15,113
1006,中國文化大學,06131124,資安管理產業碩士專班,D 日,M 碩士,1,113
1006,中國文化大學,06134006,資訊管理學系,D 日,M 碩士,25,113
1006,中國文化大學,06134120,電子商務碩士學位學程,D 日,M 碩士,2,113
1006,中國文化大學,07111028,化學工程與材料工程學系,D 日,M 碩士,32,113
1006,中國文化大學,07112C01,紡織產業碩士專班,D 日,M 碩士,8,113
1006,中國文化大學,07151107,機械工程學系數位機電碩士班,D 日,M 碩士,18,113
1006,中國文化大學,07311068,建築及都市設計學系,D 日,M 碩士,31,113
1006,中國文化大學,07312103,景觀學系,D 日,M 碩士,6,113
1006,中國文化大學,07313118,都市計劃與開發管理學系,D 日,M 碩士,27,113
1006,中國文化大學,08192102,生物科技研究所,D 日,M 碩士,23,113
1006,中國文化大學,09221069,青少年兒童福利碩士學位學程,N 職,M 碩士,55,113
1006,中國文化大學,09299082,社會福利學系,D 日,M 碩士,7,113
1006,中國文化大學,10111090,生活應用科學系,D 日,M 碩士,23,113
1006,中國文化大學,10111090,生活應用科學系,N 職,M 碩士,44,113
1006,中國文化大學,10151005,觀光事業學系,D 日,M 碩士,31,113
1006,中國文化大學,10151005,觀光事業學系觀光休閒事業碩士在職專班,N 職,M 碩士,44,113
1006,中國文化大學,10413119,航空管理碩士學位學程,D 日,M 碩士,3,113
1007,逢甲大學,02221003,歷史與文物研究所,D 日,M 碩士,11,113
1007,逢甲大學,02299113,文化與社會創新碩士學位學程,D 日,M 碩士,31,113
1007,逢甲大學,02311002,外國語文學系英語文研究碩士班,D 日,M 碩士,23,113
1007,逢甲大學,02322001,中國文學系,D 日,M 碩士,28,113
1007,逢甲大學,03111009,經濟學系,D 日,M 碩士,20,113
1007,逢甲大學,03111012,合作經濟暨社會事業經營學系,D 日,M 碩士,25,113
1007,逢甲大學,04111017,會計學系,D 日,M 碩士,37,113
1007,逢甲大學,04121025,財務金融學系,D 日,M 碩士,45,113
1007,逢甲大學,04121026,金融碩士在職學位學程,N 職,M 碩士,65,113
1007,逢甲大學,04122032,財稅學系,D 日,M 碩士,17,113
1007,逢甲大學,04123029,風險管理與保險學系,D 日,M 碩士,35,113
1007,逢甲大學,04131019,企業管理學系,D 日,M 碩士,43,113
1007,逢甲大學,04131020,經營管理碩士在職學位學程,N 職,M 碩士,375,113
1007,逢甲大學,04134086,土地管理學系,D 日,M 碩士,33,113
1007,逢甲大學,04134086,土地管理學系,N 職,M 碩士,1,113
1007,逢甲大學,04134097,公共事務與社會創新研究所,D 日,M 碩士,5,113
1007,逢甲大學,04134097,公共事務與社會創新研究所,N 職,M 碩士,13,113
1007,逢甲大學,04141024,國際經營與貿易學系,D 日,M 碩士,40,113
1007,逢甲大學,04143033,行銷學系全球行銷碩士班,D 日,M 碩士,38,113
1007,逢甲大學,04191016,商學專業碩士在職學位學程,N 職,M 碩士,70,113
1007,逢甲大學,04199037,專案管理碩士在職學位學程,N 職,M 碩士,88,113
1007,逢甲大學,04199096,建設碩士在職學位學程,N 職,M 碩士,162,113
1007,逢甲大學,04212038,財經法律研究所,D 日,M 碩士,57,113
1007,逢甲大學,04212038,財經法律研究所,N 職,M 碩士,68,113
1007,逢甲大學,05411039,應用數學系,D 日,M 碩士,0,113
1007,逢甲大學,05411114,數據科學碩士學位學程,D 日,M 碩士,20,113
1007,逢甲大學,05421040,統計學系統計與精算碩士班,D 日,M 碩士,39,113
1007,逢甲大學,06131048,資訊工程學系,D 日,M 碩士,126,113
1007,逢甲大學,07111068,化學工程學系,D 日,M 碩士,81,113
1007,逢甲大學,07112069,材料科學與工程學系,D 日,M 碩士,86,113
1007,逢甲大學,07121075,環境工程與科學學系,D 日,M 碩士,51,113
1007,逢甲大學,07122077,水利工程與資源保育學系,D 日,M 碩士,17,113
1007,逢甲大學,07132079,綠色能源科技碩士學位學程,D 日,M 碩士,26,113
1007,逢甲大學,07141044,電機工程學系,D 日,M 碩士,73,113
1007,逢甲大學,07141046,電子工程學系,D 日,M 碩士,89,113
1007,逢甲大學,07141050,通訊工程學系,D 日,M 碩士,66,113
1007,逢甲大學,07141052,自動控制工程學系,D 日,M 碩士,59,113
1007,逢甲大學,07141053,資訊電機工程碩士在職學位學程,N 職,M 碩士,122,113
1007,逢甲大學,07141101,光電科學與工程學系,D 日,M 碩士,51,113
1007,逢甲大學,07141112,資通訊與電控產業碩士專班,D 日,M 碩士,5,113
1007,逢甲大學,07151061,機械與電腦輔助工程學系機械工程碩士班,D 日,M 碩士,66,113
1007,逢甲大學,07162059,航太與系統工程學系,D 日,M 碩士,50,113
1007,逢甲大學,07162118,太空系統工程碩士學位學程,D 日,M 碩士,18,113
1007,逢甲大學,07191072,工業工程與系統管理學系,D 日,M 碩士,52,113
1007,逢甲大學,07192074,纖維與複合材料學系,D 日,M 碩士,28,113
1007,逢甲大學,07193078,生醫資訊暨生醫工程碩士學位學程,D 日,M 碩士,8,113
1007,逢甲大學,07199080,電聲碩士學位學程,D 日,M 碩士,29,113
1007,逢甲大學,07199098,智能製造與工程管理碩士在職學位學程,N 職,M 碩士,158,113
1007,逢甲大學,07311081,建築碩士學位學程,D 日,M 碩士,63,113
1007,逢甲大學,07311081,建築碩士在職學位學程,N 職,M 碩士,2,113
1007,逢甲大學,07313087,都市計畫與空間資訊學系,D 日,M 碩士,43,113
1007,逢甲大學,07313087,都市計畫與空間資訊學系,N 職,M 碩士,4,113
1007,逢甲大學,07321063,土木工程學系,D 日,M 碩士,32,113
1007,逢甲大學,07321063,土木工程學系,N 職,M 碩士,1,113
1007,逢甲大學,07399102,智慧城市碩士學位學程,D 日,M 碩士,14,113
1007,逢甲大學,10411093,運輸與物流學系,D 日,M 碩士,27,113
1007,逢甲大學,99999117,社會創新暨永續碩士在職學位學程,N 職,M 碩士,35,113
1008,靜宜大學,01111001,教育研究所,D 日,M 碩士,40,113
1008,靜宜大學,01111001,教育研究所,N 職,M 碩士,92,113
1008,靜宜大學,02299040,原住民族文化碩士學位學程,D 日,M 碩士,30,113
1008,靜宜大學,02311004,英國語文學系,D 日,M 碩士,26,113
1008,靜宜大學,02311005,西班牙語文學系,D 日,M 碩士,24,113
1008,靜宜大學,02311006,日本語文學系,D 日,M 碩士,13,113
1008,靜宜大學,02321002,台灣文學系,D 日,M 碩士,18,113
1008,靜宜大學,02322003,中國文學系,D 日,M 碩士,19,113
1008,靜宜大學,02322003,中國文學系,N 職,M 碩士,1,113
1008,靜宜大學,03141038,犯罪防治碩士學位學程,D 日,M 碩士,47,113
1008,靜宜大學,04111011,會計學系,D 日,M 碩士,28,113
1008,靜宜大學,04121019,財務金融學系,D 日,M 碩士,18,113
1008,靜宜大學,04131010,寰宇管理碩士學位學程,D 日,M 碩士,77,113
1008,靜宜大學,04131012,企業管理學系,D 日,M 碩士,26,113
1008,靜宜大學,04131014,管理碩士在職專班,N 職,M 碩士,171,113
1008,靜宜大學,04131015,國際企業學系,D 日,M 碩士,21,113
1008,靜宜大學,04131018,創新與創業管理碩士學位學程,D 日,M 碩士,6,113
1008,靜宜大學,04211020,法律學系,D 日,M 碩士,29,113
1008,靜宜大學,04211020,法律學系,N 職,M 碩士,24,113
1008,靜宜大學,05191031,食品營養學系,D 日,M 碩士,30,113
1008,靜宜大學,05311023,應用化學系,D 日,M 碩士,17,113
1008,靜宜大學,05499036,財務工程學系,D 日,M 碩士,15,113
1008,靜宜大學,06131027,資訊管理學系,D 日,M 碩士,14,113
1008,靜宜大學,06132009,資訊傳播工程學系,D 日,M 碩士,12,113
1008,靜宜大學,06134028,資訊學院資訊應用與科技管理碩士在職專班,N 職,M 碩士,6,113
1008,靜宜大學,07141030,資訊工程學系,D 日,M 碩士,21,113
1008,靜宜大學,09161035,化粧品科學系,D 日,M 碩士,30,113
1008,靜宜大學,09161035,化粧品科學系,N 職,M 碩士,25,113
1008,靜宜大學,09231032,社會工作與兒童少年福利學系,D 日,M 碩士,36,113
1008,靜宜大學,09231032,社會工作與兒童少年福利學系,N 職,M 碩士,42,113
1008,靜宜大學,09299039,社會企業與文化創意碩士學位學程,D 日,M 碩士,68,113
1008,靜宜大學,10151034,觀光事業學系,D 日,M 碩士,27,113
1008,靜宜大學,10151034,觀光事業學系,N 職,M 碩士,44,113
1009,長庚大學,02122001,工業設計學系,D 日,M 碩士,17,113
1009,長庚大學,04131005,工商管理學系,D 日,M 碩士,45,113
1009,長庚大學,04131008,商管專業學院碩士學位學程,D 日,M 碩士,52,113
1009,長庚大學,04131008,商管專業學院碩士學位學程在職專班,N 職,M 碩士,125,113
1009,長庚大學,04133007,醫務管理學系,D 日,M 碩士,33,113
1009,長庚大學,04199015,智慧醫療創新碩士學位學程,D 日,M 碩士,24,113
1009,長庚大學,05121011,生物科技產業碩士學位學程,D 日,M 碩士,11,113
1009,長庚大學,05122057,新興病毒分子醫學國際碩士學位學程,D 日,M 碩士,15,113
1009,長庚大學,05123012,生物醫學系,D 日,M 碩士,111,113
1009,長庚大學,06131013,資訊管理學系,D 日,M 碩士,46,113
1009,長庚大學,06131018,資訊工程學系,D 日,M 碩士,81,113
1009,長庚大學,06132054,人工智慧學系,D 日,M 碩士,32,113
1009,長庚大學,07111025,化工與材料工程學系,D 日,M 碩士,70,113
1009,長庚大學,07141014,電機工程學系,D 日,M 碩士,79,113
1009,長庚大學,07141014,電機工程學系,N 職,M 碩士,54,113
1009,長庚大學,07141016,電子工程學系,D 日,M 碩士,83,113
1009,長庚大學,07141017,光電工程研究所,D 日,M 碩士,16,113
1009,長庚大學,07141052,奈米工程及設計碩士學位學程,D 日,M 碩士,23,113
1009,長庚大學,07151022,機械工程學系,D 日,M 碩士,25,113
1009,長庚大學,07193027,生物醫學工程學系,D 日,M 碩士,44,113
1009,長庚大學,09111049,顱顏口腔醫學研究所,D 日,M 碩士,42,113
1009,長庚大學,09121029,臨床醫學研究所,D 日,M 碩士,34,113
1009,長庚大學,09121034,顯微手術國際碩士學位學程,D 日,M 碩士,29,113
1009,長庚大學,09131040,護理學系,D 日,M 碩士,132,113
1009,長庚大學,09141046,醫學生物技術暨檢驗學系,D 日,M 碩士,39,113
1009,長庚大學,09141048,醫學影像暨放射科學系,D 日,M 碩士,31,113
1009,長庚大學,09151037,物理治療學系,D 日,M 碩士,27,113
1009,長庚大學,09152038,職能治療學系行為科學碩士班,D 日,M 碩士,49,113
1009,長庚大學,09159041,早期療育研究所,D 日,M 碩士,37,113
1009,長庚大學,09171031,中醫學系,D 日,M 碩士,36,113
1009,長庚大學,09211056,健康暨長期照護產業碩士學位學程,D 日,M 碩士,19,113
1010,元智大學,02191001,藝術與設計學系藝術與設計管理碩士班,D 日,M 碩士,14,113
1010,元智大學,02311007,應用外語學系,D 日,M 碩士,31,113
1010,元智大學,02311007,應用外語學系,N 職,M 碩士,26,113
1010,元智大學,02322004,中國語文學系,D 日,M 碩士,21,113
1010,元智大學,03141009,社會暨政策科學學系,D 日,M 碩士,10,113
1010,元智大學,03141009,社會暨政策科學學系,N 職,M 碩士,35,113
1010,元智大學,04121014,管理學院財務金融暨會計碩士班,D 日,M 碩士,72,113
1010,元智大學,04131019,管理學院經營管理碩士班,D 日,M 碩士,135,113
1010,元智大學,04131021,管理學院管理碩士在職專班,N 職,M 碩士,140,113
1010,元智大學,04191056,管理學院高階創新經營管理越南境外碩士在職專班,N 職,M 碩士,24,113
1010,元智大學,05121025,生物科技與工程研究所,D 日,M 碩士,9,113
1010,元智大學,05124027,生物與醫學資訊碩士學位學程,D 日,M 碩士,7,113
1010,元智大學,06131011,資訊管理學系,D 日,M 碩士,52,113
1010,元智大學,06131011,資訊管理學系,N 職,M 碩士,60,113
1010,元智大學,06131028,資訊工程學系,D 日,M 碩士,108,113
1010,元智大學,06131028,資訊工程學系,N 職,M 碩士,39,113
1010,元智大學,06133013,資訊傳播學系,D 日,M 碩士,21,113
1010,元智大學,07111041,化學工程與材料科學學系,D 日,M 碩士,70,113
1010,元智大學,07111041,化學工程與材料科學學系,N 職,M 碩士,29,113
1010,元智大學,07141033,電機工程學系,D 日,M 碩士,221,113
1010,元智大學,07141033,電機工程學系,N 職,M 碩士,50,113
1010,元智大學,07151037,機械工程學系,D 日,M 碩士,30,113
1010,元智大學,07151037,機械工程學系,N 職,M 碩士,22,113
1010,元智大學,07191043,工業工程與管理學系,D 日,M 碩士,102,113
1010,元智大學,07191043,工業工程與管理學系,N 職,M 碩士,87,113
1010,元智大學,07193055,醫學研究所,D 日,M 碩士,15,113
1011,中華大學,04131007,企業管理學系,D 日,M 碩士,23,113
1011,中華大學,04131007,企業管理學系,N 職,M 碩士,24,113
1011,中華大學,04134006,行政管理學系,D 日,M 碩士,5,113
1011,中華大學,04134006,行政管理學系,N 職,M 碩士,5,113
1011,中華大學,04199015,工業管理學系科技管理碩士在職專班,N 職,M 碩士,22,113
1011,中華大學,06121054,高階資料庫管理碩士在職學位學程,N 職,M 碩士,3,113
1011,中華大學,06131021,資訊管理學系,D 日,M 碩士,6,113
1011,中華大學,06131025,資訊工程學系,D 日,M 碩士,63,113
1011,中華大學,06131025,資訊工程學系,N 職,M 碩士,6,113
1011,中華大學,07141022,電機工程學系,D 日,M 碩士,26,113
1011,中華大學,07141022,電機工程學系,N 職,M 碩士,17,113
1011,中華大學,07151028,機械工程學系,D 日,M 碩士,9,113
1011,中華大學,07191015,工業管理學系,D 日,M 碩士,50,113
1011,中華大學,07311038,建築與都市計畫學系,D 日,M 碩士,15,113
1011,中華大學,07313058,智慧城市與社區規劃碩士在職學位學程,N 職,M 碩士,15,113
1011,中華大學,07321032,土木工程學系,D 日,M 碩士,9,113
1011,中華大學,07321032,土木工程學系,N 職,M 碩士,17,113
1011,中華大學,10151046,觀光學院碩士班,D 日,M 碩士,23,113
1012,大葉大學,01111001,教育專業發展研究所,D 日,M 碩士,8,113
1012,大葉大學,01111001,教育專業發展研究所,N 職,M 碩士,2,113
1012,大葉大學,02121002,造形藝術學系,D 日,M 碩士,33,113
1012,大葉大學,02122010,設計學系,D 日,M 碩士,1,113
1012,大葉大學,02122015,設計暨藝術學院碩士班,D 日,M 碩士,14,113
1012,大葉大學,02122015,設計暨藝術學院,N 職,M 碩士,9,113
1012,大葉大學,02123012,工業設計學系,D 日,M 碩士,0,113
1012,大葉大學,02311004,英語學系,D 日,M 碩士,21,113
1012,大葉大學,04131021,企業管理學系,D 日,M 碩士,44,113
1012,大葉大學,04131021,企業管理學系,N 職,M 碩士,0,113
1012,大葉大學,04131087,商業經營國際碩士學位學程,D 日,M 碩士,6,113
1012,大葉大學,04133027,健康產業管理碩士在職學位學程,N 職,M 碩士,3,113
1012,大葉大學,04142028,人力資源暨公共關係學系,D 日,M 碩士,1,113
1012,大葉大學,04142028,人力資源暨公共關係學系,N 職,M 碩士,1,113
1012,大葉大學,04199029,管理學院碩士在職專班,N 職,M 碩士,46,113
1012,大葉大學,04199030,智慧財產權碩士在職學位學程,N 職,M 碩士,1,113
1012,大葉大學,05121080,生物醫學系,D 日,M 碩士,13,113
1012,大葉大學,06121085,會計與資訊管理學系,D 日,M 碩士,9,113
1012,大葉大學,06121085,會計與資訊管理學系,N 職,M 碩士,7,113
1012,大葉大學,06131036,資訊管理學系,D 日,M 碩士,0,113
1012,大葉大學,06131036,資訊管理學系,N 職,M 碩士,0,113
1012,大葉大學,06131039,資訊工程學系,D 日,M 碩士,14,113
1012,大葉大學,07121054,環境工程學系,D 日,M 碩士,28,113
1012,大葉大學,07121054,環境工程學系,N 職,M 碩士,7,113
1012,大葉大學,07141038,電機工程學系,D 日,M 碩士,14,113
1012,大葉大學,07151046,機械與自動化工程學系,D 日,M 碩士,5,113
1012,大葉大學,07193055,醫療器材設計與材料碩士學位學程,D 日,M 碩士,8,113
1012,大葉大學,07193081,醫學工程學系,D 日,M 碩士,8,113
1012,大葉大學,07311057,建築研究所,D 日,M 碩士,21,113
1012,大葉大學,09131065,護理學系,D 日,M 碩士,51,113
1012,大葉大學,09141066,視光學系,D 日,M 碩士,14,113
1012,大葉大學,09199083,藥用植物與食品保健學系,D 日,M 碩士,26,113
1012,大葉大學,10142072,運動健康管理學系,D 日,M 碩士,16,113
1012,大葉大學,10142072,運動健康管理學系,N 職,M 碩士,36,113
1012,大葉大學,10151068,觀光餐旅碩士在職學位學程,N 職,M 碩士,1,113
1012,大葉大學,10151086,觀光休閒學系,D 日,M 碩士,7,113
1012,大葉大學,10151086,觀光休閒學系,N 職,M 碩士,12,113
1013,華梵大學,02112024,攝影與VR設計學系,D 日,M 碩士,15,113
1013,華梵大學,02112024,攝影與VR設計學系,N 職,M 碩士,8,113
1013,華梵大學,02122023,智慧生活設計學系空間設計碩士班,D 日,M 碩士,10,113
1013,華梵大學,02122023,智慧生活設計學系空間設計碩士在職專班,N 職,M 碩士,23,113
1013,華梵大學,02131002,美術與文創學系,D 日,M 碩士,26,113
1013,華梵大學,02131002,美術與文創學系,N 職,M 碩士,59,113
1013,華梵大學,02131025,佛教藝術學系,D 日,M 碩士,47,113
1013,華梵大學,02131025,佛教藝術學系,N 職,M 碩士,49,113
1013,華梵大學,02231006,哲學系,N 職,M 碩士,2,113
1013,華梵大學,02299009,東方人文思想研究所,D 日,M 碩士,64,113
1013,華梵大學,02299009,東方人文思想研究所,N 職,M 碩士,50,113
1013,華梵大學,02322003,中國文學系,D 日,M 碩士,1,113
1013,華梵大學,06131022,智慧生活科技學系,D 日,M 碩士,41,113
1013,華梵大學,06131022,智慧生活科技學系,N 職,M 碩士,32,113
1013,華梵大學,07311016,建築學系,N 職,M 碩士,0,113
1014,義守大學,02122067,傳播與設計學院文創傳播與設計碩士班,D 日,M 碩士,21,113
1014,義守大學,04121066,財務金融管理學系,D 日,M 碩士,9,113
1014,義守大學,04131010,企業管理學系,D 日,M 碩士,43,113
1014,義守大學,04131012,管理碩士在職專班,N 職,M 碩士,65,113
1014,義守大學,04131019,工業管理學系,N 職,M 碩士,29,113
1014,義守大學,04131080,國際學院國際管理碩士班,D 日,M 碩士,43,113
1014,義守大學,04133018,醫務管理學系,D 日,M 碩士,17,113
1014,義守大學,04133018,醫務管理學系,N 職,M 碩士,28,113
1014,義守大學,04134007,公共政策與管理學系,N 職,M 碩士,76,113
1014,義守大學,05121071,智慧醫療暨生物資訊碩士學位學程,D 日,M 碩士,8,113
1014,義守大學,05121079,醫學科學與生物科技學系,D 日,M 碩士,11,113
1014,義守大學,06131024,資訊管理學系,D 日,M 碩士,7,113
1014,義守大學,06131024,資訊管理學系,N 職,M 碩士,59,113
1014,義守大學,06131027,資訊工程學系,D 日,M 碩士,13,113
1014,義守大學,06131027,資訊工程學系,N 職,M 碩士,11,113
1014,義守大學,07111033,化學工程學系生物技術與化學工程碩士班,D 日,M 碩士,7,113
1014,義守大學,07112034,材料科學與工程學系,D 日,M 碩士,31,113
1014,義守大學,07141025,電機工程學系,D 日,M 碩士,30,113
1014,義守大學,07141025,電機工程學系,N 職,M 碩士,3,113
1014,義守大學,07141026,電子工程學系,D 日,M 碩士,14,113
1014,義守大學,07151030,機械與自動化工程學系,D 日,M 碩士,19,113
1014,義守大學,07193037,生物醫學工程學系,D 日,M 碩士,17,113
1014,義守大學,07321031,土木工程學系,D 日,M 碩士,8,113
1014,義守大學,09121011,醫學研究所,D 日,M 碩士,13,113
1014,義守大學,09131046,護理學系,D 日,M 碩士,50,113
1015,世新大學,02111018,廣播電視電影學系,D 日,M 碩士,87,113
1015,世新大學,02111018,廣播電視電影學系,N 職,M 碩士,34,113
1015,世新大學,02112004,數位多媒體設計學系,D 日,M 碩士,25,113
1015,世新大學,02322001,中國文學系,D 日,M 碩士,4,113
1015,世新大學,03111005,經濟學系,D 日,M 碩士,22,113
1015,世新大學,03141007,性別研究所,D 日,M 碩士,45,113
1015,世新大學,03141008,社會心理學系社會心理暨社會創新碩士班,D 日,M 碩士,9,113
1015,世新大學,03191006,社會發展研究所,D 日,M 碩士,3,113
1015,世新大學,03191006,社會發展研究所,N 職,M 碩士,1,113
1015,世新大學,03212017,新聞學系,D 日,M 碩士,23,113
1015,世新大學,03214013,資訊傳播學系,D 日,M 碩士,9,113
1015,世新大學,03214013,資訊傳播學系,N 職,M 碩士,17,113
1015,世新大學,03214014,口語傳播暨社群媒體學系,D 日,M 碩士,29,113
1015,世新大學,03214014,口語傳播暨社群媒體學系,N 職,M 碩士,23,113
1015,世新大學,03214048,圖文傳播學系,D 日,M 碩士,1,113
1015,世新大學,04121024,財務金融學系,D 日,M 碩士,18,113
1015,世新大學,04121024,財務金融學系,N 職,M 碩士,21,113
1015,世新大學,04121040,創新金融科技產業碩士專班,D 日,M 碩士,15,113
1015,世新大學,04131023,企業管理學系,D 日,M 碩士,16,113
1015,世新大學,04131023,企業管理學系,N 職,M 碩士,79,113
1015,世新大學,04131047,創新管理暨智慧企業產業碩士專班,D 日,M 碩士,14,113
1015,世新大學,04134009,行政管理學系,D 日,M 碩士,13,113
1015,世新大學,04134009,行政管理學系,N 職,M 碩士,34,113
1015,世新大學,04134010,國際廉能治理碩士在職學位學程,N 職,M 碩士,0,113
1015,世新大學,04134011,非營利與社會企業碩士在職學位學程,N 職,M 碩士,2,113
1015,世新大學,04143019,公共關係暨廣告學系,D 日,M 碩士,27,113
1015,世新大學,04143019,公共關係暨廣告學系,N 職,M 碩士,47,113
1015,世新大學,04199025,傳播管理學系,D 日,M 碩士,18,113
1015,世新大學,04199025,傳播管理學系,N 職,M 碩士,83,113
1015,世新大學,04212026,法律學系,D 日,M 碩士,45,113
1015,世新大學,04212026,法律學系,N 職,M 碩士,57,113
1015,世新大學,04212039,智慧財產暨傳播科技法律研究所,D 日,M 碩士,5,113
1015,世新大學,04212039,智慧財產暨傳播科技法律研究所,N 職,M 碩士,11,113
1015,世新大學,06111042,智能系統暨科技創新產業碩士專班,D 日,M 碩士,18,113
1015,世新大學,06111046,雲端暨智能物聯產業碩士專班,D 日,M 碩士,1,113
1015,世新大學,06111049,雲端暨資通安全產業碩士專班,D 日,M 碩士,11,113
1015,世新大學,06131028,資訊管理學系,D 日,M 碩士,31,113
1015,世新大學,06131028,資訊管理學系,N 職,M 碩士,32,113
1015,世新大學,10151029,觀光學系,D 日,M 碩士,13,113
1015,世新大學,10151029,觀光學系,N 職,M 碩士,44,113
1016,銘傳大學,01111052,教育研究所,D 日,M 碩士,17,113
1016,銘傳大學,01111052,教育研究所,N 職,M 碩士,179,113
1016,銘傳大學,02112012,數位媒體設計學系,D 日,M 碩士,13,113
1016,銘傳大學,02112072,商業設計學系設計創作與研究碩士班,D 日,M 碩士,14,113
1016,銘傳大學,02123073,商品設計學系創新設計與管理碩士班,D 日,M 碩士,16,113
1016,銘傳大學,02123073,商品設計學系創新設計與管理碩士在職專班,N 職,M 碩士,5,113
1016,銘傳大學,02311010,應用日語學系,D 日,M 碩士,25,113
1016,銘傳大學,02311031,應用英語學系,D 日,M 碩士,17,113
1016,銘傳大學,02311031,應用英語學系,N 職,M 碩士,21,113
1016,銘傳大學,02322002,應用中國文學系,D 日,M 碩士,16,113
1016,銘傳大學,02322002,應用中國文學系,N 職,M 碩士,15,113
1016,銘傳大學,02323042,華語文教學碩士學位學程,D 日,M 碩士,2,113
1016,銘傳大學,03122004,國際事務碩士學位學程(外國學生專班),D 日,M 碩士,18,113
1016,銘傳大學,03131102,諮商臨床與工商心理學系,D 日,M 碩士,110,113
1016,銘傳大學,03131102,諮商臨床與工商心理學系,N 職,M 碩士,46,113
1016,銘傳大學,03141088,犯罪防治學系,D 日,M 碩士,21,113
1016,銘傳大學,03141088,犯罪防治學系兩岸與犯罪防治碩士在職專班,N 職,M 碩士,66,113
1016,銘傳大學,03213064,新媒體暨傳播管理學系,D 日,M 碩士,25,113
1016,銘傳大學,03213064,新媒體暨傳播管理學系,N 職,M 碩士,18,113
1016,銘傳大學,04111032,會計學系,D 日,M 碩士,23,113
1016,銘傳大學,04121020,財務金融學系,D 日,M 碩士,27,113
1016,銘傳大學,04121020,財務金融學系,N 職,M 碩士,28,113
1016,銘傳大學,04121021,金融學系,D 日,M 碩士,8,113
1016,銘傳大學,04121059,經濟與金融學系,D 日,M 碩士,0,113
1016,銘傳大學,04123056,風險管理與保險學系,D 日,M 碩士,16,113
1016,銘傳大學,04123056,風險管理與保險學系,N 職,M 碩士,10,113
1016,銘傳大學,04131036,企業管理學系,D 日,M 碩士,47,113
1016,銘傳大學,04131036,企業管理學系,N 職,M 碩士,38,113
1016,銘傳大學,04131061,國際企業學系,D 日,M 碩士,52,113
1016,銘傳大學,04131061,國際企業學系,N 職,M 碩士,31,113
1016,銘傳大學,04133022,醫療資訊與管理學系健康產業管理碩士班,D 日,M 碩士,11,113
1016,銘傳大學,04134099,公共事務與行政管理學系,D 日,M 碩士,8,113
1016,銘傳大學,04134099,公共事務與行政管理學系,N 職,M 碩士,52,113
1016,銘傳大學,04199071,高階經理碩士在職學位學程,N 職,M 碩士,19,113
1016,銘傳大學,04199094,金融科技碩士學位學程,D 日,M 碩士,31,113
1016,銘傳大學,04211039,法律學系,D 日,M 碩士,36,113
1016,銘傳大學,04211039,法律學系,N 職,M 碩士,61,113
1016,銘傳大學,04212024,財金法律學系,D 日,M 碩士,28,113
1016,銘傳大學,05121009,生物科技學系,D 日,M 碩士,14,113
1016,銘傳大學,05421079,應用統計與資料科學學系,D 日,M 碩士,13,113
1016,銘傳大學,06131029,資訊工程學系,D 日,M 碩士,24,113
1016,銘傳大學,06131045,資訊管理學系,D 日,M 碩士,19,113
1016,銘傳大學,06131045,資訊管理學系,N 職,M 碩士,9,113
1016,銘傳大學,06132101,人工智慧應用學系,D 日,M 碩士,15,113
1016,銘傳大學,07141025,電子工程學系,D 日,M 碩士,15,113
1016,銘傳大學,07141050,電腦與通訊工程學系,D 日,M 碩士,18,113
1016,銘傳大學,07311026,建築學系,D 日,M 碩士,14,113
1016,銘傳大學,07313048,都市規劃與防災學系,D 日,M 碩士,14,113
1016,銘傳大學,07313048,都市規劃與防災學系,N 職,M 碩士,9,113
1016,銘傳大學,10151033,觀光事業學系,D 日,M 碩士,16,113
1016,銘傳大學,10151033,觀光事業學系,N 職,M 碩士,51,113
1017,實踐大學,02112012,媒體傳達設計學系,D 日,M 碩士,31,113
1017,實踐大學,02123014,工業產品設計學系,D 日,M 碩士,51,113
1017,實踐大學,02123014,工業產品設計學系,N 職,M 碩士,1,113
1017,實踐大學,02125051,服裝設計學系,D 日,M 碩士,48,113
1017,實踐大學,02125051,服裝設計學系,N 職,M 碩士,25,113
1017,實踐大學,02151001,音樂學系,D 日,M 碩士,18,113
1017,實踐大學,03131045,家庭研究與兒童發展學系家庭諮商與輔導碩士班,D 日,M 碩士,55,113
1017,實踐大學,04121029,財務金融學系,D 日,M 碩士,9,113
1017,實踐大學,04131021,企業管理學系,D 日,M 碩士,21,113
1017,實踐大學,04131021,企業管理學系,N 職,M 碩士,17,113
1017,實踐大學,04131023,國際企業英語碩士學位學程,D 日,M 碩士,16,113
1017,實踐大學,05191043,食品營養與保健生技學系,D 日,M 碩士,10,113
1017,實踐大學,06131037,資訊科技與管理學系,D 日,M 碩士,15,113
1017,實踐大學,07311041,建築設計學系,D 日,M 碩士,24,113
1017,實踐大學,09211045,家庭研究與兒童發展學系,N 職,M 碩士,62,113
1017,實踐大學,09231044,社會工作學系,D 日,M 碩士,18,113
1017,實踐大學,10131046,餐飲管理學系餐飲產業創新碩士班,D 日,M 碩士,14,113
1018,朝陽科技大學,02112003,視覺傳達設計系碩士班,D 日,M 碩士,21,113
1018,朝陽科技大學,02123004,工業設計系碩士班,D 日,M 碩士,23,113
1018,朝陽科技大學,02123004,工業設計系,N 職,M 碩士,1,113
1018,朝陽科技大學,02311001,應用英語系碩士班,D 日,M 碩士,17,113
1018,朝陽科技大學,04111007,會計系碩士班,D 日,M 碩士,14,113
1018,朝陽科技大學,04121010,財務金融系碩士班,D 日,M 碩士,14,113
1018,朝陽科技大學,04121010,財務金融系碩士在職專班,N 職,M 碩士,14,113
1018,朝陽科技大學,04123011,保險金融管理系碩士班,D 日,M 碩士,16,113
1018,朝陽科技大學,04123011,保險金融管理系碩士在職專班,N 職,M 碩士,35,113
1018,朝陽科技大學,04131008,企業管理系碩士班,D 日,M 碩士,61,113
1018,朝陽科技大學,04131008,企業管理系,N 職,M 碩士,47,113
1018,朝陽科技大學,04132012,行銷與流通管理系碩士班,D 日,M 碩士,34,113
1018,朝陽科技大學,05311017,應用化學系碩士班,D 日,M 碩士,15,113
1018,朝陽科技大學,05311017,應用化學系碩士在職專班,N 職,M 碩士,5,113
1018,朝陽科技大學,06131019,資訊管理系碩士班,D 日,M 碩士,46,113
1018,朝陽科技大學,06131019,資訊管理系碩士在職專班,N 職,M 碩士,15,113
1018,朝陽科技大學,06132023,資訊與通訊系碩士班,D 日,M 碩士,48,113
1018,朝陽科技大學,07121027,環境工程與管理系碩士班,D 日,M 碩士,35,113
1018,朝陽科技大學,07121027,環境工程與管理系,N 職,M 碩士,0,113
1018,朝陽科技大學,07141020,資訊工程系碩士班,D 日,M 碩士,42,113
1018,朝陽科技大學,07141020,資訊工程系碩士在職專班,N 職,M 碩士,1,113
1018,朝陽科技大學,07162044,航空科技研究所,D 日,M 碩士,6,113
1018,朝陽科技大學,07191026,工業工程與管理系碩士班,D 日,M 碩士,31,113
1018,朝陽科技大學,07191026,工業工程與管理系,N 職,M 碩士,3,113
1018,朝陽科技大學,07311028,建築系建築及都市設計碩士班,D 日,M 碩士,28,113
1018,朝陽科技大學,07312031,景觀及都市設計系碩士班,D 日,M 碩士,28,113
1018,朝陽科技大學,07321025,營建工程系碩士班,D 日,M 碩士,42,113
1018,朝陽科技大學,07321025,營建工程系,N 職,M 碩士,5,113
1018,朝陽科技大學,09211014,銀髮產業管理系碩士班,D 日,M 碩士,31,113
1018,朝陽科技大學,09221035,幼兒保育系碩士班,D 日,M 碩士,38,113
1018,朝陽科技大學,09221035,幼兒保育系碩士在職專班,N 職,M 碩士,59,113
1018,朝陽科技大學,09231034,社會工作系碩士班,D 日,M 碩士,18,113
1018,朝陽科技大學,09231034,社會工作系碩士在職專班,N 職,M 碩士,19,113
1018,朝陽科技大學,10152036,休閒事業管理系碩士班,D 日,M 碩士,24,113
1018,朝陽科技大學,10152036,休閒事業管理系碩士在職專班,N 職,M 碩士,34,113
1019,高雄醫學大學,03131002,心理學系,D 日,M 碩士,75,113
1019,高雄醫學大學,03141001,性別研究所,D 日,M 碩士,38,113
1019,高雄醫學大學,04133003,醫務管理暨醫療資訊學系,D 日,M 碩士,25,113
1019,高雄醫學大學,04133003,醫務管理暨醫療資訊學系,N 職,M 碩士,52,113
1019,高雄醫學大學,05111016,生物醫學暨環境生物學系,D 日,M 碩士,14,113
1019,高雄醫學大學,05121005,生物科技學系,D 日,M 碩士,17,113
1019,高雄醫學大學,05199052,生命科學院醫藥化學暨生物科技碩士班,D 日,M 碩士,4,113
1019,高雄醫學大學,05311017,醫藥暨應用化學系,D 日,M 碩士,33,113
1019,高雄醫學大學,06134053,人工智慧健康產業應用碩士學位學程,D 日,M 碩士,7,113
1019,高雄醫學大學,09111044,牙醫學系,D 日,M 碩士,23,113
1019,高雄醫學大學,09111044,牙醫學系,N 職,M 碩士,11,113
1019,高雄醫學大學,09111046,口腔衛生學系,D 日,M 碩士,8,113
1019,高雄醫學大學,09111046,口腔衛生學系,N 職,M 碩士,32,113
1019,高雄醫學大學,09121011,醫學研究所,D 日,M 碩士,79,113
1019,高雄醫學大學,09121018,臨床醫學研究所,D 日,M 碩士,40,113
1019,高雄醫學大學,09121019,熱帶醫學碩士學位學程,D 日,M 碩士,9,113
1019,高雄醫學大學,09131032,護理學系,D 日,M 碩士,76,113
1019,高雄醫學大學,09141036,醫學檢驗生物技術學系,D 日,M 碩士,20,113
1019,高雄醫學大學,09141037,醫學影像暨放射科學系,D 日,M 碩士,12,113
1019,高雄醫學大學,09141037,醫學影像暨放射科學系,N 職,M 碩士,18,113
1019,高雄醫學大學,09151028,物理治療學系,D 日,M 碩士,20,113
1019,高雄醫學大學,09152029,職能治療學系,D 日,M 碩士,8,113
1019,高雄醫學大學,09159030,運動醫學系,D 日,M 碩士,24,113
1019,高雄醫學大學,09159030,運動醫學系,N 職,M 碩士,68,113
1019,高雄醫學大學,09161024,藥學系,D 日,M 碩士,31,113
1019,高雄醫學大學,09161024,藥學系,N 職,M 碩士,30,113
1019,高雄醫學大學,09161026,天然藥物研究所,D 日,M 碩士,25,113
1019,高雄醫學大學,09161027,香粧品學系,D 日,M 碩士,17,113
1019,高雄醫學大學,09161047,毒理學碩士學位學程,D 日,M 碩士,4,113
1019,高雄醫學大學,09191021,公共衛生學系,D 日,M 碩士,28,113
1019,高雄醫學大學,09211048,高齡長期照護碩士學位學程,D 日,M 碩士,50,113
1019,高雄醫學大學,09231049,醫學社會學與社會工作學系,D 日,M 碩士,24,113
1020,南華大學,01121001,幼兒教育學系,D 日,M 碩士,26,113
1020,南華大學,02111059,視覺藝術與設計學系,D 日,M 碩士,31,113
1020,南華大學,02122062,產品與室內設計學系,D 日,M 碩士,15,113
1020,南華大學,02151003,民族音樂學系,D 日,M 碩士,26,113
1020,南華大學,02211010,宗教學研究所,D 日,M 碩士,53,113
1020,南華大學,02211010,宗教學研究所,N 職,M 碩士,43,113
1020,南華大學,02299011,生死學系,D 日,M 碩士,87,113
1020,南華大學,02299011,生死學系,N 職,M 碩士,146,113
1020,南華大學,02322009,文學系,D 日,M 碩士,18,113
1020,南華大學,02322009,文學系,N 職,M 碩士,4,113
1020,南華大學,03122019,國際事務與企業學系,D 日,M 碩士,38,113
1020,南華大學,03141017,應用社會學系,D 日,M 碩士,32,113
1020,南華大學,03214026,傳播學系,D 日,M 碩士,21,113
1020,南華大學,04121031,財務金融學系財務管理碩士班,D 日,M 碩士,14,113
1020,南華大學,04121031,財務金融學系財務管理碩士在職專班,N 職,M 碩士,17,113
1020,南華大學,04131029,企業管理學系管理科學碩士班,D 日,M 碩士,41,113
1020,南華大學,04131029,企業管理學系,N 職,M 碩士,38,113
1020,南華大學,04199033,文化創意事業管理學系,D 日,M 碩士,28,113
1020,南華大學,04199033,文化創意事業管理學系,N 職,M 碩士,33,113
1020,南華大學,05211060,科技學院永續綠色科技碩士學位學程,D 日,M 碩士,37,113
1020,南華大學,05211060,永續綠色科技碩士在職學位學程,N 職,M 碩士,42,113
1020,南華大學,06131042,資訊管理學系,D 日,M 碩士,17,113
1020,南華大學,06131042,資訊管理學系,N 職,M 碩士,23,113
1020,南華大學,07311064,建築學系,D 日,M 碩士,21,113
1020,南華大學,09171040,自然生物科技學系自然療癒碩士班,D 日,M 碩士,22,113
1020,南華大學,09171040,自然生物科技學系自然療癒碩士在職專班,N 職,M 碩士,51,113
1020,南華大學,10151048,旅遊管理學系旅遊管理碩士班,D 日,M 碩士,9,113
1020,南華大學,10151048,旅遊管理學系旅遊管理碩士在職專班,N 職,M 碩士,21,113
1021,真理大學,02211064,宗教文化與資訊管理學系,D 日,M 碩士,13,113
1021,真理大學,02211064,宗教文化與資訊管理學系,N 職,M 碩士,4,113
1021,真理大學,03111014,經濟學系,D 日,M 碩士,11,113
1021,真理大學,04131020,企業管理學系,D 日,M 碩士,25,113
1021,真理大學,04131020,企業管理學系,N 職,M 碩士,4,113
1021,真理大學,04199057,運動管理學系,D 日,M 碩士,14,113
1021,真理大學,04211031,法律學系,D 日,M 碩士,17,113
1021,真理大學,05499065,統計資訊與精算學系,D 日,M 碩士,13,113
1021,真理大學,06131041,資訊工程學系,D 日,M 碩士,8,113
1021,真理大學,10151044,觀光事業學系,D 日,M 碩士,20,113
1022,大同大學,02112004,媒體設計學系,D 日,M 碩士,27,113
1022,大同大學,02123005,工業設計學系,D 日,M 碩士,37,113
1022,大同大學,02123005,工業設計學系,N 職,M 碩士,18,113
1022,大同大學,04131007,事業經營學系,D 日,M 碩士,22,113
1022,大同大學,04131007,事業經營學系,N 職,M 碩士,18,113
1022,大同大學,06131006,資訊經營學系,D 日,M 碩士,6,113
1022,大同大學,06131006,資訊經營學系,N 職,M 碩士,10,113
1022,大同大學,06131012,資訊工程學系,D 日,M 碩士,38,113
1022,大同大學,06131012,資訊工程學系,N 職,M 碩士,47,113
1022,大同大學,07111021,化學工程與生物科技學系,D 日,M 碩士,25,113
1022,大同大學,07141010,電機工程學系,D 日,M 碩士,44,113
1022,大同大學,07141010,電機工程學系,N 職,M 碩士,27,113
1022,大同大學,07151023,機械與材料工程學系,D 日,M 碩士,19,113
1023,南臺科技大學,01111065,人文社會學院教育經營碩士班,D 日,M 碩士,30,113
1023,南臺科技大學,01111065,人文社會學院教育經營碩士在職專班,N 職,M 碩士,69,113
1023,南臺科技大學,02112008,視覺傳達設計系碩士班,D 日,M 碩士,22,113
1023,南臺科技大學,02123010,創新產品設計系碩士班,D 日,M 碩士,15,113
1023,南臺科技大學,02311005,應用英語系碩士班,D 日,M 碩士,5,113
1023,南臺科技大學,02311005,應用英語系碩士在職專班,N 職,M 碩士,0,113
1023,南臺科技大學,02311006,應用日語系碩士班,D 日,M 碩士,19,113
1023,南臺科技大學,03214011,資訊傳播系碩士班,D 日,M 碩士,15,113
1023,南臺科技大學,04131015,企業管理系,D 日,M 碩士,41,113
1023,南臺科技大學,04131015,企業管理系碩士在職專班,N 職,M 碩士,25,113
1023,南臺科技大學,04131067,高階主管企管碩士在職專班,N 職,M 碩士,42,113
1023,南臺科技大學,04132024,行銷與流通管理系碩士在職專班,N 職,M 碩士,32,113
1023,南臺科技大學,04199060,工業管理與資訊系工業管理碩士在職專班,N 職,M 碩士,12,113
1023,南臺科技大學,04199064,商管學院全球經營管理碩士班,D 日,M 碩士,113,113
1023,南臺科技大學,04212033,財經法律研究所,D 日,M 碩士,27,113
1023,南臺科技大學,04212033,財經法律研究所,N 職,M 碩士,27,113
1023,南臺科技大學,05121063,生物與食品科技系碩士班,D 日,M 碩士,13,113
1023,南臺科技大學,05121063,生物與食品科技系碩士在職專班,N 職,M 碩士,1,113
1023,南臺科技大學,06131036,資訊管理系碩士班,D 日,M 碩士,27,113
1023,南臺科技大學,06131036,資訊管理系,N 職,M 碩士,32,113
1023,南臺科技大學,06131043,資訊工程系碩士班,D 日,M 碩士,43,113
1023,南臺科技大學,06132038,多媒體與電腦娛樂科學系碩士班,D 日,M 碩士,24,113
1023,南臺科技大學,07111048,化學工程與材料工程系碩士班,D 日,M 碩士,39,113
1023,南臺科技大學,07141039,電機工程系碩士班,D 日,M 碩士,44,113
1023,南臺科技大學,07141040,電子工程系,D 日,M 碩士,73,113
1023,南臺科技大學,07141066,半導體與光電工程系碩士班,D 日,M 碩士,15,113
1023,南臺科技大學,07151045,機械工程系,D 日,M 碩士,63,113
1023,南臺科技大學,10131056,餐旅管理系碩士班,D 日,M 碩士,21,113
1023,南臺科技大學,10152058,休閒事業管理系碩士班,D 日,M 碩士,35,113
1023,南臺科技大學,10152058,休閒事業管理系碩士在職專班,N 職,M 碩士,42,113
1024,崑山科技大學,02111009,視訊傳播設計系媒體藝術碩士班,D 日,M 碩士,24,113
1024,崑山科技大學,02112004,視覺傳達設計系碩士班,D 日,M 碩士,25,113
1024,崑山科技大學,02112004,視覺傳達設計系碩士在職專班,N 職,M 碩士,14,113
1024,崑山科技大學,02122007,空間設計系環境設計碩士班,D 日,M 碩士,10,113
1024,崑山科技大學,04131015,企業管理系,D 日,M 碩士,53,113
1024,崑山科技大學,04131015,企業管理系碩士在職專班,N 職,M 碩士,42,113
1024,崑山科技大學,04199022,房地產開發與管理系,D 日,M 碩士,32,113
1024,崑山科技大學,04199022,房地產開發與管理系碩士在職專班,N 職,M 碩士,28,113
1024,崑山科技大學,04199056,雲端商務管理數位學習碩士在職專班,N 職,M 碩士,35,113
1024,崑山科技大學,06131023,資訊管理系碩士班,D 日,M 碩士,26,113
1024,崑山科技大學,06131023,資訊管理系碩士在職專班,N 職,M 碩士,22,113
1024,崑山科技大學,06131028,資訊工程系碩士班,D 日,M 碩士,13,113
1024,崑山科技大學,07112034,材料工程系碩士班,D 日,M 碩士,0,113
1024,崑山科技大學,07121038,環境工程系碩士班,D 日,M 碩士,14,113
1024,崑山科技大學,07121038,環境工程系碩士在職專班,N 職,M 碩士,15,113
1024,崑山科技大學,07141025,電機工程系碩士班,D 日,M 碩士,14,113
1024,崑山科技大學,07141025,電機工程系碩士在職專班,N 職,M 碩士,19,113
1024,崑山科技大學,07141026,電子工程系,D 日,M 碩士,19,113
1024,崑山科技大學,07141051,智慧機器人工程系碩士班,D 日,M 碩士,8,113
1024,崑山科技大學,07141051,智慧機器人工程系碩士在職專班,N 職,M 碩士,8,113
1024,崑山科技大學,07151030,機械工程系,D 日,M 碩士,35,113
1024,崑山科技大學,07151030,機械工程系碩士在職專班,N 職,M 碩士,21,113
1025,嘉南藥理大學,04133003,醫務管理系碩士班,D 日,M 碩士,28,113
1025,嘉南藥理大學,04133003,醫務管理系碩士在職專班,N 職,M 碩士,33,113
1025,嘉南藥理大學,05191015,保健營養系碩士班,D 日,M 碩士,9,113
1025,嘉南藥理大學,07121009,環境工程與科學系碩士班,D 日,M 碩士,42,113
1025,嘉南藥理大學,07121009,環境工程與科學系碩士在職專班,N 職,M 碩士,19,113
1025,嘉南藥理大學,09161012,藥學系碩士班,D 日,M 碩士,6,113
1025,嘉南藥理大學,09161012,藥學系碩士在職專班,N 職,M 碩士,11,113
1025,嘉南藥理大學,10121024,化粧品應用與管理系化粧品科技碩士班,D 日,M 碩士,29,113
1025,嘉南藥理大學,10121024,化粧品應用與管理系化粧品科技碩士在職專班,N 職,M 碩士,26,113
1025,嘉南藥理大學,10151020,觀光事業管理系溫泉產業碩士在職專班,N 職,M 碩士,21,113
1025,嘉南藥理大學,10152021,休閒保健管理系碩士班,D 日,M 碩士,20,113
1025,嘉南藥理大學,10221011,職業安全衛生系產業安全衛生與防災碩士在職專班,N 職,M 碩士,41,113
1026,樹德科技大學,02112009,視覺傳達設計系碩士在職專班,N 職,M 碩士,1,113
1026,樹德科技大學,02121052,設計創新與經營研究所,D 日,M 碩士,35,113
1026,樹德科技大學,02121052,設計創新與經營研究所,N 職,M 碩士,29,113
1026,樹德科技大學,02123010,生活產品設計系碩士在職專班,N 職,M 碩士,8,113
1026,樹德科技大學,02124012,建築與室內設計研究所,D 日,M 碩士,8,113
1026,樹德科技大學,02124012,建築與室內設計研究所,N 職,M 碩士,24,113
1026,樹德科技大學,04121026,金融管理系碩士班,D 日,M 碩士,23,113
1026,樹德科技大學,04121026,金融管理系碩士在職專班,N 職,M 碩士,35,113
1026,樹德科技大學,04131017,經營管理研究所,D 日,M 碩士,25,113
1026,樹德科技大學,04131017,經營管理研究所,N 職,M 碩士,63,113
1026,樹德科技大學,04141021,會展管理與貿易行銷碩士在職學位學程,N 職,M 碩士,9,113
1026,樹德科技大學,06121032,資訊管理系碩士班,D 日,M 碩士,10,113
1026,樹德科技大學,06121032,資訊管理系碩士在職專班,N 職,M 碩士,26,113
1026,樹德科技大學,06131033,資訊工程系碩士班,D 日,M 碩士,12,113
1026,樹德科技大學,06131033,資訊工程系資訊技術與管理數位學習碩士在職專班,N 職,M 碩士,7,113
1026,樹德科技大學,07141034,電腦與通訊系碩士班,D 日,M 碩士,26,113
1026,樹德科技大學,09221038,兒童與家庭服務系碩士班,D 日,M 碩士,20,113
1026,樹德科技大學,09221038,兒童與家庭服務系碩士在職專班,N 職,M 碩士,23,113
1026,樹德科技大學,99999045,人類性學研究所,D 日,M 碩士,42,113
1026,樹德科技大學,99999045,人類性學研究所,N 職,M 碩士,52,113
1027,慈濟大學,01111001,教育研究所,D 日,M 碩士,24,113
1027,慈濟大學,01111001,教育研究所,N 職,M 碩士,13,113
1027,慈濟大學,02211005,宗教與人文研究所,D 日,M 碩士,32,113
1027,慈濟大學,02322004,東方語文學系,D 日,M 碩士,9,113
1027,慈濟大學,03131008,人類發展與心理學系,D 日,M 碩士,40,113
1027,慈濟大學,03214009,傳播學系,D 日,M 碩士,11,113
1027,慈濟大學,04133054,醫務暨健康管理學系,D 日,M 碩士,13,113
1027,慈濟大學,05121012,分子生物暨人類遺傳學系,D 日,M 碩士,16,113
1027,慈濟大學,05291040,永續暨防災碩士學位學程,D 日,M 碩士,5,113
1027,慈濟大學,06131048,資訊科技與管理學系,D 日,M 碩士,20,113
1027,慈濟大學,06133032,醫學資訊學系,D 日,M 碩士,25,113
1027,慈濟大學,07193039,生物醫學暨工程學系,D 日,M 碩士,14,113
1027,慈濟大學,09111041,口腔醫學暨材料研究所,D 日,M 碩士,1,113
1027,慈濟大學,09121015,醫學系,D 日,M 碩士,21,113
1027,慈濟大學,09121023,學士後中醫學系,D 日,M 碩士,7,113
1027,慈濟大學,09131028,護理學系,D 日,M 碩士,87,113
1027,慈濟大學,09131028,護理學系,N 職,M 碩士,13,113
1027,慈濟大學,09141031,醫學檢驗生物技術學系,D 日,M 碩士,12,113
1027,慈濟大學,09141052,醫學影像暨放射科學系,D 日,M 碩士,8,113
1027,慈濟大學,09151027,物理治療學系,D 日,M 碩士,9,113
1027,慈濟大學,09161037,臨床藥學研究所,D 日,M 碩士,2,113
1027,慈濟大學,09191024,公共衛生學系,D 日,M 碩士,28,113
1027,慈濟大學,09211053,長期照護研究所,D 日,M 碩士,26,113
1027,慈濟大學,09231034,社會工作學系,D 日,M 碩士,18,113
1027,慈濟大學,10199056,觀光餐旅系,D 日,M 碩士,0,113
1028,臺北醫學大學,03131057,心智意識與腦科學研究所,D 日,M 碩士,19,113
1028,臺北醫學大學,03199001,醫學人文研究所,D 日,M 碩士,15,113
1028,臺北醫學大學,04133002,醫務管理學系,D 日,M 碩士,30,113
1028,臺北醫學大學,04133002,醫務管理學系,N 職,M 碩士,23,113
1028,臺北醫學大學,04199050,管理學院生物科技高階管理碩士在職專班,N 職,M 碩士,34,113
1028,臺北醫學大學,04212003,醫療暨生物科技法律研究所,D 日,M 碩士,15,113
1028,臺北醫學大學,04212003,醫療暨生物科技法律研究所,N 職,M 碩士,8,113
1028,臺北醫學大學,05121016,醫學科學研究所,D 日,M 碩士,57,113
1028,臺北醫學大學,05191032,保健營養學系,D 日,M 碩士,36,113
1028,臺北醫學大學,05191032,保健營養學系,N 職,M 碩士,21,113
1028,臺北醫學大學,05311070,國際生技醫藥產業人才碩士專班,D 日,M 碩士,3,113
1028,臺北醫學大學,06131042,醫學資訊研究所,D 日,M 碩士,24,113
1028,臺北醫學大學,06131042,醫學資訊研究所,N 職,M 碩士,14,113
1028,臺北醫學大學,06199051,大數據科技及管理研究所,D 日,M 碩士,25,113
1028,臺北醫學大學,07112008,生醫材料暨組織工程研究所,D 日,M 碩士,19,113
1028,臺北醫學大學,07112010,奈米醫學工程研究所,D 日,M 碩士,10,113
1028,臺北醫學大學,07151053,生醫光機電研究所,D 日,M 碩士,12,113
1028,臺北醫學大學,07211012,食品安全學系,D 日,M 碩士,15,113
1028,臺北醫學大學,07211068,國際人工智慧營養食安產業人才碩士專班,D 日,M 碩士,1,113
1028,臺北醫學大學,09111044,牙醫學系,D 日,M 碩士,36,113
1028,臺北醫學大學,09111045,牙體技術學系,D 日,M 碩士,9,113
1028,臺北醫學大學,09121014,臨床醫學研究所,D 日,M 碩士,14,113
1028,臺北醫學大學,09121014,臨床醫學研究所應用實證醫學碩士在職專班,N 職,M 碩士,8,113
1028,臺北醫學大學,09121019,國際醫學研究碩士學位學程,D 日,M 碩士,16,113
1028,臺北醫學大學,09121062,國際轉譯科學碩士學位學程,D 日,M 碩士,6,113
1028,臺北醫學大學,09121066,國際神經醫學碩士學位學程,D 日,M 碩士,4,113
1028,臺北醫學大學,09121067,細胞治療產業碩士專班,D 日,M 碩士,1,113
1028,臺北醫學大學,09131037,護理學系,D 日,M 碩士,64,113
1028,臺北醫學大學,09131037,護理學系,N 職,M 碩士,105,113
1028,臺北醫學大學,09141041,醫學檢驗暨生物技術學系,D 日,M 碩士,17,113
1028,臺北醫學大學,09141041,醫學檢驗暨生物技術學系,N 職,M 碩士,12,113
1028,臺北醫學大學,09141058,醫學院人工智慧醫療碩士在職專班,N 職,M 碩士,44,113
1028,臺北醫學大學,09161024,藥學系,D 日,M 碩士,66,113
1028,臺北醫學大學,09161024,藥學系臨床藥學碩士在職專班,N 職,M 碩士,28,113
1028,臺北醫學大學,09161026,生藥學研究所,D 日,M 碩士,20,113
1028,臺北醫學大學,09161028,癌症生物學與藥物研發研究所,D 日,M 碩士,20,113
1028,臺北醫學大學,09191020,公共衛生學系,D 日,M 碩士,26,113
1028,臺北醫學大學,09191022,傷害防治學研究所,D 日,M 碩士,20,113
1028,臺北醫學大學,09191022,傷害防治學研究所失能暨復健碩士在職專班,N 職,M 碩士,0,113
1028,臺北醫學大學,09191056,全球衛生暨衛生安全碩士學位學程,D 日,M 碩士,15,113
1028,臺北醫學大學,09191063,應用流行病學碩士學位學程,D 日,M 碩士,3,113
1028,臺北醫學大學,09199035,呼吸治療學系胸腔醫學碩士班,D 日,M 碩士,12,113
1028,臺北醫學大學,09199052,代謝與肥胖科學研究所,D 日,M 碩士,23,113
1028,臺北醫學大學,09199064,臨床基因體學暨蛋白質體學碩士學位學程,D 日,M 碩士,9,113
1028,臺北醫學大學,09211065,高齡健康暨長期照護學系,D 日,M 碩士,47,113
1028,臺北醫學大學,09212034,長期照護碩士學位學程,D 日,M 碩士,5,113
1029,中山醫學大學,03131004,心理學系臨床心理學碩士班,D 日,M 碩士,73,113
1029,中山醫學大學,04133006,醫療產業科技管理學系,D 日,M 碩士,21,113
1029,中山醫學大學,05124012,生物醫學科學學系,D 日,M 碩士,16,113
1029,中山醫學大學,05191026,營養學系,D 日,M 碩士,48,113
1029,中山醫學大學,05399015,醫學應用化學系,D 日,M 碩士,5,113
1029,中山醫學大學,06131033,醫學資訊學系,D 日,M 碩士,7,113
1029,中山醫學大學,09111038,牙醫學系,D 日,M 碩士,17,113
1029,中山醫學大學,09111039,口腔科學研究所,D 日,M 碩士,16,113
1029,中山醫學大學,09121018,醫學研究所,D 日,M 碩士,80,113
1029,中山醫學大學,09131028,護理學系,D 日,M 碩士,63,113
1029,中山醫學大學,09131028,護理學系長期照護碩士在職專班,N 職,M 碩士,68,113
1029,中山醫學大學,09141030,醫學檢驗暨生物技術學系,D 日,M 碩士,8,113
1029,中山醫學大學,09141031,醫學影像暨放射科學系,D 日,M 碩士,14,113
1029,中山醫學大學,09141032,視光學系,D 日,M 碩士,29,113
1029,中山醫學大學,09151022,物理治療學系,D 日,M 碩士,6,113
1029,中山醫學大學,09152023,職能治療學系,D 日,M 碩士,17,113
1029,中山醫學大學,09153024,語言治療與聽力學系,D 日,M 碩士,49,113
1029,中山醫學大學,09191020,公共衛生學系,D 日,M 碩士,14,113
1029,中山醫學大學,09199048,健康管理學院國際健康產業經營管理碩士在職專班,N 職,M 碩士,89,113
1029,中山醫學大學,09231045,醫學社會暨社會工作學系,D 日,M 碩士,20,113
1029,中山醫學大學,10131049,健康產業科技管理學系,D 日,M 碩士,9,113
1029,中山醫學大學,10221021,職業安全衛生學系,D 日,M 碩士,11,113
1029,中山醫學大學,10221021,職業安全衛生學系,N 職,M 碩士,1,113
1030,龍華科技大學,02112011,多媒體與遊戲發展科學系碩士班,D 日,M 碩士,39,113
1030,龍華科技大學,04131004,企業管理系,D 日,M 碩士,72,113
1030,龍華科技大學,04131004,企業管理系,N 職,M 碩士,105,113
1030,龍華科技大學,06131009,資訊管理系,D 日,M 碩士,27,113
1030,龍華科技大學,06131009,資訊管理系碩士在職專班,N 職,M 碩士,20,113
1030,龍華科技大學,06131015,資訊網路工程系,D 日,M 碩士,28,113
1030,龍華科技大學,07141013,電機工程系碩士班,D 日,M 碩士,29,113
1030,龍華科技大學,07141014,電子工程系碩士班,D 日,M 碩士,31,113
1030,龍華科技大學,07141022,半導體工程系碩士班,D 日,M 碩士,46,113
1030,龍華科技大學,07151016,機械工程系碩士班,D 日,M 碩士,42,113
1030,龍華科技大學,07151016,機械工程系碩士在職專班,N 職,M 碩士,37,113
1030,龍華科技大學,10151001,應用外語系國際觀光與會展碩士班,D 日,M 碩士,12,113
1031,輔英科技大學,04133003,健康事業管理系碩士班,D 日,M 碩士,37,113
1031,輔英科技大學,05121006,生物科技系碩士班,D 日,M 碩士,0,113
1031,輔英科技大學,05121036,生物科技與綠色產業系碩士班,D 日,M 碩士,16,113
1031,輔英科技大學,05191018,保健營養系碩士班,D 日,M 碩士,9,113
1031,輔英科技大學,07121012,環境工程與科學系碩士班,D 日,M 碩士,28,113
1031,輔英科技大學,09131019,護理系碩士班,D 日,M 碩士,49,113
1031,輔英科技大學,09131019,護理系碩士在職專班,N 職,M 碩士,80,113
1031,輔英科技大學,09141024,醫學檢驗生物技術系碩士班,D 日,M 碩士,12,113
1031,輔英科技大學,09211027,高齡及長期照護事業系碩士班,D 日,M 碩士,28,113
1032,明新科技大學,04131002,企業管理系管理碩士班,D 日,M 碩士,95,113
1032,明新科技大學,04131002,企業管理系,N 職,M 碩士,161,113
1032,明新科技大學,06131009,資訊管理系碩士班,D 日,M 碩士,21,113
1032,明新科技大學,07112042,應用材料科技系碩士班,D 日,M 碩士,10,113
1032,明新科技大學,07112042,應用材料科技系碩士在職專班,N 職,M 碩士,16,113
1032,明新科技大學,07141011,電機工程系碩士班,D 日,M 碩士,38,113
1032,明新科技大學,07141011,電機工程系,N 職,M 碩士,19,113
1032,明新科技大學,07141012,電子工程系碩士班,D 日,M 碩士,20,113
1032,明新科技大學,07141012,電子工程系,N 職,M 碩士,19,113
1032,明新科技大學,07141043,半導體與光電科技系,D 日,M 碩士,21,113
1032,明新科技大學,07151016,機械工程系精密機電工程碩士班,D 日,M 碩士,39,113
1032,明新科技大學,07151016,機械工程系精密機電工程碩士在職專班,N 職,M 碩士,8,113
1032,明新科技大學,07191024,工業工程與管理系碩士班,D 日,M 碩士,27,113
1032,明新科技大學,07191024,工業工程與管理系,N 職,M 碩士,53,113
1032,明新科技大學,07321020,土木工程與環境資源管理系,D 日,M 碩士,24,113
1032,明新科技大學,07321020,土木工程與環境資源管理系碩士在職專班,N 職,M 碩士,29,113
1032,明新科技大學,09211038,樂齡服務產業管理系服務產業管理碩士班,D 日,M 碩士,59,113
1032,明新科技大學,09221027,幼兒保育系碩士班,D 日,M 碩士,21,113
1033,長榮大學,02131001,美術學系,D 日,M 碩士,25,113
1033,長榮大學,02211011,神學系,D 日,M 碩士,12,113
1033,長榮大學,02312007,翻譯學系,D 日,M 碩士,11,113
1033,長榮大學,02312007,翻譯學系,N 職,M 碩士,0,113
1033,長榮大學,03199080,應用社會科學碩士在職學位學程,N 職,M 碩士,24,113
1033,長榮大學,04131026,管理學院經營管理碩士班,D 日,M 碩士,33,113
1033,長榮大學,04131033,高階管理碩士在職專班,N 職,M 碩士,30,113
1033,長榮大學,04133031,醫務管理學系,D 日,M 碩士,15,113
1033,長榮大學,04133031,醫務管理學系,N 職,M 碩士,1,113
1033,長榮大學,06111072,資訊暨設計碩士學位學程,D 日,M 碩士,9,113
1033,長榮大學,07313042,土地管理與開發學系,D 日,M 碩士,0,113
1033,長榮大學,09121044,醫學研究所,D 日,M 碩士,0,113
1033,長榮大學,09131049,護理學系,D 日,M 碩士,47,113
1033,長榮大學,09231055,社會工作學系,D 日,M 碩士,14,113
1033,長榮大學,10141058,運動競技學系,D 日,M 碩士,17,113
1033,長榮大學,10221045,職業安全與衛生學系,D 日,M 碩士,7,113
1033,長榮大學,10221045,職業安全與衛生學系,N 職,M 碩士,30,113
1033,長榮大學,10221082,安全衛生科學碩士學位學程,D 日,M 碩士,17,113
1033,長榮大學,10221082,安全衛生科學碩士在職學位學程,N 職,M 碩士,9,113
1033,長榮大學,10412061,航運管理學系,D 日,M 碩士,1,113
1034,弘光科技大學,04133005,健康事業管理系碩士班,D 日,M 碩士,32,113
1034,弘光科技大學,05191023,營養系碩士班,D 日,M 碩士,14,113
1034,弘光科技大學,07121014,環境與安全衛生工程系碩士班,D 日,M 碩士,24,113
1034,弘光科技大學,07121014,環境與安全衛生工程系碩士在職專班,N 職,M 碩士,13,113
1034,弘光科技大學,07211017,食品科技系碩士班,D 日,M 碩士,12,113
1034,弘光科技大學,07211017,食品科技系碩士在職專班,N 職,M 碩士,11,113
1034,弘光科技大學,09131025,護理系碩士班,D 日,M 碩士,50,113
1034,弘光科技大學,09131025,護理系碩士在職專班,N 職,M 碩士,46,113
1034,弘光科技大學,09211037,老人福利與長期照顧事業系碩士班,D 日,M 碩士,28,113
1034,弘光科技大學,10121031,化妝品應用系碩士班,D 日,M 碩士,19,113
1034,弘光科技大學,10121031,化妝品應用系碩士在職專班,N 職,M 碩士,12,113
1035,中國醫藥大學,04131058,科技管理碩士學位學程,D 日,M 碩士,4,113
1035,中國醫藥大學,04133029,醫務管理學系,D 日,M 碩士,33,113
1035,中國醫藥大學,04133029,醫務管理學系,N 職,M 碩士,36,113
1035,中國醫藥大學,04212057,科技法律碩士學位學程,D 日,M 碩士,19,113
1035,中國醫藥大學,05111066,細胞生物學研究所,D 日,M 碩士,4,113
1035,中國醫藥大學,05121043,生物科技學系,D 日,M 碩士,15,113
1035,中國醫藥大學,05123064,生物化學暨分子生物研究所,D 日,M 碩士,4,113
1035,中國醫藥大學,05191021,營養學系,D 日,M 碩士,53,113
1035,中國醫藥大學,06131060,數位健康創新碩士學位學程,D 日,M 碩士,7,113
1035,中國醫藥大學,07193031,生物醫學工程碩士學位學程,D 日,M 碩士,17,113
1035,中國醫藥大學,08411012,中獸醫碩士學位學程,D 日,M 碩士,0,113
1035,中國醫藥大學,09111019,牙醫學系,D 日,M 碩士,17,113
1035,中國醫藥大學,09121003,生物醫學研究所,D 日,M 碩士,36,113
1035,中國醫藥大學,09121014,中醫學系,D 日,M 碩士,20,113
1035,中國醫藥大學,09121020,國際生物醫學碩士學位學程,D 日,M 碩士,7,113
1035,中國醫藥大學,09121046,中西醫結合研究所,D 日,M 碩士,8,113
1035,中國醫藥大學,09121049,癌症生物與藥物研發碩士學位學程,D 日,M 碩士,2,113
1035,中國醫藥大學,09121063,轉譯醫學暨新藥開發研究所,D 日,M 碩士,15,113
1035,中國醫藥大學,09131045,護理學系,D 日,M 碩士,46,113
1035,中國醫藥大學,09141017,醫學檢驗生物技術學系,D 日,M 碩士,13,113
1035,中國醫藥大學,09141032,生物醫學影像暨放射科學學系,D 日,M 碩士,8,113
1035,中國醫藥大學,09151010,物理治療學系復健科學碩士班,D 日,M 碩士,8,113
1035,中國醫藥大學,09159047,運動醫學系,D 日,M 碩士,10,113
1035,中國醫藥大學,09161034,藥學系,D 日,M 碩士,31,113
1035,中國醫藥大學,09161039,中國藥學暨中藥資源學系,D 日,M 碩士,9,113
1035,中國醫藥大學,09161042,藥用化妝品學系,D 日,M 碩士,20,113
1035,中國醫藥大學,09161050,製藥碩士學位學程,D 日,M 碩士,11,113
1035,中國醫藥大學,09171013,針灸研究所,D 日,M 碩士,17,113
1035,中國醫藥大學,09171048,國際針灸碩士學位學程,D 日,M 碩士,7,113
1035,中國醫藥大學,09191026,公共衛生學系,D 日,M 碩士,59,113
1035,中國醫藥大學,09199053,食品暨藥物安全碩士學位學程,D 日,M 碩士,5,113
1035,中國醫藥大學,09211045,護理學系跨領域長期照護碩士在職專班,N 職,M 碩士,28,113
1035,中國醫藥大學,10221038,職業安全與衛生學系,D 日,M 碩士,20,113
1035,中國醫藥大學,10221038,職業安全與衛生學系,N 職,M 碩士,21,113
1036,健行科技大學,04121009,財務金融系碩士班,D 日,M 碩士,24,113
1036,健行科技大學,04131004,企業管理系碩士班,D 日,M 碩士,77,113
1036,健行科技大學,04131004,企業管理系碩士在職專班,N 職,M 碩士,31,113
1036,健行科技大學,04131006,國際企業經營系碩士班,D 日,M 碩士,48,113
1036,健行科技大學,04131006,國際企業經營系碩士在職專班,N 職,M 碩士,3,113
1036,健行科技大學,06131014,資訊管理系碩士班,D 日,M 碩士,23,113
1036,健行科技大學,06131018,資訊工程系碩士班,D 日,M 碩士,25,113
1036,健行科技大學,07141016,電機工程系碩士班,D 日,M 碩士,28,113
1036,健行科技大學,07141017,電子工程系碩士班,D 日,M 碩士,14,113
1036,健行科技大學,07151020,機械工程系碩士班,D 日,M 碩士,15,113
1036,健行科技大學,07191011,工業管理系碩士班,D 日,M 碩士,43,113
1036,健行科技大學,07321021,土木工程系空間資訊與防災科技碩士班,D 日,M 碩士,27,113
1037,正修科技大學,02122042,視覺傳達設計系文創設計與藝術保存碩士班,D 日,M 碩士,18,113
1037,正修科技大學,04121008,金融管理系碩士班,D 日,M 碩士,13,113
1037,正修科技大學,04131005,企業管理系,D 日,M 碩士,17,113
1037,正修科技大學,04131005,企業管理系,N 職,M 碩士,115,113
1037,正修科技大學,06131010,資訊管理系碩士班,D 日,M 碩士,16,113
1037,正修科技大學,06131010,資訊管理系,N 職,M 碩士,49,113
1037,正修科技大學,07121044,環境毒物與新興污染物研究所,D 日,M 碩士,24,113
1037,正修科技大學,07141011,電機工程系,D 日,M 碩士,25,113
1037,正修科技大學,07141012,電子工程系碩士班,D 日,M 碩士,13,113
1037,正修科技大學,07141013,資訊工程系碩士班,D 日,M 碩士,23,113
1037,正修科技大學,07151015,機械工程系機電工程碩士班,D 日,M 碩士,23,113
1037,正修科技大學,07191018,工業工程與管理系,D 日,M 碩士,61,113
1037,正修科技大學,07321016,土木與空間資訊系,D 日,M 碩士,22,113
1037,正修科技大學,09221021,幼兒保育系碩士班,D 日,M 碩士,22,113
1037,正修科技大學,10121026,化妝品與時尚彩妝系碩士班,D 日,M 碩士,23,113
1037,正修科技大學,10152025,休閒與運動管理系,D 日,M 碩士,29,113
1037,正修科技大學,10152025,休閒與運動管理系碩士在職專班,N 職,M 碩士,64,113
1038,萬能科技大學,04131005,經營管理研究所,D 日,M 碩士,59,113
1038,萬能科技大學,04131005,經營管理研究所,N 職,M 碩士,86,113
1038,萬能科技大學,06131015,資訊管理系碩士班,D 日,M 碩士,20,113
1038,萬能科技大學,06131015,資訊管理系碩士在職專班,N 職,M 碩士,20,113
1038,萬能科技大學,07121034,環境工程系,D 日,M 碩士,1,113
1038,萬能科技大學,07141020,電資研究所,D 日,M 碩士,18,113
1038,萬能科技大學,07191047,精密機械與工業工程系工業工程碩士班,D 日,M 碩士,19,113
1038,萬能科技大學,07321046,室內設計與營建科技系碩士班,D 日,M 碩士,32,113
1038,萬能科技大學,10121041,化妝品應用與管理系碩士班,D 日,M 碩士,29,113
1038,萬能科技大學,10121041,化妝品應用與管理系碩士在職專班,N 職,M 碩士,47,113
1039,玄奘大學,02199044,藝術設計學院碩士班,D 日,M 碩士,27,113
1039,玄奘大學,02211010,宗教與文化學系,D 日,M 碩士,27,113
1039,玄奘大學,02211010,宗教與文化學系,N 職,M 碩士,21,113
1039,玄奘大學,03131016,應用心理學系,D 日,M 碩士,116,113
1039,玄奘大學,03131016,應用心理學系,N 職,M 碩士,106,113
1039,玄奘大學,03211018,大眾傳播學系,D 日,M 碩士,25,113
1039,玄奘大學,03211023,傳播學院碩士班,D 日,M 碩士,9,113
1039,玄奘大學,04131024,企業管理學系,D 日,M 碩士,1,113
1039,玄奘大學,04211032,法律學系,D 日,M 碩士,27,113
1039,玄奘大學,09231036,社會工作學系,D 日,M 碩士,30,113
1039,玄奘大學,09231036,社會工作學系,N 職,M 碩士,31,113
1040,建國科技大學,02124007,空間設計系創意生活應用設計碩士班,D 日,M 碩士,1,113
1040,建國科技大學,04131009,國際企業管理系服務與科技管理碩士班,D 日,M 碩士,22,113
1040,建國科技大學,07141013,電機工程研究所,D 日,M 碩士,8,113
1040,建國科技大學,07141020,機電光系統研究所,D 日,M 碩士,1,113
1040,建國科技大學,07151019,製造科技研究所,D 日,M 碩士,9,113
1040,建國科技大學,07321022,土木與防災研究所,D 日,M 碩士,14,113
1040,建國科技大學,10121028,美容科技研究所,D 日,M 碩士,27,113
1041,明志科技大學,02112003,視覺傳達設計系碩士班,D 日,M 碩士,22,113
1041,明志科技大學,02123004,工業設計系碩士班,D 日,M 碩士,22,113
1041,明志科技大學,04131005,經營管理系碩士班,D 日,M 碩士,36,113
1041,明志科技大學,04131030,國際企業管理碩士學位學程(IMBA),D 日,M 碩士,36,113
1041,明志科技大學,07111018,化學工程系,D 日,M 碩士,90,113
1041,明志科技大學,07112022,材料工程系碩士班,D 日,M 碩士,81,113
1041,明志科技大學,07121025,環境與安全衛生工程系環境工程碩士班,D 日,M 碩士,45,113
1041,明志科技大學,07141010,電機工程系碩士班,D 日,M 碩士,55,113
1041,明志科技大學,07141011,電子工程系碩士班,D 日,M 碩士,63,113
1041,明志科技大學,07151014,機械工程系機械與機電工程碩士班,D 日,M 碩士,64,113
1041,明志科技大學,07191024,工業工程與管理系碩士班,D 日,M 碩士,34,113
1041,明志科技大學,07191024,工業工程與管理系碩士在職專班,N 職,M 碩士,21,113
1042,台鋼科技大學,04131045,數位經營管理系經營管理碩士班,D 日,M 碩士,4,113
1042,台鋼科技大學,04131045,數位經營管理系經營管理碩士在職專班,N 職,M 碩士,8,113
1042,台鋼科技大學,06134015,資訊科技應用系碩士班,D 日,M 碩士,4,113
1042,台鋼科技大學,06134015,資訊科技應用系碩士在職專班,N 職,M 碩士,0,113
1042,台鋼科技大學,07141018,電機工程系碩士在職專班,N 職,M 碩士,1,113
1042,台鋼科技大學,07151022,機械與自動化工程系,D 日,M 碩士,5,113
1042,台鋼科技大學,07151022,機械與自動化工程系機電科技碩士在職專班,N 職,M 碩士,27,113
1042,台鋼科技大學,07311033,建築系碩士班,D 日,M 碩士,10,113
1042,台鋼科技大學,07321024,土木工程系碩士在職專班,N 職,M 碩士,0,113
1042,台鋼科技大學,10121005,香妝與養生保健系碩士班,D 日,M 碩士,4,113
1043,大仁科技大學,03141046,多媒體設計系文創碩士在職專班,N 職,M 碩士,48,113
1043,大仁科技大學,07121014,環境與職業安全衛生系環境管理碩士班,D 日,M 碩士,5,113
1043,大仁科技大學,07121014,環境與職業安全衛生系環境管理碩士在職專班,N 職,M 碩士,27,113
1043,大仁科技大學,09161015,藥學系碩士班,D 日,M 碩士,4,113
1043,大仁科技大學,09161015,藥學系碩士在職專班,N 職,M 碩士,29,113
1043,大仁科技大學,09231018,社會工作系碩士班,D 日,M 碩士,38,113
1043,大仁科技大學,10152024,休閒運動管理系休閒事業管理碩士班,D 日,M 碩士,19,113
1043,大仁科技大學,10152024,休閒運動管理系休閒事業管理碩士在職專班,N 職,M 碩士,44,113
1044,聖約翰科技大學,04131005,企業管理系碩士班,D 日,M 碩士,3,113
1044,聖約翰科技大學,06111014,資訊工程系碩士班,D 日,M 碩士,3,113
1044,聖約翰科技大學,07141012,電機工程系碩士班,D 日,M 碩士,1,113
1044,聖約翰科技大學,07141012,電機工程系碩士在職專班,N 職,M 碩士,49,113
1044,聖約翰科技大學,07151031,機械與車輛工程系碩士班,D 日,M 碩士,5,113
1044,聖約翰科技大學,07151031,機械與車輛工程系碩士在職專班,N 職,M 碩士,3,113
1044,聖約翰科技大學,07191028,工業管理系碩士班,D 日,M 碩士,4,113
1044,聖約翰科技大學,07191028,工業管理系,N 職,M 碩士,5,113
1045,嶺東科技大學,02112003,視覺傳達設計系碩士班,D 日,M 碩士,18,113
1045,嶺東科技大學,02112005,數位媒體設計系碩士班,D 日,M 碩士,22,113
1045,嶺東科技大學,02122002,流行設計系碩士班,D 日,M 碩士,32,113
1045,嶺東科技大學,02123008,創意產品設計系碩士班,D 日,M 碩士,13,113
1045,嶺東科技大學,04111010,會計資訊系碩士班,D 日,M 碩士,12,113
1045,嶺東科技大學,04121017,財務金融系碩士班,D 日,M 碩士,39,113
1045,嶺東科技大學,04121017,財務金融系碩士在職專班,N 職,M 碩士,19,113
1045,嶺東科技大學,04131013,企業管理系碩士班,D 日,M 碩士,19,113
1045,嶺東科技大學,04131013,企業管理系,N 職,M 碩士,137,113
1045,嶺東科技大學,04131015,國際企業系碩士班,D 日,M 碩士,12,113
1045,嶺東科技大學,04131015,國際企業系碩士在職專班,N 職,M 碩士,21,113
1045,嶺東科技大學,04143024,行銷與流通管理系碩士班,D 日,M 碩士,18,113
1045,嶺東科技大學,04212029,財經法律研究所,D 日,M 碩士,0,113
1045,嶺東科技大學,06131030,資訊科技系碩士班,D 日,M 碩士,32,113
1045,嶺東科技大學,06131031,資訊管理系碩士班,D 日,M 碩士,10,113
1045,嶺東科技大學,10151036,觀光與休閒管理系碩士班,D 日,M 碩士,22,113
1046,中國科技大學,02112003,視覺傳達設計系碩士班,D 日,M 碩士,20,113
1046,中國科技大學,02124005,室內設計系碩士班,D 日,M 碩士,30,113
1046,中國科技大學,04131010,企業管理系碩士班,D 日,M 碩士,38,113
1046,中國科技大學,04131010,企業管理系,N 職,M 碩士,42,113
1046,中國科技大學,06131021,資訊工程系資訊科技應用碩士在職專班,N 職,M 碩士,22,113
1046,中國科技大學,07311026,建築系碩士班,D 日,M 碩士,27,113
1046,中國科技大學,07321030,土木與防災系碩士班,D 日,M 碩士,19,113
1047,中臺科技大學,01111009,文教事業經營研究所,D 日,M 碩士,28,113
1047,中臺科技大學,01111009,文教事業經營研究所,N 職,M 碩士,96,113
1047,中臺科技大學,07121013,環境與安全衛生工程系碩士班,D 日,M 碩士,24,113
1047,中臺科技大學,07211017,食品科技系碩士班,D 日,M 碩士,7,113
1047,中臺科技大學,09111033,牙體技術暨材料系碩士班,D 日,M 碩士,8,113
1047,中臺科技大學,09131020,護理系碩士班,D 日,M 碩士,34,113
1047,中臺科技大學,09131020,護理系碩士在職專班,N 職,M 碩士,96,113
1047,中臺科技大學,09141028,醫學檢驗生物技術系碩士班,D 日,M 碩士,13,113
1047,中臺科技大學,09141029,醫學影像暨放射科學系碩士班,D 日,M 碩士,17,113
1047,中臺科技大學,09191008,醫療暨健康產業管理系碩士班,D 日,M 碩士,12,113
1047,中臺科技大學,09191008,醫療暨健康產業管理系碩士在職專班,N 職,M 碩士,43,113
1047,中臺科技大學,09212024,長期照顧碩士在職學位學程,N 職,M 碩士,51,113
1048,亞洲大學,01121001,幼兒教育學系,D 日,M 碩士,26,113
1048,亞洲大學,01121001,幼兒教育學系,N 職,M 碩士,6,113
1048,亞洲大學,02112006,視覺傳達設計學系,D 日,M 碩士,0,113
1048,亞洲大學,02112007,數位媒體設計學系,D 日,M 碩士,37,113
1048,亞洲大學,02123011,創意商品設計學系,D 日,M 碩士,9,113
1048,亞洲大學,02124012,室內設計學系,D 日,M 碩士,14,113
1048,亞洲大學,02311002,外國語文學系,D 日,M 碩士,14,113
1048,亞洲大學,03131013,心理學系,D 日,M 碩士,148,113
1048,亞洲大學,03131013,心理學系,N 職,M 碩士,38,113
1048,亞洲大學,03213014,資訊傳播學系,D 日,M 碩士,13,113
1048,亞洲大學,04111015,會計與資訊學系,D 日,M 碩士,18,113
1048,亞洲大學,04121019,財務金融學系,D 日,M 碩士,16,113
1048,亞洲大學,04121019,財務金融學系,N 職,M 碩士,30,113
1048,亞洲大學,04131017,經營管理學系,D 日,M 碩士,76,113
1048,亞洲大學,04131017,經營管理學系,N 職,M 碩士,89,113
1048,亞洲大學,04131055,EMBA高階經理碩士在職學位學程,N 職,M 碩士,12,113
1048,亞洲大學,04212027,財經法律學系,D 日,M 碩士,25,113
1048,亞洲大學,05191053,食品營養與保健生技學系,D 日,M 碩士,12,113
1048,亞洲大學,05191053,食品營養與保健生技學系,N 職,M 碩士,16,113
1048,亞洲大學,06134033,行動商務與多媒體應用學系,D 日,M 碩士,7,113
1048,亞洲大學,06134037,資訊工程學系,D 日,M 碩士,37,113
1048,亞洲大學,06134037,資訊工程學系,N 職,M 碩士,15,113
1048,亞洲大學,07193029,生物資訊與醫學工程學系,D 日,M 碩士,12,113
1048,亞洲大學,07193029,生物資訊與醫學工程學系,N 職,M 碩士,38,113
1048,亞洲大學,09131046,護理學系,D 日,M 碩士,30,113
1048,亞洲大學,09131046,護理學系,N 職,M 碩士,62,113
1048,亞洲大學,09141060,醫學檢驗暨生物技術學系,D 日,M 碩士,9,113
1048,亞洲大學,09153051,聽力暨語言治療學系,D 日,M 碩士,39,113
1048,亞洲大學,09211021,健康產業管理學系,D 日,M 碩士,32,113
1048,亞洲大學,09211021,健康產業管理學系,N 職,M 碩士,44,113
1048,亞洲大學,09231048,社會工作學系,D 日,M 碩士,50,113
1048,亞洲大學,10151049,休閒與遊憩管理學系,D 日,M 碩士,0,113
1048,亞洲大學,10151049,休閒與遊憩管理學系,N 職,M 碩士,0,113
1049,開南大學,02311006,應用英語學系,D 日,M 碩士,3,113
1049,開南大學,02311008,應用日語學系,D 日,M 碩士,3,113
1049,開南大學,02311064,人文社會學院應用語言碩士班,D 日,M 碩士,32,113
1049,開南大學,02323004,應用華語學系,D 日,M 碩士,3,113
1049,開南大學,04131016,國際企業學系,D 日,M 碩士,23,113
1049,開南大學,04131016,國際企業學系,N 職,M 碩士,23,113
1049,開南大學,04131018,商學院企業管理碩士班,D 日,M 碩士,1,113
1049,開南大學,04131063,商學院經營管理碩士在職專班,N 職,M 碩士,69,113
1049,開南大學,04134010,人文社會學院公共管理碩士在職專班,N 職,M 碩士,39,113
1049,開南大學,04134012,公共事務管理學系,D 日,M 碩士,5,113
1049,開南大學,04134013,人文社會學院公共事務碩士班,D 日,M 碩士,17,113
1049,開南大學,04211011,法律學系,D 日,M 碩士,17,113
1049,開南大學,04211011,法律學系,N 職,M 碩士,73,113
1049,開南大學,06131032,資訊管理學系,D 日,M 碩士,22,113
1049,開南大學,06133036,資訊學院,N 職,M 碩士,42,113
1049,開南大學,09171057,健康照護管理學院健康照護技術碩士班,D 日,M 碩士,24,113
1049,開南大學,10199041,觀光運輸學院碩士班,D 日,M 碩士,42,113
1049,開南大學,10199041,觀光運輸學院,N 職,M 碩士,101,113
1050,佛光大學,02123018,產品與媒體設計學系,D 日,M 碩士,4,113
1050,佛光大學,02211009,宗教學研究所,D 日,M 碩士,20,113
1050,佛光大學,02211010,佛教學系,D 日,M 碩士,88,113
1050,佛光大學,02221011,歷史學系,D 日,M 碩士,7,113
1050,佛光大學,02299015,文化資產與創意學系,D 日,M 碩士,11,113
1050,佛光大學,02299038,人文學院碩士班,D 日,M 碩士,21,113
1050,佛光大學,02299039,創意與科技學院碩士班,D 日,M 碩士,47,113
1050,佛光大學,02311007,外國語文學系,D 日,M 碩士,5,113
1050,佛光大學,02322006,中國文學與應用學系,D 日,M 碩士,7,113
1050,佛光大學,02322006,中國文學與應用學系,N 職,M 碩士,5,113
1050,佛光大學,03111020,應用經濟學系,D 日,M 碩士,20,113
1050,佛光大學,03111020,應用經濟學系,N 職,M 碩士,25,113
1050,佛光大學,03131024,心理學系,D 日,M 碩士,61,113
1050,佛光大學,03141023,未來與樂活產業學系,D 日,M 碩士,0,113
1050,佛光大學,03141037,樂活產業學院,D 日,M 碩士,58,113
1050,佛光大學,03141041,樂活產業學系,D 日,M 碩士,3,113
1050,佛光大學,03211028,傳播學系,D 日,M 碩士,10,113
1050,佛光大學,04131030,管理學系,D 日,M 碩士,45,113
1050,佛光大學,04131030,管理學系,N 職,M 碩士,58,113
1050,佛光大學,04134025,公共事務學系,D 日,M 碩士,12,113
1050,佛光大學,04134025,公共事務學系,N 職,M 碩士,21,113
1050,佛光大學,06134032,資訊應用學系,D 日,M 碩士,6,113
1050,佛光大學,06134032,資訊應用學系,N 職,M 碩士,2,113
1050,佛光大學,09231035,社會學暨社會工作學系,D 日,M 碩士,28,113
1051,台南應用科技大學,02112012,視覺傳達設計系創新應用設計碩士班,D 日,M 碩士,16,113
1051,台南應用科技大學,02112012,視覺傳達設計系創新應用設計碩士班(碩士在職專班),N 職,M 碩士,1,113
1051,台南應用科技大學,02124015,室內設計系碩士班,D 日,M 碩士,13,113
1051,台南應用科技大學,02131001,美術系碩士班,D 日,M 碩士,53,113
1051,台南應用科技大學,02131001,美術系碩士在職專班,N 職,M 碩士,19,113
1051,台南應用科技大學,02151003,音樂系碩士班,D 日,M 碩士,7,113
1051,台南應用科技大學,02151003,音樂系碩士在職專班,N 職,M 碩士,18,113
1051,台南應用科技大學,04141023,國際企業經營系碩士班,D 日,M 碩士,10,113
1051,台南應用科技大學,04141023,國際企業經營系碩士在職專班,N 職,M 碩士,16,113
1051,台南應用科技大學,10111038,生活服務產業系生活應用科學碩士班,D 日,M 碩士,21,113
1051,台南應用科技大學,10111038,生活服務產業系生活應用科學碩士在職專班,N 職,M 碩士,45,113
1052,中信科技大學,04132011,行銷與流通管理系,D 日,M 碩士,126,113
1052,中信科技大學,07141017,電機工程系碩士班,D 日,M 碩士,19,113
1052,中信科技大學,07151022,機械工程系碩士班,D 日,M 碩士,17,113
1052,中信科技大學,07151022,機械工程系碩士在職專班,N 職,M 碩士,31,113
1052,中信科技大學,10131031,餐飲管理系餐飲經營與安全管理碩士班,D 日,M 碩士,29,113
1052,中信科技大學,10152033,休閒運動管理碩士學位學程,D 日,M 碩士,30,113
1053,元培醫事科技大學,02122044,茶陶文創碩士學位學程,D 日,M 碩士,13,113
1053,元培醫事科技大學,04131003,企業管理系碩士班,D 日,M 碩士,23,113
1053,元培醫事科技大學,04133007,醫務管理系碩士班,D 日,M 碩士,44,113
1053,元培醫事科技大學,04133007,醫務管理系碩士在職專班,N 職,M 碩士,34,113
1053,元培醫事科技大學,06134012,資訊管理系數位創新管理碩士班,D 日,M 碩士,23,113
1053,元培醫事科技大學,07121015,環境工程衛生系碩士班,D 日,M 碩士,19,113
1053,元培醫事科技大學,07193016,生物醫學工程系福祉科技與醫學工程碩士班,D 日,M 碩士,1,113
1053,元培醫事科技大學,07211019,食品科學系碩士班,D 日,M 碩士,16,113
1053,元培醫事科技大學,09131022,護理系碩士班,D 日,M 碩士,21,113
1053,元培醫事科技大學,09141027,醫學檢驗生物技術系碩士班,D 日,M 碩士,8,113
1053,元培醫事科技大學,09141030,醫學影像暨放射技術系碩士班,D 日,M 碩士,11,113
1053,元培醫事科技大學,09141030,醫學影像暨放射技術系碩士在職專班,N 職,M 碩士,0,113
1053,元培醫事科技大學,09161034,生物科技暨製藥技術系碩士班,D 日,M 碩士,7,113
1054,景文科技大學,02112005,視覺傳達設計系數位文創設計碩士班,D 日,M 碩士,1,113
1054,景文科技大學,06199032,資訊與通訊系碩士在職專班,N 職,M 碩士,25,113
1054,景文科技大學,10151023,旅遊管理系觀光與餐旅管理碩士在職專班,N 職,M 碩士,26,113
1055,中華醫事科技大學,07199015,製藥工程系生物醫學碩士班,D 日,M 碩士,32,113
1055,中華醫事科技大學,09141021,醫學檢驗生物技術系碩士班,D 日,M 碩士,18,113
1055,中華醫事科技大學,09141022,視光系碩士班,D 日,M 碩士,21,113
1055,中華醫事科技大學,10221013,職業安全衛生系碩士班,D 日,M 碩士,16,113
1055,中華醫事科技大學,10221013,職業安全衛生系碩士在職專班,N 職,M 碩士,27,113
1056,東南科技大學,04131047,產業經營管理研究所,D 日,M 碩士,103,113
1056,東南科技大學,07141011,電機工程系碩士班,D 日,M 碩士,2,113
1056,東南科技大學,07151013,機械工程系碩士班,D 日,M 碩士,19,113
1056,東南科技大學,07151013,機械工程系碩士在職專班,N 職,M 碩士,16,113
1056,東南科技大學,07321015,營建與空間設計系營建科技與防災碩士班,D 日,M 碩士,0,113
1056,東南科技大學,07321015,營建與空間設計系營建科技與防災碩士在職專班,N 職,M 碩士,0,113
1056,東南科技大學,07321035,營建科技與防災研究所,D 日,M 碩士,30,113
1056,東南科技大學,07321035,營建科技與防災研究所,N 職,M 碩士,49,113
1057,德明財經科技大學,04121008,財務金融系理財與稅務管理碩士班,D 日,M 碩士,46,113
1057,德明財經科技大學,04143013,行銷管理系碩士在職專班,N 職,M 碩士,29,113
1058,明道大學,01199045,教育藝術與療癒研究所,D 日,M 碩士,0,113
1058,明道大學,01199045,教育藝術與療癒研究所,N 職,M 碩士,0,113
1058,明道大學,02122008,人文設計學院設計及規劃碩士班,D 日,M 碩士,0,113
1058,明道大學,02299043,中華文化與傳播學系,D 日,M 碩士,0,113
1058,明道大學,04131013,企業管理學系,D 日,M 碩士,0,113
1058,明道大學,04131019,商管學院企業高階管理碩士班EMBA,N 職,M 碩士,0,113
1058,明道大學,07112046,智慧能源工程學系應用材料碩士班,D 日,M 碩士,0,113
1058,明道大學,08111047,智慧暨精緻農業學系,D 日,M 碩士,0,113
1058,明道大學,10131039,餐旅管理學系,D 日,M 碩士,0,113
1058,明道大學,10152040,休閒保健學系,D 日,M 碩士,0,113
1060,南開科技大學,07161037,車輛工程系車輛與機電產業碩士班,D 日,M 碩士,12,113
1060,南開科技大學,09211035,長期照顧與管理系福祉科技與服務管理碩士班,D 日,M 碩士,31,113
1060,南開科技大學,09211035,長期照顧與管理系福祉科技與服務管理碩士在職專班,N 職,M 碩士,46,113
1060,南開科技大學,10131033,休閒事業管理系碩士班,D 日,M 碩士,21,113
1061,中華科技大學,04131003,企業管理系經營管理碩士班,D 日,M 碩士,0,113
1061,中華科技大學,04191039,企業資訊與管理系經營管理碩士班,D 日,M 碩士,54,113
1061,中華科技大學,05121010,生物科技系,D 日,M 碩士,20,113
1061,中華科技大學,05121010,生物科技系健康科技碩士在職專班,N 職,M 碩士,19,113
1061,中華科技大學,07141038,電機與資訊工程系碩士班,D 日,M 碩士,23,113
1061,中華科技大學,07151017,機械工程系機電光碩士班,D 日,M 碩士,15,113
1061,中華科技大學,07151017,機械工程系機電光碩士在職專班,N 職,M 碩士,10,113
1061,中華科技大學,07162019,航空機械系飛機系統工程碩士班,D 日,M 碩士,9,113
1061,中華科技大學,07162019,航空機械系,N 職,M 碩士,21,113
1061,中華科技大學,07311025,建築系,D 日,M 碩士,52,113
1061,中華科技大學,07311025,建築系,N 職,M 碩士,17,113
1061,中華科技大學,07321021,土木工程系土木防災與管理碩士班,D 日,M 碩士,1,113
1061,中華科技大學,07321021,土木工程系土木防災與管理碩士班,N 職,M 碩士,1,113
1061,中華科技大學,10413033,航空服務管理系航空運輸管理碩士班,D 日,M 碩士,9,113
1061,中華科技大學,10413033,航空服務管理系航空運輸管理碩士在職專班,N 職,M 碩士,10,113
1062,僑光科技大學,04121013,財務金融系碩士班,D 日,M 碩士,30,113
1062,僑光科技大學,04131009,企業管理系碩士班,D 日,M 碩士,11,113
1062,僑光科技大學,04131009,企業管理系碩士在職專班,N 職,M 碩士,89,113
1062,僑光科技大學,06131019,資訊科技系碩士班,D 日,M 碩士,24,113
1063,育達科技大學,04143022,行銷與流通管理系碩士班,D 日,M 碩士,23,113
1063,育達科技大學,04143022,行銷與流通管理系,N 職,M 碩士,31,113
1063,育達科技大學,06131024,資訊管理系碩士班,D 日,M 碩士,46,113
1063,育達科技大學,06131024,資訊管理系,N 職,M 碩士,51,113
1063,育達科技大學,10151031,休閒事業管理系_現役軍人營區在職專班,N 職,M 碩士,3,113
1063,育達科技大學,10151038,觀光休閒管理系碩士班,D 日,M 碩士,48,113
1063,育達科技大學,10151038,觀光休閒管理系碩士在職專班,N 職,M 碩士,66,113
1064,美和科技大學,04131004,企業管理系經營管理碩士班,D 日,M 碩士,0,113
1064,美和科技大學,04131004,企業管理系經營管理碩士在職專班,N 職,M 碩士,60,113
1064,美和科技大學,05121008,生物科技系健康產業碩士班,D 日,M 碩士,0,113
1064,美和科技大學,09131013,護理系健康照護碩士班,D 日,M 碩士,24,113
1064,美和科技大學,09131013,護理系,N 職,M 碩士,64,113
1064,美和科技大學,09211034,跨專業長期照護碩士學位學程,D 日,M 碩士,24,113
1064,美和科技大學,09231016,社會工作系碩士班,D 日,M 碩士,93,113
1064,美和科技大學,10152032,運動與休閒管理系碩士班,D 日,M 碩士,34,113
1065,吳鳳科技大學,02112005,應用數位媒體系碩士在職專班,N 職,M 碩士,0,113
1065,吳鳳科技大學,06134035,數位科技與媒體設計系碩士在職專班,N 職,M 碩士,39,113
1065,吳鳳科技大學,07141016,電機工程系光機電暨材料碩士班,D 日,M 碩士,15,113
1065,吳鳳科技大學,10131024,餐旅管理系餐旅管理與餐飲安全碩士班,D 日,M 碩士,22,113
1065,吳鳳科技大學,10321029,消防系碩士在職專班,N 職,M 碩士,25,113
1066,環球科技大學,02112003,視覺傳達設計系文化創意設計碩士班,D 日,M 碩士,0,113
1066,環球科技大學,04131011,企業管理系中小企業經營策略管理碩士班,D 日,M 碩士,0,113
1066,環球科技大學,04134006,公共事務管理研究所,N 職,M 碩士,0,113
1066,環球科技大學,05211030,觀光與生態旅遊系環境資源管理碩士班,D 日,M 碩士,0,113
1066,環球科技大學,07211024,生物技術系碩士班,D 日,M 碩士,0,113
1069,修平科技大學,04199015,人力資源管理與發展系碩士班,D 日,M 碩士,56,113
1069,修平科技大學,07141019,電機工程系碩士班,D 日,M 碩士,13,113
1069,修平科技大學,07151021,機械工程系精密機械與製造科技碩士班,D 日,M 碩士,9,113
1069,修平科技大學,07191026,工業工程與管理系精實生產管理碩士班,D 日,M 碩士,11,113
1069,修平科技大學,07191026,工業工程與管理系,N 職,M 碩士,40,113
1070,長庚科技大學,05121001,健康產業科技研究所,D 日,M 碩士,21,113
1070,長庚科技大學,09131004,護理系碩士班,D 日,M 碩士,33,113
1070,長庚科技大學,09131004,護理系碩士在職專班,N 職,M 碩士,152,113
1070,長庚科技大學,09131010,高齡暨健康照護管理系碩士班,D 日,M 碩士,43,113
1070,長庚科技大學,09221008,幼兒保育系碩士班,D 日,M 碩士,5,113
1071,臺北城市科技大學,04131007,企業管理系電子商務碩士班,D 日,M 碩士,26,113
1071,臺北城市科技大學,07151017,機械工程系機電整合碩士班,D 日,M 碩士,29,113
1071,臺北城市科技大學,10152027,休閒事業系碩士班,D 日,M 碩士,35,113
1073,醒吾科技大學,04132019,行銷與流通管理系碩士班,D 日,M 碩士,17,113
1073,醒吾科技大學,04132019,行銷與流通管理系,N 職,M 碩士,30,113
1073,醒吾科技大學,06134023,資訊科技應用系碩士班,D 日,M 碩士,6,113
1073,醒吾科技大學,06134023,資訊科技應用系碩士在職專班,N 職,M 碩士,16,113
1073,醒吾科技大學,10151026,觀光休閒系碩士班,D 日,M 碩士,18,113
1075,文藻外語大學,01131002,外語教學系外語文教事業發展碩士在職專班,N 職,M 碩士,25,113
1075,文藻外語大學,02199018,傳播藝術系創意藝術產業碩士在職專班,N 職,M 碩士,26,113
1075,文藻外語大學,02311005,外語文教事業發展研究所,D 日,M 碩士,3,113
1075,文藻外語大學,02311007,英國語文系碩士班,D 日,M 碩士,34,113
1075,文藻外語大學,02311009,法國語文系歐洲研究碩士班,D 日,M 碩士,16,113
1075,文藻外語大學,02312013,翻譯系碩士班,D 日,M 碩士,39,113
1075,文藻外語大學,02323004,應用華語文系華語文教學碩士班,D 日,M 碩士,59,113
1075,文藻外語大學,03122016,國際事務系碩士班,D 日,M 碩士,31,113
1075,文藻外語大學,03143015,歐洲研究所,D 日,M 碩士,0,113
1075,文藻外語大學,03191026,東南亞學系碩士班,D 日,M 碩士,20,113
1075,文藻外語大學,04131020,國際企業管理系碩士班,D 日,M 碩士,19,113
1075,文藻外語大學,04131020,國際企業管理系碩士班,N 職,M 碩士,1,113
1076,華夏科技大學,04199004,企業管理系資產與物業管理碩士班,D 日,M 碩士,5,113
1076,華夏科技大學,04199004,企業管理系資產與物業管理碩士在職專班,N 職,M 碩士,7,113
1076,華夏科技大學,04199005,資產與物業管理系_境外專班,N 職,M 碩士,0,113
1076,華夏科技大學,06131009,資訊管理系,N 職,M 碩士,10,113
1076,華夏科技大學,07141016,智慧型機器人研究所,D 日,M 碩士,5,113
1078,致理科技大學,04131014,企業管理系服務業經營管理碩士班,D 日,M 碩士,35,113
1078,致理科技大學,04131014,企業管理系服務業經營管理碩士在職專班,N 職,M 碩士,55,113
1078,致理科技大學,04141015,國際貿易系國際經營與數位貿易碩士班,D 日,M 碩士,30,113
1078,致理科技大學,06111023,商務智慧與創新研究所,D 日,M 碩士,13,113
1079,康寧大學,04131011,企業管理學系,N 職,M 碩士,2,113
1080,宏國德霖科技大學,04131006,企業管理系碩士班,D 日,M 碩士,34,113
1081,東方設計大學,02122014,流行商品設計系碩士班,D 日,M 碩士,0,113
1081,東方設計大學,02122018,文化創意設計研究所,D 日,M 碩士,0,113
1081,東方設計大學,02122018,文化創意設計研究所,N 職,M 碩士,0,113
1081,東方設計大學,02124017,室內設計系住居整合設計碩士班,D 日,M 碩士,0,113
1081,東方設計大學,02141002,美術工藝系碩士班,D 日,M 碩士,0,113
1081,東方設計大學,10121032,時尚美妝設計系碩士班,D 日,M 碩士,0,113
1082,崇右影藝科技大學,02191035,文化創意研究所,D 日,M 碩士,24,113
1083,台北海洋科技大學,07211030,食品健康科技系碩士班,D 日,M 碩士,3,113
1083,台北海洋科技大學,10151032,海洋休閒觀光管理系碩士班,D 日,M 碩士,0,113
1083,台北海洋科技大學,10151039,海洋運動休閒與觀光管理系碩士班,D 日,M 碩士,59,113
1083,台北海洋科技大學,10412033,海空物流與行銷管理系碩士班,D 日,M 碩士,0,113
1083,台北海洋科技大學,10412038,航海與航運管理系碩士班,D 日,M 碩士,46,113
1084,亞東科技大學,04132003,行銷與流通管理系碩士班,D 日,M 碩士,17,113
1084,亞東科技大學,07141012,通訊工程系碩士班,D 日,M 碩士,27,113
1084,亞東科技大學,07192019,材料與纖維系_纖維與材料應用產業研發碩士專班,D 日,M 碩士,1,113
1084,亞東科技大學,07192025,材料織品服裝系應用科技碩士班,D 日,M 碩士,11,113
1084,亞東科技大學,09131021,護理系碩士班,D 日,M 碩士,5,113
1125,中信金融管理學院,04121038,金融創新實務產業碩士專班,D 日,M 碩士,25,113
1125,中信金融管理學院,04131012,企業管理學系金融管理碩士班,D 日,M 碩士,49,113
1125,中信金融管理學院,04131012,企業管理學系金融管理碩士在職專班,N 職,M 碩士,49,113
1125,中信金融管理學院,04133037,智慧健康管理碩士學位學程,D 日,M 碩士,10,113
1125,中信金融管理學院,04212022,財經法律學系,D 日,M 碩士,23,113
1125,中信金融管理學院,06131034,科技金融研究所,D 日,M 碩士,27,113
1148,大漢技術學院,04131005,企業管理系流通與行銷管理碩士班,D 日,M 碩士,21,113
1148,大漢技術學院,07321019,土木工程與環境資源管理系碩士班,D 日,M 碩士,19,113
1183,黎明技術學院,07192031,織品技術管理研究所,D 日,M 碩士,24,113
1185,德育護理健康學院,04199001,健康產業管理研究所,D 日,M 碩士,13,113
1185,德育護理健康學院,04199001,健康產業管理研究所,N 職,M 碩士,60,113
1185,德育護理健康學院,09221011,幼兒保育系碩士班,D 日,M 碩士,24,113
1195,馬偕醫學院,05199001,生物醫學研究所,D 日,M 碩士,7,113
1195,馬偕醫學院,07193006,高齡福祉科技研究所,D 日,M 碩士,20,113
1195,馬偕醫學院,09131004,護理學系,D 日,M 碩士,12,113
1195,馬偕醫學院,09131005,長期照護研究所,D 日,M 碩士,22,113
1195,馬偕醫學院,09131005,長期照護研究所長期照護跨領域碩士在職專班,N 職,M 碩士,33,113
1195,馬偕醫學院,09153003,聽力暨語言治療學系,D 日,M 碩士,8,113
1196,法鼓文理學院,01199001,生命教育碩士學位學程,D 日,M 碩士,141,113
1196,法鼓文理學院,02211002,佛教學系,D 日,M 碩士,66,113
1196,法鼓文理學院,03191003,社會企業與創新碩士學位學程,D 日,M 碩士,35,113
1196,法鼓文理學院,04134006,社會企業與心靈環保碩士在職學位學程,N 職,M 碩士,32,113
1196,法鼓文理學院,05211005,環境與發展碩士學位學程,D 日,M 碩士,1,113
3002,臺北市立大學,01111001,教育學系,D 日,M 碩士,40,113
3002,臺北市立大學,01113029,特殊教育學系,D 日,M 碩士,121,113
3002,臺北市立大學,01113029,特殊教育學系,N 職,M 碩士,55,113
3002,臺北市立大學,01114035,教育行政與評鑑研究所,D 日,M 碩士,45,113
3002,臺北市立大學,01114035,教育行政與評鑑研究所,N 職,M 碩士,101,113
3002,臺北市立大學,01115036,學習與媒材設計學系課程與教學碩士班,D 日,M 碩士,42,113
3002,臺北市立大學,01115036,學習與媒材設計學系,N 職,M 碩士,102,113
3002,臺北市立大學,01121027,幼兒教育學系,D 日,M 碩士,83,113
3002,臺北市立大學,01121027,幼兒教育學系,N 職,M 碩士,95,113
3002,臺北市立大學,01131017,英語教學系,D 日,M 碩士,40,113
3002,臺北市立大學,01141025,體育學系,D 日,M 碩士,51,113
3002,臺北市立大學,01141025,體育學系,N 職,M 碩士,128,113
3002,臺北市立大學,01141026,運動教育研究所,D 日,M 碩士,42,113
3002,臺北市立大學,01141026,運動教育研究所,N 職,M 碩士,41,113
3002,臺北市立大學,01141030,身心障礙者轉銜及休閒教育碩士學位學程,D 日,M 碩士,48,113
3002,臺北市立大學,02111040,視覺藝術學系,D 日,M 碩士,94,113
3002,臺北市立大學,02111040,視覺藝術學系,N 職,M 碩士,95,113
3002,臺北市立大學,02151037,音樂學系,D 日,M 碩士,70,113
3002,臺北市立大學,02151037,音樂學系,N 職,M 碩士,79,113
3002,臺北市立大學,02152039,舞蹈學系,D 日,M 碩士,51,113
3002,臺北市立大學,02221019,歷史與地理學系,D 日,M 碩士,60,113
3002,臺北市立大學,02221019,歷史與地理學系社會科教學碩士學位班,N 職,M 碩士,68,113
3002,臺北市立大學,02322043,中國語文學系,D 日,M 碩士,35,113
3002,臺北市立大學,02322043,中國語文學系,N 職,M 碩士,85,113
3002,臺北市立大學,02323007,華語文教學碩士學位學程,D 日,M 碩士,35,113
3002,臺北市立大學,03131055,心理與諮商學系,D 日,M 碩士,86,113
3002,臺北市立大學,03131055,心理與諮商學系心理與諮商教學碩士學位班,N 職,M 碩士,30,113
3002,臺北市立大學,04134056,社會暨公共事務學系公共事務學碩士班,D 日,M 碩士,26,113
3002,臺北市立大學,04134056,社會暨公共事務學系,N 職,M 碩士,66,113
3002,臺北市立大學,04143045,都會產業經營與行銷學系,D 日,M 碩士,17,113
3002,臺北市立大學,05211023,地球環境暨生物資源學系環境教育與資源碩士班,D 日,M 碩士,45,113
3002,臺北市立大學,05211023,地球環境暨生物資源學系環境教育碩士在職專班,N 職,M 碩士,60,113
3002,臺北市立大學,05399011,應用物理暨化學系應用科學碩士班,D 日,M 碩士,8,113
3002,臺北市立大學,05399011,應用物理暨化學系應用科學碩士在職專班,N 職,M 碩士,4,113
3002,臺北市立大學,05411012,數學系數據科學與數學教育碩士班,D 日,M 碩士,18,113
3002,臺北市立大學,05411012,數學系數據科學與數學教育碩士在職專班,N 職,M 碩士,52,113
3002,臺北市立大學,06131016,資訊科學系,D 日,M 碩士,46,113
3002,臺北市立大學,06131016,資訊科學系,N 職,M 碩士,82,113
3002,臺北市立大學,07313058,城市發展學系,D 日,M 碩士,20,113
3002,臺北市立大學,09191059,衛生福利學系,D 日,M 碩士,18,113
3002,臺北市立大學,10141053,運動科學研究所,D 日,M 碩士,24,113
3002,臺北市立大學,10141053,運動科學研究所,N 職,M 碩士,37,113
3002,臺北市立大學,10141054,競技運動訓練研究所,D 日,M 碩士,61,113
3002,臺北市立大學,10141054,競技運動訓練研究所,N 職,M 碩士,51,113
3002,臺北市立大學,10142051,運動器材科技研究所,D 日,M 碩士,56,113
3002,臺北市立大學,10142051,運動器材科技研究所,N 職,M 碩士,0,113
3002,臺北市立大學,10142052,運動健康科學系,D 日,M 碩士,35,113
3002,臺北市立大學,10152050,休閒運動管理學系,D 日,M 碩士,41,113
3002,臺北市立大學,10152050,休閒運動管理學系,N 職,M 碩士,55,113
