學年度,學校代碼,學校名稱,科系代碼,科系名稱,日間∕進修別,等級別,學生數,教師數,上學年度畢業生數,縣市名稱,體系別
113,0001,國立政治大學,01111001,教育學系,D 日,D 博士,94,0,22,30 臺北市,1 一般
113,0001,國立政治大學,01111001,教育學系,D 日,M 碩士,34,0,13,30 臺北市,1 一般
113,0001,國立政治大學,01111001,教育學系,D 日,B 學士,221,10,34,30 臺北市,1 一般
113,0001,國立政治大學,01114005,教育行政與政策研究所,D 日,M 碩士,40,1,15,30 臺北市,1 一般
113,0001,國立政治大學,01114006,學校行政碩士在職專班,N 職,M 碩士,87,0,18,30 臺北市,1 一般
113,0001,國立政治大學,01121004,幼兒教育研究所,D 日,M 碩士,28,1,14,30 臺北市,1 一般
113,0001,國立政治大學,01199Y03,教育學院,D 日,,0,9,0,30 臺北市,1 一般
113,0001,國立政治大學,02211019,宗教研究所,D 日,D 博士,23,0,4,30 臺北市,1 一般
113,0001,國立政治大學,02211019,宗教研究所,D 日,M 碩士,30,7,3,30 臺北市,1 一般
113,0001,國立政治大學,02221020,歷史學系,D 日,D 博士,25,0,3,30 臺北市,1 一般
113,0001,國立政治大學,02221020,歷史學系,D 日,M 碩士,49,0,12,30 臺北市,1 一般
113,0001,國立政治大學,02221020,歷史學系,D 日,B 學士,179,15,25,30 臺北市,1 一般
113,0001,國立政治大學,02221021,台灣史研究所,D 日,D 博士,20,0,2,30 臺北市,1 一般
113,0001,國立政治大學,02221021,台灣史研究所,D 日,M 碩士,57,8,10,30 臺北市,1 一般
113,0001,國立政治大學,02222031,民族學系,D 日,D 博士,14,0,2,30 臺北市,1 一般
113,0001,國立政治大學,02222031,民族學系,D 日,M 碩士,18,0,6,30 臺北市,1 一般
113,0001,國立政治大學,02222031,民族學系,D 日,B 學士,186,11,31,30 臺北市,1 一般
113,0001,國立政治大學,02231022,哲學系,D 日,D 博士,27,0,1,30 臺北市,1 一般
113,0001,國立政治大學,02231022,哲學系,D 日,M 碩士,37,0,7,30 臺北市,1 一般
113,0001,國立政治大學,02231022,哲學系,D 日,B 學士,204,13,27,30 臺北市,1 一般
113,0001,國立政治大學,02299098,亞際文化研究國際碩士學位學程,D 日,M 碩士,3,0,0,30 臺北市,1 一般
113,0001,國立政治大學,02311009,英國語文學系,D 日,D 博士,20,0,2,30 臺北市,1 一般
113,0001,國立政治大學,02311009,英國語文學系,D 日,M 碩士,53,0,15,30 臺北市,1 一般
113,0001,國立政治大學,02311009,英國語文學系英語教學碩士在職專班,N 職,M 碩士,27,0,8,30 臺北市,1 一般
113,0001,國立政治大學,02311009,英國語文學系,D 日,B 學士,283,23,61,30 臺北市,1 一般
113,0001,國立政治大學,02311011,日本語文學系,D 日,M 碩士,20,0,8,30 臺北市,1 一般
113,0001,國立政治大學,02311011,日本語文學系,D 日,B 學士,162,9,44,30 臺北市,1 一般
113,0001,國立政治大學,02311012,阿拉伯語文學系,D 日,B 學士,168,7,32,30 臺北市,1 一般
113,0001,國立政治大學,02311014,韓國語文學系,D 日,M 碩士,24,0,4,30 臺北市,1 一般
113,0001,國立政治大學,02311014,韓國語文學系,D 日,B 學士,153,9,38,30 臺北市,1 一般
113,0001,國立政治大學,02311015,土耳其語文學系,D 日,B 學士,115,7,26,30 臺北市,1 一般
113,0001,國立政治大學,02311016,歐洲語文學系,D 日,B 學士,264,12,55,30 臺北市,1 一般
113,0001,國立政治大學,02311017,斯拉夫語文學系,D 日,M 碩士,12,0,2,30 臺北市,1 一般
113,0001,國立政治大學,02311017,斯拉夫語文學系,D 日,B 學士,198,14,39,30 臺北市,1 一般
113,0001,國立政治大學,02311087,東南亞語言與文化學士學位學程,D 日,B 學士,0,0,19,30 臺北市,1 一般
113,0001,國立政治大學,02311099,東南亞語文學系,D 日,B 學士,187,8,0,30 臺北市,1 一般
113,0001,國立政治大學,02321007,台灣文學研究所,D 日,D 博士,13,0,0,30 臺北市,1 一般
113,0001,國立政治大學,02321007,台灣文學研究所,D 日,M 碩士,35,7,8,30 臺北市,1 一般
113,0001,國立政治大學,02322008,中國文學系,D 日,D 博士,47,0,9,30 臺北市,1 一般
113,0001,國立政治大學,02322008,中國文學系,D 日,M 碩士,82,0,23,30 臺北市,1 一般
113,0001,國立政治大學,02322008,中國文學系國文教學碩士在職專班,N 職,M 碩士,67,0,9,30 臺北市,1 一般
113,0001,國立政治大學,02322008,中國文學系,D 日,B 學士,339,30,60,30 臺北市,1 一般
113,0001,國立政治大學,02323002,華語文教學博士學位學程,D 日,D 博士,12,0,1,30 臺北市,1 一般
113,0001,國立政治大學,02323002,華語文教學碩士學位學程,D 日,M 碩士,64,5,17,30 臺北市,1 一般
113,0001,國立政治大學,02399018,語言學研究所,D 日,D 博士,8,0,0,30 臺北市,1 一般
113,0001,國立政治大學,02399018,語言學研究所,D 日,M 碩士,36,7,9,30 臺北市,1 一般
113,0001,國立政治大學,02399Y16,外國語文學院,D 日,,0,1,0,30 臺北市,1 一般
113,0001,國立政治大學,03111024,經濟學系,D 日,D 博士,6,0,1,30 臺北市,1 一般
113,0001,國立政治大學,03111024,經濟學系,D 日,M 碩士,102,0,42,30 臺北市,1 一般
113,0001,國立政治大學,03111024,經濟學系,D 日,B 學士,395,19,91,30 臺北市,1 一般
113,0001,國立政治大學,03111025,應用經濟與社會發展英語碩士學位學程,D 日,M 碩士,40,1,15,30 臺北市,1 一般
113,0001,國立政治大學,03121026,政治學系,D 日,D 博士,16,0,2,30 臺北市,1 一般
113,0001,國立政治大學,03121026,政治學系,D 日,M 碩士,60,0,18,30 臺北市,1 一般
113,0001,國立政治大學,03121026,政治學系,D 日,B 學士,236,15,43,30 臺北市,1 一般
113,0001,國立政治大學,03121029,國際事務學院國家安全與大陸研究碩士在職專班,N 職,M 碩士,69,0,20,30 臺北市,1 一般
113,0001,國立政治大學,03122045,外交學系,D 日,D 博士,7,0,1,30 臺北市,1 一般
113,0001,國立政治大學,03122045,外交學系,D 日,M 碩士,81,0,13,30 臺北市,1 一般
113,0001,國立政治大學,03122045,外交學系戰略與國際事務碩士在職專班,N 職,M 碩士,95,0,5,30 臺北市,1 一般
113,0001,國立政治大學,03122045,外交學系,D 日,B 學士,270,7,53,30 臺北市,1 一般
113,0001,國立政治大學,03122046,國際研究英語碩士學位學程,D 日,M 碩士,56,0,17,30 臺北市,1 一般
113,0001,國立政治大學,03122Y18,國際事務學院,D 日,,0,19,0,30 臺北市,1 一般
113,0001,國立政治大學,03131032,心理學系,D 日,D 博士,13,0,1,30 臺北市,1 一般
113,0001,國立政治大學,03131032,心理學系,D 日,M 碩士,98,0,20,30 臺北市,1 一般
113,0001,國立政治大學,03131032,心理學系,D 日,B 學士,224,16,44,30 臺北市,1 一般
113,0001,國立政治大學,03131033,輔導與諮商碩士學位學程,D 日,M 碩士,50,0,13,30 臺北市,1 一般
113,0001,國立政治大學,03141030,社會學系,D 日,D 博士,11,0,0,30 臺北市,1 一般
113,0001,國立政治大學,03141030,社會學系,D 日,M 碩士,63,0,14,30 臺北市,1 一般
113,0001,國立政治大學,03141030,社會學系,D 日,B 學士,179,13,52,30 臺北市,1 一般
113,0001,國立政治大學,03143023,中東與中亞研究碩士學位學程,D 日,M 碩士,14,0,1,30 臺北市,1 一般
113,0001,國立政治大學,03143028,東亞研究所,D 日,D 博士,36,0,7,30 臺北市,1 一般
113,0001,國立政治大學,03143028,東亞研究所,D 日,M 碩士,64,1,19,30 臺北市,1 一般
113,0001,國立政治大學,03143036,日本研究博士學位學程,D 日,D 博士,10,0,0,30 臺北市,1 一般
113,0001,國立政治大學,03143036,日本研究碩士學位學程,D 日,M 碩士,33,0,11,30 臺北市,1 一般
113,0001,國立政治大學,03143038,俄羅斯研究所,D 日,M 碩士,26,4,4,30 臺北市,1 一般
113,0001,國立政治大學,03143040,亞太研究英語博士學位學程,D 日,D 博士,79,0,11,30 臺北市,1 一般
113,0001,國立政治大學,03143040,亞太研究英語碩士學位學程,D 日,M 碩士,85,2,36,30 臺北市,1 一般
113,0001,國立政治大學,03143043,地政學系,D 日,D 博士,16,0,2,30 臺北市,1 一般
113,0001,國立政治大學,03143043,地政學系,D 日,M 碩士,68,0,29,30 臺北市,1 一般
113,0001,國立政治大學,03143043,地政學系,N 職,M 碩士,93,0,17,30 臺北市,1 一般
113,0001,國立政治大學,03143043,地政學系,D 日,B 學士,512,20,90,30 臺北市,1 一般
113,0001,國立政治大學,03143090,土地政策與環境規劃碩士原住民專班,D 日,M 碩士,35,1,7,30 臺北市,1 一般
113,0001,國立政治大學,03191047,國家發展研究所,D 日,D 博士,39,0,6,30 臺北市,1 一般
113,0001,國立政治大學,03191047,國家發展研究所,D 日,M 碩士,63,7,17,30 臺北市,1 一般
113,0001,國立政治大學,03199048,勞工研究所,D 日,M 碩士,58,5,16,30 臺北市,1 一般
113,0001,國立政治大學,03211049,傳播學院傳播碩士學位學程,D 日,M 碩士,216,0,63,30 臺北市,1 一般
113,0001,國立政治大學,03211050,國際傳播英語碩士學位學程,D 日,M 碩士,59,0,22,30 臺北市,1 一般
113,0001,國立政治大學,03211056,傳播學院博士班,D 日,D 博士,50,0,5,30 臺北市,1 一般
113,0001,國立政治大學,03211056,傳播學院碩士在職專班,N 職,M 碩士,98,0,14,30 臺北市,1 一般
113,0001,國立政治大學,03211056,傳播學院大一大二不分系,D 日,B 學士,414,0,0,30 臺北市,1 一般
113,0001,國立政治大學,03213052,廣播電視學系,D 日,B 學士,212,5,80,30 臺北市,1 一般
113,0001,國立政治大學,03214051,新聞學系,D 日,B 學士,92,5,39,30 臺北市,1 一般
113,0001,國立政治大學,03214093,全球傳播與創新科技碩士學位學程,D 日,M 碩士,87,1,14,30 臺北市,1 一般
113,0001,國立政治大學,03222054,圖書資訊與檔案學研究所,D 日,D 博士,13,0,1,30 臺北市,1 一般
113,0001,國立政治大學,03222054,圖書資訊與檔案學研究所,D 日,M 碩士,69,7,18,30 臺北市,1 一般
113,0001,國立政治大學,03222054,圖書資訊與檔案學研究所圖書資訊學數位碩士在職專班,N 職,M 碩士,66,0,25,30 臺北市,1 一般
113,0001,國立政治大學,03299Y22,傳播學院,D 日,,0,29,0,30 臺北市,1 一般
113,0001,國立政治大學,04111059,會計學系,D 日,D 博士,5,0,0,30 臺北市,1 一般
113,0001,國立政治大學,04111059,會計學系,D 日,M 碩士,138,0,53,30 臺北市,1 一般
113,0001,國立政治大學,04111059,會計學系,D 日,B 學士,375,17,101,30 臺北市,1 一般
113,0001,國立政治大學,04121065,財務管理學系,D 日,D 博士,13,0,1,30 臺北市,1 一般
113,0001,國立政治大學,04121065,財務管理學系,D 日,M 碩士,91,0,36,30 臺北市,1 一般
113,0001,國立政治大學,04121065,財務管理學系,D 日,B 學士,209,14,48,30 臺北市,1 一般
113,0001,國立政治大學,04121068,金融學系,D 日,D 博士,21,0,4,30 臺北市,1 一般
113,0001,國立政治大學,04121068,金融學系,D 日,M 碩士,78,0,30,30 臺北市,1 一般
113,0001,國立政治大學,04121068,金融學系,D 日,B 學士,255,9,59,30 臺北市,1 一般
113,0001,國立政治大學,04121097,國際金融碩士學位學程,D 日,M 碩士,239,0,46,30 臺北市,1 一般
113,0001,國立政治大學,04121X44,國際金融學院,D 日,,0,1,0,30 臺北市,1 一般
113,0001,國立政治大學,04122070,財政學系,D 日,D 博士,4,0,0,30 臺北市,1 一般
113,0001,國立政治大學,04122070,財政學系,D 日,M 碩士,74,0,28,30 臺北市,1 一般
113,0001,國立政治大學,04122070,財政學系,D 日,B 學士,384,18,85,30 臺北市,1 一般
113,0001,國立政治大學,04123069,風險管理與保險學系,D 日,D 博士,13,0,1,30 臺北市,1 一般
113,0001,國立政治大學,04123069,風險管理與保險學系,D 日,M 碩士,80,0,28,30 臺北市,1 一般
113,0001,國立政治大學,04123069,風險管理與保險學系,D 日,B 學士,231,14,47,30 臺北市,1 一般
113,0001,國立政治大學,04131060,企業管理學系,D 日,D 博士,50,0,5,30 臺北市,1 一般
113,0001,國立政治大學,04131060,企業管理研究所(MBA學位學程),D 日,M 碩士,248,0,104,30 臺北市,1 一般
113,0001,國立政治大學,04131060,企業管理學系,D 日,B 學士,431,22,111,30 臺北市,1 一般
113,0001,國立政治大學,04131062,經營管理碩士學程,N 職,M 碩士,548,0,237,30 臺北市,1 一般
113,0001,國立政治大學,04131064,國際經營管理英語碩士學位學程,D 日,M 碩士,122,0,53,30 臺北市,1 一般
113,0001,國立政治大學,04131091,創新國際學院學士班,D 日,B 學士,183,7,17,30 臺北市,1 一般
113,0001,國立政治大學,04134041,公共行政學系,D 日,D 博士,17,0,5,30 臺北市,1 一般
113,0001,國立政治大學,04134041,公共行政學系,D 日,M 碩士,91,0,22,30 臺北市,1 一般
113,0001,國立政治大學,04134041,公共行政學系,D 日,B 學士,185,14,31,30 臺北市,1 一般
113,0001,國立政治大學,04134042,行政管理碩士學程,N 職,M 碩士,354,0,111,30 臺北市,1 一般
113,0001,國立政治大學,04141067,國際經營與貿易學系,D 日,D 博士,8,0,1,30 臺北市,1 一般
113,0001,國立政治大學,04141067,國際經營與貿易學系,D 日,M 碩士,124,0,46,30 臺北市,1 一般
113,0001,國立政治大學,04141067,國際經營與貿易學系,D 日,B 學士,380,23,99,30 臺北市,1 一般
113,0001,國立政治大學,04143055,廣告學系,D 日,B 學士,234,6,91,30 臺北市,1 一般
113,0001,國立政治大學,04199072,科技管理與智慧財產研究所,D 日,D 博士,29,0,6,30 臺北市,1 一般
113,0001,國立政治大學,04199072,科技管理與智慧財產研究所,D 日,M 碩士,136,10,64,30 臺北市,1 一般
113,0001,國立政治大學,04199Y27,商學院,D 日,,0,3,0,30 臺北市,1 一般
113,0001,國立政治大學,04211073,法律學系,D 日,B 學士,742,20,185,30 臺北市,1 一般
113,0001,國立政治大學,04211074,法律科際整合研究所,D 日,M 碩士,96,3,21,30 臺北市,1 一般
113,0001,國立政治大學,04211075,法學院碩士在職專班,N 職,M 碩士,267,0,41,30 臺北市,1 一般
113,0001,國立政治大學,04212073,法律學系,D 日,D 博士,44,0,3,30 臺北市,1 一般
113,0001,國立政治大學,04212073,法律學系,D 日,M 碩士,241,0,39,30 臺北市,1 一般
113,0001,國立政治大學,04299Y34,法學院,D 日,,0,18,0,30 臺北市,1 一般
113,0001,國立政治大學,05199083,神經科學研究所,D 日,M 碩士,2,4,0,30 臺北市,1 一般
113,0001,國立政治大學,05331077,應用物理研究所,D 日,M 碩士,27,5,3,30 臺北市,1 一般
113,0001,國立政治大學,05411078,應用數學系,D 日,D 博士,8,0,1,30 臺北市,1 一般
113,0001,國立政治大學,05411078,應用數學系,D 日,M 碩士,48,0,11,30 臺北市,1 一般
113,0001,國立政治大學,05411078,應用數學系,D 日,B 學士,189,13,43,30 臺北市,1 一般
113,0001,國立政治大學,05421079,統計學系,D 日,D 博士,6,0,1,30 臺北市,1 一般
113,0001,國立政治大學,05421079,統計學系,D 日,M 碩士,61,0,34,30 臺北市,1 一般
113,0001,國立政治大學,05421079,統計學系,D 日,B 學士,234,16,57,30 臺北市,1 一般
113,0001,國立政治大學,06131080,資訊管理學系,D 日,D 博士,35,0,4,30 臺北市,1 一般
113,0001,國立政治大學,06131080,資訊管理學系,D 日,M 碩士,110,0,48,30 臺北市,1 一般
113,0001,國立政治大學,06131080,資訊管理學系,D 日,B 學士,345,18,83,30 臺北市,1 一般
113,0001,國立政治大學,06131081,資訊科學系,D 日,D 博士,11,0,1,30 臺北市,1 一般
113,0001,國立政治大學,06131081,資訊科學系,D 日,M 碩士,143,0,64,30 臺北市,1 一般
113,0001,國立政治大學,06131081,資訊科學系,N 職,M 碩士,93,1,22,30 臺北市,1 一般
113,0001,國立政治大學,06131081,資訊科學系,D 日,B 學士,231,18,51,30 臺北市,1 一般
113,0001,國立政治大學,06131082,社群網路與人智計算國際研究生博士學位學程,D 日,D 博士,13,0,1,30 臺北市,1 一般
113,0001,國立政治大學,06131094,人工智慧應用學士學位學程,D 日,,0,1,0,30 臺北市,1 一般
113,0001,國立政治大學,06131095,資訊安全碩士學位學程,D 日,M 碩士,24,0,0,30 臺北市,1 一般
113,0001,國立政治大學,06134057,數位內容碩士學位學程,D 日,M 碩士,55,0,11,30 臺北市,1 一般
113,0001,國立政治大學,09231084,社會工作研究所,D 日,D 博士,21,0,1,30 臺北市,1 一般
113,0001,國立政治大學,09231084,社會工作研究所,D 日,M 碩士,60,7,19,30 臺北市,1 一般
113,0001,國立政治大學,10152096,運動產業與文化學士學位學程,D 日,,0,1,0,30 臺北市,1 一般
113,0001,國立政治大學,99999Z02,計算機中心,D 日,,0,1,0,30 臺北市,1 一般
113,0001,國立政治大學,99999Z03,軍訓教官,D 日,,0,1,0,30 臺北市,1 一般
113,0001,國立政治大學,99999Z05,師資培育中心,D 日,,0,4,0,30 臺北市,1 一般
113,0001,國立政治大學,99999Z07,體育室,D 日,,0,16,0,30 臺北市,1 一般
113,0001,國立政治大學,99999Z08,語言中心,D 日,,0,21,0,30 臺北市,1 一般
113,0001,國立政治大學,99999Z99,其他(包括行政助教),D 日,,0,5,0,30 臺北市,1 一般
113,0002,國立清華大學,01111084,教育與學習科技學系,D 日,D 博士,73,0,3,18 新竹市,1 一般
113,0002,國立清華大學,01111084,教育與學習科技學系,D 日,M 碩士,126,0,19,18 新竹市,1 一般
113,0002,國立清華大學,01111084,教育與學習科技學系,N 職,M 碩士,196,0,50,18 新竹市,1 一般
113,0002,國立清華大學,01111084,教育與學習科技學系,D 日,B 學士,181,16,38,18 新竹市,1 一般
113,0002,國立清華大學,01111112,竹師教育學院學士班,D 日,B 學士,152,2,20,18 新竹市,1 一般
113,0002,國立清華大學,01113095,特殊教育學系,D 日,M 碩士,50,0,14,18 新竹市,1 一般
113,0002,國立清華大學,01113095,特殊教育學系,D 日,B 學士,162,11,31,18 新竹市,1 一般
113,0002,國立清華大學,01113110,學前特殊教育碩士在職學位學程,N 職,M 碩士,3,0,3,18 新竹市,1 一般
113,0002,國立清華大學,01115124,華德福教育碩士在職學位學程,N 職,M 碩士,24,0,5,18 新竹市,1 一般
113,0002,國立清華大學,01121091,幼兒教育學系,D 日,M 碩士,62,0,11,18 新竹市,1 一般
113,0002,國立清華大學,01121091,幼兒教育學系,N 職,M 碩士,63,0,10,18 新竹市,1 一般
113,0002,國立清華大學,01121091,幼兒教育學系,D 日,B 學士,155,11,43,18 新竹市,1 一般
113,0002,國立清華大學,01131085,數理教育研究所,D 日,M 碩士,68,6,25,18 新竹市,1 一般
113,0002,國立清華大學,01131085,數理教育研究所,N 職,M 碩士,65,0,13,18 新竹市,1 一般
113,0002,國立清華大學,01131105,英語教學系,D 日,M 碩士,30,0,7,18 新竹市,1 一般
113,0002,國立清華大學,01131105,英語教學系,D 日,B 學士,151,8,28,18 新竹市,1 一般
113,0002,國立清華大學,01141098,藝術與設計學系美勞教師碩士在職專班,N 職,M 碩士,56,0,7,18 新竹市,1 一般
113,0002,國立清華大學,01141127,運動科學系,D 日,M 碩士,39,0,19,18 新竹市,1 一般
113,0002,國立清華大學,01141127,運動科學系,N 職,M 碩士,43,0,7,18 新竹市,1 一般
113,0002,國立清華大學,01141127,運動科學系,D 日,B 學士,192,12,48,18 新竹市,1 一般
113,0002,國立清華大學,01199112,竹師教育學院博士班,D 日,D 博士,11,0,0,18 新竹市,1 一般
113,0002,國立清華大學,01199130,竹師教育學院跨領域STEAM教育碩士在職專班,N 職,M 碩士,53,0,1,18 新竹市,1 一般
113,0002,國立清華大學,01199Y02,竹師教育學院,D 日,,0,6,0,18 新竹市,1 一般
113,0002,國立清華大學,02111136,科技藝術研究所,D 日,M 碩士,19,8,0,18 新竹市,1 一般
113,0002,國立清華大學,02131098,藝術與設計學系,D 日,M 碩士,73,0,29,18 新竹市,1 一般
113,0002,國立清華大學,02131098,藝術與設計學系,D 日,B 學士,317,18,78,18 新竹市,1 一般
113,0002,國立清華大學,02151096,音樂學系,D 日,M 碩士,65,0,13,18 新竹市,1 一般
113,0002,國立清華大學,02151096,音樂學系音樂教師碩士在職專班,N 職,M 碩士,1,0,0,18 新竹市,1 一般
113,0002,國立清華大學,02151096,音樂學系,D 日,B 學士,143,14,39,18 新竹市,1 一般
113,0002,國立清華大學,02191113,藝術學院學士班,D 日,B 學士,160,0,27,18 新竹市,1 一般
113,0002,國立清華大學,02221006,歷史研究所,D 日,D 博士,19,0,3,18 新竹市,1 一般
113,0002,國立清華大學,02221006,歷史研究所,D 日,M 碩士,34,8,4,18 新竹市,1 一般
113,0002,國立清華大學,02222007,人類學研究所,D 日,D 博士,12,0,0,18 新竹市,1 一般
113,0002,國立清華大學,02222007,人類學研究所,D 日,M 碩士,43,9,12,18 新竹市,1 一般
113,0002,國立清華大學,02231008,哲學研究所,D 日,D 博士,4,0,0,18 新竹市,1 一般
113,0002,國立清華大學,02231008,哲學研究所,D 日,M 碩士,25,6,4,18 新竹市,1 一般
113,0002,國立清華大學,02299009,亞際文化研究國際碩士學位學程(台灣聯合大學系統),D 日,M 碩士,4,0,1,18 新竹市,1 一般
113,0002,國立清華大學,02299010,人文社會學院學士班,D 日,B 學士,338,6,74,18 新竹市,1 一般
113,0002,國立清華大學,02311002,外國語文學系,D 日,M 碩士,32,0,5,18 新竹市,1 一般
113,0002,國立清華大學,02311002,外國語文學系,D 日,B 學士,187,17,47,18 新竹市,1 一般
113,0002,國立清華大學,02321001,台灣文學研究所,D 日,D 博士,23,0,1,18 新竹市,1 一般
113,0002,國立清華大學,02321001,台灣文學研究所,D 日,M 碩士,35,7,11,18 新竹市,1 一般
113,0002,國立清華大學,02321101,臺灣語言研究與教學研究所,D 日,D 博士,21,0,2,18 新竹市,1 一般
113,0002,國立清華大學,02321101,臺灣語言研究與教學研究所,D 日,M 碩士,59,6,5,18 新竹市,1 一般
113,0002,國立清華大學,02322003,中國文學系,D 日,D 博士,51,0,5,18 新竹市,1 一般
113,0002,國立清華大學,02322003,中國文學系,D 日,M 碩士,75,0,19,18 新竹市,1 一般
113,0002,國立清華大學,02322003,中國文學系,D 日,B 學士,224,17,43,18 新竹市,1 一般
113,0002,國立清華大學,02322109,中國語文學系,D 日,M 碩士,2,0,0,18 新竹市,1 一般
113,0002,國立清華大學,02322109,中國語文學系語文碩士在職專班,N 職,M 碩士,6,0,0,18 新竹市,1 一般
113,0002,國立清華大學,02323114,華文文學研究所,D 日,M 碩士,58,7,9,18 新竹市,1 一般
113,0002,國立清華大學,02323144,華語文碩士學位學程,D 日,M 碩士,9,1,0,18 新竹市,1 一般
113,0002,國立清華大學,02399005,語言學研究所,D 日,D 博士,13,0,2,18 新竹市,1 一般
113,0002,國立清華大學,02399005,語言學研究所,D 日,M 碩士,32,9,10,18 新竹市,1 一般
113,0002,國立清華大學,03111011,經濟學系,D 日,D 博士,9,0,2,18 新竹市,1 一般
113,0002,國立清華大學,03111011,經濟學系,D 日,M 碩士,46,0,26,18 新竹市,1 一般
113,0002,國立清華大學,03111011,經濟學系,D 日,B 學士,476,23,118,18 新竹市,1 一般
113,0002,國立清華大學,03121139,台北政經學院政治經濟博士班,D 日,D 博士,10,0,0,18 新竹市,1 一般
113,0002,國立清華大學,03121139,台北政經學院政治經濟碩士班,D 日,M 碩士,46,0,9,18 新竹市,1 一般
113,0002,國立清華大學,03131077,教育心理與諮商學系,D 日,D 博士,32,0,0,18 新竹市,1 一般
113,0002,國立清華大學,03131077,教育心理與諮商學系,D 日,M 碩士,116,0,46,18 新竹市,1 一般
113,0002,國立清華大學,03131077,教育心理與諮商學系,N 職,M 碩士,113,0,23,18 新竹市,1 一般
113,0002,國立清華大學,03131077,教育心理與諮商學系,D 日,B 學士,199,15,34,18 新竹市,1 一般
113,0002,國立清華大學,03131135,竹師教育學院心理與諮商碩士新加坡境外在職專班,N 職,M 碩士,23,0,0,18 新竹市,1 一般
113,0002,國立清華大學,03141012,社會學研究所,D 日,D 博士,14,0,2,18 新竹市,1 一般
113,0002,國立清華大學,03141012,社會學研究所,D 日,M 碩士,70,9,20,18 新竹市,1 一般
113,0002,國立清華大學,03143013,台灣研究教師在職進修碩士學位班,N 職,M 碩士,67,0,6,18 新竹市,1 一般
113,0002,國立清華大學,03199015,學習科學研究所,D 日,M 碩士,1,0,1,18 新竹市,1 一般
113,0002,國立清華大學,03199111,學習科學與科技研究所,D 日,M 碩士,68,14,21,18 新竹市,1 一般
113,0002,國立清華大學,04121019,科技管理學院財務金融碩士在職專班,N 職,M 碩士,51,0,27,18 新竹市,1 一般
113,0002,國立清華大學,04121020,計量財務金融學系,D 日,D 博士,3,0,1,18 新竹市,1 一般
113,0002,國立清華大學,04121020,計量財務金融學系,D 日,M 碩士,46,0,23,18 新竹市,1 一般
113,0002,國立清華大學,04121020,計量財務金融學系,D 日,B 學士,262,16,53,18 新竹市,1 一般
113,0002,國立清華大學,04131016,經營管理碩士在職專班,N 職,M 碩士,121,0,50,18 新竹市,1 一般
113,0002,國立清華大學,04131018,國際專業管理碩士班,D 日,M 碩士,68,0,31,18 新竹市,1 一般
113,0002,國立清華大學,04134014,科技管理學院公共政策與管理碩士在職專班,N 職,M 碩士,54,0,17,18 新竹市,1 一般
113,0002,國立清華大學,04199017,科技管理研究所,D 日,D 博士,22,0,5,18 新竹市,1 一般
113,0002,國立清華大學,04199017,科技管理研究所,D 日,M 碩士,60,12,29,18 新竹市,1 一般
113,0002,國立清華大學,04199021,高階經營管理碩士在職專班,N 職,M 碩士,183,0,82,18 新竹市,1 一般
113,0002,國立清華大學,04199022,服務科學研究所,D 日,D 博士,9,0,5,18 新竹市,1 一般
113,0002,國立清華大學,04199022,服務科學研究所,D 日,M 碩士,47,11,23,18 新竹市,1 一般
113,0002,國立清華大學,04199023,科技管理學院學士班,D 日,B 學士,360,1,87,18 新竹市,1 一般
113,0002,國立清華大學,04199131,科技管理學院健康政策與經營管理碩士在職專班,N 職,M 碩士,30,0,14,18 新竹市,1 一般
113,0002,國立清華大學,04212024,科技法律研究所,D 日,D 博士,12,0,1,18 新竹市,1 一般
113,0002,國立清華大學,04212024,科技法律研究所,D 日,M 碩士,96,15,23,18 新竹市,1 一般
113,0002,國立清華大學,05121025,生命科學系,D 日,B 學士,197,3,60,18 新竹市,1 一般
113,0002,國立清華大學,05121026,生物科技研究所,D 日,D 博士,36,0,4,18 新竹市,1 一般
113,0002,國立清華大學,05121026,生物科技研究所,D 日,M 碩士,54,10,21,18 新竹市,1 一般
113,0002,國立清華大學,05121028,分子與細胞生物研究所,D 日,D 博士,26,0,3,18 新竹市,1 一般
113,0002,國立清華大學,05121028,分子與細胞生物研究所,D 日,M 碩士,55,8,18,18 新竹市,1 一般
113,0002,國立清華大學,05121029,生技產業博士學位學程,D 日,D 博士,9,0,0,18 新竹市,1 一般
113,0002,國立清華大學,05121030,生物資訊與結構生物研究所,D 日,D 博士,33,0,2,18 新竹市,1 一般
113,0002,國立清華大學,05121030,生物資訊與結構生物研究所,D 日,M 碩士,60,9,27,18 新竹市,1 一般
113,0002,國立清華大學,05121072,分子醫學研究所,D 日,D 博士,22,0,5,18 新竹市,1 一般
113,0002,國立清華大學,05121072,分子醫學研究所,D 日,M 碩士,45,8,16,18 新竹市,1 一般
113,0002,國立清華大學,05121143,藥品與醫材法規科學碩士在職學位學程,N 職,M 碩士,24,0,0,18 新竹市,1 一般
113,0002,國立清華大學,05199033,系統神經科學研究所,D 日,D 博士,13,0,0,18 新竹市,1 一般
113,0002,國立清華大學,05199033,系統神經科學研究所,D 日,M 碩士,35,6,5,18 新竹市,1 一般
113,0002,國立清華大學,05199142,生命科學暨醫學院學士班,D 日,B 學士,133,1,31,18 新竹市,1 一般
113,0002,國立清華大學,05211041,環境科技博士學位學程(台灣聯合大學系統),D 日,D 博士,10,0,0,18 新竹市,1 一般
113,0002,國立清華大學,05211102,環境與文化資源學系,D 日,M 碩士,57,10,15,18 新竹市,1 一般
113,0002,國立清華大學,05211102,環境與文化資源學系,N 職,M 碩士,46,0,11,18 新竹市,1 一般
113,0002,國立清華大學,05211102,環境與文化資源學系,D 日,B 學士,1,0,0,18 新竹市,1 一般
113,0002,國立清華大學,05211121,分析與環境科學研究所,D 日,D 博士,3,0,0,18 新竹市,1 一般
113,0002,國立清華大學,05211121,分析與環境科學研究所,D 日,M 碩士,48,6,10,18 新竹市,1 一般
113,0002,國立清華大學,05311037,化學系,D 日,D 博士,83,0,15,18 新竹市,1 一般
113,0002,國立清華大學,05311037,化學系,D 日,M 碩士,208,0,95,18 新竹市,1 一般
113,0002,國立清華大學,05311037,化學系,D 日,B 學士,279,24,50,18 新竹市,1 一般
113,0002,國立清華大學,05331038,物理學系,D 日,D 博士,82,0,12,18 新竹市,1 一般
113,0002,國立清華大學,05331038,物理學系,D 日,M 碩士,200,0,79,18 新竹市,1 一般
113,0002,國立清華大學,05331038,物理學系,D 日,B 學士,292,37,63,18 新竹市,1 一般
113,0002,國立清華大學,05331137,量子科技暨尖端材料博士學位學程,D 日,D 博士,1,0,0,18 新竹市,1 一般
113,0002,國立清華大學,05332039,天文研究所,D 日,D 博士,18,0,4,18 新竹市,1 一般
113,0002,國立清華大學,05332039,天文研究所,D 日,M 碩士,22,10,5,18 新竹市,1 一般
113,0002,國立清華大學,05399040,先進光源科技碩士學位學程,D 日,M 碩士,1,0,3,18 新竹市,1 一般
113,0002,國立清華大學,05399042,理學院學士班,D 日,B 學士,153,0,40,18 新竹市,1 一般
113,0002,國立清華大學,05411043,數學系,D 日,D 博士,13,0,2,18 新竹市,1 一般
113,0002,國立清華大學,05411043,數學系,D 日,M 碩士,58,0,15,18 新竹市,1 一般
113,0002,國立清華大學,05411043,數學系,D 日,B 學士,285,25,44,18 新竹市,1 一般
113,0002,國立清華大學,05411115,計算與建模科學研究所,D 日,M 碩士,33,6,11,18 新竹市,1 一般
113,0002,國立清華大學,05421044,統計學研究所,D 日,D 博士,0,0,2,18 新竹市,1 一般
113,0002,國立清華大學,05421044,統計學研究所,D 日,M 碩士,0,0,24,18 新竹市,1 一般
113,0002,國立清華大學,05421147,統計與數據科學研究所,D 日,D 博士,23,0,0,18 新竹市,1 一般
113,0002,國立清華大學,05421147,統計與數據科學研究所,D 日,M 碩士,56,8,0,18 新竹市,1 一般
113,0002,國立清華大學,06131053,資訊工程學系,D 日,D 博士,76,0,5,18 新竹市,1 一般
113,0002,國立清華大學,06131053,資訊工程學系,D 日,M 碩士,413,0,179,18 新竹市,1 一般
113,0002,國立清華大學,06131053,資訊工程學系,D 日,B 學士,594,36,138,18 新竹市,1 一般
113,0002,國立清華大學,06131122,資訊安全研究所,D 日,M 碩士,57,0,25,18 新竹市,1 一般
113,0002,國立清華大學,06134046,資訊系統與應用研究所,D 日,D 博士,24,0,0,18 新竹市,1 一般
113,0002,國立清華大學,06134046,資訊系統與應用研究所,D 日,M 碩士,136,0,66,18 新竹市,1 一般
113,0002,國立清華大學,06134048,社群網路與人智計算國際研究生博士學位學程,D 日,D 博士,11,0,0,18 新竹市,1 一般
113,0002,國立清華大學,07111057,化學工程學系,D 日,D 博士,80,0,17,18 新竹市,1 一般
113,0002,國立清華大學,07111057,化學工程學系,D 日,M 碩士,211,0,90,18 新竹市,1 一般
113,0002,國立清華大學,07111057,化學工程學系,D 日,B 學士,240,24,58,18 新竹市,1 一般
113,0002,國立清華大學,07112058,材料科學工程學系,D 日,D 博士,115,0,13,18 新竹市,1 一般
113,0002,國立清華大學,07112058,材料科學工程學系,D 日,M 碩士,319,0,142,18 新竹市,1 一般
113,0002,國立清華大學,07112058,材料科學工程學系,D 日,B 學士,431,30,119,18 新竹市,1 一般
113,0002,國立清華大學,07112071,工學院學士班,D 日,B 學士,195,0,25,18 新竹市,1 一般
113,0002,國立清華大學,07112118,前瞻功能材料產業博士學位學程,D 日,D 博士,12,0,2,18 新竹市,1 一般
113,0002,國立清華大學,07131068,核子工程與科學研究所,D 日,D 博士,22,0,1,18 新竹市,1 一般
113,0002,國立清華大學,07131068,核子工程與科學研究所,D 日,M 碩士,53,8,20,18 新竹市,1 一般
113,0002,國立清華大學,07141049,電機工程學系,D 日,D 博士,60,0,14,18 新竹市,1 一般
113,0002,國立清華大學,07141049,電機工程學系,D 日,M 碩士,395,0,121,18 新竹市,1 一般
113,0002,國立清華大學,07141049,電機工程學系,D 日,B 學士,504,62,116,18 新竹市,1 一般
113,0002,國立清華大學,07141050,電子工程研究所,D 日,D 博士,34,0,8,18 新竹市,1 一般
113,0002,國立清華大學,07141050,電子工程研究所,D 日,M 碩士,222,0,59,18 新竹市,1 一般
113,0002,國立清華大學,07141052,光電工程研究所,D 日,D 博士,21,0,5,18 新竹市,1 一般
113,0002,國立清華大學,07141052,光電工程研究所,D 日,M 碩士,147,0,42,18 新竹市,1 一般
113,0002,國立清華大學,07141054,通訊工程研究所,D 日,D 博士,18,0,3,18 新竹市,1 一般
113,0002,國立清華大學,07141054,通訊工程研究所,D 日,M 碩士,162,0,55,18 新竹市,1 一般
113,0002,國立清華大學,07141055,電機資訊學院學士班,D 日,B 學士,326,0,75,18 新竹市,1 一般
113,0002,國立清華大學,07141146,半導體研究學院博士班,D 日,D 博士,43,0,0,18 新竹市,1 一般
113,0002,國立清華大學,07141146,半導體研究學院碩士班,D 日,M 碩士,195,0,21,18 新竹市,1 一般
113,0002,國立清華大學,07151056,動力機械工程學系,D 日,D 博士,63,0,11,18 新竹市,1 一般
113,0002,國立清華大學,07151056,動力機械工程學系,D 日,M 碩士,357,0,136,18 新竹市,1 一般
113,0002,國立清華大學,07151056,動力機械工程學系,D 日,B 學士,473,38,94,18 新竹市,1 一般
113,0002,國立清華大學,07151134,AI智慧製造與工業物聯網產業碩士專班,D 日,M 碩士,0,0,1,18 新竹市,1 一般
113,0002,國立清華大學,07151138,電動載具先進智慧製造技術產業碩士專班,D 日,M 碩士,3,0,2,18 新竹市,1 一般
113,0002,國立清華大學,07151141,AI智慧製造與智慧物聯網產業碩士專班,D 日,M 碩士,8,0,3,18 新竹市,1 一般
113,0002,國立清華大學,07151145,流體機械暨先進材料與智慧檢測產業碩士專班,D 日,M 碩士,2,0,0,18 新竹市,1 一般
113,0002,國立清華大學,07151148,智慧製造技術產業碩士專班,D 日,M 碩士,12,0,0,18 新竹市,1 一般
113,0002,國立清華大學,07191061,工業工程與工程管理學系,D 日,D 博士,41,0,5,18 新竹市,1 一般
113,0002,國立清華大學,07191061,工業工程與工程管理學系,D 日,M 碩士,212,0,99,18 新竹市,1 一般
113,0002,國立清華大學,07191061,工業工程與工程管理學系,N 職,M 碩士,123,0,25,18 新竹市,1 一般
113,0002,國立清華大學,07191061,工業工程與工程管理學系,D 日,B 學士,294,19,70,18 新竹市,1 一般
113,0002,國立清華大學,07191123,智慧製造跨院高階主管碩士在職學位學程,N 職,M 碩士,70,2,10,18 新竹市,1 一般
113,0002,國立清華大學,07193063,生醫工程與環境科學系,D 日,D 博士,48,0,6,18 新竹市,1 一般
113,0002,國立清華大學,07193063,生醫工程與環境科學系,D 日,M 碩士,95,0,41,18 新竹市,1 一般
113,0002,國立清華大學,07193063,生醫工程與環境科學系,D 日,B 學士,176,15,35,18 新竹市,1 一般
113,0002,國立清華大學,07193065,生物醫學工程研究所,D 日,D 博士,11,0,0,18 新竹市,1 一般
113,0002,國立清華大學,07193065,生物醫學工程研究所,D 日,M 碩士,41,6,23,18 新竹市,1 一般
113,0002,國立清華大學,07193132,智慧生醫博士學位學程,D 日,D 博士,6,1,0,18 新竹市,1 一般
113,0002,國立清華大學,07194059,奈米工程與微系統研究所,D 日,D 博士,35,0,8,18 新竹市,1 一般
113,0002,國立清華大學,07194059,奈米工程與微系統研究所,D 日,M 碩士,60,0,19,18 新竹市,1 一般
113,0002,國立清華大學,07194066,工程與系統科學系,D 日,D 博士,80,0,13,18 新竹市,1 一般
113,0002,國立清華大學,07194066,工程與系統科學系,D 日,M 碩士,202,0,80,18 新竹市,1 一般
113,0002,國立清華大學,07194066,工程與系統科學系,D 日,B 學士,415,22,91,18 新竹市,1 一般
113,0002,國立清華大學,07194069,原子科學院學士班,D 日,B 學士,116,0,15,18 新竹市,1 一般
113,0002,國立清華大學,07199X45,半導體研究學院,D 日,,0,6,0,18 新竹市,1 一般
113,0002,國立清華大學,09121073,醫學科學系,D 日,B 學士,153,6,37,18 新竹市,1 一般
113,0002,國立清華大學,09121133,精準醫療博士學位學程,D 日,D 博士,13,2,0,18 新竹市,1 一般
113,0002,國立清華大學,09121140,學士後醫學系,D 日,B 學士,67,38,0,18 新竹市,1 一般
113,0002,國立清華大學,99999074,跨院國際博士班學位學程,D 日,D 博士,138,0,5,18 新竹市,1 一般
113,0002,國立清華大學,99999074,跨院國際碩士學位學程,D 日,M 碩士,48,4,6,18 新竹市,1 一般
113,0002,國立清華大學,99999075,清華學院學士班,D 日,B 學士,92,1,3,18 新竹市,1 一般
113,0002,國立清華大學,99999120,清華學院國際學士班,D 日,B 學士,232,1,28,18 新竹市,1 一般
113,0002,國立清華大學,99999X25,台北政經學院,D 日,,0,2,0,18 新竹市,1 一般
113,0002,國立清華大學,99999Z01,通識及共同科目,D 日,,0,24,0,18 新竹市,1 一般
113,0002,國立清華大學,99999Z03,軍訓教官,D 日,,0,2,0,18 新竹市,1 一般
113,0002,國立清華大學,99999Z05,師資培育中心,D 日,,0,11,0,18 新竹市,1 一般
113,0002,國立清華大學,99999Z07,體育室,D 日,,0,11,0,18 新竹市,1 一般
113,0002,國立清華大學,99999Z08,語言中心,D 日,,0,1,0,18 新竹市,1 一般
113,0003,國立臺灣大學,01131001,華語教學碩士學位學程,D 日,M 碩士,56,5,9,30 臺北市,1 一般
113,0003,國立臺灣大學,02151002,音樂學研究所,D 日,D 博士,17,0,0,30 臺北市,1 一般
113,0003,國立臺灣大學,02151002,音樂學研究所,D 日,M 碩士,24,8,2,30 臺北市,1 一般
113,0003,國立臺灣大學,02152003,戲劇學系,D 日,D 博士,9,0,0,30 臺北市,1 一般
113,0003,國立臺灣大學,02152003,戲劇學系,D 日,M 碩士,27,0,8,30 臺北市,1 一般
113,0003,國立臺灣大學,02152003,戲劇學系,D 日,B 學士,169,14,32,30 臺北市,1 一般
113,0003,國立臺灣大學,02191004,藝術史研究所,D 日,D 博士,12,0,0,30 臺北市,1 一般
113,0003,國立臺灣大學,02191004,藝術史研究所,D 日,M 碩士,46,7,2,30 臺北市,1 一般
113,0003,國立臺灣大學,02221012,歷史學系,D 日,D 博士,43,0,7,30 臺北市,1 一般
113,0003,國立臺灣大學,02221012,歷史學系,D 日,M 碩士,65,0,20,30 臺北市,1 一般
113,0003,國立臺灣大學,02221012,歷史學系,D 日,B 學士,259,25,52,30 臺北市,1 一般
113,0003,國立臺灣大學,02222013,人類學系,D 日,D 博士,17,0,0,30 臺北市,1 一般
113,0003,國立臺灣大學,02222013,人類學系,D 日,M 碩士,41,0,7,30 臺北市,1 一般
113,0003,國立臺灣大學,02222013,人類學系,D 日,B 學士,195,14,33,30 臺北市,1 一般
113,0003,國立臺灣大學,02231014,哲學系,D 日,D 博士,29,0,4,30 臺北市,1 一般
113,0003,國立臺灣大學,02231014,哲學系,D 日,M 碩士,44,0,10,30 臺北市,1 一般
113,0003,國立臺灣大學,02231014,哲學系,D 日,B 學士,190,23,47,30 臺北市,1 一般
113,0003,國立臺灣大學,02311007,外國語文學系,D 日,D 博士,14,0,2,30 臺北市,1 一般
113,0003,國立臺灣大學,02311007,外國語文學系,D 日,M 碩士,71,0,9,30 臺北市,1 一般
113,0003,國立臺灣大學,02311007,外國語文學系,D 日,B 學士,564,74,134,30 臺北市,1 一般
113,0003,國立臺灣大學,02311009,日本語文學系,D 日,M 碩士,48,0,8,30 臺北市,1 一般
113,0003,國立臺灣大學,02311009,日本語文學系,D 日,B 學士,271,13,55,30 臺北市,1 一般
113,0003,國立臺灣大學,02312010,翻譯碩士學位學程,D 日,M 碩士,57,4,18,30 臺北市,1 一般
113,0003,國立臺灣大學,02321005,臺灣文學研究所,D 日,D 博士,28,0,2,30 臺北市,1 一般
113,0003,國立臺灣大學,02321005,臺灣文學研究所,D 日,M 碩士,42,7,9,30 臺北市,1 一般
113,0003,國立臺灣大學,02322006,中國文學系,D 日,D 博士,39,0,4,30 臺北市,1 一般
113,0003,國立臺灣大學,02322006,中國文學系,D 日,M 碩士,89,0,13,30 臺北市,1 一般
113,0003,國立臺灣大學,02322006,中國文學系,D 日,B 學士,298,49,55,30 臺北市,1 一般
113,0003,國立臺灣大學,02399011,語言學研究所,D 日,D 博士,16,0,1,30 臺北市,1 一般
113,0003,國立臺灣大學,02399011,語言學研究所,D 日,M 碩士,33,7,7,30 臺北市,1 一般
113,0003,國立臺灣大學,03111015,經濟學系,D 日,D 博士,20,0,2,30 臺北市,1 一般
113,0003,國立臺灣大學,03111015,經濟學系,D 日,M 碩士,108,0,50,30 臺北市,1 一般
113,0003,國立臺灣大學,03111015,經濟學系,N 職,M 碩士,72,0,22,30 臺北市,1 一般
113,0003,國立臺灣大學,03111015,經濟學系,D 日,B 學士,668,43,138,30 臺北市,1 一般
113,0003,國立臺灣大學,03121016,政治學系,D 日,D 博士,39,0,3,30 臺北市,1 一般
113,0003,國立臺灣大學,03121016,政治學系,D 日,M 碩士,131,0,23,30 臺北市,1 一般
113,0003,國立臺灣大學,03121016,政治學系,N 職,M 碩士,82,0,29,30 臺北市,1 一般
113,0003,國立臺灣大學,03121016,政治學系,D 日,B 學士,756,28,137,30 臺北市,1 一般
113,0003,國立臺灣大學,03131019,心理學系,D 日,D 博士,28,0,4,30 臺北市,1 一般
113,0003,國立臺灣大學,03131019,心理學系,D 日,M 碩士,115,0,36,30 臺北市,1 一般
113,0003,國立臺灣大學,03131019,心理學系,D 日,B 學士,308,25,69,30 臺北市,1 一般
113,0003,國立臺灣大學,03141018,社會學系,D 日,D 博士,15,0,1,30 臺北市,1 一般
113,0003,國立臺灣大學,03141018,社會學系,D 日,M 碩士,50,0,7,30 臺北市,1 一般
113,0003,國立臺灣大學,03141018,社會學系,D 日,B 學士,229,19,44,30 臺北市,1 一般
113,0003,國立臺灣大學,03142021,地理環境資源學系,D 日,D 博士,12,0,1,30 臺北市,1 一般
113,0003,國立臺灣大學,03142021,地理環境資源學系,D 日,M 碩士,65,0,25,30 臺北市,1 一般
113,0003,國立臺灣大學,03142021,地理環境資源學系,N 職,M 碩士,0,0,1,30 臺北市,1 一般
113,0003,國立臺灣大學,03142021,地理環境資源學系,D 日,B 學士,150,17,35,30 臺北市,1 一般
113,0003,國立臺灣大學,03191023,國家發展研究所,D 日,D 博士,23,0,3,30 臺北市,1 一般
113,0003,國立臺灣大學,03191023,國家發展研究所,D 日,M 碩士,178,16,30,30 臺北市,1 一般
113,0003,國立臺灣大學,03191023,國家發展研究所,N 職,M 碩士,58,0,8,30 臺北市,1 一般
113,0003,國立臺灣大學,03212024,新聞研究所,D 日,M 碩士,97,6,18,30 臺北市,1 一般
113,0003,國立臺灣大學,03222025,圖書資訊學系,D 日,D 博士,19,0,1,30 臺北市,1 一般
113,0003,國立臺灣大學,03222025,圖書資訊學系,D 日,M 碩士,73,0,9,30 臺北市,1 一般
113,0003,國立臺灣大學,03222025,圖書資訊學系,D 日,B 學士,218,12,39,30 臺北市,1 一般
113,0003,國立臺灣大學,04111027,會計學系,D 日,D 博士,16,0,2,30 臺北市,1 一般
113,0003,國立臺灣大學,04111027,會計學系,D 日,M 碩士,100,0,41,30 臺北市,1 一般
113,0003,國立臺灣大學,04111027,會計學系,D 日,B 學士,550,18,129,30 臺北市,1 一般
113,0003,國立臺灣大學,04121032,財務金融學系,D 日,D 博士,25,0,3,30 臺北市,1 一般
113,0003,國立臺灣大學,04121032,財務金融學系,D 日,M 碩士,142,0,61,30 臺北市,1 一般
113,0003,國立臺灣大學,04121032,財務金融學系,D 日,B 學士,541,25,104,30 臺北市,1 一般
113,0003,國立臺灣大學,04131026,商學研究所,D 日,D 博士,40,0,7,30 臺北市,1 一般
113,0003,國立臺灣大學,04131026,商學研究所,D 日,M 碩士,137,10,52,30 臺北市,1 一般
113,0003,國立臺灣大學,04131028,管理學院企業管理碩士專班,D 日,M 碩士,186,2,53,30 臺北市,1 一般
113,0003,國立臺灣大學,04131029,工商管理學系,D 日,B 學士,450,12,109,30 臺北市,1 一般
113,0003,國立臺灣大學,04131030,事業經營碩士在職學位學程,N 職,M 碩士,62,1,25,30 臺北市,1 一般
113,0003,國立臺灣大學,04131031,國際企業學系,D 日,D 博士,53,0,2,30 臺北市,1 一般
113,0003,國立臺灣大學,04131031,國際企業學系,D 日,M 碩士,145,0,58,30 臺北市,1 一般
113,0003,國立臺灣大學,04131031,國際企業學系,D 日,B 學士,407,20,91,30 臺北市,1 一般
113,0003,國立臺灣大學,04134022,公共事務研究所,D 日,M 碩士,53,7,12,30 臺北市,1 一般
113,0003,國立臺灣大學,04199034,臺大復旦EMBA境外專班,N 職,M 碩士,259,0,46,30 臺北市,1 一般
113,0003,國立臺灣大學,04199146,管理學院碩士在職專班,N 職,M 碩士,434,2,166,30 臺北市,1 一般
113,0003,國立臺灣大學,04199148,管理學院創業創新管理碩士在職專班,N 職,M 碩士,86,2,23,30 臺北市,1 一般
113,0003,國立臺灣大學,04211035,法律學系,D 日,D 博士,45,0,3,30 臺北市,1 一般
113,0003,國立臺灣大學,04211035,法律學系,D 日,M 碩士,481,0,99,30 臺北市,1 一般
113,0003,國立臺灣大學,04211035,法律學系,D 日,B 學士,796,38,207,30 臺北市,1 一般
113,0003,國立臺灣大學,04212036,科際整合法律學研究所,D 日,M 碩士,153,7,31,30 臺北市,1 一般
113,0003,國立臺灣大學,04212037,事業經營法務碩士在職學位學程,N 職,M 碩士,73,1,8,30 臺北市,1 一般
113,0003,國立臺灣大學,05111038,生命科學系,D 日,D 博士,29,0,8,30 臺北市,1 一般
113,0003,國立臺灣大學,05111038,生命科學系,D 日,M 碩士,82,0,16,30 臺北市,1 一般
113,0003,國立臺灣大學,05111038,生命科學系,D 日,B 學士,259,31,56,30 臺北市,1 一般
113,0003,國立臺灣大學,05111040,植物科學研究所,D 日,D 博士,23,0,3,30 臺北市,1 一般
113,0003,國立臺灣大學,05111040,植物科學研究所,D 日,M 碩士,59,9,18,30 臺北市,1 一般
113,0003,國立臺灣大學,05111041,昆蟲學系,D 日,D 博士,13,0,3,30 臺北市,1 一般
113,0003,國立臺灣大學,05111041,昆蟲學系,D 日,M 碩士,32,0,16,30 臺北市,1 一般
113,0003,國立臺灣大學,05111041,昆蟲學系,D 日,B 學士,135,13,15,30 臺北市,1 一般
113,0003,國立臺灣大學,05121044,生物科技研究所,D 日,D 博士,25,0,5,30 臺北市,1 一般
113,0003,國立臺灣大學,05121044,生物科技研究所,D 日,M 碩士,38,8,12,30 臺北市,1 一般
113,0003,國立臺灣大學,05121045,生化科學研究所,D 日,D 博士,58,0,9,30 臺北市,1 一般
113,0003,國立臺灣大學,05121045,生化科學研究所,D 日,M 碩士,55,7,18,30 臺北市,1 一般
113,0003,國立臺灣大學,05121046,分子與細胞生物學研究所,D 日,D 博士,15,0,1,30 臺北市,1 一般
113,0003,國立臺灣大學,05121046,分子與細胞生物學研究所,D 日,M 碩士,55,9,17,30 臺北市,1 一般
113,0003,國立臺灣大學,05121047,基因體與系統生物學學位學程,D 日,D 博士,31,0,4,30 臺北市,1 一般
113,0003,國立臺灣大學,05121047,基因體與系統生物學學位學程,D 日,M 碩士,16,2,6,30 臺北市,1 一般
113,0003,國立臺灣大學,05121151,生化科技學系,D 日,D 博士,35,0,4,30 臺北市,1 一般
113,0003,國立臺灣大學,05121151,生化科技學系,D 日,M 碩士,111,0,41,30 臺北市,1 一般
113,0003,國立臺灣大學,05121151,生化科技學系,D 日,B 學士,223,20,43,30 臺北市,1 一般
113,0003,國立臺灣大學,05121160,生物科技管理碩士在職學位學程,N 職,M 碩士,59,1,27,30 臺北市,1 一般
113,0003,國立臺灣大學,05121177,植物生物科技產學研發博士學位學程,D 日,D 博士,6,0,0,30 臺北市,1 一般
113,0003,國立臺灣大學,05121179,生物科技與食品營養學士學位學程,D 日,B 學士,33,2,0,30 臺北市,1 一般
113,0003,國立臺灣大學,05123050,生物化學暨分子生物學研究所,D 日,D 博士,22,0,5,30 臺北市,1 一般
113,0003,國立臺灣大學,05123050,生物化學暨分子生物學研究所,D 日,M 碩士,51,11,23,30 臺北市,1 一般
113,0003,國立臺灣大學,05124155,生物資訊學國際研究生博士學位學程,D 日,D 博士,6,0,1,30 臺北市,1 一般
113,0003,國立臺灣大學,05199156,跨領域神經科學國際研究生博士學位學程,D 日,D 博士,19,0,5,30 臺北市,1 一般
113,0003,國立臺灣大學,05199167,生物多樣性國際碩士學位學程,D 日,M 碩士,16,2,8,30 臺北市,1 一般
113,0003,國立臺灣大學,05212043,生態學與演化生物學研究所,D 日,D 博士,16,0,3,30 臺北市,1 一般
113,0003,國立臺灣大學,05212043,生態學與演化生物學研究所,D 日,M 碩士,62,8,15,30 臺北市,1 一般
113,0003,國立臺灣大學,05291178,防災減害與韌性碩士學位學程,D 日,M 碩士,5,1,0,30 臺北市,1 一般
113,0003,國立臺灣大學,05311051,化學系,D 日,D 博士,126,0,17,30 臺北市,1 一般
113,0003,國立臺灣大學,05311051,化學系,D 日,M 碩士,297,0,89,30 臺北市,1 一般
113,0003,國立臺灣大學,05311051,化學系,D 日,B 學士,279,32,56,30 臺北市,1 一般
113,0003,國立臺灣大學,05321052,地質科學系,D 日,D 博士,49,0,3,30 臺北市,1 一般
113,0003,國立臺灣大學,05321052,地質科學系,D 日,M 碩士,76,0,24,30 臺北市,1 一般
113,0003,國立臺灣大學,05321052,地質科學系,D 日,B 學士,141,21,30,30 臺北市,1 一般
113,0003,國立臺灣大學,05321053,氣候變遷與永續發展國際博士學位學程,D 日,D 博士,22,0,2,30 臺北市,1 一般
113,0003,國立臺灣大學,05321053,氣候變遷與永續發展國際碩士學位學程,D 日,M 碩士,34,2,13,30 臺北市,1 一般
113,0003,國立臺灣大學,05321166,地球系統科學國際研究生博士學位學程,D 日,D 博士,15,0,0,30 臺北市,1 一般
113,0003,國立臺灣大學,05322056,大氣科學系,D 日,D 博士,31,0,6,30 臺北市,1 一般
113,0003,國立臺灣大學,05322056,大氣科學系,D 日,M 碩士,40,0,15,30 臺北市,1 一般
113,0003,國立臺灣大學,05322056,大氣科學系,D 日,B 學士,159,15,29,30 臺北市,1 一般
113,0003,國立臺灣大學,05323057,海洋研究所,D 日,D 博士,20,0,1,30 臺北市,1 一般
113,0003,國立臺灣大學,05323057,海洋研究所,D 日,M 碩士,87,32,17,30 臺北市,1 一般
113,0003,國立臺灣大學,05331054,物理學系,D 日,D 博士,109,0,22,30 臺北市,1 一般
113,0003,國立臺灣大學,05331054,物理學系,D 日,M 碩士,181,0,76,30 臺北市,1 一般
113,0003,國立臺灣大學,05331054,物理學系,D 日,B 學士,286,31,60,30 臺北市,1 一般
113,0003,國立臺灣大學,05331055,應用物理學研究所,D 日,D 博士,34,0,3,30 臺北市,1 一般
113,0003,國立臺灣大學,05331055,應用物理學研究所,D 日,M 碩士,52,8,12,30 臺北市,1 一般
113,0003,國立臺灣大學,05332058,天文物理研究所,D 日,D 博士,7,0,0,30 臺北市,1 一般
113,0003,國立臺灣大學,05332058,天文物理研究所,D 日,M 碩士,16,7,4,30 臺北市,1 一般
113,0003,國立臺灣大學,05411059,數學系,D 日,D 博士,15,0,3,30 臺北市,1 一般
113,0003,國立臺灣大學,05411059,數學系,D 日,M 碩士,37,0,20,30 臺北市,1 一般
113,0003,國立臺灣大學,05411059,數學系,D 日,B 學士,201,26,41,30 臺北市,1 一般
113,0003,國立臺灣大學,05421060,統計碩士學位學程,D 日,M 碩士,34,2,16,30 臺北市,1 一般
113,0003,國立臺灣大學,05421168,統計與數據科學研究所,D 日,M 碩士,34,5,12,30 臺北市,1 一般
113,0003,國立臺灣大學,05421176,健康數據拓析統計研究所,D 日,M 碩士,32,5,5,30 臺北市,1 一般
113,0003,國立臺灣大學,05499061,應用數學科學研究所,D 日,M 碩士,15,7,12,30 臺北市,1 一般
113,0003,國立臺灣大學,06131062,資訊管理學系,D 日,D 博士,21,0,1,30 臺北市,1 一般
113,0003,國立臺灣大學,06131062,資訊管理學系,D 日,M 碩士,143,0,56,30 臺北市,1 一般
113,0003,國立臺灣大學,06131062,資訊管理學系,D 日,B 學士,238,16,55,30 臺北市,1 一般
113,0003,國立臺灣大學,06131063,資訊網路與多媒體研究所,D 日,D 博士,44,0,5,30 臺北市,1 一般
113,0003,國立臺灣大學,06131063,資訊網路與多媒體研究所,D 日,M 碩士,149,8,39,30 臺北市,1 一般
113,0003,國立臺灣大學,06131067,資訊工程學系,D 日,D 博士,123,0,8,30 臺北市,1 一般
113,0003,國立臺灣大學,06131067,資訊工程學系,D 日,M 碩士,438,0,132,30 臺北市,1 一般
113,0003,國立臺灣大學,06131067,資訊工程學系,N 職,M 碩士,20,0,5,30 臺北市,1 一般
113,0003,國立臺灣大學,06131067,資訊工程學系,D 日,B 學士,610,32,145,30 臺北市,1 一般
113,0003,國立臺灣大學,06131081,生醫電子與資訊學研究所,D 日,D 博士,63,0,7,30 臺北市,1 一般
113,0003,國立臺灣大學,06131081,生醫電子與資訊學研究所,D 日,M 碩士,151,6,47,30 臺北市,1 一般
113,0003,國立臺灣大學,06131158,資料科學博士學位學程,D 日,D 博士,21,0,0,30 臺北市,1 一般
113,0003,國立臺灣大學,06131158,資料科學碩士學位學程,D 日,M 碩士,33,1,16,30 臺北市,1 一般
113,0003,國立臺灣大學,06199169,智慧聯網國際研究生博士學位學程,D 日,D 博士,16,0,0,30 臺北市,1 一般
113,0003,國立臺灣大學,07111076,化學工程學系,D 日,D 博士,103,0,13,30 臺北市,1 一般
113,0003,國立臺灣大學,07111076,化學工程學系,D 日,M 碩士,272,0,107,30 臺北市,1 一般
113,0003,國立臺灣大學,07111076,化學工程學系,D 日,B 學士,459,38,111,30 臺北市,1 一般
113,0003,國立臺灣大學,07111077,高分子科學與工程學研究所,D 日,D 博士,32,0,4,30 臺北市,1 一般
113,0003,國立臺灣大學,07111077,高分子科學與工程學研究所,D 日,M 碩士,77,7,25,30 臺北市,1 一般
113,0003,國立臺灣大學,07111165,永續化學科技國際研究生博士學位學程,D 日,D 博士,20,0,1,30 臺北市,1 一般
113,0003,國立臺灣大學,07112078,材料科學與工程學系,D 日,D 博士,87,0,16,30 臺北市,1 一般
113,0003,國立臺灣大學,07112078,材料科學與工程學系,D 日,M 碩士,207,0,86,30 臺北市,1 一般
113,0003,國立臺灣大學,07112078,材料科學與工程學系,D 日,B 學士,201,21,47,30 臺北市,1 一般
113,0003,國立臺灣大學,07112084,綠色永續材料與精密元件博士學位學程,D 日,D 博士,3,0,2,30 臺北市,1 一般
113,0003,國立臺灣大學,07112154,分子科學與技術國際研究生博士學位學程,D 日,D 博士,31,0,5,30 臺北市,1 一般
113,0003,國立臺灣大學,07121080,環境工程學研究所,D 日,D 博士,61,0,4,30 臺北市,1 一般
113,0003,國立臺灣大學,07121080,環境工程學研究所,D 日,M 碩士,150,12,43,30 臺北市,1 一般
113,0003,國立臺灣大學,07121080,環境工程學研究所,N 職,M 碩士,18,0,3,30 臺北市,1 一般
113,0003,國立臺灣大學,07141064,電機工程學系,D 日,D 博士,100,0,4,30 臺北市,1 一般
113,0003,國立臺灣大學,07141064,電機工程學系,D 日,M 碩士,295,0,96,30 臺北市,1 一般
113,0003,國立臺灣大學,07141064,電機工程學系,D 日,B 學士,852,64,202,30 臺北市,1 一般
113,0003,國立臺灣大學,07141065,電子工程學研究所,D 日,D 博士,88,0,22,30 臺北市,1 一般
113,0003,國立臺灣大學,07141065,電子工程學研究所,D 日,M 碩士,443,14,144,30 臺北市,1 一般
113,0003,國立臺灣大學,07141066,光電工程學研究所,D 日,D 博士,51,0,4,30 臺北市,1 一般
113,0003,國立臺灣大學,07141066,光電工程學研究所,D 日,M 碩士,309,20,98,30 臺北市,1 一般
113,0003,國立臺灣大學,07141068,電信工程學研究所,D 日,D 博士,106,0,12,30 臺北市,1 一般
113,0003,國立臺灣大學,07141068,電信工程學研究所,D 日,M 碩士,379,13,113,30 臺北市,1 一般
113,0003,國立臺灣大學,07141068,電信工程學研究所智慧科技與資訊安全碩士在職專班,N 職,M 碩士,19,0,10,30 臺北市,1 一般
113,0003,國立臺灣大學,07141173,積體電路設計與自動化博士學位學程,D 日,D 博士,7,0,0,30 臺北市,1 一般
113,0003,國立臺灣大學,07141173,積體電路設計與自動化碩士學位學程,D 日,M 碩士,50,0,7,30 臺北市,1 一般
113,0003,國立臺灣大學,07141174,元件材料與異質整合博士學位學程,D 日,D 博士,36,0,0,30 臺北市,1 一般
113,0003,國立臺灣大學,07141174,元件材料與異質整合碩士學位學程,D 日,M 碩士,57,0,13,30 臺北市,1 一般
113,0003,國立臺灣大學,07141182,國際半導體學士學位學程,D 日,B 學士,2,0,0,30 臺北市,1 一般
113,0003,國立臺灣大學,07151069,機械工程學系,D 日,D 博士,97,0,11,30 臺北市,1 一般
113,0003,國立臺灣大學,07151069,機械工程學系,D 日,M 碩士,512,0,212,30 臺北市,1 一般
113,0003,國立臺灣大學,07151069,機械工程學系,D 日,B 學士,641,53,121,30 臺北市,1 一般
113,0003,國立臺灣大學,07151071,應用力學研究所,D 日,D 博士,34,0,2,30 臺北市,1 一般
113,0003,國立臺灣大學,07151071,應用力學研究所,D 日,M 碩士,209,28,85,30 臺北市,1 一般
113,0003,國立臺灣大學,07151082,工程科學及海洋工程學系,D 日,D 博士,47,0,3,30 臺北市,1 一般
113,0003,國立臺灣大學,07151082,工程科學及海洋工程學系,D 日,M 碩士,239,0,69,30 臺北市,1 一般
113,0003,國立臺灣大學,07151082,工程科學及海洋工程學系,D 日,B 學士,226,25,45,30 臺北市,1 一般
113,0003,國立臺灣大學,07151161,生物機電工程學系,D 日,D 博士,35,0,2,30 臺北市,1 一般
113,0003,國立臺灣大學,07151161,生物機電工程學系,D 日,M 碩士,122,0,43,30 臺北市,1 一般
113,0003,國立臺灣大學,07151161,生物機電工程學系,D 日,B 學士,199,18,33,30 臺北市,1 一般
113,0003,國立臺灣大學,07151180,智慧工程科技全英語學士學位學程,D 日,B 學士,45,1,0,30 臺北市,1 一般
113,0003,國立臺灣大學,07191079,工業工程學研究所,D 日,D 博士,14,0,2,30 臺北市,1 一般
113,0003,國立臺灣大學,07191079,工業工程學研究所,D 日,M 碩士,81,7,25,30 臺北市,1 一般
113,0003,國立臺灣大學,07191079,工業工程學研究所,N 職,M 碩士,39,0,19,30 臺北市,1 一般
113,0003,國立臺灣大學,07193083,醫學工程學系,D 日,D 博士,101,0,6,30 臺北市,1 一般
113,0003,國立臺灣大學,07193083,醫學工程學系,D 日,M 碩士,141,0,38,30 臺北市,1 一般
113,0003,國立臺灣大學,07193083,醫學工程學系,D 日,B 學士,100,12,25,30 臺北市,1 一般
113,0003,國立臺灣大學,07193181,精準健康博士學位學程,D 日,D 博士,18,0,0,30 臺北市,1 一般
113,0003,國立臺灣大學,07193181,精準健康碩士學位學程,D 日,M 碩士,21,0,0,30 臺北市,1 一般
113,0003,國立臺灣大學,07194175,奈米工程與科學博士學位學程,D 日,D 博士,13,0,0,30 臺北市,1 一般
113,0003,國立臺灣大學,07194175,奈米工程與科學碩士學位學程,D 日,M 碩士,45,0,7,30 臺北市,1 一般
113,0003,國立臺灣大學,07199X46,重點科技研究學院,D 日,,0,5,0,30 臺北市,1 一般
113,0003,國立臺灣大學,07211099,食品科技研究所,D 日,D 博士,33,0,1,30 臺北市,1 一般
113,0003,國立臺灣大學,07211099,食品科技研究所,D 日,M 碩士,91,11,37,30 臺北市,1 一般
113,0003,國立臺灣大學,07313086,建築與城鄉研究所,D 日,D 博士,24,0,1,30 臺北市,1 一般
113,0003,國立臺灣大學,07313086,建築與城鄉研究所,D 日,M 碩士,141,9,35,30 臺北市,1 一般
113,0003,國立臺灣大學,07321074,土木工程學系,D 日,D 博士,152,0,14,30 臺北市,1 一般
113,0003,國立臺灣大學,07321074,土木工程學系,D 日,M 碩士,436,0,172,30 臺北市,1 一般
113,0003,國立臺灣大學,07321074,土木工程學系,N 職,M 碩士,64,0,17,30 臺北市,1 一般
113,0003,國立臺灣大學,07321074,土木工程學系,D 日,B 學士,472,56,93,30 臺北市,1 一般
113,0003,國立臺灣大學,07321075,生物環境系統工程學系,D 日,D 博士,33,0,2,30 臺北市,1 一般
113,0003,國立臺灣大學,07321075,生物環境系統工程學系,D 日,M 碩士,89,0,29,30 臺北市,1 一般
113,0003,國立臺灣大學,07321075,生物環境系統工程學系,D 日,B 學士,196,22,40,30 臺北市,1 一般
113,0003,國立臺灣大學,08111087,農藝學系,D 日,D 博士,17,0,0,30 臺北市,1 一般
113,0003,國立臺灣大學,08111087,農藝學系,D 日,M 碩士,58,0,32,30 臺北市,1 一般
113,0003,國立臺灣大學,08111087,農藝學系,D 日,B 學士,130,20,30,30 臺北市,1 一般
113,0003,國立臺灣大學,08112089,動物科學技術學系,D 日,D 博士,16,0,1,30 臺北市,1 一般
113,0003,國立臺灣大學,08112089,動物科學技術學系,D 日,M 碩士,53,0,29,30 臺北市,1 一般
113,0003,國立臺灣大學,08112089,動物科學技術學系,D 日,B 學士,140,17,38,30 臺北市,1 一般
113,0003,國立臺灣大學,08121091,園藝暨景觀學系,D 日,D 博士,33,0,4,30 臺北市,1 一般
113,0003,國立臺灣大學,08121091,園藝暨景觀學系,D 日,M 碩士,113,0,49,30 臺北市,1 一般
113,0003,國立臺灣大學,08121091,園藝暨景觀學系,D 日,B 學士,212,19,31,30 臺北市,1 一般
113,0003,國立臺灣大學,08191100,農業化學系,D 日,D 博士,24,0,4,30 臺北市,1 一般
113,0003,國立臺灣大學,08191100,農業化學系,D 日,M 碩士,63,0,17,30 臺北市,1 一般
113,0003,國立臺灣大學,08191100,農業化學系,D 日,B 學士,175,16,34,30 臺北市,1 一般
113,0003,國立臺灣大學,08192164,全球農業科技與基因體科學碩士學位學程,D 日,M 碩士,10,1,10,30 臺北市,1 一般
113,0003,國立臺灣大學,08193096,農業經濟學系,D 日,D 博士,13,0,1,30 臺北市,1 一般
113,0003,國立臺灣大學,08193096,農業經濟學系,D 日,M 碩士,91,0,33,30 臺北市,1 一般
113,0003,國立臺灣大學,08193096,農業經濟學系,N 職,M 碩士,62,0,25,30 臺北市,1 一般
113,0003,國立臺灣大學,08193096,農業經濟學系,D 日,B 學士,187,12,31,30 臺北市,1 一般
113,0003,國立臺灣大學,08193098,生物產業傳播暨發展學系,D 日,D 博士,20,0,1,30 臺北市,1 一般
113,0003,國立臺灣大學,08193098,生物產業傳播暨發展學系,D 日,M 碩士,29,0,11,30 臺北市,1 一般
113,0003,國立臺灣大學,08193098,生物產業傳播暨發展學系,N 職,M 碩士,45,0,12,30 臺北市,1 一般
113,0003,國立臺灣大學,08193098,生物產業傳播暨發展學系,D 日,B 學士,255,14,58,30 臺北市,1 一般
113,0003,國立臺灣大學,08194094,植物病理與微生物學系,D 日,D 博士,8,0,2,30 臺北市,1 一般
113,0003,國立臺灣大學,08194094,植物病理與微生物學系,D 日,M 碩士,59,0,8,30 臺北市,1 一般
113,0003,國立臺灣大學,08194094,植物病理與微生物學系,D 日,B 學士,125,10,27,30 臺北市,1 一般
113,0003,國立臺灣大學,08194095,植物醫學碩士學位學程,D 日,M 碩士,38,1,8,30 臺北市,1 一般
113,0003,國立臺灣大學,08211102,森林環境暨資源學系,D 日,D 博士,23,0,5,30 臺北市,1 一般
113,0003,國立臺灣大學,08211102,森林環境暨資源學系,D 日,M 碩士,129,0,36,30 臺北市,1 一般
113,0003,國立臺灣大學,08211102,森林環境暨資源學系,D 日,B 學士,263,23,50,30 臺北市,1 一般
113,0003,國立臺灣大學,08311103,漁業科學研究所,D 日,D 博士,24,0,3,30 臺北市,1 一般
113,0003,國立臺灣大學,08311103,漁業科學研究所,D 日,M 碩士,45,8,13,30 臺北市,1 一般
113,0003,國立臺灣大學,08411104,獸醫學系,D 日,D 博士,24,0,2,30 臺北市,1 一般
113,0003,國立臺灣大學,08411104,獸醫學系,D 日,M 碩士,39,0,12,30 臺北市,1 一般
113,0003,國立臺灣大學,08411104,獸醫學系,D 日,B 學士,365,17,66,30 臺北市,1 一般
113,0003,國立臺灣大學,08411105,臨床動物醫學研究所,D 日,M 碩士,39,12,10,30 臺北市,1 一般
113,0003,國立臺灣大學,08411106,分子暨比較病理生物學研究所,D 日,M 碩士,17,6,10,30 臺北市,1 一般
113,0003,國立臺灣大學,09111137,牙醫學系,D 日,B 學士,219,18,33,30 臺北市,1 一般
113,0003,國立臺灣大學,09111138,臨床牙醫學研究所,D 日,D 博士,21,0,4,30 臺北市,1 一般
113,0003,國立臺灣大學,09111138,臨床牙醫學研究所,D 日,M 碩士,50,7,20,30 臺北市,1 一般
113,0003,國立臺灣大學,09111138,臨床牙醫學研究所,N 職,M 碩士,6,0,7,30 臺北市,1 一般
113,0003,國立臺灣大學,09111139,口腔生物科學研究所,D 日,D 博士,10,0,2,30 臺北市,1 一般
113,0003,國立臺灣大學,09111139,口腔生物科學研究所,D 日,M 碩士,27,7,14,30 臺北市,1 一般
113,0003,國立臺灣大學,09121048,微生物學研究所,D 日,D 博士,17,0,3,30 臺北市,1 一般
113,0003,國立臺灣大學,09121048,微生物學研究所,D 日,M 碩士,66,12,32,30 臺北市,1 一般
113,0003,國立臺灣大學,09121107,醫學系,D 日,B 學士,884,151,153,30 臺北市,1 一般
113,0003,國立臺灣大學,09121108,臨床醫學研究所,D 日,D 博士,127,8,14,30 臺北市,1 一般
113,0003,國立臺灣大學,09121108,臨床醫學研究所,N 職,M 碩士,71,0,27,30 臺北市,1 一般
113,0003,國立臺灣大學,09121109,分子醫學研究所,D 日,D 博士,11,0,5,30 臺北市,1 一般
113,0003,國立臺灣大學,09121109,分子醫學研究所,D 日,M 碩士,28,7,16,30 臺北市,1 一般
113,0003,國立臺灣大學,09121109,分子醫學研究所,N 職,M 碩士,25,0,12,30 臺北市,1 一般
113,0003,國立臺灣大學,09121110,免疫學研究所,D 日,D 博士,11,0,2,30 臺北市,1 一般
113,0003,國立臺灣大學,09121110,免疫學研究所,D 日,M 碩士,27,7,12,30 臺北市,1 一般
113,0003,國立臺灣大學,09121111,生理學研究所,D 日,D 博士,20,0,3,30 臺北市,1 一般
113,0003,國立臺灣大學,09121111,生理學研究所,D 日,M 碩士,37,10,16,30 臺北市,1 一般
113,0003,國立臺灣大學,09121112,病理學研究所,D 日,D 博士,12,0,0,30 臺北市,1 一般
113,0003,國立臺灣大學,09121112,病理學研究所,D 日,M 碩士,13,11,6,30 臺北市,1 一般
113,0003,國立臺灣大學,09121114,解剖學暨細胞生物學研究所,D 日,D 博士,24,0,1,30 臺北市,1 一般
113,0003,國立臺灣大學,09121114,解剖學暨細胞生物學研究所,D 日,M 碩士,25,13,7,30 臺北市,1 一般
113,0003,國立臺灣大學,09121118,腫瘤醫學研究所,D 日,D 博士,18,9,0,30 臺北市,1 一般
113,0003,國立臺灣大學,09121119,轉譯醫學博士學位學程,D 日,D 博士,6,0,1,30 臺北市,1 一般
113,0003,國立臺灣大學,09121120,基因體暨蛋白體醫學研究所,D 日,D 博士,14,0,5,30 臺北市,1 一般
113,0003,國立臺灣大學,09121120,基因體暨蛋白體醫學研究所,D 日,M 碩士,20,7,11,30 臺北市,1 一般
113,0003,國立臺灣大學,09121121,醫學教育暨生醫倫理研究所,D 日,M 碩士,19,9,2,30 臺北市,1 一般
113,0003,國立臺灣大學,09121130,藥理學研究所,D 日,D 博士,31,0,2,30 臺北市,1 一般
113,0003,國立臺灣大學,09121130,藥理學研究所,D 日,M 碩士,36,10,18,30 臺北市,1 一般
113,0003,國立臺灣大學,09121140,法醫學研究所,D 日,M 碩士,19,5,6,30 臺北市,1 一般
113,0003,國立臺灣大學,09121142,腦與心智科學研究所,D 日,M 碩士,33,5,9,30 臺北市,1 一般
113,0003,國立臺灣大學,09131134,護理學系,D 日,D 博士,49,0,7,30 臺北市,1 一般
113,0003,國立臺灣大學,09131134,護理學系,D 日,M 碩士,98,0,18,30 臺北市,1 一般
113,0003,國立臺灣大學,09131134,護理學系,D 日,B 學士,255,28,51,30 臺北市,1 一般
113,0003,國立臺灣大學,09141136,醫學檢驗暨生物技術學系,D 日,D 博士,17,0,3,30 臺北市,1 一般
113,0003,國立臺灣大學,09141136,醫學檢驗暨生物技術學系,D 日,M 碩士,51,0,23,30 臺北市,1 一般
113,0003,國立臺灣大學,09141136,醫學檢驗暨生物技術學系,D 日,B 學士,166,17,23,30 臺北市,1 一般
113,0003,國立臺灣大學,09141143,醫療器材與醫學影像研究所,D 日,D 博士,6,0,0,30 臺北市,1 一般
113,0003,國立臺灣大學,09141143,醫療器材與醫學影像研究所,D 日,M 碩士,20,7,5,30 臺北市,1 一般
113,0003,國立臺灣大學,09151132,物理治療學系,D 日,D 博士,16,0,1,30 臺北市,1 一般
113,0003,國立臺灣大學,09151132,物理治療學系,D 日,M 碩士,36,0,11,30 臺北市,1 一般
113,0003,國立臺灣大學,09151132,物理治療學系,D 日,B 學士,212,14,32,30 臺北市,1 一般
113,0003,國立臺灣大學,09152133,職能治療學系,D 日,D 博士,16,0,3,30 臺北市,1 一般
113,0003,國立臺灣大學,09152133,職能治療學系,D 日,M 碩士,30,0,10,30 臺北市,1 一般
113,0003,國立臺灣大學,09152133,職能治療學系,D 日,B 學士,143,12,37,30 臺北市,1 一般
113,0003,國立臺灣大學,09161129,藥學系,D 日,D 博士,18,0,2,30 臺北市,1 一般
113,0003,國立臺灣大學,09161129,藥學系,D 日,M 碩士,51,0,17,30 臺北市,1 一般
113,0003,國立臺灣大學,09161129,藥學系,D 日,B 學士,287,15,40,30 臺北市,1 一般
113,0003,國立臺灣大學,09161131,臨床藥學研究所,D 日,D 博士,12,0,1,30 臺北市,1 一般
113,0003,國立臺灣大學,09161131,臨床藥學研究所,D 日,M 碩士,15,6,9,30 臺北市,1 一般
113,0003,國立臺灣大學,09191122,公共衛生碩士學位學程,D 日,M 碩士,82,0,24,30 臺北市,1 一般
113,0003,國立臺灣大學,09191122,公共衛生學系,D 日,B 學士,155,12,36,30 臺北市,1 一般
113,0003,國立臺灣大學,09191126,流行病學與預防醫學研究所,D 日,D 博士,68,0,9,30 臺北市,1 一般
113,0003,國立臺灣大學,09191126,流行病學與預防醫學研究所,D 日,M 碩士,62,13,30,30 臺北市,1 一般
113,0003,國立臺灣大學,09191126,流行病學與預防醫學研究所,N 職,M 碩士,14,0,4,30 臺北市,1 一般
113,0003,國立臺灣大學,09191127,健康政策與管理研究所,D 日,D 博士,58,0,7,30 臺北市,1 一般
113,0003,國立臺灣大學,09191127,健康政策與管理研究所,D 日,M 碩士,52,10,16,30 臺北市,1 一般
113,0003,國立臺灣大學,09191127,健康政策與管理研究所高階經營碩士在職專班,N 職,M 碩士,61,0,16,30 臺北市,1 一般
113,0003,國立臺灣大學,09191128,健康行為與社區科學研究所,D 日,M 碩士,27,6,19,30 臺北市,1 一般
113,0003,國立臺灣大學,09191157,食品安全與健康研究所,D 日,M 碩士,30,5,15,30 臺北市,1 一般
113,0003,國立臺灣大學,09191162,環境與職業健康科學研究所,D 日,D 博士,40,0,4,30 臺北市,1 一般
113,0003,國立臺灣大學,09191162,環境與職業健康科學研究所,D 日,M 碩士,75,11,34,30 臺北市,1 一般
113,0003,國立臺灣大學,09191163,全球衛生博士學位學程,D 日,D 博士,13,0,0,30 臺北市,1 一般
113,0003,國立臺灣大學,09191163,全球衛生碩士學位學程,D 日,M 碩士,20,4,8,30 臺北市,1 一般
113,0003,國立臺灣大學,09199141,毒理學研究所,D 日,D 博士,19,0,2,30 臺北市,1 一般
113,0003,國立臺灣大學,09199141,毒理學研究所,D 日,M 碩士,19,7,6,30 臺北市,1 一般
113,0003,國立臺灣大學,09199159,國際三校農業生技與健康醫療碩士學位學程,D 日,M 碩士,10,1,2,30 臺北市,1 一般
113,0003,國立臺灣大學,09199170,智慧醫療與健康資訊碩士學位學程,D 日,M 碩士,26,0,4,30 臺北市,1 一般
113,0003,國立臺灣大學,09231144,社會工作學系,D 日,D 博士,24,0,2,30 臺北市,1 一般
113,0003,國立臺灣大學,09231144,社會工作學系,D 日,M 碩士,66,0,16,30 臺北市,1 一般
113,0003,國立臺灣大學,09231144,社會工作學系,D 日,B 學士,221,14,52,30 臺北市,1 一般
113,0003,國立臺灣大學,10152145,運動設施與健康管理碩士學位學程,D 日,M 碩士,40,3,14,30 臺北市,1 一般
113,0003,國立臺灣大學,10152171,國際體育運動事務學士學位學程,D 日,B 學士,38,2,0,30 臺北市,1 一般
113,0003,國立臺灣大學,99999172,創新領域學士學位學程,D 日,B 學士,24,4,5,30 臺北市,1 一般
113,0003,國立臺灣大學,99999Z01,通識及共同科目,D 日,,0,44,0,30 臺北市,1 一般
113,0003,國立臺灣大學,99999Z99,其他(包括行政助教),D 日,,0,1,0,30 臺北市,1 一般
113,0004,國立臺灣師範大學,01111001,教育學系,D 日,D 博士,80,0,6,30 臺北市,1 一般
113,0004,國立臺灣師範大學,01111001,教育學系,D 日,M 碩士,67,0,25,30 臺北市,1 一般
113,0004,國立臺灣師範大學,01111001,教育學系,N 職,M 碩士,135,0,8,30 臺北市,1 一般
113,0004,國立臺灣師範大學,01111001,教育學系,D 日,B 學士,280,19,51,30 臺北市,1 一般
113,0004,國立臺灣師範大學,01111088,科學—科技—工程—數學整合教育國際博士學位學程,D 日,D 博士,4,2,0,30 臺北市,1 一般
113,0004,國立臺灣師範大學,01113018,特殊教育學系,D 日,D 博士,43,0,3,30 臺北市,1 一般
113,0004,國立臺灣師範大學,01113018,特殊教育學系,D 日,M 碩士,60,0,20,30 臺北市,1 一般
113,0004,國立臺灣師範大學,01113018,特殊教育學系,N 職,M 碩士,89,0,16,30 臺北市,1 一般
113,0004,國立臺灣師範大學,01113018,特殊教育學系,D 日,B 學士,175,15,36,30 臺北市,1 一般
113,0004,國立臺灣師範大學,01114019,教育政策與行政研究所,D 日,M 碩士,47,5,8,30 臺北市,1 一般
113,0004,國立臺灣師範大學,01115002,課程與教學研究所,D 日,D 博士,38,0,6,30 臺北市,1 一般
113,0004,國立臺灣師範大學,01115002,課程與教學研究所,D 日,M 碩士,35,7,11,30 臺北市,1 一般
113,0004,國立臺灣師範大學,01115006,科學教育研究所,D 日,D 博士,22,0,5,30 臺北市,1 一般
113,0004,國立臺灣師範大學,01115006,科學教育研究所,D 日,M 碩士,73,11,14,30 臺北市,1 一般
113,0004,國立臺灣師範大學,01116014,資訊教育研究所,D 日,D 博士,18,0,2,30 臺北市,1 一般
113,0004,國立臺灣師範大學,01116014,資訊教育研究所,D 日,M 碩士,54,7,24,30 臺北市,1 一般
113,0004,國立臺灣師範大學,01116079,學習科學學士學位學程,D 日,B 學士,73,8,12,30 臺北市,1 一般
113,0004,國立臺灣師範大學,01118010,工業教育學系,D 日,M 碩士,71,0,27,30 臺北市,1 一般
113,0004,國立臺灣師範大學,01131004,公民教育與活動領導學系,D 日,D 博士,39,0,10,30 臺北市,1 一般
113,0004,國立臺灣師範大學,01131004,公民教育與活動領導學系,D 日,M 碩士,71,0,22,30 臺北市,1 一般
113,0004,國立臺灣師範大學,01131004,公民教育與活動領導學系,N 職,M 碩士,64,0,8,30 臺北市,1 一般
113,0004,國立臺灣師範大學,01131004,公民教育與活動領導學系,D 日,B 學士,378,16,81,30 臺北市,1 一般
113,0004,國立臺灣師範大學,01131009,社會教育學系,D 日,D 博士,28,0,7,30 臺北市,1 一般
113,0004,國立臺灣師範大學,01131009,社會教育學系,D 日,M 碩士,76,0,15,30 臺北市,1 一般
113,0004,國立臺灣師範大學,01131009,社會教育學系社會教育與文化行政碩士在職專班,N 職,M 碩士,53,0,6,30 臺北市,1 一般
113,0004,國立臺灣師範大學,01131009,社會教育學系,D 日,B 學士,225,11,50,30 臺北市,1 一般
113,0004,國立臺灣師範大學,01131017,健康促進與衛生教育學系,D 日,M 碩士,66,0,22,30 臺北市,1 一般
113,0004,國立臺灣師範大學,01131017,健康促進與衛生教育學系,D 日,B 學士,166,15,46,30 臺北市,1 一般
113,0004,國立臺灣師範大學,01141010,工業教育學系,D 日,D 博士,33,0,6,30 臺北市,1 一般
113,0004,國立臺灣師範大學,01141010,工業教育學系,N 職,M 碩士,129,0,34,30 臺北市,1 一般
113,0004,國立臺灣師範大學,01141010,工業教育學系,D 日,B 學士,123,9,22,30 臺北市,1 一般
113,0004,國立臺灣師範大學,01141017,健康促進與衛生教育學系,D 日,D 博士,57,0,11,30 臺北市,1 一般
113,0004,國立臺灣師範大學,01141017,健康促進與衛生教育學系健康促進與衛生教育碩士在職專班,N 職,M 碩士,114,0,21,30 臺北市,1 一般
113,0004,國立臺灣師範大學,01141087,體育與運動科學系,D 日,D 博士,114,0,17,30 臺北市,1 一般
113,0004,國立臺灣師範大學,01141087,體育與運動科學系,D 日,M 碩士,166,0,38,30 臺北市,1 一般
113,0004,國立臺灣師範大學,01141087,體育與運動科學系,N 職,M 碩士,60,0,19,30 臺北市,1 一般
113,0004,國立臺灣師範大學,01141087,體育與運動科學系,D 日,B 學士,252,31,57,30 臺北市,1 一般
113,0004,國立臺灣師範大學,01141090,幼兒與家庭科學學系,D 日,D 博士,30,0,5,30 臺北市,1 一般
113,0004,國立臺灣師範大學,01141090,幼兒與家庭科學學系,D 日,M 碩士,69,0,18,30 臺北市,1 一般
113,0004,國立臺灣師範大學,01141090,幼兒與家庭科學學系幼兒教育碩士在職專班,N 職,M 碩士,1,0,0,30 臺北市,1 一般
113,0004,國立臺灣師範大學,01141090,幼兒與家庭科學學系,D 日,B 學士,303,12,82,30 臺北市,1 一般
113,0004,國立臺灣師範大學,01141091,永續管理與環境教育研究所,D 日,D 博士,19,0,3,30 臺北市,1 一般
113,0004,國立臺灣師範大學,01141091,永續管理與環境教育研究所,D 日,M 碩士,46,6,12,30 臺北市,1 一般
113,0004,國立臺灣師範大學,01199021,教育學院創造力發展碩士在職專班,N 職,M 碩士,112,0,34,30 臺北市,1 一般
113,0004,國立臺灣師範大學,01199021,教育學院學士班,D 日,B 學士,54,0,0,30 臺北市,1 一般
113,0004,國立臺灣師範大學,01199022,科技應用與人力資源發展學系,D 日,D 博士,40,0,1,30 臺北市,1 一般
113,0004,國立臺灣師範大學,01199022,科技應用與人力資源發展學系,D 日,M 碩士,77,0,34,30 臺北市,1 一般
113,0004,國立臺灣師範大學,01199022,科技應用與人力資源發展學系人力資源發展碩士在職專班,N 職,M 碩士,98,0,23,30 臺北市,1 一般
113,0004,國立臺灣師範大學,01199022,科技應用與人力資源發展學系,D 日,B 學士,263,15,49,30 臺北市,1 一般
113,0004,國立臺灣師範大學,01199Y03,教育學院,D 日,,0,1,0,30 臺北市,1 一般
113,0004,國立臺灣師範大學,02112037,設計學系,D 日,D 博士,32,0,7,30 臺北市,1 一般
113,0004,國立臺灣師範大學,02112037,設計學系,D 日,M 碩士,72,0,34,30 臺北市,1 一般
113,0004,國立臺灣師範大學,02112037,設計學系設計創作碩士在職專班,N 職,M 碩士,77,0,21,30 臺北市,1 一般
113,0004,國立臺灣師範大學,02112037,設計學系,D 日,B 學士,173,13,36,30 臺北市,1 一般
113,0004,國立臺灣師範大學,02131023,美術學系,D 日,D 博士,87,0,13,30 臺北市,1 一般
113,0004,國立臺灣師範大學,02131023,美術學系,D 日,M 碩士,138,0,16,30 臺北市,1 一般
113,0004,國立臺灣師範大學,02131023,美術學系,N 職,M 碩士,171,0,39,30 臺北市,1 一般
113,0004,國立臺灣師範大學,02131023,美術學系,D 日,B 學士,206,18,41,30 臺北市,1 一般
113,0004,國立臺灣師範大學,02151024,音樂學系,D 日,D 博士,36,0,4,30 臺北市,1 一般
113,0004,國立臺灣師範大學,02151024,音樂學系,D 日,M 碩士,147,0,35,30 臺北市,1 一般
113,0004,國立臺灣師範大學,02151024,音樂學系,N 職,M 碩士,178,0,42,30 臺北市,1 一般
113,0004,國立臺灣師範大學,02151024,音樂學系,D 日,B 學士,264,24,52,30 臺北市,1 一般
113,0004,國立臺灣師範大學,02151025,民族音樂研究所,D 日,M 碩士,59,4,10,30 臺北市,1 一般
113,0004,國立臺灣師範大學,02152027,表演藝術研究所,D 日,M 碩士,92,0,29,30 臺北市,1 一般
113,0004,國立臺灣師範大學,02152027,表演藝術學士學位學程,D 日,B 學士,94,9,18,30 臺北市,1 一般
113,0004,國立臺灣師範大學,02191026,藝術史研究所,D 日,M 碩士,60,6,11,30 臺北市,1 一般
113,0004,國立臺灣師範大學,02221035,歷史學系,D 日,D 博士,17,0,3,30 臺北市,1 一般
113,0004,國立臺灣師範大學,02221035,歷史學系,D 日,M 碩士,69,0,25,30 臺北市,1 一般
113,0004,國立臺灣師範大學,02221035,歷史學系歷史教學碩士在職專班,N 職,M 碩士,1,0,3,30 臺北市,1 一般
113,0004,國立臺灣師範大學,02221035,歷史學系,D 日,B 學士,252,19,39,30 臺北市,1 一般
113,0004,國立臺灣師範大學,02221036,臺灣史研究所,D 日,M 碩士,53,5,8,30 臺北市,1 一般
113,0004,國立臺灣師範大學,02299045,歐洲文化與觀光研究所,D 日,M 碩士,47,6,11,30 臺北市,1 一般
113,0004,國立臺灣師範大學,02299Y15,文學院,D 日,,0,2,0,30 臺北市,1 一般
113,0004,國立臺灣師範大學,02311033,英語學系,D 日,D 博士,35,0,3,30 臺北市,1 一般
113,0004,國立臺灣師範大學,02311033,英語學系,D 日,M 碩士,154,0,49,30 臺北市,1 一般
113,0004,國立臺灣師範大學,02311033,英語學系英語教學碩士在職專班,N 職,M 碩士,49,0,6,30 臺北市,1 一般
113,0004,國立臺灣師範大學,02311033,英語學系,D 日,B 學士,350,44,71,30 臺北市,1 一般
113,0004,國立臺灣師範大學,02312034,翻譯研究所,D 日,D 博士,27,0,9,30 臺北市,1 一般
113,0004,國立臺灣師範大學,02312034,翻譯研究所,D 日,M 碩士,84,8,26,30 臺北市,1 一般
113,0004,國立臺灣師範大學,02312034,翻譯研究所軍事口譯碩士在職專班,N 職,M 碩士,11,0,5,30 臺北市,1 一般
113,0004,國立臺灣師範大學,02313005,華語文教學系,D 日,D 博士,65,0,4,30 臺北市,1 一般
113,0004,國立臺灣師範大學,02313005,華語文教學系,D 日,M 碩士,223,0,53,30 臺北市,1 一般
113,0004,國立臺灣師範大學,02313005,華語文教學系海外華語師資數位碩士在職專班,N 職,M 碩士,87,0,15,30 臺北市,1 一般
113,0004,國立臺灣師範大學,02313005,華語文教學系,D 日,B 學士,401,25,117,30 臺北市,1 一般
113,0004,國立臺灣師範大學,02321028,臺灣語文學系,D 日,D 博士,27,0,2,30 臺北市,1 一般
113,0004,國立臺灣師範大學,02321028,臺灣語文學系,D 日,M 碩士,62,0,5,30 臺北市,1 一般
113,0004,國立臺灣師範大學,02321028,臺灣語文學系,D 日,B 學士,98,13,16,30 臺北市,1 一般
113,0004,國立臺灣師範大學,02322029,國文學系,D 日,D 博士,53,0,5,30 臺北市,1 一般
113,0004,國立臺灣師範大學,02322029,國文學系,D 日,M 碩士,86,0,16,30 臺北市,1 一般
113,0004,國立臺灣師範大學,02322029,國文學系,N 職,M 碩士,85,0,7,30 臺北市,1 一般
113,0004,國立臺灣師範大學,02322029,國文學系,D 日,B 學士,436,42,93,30 臺北市,1 一般
113,0004,國立臺灣師範大學,03121039,政治學研究所,D 日,,0,4,0,30 臺北市,1 一般
113,0004,國立臺灣師範大學,03121039,政治學研究所,D 日,D 博士,1,0,0,30 臺北市,1 一般
113,0004,國立臺灣師範大學,03122042,東亞學系國家安全與國際事務研究碩士在職專班,N 職,M 碩士,37,0,0,30 臺北市,1 一般
113,0004,國立臺灣師範大學,03131003,教育心理與輔導學系,D 日,D 博士,67,0,5,30 臺北市,1 一般
113,0004,國立臺灣師範大學,03131003,教育心理與輔導學系,D 日,M 碩士,130,0,34,30 臺北市,1 一般
113,0004,國立臺灣師範大學,03131003,教育心理與輔導學系,N 職,M 碩士,86,0,19,30 臺北市,1 一般
113,0004,國立臺灣師範大學,03131003,教育心理與輔導學系,D 日,B 學士,195,26,41,30 臺北市,1 一般
113,0004,國立臺灣師範大學,03131089,成癮防制碩士在職學位學程,N 職,M 碩士,56,0,3,30 臺北市,1 一般
113,0004,國立臺灣師範大學,03142041,地理學系,D 日,D 博士,25,0,2,30 臺北市,1 一般
113,0004,國立臺灣師範大學,03142041,地理學系,D 日,M 碩士,66,0,23,30 臺北市,1 一般
113,0004,國立臺灣師範大學,03142041,地理學系,N 職,M 碩士,55,0,12,30 臺北市,1 一般
113,0004,國立臺灣師範大學,03142041,地理學系,D 日,B 學士,349,27,64,30 臺北市,1 一般
113,0004,國立臺灣師範大學,03143042,東亞學系,D 日,D 博士,26,0,1,30 臺北市,1 一般
113,0004,國立臺灣師範大學,03143042,東亞學系,D 日,M 碩士,86,0,17,30 臺北市,1 一般
113,0004,國立臺灣師範大學,03143042,東亞學系,D 日,B 學士,243,11,50,30 臺北市,1 一般
113,0004,國立臺灣師範大學,03143095,全球研究全英語學士學位學程,D 日,B 學士,17,0,0,30 臺北市,1 一般
113,0004,國立臺灣師範大學,03199070,復健諮商研究所,D 日,M 碩士,0,0,7,30 臺北市,1 一般
113,0004,國立臺灣師範大學,03199094,復健諮商與高齡福祉研究所,D 日,M 碩士,26,5,0,30 臺北市,1 一般
113,0004,國立臺灣師範大學,03211048,大眾傳播研究所,D 日,M 碩士,90,7,23,30 臺北市,1 一般
113,0004,國立臺灣師範大學,03214050,圖文傳播學系,D 日,M 碩士,63,0,28,30 臺北市,1 一般
113,0004,國立臺灣師範大學,03214050,圖文傳播學系,N 職,M 碩士,104,0,21,30 臺北市,1 一般
113,0004,國立臺灣師範大學,03214050,圖文傳播學系,D 日,B 學士,199,7,44,30 臺北市,1 一般
113,0004,國立臺灣師範大學,03222049,圖書資訊學研究所,D 日,D 博士,8,0,2,30 臺北市,1 一般
113,0004,國立臺灣師範大學,03222049,圖書資訊學研究所,D 日,M 碩士,43,7,17,30 臺北市,1 一般
113,0004,國立臺灣師範大學,03222049,圖書資訊學研究所,N 職,M 碩士,95,0,25,30 臺北市,1 一般
113,0004,國立臺灣師範大學,04131047,全球經營與策略研究所,D 日,M 碩士,62,7,23,30 臺北市,1 一般
113,0004,國立臺灣師範大學,04131051,企業管理學系,D 日,B 學士,244,7,55,30 臺北市,1 一般
113,0004,國立臺灣師範大學,04131052,管理研究所,D 日,M 碩士,95,8,30,30 臺北市,1 一般
113,0004,國立臺灣師範大學,04131055,管理學院高階經理人企業管理碩士在職專班,N 職,M 碩士,168,2,72,30 臺北市,1 一般
113,0004,國立臺灣師範大學,04131082,運動與休閒學院樂活產業高階經理人企業管理碩士在職專班,N 職,M 碩士,69,2,30,30 臺北市,1 一般
113,0004,國立臺灣師範大學,04191054,國際人力資源發展研究所,D 日,M 碩士,67,6,30,30 臺北市,1 一般
113,0004,國立臺灣師範大學,05111056,生命科學系,D 日,D 博士,24,0,2,30 臺北市,1 一般
113,0004,國立臺灣師範大學,05111056,生命科學系,D 日,M 碩士,84,0,32,30 臺北市,1 一般
113,0004,國立臺灣師範大學,05111056,生命科學系,D 日,B 學士,241,27,48,30 臺北市,1 一般
113,0004,國立臺灣師範大學,05111057,生物多樣性國際研究生博士學位學程,D 日,D 博士,26,0,3,30 臺北市,1 一般
113,0004,國立臺灣師範大學,05121084,生技醫藥產業碩士學位學程,D 日,M 碩士,18,3,5,30 臺北市,1 一般
113,0004,國立臺灣師範大學,05191083,營養科學碩士學位學程,D 日,M 碩士,29,0,10,30 臺北市,1 一般
113,0004,國立臺灣師範大學,05191083,營養科學學士學位學程,D 日,B 學士,133,8,37,30 臺北市,1 一般
113,0004,國立臺灣師範大學,05311059,化學系,D 日,D 博士,28,0,8,30 臺北市,1 一般
113,0004,國立臺灣師範大學,05311059,化學系,D 日,M 碩士,178,0,79,30 臺北市,1 一般
113,0004,國立臺灣師範大學,05311059,化學系,D 日,B 學士,318,25,71,30 臺北市,1 一般
113,0004,國立臺灣師範大學,05321060,地球科學系,D 日,D 博士,16,0,1,30 臺北市,1 一般
113,0004,國立臺灣師範大學,05321060,地球科學系,D 日,M 碩士,67,0,12,30 臺北市,1 一般
113,0004,國立臺灣師範大學,05321060,地球科學系,D 日,B 學士,164,16,35,30 臺北市,1 一般
113,0004,國立臺灣師範大學,05323069,海洋環境科技研究所,D 日,,0,5,0,30 臺北市,1 一般
113,0004,國立臺灣師範大學,05331061,物理學系,D 日,D 博士,23,0,1,30 臺北市,1 一般
113,0004,國立臺灣師範大學,05331061,物理學系,D 日,M 碩士,95,0,21,30 臺北市,1 一般
113,0004,國立臺灣師範大學,05331061,物理學系,D 日,B 學士,284,29,68,30 臺北市,1 一般
113,0004,國立臺灣師範大學,05411062,數學系,D 日,D 博士,21,0,2,30 臺北市,1 一般
113,0004,國立臺灣師範大學,05411062,數學系,D 日,M 碩士,73,0,22,30 臺北市,1 一般
113,0004,國立臺灣師範大學,05411062,數學系,D 日,B 學士,375,32,93,30 臺北市,1 一般
113,0004,國立臺灣師範大學,05499062,數學系數學教學碩士在職專班,N 職,M 碩士,0,0,2,30 臺北市,1 一般
113,0004,國立臺灣師範大學,06131065,資訊工程學系,D 日,D 博士,14,0,1,30 臺北市,1 一般
113,0004,國立臺灣師範大學,06131065,資訊工程學系,D 日,M 碩士,211,0,53,30 臺北市,1 一般
113,0004,國立臺灣師範大學,06131065,資訊工程學系,D 日,B 學士,256,17,57,30 臺北市,1 一般
113,0004,國立臺灣師範大學,07132093,綠能科技與永續治理研究所,D 日,D 博士,3,0,0,30 臺北市,1 一般
113,0004,國立臺灣師範大學,07132093,綠能科技與永續治理研究所,D 日,M 碩士,26,0,0,30 臺北市,1 一般
113,0004,國立臺灣師範大學,07141063,電機工程學系,D 日,D 博士,16,0,0,30 臺北市,1 一般
113,0004,國立臺灣師範大學,07141063,電機工程學系,D 日,M 碩士,148,0,61,30 臺北市,1 一般
113,0004,國立臺灣師範大學,07141063,電機工程學系,D 日,B 學士,240,17,47,30 臺北市,1 一般
113,0004,國立臺灣師範大學,07141080,光電工程研究所,D 日,D 博士,8,0,4,30 臺北市,1 一般
113,0004,國立臺灣師範大學,07141080,光電工程研究所,D 日,M 碩士,60,0,25,30 臺北市,1 一般
113,0004,國立臺灣師範大學,07141080,光電工程學士學位學程,D 日,B 學士,86,9,17,30 臺北市,1 一般
113,0004,國立臺灣師範大學,07141092,AI跨域應用研究所,D 日,D 博士,3,0,0,30 臺北市,1 一般
113,0004,國立臺灣師範大學,07141092,AI跨域應用研究所,D 日,M 碩士,36,0,0,30 臺北市,1 一般
113,0004,國立臺灣師範大學,07151068,機電工程學系,D 日,D 博士,14,0,3,30 臺北市,1 一般
113,0004,國立臺灣師範大學,07151068,機電工程學系,D 日,M 碩士,77,0,21,30 臺北市,1 一般
113,0004,國立臺灣師範大學,07151068,機電工程學系,D 日,B 學士,294,14,51,30 臺北市,1 一般
113,0004,國立臺灣師範大學,07161081,車輛與能源工程學士學位學程,D 日,B 學士,106,7,20,30 臺北市,1 一般
113,0004,國立臺灣師範大學,09231071,社會工作學研究所,D 日,M 碩士,99,7,16,30 臺北市,1 一般
113,0004,國立臺灣師範大學,10141074,運動競技學系,D 日,M 碩士,67,0,28,30 臺北市,1 一般
113,0004,國立臺灣師範大學,10141074,運動競技學系,D 日,B 學士,277,19,57,30 臺北市,1 一般
113,0004,國立臺灣師範大學,10152077,運動休閒與餐旅管理研究所,D 日,D 博士,30,0,2,30 臺北市,1 一般
113,0004,國立臺灣師範大學,10152077,運動休閒與餐旅管理研究所,D 日,M 碩士,87,11,35,30 臺北市,1 一般
113,0004,國立臺灣師範大學,10152077,運動休閒與餐旅管理研究所運動休閒與餐旅管理碩士在職專班,N 職,M 碩士,78,0,16,30 臺北市,1 一般
113,0004,國立臺灣師範大學,99999078,管理學院國際時尚高階管理碩士在職專班,N 職,M 碩士,71,2,32,30 臺北市,1 一般
113,0004,國立臺灣師範大學,99999Y43,師資培育學院,D 日,,0,11,0,30 臺北市,1 一般
113,0004,國立臺灣師範大學,99999Z07,體育室,D 日,,0,3,0,30 臺北市,1 一般
113,0004,國立臺灣師範大學,99999Z99,其他(包括行政助教),D 日,,0,6,0,30 臺北市,1 一般
113,0005,國立成功大學,01111103,教育研究所,D 日,D 博士,28,0,4,21 臺南市,1 一般
113,0005,國立成功大學,01111103,教育研究所,D 日,M 碩士,59,8,19,21 臺南市,1 一般
113,0005,國立成功大學,02121105,科技藝術碩士學位學程,D 日,M 碩士,14,0,9,21 臺南市,1 一般
113,0005,國立成功大學,02122112,創意產業設計研究所,D 日,D 博士,38,0,5,21 臺南市,1 一般
113,0005,國立成功大學,02122112,創意產業設計研究所,D 日,M 碩士,58,4,23,21 臺南市,1 一般
113,0005,國立成功大學,02123113,工業設計學系,D 日,D 博士,67,0,1,21 臺南市,1 一般
113,0005,國立成功大學,02123113,工業設計學系,D 日,M 碩士,96,0,31,21 臺南市,1 一般
113,0005,國立成功大學,02123113,工業設計學系,N 職,M 碩士,41,0,7,21 臺南市,1 一般
113,0005,國立成功大學,02123113,工業設計學系,D 日,B 學士,195,14,40,21 臺南市,1 一般
113,0005,國立成功大學,02152051,戲劇碩士學位學程,D 日,M 碩士,20,0,3,21 臺南市,1 一般
113,0005,國立成功大學,02191104,藝術研究所,D 日,M 碩士,47,7,15,21 臺南市,1 一般
113,0005,國立成功大學,02221110,歷史學系,D 日,D 博士,26,0,3,21 臺南市,1 一般
113,0005,國立成功大學,02221110,歷史學系,D 日,M 碩士,44,0,9,21 臺南市,1 一般
113,0005,國立成功大學,02221110,歷史學系,D 日,B 學士,228,22,45,21 臺南市,1 一般
113,0005,國立成功大學,02222111,考古學研究所,D 日,M 碩士,53,6,9,21 臺南市,1 一般
113,0005,國立成功大學,02299Y15,文學院,D 日,,0,1,0,21 臺南市,1 一般
113,0005,國立成功大學,02311108,外國語文學系,D 日,D 博士,22,0,1,21 臺南市,1 一般
113,0005,國立成功大學,02311108,外國語文學系,D 日,M 碩士,51,0,9,21 臺南市,1 一般
113,0005,國立成功大學,02311108,外國語文學系,D 日,B 學士,283,24,81,21 臺南市,1 一般
113,0005,國立成功大學,02321106,台灣文學系,D 日,D 博士,22,0,2,21 臺南市,1 一般
113,0005,國立成功大學,02321106,台灣文學系,D 日,M 碩士,34,0,13,21 臺南市,1 一般
113,0005,國立成功大學,02321106,台灣文學系,N 職,M 碩士,10,0,6,21 臺南市,1 一般
113,0005,國立成功大學,02321106,台灣文學系,D 日,B 學士,182,16,40,21 臺南市,1 一般
113,0005,國立成功大學,02322107,中國文學系,D 日,D 博士,34,0,2,21 臺南市,1 一般
113,0005,國立成功大學,02322107,中國文學系,D 日,M 碩士,59,0,25,21 臺南市,1 一般
113,0005,國立成功大學,02322107,中國文學系,D 日,B 學士,232,29,39,21 臺南市,1 一般
113,0005,國立成功大學,03111114,經濟學系,D 日,M 碩士,32,0,12,21 臺南市,1 一般
113,0005,國立成功大學,03111114,經濟學系,D 日,B 學士,272,14,60,21 臺南市,1 一般
113,0005,國立成功大學,03121115,政治學系政治經濟學博士班,D 日,D 博士,25,0,5,21 臺南市,1 一般
113,0005,國立成功大學,03121115,政治學系政治經濟學碩士班,D 日,M 碩士,41,0,3,21 臺南市,1 一般
113,0005,國立成功大學,03121115,政治學系政治經濟學碩士在職專班,N 職,M 碩士,44,0,7,21 臺南市,1 一般
113,0005,國立成功大學,03121115,政治學系,D 日,B 學士,258,17,52,21 臺南市,1 一般
113,0005,國立成功大學,03131117,心理學系,D 日,D 博士,12,0,0,21 臺南市,1 一般
113,0005,國立成功大學,03131117,心理學系,D 日,M 碩士,36,0,17,21 臺南市,1 一般
113,0005,國立成功大學,03131117,心理學系,D 日,B 學士,288,15,65,21 臺南市,1 一般
113,0005,國立成功大學,03131119,行為醫學研究所,D 日,M 碩士,32,5,11,21 臺南市,1 一般
113,0005,國立成功大學,03131129,心智科學原理與應用國際博士學位學程,D 日,D 博士,4,0,0,21 臺南市,1 一般
113,0005,國立成功大學,04111120,會計學系,D 日,D 博士,6,0,1,21 臺南市,1 一般
113,0005,國立成功大學,04111120,會計學系,D 日,M 碩士,84,0,46,21 臺南市,1 一般
113,0005,國立成功大學,04111120,會計學系,D 日,B 學士,239,13,66,21 臺南市,1 一般
113,0005,國立成功大學,04121126,財務金融研究所,D 日,D 博士,5,0,0,21 臺南市,1 一般
113,0005,國立成功大學,04121126,財務金融研究所,D 日,M 碩士,61,3,37,21 臺南市,1 一般
113,0005,國立成功大學,04121126,財務金融研究所,N 職,M 碩士,144,0,30,21 臺南市,1 一般
113,0005,國立成功大學,04131055,高階管理碩士在職專班(EMBA),N 職,M 碩士,269,2,91,21 臺南市,1 一般
113,0005,國立成功大學,04131056,電信管理研究所,D 日,M 碩士,34,0,14,21 臺南市,1 一般
113,0005,國立成功大學,04131121,企業管理學系,D 日,D 博士,7,0,0,21 臺南市,1 一般
113,0005,國立成功大學,04131121,企業管理學系,D 日,M 碩士,105,0,66,21 臺南市,1 一般
113,0005,國立成功大學,04131121,企業管理學系,N 職,M 碩士,89,0,35,21 臺南市,1 一般
113,0005,國立成功大學,04131121,企業管理學系,D 日,B 學士,226,15,51,21 臺南市,1 一般
113,0005,國立成功大學,04131122,經營管理碩士學位學程(AMBA),D 日,M 碩士,28,0,18,21 臺南市,1 一般
113,0005,國立成功大學,04131124,國際企業研究所,D 日,D 博士,13,0,2,21 臺南市,1 一般
113,0005,國立成功大學,04131124,國際企業研究所,D 日,M 碩士,70,7,21,21 臺南市,1 一般
113,0005,國立成功大學,04131125,國際經營管理研究所(IMBA),D 日,D 博士,17,0,0,21 臺南市,1 一般
113,0005,國立成功大學,04131125,國際經營管理研究所(IMBA),D 日,M 碩士,70,8,31,21 臺南市,1 一般
113,0005,國立成功大學,04131125,國際經營管理研究所(IMBA),N 職,M 碩士,49,0,22,21 臺南市,1 一般
113,0005,國立成功大學,04131135,高階經營管理博士學位學程,D 日,D 博士,11,0,0,21 臺南市,1 一般
113,0005,國立成功大學,04199024,海洋科技與事務研究所,D 日,D 博士,13,0,3,21 臺南市,1 一般
113,0005,國立成功大學,04199024,海洋科技與事務研究所,D 日,M 碩士,15,4,5,21 臺南市,1 一般
113,0005,國立成功大學,04199057,工業與資訊管理學系,D 日,D 博士,10,0,4,21 臺南市,1 一般
113,0005,國立成功大學,04199057,工業與資訊管理學系,D 日,M 碩士,87,0,38,21 臺南市,1 一般
113,0005,國立成功大學,04199057,工業與資訊管理學系,N 職,M 碩士,112,0,38,21 臺南市,1 一般
113,0005,國立成功大學,04199057,工業與資訊管理學系,D 日,B 學士,250,11,62,21 臺南市,1 一般
113,0005,國立成功大學,04212001,法律學系,D 日,D 博士,25,0,2,21 臺南市,1 一般
113,0005,國立成功大學,04212001,法律學系,D 日,M 碩士,156,0,31,21 臺南市,1 一般
113,0005,國立成功大學,04212001,法律學系,N 職,M 碩士,76,0,4,21 臺南市,1 一般
113,0005,國立成功大學,04212001,法律學系,D 日,B 學士,303,24,73,21 臺南市,1 一般
113,0005,國立成功大學,05111003,生命科學系,D 日,D 博士,20,0,4,21 臺南市,1 一般
113,0005,國立成功大學,05111003,生命科學系,D 日,M 碩士,66,0,14,21 臺南市,1 一般
113,0005,國立成功大學,05111003,生命科學系,D 日,B 學士,196,20,37,21 臺南市,1 一般
113,0005,國立成功大學,05111132,熱帶植物與微生物科學研究所,D 日,M 碩士,20,5,10,21 臺南市,1 一般
113,0005,國立成功大學,05121008,生物科技與產業科學系,D 日,D 博士,31,0,4,21 臺南市,1 一般
113,0005,國立成功大學,05121008,生物科技與產業科學系,D 日,M 碩士,81,0,28,21 臺南市,1 一般
113,0005,國立成功大學,05121008,生物科技與產業科學系,D 日,B 學士,192,22,42,21 臺南市,1 一般
113,0005,國立成功大學,05122009,微生物及免疫學研究所,D 日,M 碩士,49,8,22,21 臺南市,1 一般
113,0005,國立成功大學,05123010,生物化學暨分子生物學研究所,D 日,M 碩士,61,10,14,21 臺南市,1 一般
113,0005,國立成功大學,05199016,跨領域神經科學國際博士學位學程(跨領域神經科學國際研究生博士學位學程),D 日,D 博士,12,0,2,21 臺南市,1 一般
113,0005,國立成功大學,05291025,自然災害減災及管理國際碩士學位學程,D 日,M 碩士,23,2,12,21 臺南市,1 一般
113,0005,國立成功大學,05311017,化學系,D 日,D 博士,12,0,3,21 臺南市,1 一般
113,0005,國立成功大學,05311017,化學系,D 日,M 碩士,155,0,50,21 臺南市,1 一般
113,0005,國立成功大學,05311017,化學系,D 日,B 學士,266,22,60,21 臺南市,1 一般
113,0005,國立成功大學,05321019,地球科學系,D 日,D 博士,12,0,0,21 臺南市,1 一般
113,0005,國立成功大學,05321019,地球科學系,D 日,M 碩士,47,0,20,21 臺南市,1 一般
113,0005,國立成功大學,05321019,地球科學系,N 職,M 碩士,6,0,0,21 臺南市,1 一般
113,0005,國立成功大學,05321019,地球科學系,D 日,B 學士,167,17,38,21 臺南市,1 一般
113,0005,國立成功大學,05331021,物理學系,D 日,D 博士,47,0,4,21 臺南市,1 一般
113,0005,國立成功大學,05331021,物理學系,D 日,M 碩士,127,0,40,21 臺南市,1 一般
113,0005,國立成功大學,05331021,物理學系,D 日,B 學士,237,31,47,21 臺南市,1 一般
113,0005,國立成功大學,05331023,太空與電漿科學研究所,D 日,M 碩士,15,6,6,21 臺南市,1 一般
113,0005,國立成功大學,05411027,數學系,D 日,D 博士,16,0,1,21 臺南市,1 一般
113,0005,國立成功大學,05411027,數學系,D 日,M 碩士,59,0,16,21 臺南市,1 一般
113,0005,國立成功大學,05411027,數學系,D 日,B 學士,226,34,50,21 臺南市,1 一般
113,0005,國立成功大學,05421029,統計學系,D 日,D 博士,12,0,2,21 臺南市,1 一般
113,0005,國立成功大學,05421029,統計學系,D 日,M 碩士,39,0,17,21 臺南市,1 一般
113,0005,國立成功大學,05421029,統計學系,D 日,B 學士,250,11,60,21 臺南市,1 一般
113,0005,國立成功大學,05421128,數據科學研究所,D 日,M 碩士,24,3,9,21 臺南市,1 一般
113,0005,國立成功大學,06131030,資訊管理研究所,D 日,D 博士,17,0,3,21 臺南市,1 一般
113,0005,國立成功大學,06131030,資訊管理研究所,D 日,M 碩士,68,7,31,21 臺南市,1 一般
113,0005,國立成功大學,06131031,多媒體系統與智慧型運算工程博士學位學程,D 日,D 博士,2,0,0,21 臺南市,1 一般
113,0005,國立成功大學,06131036,資訊工程學系,D 日,D 博士,69,0,10,21 臺南市,1 一般
113,0005,國立成功大學,06131036,資訊工程學系,D 日,M 碩士,354,0,153,21 臺南市,1 一般
113,0005,國立成功大學,06131036,資訊工程學系人工智慧與資訊系統碩士在職專班,N 職,M 碩士,38,0,7,21 臺南市,1 一般
113,0005,國立成功大學,06131036,資訊工程學系,D 日,B 學士,555,32,119,21 臺南市,1 一般
113,0005,國立成功大學,06131037,電腦與通信工程研究所,D 日,D 博士,16,0,4,21 臺南市,1 一般
113,0005,國立成功大學,06131037,電腦與通信工程研究所,D 日,M 碩士,147,11,64,21 臺南市,1 一般
113,0005,國立成功大學,06131095,醫學資訊研究所,D 日,M 碩士,34,0,10,21 臺南市,1 一般
113,0005,國立成功大學,06131131,人工智慧科技碩士學位學程,D 日,M 碩士,38,0,17,21 臺南市,1 一般
113,0005,國立成功大學,06131136,智慧運算工程博士學位學程,D 日,D 博士,8,2,0,21 臺南市,1 一般
113,0005,國立成功大學,06131138,智慧運算碩士學位學程,D 日,M 碩士,19,2,2,21 臺南市,1 一般
113,0005,國立成功大學,06131139,智慧資訊安全碩士學位學程,D 日,M 碩士,18,2,0,21 臺南市,1 一般
113,0005,國立成功大學,07111050,化學工程學系,D 日,D 博士,42,0,11,21 臺南市,1 一般
113,0005,國立成功大學,07111050,化學工程學系,D 日,M 碩士,271,0,131,21 臺南市,1 一般
113,0005,國立成功大學,07111050,化學工程學系,D 日,B 學士,567,32,116,21 臺南市,1 一般
113,0005,國立成功大學,07112063,材料科學及工程學系,D 日,D 博士,60,0,7,21 臺南市,1 一般
113,0005,國立成功大學,07112063,材料科學及工程學系,D 日,M 碩士,308,0,127,21 臺南市,1 一般
113,0005,國立成功大學,07112063,材料科學及工程學系,D 日,B 學士,439,28,84,21 臺南市,1 一般
113,0005,國立成功大學,07112065,尖端材料國際碩士學位學程,D 日,M 碩士,2,0,3,21 臺南市,1 一般
113,0005,國立成功大學,07112144,關鍵材料學位學程,D 日,D 博士,13,0,0,21 臺南市,1 一般
113,0005,國立成功大學,07112144,關鍵材料學位學程,D 日,M 碩士,30,0,12,21 臺南市,1 一般
113,0005,國立成功大學,07112148,智慧與永續製造學位學程,D 日,D 博士,15,0,0,21 臺南市,1 一般
113,0005,國立成功大學,07112148,智慧與永續製造學位學程,D 日,M 碩士,22,0,9,21 臺南市,1 一般
113,0005,國立成功大學,07121070,環境工程學系,D 日,D 博士,18,0,2,21 臺南市,1 一般
113,0005,國立成功大學,07121070,環境工程學系,D 日,M 碩士,92,0,37,21 臺南市,1 一般
113,0005,國立成功大學,07121070,環境工程學系,D 日,B 學士,211,14,55,21 臺南市,1 一般
113,0005,國立成功大學,07122026,水利及海洋工程學系,D 日,D 博士,32,0,1,21 臺南市,1 一般
113,0005,國立成功大學,07122026,水利及海洋工程學系,D 日,M 碩士,84,0,40,21 臺南市,1 一般
113,0005,國立成功大學,07122026,水利及海洋工程學系,N 職,M 碩士,32,0,5,21 臺南市,1 一般
113,0005,國立成功大學,07122026,水利及海洋工程學系,D 日,B 學士,200,16,37,21 臺南市,1 一般
113,0005,國立成功大學,07132052,能源工程國際博士學位學程,D 日,D 博士,11,0,1,21 臺南市,1 一般
113,0005,國立成功大學,07132052,能源工程國際碩士學位學程,D 日,M 碩士,24,0,15,21 臺南市,1 一般
113,0005,國立成功大學,07132052,能源工程國際學士學位學程,D 日,B 學士,110,5,30,21 臺南市,1 一般
113,0005,國立成功大學,07141032,電機工程學系,D 日,D 博士,112,0,15,21 臺南市,1 一般
113,0005,國立成功大學,07141032,電機工程學系,D 日,M 碩士,839,0,315,21 臺南市,1 一般
113,0005,國立成功大學,07141032,電機工程學系,N 職,M 碩士,58,0,3,21 臺南市,1 一般
113,0005,國立成功大學,07141032,電機工程學系,D 日,B 學士,726,48,162,21 臺南市,1 一般
113,0005,國立成功大學,07141033,微電子工程研究所,D 日,D 博士,40,0,5,21 臺南市,1 一般
113,0005,國立成功大學,07141033,微電子工程研究所,D 日,M 碩士,124,11,61,21 臺南市,1 一般
113,0005,國立成功大學,07141035,光電科學與工程學系,D 日,D 博士,32,0,7,21 臺南市,1 一般
113,0005,國立成功大學,07141035,光電科學與工程學系,D 日,M 碩士,188,0,62,21 臺南市,1 一般
113,0005,國立成功大學,07141035,光電科學與工程學系,D 日,B 學士,246,23,51,21 臺南市,1 一般
113,0005,國立成功大學,07141040,奈米積體電路工程博士學位學程,D 日,D 博士,6,0,0,21 臺南市,1 一般
113,0005,國立成功大學,07141040,奈米積體電路工程碩士學位學程,D 日,M 碩士,38,4,20,21 臺南市,1 一般
113,0005,國立成功大學,07141041,製造資訊與系統研究所,D 日,D 博士,30,0,1,21 臺南市,1 一般
113,0005,國立成功大學,07141041,製造資訊與系統研究所,D 日,M 碩士,76,7,27,21 臺南市,1 一般
113,0005,國立成功大學,07141071,工程科學系,D 日,D 博士,54,0,11,21 臺南市,1 一般
113,0005,國立成功大學,07141071,工程科學系,D 日,M 碩士,229,0,101,21 臺南市,1 一般
113,0005,國立成功大學,07141071,工程科學系,N 職,M 碩士,158,0,28,21 臺南市,1 一般
113,0005,國立成功大學,07141071,工程科學系,D 日,B 學士,287,25,63,21 臺南市,1 一般
113,0005,國立成功大學,07141134,人工智慧機器人碩士學位學程,D 日,M 碩士,0,0,11,21 臺南市,1 一般
113,0005,國立成功大學,07141141,晶片設計學位學程,D 日,D 博士,4,0,0,21 臺南市,1 一般
113,0005,國立成功大學,07141141,晶片設計學位學程,D 日,M 碩士,61,0,1,21 臺南市,1 一般
113,0005,國立成功大學,07141142,半導體製程學位學程,D 日,D 博士,17,0,0,21 臺南市,1 一般
113,0005,國立成功大學,07141142,半導體製程學位學程,D 日,M 碩士,47,0,12,21 臺南市,1 一般
113,0005,國立成功大學,07141143,半導體封測學位學程,D 日,D 博士,10,0,0,21 臺南市,1 一般
113,0005,國立成功大學,07141143,半導體封測學位學程,D 日,M 碩士,27,0,6,21 臺南市,1 一般
113,0005,國立成功大學,07141146,智慧科技系統碩士學位學程,D 日,M 碩士,26,0,0,21 臺南市,1 一般
113,0005,國立成功大學,07141147,智慧半導體及永續製造學院半導體高階管理暨研發碩士在職專班,N 職,M 碩士,7,0,0,21 臺南市,1 一般
113,0005,國立成功大學,07151042,機械工程學系,D 日,D 博士,60,0,1,21 臺南市,1 一般
113,0005,國立成功大學,07151042,機械工程學系,D 日,M 碩士,472,0,188,21 臺南市,1 一般
113,0005,國立成功大學,07151042,機械工程學系,D 日,B 學士,702,46,137,21 臺南市,1 一般
113,0005,國立成功大學,07151133,智慧製造國際碩士學位學程,D 日,M 碩士,15,0,6,21 臺南市,1 一般
113,0005,國立成功大學,07162043,航空太空工程學系,D 日,D 博士,45,0,6,21 臺南市,1 一般
113,0005,國立成功大學,07162043,航空太空工程學系,D 日,M 碩士,203,0,89,21 臺南市,1 一般
113,0005,國立成功大學,07162043,航空太空工程學系,N 職,M 碩士,41,0,13,21 臺南市,1 一般
113,0005,國立成功大學,07162043,航空太空工程學系,D 日,B 學士,268,19,57,21 臺南市,1 一般
113,0005,國立成功大學,07162100,民航研究所,D 日,M 碩士,14,1,5,21 臺南市,1 一般
113,0005,國立成功大學,07162140,太空系統工程研究所,D 日,M 碩士,30,4,0,21 臺南市,1 一般
113,0005,國立成功大學,07163044,系統及船舶機電工程學系,D 日,D 博士,11,0,0,21 臺南市,1 一般
113,0005,國立成功大學,07163044,系統及船舶機電工程學系,D 日,M 碩士,98,0,44,21 臺南市,1 一般
113,0005,國立成功大學,07163044,系統及船舶機電工程學系,D 日,B 學士,228,16,51,21 臺南市,1 一般
113,0005,國立成功大學,07191072,工程管理碩士在職專班,N 職,M 碩士,125,2,42,21 臺南市,1 一般
113,0005,國立成功大學,07193061,生物醫學工程學系,D 日,D 博士,85,0,14,21 臺南市,1 一般
113,0005,國立成功大學,07193061,生物醫學工程學系,D 日,M 碩士,119,0,46,21 臺南市,1 一般
113,0005,國立成功大學,07193061,生物醫學工程學系,D 日,B 學士,160,18,42,21 臺南市,1 一般
113,0005,國立成功大學,07199X48,智慧半導體及永續製造學院,D 日,,0,6,0,21 臺南市,1 一般
113,0005,國立成功大學,07241064,資源工程學系,D 日,D 博士,31,0,5,21 臺南市,1 一般
113,0005,國立成功大學,07241064,資源工程學系,D 日,M 碩士,102,0,31,21 臺南市,1 一般
113,0005,國立成功大學,07241064,資源工程學系,D 日,B 學士,190,22,38,21 臺南市,1 一般
113,0005,國立成功大學,07311075,建築學系,D 日,D 博士,50,0,4,21 臺南市,1 一般
113,0005,國立成功大學,07311075,建築學系,D 日,M 碩士,175,0,58,21 臺南市,1 一般
113,0005,國立成功大學,07311075,建築學系,N 職,M 碩士,55,0,7,21 臺南市,1 一般
113,0005,國立成功大學,07311075,建築學系,D 日,B 學士,308,26,62,21 臺南市,1 一般
113,0005,國立成功大學,07313076,都市計劃學系,D 日,D 博士,25,0,1,21 臺南市,1 一般
113,0005,國立成功大學,07313076,都市計劃學系,D 日,M 碩士,111,0,42,21 臺南市,1 一般
113,0005,國立成功大學,07313076,都市計劃學系,D 日,B 學士,186,18,44,21 臺南市,1 一般
113,0005,國立成功大學,07321049,土木工程學系,D 日,D 博士,37,0,6,21 臺南市,1 一般
113,0005,國立成功大學,07321049,土木工程學系,D 日,M 碩士,245,0,127,21 臺南市,1 一般
113,0005,國立成功大學,07321049,土木工程學系,N 職,M 碩士,55,0,12,21 臺南市,1 一般
113,0005,國立成功大學,07321049,土木工程學系,D 日,B 學士,459,28,98,21 臺南市,1 一般
113,0005,國立成功大學,07322067,測量及空間資訊學系,D 日,D 博士,40,0,4,21 臺南市,1 一般
113,0005,國立成功大學,07322067,測量及空間資訊學系,D 日,M 碩士,65,0,27,21 臺南市,1 一般
113,0005,國立成功大學,07322067,測量及空間資訊學系,D 日,B 學士,207,17,45,21 臺南市,1 一般
113,0005,國立成功大學,08192039,轉譯農業科學博士學位學程,D 日,D 博士,11,2,1,21 臺南市,1 一般
113,0005,國立成功大學,09111096,口腔醫學研究所,D 日,M 碩士,29,5,9,21 臺南市,1 一般
113,0005,國立成功大學,09111130,牙醫學系,D 日,B 學士,157,7,0,21 臺南市,1 一般
113,0005,國立成功大學,09121053,基礎醫學研究所,D 日,D 博士,89,3,29,21 臺南市,1 一般
113,0005,國立成功大學,09121054,分子醫學研究所,D 日,M 碩士,35,7,17,21 臺南市,1 一般
113,0005,國立成功大學,09121077,醫學系,D 日,B 學士,505,112,90,21 臺南市,1 一般
113,0005,國立成功大學,09121078,臨床醫學研究所,D 日,D 博士,79,0,11,21 臺南市,1 一般
113,0005,國立成功大學,09121078,臨床醫學研究所,D 日,M 碩士,29,13,14,21 臺南市,1 一般
113,0005,國立成功大學,09121078,臨床醫學研究所,N 職,M 碩士,17,0,6,21 臺南市,1 一般
113,0005,國立成功大學,09121083,生理學研究所,D 日,M 碩士,32,9,16,21 臺南市,1 一般
113,0005,國立成功大學,09121084,細胞生物與解剖學研究所,D 日,M 碩士,18,10,9,21 臺南市,1 一般
113,0005,國立成功大學,09131090,護理學系國際博士班,D 日,D 博士,60,0,14,21 臺南市,1 一般
113,0005,國立成功大學,09131090,護理學系,D 日,M 碩士,69,0,18,21 臺南市,1 一般
113,0005,國立成功大學,09131090,護理學系專科護理師碩士在職專班,N 職,M 碩士,27,0,0,21 臺南市,1 一般
113,0005,國立成功大學,09131090,護理學系,D 日,B 學士,134,17,22,21 臺南市,1 一般
113,0005,國立成功大學,09141094,醫學檢驗生物技術學系,D 日,M 碩士,40,0,17,21 臺南市,1 一般
113,0005,國立成功大學,09141094,醫學檢驗生物技術學系,D 日,B 學士,133,13,23,21 臺南市,1 一般
113,0005,國立成功大學,09151082,物理治療學系,D 日,M 碩士,24,0,7,21 臺南市,1 一般
113,0005,國立成功大學,09151082,物理治療學系,D 日,B 學士,149,10,26,21 臺南市,1 一般
113,0005,國立成功大學,09152089,職能治療學系,D 日,M 碩士,25,0,7,21 臺南市,1 一般
113,0005,國立成功大學,09152089,職能治療學系,D 日,B 學士,119,11,28,21 臺南市,1 一般
113,0005,國立成功大學,09159091,健康照護科學研究所,D 日,D 博士,39,5,4,21 臺南市,1 一般
113,0005,國立成功大學,09161086,藥學系,D 日,B 學士,190,11,31,21 臺南市,1 一般
113,0005,國立成功大學,09161087,藥理學研究所,D 日,M 碩士,43,12,17,21 臺南市,1 一般
113,0005,國立成功大學,09161088,臨床藥學與藥物科技研究所,D 日,D 博士,34,0,5,21 臺南市,1 一般
113,0005,國立成功大學,09161088,臨床藥學與藥物科技研究所,D 日,M 碩士,31,0,14,21 臺南市,1 一般
113,0005,國立成功大學,09191079,公共衛生研究所,D 日,D 博士,39,0,1,21 臺南市,1 一般
113,0005,國立成功大學,09191079,公共衛生研究所,D 日,M 碩士,34,0,18,21 臺南市,1 一般
113,0005,國立成功大學,09191079,公共衛生研究所,N 職,M 碩士,27,0,7,21 臺南市,1 一般
113,0005,國立成功大學,09191079,公共衛生學系,D 日,B 學士,8,11,0,21 臺南市,1 一般
113,0005,國立成功大學,09191085,環境醫學研究所,D 日,D 博士,27,0,3,21 臺南市,1 一般
113,0005,國立成功大學,09191085,環境醫學研究所,D 日,M 碩士,53,8,13,21 臺南市,1 一般
113,0005,國立成功大學,09199127,食品安全衛生暨風險管理研究所,D 日,M 碩士,31,5,20,21 臺南市,1 一般
113,0005,國立成功大學,09211101,老年學研究所,D 日,M 碩士,37,6,11,21 臺南市,1 一般
113,0005,國立成功大學,10152097,體育健康與休閒研究所,D 日,M 碩士,39,8,15,21 臺南市,1 一般
113,0005,國立成功大學,10152097,體育健康與休閒研究所運動健康與休閒管理碩士在職專班,N 職,M 碩士,54,0,16,21 臺南市,1 一般
113,0005,國立成功大學,10411098,交通管理科學系,D 日,D 博士,12,0,0,21 臺南市,1 一般
113,0005,國立成功大學,10411098,交通管理科學系,D 日,M 碩士,75,0,40,21 臺南市,1 一般
113,0005,國立成功大學,10411098,交通管理科學系,N 職,M 碩士,69,0,21,21 臺南市,1 一般
113,0005,國立成功大學,10411098,交通管理科學系,D 日,B 學士,198,18,43,21 臺南市,1 一般
113,0005,國立成功大學,99999102,全校不分系學士學位學程,D 日,B 學士,92,7,22,21 臺南市,1 一般
113,0005,國立成功大學,99999137,全校永續跨域國際碩士學位學程,D 日,M 碩士,14,2,4,21 臺南市,1 一般
113,0005,國立成功大學,99999Z01,通識及共同科目,D 日,,0,1,0,21 臺南市,1 一般
113,0005,國立成功大學,99999Z02,計算機中心,D 日,,0,4,0,21 臺南市,1 一般
113,0005,國立成功大學,99999Z03,軍訓教官,D 日,,0,9,0,21 臺南市,1 一般
113,0005,國立成功大學,99999Z05,師資培育中心,D 日,,0,5,0,21 臺南市,1 一般
113,0005,國立成功大學,99999Z07,體育室,D 日,,0,10,0,21 臺南市,1 一般
113,0005,國立成功大學,99999Z08,語言中心,D 日,,0,7,0,21 臺南市,1 一般
113,0005,國立成功大學,99999Z99,其他(包括行政助教),D 日,,0,1,0,21 臺南市,1 一般
113,0006,國立中興大學,01111001,教師專業發展研究所,D 日,M 碩士,25,7,6,19 臺中市,1 一般
113,0006,國立中興大學,02221007,歷史學系,D 日,D 博士,45,0,1,19 臺中市,1 一般
113,0006,國立中興大學,02221007,歷史學系,D 日,M 碩士,29,0,9,19 臺中市,1 一般
113,0006,國立中興大學,02221007,歷史學系,N 職,M 碩士,19,0,2,19 臺中市,1 一般
113,0006,國立中興大學,02221007,歷史學系,D 日,B 學士,248,15,66,19 臺中市,1 一般
113,0006,國立中興大學,02299109,數位人文與文創產業進修學士學位學程,P 進,B 學士,135,1,33,19 臺中市,1 一般
113,0006,國立中興大學,02299Y15,文學院,D 日,,0,1,0,19 臺中市,1 一般
113,0006,國立中興大學,02311006,外國語文學系,D 日,M 碩士,24,0,3,19 臺中市,1 一般
113,0006,國立中興大學,02311006,外國語文學系,D 日,B 學士,240,16,55,19 臺中市,1 一般
113,0006,國立中興大學,02311006,外國語文學系,P 進,B 學士,162,0,37,19 臺中市,1 一般
113,0006,國立中興大學,02321003,台灣文學與跨國文化研究所,D 日,M 碩士,34,7,10,19 臺中市,1 一般
113,0006,國立中興大學,02321003,台灣文學與跨國文化研究所,N 職,M 碩士,27,0,8,19 臺中市,1 一般
113,0006,國立中興大學,02321004,台灣與跨文化研究國際博士學位學程,D 日,D 博士,13,2,1,19 臺中市,1 一般
113,0006,國立中興大學,02321103,台灣人文創新學士學位學程,D 日,B 學士,71,2,15,19 臺中市,1 一般
113,0006,國立中興大學,02322005,中國文學系,D 日,D 博士,27,0,3,19 臺中市,1 一般
113,0006,國立中興大學,02322005,中國文學系,D 日,M 碩士,62,0,13,19 臺中市,1 一般
113,0006,國立中興大學,02322005,中國文學系,N 職,M 碩士,21,0,4,19 臺中市,1 一般
113,0006,國立中興大學,02322005,中國文學系,D 日,B 學士,227,23,30,19 臺中市,1 一般
113,0006,國立中興大學,02322005,中國文學系,P 進,B 學士,141,0,22,19 臺中市,1 一般
113,0006,國立中興大學,03111009,應用經濟學系,D 日,D 博士,22,0,6,19 臺中市,1 一般
113,0006,國立中興大學,03111009,應用經濟學系,D 日,M 碩士,28,0,18,19 臺中市,1 一般
113,0006,國立中興大學,03111009,應用經濟學系,N 職,M 碩士,33,0,13,19 臺中市,1 一般
113,0006,國立中興大學,03111009,應用經濟學系,D 日,B 學士,194,10,56,19 臺中市,1 一般
113,0006,國立中興大學,03122010,國際政治研究所,D 日,D 博士,29,0,3,19 臺中市,1 一般
113,0006,國立中興大學,03122010,國際政治研究所,D 日,M 碩士,37,7,22,19 臺中市,1 一般
113,0006,國立中興大學,03122010,國際政治研究所,N 職,M 碩士,45,0,18,19 臺中市,1 一般
113,0006,國立中興大學,03122119,亞洲與中國研究英語碩士學位學程,D 日,M 碩士,15,0,0,19 臺中市,1 一般
113,0006,國立中興大學,03222013,圖書資訊學研究所,D 日,M 碩士,35,5,10,19 臺中市,1 一般
113,0006,國立中興大學,04111015,會計學系,D 日,M 碩士,49,0,23,19 臺中市,1 一般
113,0006,國立中興大學,04111015,會計學系,D 日,B 學士,176,9,43,19 臺中市,1 一般
113,0006,國立中興大學,04121019,財務金融學系,D 日,D 博士,21,0,0,19 臺中市,1 一般
113,0006,國立中興大學,04121019,財務金融學系,D 日,M 碩士,64,0,30,19 臺中市,1 一般
113,0006,國立中興大學,04121019,財務金融學系,D 日,B 學士,222,13,44,19 臺中市,1 一般
113,0006,國立中興大學,04131016,企業管理學系,D 日,D 博士,40,0,5,19 臺中市,1 一般
113,0006,國立中興大學,04131016,企業管理學系,D 日,M 碩士,77,0,31,19 臺中市,1 一般
113,0006,國立中興大學,04131016,企業管理學系,D 日,B 學士,231,15,62,19 臺中市,1 一般
113,0006,國立中興大學,04131018,創新產業經營學士學位學程,P 進,B 學士,190,1,33,19 臺中市,1 一般
113,0006,國立中興大學,04131097,運動與健康管理研究所,D 日,M 碩士,29,6,5,19 臺中市,1 一般
113,0006,國立中興大學,04134011,國家政策與公共事務研究所,D 日,M 碩士,25,5,10,19 臺中市,1 一般
113,0006,國立中興大學,04134011,國家政策與公共事務研究所,N 職,M 碩士,62,0,20,19 臺中市,1 一般
113,0006,國立中興大學,04143020,行銷學系,D 日,M 碩士,65,0,23,19 臺中市,1 一般
113,0006,國立中興大學,04143020,行銷學系,D 日,B 學士,221,14,47,19 臺中市,1 一般
113,0006,國立中興大學,04199012,全球事務研究跨洲碩士學位學程,D 日,M 碩士,30,0,6,19 臺中市,1 一般
113,0006,國立中興大學,04199021,科技管理研究所,D 日,D 博士,48,0,5,19 臺中市,1 一般
113,0006,國立中興大學,04199021,科技管理研究所,D 日,M 碩士,75,9,27,19 臺中市,1 一般
113,0006,國立中興大學,04199021,科技管理研究所智慧科技管理碩士在職專班,N 職,M 碩士,25,0,12,19 臺中市,1 一般
113,0006,國立中興大學,04199022,高階經理人碩士在職專班,N 職,M 碩士,311,2,133,19 臺中市,1 一般
113,0006,國立中興大學,04211023,法律學系,D 日,M 碩士,75,0,24,19 臺中市,1 一般
113,0006,國立中興大學,04211023,法律學系,N 職,M 碩士,101,0,16,19 臺中市,1 一般
113,0006,國立中興大學,04211023,法律學系,D 日,B 學士,189,13,41,19 臺中市,1 一般
113,0006,國立中興大學,05111026,生命科學系,D 日,D 博士,37,0,4,19 臺中市,1 一般
113,0006,國立中興大學,05111026,生命科學系,D 日,M 碩士,103,0,39,19 臺中市,1 一般
113,0006,國立中興大學,05111026,生命科學碩士在職專班,N 職,M 碩士,44,0,18,19 臺中市,1 一般
113,0006,國立中興大學,05111026,生命科學系,D 日,B 學士,363,27,87,19 臺中市,1 一般
113,0006,國立中興大學,05111029,昆蟲學系,D 日,D 博士,17,0,3,19 臺中市,1 一般
113,0006,國立中興大學,05111029,昆蟲學系,D 日,M 碩士,40,0,18,19 臺中市,1 一般
113,0006,國立中興大學,05111029,昆蟲學系,D 日,B 學士,200,12,48,19 臺中市,1 一般
113,0006,國立中興大學,05121027,生物科技學研究所,D 日,D 博士,18,0,2,19 臺中市,1 一般
113,0006,國立中興大學,05121027,生物科技學研究所,D 日,M 碩士,58,8,25,19 臺中市,1 一般
113,0006,國立中興大學,05121031,生物科技學士學位學程,D 日,B 學士,128,1,31,19 臺中市,1 一般
113,0006,國立中興大學,05121033,分子生物學研究所,D 日,D 博士,11,0,1,19 臺中市,1 一般
113,0006,國立中興大學,05121033,分子生物學研究所,D 日,M 碩士,48,9,19,19 臺中市,1 一般
113,0006,國立中興大學,05121035,生物醫學研究所,D 日,D 博士,24,0,2,19 臺中市,1 一般
113,0006,國立中興大學,05121035,生物醫學研究所,D 日,M 碩士,40,8,12,19 臺中市,1 一般
113,0006,國立中興大學,05121037,基因體暨生物資訊學研究所,D 日,M 碩士,22,5,9,19 臺中市,1 一般
113,0006,國立中興大學,05121112,特用作物及代謝體博士學位學程,D 日,D 博士,4,0,0,19 臺中市,1 一般
113,0006,國立中興大學,05121112,特用作物及代謝體碩士學位學程,D 日,M 碩士,6,0,1,19 臺中市,1 一般
113,0006,國立中興大學,05121117,分子與生物農業科學國際研究生博士學位學程,D 日,D 博士,43,0,7,19 臺中市,1 一般
113,0006,國立中興大學,05121118,生技產業創新研發與管理博士學位學程,D 日,D 博士,7,0,0,19 臺中市,1 一般
113,0006,國立中興大學,05121123,精準健康碩士學位學程,D 日,M 碩士,1,0,0,19 臺中市,1 一般
113,0006,國立中興大學,05123034,生物化學研究所,D 日,D 博士,6,0,2,19 臺中市,1 一般
113,0006,國立中興大學,05123034,生物化學研究所,D 日,M 碩士,29,8,8,19 臺中市,1 一般
113,0006,國立中興大學,05124038,微生物基因體學博士學位學程,D 日,D 博士,22,0,2,19 臺中市,1 一般
113,0006,國立中興大學,05292082,水土保持學系,D 日,D 博士,27,0,2,19 臺中市,1 一般
113,0006,國立中興大學,05292082,水土保持學系,D 日,M 碩士,57,0,27,19 臺中市,1 一般
113,0006,國立中興大學,05292082,水土保持學系,N 職,M 碩士,53,0,20,19 臺中市,1 一般
113,0006,國立中興大學,05292082,水土保持學系,D 日,B 學士,224,15,55,19 臺中市,1 一般
113,0006,國立中興大學,05311039,化學系,D 日,D 博士,10,0,3,19 臺中市,1 一般
113,0006,國立中興大學,05311039,化學系,D 日,M 碩士,175,0,70,19 臺中市,1 一般
113,0006,國立中興大學,05311039,化學系,D 日,B 學士,250,27,51,19 臺中市,1 一般
113,0006,國立中興大學,05331040,物理學系,D 日,D 博士,17,0,1,19 臺中市,1 一般
113,0006,國立中興大學,05331040,物理學系,D 日,M 碩士,46,0,12,19 臺中市,1 一般
113,0006,國立中興大學,05331040,物理學系,D 日,B 學士,255,17,51,19 臺中市,1 一般
113,0006,國立中興大學,05331058,奈米科學研究所,D 日,M 碩士,54,7,23,19 臺中市,1 一般
113,0006,國立中興大學,05411041,應用數學系,D 日,D 博士,17,0,1,19 臺中市,1 一般
113,0006,國立中興大學,05411041,應用數學系,D 日,M 碩士,13,0,8,19 臺中市,1 一般
113,0006,國立中興大學,05411041,應用數學系大數據碩士在職專班,N 職,M 碩士,53,0,12,19 臺中市,1 一般
113,0006,國立中興大學,05411041,應用數學系,D 日,B 學士,352,13,79,19 臺中市,1 一般
113,0006,國立中興大學,05421042,統計學研究所,D 日,M 碩士,41,7,17,19 臺中市,1 一般
113,0006,國立中興大學,06131043,資訊管理學系,D 日,M 碩士,96,0,50,19 臺中市,1 一般
113,0006,國立中興大學,06131043,資訊管理學系,N 職,M 碩士,77,0,35,19 臺中市,1 一般
113,0006,國立中興大學,06131043,資訊管理學系,D 日,B 學士,128,12,32,19 臺中市,1 一般
113,0006,國立中興大學,06131101,大數據產學研發博士學位學程,D 日,D 博士,11,0,1,19 臺中市,1 一般
113,0006,國立中興大學,06131106,資料科學與資訊計算研究所,D 日,M 碩士,45,7,14,19 臺中市,1 一般
113,0006,國立中興大學,06131108,資訊工程學系,D 日,D 博士,27,0,4,19 臺中市,1 一般
113,0006,國立中興大學,06131108,資訊工程學系,D 日,M 碩士,164,0,71,19 臺中市,1 一般
113,0006,國立中興大學,06131108,資訊工程學系,N 職,M 碩士,117,0,15,19 臺中市,1 一般
113,0006,國立中興大學,06131108,資訊工程學系,D 日,B 學士,148,12,29,19 臺中市,1 一般
113,0006,國立中興大學,06132100,人工智慧與資料科學碩士在職學位學程,N 職,M 碩士,78,2,14,19 臺中市,1 一般
113,0006,國立中興大學,07111055,化學工程學系,D 日,D 博士,9,0,2,19 臺中市,1 一般
113,0006,國立中興大學,07111055,化學工程學系,D 日,M 碩士,157,0,70,19 臺中市,1 一般
113,0006,國立中興大學,07111055,化學工程學系,N 職,M 碩士,63,0,12,19 臺中市,1 一般
113,0006,國立中興大學,07111055,化學工程學系,D 日,B 學士,211,17,47,19 臺中市,1 一般
113,0006,國立中興大學,07111124,化工系產業碩士專班,D 日,M 碩士,5,0,0,19 臺中市,1 一般
113,0006,國立中興大學,07112057,材料科學與工程學系,D 日,D 博士,30,0,6,19 臺中市,1 一般
113,0006,國立中興大學,07112057,材料科學與工程學系,D 日,M 碩士,142,0,68,19 臺中市,1 一般
113,0006,國立中興大學,07112057,材料科學與工程學系,N 職,M 碩士,99,0,11,19 臺中市,1 一般
113,0006,國立中興大學,07112057,材料科學與工程學系,D 日,B 學士,225,18,60,19 臺中市,1 一般
113,0006,國立中興大學,07112113,生物與永續科技博士學位學程,D 日,D 博士,5,0,0,19 臺中市,1 一般
113,0006,國立中興大學,07112113,生物與永續科技碩士學位學程,D 日,M 碩士,9,0,4,19 臺中市,1 一般
113,0006,國立中興大學,07112125,材料產業碩士專班,D 日,M 碩士,3,0,0,19 臺中市,1 一般
113,0006,國立中興大學,07121059,環境工程學系,D 日,D 博士,19,0,6,19 臺中市,1 一般
113,0006,國立中興大學,07121059,環境工程學系,D 日,M 碩士,92,0,44,19 臺中市,1 一般
113,0006,國立中興大學,07121059,環境工程學系,N 職,M 碩士,84,0,27,19 臺中市,1 一般
113,0006,國立中興大學,07121059,環境工程學系,D 日,B 學士,201,17,49,19 臺中市,1 一般
113,0006,國立中興大學,07141045,電機工程學系,D 日,D 博士,35,0,5,19 臺中市,1 一般
113,0006,國立中興大學,07141045,電機工程學系,D 日,M 碩士,323,0,107,19 臺中市,1 一般
113,0006,國立中興大學,07141045,電機工程學系,N 職,M 碩士,114,0,23,19 臺中市,1 一般
113,0006,國立中興大學,07141045,電機工程學系,D 日,B 學士,277,27,70,19 臺中市,1 一般
113,0006,國立中興大學,07141046,光電工程研究所,D 日,M 碩士,31,6,16,19 臺中市,1 一般
113,0006,國立中興大學,07141049,通訊工程研究所,D 日,M 碩士,28,5,15,19 臺中市,1 一般
113,0006,國立中興大學,07141102,電機資訊學院學士班,D 日,B 學士,131,2,26,19 臺中市,1 一般
113,0006,國立中興大學,07141104,電子系統產業碩士專班,D 日,M 碩士,6,0,0,19 臺中市,1 一般
113,0006,國立中興大學,07141105,電機控制產業碩士專班,D 日,M 碩士,1,0,2,19 臺中市,1 一般
113,0006,國立中興大學,07141116,半導體與綠色科技博士學位學程,D 日,D 博士,10,0,0,19 臺中市,1 一般
113,0006,國立中興大學,07141116,半導體與綠色科技碩士學位學程,D 日,M 碩士,43,0,20,19 臺中市,1 一般
113,0006,國立中興大學,07141120,智慧電動車及綠能科技產業碩士專班,D 日,M 碩士,25,0,0,19 臺中市,1 一般
113,0006,國立中興大學,07141C02,光電半導體技術產業碩士專班,D 日,M 碩士,0,0,1,19 臺中市,1 一般
113,0006,國立中興大學,07151050,機械工程學系,D 日,D 博士,19,0,2,19 臺中市,1 一般
113,0006,國立中興大學,07151050,機械工程學系,D 日,M 碩士,254,0,81,19 臺中市,1 一般
113,0006,國立中興大學,07151050,機械工程學系,N 職,M 碩士,102,0,14,19 臺中市,1 一般
113,0006,國立中興大學,07151050,機械工程學系,D 日,B 學士,400,28,89,19 臺中市,1 一般
113,0006,國立中興大學,07151051,精密工程研究所,D 日,D 博士,10,0,3,19 臺中市,1 一般
113,0006,國立中興大學,07151051,精密工程研究所,D 日,M 碩士,72,6,33,19 臺中市,1 一般
113,0006,國立中興大學,07151051,精密工程研究所,N 職,M 碩士,33,0,8,19 臺中市,1 一般
113,0006,國立中興大學,07151052,生物產業機電工程學系,D 日,D 博士,17,0,2,19 臺中市,1 一般
113,0006,國立中興大學,07151052,生物產業機電工程學系,D 日,M 碩士,57,0,13,19 臺中市,1 一般
113,0006,國立中興大學,07151052,生物產業機電工程學系,D 日,B 學士,232,11,50,19 臺中市,1 一般
113,0006,國立中興大學,07191115,工業與智慧科技博士學位學程,D 日,D 博士,13,0,0,19 臺中市,1 一般
113,0006,國立中興大學,07191115,工業與智慧科技碩士學位學程,D 日,M 碩士,44,0,12,19 臺中市,1 一般
113,0006,國立中興大學,07193060,生醫工程研究所,D 日,D 博士,14,0,0,19 臺中市,1 一般
113,0006,國立中興大學,07193060,生醫工程研究所,D 日,M 碩士,40,7,16,19 臺中市,1 一般
113,0006,國立中興大學,07199107,智慧創意工程學士學位學程,D 日,B 學士,56,2,0,19 臺中市,1 一般
113,0006,國立中興大學,07199X49,循環經濟研究學院,D 日,,0,8,0,19 臺中市,1 一般
113,0006,國立中興大學,07211081,食品暨應用生物科技學系,D 日,D 博士,18,0,2,19 臺中市,1 一般
113,0006,國立中興大學,07211081,食品暨應用生物科技學系,D 日,M 碩士,96,0,37,19 臺中市,1 一般
113,0006,國立中興大學,07211081,食品暨應用生物科技學系,N 職,M 碩士,57,0,14,19 臺中市,1 一般
113,0006,國立中興大學,07211081,食品暨應用生物科技學系,D 日,B 學士,219,14,48,19 臺中市,1 一般
113,0006,國立中興大學,07211098,食品安全研究所,D 日,M 碩士,36,5,8,19 臺中市,1 一般
113,0006,國立中興大學,07312061,景觀與遊憩碩士學位學程,D 日,M 碩士,17,0,1,19 臺中市,1 一般
113,0006,國立中興大學,07312061,景觀與遊憩學士學位學程,D 日,B 學士,77,4,19,19 臺中市,1 一般
113,0006,國立中興大學,07321054,土木工程學系,D 日,D 博士,17,0,6,19 臺中市,1 一般
113,0006,國立中興大學,07321054,土木工程學系,D 日,M 碩士,117,0,50,19 臺中市,1 一般
113,0006,國立中興大學,07321054,土木工程學系,N 職,M 碩士,84,0,15,19 臺中市,1 一般
113,0006,國立中興大學,07321054,土木工程學系,D 日,B 學士,375,27,105,19 臺中市,1 一般
113,0006,國立中興大學,08111063,農藝學系,D 日,D 博士,9,0,2,19 臺中市,1 一般
113,0006,國立中興大學,08111063,農藝學系,D 日,M 碩士,55,0,11,19 臺中市,1 一般
113,0006,國立中興大學,08111063,農藝學系,D 日,B 學士,199,14,42,19 臺中市,1 一般
113,0006,國立中興大學,08111064,國際農學博士學位學程,D 日,D 博士,35,0,0,19 臺中市,1 一般
113,0006,國立中興大學,08111064,國際農學碩士學位學程,D 日,M 碩士,36,4,6,19 臺中市,1 一般
113,0006,國立中興大學,08112066,動物科學系,D 日,D 博士,26,0,3,19 臺中市,1 一般
113,0006,國立中興大學,08112066,動物科學系,D 日,M 碩士,59,0,28,19 臺中市,1 一般
113,0006,國立中興大學,08112066,動物科學系,D 日,B 學士,206,12,46,19 臺中市,1 一般
113,0006,國立中興大學,08121067,園藝學系,D 日,D 博士,28,0,5,19 臺中市,1 一般
113,0006,國立中興大學,08121067,園藝學系,D 日,M 碩士,67,0,22,19 臺中市,1 一般
113,0006,國立中興大學,08121067,園藝學系,D 日,B 學士,172,13,45,19 臺中市,1 一般
113,0006,國立中興大學,08191083,土壤環境科學系,D 日,D 博士,14,0,2,19 臺中市,1 一般
113,0006,國立中興大學,08191083,土壤環境科學系,D 日,M 碩士,32,0,13,19 臺中市,1 一般
113,0006,國立中興大學,08191083,土壤環境科學系,D 日,B 學士,183,13,35,19 臺中市,1 一般
113,0006,國立中興大學,08193076,生物產業管理研究所,D 日,M 碩士,40,7,11,19 臺中市,1 一般
113,0006,國立中興大學,08193076,生物產業管理進修學士學位學程,P 進,B 學士,181,0,37,19 臺中市,1 一般
113,0006,國立中興大學,08193077,農業企業經營管理碩士在職專班,N 職,M 碩士,75,1,15,19 臺中市,1 一般
113,0006,國立中興大學,08193078,國際農企業學士學位學程,D 日,B 學士,93,2,20,19 臺中市,1 一般
113,0006,國立中興大學,08193079,農業經濟與行銷碩士學位學程,D 日,M 碩士,21,2,10,19 臺中市,1 一般
113,0006,國立中興大學,08193114,國際精準農企業發展博士學位學程,D 日,D 博士,5,0,0,19 臺中市,1 一般
113,0006,國立中興大學,08193114,國際精準農企業發展碩士學位學程,D 日,M 碩士,6,0,1,19 臺中市,1 一般
113,0006,國立中興大學,08194068,植物病理學系,D 日,D 博士,13,0,1,19 臺中市,1 一般
113,0006,國立中興大學,08194068,植物病理學系,D 日,M 碩士,30,0,22,19 臺中市,1 一般
113,0006,國立中興大學,08194068,植物病理學系,D 日,B 學士,195,14,45,19 臺中市,1 一般
113,0006,國立中興大學,08194069,植物醫學暨安全農業碩士學位學程,D 日,M 碩士,31,2,9,19 臺中市,1 一般
113,0006,國立中興大學,08194111,植物保健博士學位學程,D 日,D 博士,4,0,0,19 臺中市,1 一般
113,0006,國立中興大學,08194111,植物保健碩士學位學程,D 日,M 碩士,8,0,2,19 臺中市,1 一般
113,0006,國立中興大學,08211086,森林學系,D 日,D 博士,27,0,4,19 臺中市,1 一般
113,0006,國立中興大學,08211086,森林學系,D 日,M 碩士,49,0,26,19 臺中市,1 一般
113,0006,國立中興大學,08211086,森林學系,D 日,B 學士,271,15,49,19 臺中市,1 一般
113,0006,國立中興大學,08411087,獸醫學系,D 日,D 博士,30,0,1,19 臺中市,1 一般
113,0006,國立中興大學,08411087,獸醫學系,D 日,M 碩士,70,0,27,19 臺中市,1 一般
113,0006,國立中興大學,08411087,獸醫學系,D 日,B 學士,373,29,73,19 臺中市,1 一般
113,0006,國立中興大學,08411089,獸醫病理生物學研究所,D 日,D 博士,12,0,0,19 臺中市,1 一般
113,0006,國立中興大學,08411089,獸醫病理生物學研究所,D 日,M 碩士,10,9,5,19 臺中市,1 一般
113,0006,國立中興大學,08411092,微生物暨公共衛生學研究所,D 日,D 博士,7,0,4,19 臺中市,1 一般
113,0006,國立中興大學,08411092,微生物暨公共衛生學研究所,D 日,M 碩士,19,9,7,19 臺中市,1 一般
113,0006,國立中興大學,09121093,轉譯醫學博士學位學程,D 日,D 博士,41,1,5,19 臺中市,1 一般
113,0006,國立中興大學,09121110,學士後醫學系,D 日,B 學士,69,107,0,19 臺中市,1 一般
113,0006,國立中興大學,09121121,臨床醫學研究所,D 日,M 碩士,9,5,0,19 臺中市,1 一般
113,0006,國立中興大學,09131122,臨床護理研究所,D 日,M 碩士,13,5,0,19 臺中市,1 一般
113,0006,國立中興大學,09141094,醫學生物科技博士學位學程,D 日,D 博士,23,1,0,19 臺中市,1 一般
113,0006,國立中興大學,09199096,組織工程與再生醫學博士學位學程,D 日,D 博士,25,2,5,19 臺中市,1 一般
113,0006,國立中興大學,99999Z01,通識及共同科目,D 日,,0,3,0,19 臺中市,1 一般
113,0006,國立中興大學,99999Z03,軍訓教官,D 日,,0,5,0,19 臺中市,1 一般
113,0006,國立中興大學,99999Z05,師資培育中心,D 日,,0,1,0,19 臺中市,1 一般
113,0006,國立中興大學,99999Z07,體育室,D 日,,0,12,0,19 臺中市,1 一般
113,0006,國立中興大學,99999Z08,語言中心,D 日,,0,6,0,19 臺中市,1 一般
113,0006,國立中興大學,99999Z99,其他(包括行政助教),D 日,,0,1,0,19 臺中市,1 一般
113,0007,國立陽明交通大學,01111001,教育研究所,D 日,D 博士,39,0,4,18 新竹市,1 一般
113,0007,國立陽明交通大學,01111001,教育研究所,D 日,M 碩士,88,12,18,18 新竹市,1 一般
113,0007,國立陽明交通大學,01131002,英語教學研究所,D 日,M 碩士,35,6,6,18 新竹市,1 一般
113,0007,國立陽明交通大學,02122004,應用藝術研究所,D 日,D 博士,30,0,2,18 新竹市,1 一般
113,0007,國立陽明交通大學,02122004,應用藝術研究所,D 日,M 碩士,79,7,20,18 新竹市,1 一般
113,0007,國立陽明交通大學,02151003,音樂研究所,D 日,M 碩士,67,6,14,18 新竹市,1 一般
113,0007,國立陽明交通大學,02191107,視覺文化研究所,D 日,M 碩士,19,6,3,18 新竹市,1 一般
113,0007,國立陽明交通大學,02222095,客家文化學院博士班,D 日,D 博士,8,2,0,18 新竹市,1 一般
113,0007,國立陽明交通大學,02231108,心智哲學研究所,D 日,M 碩士,18,8,7,18 新竹市,1 一般
113,0007,國立陽明交通大學,02299008,人文社會學系族群與文化碩士班,D 日,M 碩士,30,0,4,18 新竹市,1 一般
113,0007,國立陽明交通大學,02299008,人文社會學系,D 日,B 學士,206,12,29,18 新竹市,1 一般
113,0007,國立陽明交通大學,02299009,亞際文化研究國際碩士學位學程(台灣聯合大學系統),D 日,M 碩士,26,0,2,18 新竹市,1 一般
113,0007,國立陽明交通大學,02299010,社會與文化研究所,D 日,D 博士,38,0,5,18 新竹市,1 一般
113,0007,國立陽明交通大學,02299010,社會與文化研究所,D 日,M 碩士,35,7,7,18 新竹市,1 一般
113,0007,國立陽明交通大學,02299X55,人文藝術與社會學院,D 日,,0,2,0,18 新竹市,1 一般
113,0007,國立陽明交通大學,02311005,外國語文學系外國文學與語言學碩士班,D 日,M 碩士,39,0,12,18 新竹市,1 一般
113,0007,國立陽明交通大學,02311005,外國語文學系,D 日,B 學士,210,15,39,18 新竹市,1 一般
113,0007,國立陽明交通大學,03143013,客家社會與文化碩士在職專班,N 職,M 碩士,77,2,18,18 新竹市,1 一般
113,0007,國立陽明交通大學,03199109,科技與社會研究所,D 日,M 碩士,24,8,5,18 新竹市,1 一般
113,0007,國立陽明交通大學,03211014,傳播研究所,D 日,M 碩士,68,7,17,18 新竹市,1 一般
113,0007,國立陽明交通大學,03211015,傳播與科技學系,D 日,M 碩士,45,0,10,18 新竹市,1 一般
113,0007,國立陽明交通大學,03211015,傳播與科技學系,D 日,B 學士,165,12,35,18 新竹市,1 一般
113,0007,國立陽明交通大學,04121020,資訊管理與財務金融學系財務金融博士班,D 日,D 博士,29,0,5,18 新竹市,1 一般
113,0007,國立陽明交通大學,04121020,資訊管理與財務金融學系財務金融碩士班,D 日,M 碩士,114,0,46,18 新竹市,1 一般
113,0007,國立陽明交通大學,04121020,資訊管理與財務金融學系,D 日,B 學士,190,13,38,18 新竹市,1 一般
113,0007,國立陽明交通大學,04131016,管理學院企業管理碩士學位學程,D 日,M 碩士,70,2,35,18 新竹市,1 一般
113,0007,國立陽明交通大學,04131017,經營管理研究所,D 日,D 博士,26,0,3,18 新竹市,1 一般
113,0007,國立陽明交通大學,04131017,經營管理研究所,D 日,M 碩士,101,7,43,18 新竹市,1 一般
113,0007,國立陽明交通大學,04131018,管理科學系,D 日,D 博士,27,0,2,18 新竹市,1 一般
113,0007,國立陽明交通大學,04131018,管理科學系,D 日,M 碩士,83,0,27,18 新竹市,1 一般
113,0007,國立陽明交通大學,04131018,管理科學系,D 日,B 學士,226,11,35,18 新竹市,1 一般
113,0007,國立陽明交通大學,04131026,管理學院碩士在職專班,N 職,M 碩士,452,2,156,18 新竹市,1 一般
113,0007,國立陽明交通大學,04131164,生技醫療經營管理碩士在職學位學程,N 職,M 碩士,40,2,18,18 新竹市,1 一般
113,0007,國立陽明交通大學,04133110,醫務管理研究所,D 日,M 碩士,24,8,11,18 新竹市,1 一般
113,0007,國立陽明交通大學,04133110,醫務管理研究所,N 職,M 碩士,72,0,14,18 新竹市,1 一般
113,0007,國立陽明交通大學,04199023,科技管理研究所,D 日,D 博士,30,0,1,18 新竹市,1 一般
113,0007,國立陽明交通大學,04199023,科技管理研究所,D 日,M 碩士,50,7,14,18 新竹市,1 一般
113,0007,國立陽明交通大學,04199024,高階主管管理碩士學程,N 職,M 碩士,121,2,58,18 新竹市,1 一般
113,0007,國立陽明交通大學,04212027,科技法律研究所,D 日,D 博士,23,0,1,18 新竹市,1 一般
113,0007,國立陽明交通大學,04212027,科技法律研究所,D 日,M 碩士,120,11,39,18 新竹市,1 一般
113,0007,國立陽明交通大學,04212027,科技法律研究所,N 職,M 碩士,98,0,11,18 新竹市,1 一般
113,0007,國立陽明交通大學,05121028,生物科技學系,D 日,D 博士,56,0,4,18 新竹市,1 一般
113,0007,國立陽明交通大學,05121028,生物科技學系,D 日,M 碩士,120,0,31,18 新竹市,1 一般
113,0007,國立陽明交通大學,05121028,生物科技學系,D 日,B 學士,284,23,66,18 新竹市,1 一般
113,0007,國立陽明交通大學,05121030,分子醫學與生物工程研究所,D 日,D 博士,19,0,2,18 新竹市,1 一般
113,0007,國立陽明交通大學,05121030,分子醫學與生物工程研究所,D 日,M 碩士,62,7,20,18 新竹市,1 一般
113,0007,國立陽明交通大學,05121112,生命科學系暨基因體科學研究所,D 日,D 博士,11,0,3,18 新竹市,1 一般
113,0007,國立陽明交通大學,05121112,生命科學系暨基因體科學研究所,D 日,M 碩士,56,0,26,18 新竹市,1 一般
113,0007,國立陽明交通大學,05121112,生命科學系暨基因體科學研究所,D 日,B 學士,115,17,23,18 新竹市,1 一般
113,0007,國立陽明交通大學,05121165,生技醫療產業博士學位學程,D 日,D 博士,22,0,2,18 新竹市,1 一般
113,0007,國立陽明交通大學,05121173,工程與計算生醫產業碩士專班,D 日,M 碩士,2,0,2,18 新竹市,1 一般
113,0007,國立陽明交通大學,05121186,工程生物科學學院產業博士班,D 日,D 博士,15,0,0,18 新竹市,1 一般
113,0007,國立陽明交通大學,05122114,微生物及免疫學研究所,D 日,D 博士,26,0,3,18 新竹市,1 一般
113,0007,國立陽明交通大學,05122114,微生物及免疫學研究所,D 日,M 碩士,53,8,17,18 新竹市,1 一般
113,0007,國立陽明交通大學,05123116,生化暨分子生物研究所,D 日,D 博士,17,0,7,18 新竹市,1 一般
113,0007,國立陽明交通大學,05123116,生化暨分子生物研究所,D 日,M 碩士,40,10,23,18 新竹市,1 一般
113,0007,國立陽明交通大學,05124034,生物資訊及系統生物研究所,D 日,D 博士,25,0,2,18 新竹市,1 一般
113,0007,國立陽明交通大學,05124034,生物資訊及系統生物研究所,D 日,M 碩士,51,8,16,18 新竹市,1 一般
113,0007,國立陽明交通大學,05124117,生物醫學資訊研究所,D 日,D 博士,29,0,2,18 新竹市,1 一般
113,0007,國立陽明交通大學,05124117,生物醫學資訊研究所,D 日,M 碩士,70,10,25,18 新竹市,1 一般
113,0007,國立陽明交通大學,05199035,跨領域神經科學日間博士班,D 日,D 博士,29,0,1,18 新竹市,1 一般
113,0007,國立陽明交通大學,05199163,學士班大一大二不分系,D 日,B 學士,19,2,0,18 新竹市,1 一般
113,0007,國立陽明交通大學,05211043,環境科技博士學位學程(台灣聯合大學系統),D 日,D 博士,8,0,0,18 新竹市,1 一般
113,0007,國立陽明交通大學,05311036,應用化學系,D 日,D 博士,61,0,10,18 新竹市,1 一般
113,0007,國立陽明交通大學,05311036,應用化學系,D 日,M 碩士,275,0,75,18 新竹市,1 一般
113,0007,國立陽明交通大學,05311036,應用化學系,D 日,B 學士,205,26,48,18 新竹市,1 一般
113,0007,國立陽明交通大學,05311039,永續化學科技國際研究生博士學位學程,D 日,D 博士,25,0,10,18 新竹市,1 一般
113,0007,國立陽明交通大學,05322178,太空系統工程研究所,D 日,M 碩士,28,5,0,18 新竹市,1 一般
113,0007,國立陽明交通大學,05331040,物理研究所,D 日,D 博士,7,0,4,18 新竹市,1 一般
113,0007,國立陽明交通大學,05331040,物理研究所,D 日,M 碩士,72,9,18,18 新竹市,1 一般
113,0007,國立陽明交通大學,05331041,電子物理學系,D 日,D 博士,88,0,14,18 新竹市,1 一般
113,0007,國立陽明交通大學,05331041,電子物理學系,D 日,M 碩士,226,0,58,18 新竹市,1 一般
113,0007,國立陽明交通大學,05331041,電子物理學系,D 日,B 學士,247,20,57,18 新竹市,1 一般
113,0007,國立陽明交通大學,05399042,加速器光源科技與應用碩士學位學程,D 日,M 碩士,2,0,1,18 新竹市,1 一般
113,0007,國立陽明交通大學,05399044,理學院碩士在職專班,N 職,M 碩士,139,0,37,18 新竹市,1 一般
113,0007,國立陽明交通大學,05399044,理學院科學學士學位學程,D 日,B 學士,2,4,0,18 新竹市,1 一般
113,0007,國立陽明交通大學,05411045,應用數學系,D 日,D 博士,17,0,3,18 新竹市,1 一般
113,0007,國立陽明交通大學,05411045,應用數學系,D 日,M 碩士,62,0,38,18 新竹市,1 一般
113,0007,國立陽明交通大學,05411045,應用數學系,D 日,B 學士,212,27,43,18 新竹市,1 一般
113,0007,國立陽明交通大學,05421047,統計學研究所,D 日,D 博士,9,0,2,18 新竹市,1 一般
113,0007,國立陽明交通大學,05421047,統計學研究所,D 日,M 碩士,43,7,23,18 新竹市,1 一般
113,0007,國立陽明交通大學,06121048,網路與資訊系統博士學位學程,D 日,D 博士,1,0,0,18 新竹市,1 一般
113,0007,國立陽明交通大學,06121060,網路工程研究所,D 日,M 碩士,139,7,48,18 新竹市,1 一般
113,0007,國立陽明交通大學,06131022,資訊管理研究所,D 日,D 博士,23,0,6,18 新竹市,1 一般
113,0007,國立陽明交通大學,06131022,資訊管理研究所,D 日,M 碩士,83,7,33,18 新竹市,1 一般
113,0007,國立陽明交通大學,06131058,資訊工程學系,D 日,B 學士,818,25,201,18 新竹市,1 一般
113,0007,國立陽明交通大學,06131061,資訊科學與工程研究所,D 日,D 博士,139,0,20,18 新竹市,1 一般
113,0007,國立陽明交通大學,06131061,資訊科學與工程研究所,D 日,M 碩士,480,9,129,18 新竹市,1 一般
113,0007,國立陽明交通大學,06131069,資訊學院博士班,D 日,D 博士,2,0,0,18 新竹市,1 一般
113,0007,國立陽明交通大學,06131092,數據科學與工程研究所,D 日,M 碩士,143,7,38,18 新竹市,1 一般
113,0007,國立陽明交通大學,06131098,資訊學院國防資安管理碩士在職專班,N 職,M 碩士,63,0,11,18 新竹市,1 一般
113,0007,國立陽明交通大學,06131104,智慧計算與科技研究所,D 日,M 碩士,87,8,14,18 新竹市,1 一般
113,0007,國立陽明交通大學,06131106,智慧科學暨綠能學院博士班,D 日,D 博士,12,0,1,18 新竹市,1 一般
113,0007,國立陽明交通大學,06131170,資通安全碩士學位學程,D 日,M 碩士,0,0,10,18 新竹市,1 一般
113,0007,國立陽明交通大學,06131175,資訊學院科技犯罪偵查資通訊碩士在職專班,N 職,M 碩士,80,2,2,18 新竹市,1 一般
113,0007,國立陽明交通大學,06131182,資訊安全研究所,D 日,M 碩士,46,7,0,18 新竹市,1 一般
113,0007,國立陽明交通大學,06132049,多媒體工程研究所,D 日,M 碩士,142,7,40,18 新竹市,1 一般
113,0007,國立陽明交通大學,06132103,智慧系統與應用研究所,D 日,M 碩士,47,1,13,18 新竹市,1 一般
113,0007,國立陽明交通大學,06199105,智慧與綠能產學研究所,D 日,M 碩士,40,4,14,18 新竹市,1 一般
113,0007,國立陽明交通大學,06199180,智能系統研究所,D 日,D 博士,15,0,0,18 新竹市,1 一般
113,0007,國立陽明交通大學,06199180,智能系統研究所,D 日,M 碩士,131,0,21,18 新竹市,1 一般
113,0007,國立陽明交通大學,06199Y95,智慧科學暨綠能學院,D 日,,0,3,0,18 新竹市,1 一般
113,0007,國立陽明交通大學,07112072,材料科學與工程學系,D 日,D 博士,124,0,17,18 新竹市,1 一般
113,0007,國立陽明交通大學,07112072,材料科學與工程學系,D 日,M 碩士,240,0,82,18 新竹市,1 一般
113,0007,國立陽明交通大學,07112072,材料科學與工程學系,D 日,B 學士,215,24,53,18 新竹市,1 一般
113,0007,國立陽明交通大學,07121076,環境工程研究所,D 日,D 博士,14,0,6,18 新竹市,1 一般
113,0007,國立陽明交通大學,07121076,環境工程研究所,D 日,M 碩士,56,7,26,18 新竹市,1 一般
113,0007,國立陽明交通大學,07132081,照明與能源光電研究所,D 日,M 碩士,87,7,19,18 新竹市,1 一般
113,0007,國立陽明交通大學,07141050,電機工程學系,D 日,D 博士,62,0,11,18 新竹市,1 一般
113,0007,國立陽明交通大學,07141050,電機工程學系,D 日,M 碩士,223,0,89,18 新竹市,1 一般
113,0007,國立陽明交通大學,07141050,電機工程學系,D 日,B 學士,1079,41,252,18 新竹市,1 一般
113,0007,國立陽明交通大學,07141053,電子研究所,D 日,D 博士,114,0,19,18 新竹市,1 一般
113,0007,國立陽明交通大學,07141053,電子研究所,D 日,M 碩士,655,31,183,18 新竹市,1 一般
113,0007,國立陽明交通大學,07141054,光電博士學位學程(台灣聯合大學系統),D 日,D 博士,9,0,3,18 新竹市,1 一般
113,0007,國立陽明交通大學,07141055,光電工程學系,D 日,D 博士,61,0,8,18 新竹市,1 一般
113,0007,國立陽明交通大學,07141055,光電工程學系,D 日,M 碩士,289,0,90,18 新竹市,1 一般
113,0007,國立陽明交通大學,07141055,光電工程學系,D 日,B 學士,148,22,39,18 新竹市,1 一般
113,0007,國立陽明交通大學,07141057,光電科技碩士在職專班,N 職,M 碩士,0,0,7,18 新竹市,1 一般
113,0007,國立陽明交通大學,07141062,電信工程研究所,D 日,D 博士,35,0,5,18 新竹市,1 一般
113,0007,國立陽明交通大學,07141062,電信工程研究所,D 日,M 碩士,377,19,95,18 新竹市,1 一般
113,0007,國立陽明交通大學,07141064,電控工程研究所,D 日,D 博士,43,0,5,18 新竹市,1 一般
113,0007,國立陽明交通大學,07141064,電控工程研究所,D 日,M 碩士,243,14,54,18 新竹市,1 一般
113,0007,國立陽明交通大學,07141065,光電系統研究所,D 日,M 碩士,91,6,33,18 新竹市,1 一般
113,0007,國立陽明交通大學,07141065,光電系統研究所,N 職,M 碩士,52,0,0,18 新竹市,1 一般
113,0007,國立陽明交通大學,07141066,國際半導體產業學院博士班,D 日,D 博士,79,0,13,18 新竹市,1 一般
113,0007,國立陽明交通大學,07141066,國際半導體產業學院,D 日,M 碩士,191,0,32,18 新竹市,1 一般
113,0007,國立陽明交通大學,07141067,電機學院博士班,D 日,D 博士,43,2,6,18 新竹市,1 一般
113,0007,國立陽明交通大學,07141067,電機學院碩士在職專班,N 職,M 碩士,181,0,27,18 新竹市,1 一般
113,0007,國立陽明交通大學,07141068,電機資訊國際博士學位學程,D 日,D 博士,60,0,16,18 新竹市,1 一般
113,0007,國立陽明交通大學,07141068,電機資訊國際碩士學位學程,D 日,M 碩士,61,4,19,18 新竹市,1 一般
113,0007,國立陽明交通大學,07141069,資訊學院碩士在職專班,N 職,M 碩士,117,2,15,18 新竹市,1 一般
113,0007,國立陽明交通大學,07141074,奈米科學及工程學士學位學程,D 日,B 學士,0,0,24,18 新竹市,1 一般
113,0007,國立陽明交通大學,07141099,人工智慧技術與應用碩士學位學程,D 日,M 碩士,63,0,24,18 新竹市,1 一般
113,0007,國立陽明交通大學,07141101,光電學院博士班,D 日,D 博士,31,0,4,18 新竹市,1 一般
113,0007,國立陽明交通大學,07141179,學士後電子與光子學士學位學程,D 日,B 學士,162,5,0,18 新竹市,1 一般
113,0007,國立陽明交通大學,07141181,前瞻半導體研究所,D 日,D 博士,31,0,0,18 新竹市,1 一般
113,0007,國立陽明交通大學,07141181,前瞻半導體研究所,D 日,M 碩士,174,0,29,18 新竹市,1 一般
113,0007,國立陽明交通大學,07141184,半導體工程學系,D 日,B 學士,217,8,0,18 新竹市,1 一般
113,0007,國立陽明交通大學,07141187,國際半導體人才教育專班,D 日,M 碩士,8,0,0,18 新竹市,1 一般
113,0007,國立陽明交通大學,07151070,機械工程學系,D 日,D 博士,70,0,11,18 新竹市,1 一般
113,0007,國立陽明交通大學,07151070,機械工程學系,D 日,M 碩士,359,0,91,18 新竹市,1 一般
113,0007,國立陽明交通大學,07151070,機械工程學系,D 日,B 學士,422,24,83,18 新竹市,1 一般
113,0007,國立陽明交通大學,07151093,機器人碩士學位學程,D 日,M 碩士,63,2,26,18 新竹市,1 一般
113,0007,國立陽明交通大學,07191075,工業工程與管理學系,D 日,D 博士,29,0,5,18 新竹市,1 一般
113,0007,國立陽明交通大學,07191075,工業工程與管理學系,D 日,M 碩士,155,0,57,18 新竹市,1 一般
113,0007,國立陽明交通大學,07191075,工業工程與管理學系,D 日,B 學士,255,15,64,18 新竹市,1 一般
113,0007,國立陽明交通大學,07193077,生醫工程研究所,D 日,M 碩士,122,7,37,18 新竹市,1 一般
113,0007,國立陽明交通大學,07193079,影像與生醫光電研究所,D 日,M 碩士,79,6,24,18 新竹市,1 一般
113,0007,國立陽明交通大學,07193080,生醫科學與工程博士學位學程,D 日,D 博士,15,2,0,18 新竹市,1 一般
113,0007,國立陽明交通大學,07193120,生醫光電研究所,D 日,D 博士,24,0,2,18 新竹市,1 一般
113,0007,國立陽明交通大學,07193120,生醫光電研究所,D 日,M 碩士,75,7,29,18 新竹市,1 一般
113,0007,國立陽明交通大學,07193122,生物醫學工程學系,D 日,D 博士,48,0,12,18 新竹市,1 一般
113,0007,國立陽明交通大學,07193122,生物醫學工程學系,D 日,M 碩士,104,0,39,18 新竹市,1 一般
113,0007,國立陽明交通大學,07193122,生物醫學工程學系,D 日,B 學士,114,14,28,18 新竹市,1 一般
113,0007,國立陽明交通大學,07193172,數位醫療學士學位學程,D 日,B 學士,1,2,1,18 新竹市,1 一般
113,0007,國立陽明交通大學,07199083,工學院碩士在職專班,N 職,M 碩士,402,0,83,18 新竹市,1 一般
113,0007,國立陽明交通大學,07199102,系統工程與科技學士學位學程,D 日,B 學士,589,0,185,18 新竹市,1 一般
113,0007,國立陽明交通大學,07199X50,產學創新研究學院,D 日,,0,10,0,18 新竹市,1 一般
113,0007,國立陽明交通大學,07311085,建築研究所,D 日,M 碩士,68,7,24,18 新竹市,1 一般
113,0007,國立陽明交通大學,07321071,土木工程學系,D 日,D 博士,59,0,4,18 新竹市,1 一般
113,0007,國立陽明交通大學,07321071,土木工程學系,D 日,M 碩士,203,0,75,18 新竹市,1 一般
113,0007,國立陽明交通大學,07321071,土木工程學系,D 日,B 學士,329,29,65,18 新竹市,1 一般
113,0007,國立陽明交通大學,09111160,牙醫學系,D 日,D 博士,16,0,5,18 新竹市,1 一般
113,0007,國立陽明交通大學,09111160,牙醫學系,D 日,M 碩士,14,0,10,18 新竹市,1 一般
113,0007,國立陽明交通大學,09111160,牙醫學系,D 日,B 學士,253,11,43,18 新竹市,1 一般
113,0007,國立陽明交通大學,09111162,口腔生物研究所,D 日,D 博士,14,0,3,18 新竹市,1 一般
113,0007,國立陽明交通大學,09111162,口腔生物研究所,D 日,M 碩士,18,7,8,18 新竹市,1 一般
113,0007,國立陽明交通大學,09111169,口腔組織工程暨生技材料研究所,D 日,M 碩士,8,6,3,18 新竹市,1 一般
113,0007,國立陽明交通大學,09121125,醫學系,D 日,B 學士,879,77,151,18 新竹市,1 一般
113,0007,國立陽明交通大學,09121126,臨床醫學研究所,D 日,D 博士,106,0,17,18 新竹市,1 一般
113,0007,國立陽明交通大學,09121126,臨床醫學研究所,D 日,M 碩士,22,10,8,18 新竹市,1 一般
113,0007,國立陽明交通大學,09121126,臨床醫學研究所,N 職,M 碩士,8,0,3,18 新竹市,1 一般
113,0007,國立陽明交通大學,09121128,分子醫學博士學位學程,D 日,D 博士,103,2,11,18 新竹市,1 一般
113,0007,國立陽明交通大學,09121129,生理學研究所,D 日,D 博士,8,0,3,18 新竹市,1 一般
113,0007,國立陽明交通大學,09121129,生理學研究所,D 日,M 碩士,37,8,11,18 新竹市,1 一般
113,0007,國立陽明交通大學,09121130,神經科學研究所,D 日,D 博士,28,0,3,18 新竹市,1 一般
113,0007,國立陽明交通大學,09121130,神經科學研究所,D 日,M 碩士,41,10,17,18 新竹市,1 一般
113,0007,國立陽明交通大學,09121132,解剖學及細胞生物學研究所,D 日,M 碩士,50,7,15,18 新竹市,1 一般
113,0007,國立陽明交通大學,09121133,急重症醫學研究所,D 日,D 博士,33,0,2,18 新竹市,1 一般
113,0007,國立陽明交通大學,09121133,急重症醫學研究所,D 日,M 碩士,20,7,6,18 新竹市,1 一般
113,0007,國立陽明交通大學,09121134,腦科學研究所,D 日,D 博士,59,0,6,18 新竹市,1 一般
113,0007,國立陽明交通大學,09121134,腦科學研究所,D 日,M 碩士,56,10,19,18 新竹市,1 一般
113,0007,國立陽明交通大學,09121136,轉譯醫學博士學位學程,D 日,D 博士,8,2,2,18 新竹市,1 一般
113,0007,國立陽明交通大學,09121144,藥理學研究所,D 日,D 博士,20,0,3,18 新竹市,1 一般
113,0007,國立陽明交通大學,09121144,藥理學研究所,D 日,M 碩士,33,6,14,18 新竹市,1 一般
113,0007,國立陽明交通大學,09121171,跨領域醫學博士學位學程,D 日,D 博士,27,2,0,18 新竹市,1 一般
113,0007,國立陽明交通大學,09121177,跨領域分子醫學碩士學位學程,D 日,M 碩士,16,3,0,18 新竹市,1 一般
113,0007,國立陽明交通大學,09121183,中醫學系,D 日,B 學士,28,7,0,18 新竹市,1 一般
113,0007,國立陽明交通大學,09131149,護理學系,D 日,D 博士,59,0,13,18 新竹市,1 一般
113,0007,國立陽明交通大學,09131149,護理學系,N 職,M 碩士,82,0,12,18 新竹市,1 一般
113,0007,國立陽明交通大學,09131149,護理學系,D 日,B 學士,152,12,36,18 新竹市,1 一般
113,0007,國立陽明交通大學,09131150,臨床護理研究所,D 日,D 博士,20,0,4,18 新竹市,1 一般
113,0007,國立陽明交通大學,09131150,臨床護理研究所,D 日,M 碩士,60,8,25,18 新竹市,1 一般
113,0007,國立陽明交通大學,09131153,社區健康照護研究所,D 日,M 碩士,39,6,16,18 新竹市,1 一般
113,0007,國立陽明交通大學,09141158,醫學生物技術暨檢驗學系,D 日,D 博士,12,0,1,18 新竹市,1 一般
113,0007,國立陽明交通大學,09141158,醫學生物技術暨檢驗學系,D 日,M 碩士,46,0,19,18 新竹市,1 一般
113,0007,國立陽明交通大學,09141158,醫學生物技術暨檢驗學系,D 日,B 學士,152,12,33,18 新竹市,1 一般
113,0007,國立陽明交通大學,09141159,生物醫學影像暨放射科學系,D 日,D 博士,39,0,8,18 新竹市,1 一般
113,0007,國立陽明交通大學,09141159,生物醫學影像暨放射科學系,D 日,M 碩士,52,0,21,18 新竹市,1 一般
113,0007,國立陽明交通大學,09141159,生物醫學影像暨放射科學系,D 日,B 學士,141,13,32,18 新竹市,1 一般
113,0007,國立陽明交通大學,09141166,生物醫學暨工程科技產業博士學位學程,D 日,D 博士,8,0,1,18 新竹市,1 一般
113,0007,國立陽明交通大學,09151148,物理治療暨輔助科技學系,D 日,D 博士,26,0,4,18 新竹市,1 一般
113,0007,國立陽明交通大學,09151148,物理治療暨輔助科技學系,D 日,M 碩士,76,0,28,18 新竹市,1 一般
113,0007,國立陽明交通大學,09151148,物理治療暨輔助科技學系,D 日,B 學士,231,17,30,18 新竹市,1 一般
113,0007,國立陽明交通大學,09161142,藥學系,D 日,M 碩士,33,0,16,18 新竹市,1 一般
113,0007,國立陽明交通大學,09161142,藥學系,D 日,B 學士,177,11,26,18 新竹市,1 一般
113,0007,國立陽明交通大學,09161145,生物藥學研究所,D 日,D 博士,11,0,2,18 新竹市,1 一般
113,0007,國立陽明交通大學,09161145,生物藥學研究所,D 日,M 碩士,43,7,23,18 新竹市,1 一般
113,0007,國立陽明交通大學,09161176,醫藥品法規科學博士學位學程,D 日,D 博士,9,2,0,18 新竹市,1 一般
113,0007,國立陽明交通大學,09171143,傳統醫藥研究所,D 日,D 博士,41,0,3,18 新竹市,1 一般
113,0007,國立陽明交通大學,09171143,傳統醫藥研究所,D 日,M 碩士,25,4,7,18 新竹市,1 一般
113,0007,國立陽明交通大學,09191137,公共衛生研究所,D 日,D 博士,78,0,8,18 新竹市,1 一般
113,0007,國立陽明交通大學,09191137,公共衛生研究所,D 日,M 碩士,87,10,23,18 新竹市,1 一般
113,0007,國立陽明交通大學,09191138,衛生福利研究所,D 日,D 博士,17,0,3,18 新竹市,1 一般
113,0007,國立陽明交通大學,09191138,衛生福利研究所,D 日,M 碩士,43,7,11,18 新竹市,1 一般
113,0007,國立陽明交通大學,09191140,環境與職業衛生研究所,D 日,D 博士,12,0,2,18 新竹市,1 一般
113,0007,國立陽明交通大學,09191140,環境與職業衛生研究所,D 日,M 碩士,38,7,9,18 新竹市,1 一般
113,0007,國立陽明交通大學,09191141,國際衛生碩士學位學程,D 日,M 碩士,28,2,14,18 新竹市,1 一般
113,0007,國立陽明交通大學,09191185,智慧醫療與政策管理產業博士學位學程,D 日,D 博士,4,0,0,18 新竹市,1 一般
113,0007,國立陽明交通大學,09199167,食品安全及健康風險評估研究所,D 日,M 碩士,25,5,16,18 新竹市,1 一般
113,0007,國立陽明交通大學,09211168,跨專業長期照顧與管理碩士學位學程,D 日,M 碩士,51,2,8,18 新竹市,1 一般
113,0007,國立陽明交通大學,10411086,運輸與物流管理學系,D 日,D 博士,22,0,1,18 新竹市,1 一般
113,0007,國立陽明交通大學,10411086,運輸與物流管理學系,D 日,M 碩士,143,0,51,18 新竹市,1 一般
113,0007,國立陽明交通大學,10411086,運輸與物流管理學系,D 日,B 學士,193,16,45,18 新竹市,1 一般
113,0007,國立陽明交通大學,99999096,百川學士學位學程,D 日,B 學士,135,2,22,18 新竹市,1 一般
113,0007,國立陽明交通大學,99999Z01,通識及共同科目,D 日,,0,9,0,18 新竹市,1 一般
113,0007,國立陽明交通大學,99999Z02,計算機中心,D 日,,0,5,0,18 新竹市,1 一般
113,0007,國立陽明交通大學,99999Z03,軍訓教官,D 日,,0,9,0,18 新竹市,1 一般
113,0007,國立陽明交通大學,99999Z07,體育室,D 日,,0,19,0,18 新竹市,1 一般
113,0007,國立陽明交通大學,99999Z08,語言中心,D 日,,0,8,0,18 新竹市,1 一般
113,0007,國立陽明交通大學,99999Z99,其他(包括行政助教),D 日,,0,18,0,18 新竹市,1 一般
113,0008,國立中央大學,01115001,學習與教學研究所,D 日,D 博士,25,0,3,03 桃園市,1 一般
113,0008,國立中央大學,01115001,學習與教學研究所,D 日,M 碩士,28,6,7,03 桃園市,1 一般
113,0008,國立中央大學,02191004,藝術學研究所,D 日,M 碩士,34,4,7,03 桃園市,1 一般
113,0008,國立中央大學,02221010,歷史研究所,D 日,M 碩士,43,7,3,03 桃園市,1 一般
113,0008,國立中央大學,02221010,歷史研究所,N 職,M 碩士,46,0,6,03 桃園市,1 一般
113,0008,國立中央大學,02231011,哲學研究所,D 日,D 博士,30,0,4,03 桃園市,1 一般
113,0008,國立中央大學,02231011,哲學研究所,D 日,M 碩士,19,7,4,03 桃園市,1 一般
113,0008,國立中央大學,02231011,哲學研究所,N 職,M 碩士,47,0,3,03 桃園市,1 一般
113,0008,國立中央大學,02299012,亞際文化研究國際碩士學位學程(台灣聯合大學系統),D 日,M 碩士,14,0,3,03 桃園市,1 一般
113,0008,國立中央大學,02299080,文學院學士班,D 日,B 學士,80,4,16,03 桃園市,1 一般
113,0008,國立中央大學,02311007,英美語文學系,D 日,M 碩士,30,0,5,03 桃園市,1 一般
113,0008,國立中央大學,02311007,英美語文學系,D 日,B 學士,192,15,45,03 桃園市,1 一般
113,0008,國立中央大學,02311008,法國語文學系,D 日,M 碩士,11,0,1,03 桃園市,1 一般
113,0008,國立中央大學,02311008,法國語文學系,D 日,B 學士,198,12,59,03 桃園市,1 一般
113,0008,國立中央大學,02322006,中國文學系,D 日,D 博士,24,0,4,03 桃園市,1 一般
113,0008,國立中央大學,02322006,中國文學系,D 日,M 碩士,56,0,9,03 桃園市,1 一般
113,0008,國立中央大學,02322006,中國文學系,D 日,B 學士,188,19,42,03 桃園市,1 一般
113,0008,國立中央大學,03111013,經濟學系,D 日,D 博士,2,0,0,03 桃園市,1 一般
113,0008,國立中央大學,03111013,經濟學系,D 日,M 碩士,33,0,9,03 桃園市,1 一般
113,0008,國立中央大學,03111013,經濟學系,D 日,B 學士,265,10,56,03 桃園市,1 一般
113,0008,國立中央大學,03111014,產業經濟研究所,D 日,D 博士,1,0,0,03 桃園市,1 一般
113,0008,國立中央大學,03111014,產業經濟研究所,D 日,M 碩士,62,5,26,03 桃園市,1 一般
113,0008,國立中央大學,03111014,產業經濟研究所,N 職,M 碩士,71,0,16,03 桃園市,1 一般
113,0008,國立中央大學,03131017,認知神經科學研究所,D 日,D 博士,11,0,0,03 桃園市,1 一般
113,0008,國立中央大學,03131017,認知神經科學研究所,D 日,M 碩士,29,7,3,03 桃園市,1 一般
113,0008,國立中央大學,03131034,跨領域神經科學日間博士班,D 日,D 博士,8,0,0,03 桃園市,1 一般
113,0008,國立中央大學,03199020,客家語文暨社會科學學系客家研究博士班,D 日,D 博士,22,0,0,03 桃園市,1 一般
113,0008,國立中央大學,03199020,客家語文暨社會科學學系,D 日,M 碩士,48,0,9,03 桃園市,1 一般
113,0008,國立中央大學,03199020,客家語文暨社會科學學系客家研究碩士在職專班,N 職,M 碩士,75,0,16,03 桃園市,1 一般
113,0008,國立中央大學,03199020,客家語文暨社會科學學系,D 日,B 學士,141,15,30,03 桃園市,1 一般
113,0008,國立中央大學,04111022,會計研究所,D 日,M 碩士,29,5,14,03 桃園市,1 一般
113,0008,國立中央大學,04111022,會計研究所企業資源規劃會計碩士在職專班,N 職,M 碩士,43,0,17,03 桃園市,1 一般
113,0008,國立中央大學,04121024,財務金融學系,D 日,D 博士,13,0,2,03 桃園市,1 一般
113,0008,國立中央大學,04121024,財務金融學系,D 日,M 碩士,55,0,25,03 桃園市,1 一般
113,0008,國立中央大學,04121024,財務金融學系,N 職,M 碩士,71,0,24,03 桃園市,1 一般
113,0008,國立中央大學,04121024,財務金融學系,D 日,B 學士,275,13,64,03 桃園市,1 一般
113,0008,國立中央大學,04131023,企業管理學系,D 日,D 博士,68,0,4,03 桃園市,1 一般
113,0008,國立中央大學,04131023,企業管理學系,D 日,M 碩士,127,0,57,03 桃園市,1 一般
113,0008,國立中央大學,04131023,企業管理學系,N 職,M 碩士,74,0,24,03 桃園市,1 一般
113,0008,國立中央大學,04131023,企業管理學系,D 日,B 學士,414,19,86,03 桃園市,1 一般
113,0008,國立中央大學,04131081,國際經營管理碩士學位學程,D 日,M 碩士,41,0,4,03 桃園市,1 一般
113,0008,國立中央大學,04131085,永續領導力博士學位學程,D 日,D 博士,3,0,0,03 桃園市,1 一般
113,0008,國立中央大學,04131085,永續領導力碩士學位學程,D 日,M 碩士,20,0,0,03 桃園市,1 一般
113,0008,國立中央大學,04199027,人力資源管理研究所,D 日,D 博士,2,0,1,03 桃園市,1 一般
113,0008,國立中央大學,04199027,人力資源管理研究所,D 日,M 碩士,53,6,19,03 桃園市,1 一般
113,0008,國立中央大學,04199027,人力資源管理研究所,N 職,M 碩士,54,0,28,03 桃園市,1 一般
113,0008,國立中央大學,04199029,高階主管碩士在職專班,N 職,M 碩士,160,0,86,03 桃園市,1 一般
113,0008,國立中央大學,04211030,法律與政府研究所,D 日,M 碩士,60,8,12,03 桃園市,1 一般
113,0008,國立中央大學,04211030,法律與政府研究所,N 職,M 碩士,75,0,15,03 桃園市,1 一般
113,0008,國立中央大學,05121031,生命科學系,D 日,D 博士,18,0,6,03 桃園市,1 一般
113,0008,國立中央大學,05121031,生命科學系,D 日,M 碩士,63,0,24,03 桃園市,1 一般
113,0008,國立中央大學,05121031,生命科學系,D 日,B 學士,162,13,27,03 桃園市,1 一般
113,0008,國立中央大學,05211048,遙測科技碩士學位學程,D 日,M 碩士,23,2,12,03 桃園市,1 一般
113,0008,國立中央大學,05211049,環境科技博士學位學程（台灣聯合大學系統）,D 日,D 博士,12,0,5,03 桃園市,1 一般
113,0008,國立中央大學,05311035,化學學系,D 日,D 博士,7,0,1,03 桃園市,1 一般
113,0008,國立中央大學,05311035,化學學系,D 日,M 碩士,157,0,67,03 桃園市,1 一般
113,0008,國立中央大學,05311035,化學學系,D 日,B 學士,152,16,30,03 桃園市,1 一般
113,0008,國立中央大學,05321036,地球科學學系地球物理博士班,D 日,D 博士,22,0,7,03 桃園市,1 一般
113,0008,國立中央大學,05321036,地球科學學系地球物理碩士班,D 日,M 碩士,50,0,15,03 桃園市,1 一般
113,0008,國立中央大學,05321036,地球科學學系,D 日,B 學士,184,17,44,03 桃園市,1 一般
113,0008,國立中央大學,05321037,應用地質研究所,D 日,D 博士,25,0,2,03 桃園市,1 一般
113,0008,國立中央大學,05321037,應用地質研究所,D 日,M 碩士,24,8,12,03 桃園市,1 一般
113,0008,國立中央大學,05321041,地球系統科學國際研究生博士學位學程,D 日,D 博士,32,0,2,03 桃園市,1 一般
113,0008,國立中央大學,05321078,地球科學學院學士班,D 日,B 學士,67,0,13,03 桃園市,1 一般
113,0008,國立中央大學,05322044,大氣科學學系大氣物理博士班,D 日,D 博士,20,0,4,03 桃園市,1 一般
113,0008,國立中央大學,05322044,大氣科學學系大氣物理碩士班,D 日,M 碩士,52,0,17,03 桃園市,1 一般
113,0008,國立中央大學,05322044,大氣科學學系,D 日,B 學士,127,14,32,03 桃園市,1 一般
113,0008,國立中央大學,05322079,太空科學與工程學系,D 日,D 博士,17,0,1,03 桃園市,1 一般
113,0008,國立中央大學,05322079,太空科學與工程學系,D 日,M 碩士,48,0,16,03 桃園市,1 一般
113,0008,國立中央大學,05322079,太空科學與工程學系,D 日,B 學士,130,12,26,03 桃園市,1 一般
113,0008,國立中央大學,05323039,水文與海洋科學研究所,D 日,D 博士,15,0,1,03 桃園市,1 一般
113,0008,國立中央大學,05323039,水文與海洋科學研究所,D 日,M 碩士,21,6,7,03 桃園市,1 一般
113,0008,國立中央大學,05331042,物理學系,D 日,D 博士,48,0,14,03 桃園市,1 一般
113,0008,國立中央大學,05331042,物理學系,D 日,M 碩士,88,0,34,03 桃園市,1 一般
113,0008,國立中央大學,05331042,物理學系,D 日,B 學士,187,31,44,03 桃園市,1 一般
113,0008,國立中央大學,05332045,天文研究所,D 日,D 博士,9,0,2,03 桃園市,1 一般
113,0008,國立中央大學,05332045,天文研究所,D 日,M 碩士,16,8,3,03 桃園市,1 一般
113,0008,國立中央大學,05399050,理學院學士班,D 日,B 學士,74,2,19,03 桃園市,1 一般
113,0008,國立中央大學,05411051,數學系,D 日,D 博士,5,0,4,03 桃園市,1 一般
113,0008,國立中央大學,05411051,數學系,D 日,M 碩士,61,0,17,03 桃園市,1 一般
113,0008,國立中央大學,05411051,數學系,D 日,B 學士,314,26,73,03 桃園市,1 一般
113,0008,國立中央大學,05421052,統計研究所,D 日,D 博士,8,0,0,03 桃園市,1 一般
113,0008,國立中央大學,05421052,統計研究所,D 日,M 碩士,56,8,25,03 桃園市,1 一般
113,0008,國立中央大學,06131053,資訊管理學系,D 日,D 博士,22,0,0,03 桃園市,1 一般
113,0008,國立中央大學,06131053,資訊管理學系,D 日,M 碩士,146,0,63,03 桃園市,1 一般
113,0008,國立中央大學,06131053,資訊管理學系,N 職,M 碩士,92,0,37,03 桃園市,1 一般
113,0008,國立中央大學,06131053,資訊管理學系,D 日,B 學士,421,21,90,03 桃園市,1 一般
113,0008,國立中央大學,06131059,資訊工程學系,D 日,D 博士,68,0,11,03 桃園市,1 一般
113,0008,國立中央大學,06131059,資訊工程學系,D 日,M 碩士,341,0,155,03 桃園市,1 一般
113,0008,國立中央大學,06131059,資訊工程學系,N 職,M 碩士,80,0,29,03 桃園市,1 一般
113,0008,國立中央大學,06131059,資訊工程學系,D 日,B 學士,429,30,101,03 桃園市,1 一般
113,0008,國立中央大學,06132002,網路學習科技研究所,D 日,D 博士,33,0,2,03 桃園市,1 一般
113,0008,國立中央大學,06132002,網路學習科技研究所,D 日,M 碩士,51,7,26,03 桃園市,1 一般
113,0008,國立中央大學,06132002,網路學習科技研究所,N 職,M 碩士,46,0,17,03 桃園市,1 一般
113,0008,國立中央大學,06133082,人工智慧國際碩士學位學程,D 日,M 碩士,36,2,4,03 桃園市,1 一般
113,0008,國立中央大學,07111069,化學工程與材料工程學系,D 日,D 博士,29,0,5,03 桃園市,1 一般
113,0008,國立中央大學,07111069,化學工程與材料工程學系,D 日,M 碩士,162,0,72,03 桃園市,1 一般
113,0008,國立中央大學,07111069,化學工程與材料工程學系,D 日,B 學士,219,18,39,03 桃園市,1 一般
113,0008,國立中央大學,07112070,材料科學與工程研究所,D 日,D 博士,10,0,5,03 桃園市,1 一般
113,0008,國立中央大學,07112070,材料科學與工程研究所,D 日,M 碩士,54,7,24,03 桃園市,1 一般
113,0008,國立中央大學,07112083,永續去碳科技博士學位學程,D 日,D 博士,3,0,0,03 桃園市,1 一般
113,0008,國立中央大學,07112083,永續去碳科技碩士學位學程,D 日,M 碩士,18,0,0,03 桃園市,1 一般
113,0008,國立中央大學,07121072,環境工程研究所,D 日,D 博士,16,0,0,03 桃園市,1 一般
113,0008,國立中央大學,07121072,環境工程研究所,D 日,M 碩士,72,7,22,03 桃園市,1 一般
113,0008,國立中央大學,07121072,環境工程研究所,N 職,M 碩士,74,0,16,03 桃園市,1 一般
113,0008,國立中央大學,07132066,能源工程研究所,D 日,D 博士,4,0,2,03 桃園市,1 一般
113,0008,國立中央大學,07132066,能源工程研究所,D 日,M 碩士,34,7,14,03 桃園市,1 一般
113,0008,國立中央大學,07141055,電機工程學系,D 日,D 博士,41,0,3,03 桃園市,1 一般
113,0008,國立中央大學,07141055,電機工程學系,D 日,M 碩士,399,0,145,03 桃園市,1 一般
113,0008,國立中央大學,07141055,電機工程學系,D 日,B 學士,445,31,105,03 桃園市,1 一般
113,0008,國立中央大學,07141056,光電博士學位學程(台灣聯合大學系統),D 日,D 博士,1,0,1,03 桃園市,1 一般
113,0008,國立中央大學,07141057,光電科學與工程學系,D 日,D 博士,33,0,0,03 桃園市,1 一般
113,0008,國立中央大學,07141057,光電科學與工程學系,D 日,M 碩士,225,0,77,03 桃園市,1 一般
113,0008,國立中央大學,07141057,光電科學與工程學系,N 職,M 碩士,46,0,11,03 桃園市,1 一般
113,0008,國立中央大學,07141057,光電科學與工程學系,D 日,B 學士,202,20,40,03 桃園市,1 一般
113,0008,國立中央大學,07141060,通訊工程學系,D 日,D 博士,11,0,1,03 桃園市,1 一般
113,0008,國立中央大學,07141060,通訊工程學系,D 日,M 碩士,157,0,58,03 桃園市,1 一般
113,0008,國立中央大學,07141060,通訊工程學系,N 職,M 碩士,113,0,15,03 桃園市,1 一般
113,0008,國立中央大學,07141060,通訊工程學系,D 日,B 學士,191,15,47,03 桃園市,1 一般
113,0008,國立中央大學,07141077,資訊電機學院學士班,D 日,B 學士,95,2,25,03 桃園市,1 一般
113,0008,國立中央大學,07141084,永續綠能科技博士學位學程,D 日,D 博士,3,0,0,03 桃園市,1 一般
113,0008,國立中央大學,07141084,永續綠能科技碩士學位學程,D 日,M 碩士,16,0,0,03 桃園市,1 一般
113,0008,國立中央大學,07151064,機械工程學系,D 日,D 博士,64,0,10,03 桃園市,1 一般
113,0008,國立中央大學,07151064,機械工程學系,D 日,M 碩士,392,0,125,03 桃園市,1 一般
113,0008,國立中央大學,07151064,機械工程學系,N 職,M 碩士,112,0,15,03 桃園市,1 一般
113,0008,國立中央大學,07151064,機械工程學系,D 日,B 學士,545,36,136,03 桃園市,1 一般
113,0008,國立中央大學,07191026,工業管理研究所,D 日,D 博士,3,0,2,03 桃園市,1 一般
113,0008,國立中央大學,07191026,工業管理研究所,D 日,M 碩士,60,7,27,03 桃園市,1 一般
113,0008,國立中央大學,07191026,工業管理研究所,N 職,M 碩士,50,0,29,03 桃園市,1 一般
113,0008,國立中央大學,07193074,生醫科學與工程學系,D 日,D 博士,46,0,10,03 桃園市,1 一般
113,0008,國立中央大學,07193074,生醫科學與工程學系,D 日,M 碩士,83,0,17,03 桃園市,1 一般
113,0008,國立中央大學,07193074,生醫科學與工程學系人工智慧精準醫療碩士在職專班,N 職,M 碩士,48,0,7,03 桃園市,1 一般
113,0008,國立中央大學,07193074,生醫科學與工程學系,D 日,B 學士,123,16,21,03 桃園市,1 一般
113,0008,國立中央大學,07194076,工學院學士班,D 日,B 學士,99,3,23,03 桃園市,1 一般
113,0008,國立中央大學,07321067,土木工程學系,D 日,D 博士,71,0,12,03 桃園市,1 一般
113,0008,國立中央大學,07321067,土木工程學系,D 日,M 碩士,201,0,102,03 桃園市,1 一般
113,0008,國立中央大學,07321067,土木工程學系,N 職,M 碩士,108,0,38,03 桃園市,1 一般
113,0008,國立中央大學,07321067,土木工程學系,D 日,B 學士,356,33,89,03 桃園市,1 一般
113,0008,國立中央大學,99999Z01,通識及共同科目,D 日,,0,4,0,03 桃園市,1 一般
113,0008,國立中央大學,99999Z05,師資培育中心,D 日,,0,3,0,03 桃園市,1 一般
113,0008,國立中央大學,99999Z07,體育室,D 日,,0,12,0,03 桃園市,1 一般
113,0008,國立中央大學,99999Z08,語言中心,D 日,,0,16,0,03 桃園市,1 一般
113,0008,國立中央大學,99999Z99,其他(包括行政助教),D 日,,0,9,0,03 桃園市,1 一般
113,0009,國立中山大學,01111001,教育研究所,D 日,D 博士,51,0,7,50 高雄市,1 一般
113,0009,國立中山大學,01111001,教育研究所,D 日,M 碩士,39,12,16,50 高雄市,1 一般
113,0009,國立中山大學,01111001,教育研究所,N 職,M 碩士,51,0,16,50 高雄市,1 一般
113,0009,國立中山大學,01111072,教育與人類發展研究全英語博士學位學程,D 日,D 博士,18,0,4,50 高雄市,1 一般
113,0009,國立中山大學,01111072,教育與人類發展研究全英語碩士學位學程,D 日,M 碩士,11,2,2,50 高雄市,1 一般
113,0009,國立中山大學,02151002,音樂學系,D 日,M 碩士,31,0,20,50 高雄市,1 一般
113,0009,國立中山大學,02151002,音樂學系,D 日,B 學士,153,13,31,50 高雄市,1 一般
113,0009,國立中山大學,02152003,劇場藝術學系,D 日,B 學士,206,13,28,50 高雄市,1 一般
113,0009,國立中山大學,02192003,劇場藝術學系,D 日,M 碩士,17,0,3,50 高雄市,1 一般
113,0009,國立中山大學,02192078,藝術管理與創業研究所,D 日,M 碩士,36,4,6,50 高雄市,1 一般
113,0009,國立中山大學,02231008,哲學研究所,D 日,D 博士,2,0,0,50 高雄市,1 一般
113,0009,國立中山大學,02231008,哲學研究所,D 日,M 碩士,30,7,5,50 高雄市,1 一般
113,0009,國立中山大學,02311006,外國語文學系,D 日,D 博士,12,0,1,50 高雄市,1 一般
113,0009,國立中山大學,02311006,外國語文學系,D 日,M 碩士,53,0,5,50 高雄市,1 一般
113,0009,國立中山大學,02311006,外國語文學系,D 日,B 學士,211,19,51,50 高雄市,1 一般
113,0009,國立中山大學,02322005,中國文學系,D 日,D 博士,23,0,1,50 高雄市,1 一般
113,0009,國立中山大學,02322005,中國文學系,D 日,M 碩士,44,0,10,50 高雄市,1 一般
113,0009,國立中山大學,02322005,中國文學系,D 日,B 學士,197,20,44,50 高雄市,1 一般
113,0009,國立中山大學,03111009,經濟學研究所,D 日,M 碩士,56,7,21,50 高雄市,1 一般
113,0009,國立中山大學,03111009,經濟學研究所,N 職,M 碩士,30,0,3,50 高雄市,1 一般
113,0009,國立中山大學,03121011,政治學研究所,D 日,D 博士,18,0,0,50 高雄市,1 一般
113,0009,國立中山大學,03121011,政治學研究所,D 日,M 碩士,51,7,6,50 高雄市,1 一般
113,0009,國立中山大學,03121011,政治學研究所,N 職,M 碩士,25,0,9,50 高雄市,1 一般
113,0009,國立中山大學,03122019,亞太事務英語碩士學位學程,D 日,M 碩士,10,2,8,50 高雄市,1 一般
113,0009,國立中山大學,03122027,海洋事務研究所,D 日,M 碩士,18,5,4,50 高雄市,1 一般
113,0009,國立中山大學,03141013,社會學系,D 日,M 碩士,34,0,3,50 高雄市,1 一般
113,0009,國立中山大學,03141013,社會學系原住民碩士在職專班,N 職,M 碩士,42,0,7,50 高雄市,1 一般
113,0009,國立中山大學,03141013,社會學系,D 日,B 學士,172,13,37,50 高雄市,1 一般
113,0009,國立中山大學,03143016,中國與亞太區域研究所,D 日,D 博士,59,0,6,50 高雄市,1 一般
113,0009,國立中山大學,03143016,中國與亞太區域研究所,D 日,M 碩士,55,8,15,50 高雄市,1 一般
113,0009,國立中山大學,03143016,中國與亞太區域研究所,N 職,M 碩士,29,0,8,50 高雄市,1 一般
113,0009,國立中山大學,04121024,財務管理學系,D 日,D 博士,15,0,5,50 高雄市,1 一般
113,0009,國立中山大學,04121024,財務管理學系,D 日,M 碩士,86,0,33,50 高雄市,1 一般
113,0009,國立中山大學,04121024,財務管理學系,N 職,M 碩士,81,0,21,50 高雄市,1 一般
113,0009,國立中山大學,04121024,財務管理學系,D 日,B 學士,216,16,47,50 高雄市,1 一般
113,0009,國立中山大學,04121084,國際資產管理研究所,D 日,M 碩士,76,0,31,50 高雄市,1 一般
113,0009,國立中山大學,04121090,數位與永續金融研究所,D 日,M 碩士,30,0,0,50 高雄市,1 一般
113,0009,國立中山大學,04121C01,金融創新產業碩士專班,D 日,M 碩士,35,0,11,50 高雄市,1 一般
113,0009,國立中山大學,04131021,企業管理學系,D 日,D 博士,104,0,6,50 高雄市,1 一般
113,0009,國立中山大學,04131021,企業管理學系,D 日,M 碩士,290,0,58,50 高雄市,1 一般
113,0009,國立中山大學,04131021,企業管理學系,D 日,B 學士,346,21,93,50 高雄市,1 一般
113,0009,國立中山大學,04131022,管理學院國際經營管理碩士學程,D 日,M 碩士,117,0,38,50 高雄市,1 一般
113,0009,國立中山大學,04131022,國際經營管理全英語學士學位學程,D 日,B 學士,100,4,0,50 高雄市,1 一般
113,0009,國立中山大學,04131028,人力資源管理研究所,D 日,D 博士,26,0,6,50 高雄市,1 一般
113,0009,國立中山大學,04131028,人力資源管理研究所,D 日,M 碩士,107,12,51,50 高雄市,1 一般
113,0009,國立中山大學,04131028,人力資源管理研究所,N 職,M 碩士,114,0,59,50 高雄市,1 一般
113,0009,國立中山大學,04131077,社會創新研究所,D 日,M 碩士,35,5,4,50 高雄市,1 一般
113,0009,國立中山大學,04134010,政治經濟學系,D 日,B 學士,219,9,44,50 高雄市,1 一般
113,0009,國立中山大學,04134017,公共事務管理研究所,D 日,D 博士,23,0,1,50 高雄市,1 一般
113,0009,國立中山大學,04134017,公共事務管理研究所,D 日,M 碩士,55,9,9,50 高雄市,1 一般
113,0009,國立中山大學,04134017,公共事務管理研究所,N 職,M 碩士,89,0,19,50 高雄市,1 一般
113,0009,國立中山大學,04134018,社會科學院EMPP,N 職,M 碩士,20,1,6,50 高雄市,1 一般
113,0009,國立中山大學,04134073,行政管理現役軍人營區碩士在職專班,N 職,M 碩士,4,0,1,50 高雄市,1 一般
113,0009,國立中山大學,04199025,行銷傳播管理研究所,D 日,M 碩士,64,7,19,50 高雄市,1 一般
113,0009,國立中山大學,04199025,行銷傳播管理研究所,N 職,M 碩士,53,0,15,50 高雄市,1 一般
113,0009,國立中山大學,04199030,兩岸高階主管經營管理碩士在職專班,N 職,M 碩士,19,0,1,50 高雄市,1 一般
113,0009,國立中山大學,04199068,管理學院EMBA,N 職,M 碩士,216,2,113,50 高雄市,1 一般
113,0009,國立中山大學,05111033,生物科學系,D 日,D 博士,22,0,4,50 高雄市,1 一般
113,0009,國立中山大學,05111033,生物科學系,D 日,M 碩士,32,0,5,50 高雄市,1 一般
113,0009,國立中山大學,05111033,生物科學系,N 職,M 碩士,12,0,6,50 高雄市,1 一般
113,0009,國立中山大學,05111033,生物科學系,D 日,B 學士,195,17,45,50 高雄市,1 一般
113,0009,國立中山大學,05121035,生物醫學研究所,D 日,D 博士,56,0,6,50 高雄市,1 一般
113,0009,國立中山大學,05121035,生物醫學研究所,D 日,M 碩士,25,8,10,50 高雄市,1 一般
113,0009,國立中山大學,05121044,海洋生物科技暨資源學系,D 日,D 博士,35,0,5,50 高雄市,1 一般
113,0009,國立中山大學,05121044,海洋生物科技暨資源學系,D 日,M 碩士,49,0,9,50 高雄市,1 一般
113,0009,國立中山大學,05121044,海洋生物科技暨資源學系,D 日,B 學士,134,14,32,50 高雄市,1 一般
113,0009,國立中山大學,05121089,生物醫學科技學系全英語學士班,D 日,B 學士,28,1,0,50 高雄市,1 一般
113,0009,國立中山大學,05124076,精準醫學研究所,D 日,D 博士,2,0,0,50 高雄市,1 一般
113,0009,國立中山大學,05124076,精準醫學研究所,D 日,M 碩士,20,7,5,50 高雄市,1 一般
113,0009,國立中山大學,05211079,海洋科學與科技全英語博士學位學程,D 日,D 博士,13,2,0,50 高雄市,1 一般
113,0009,國立中山大學,05311037,化學系,D 日,D 博士,29,0,3,50 高雄市,1 一般
113,0009,國立中山大學,05311037,化學系,D 日,M 碩士,174,0,66,50 高雄市,1 一般
113,0009,國立中山大學,05311037,化學系,D 日,B 學士,224,20,44,50 高雄市,1 一般
113,0009,國立中山大學,05323043,海洋生物科技博士學位學程,D 日,D 博士,4,0,1,50 高雄市,1 一般
113,0009,國立中山大學,05323047,海洋科學系,D 日,D 博士,13,0,5,50 高雄市,1 一般
113,0009,國立中山大學,05323047,海洋科學系,D 日,M 碩士,35,0,15,50 高雄市,1 一般
113,0009,國立中山大學,05323047,海洋科學系,D 日,B 學士,119,17,30,50 高雄市,1 一般
113,0009,國立中山大學,05323075,海洋生態與保育研究所,D 日,M 碩士,18,5,7,50 高雄市,1 一般
113,0009,國立中山大學,05331038,物理學系,D 日,D 博士,41,0,7,50 高雄市,1 一般
113,0009,國立中山大學,05331038,物理學系,D 日,M 碩士,81,0,21,50 高雄市,1 一般
113,0009,國立中山大學,05331038,物理學系,D 日,B 學士,211,24,48,50 高雄市,1 一般
113,0009,國立中山大學,05399070,理學國際博士學位學程,D 日,D 博士,15,2,3,50 高雄市,1 一般
113,0009,國立中山大學,05411051,應用數學系,D 日,D 博士,6,0,0,50 高雄市,1 一般
113,0009,國立中山大學,05411051,應用數學系,D 日,M 碩士,56,0,31,50 高雄市,1 一般
113,0009,國立中山大學,05411051,應用數學系,D 日,B 學士,205,21,46,50 高雄市,1 一般
113,0009,國立中山大學,06111055,資訊工程學系,D 日,D 博士,24,0,1,50 高雄市,1 一般
113,0009,國立中山大學,06111055,資訊工程學系,D 日,M 碩士,312,0,112,50 高雄市,1 一般
113,0009,國立中山大學,06111055,資訊工程學系科技犯罪偵查資通訊碩士在職專班,N 職,M 碩士,33,0,0,50 高雄市,1 一般
113,0009,國立中山大學,06111055,資訊工程學系,D 日,B 學士,299,21,47,50 高雄市,1 一般
113,0009,國立中山大學,06131052,資訊管理學系,D 日,D 博士,25,0,3,50 高雄市,1 一般
113,0009,國立中山大學,06131052,資訊管理學系,D 日,M 碩士,104,0,54,50 高雄市,1 一般
113,0009,國立中山大學,06131052,資訊管理學系,N 職,M 碩士,106,0,52,50 高雄市,1 一般
113,0009,國立中山大學,06131052,資訊管理學系,D 日,B 學士,201,14,55,50 高雄市,1 一般
113,0009,國立中山大學,07112063,材料與光電科學學系,D 日,D 博士,39,0,5,50 高雄市,1 一般
113,0009,國立中山大學,07112063,材料與光電科學學系,D 日,M 碩士,186,0,55,50 高雄市,1 一般
113,0009,國立中山大學,07112063,材料與光電科學學系,D 日,B 學士,210,16,52,50 高雄市,1 一般
113,0009,國立中山大學,07121064,環境工程研究所,D 日,D 博士,31,0,7,50 高雄市,1 一般
113,0009,國立中山大學,07121064,環境工程研究所,D 日,M 碩士,48,9,22,50 高雄市,1 一般
113,0009,國立中山大學,07121064,環境工程研究所,N 職,M 碩士,54,0,19,50 高雄市,1 一般
113,0009,國立中山大學,07122065,海洋環境及工程學系,D 日,D 博士,21,0,2,50 高雄市,1 一般
113,0009,國立中山大學,07122065,海洋環境及工程學系,D 日,M 碩士,69,0,19,50 高雄市,1 一般
113,0009,國立中山大學,07122065,海洋環境及工程學系,D 日,B 學士,171,18,30,50 高雄市,1 一般
113,0009,國立中山大學,07141053,電機工程學系,D 日,D 博士,22,0,9,50 高雄市,1 一般
113,0009,國立中山大學,07141053,電機工程學系,D 日,M 碩士,406,0,152,50 高雄市,1 一般
113,0009,國立中山大學,07141053,電機工程學系,D 日,B 學士,486,32,108,50 高雄市,1 一般
113,0009,國立中山大學,07141054,光電工程學系,D 日,D 博士,22,0,7,50 高雄市,1 一般
113,0009,國立中山大學,07141054,光電工程學系,D 日,M 碩士,211,0,45,50 高雄市,1 一般
113,0009,國立中山大學,07141054,光電工程學系,D 日,B 學士,196,16,44,50 高雄市,1 一般
113,0009,國立中山大學,07141056,電信工程國際碩士學位學程,D 日,M 碩士,8,2,5,50 高雄市,1 一般
113,0009,國立中山大學,07141057,通訊工程研究所,D 日,D 博士,10,0,4,50 高雄市,1 一般
113,0009,國立中山大學,07141057,通訊工程研究所,D 日,M 碩士,78,7,27,50 高雄市,1 一般
113,0009,國立中山大學,07141058,電機電力工程國際碩士學位學程,D 日,M 碩士,12,2,5,50 高雄市,1 一般
113,0009,國立中山大學,07141085,先進半導體封測研究所,D 日,M 碩士,222,0,0,50 高雄市,1 一般
113,0009,國立中山大學,07141086,精密電子零組件研究所,D 日,M 碩士,71,0,0,50 高雄市,1 一般
113,0009,國立中山大學,07141087,創新半導體製造研究所,D 日,D 博士,2,0,0,50 高雄市,1 一般
113,0009,國立中山大學,07141087,創新半導體製造研究所,D 日,M 碩士,48,0,0,50 高雄市,1 一般
113,0009,國立中山大學,07141088,積體電路設計研究所,D 日,M 碩士,15,4,0,50 高雄市,1 一般
113,0009,國立中山大學,07141091,緯創資通AI跨域應用產業碩士專班,D 日,M 碩士,14,0,0,50 高雄市,1 一般
113,0009,國立中山大學,07151059,海下科技研究所,D 日,M 碩士,20,7,12,50 高雄市,1 一般
113,0009,國立中山大學,07151061,機械與機電工程學系,D 日,D 博士,31,0,2,50 高雄市,1 一般
113,0009,國立中山大學,07151061,機械與機電工程學系,D 日,M 碩士,198,0,78,50 高雄市,1 一般
113,0009,國立中山大學,07151061,機械與機電工程學系,D 日,B 學士,449,23,93,50 高雄市,1 一般
113,0009,國立中山大學,07193067,醫學科技研究所,D 日,D 博士,22,0,0,50 高雄市,1 一般
113,0009,國立中山大學,07193067,醫學科技研究所,D 日,M 碩士,62,7,16,50 高雄市,1 一般
113,0009,國立中山大學,07199X51,半導體及重點科技研究學院,D 日,,0,10,0,50 高雄市,1 一般
113,0009,國立中山大學,09121082,臨床醫學科學博士學位學程,D 日,D 博士,18,2,0,50 高雄市,1 一般
113,0009,國立中山大學,09121083,學士後醫學系,D 日,B 學士,66,52,0,50 高雄市,1 一般
113,0009,國立中山大學,09161074,生技醫藥研究所,D 日,D 博士,5,0,0,50 高雄市,1 一般
113,0009,國立中山大學,09161074,生技醫藥研究所,D 日,M 碩士,24,6,7,50 高雄市,1 一般
113,0009,國立中山大學,99999071,人文暨科技跨領域學士學位學程,D 日,B 學士,119,4,19,50 高雄市,1 一般
113,0009,國立中山大學,99999Z05,師資培育中心,D 日,,0,3,0,50 高雄市,1 一般
113,0009,國立中山大學,99999Z99,其他(包括行政助教),D 日,,0,21,0,50 高雄市,1 一般
113,0012,國立臺灣海洋大學,01111002,教育研究所,D 日,M 碩士,59,10,11,17 基隆市,1 一般
113,0012,國立臺灣海洋大學,01111002,教育研究所,N 職,M 碩士,103,0,8,17 基隆市,1 一般
113,0012,國立臺灣海洋大學,02122005,海洋文創設計產業學士學位學程,D 日,B 學士,139,3,34,17 基隆市,1 一般
113,0012,國立臺灣海洋大學,02299004,海洋文化研究所,D 日,M 碩士,20,5,9,17 基隆市,1 一般
113,0012,國立臺灣海洋大學,02299X21,人文社會科學院,D 日,,0,2,0,17 基隆市,1 一般
113,0012,國立臺灣海洋大學,02311003,應用英語研究所,D 日,M 碩士,30,9,9,17 基隆市,1 一般
113,0012,國立臺灣海洋大學,03111006,應用經濟研究所,D 日,M 碩士,22,6,4,17 基隆市,1 一般
113,0012,國立臺灣海洋大學,03121058,海洋政策碩士學位學程,D 日,M 碩士,16,2,2,17 基隆市,1 一般
113,0012,國立臺灣海洋大學,04199055,海洋觀光管理學士學位學程,D 日,B 學士,163,4,40,17 基隆市,1 一般
113,0012,國立臺灣海洋大學,04199056,海洋經營管理學士學位學程,D 日,B 學士,137,3,26,17 基隆市,1 一般
113,0012,國立臺灣海洋大學,04212009,海洋法律研究所,D 日,D 博士,27,0,1,17 基隆市,1 一般
113,0012,國立臺灣海洋大學,04212009,海洋法律研究所,D 日,M 碩士,48,6,12,17 基隆市,1 一般
113,0012,國立臺灣海洋大學,04212009,海洋法律研究所,N 職,M 碩士,43,0,4,17 基隆市,1 一般
113,0012,國立臺灣海洋大學,04212010,海洋法政學士學位學程,D 日,B 學士,149,4,35,17 基隆市,1 一般
113,0012,國立臺灣海洋大學,05121014,生命科學暨生物科技學系,D 日,D 博士,18,0,0,17 基隆市,1 一般
113,0012,國立臺灣海洋大學,05121014,生命科學暨生物科技學系,D 日,M 碩士,44,0,11,17 基隆市,1 一般
113,0012,國立臺灣海洋大學,05121014,生命科學暨生物科技學系,D 日,B 學士,188,12,37,17 基隆市,1 一般
113,0012,國立臺灣海洋大學,05121018,海洋生物科技博士學位學程,D 日,D 博士,4,0,2,17 基隆市,1 一般
113,0012,國立臺灣海洋大學,05121018,海洋生物科技學士學位學程,D 日,B 學士,117,3,32,17 基隆市,1 一般
113,0012,國立臺灣海洋大學,05121061,海洋生物科技及環境生態永續國際碩士學位學程,D 日,M 碩士,8,0,0,17 基隆市,1 一般
113,0012,國立臺灣海洋大學,05211008,海洋事務與資源管理研究所,D 日,M 碩士,15,6,7,17 基隆市,1 一般
113,0012,國立臺灣海洋大學,05321057,地球科學研究所,D 日,D 博士,5,0,0,17 基隆市,1 一般
113,0012,國立臺灣海洋大學,05321057,地球科學研究所,D 日,M 碩士,20,8,5,17 基隆市,1 一般
113,0012,國立臺灣海洋大學,05323017,海洋生物研究所,D 日,D 博士,24,0,2,17 基隆市,1 一般
113,0012,國立臺灣海洋大學,05323017,海洋生物研究所,D 日,M 碩士,39,12,17,17 基隆市,1 一般
113,0012,國立臺灣海洋大學,05323020,海洋環境資訊系,D 日,D 博士,8,0,2,17 基隆市,1 一般
113,0012,國立臺灣海洋大學,05323020,海洋環境資訊系,D 日,M 碩士,20,0,4,17 基隆市,1 一般
113,0012,國立臺灣海洋大學,05323020,海洋環境資訊系,N 職,M 碩士,26,0,6,17 基隆市,1 一般
113,0012,國立臺灣海洋大學,05323020,海洋環境資訊系,D 日,B 學士,167,12,35,17 基隆市,1 一般
113,0012,國立臺灣海洋大學,05323022,海洋環境與生態研究所,D 日,M 碩士,11,10,9,17 基隆市,1 一般
113,0012,國立臺灣海洋大學,05323023,海洋資源與環境變遷博士學位學程,D 日,D 博士,15,2,1,17 基隆市,1 一般
113,0012,國立臺灣海洋大學,06131028,資訊工程學系,D 日,D 博士,8,0,0,17 基隆市,1 一般
113,0012,國立臺灣海洋大學,06131028,資訊工程學系,D 日,M 碩士,168,0,46,17 基隆市,1 一般
113,0012,國立臺灣海洋大學,06131028,資訊工程學系,N 職,M 碩士,36,0,10,17 基隆市,1 一般
113,0012,國立臺灣海洋大學,06131028,資訊工程學系,D 日,B 學士,497,27,108,17 基隆市,1 一般
113,0012,國立臺灣海洋大學,06131062,應用人工智慧國際碩士學位學程,D 日,M 碩士,2,0,0,17 基隆市,1 一般
113,0012,國立臺灣海洋大學,07122040,河海工程學系,D 日,D 博士,33,0,1,17 基隆市,1 一般
113,0012,國立臺灣海洋大學,07122040,河海工程學系,D 日,M 碩士,66,0,27,17 基隆市,1 一般
113,0012,國立臺灣海洋大學,07122040,河海工程學系,N 職,M 碩士,46,0,17,17 基隆市,1 一般
113,0012,國立臺灣海洋大學,07122040,河海工程學系,D 日,B 學士,342,25,50,17 基隆市,1 一般
113,0012,國立臺灣海洋大學,07122041,海洋工程科技博士學位學程,D 日,D 博士,3,0,2,17 基隆市,1 一般
113,0012,國立臺灣海洋大學,07122041,海洋工程科技學士學位學程,D 日,B 學士,102,6,22,17 基隆市,1 一般
113,0012,國立臺灣海洋大學,07141025,電機工程學系,D 日,D 博士,15,0,2,17 基隆市,1 一般
113,0012,國立臺灣海洋大學,07141025,電機工程學系,D 日,M 碩士,202,0,72,17 基隆市,1 一般
113,0012,國立臺灣海洋大學,07141025,電機工程學系,N 職,M 碩士,64,0,24,17 基隆市,1 一般
113,0012,國立臺灣海洋大學,07141025,電機工程學系,D 日,B 學士,417,24,113,17 基隆市,1 一般
113,0012,國立臺灣海洋大學,07141027,光電與材料科技學系,D 日,D 博士,3,0,0,17 基隆市,1 一般
113,0012,國立臺灣海洋大學,07141027,光電與材料科技學系,D 日,M 碩士,96,0,30,17 基隆市,1 一般
113,0012,國立臺灣海洋大學,07141027,光電與材料科技學系,D 日,B 學士,148,19,31,17 基隆市,1 一般
113,0012,國立臺灣海洋大學,07141030,通訊與導航工程學系,D 日,M 碩士,70,0,21,17 基隆市,1 一般
113,0012,國立臺灣海洋大學,07141030,通訊與導航工程學系,D 日,B 學士,234,12,64,17 基隆市,1 一般
113,0012,國立臺灣海洋大學,07151036,機械與機電工程學系,D 日,D 博士,6,0,2,17 基隆市,1 一般
113,0012,國立臺灣海洋大學,07151036,機械與機電工程學系,D 日,M 碩士,81,0,28,17 基隆市,1 一般
113,0012,國立臺灣海洋大學,07151036,機械與機電工程學系,D 日,B 學士,395,17,80,17 基隆市,1 一般
113,0012,國立臺灣海洋大學,07163033,系統工程暨造船學系,D 日,D 博士,8,0,0,17 基隆市,1 一般
113,0012,國立臺灣海洋大學,07163033,系統工程暨造船學系,D 日,M 碩士,54,0,22,17 基隆市,1 一般
113,0012,國立臺灣海洋大學,07163033,系統工程暨造船學系,D 日,B 學士,205,17,45,17 基隆市,1 一般
113,0012,國立臺灣海洋大學,07163035,輪機工程學系,D 日,D 博士,28,0,5,17 基隆市,1 一般
113,0012,國立臺灣海洋大學,07163035,輪機工程學系,D 日,M 碩士,34,0,19,17 基隆市,1 一般
113,0012,國立臺灣海洋大學,07163035,輪機工程學系,N 職,M 碩士,20,0,11,17 基隆市,1 一般
113,0012,國立臺灣海洋大學,07163035,輪機工程學系,D 日,B 學士,393,13,80,17 基隆市,1 一般
113,0012,國立臺灣海洋大學,07163035,輪機工程學系,P 進,B 學士,72,0,52,17 基隆市,1 一般
113,0012,國立臺灣海洋大學,07211042,食品科學系,D 日,D 博士,29,0,0,17 基隆市,1 一般
113,0012,國立臺灣海洋大學,07211042,食品科學系,D 日,M 碩士,125,0,45,17 基隆市,1 一般
113,0012,國立臺灣海洋大學,07211042,食品科學系,N 職,M 碩士,35,0,10,17 基隆市,1 一般
113,0012,國立臺灣海洋大學,07211042,食品科學系,D 日,B 學士,416,27,105,17 基隆市,1 一般
113,0012,國立臺灣海洋大學,07211042,食品科學系,P 進,B 學士,47,0,18,17 基隆市,1 一般
113,0012,國立臺灣海洋大學,07211059,食品安全與風險管理研究所,D 日,M 碩士,24,5,7,17 基隆市,1 一般
113,0012,國立臺灣海洋大學,07211060,食品安全管理碩士在職學位學程,N 職,M 碩士,29,2,8,17 基隆市,1 一般
113,0012,國立臺灣海洋大學,08311045,環境生物與漁業科學學系,D 日,D 博士,22,0,4,17 基隆市,1 一般
113,0012,國立臺灣海洋大學,08311045,環境生物與漁業科學學系,D 日,M 碩士,26,0,9,17 基隆市,1 一般
113,0012,國立臺灣海洋大學,08311045,環境生物與漁業科學學系,N 職,M 碩士,27,0,2,17 基隆市,1 一般
113,0012,國立臺灣海洋大學,08311045,環境生物與漁業科學學系,D 日,B 學士,187,14,37,17 基隆市,1 一般
113,0012,國立臺灣海洋大學,08312046,水產養殖學系,D 日,D 博士,40,0,5,17 基隆市,1 一般
113,0012,國立臺灣海洋大學,08312046,水產養殖學系,D 日,M 碩士,88,0,39,17 基隆市,1 一般
113,0012,國立臺灣海洋大學,08312046,水產養殖學系,D 日,B 學士,381,20,103,17 基隆市,1 一般
113,0012,國立臺灣海洋大學,10411050,運輸科學系,D 日,M 碩士,70,0,24,17 基隆市,1 一般
113,0012,國立臺灣海洋大學,10411050,運輸科學系運輸與供應鏈管理碩士在職專班,N 職,M 碩士,30,0,14,17 基隆市,1 一般
113,0012,國立臺灣海洋大學,10411050,運輸科學系,D 日,B 學士,367,17,84,17 基隆市,1 一般
113,0012,國立臺灣海洋大學,10412048,航運管理學系,D 日,D 博士,45,0,4,17 基隆市,1 一般
113,0012,國立臺灣海洋大學,10412048,航運管理學系,D 日,M 碩士,113,0,41,17 基隆市,1 一般
113,0012,國立臺灣海洋大學,10412048,航運管理學系,N 職,M 碩士,110,0,64,17 基隆市,1 一般
113,0012,國立臺灣海洋大學,10412048,航運管理學系,D 日,B 學士,454,23,119,17 基隆市,1 一般
113,0012,國立臺灣海洋大學,10412048,航運管理學系,P 進,B 學士,253,0,63,17 基隆市,1 一般
113,0012,國立臺灣海洋大學,10414052,商船學系,D 日,M 碩士,28,0,11,17 基隆市,1 一般
113,0012,國立臺灣海洋大學,10414052,商船學系,N 職,M 碩士,29,0,4,17 基隆市,1 一般
113,0012,國立臺灣海洋大學,10414052,商船學系,D 日,B 學士,463,19,125,17 基隆市,1 一般
113,0012,國立臺灣海洋大學,10414052,商船學系,P 進,B 學士,131,0,51,17 基隆市,1 一般
113,0012,國立臺灣海洋大學,99999Z01,通識及共同科目,D 日,,0,23,0,17 基隆市,1 一般
113,0012,國立臺灣海洋大學,99999Z03,軍訓教官,D 日,,0,1,0,17 基隆市,1 一般
113,0012,國立臺灣海洋大學,99999Z05,師資培育中心,D 日,,0,1,0,17 基隆市,1 一般
113,0012,國立臺灣海洋大學,99999Z99,其他(包括行政助教),D 日,,0,2,0,17 基隆市,1 一般
113,0013,國立中正大學,01111001,教育學研究所,D 日,D 博士,60,0,3,10 嘉義縣,1 一般
113,0013,國立中正大學,01111001,教育學研究所,D 日,M 碩士,35,9,15,10 嘉義縣,1 一般
113,0013,國立中正大學,01111001,教育學研究所教育學碩士在職專班,N 職,M 碩士,107,0,20,10 嘉義縣,1 一般
113,0013,國立中正大學,01112005,成人及繼續教育學系,D 日,D 博士,54,0,1,10 嘉義縣,1 一般
113,0013,國立中正大學,01112005,成人及繼續教育學系,D 日,M 碩士,84,0,21,10 嘉義縣,1 一般
113,0013,國立中正大學,01112005,成人及繼續教育學系,N 職,M 碩士,113,0,16,10 嘉義縣,1 一般
113,0013,國立中正大學,01112005,成人及繼續教育學系,D 日,B 學士,115,11,19,10 嘉義縣,1 一般
113,0013,國立中正大學,01114007,教育領導與管理發展國際博士學位學程,D 日,D 博士,9,0,1,10 嘉義縣,1 一般
113,0013,國立中正大學,01114007,教育領導與管理發展國際碩士學位學程,D 日,M 碩士,25,3,8,10 嘉義縣,1 一般
113,0013,國立中正大學,01114081,教育專業與學校領導數位學習碩士在職專班,N 職,M 碩士,11,0,4,10 嘉義縣,1 一般
113,0013,國立中正大學,01116008,教學專業發展數位學習碩士在職專班,N 職,M 碩士,83,0,30,10 嘉義縣,1 一般
113,0013,國立中正大學,02221015,歷史學系,D 日,D 博士,22,0,2,10 嘉義縣,1 一般
113,0013,國立中正大學,02221015,歷史學系,D 日,M 碩士,32,0,3,10 嘉義縣,1 一般
113,0013,國立中正大學,02221015,歷史學系,D 日,B 學士,183,13,43,10 嘉義縣,1 一般
113,0013,國立中正大學,02231016,哲學系,D 日,D 博士,8,0,0,10 嘉義縣,1 一般
113,0013,國立中正大學,02231016,哲學系,D 日,M 碩士,18,0,0,10 嘉義縣,1 一般
113,0013,國立中正大學,02231016,哲學系,D 日,B 學士,205,14,40,10 嘉義縣,1 一般
113,0013,國立中正大學,02299Y15,文學院,D 日,,0,1,0,10 嘉義縣,1 一般
113,0013,國立中正大學,02311012,外國語文學系,D 日,M 碩士,41,0,12,10 嘉義縣,1 一般
113,0013,國立中正大學,02311012,外國語文學系,D 日,B 學士,217,16,48,10 嘉義縣,1 一般
113,0013,國立中正大學,02321010,台灣文學與創意應用研究所,D 日,M 碩士,22,5,2,10 嘉義縣,1 一般
113,0013,國立中正大學,02321010,台灣文學與創意應用研究所台灣文化碩士在職專班,N 職,M 碩士,54,0,7,10 嘉義縣,1 一般
113,0013,國立中正大學,02322011,中國文學系,D 日,D 博士,31,0,3,10 嘉義縣,1 一般
113,0013,國立中正大學,02322011,中國文學系,D 日,M 碩士,30,0,10,10 嘉義縣,1 一般
113,0013,國立中正大學,02322011,中國文學系,D 日,B 學士,171,15,39,10 嘉義縣,1 一般
113,0013,國立中正大學,02399014,語言學研究所,D 日,D 博士,13,0,0,10 嘉義縣,1 一般
113,0013,國立中正大學,02399014,語言學研究所,D 日,M 碩士,27,7,9,10 嘉義縣,1 一般
113,0013,國立中正大學,03111017,經濟學系國際經濟學博士班,D 日,D 博士,6,0,0,10 嘉義縣,1 一般
113,0013,國立中正大學,03111017,經濟學系國際經濟學碩士班,D 日,M 碩士,77,0,27,10 嘉義縣,1 一般
113,0013,國立中正大學,03111017,經濟學系國際經濟學碩士在職專班,N 職,M 碩士,48,0,14,10 嘉義縣,1 一般
113,0013,國立中正大學,03111017,經濟學系,D 日,B 學士,401,19,81,10 嘉義縣,1 一般
113,0013,國立中正大學,03121018,政治學系,D 日,M 碩士,31,0,3,10 嘉義縣,1 一般
113,0013,國立中正大學,03121018,政治學系政府與公共事務碩士在職專班,N 職,M 碩士,30,0,3,10 嘉義縣,1 一般
113,0013,國立中正大學,03121018,政治學系,D 日,B 學士,180,13,50,10 嘉義縣,1 一般
113,0013,國立中正大學,03122024,戰略暨國際事務研究所,D 日,M 碩士,41,6,5,10 嘉義縣,1 一般
113,0013,國立中正大學,03122024,戰略暨國際事務研究所戰略暨國家安全碩士在職專班,N 職,M 碩士,44,0,17,10 嘉義縣,1 一般
113,0013,國立中正大學,03131019,心理學系,D 日,D 博士,13,0,3,10 嘉義縣,1 一般
113,0013,國立中正大學,03131019,心理學系,D 日,M 碩士,105,0,28,10 嘉義縣,1 一般
113,0013,國立中正大學,03131019,心理學系,D 日,B 學士,208,19,52,10 嘉義縣,1 一般
113,0013,國立中正大學,03191025,勞工關係學系,D 日,M 碩士,52,0,14,10 嘉義縣,1 一般
113,0013,國立中正大學,03191025,勞工關係學系,N 職,M 碩士,78,0,27,10 嘉義縣,1 一般
113,0013,國立中正大學,03191025,勞工關係學系,D 日,B 學士,192,14,50,10 嘉義縣,1 一般
113,0013,國立中正大學,03199022,認知科學博士學位學程,D 日,,0,1,0,10 嘉義縣,1 一般
113,0013,國立中正大學,03199022,認知科學博士學位學程,D 日,D 博士,4,0,1,10 嘉義縣,1 一般
113,0013,國立中正大學,03199026,犯罪防治學系,D 日,D 博士,35,0,2,10 嘉義縣,1 一般
113,0013,國立中正大學,03199026,犯罪防治學系,D 日,M 碩士,60,0,16,10 嘉義縣,1 一般
113,0013,國立中正大學,03199026,犯罪防治學系,N 職,M 碩士,108,0,18,10 嘉義縣,1 一般
113,0013,國立中正大學,03199026,犯罪防治學系,D 日,B 學士,150,11,45,10 嘉義縣,1 一般
113,0013,國立中正大學,03211028,傳播學系電訊傳播碩士班,D 日,M 碩士,54,0,16,10 嘉義縣,1 一般
113,0013,國立中正大學,03211028,傳播學系,D 日,B 學士,203,13,43,10 嘉義縣,1 一般
113,0013,國立中正大學,04111032,會計與資訊科技學系,D 日,D 博士,13,0,0,10 嘉義縣,1 一般
113,0013,國立中正大學,04111032,會計與資訊科技學系,D 日,M 碩士,66,0,32,10 嘉義縣,1 一般
113,0013,國立中正大學,04111032,會計與資訊科技學系,N 職,M 碩士,99,0,45,10 嘉義縣,1 一般
113,0013,國立中正大學,04111032,會計與資訊科技學系,D 日,B 學士,212,11,53,10 嘉義縣,1 一般
113,0013,國立中正大學,04121034,財務金融學系,D 日,D 博士,7,0,0,10 嘉義縣,1 一般
113,0013,國立中正大學,04121034,財務金融學系,D 日,M 碩士,85,0,47,10 嘉義縣,1 一般
113,0013,國立中正大學,04121034,財務金融學系,N 職,M 碩士,61,0,34,10 嘉義縣,1 一般
113,0013,國立中正大學,04121034,財務金融學系,D 日,B 學士,320,15,84,10 嘉義縣,1 一般
113,0013,國立中正大學,04121035,國際財務金融管理碩士學位學程,D 日,M 碩士,14,2,5,10 嘉義縣,1 一般
113,0013,國立中正大學,04131033,企業管理學系,D 日,D 博士,45,0,4,10 嘉義縣,1 一般
113,0013,國立中正大學,04131033,企業管理學系,D 日,M 碩士,132,0,46,10 嘉義縣,1 一般
113,0013,國立中正大學,04131033,企業管理學系,N 職,M 碩士,89,0,41,10 嘉義縣,1 一般
113,0013,國立中正大學,04131033,企業管理學系,D 日,B 學士,344,20,66,10 嘉義縣,1 一般
113,0013,國立中正大學,04199038,高階主管管理碩士在職專班,N 職,M 碩士,52,3,25,10 嘉義縣,1 一般
113,0013,國立中正大學,04199080,金融科技碩士學位學程,D 日,M 碩士,33,2,11,10 嘉義縣,1 一般
113,0013,國立中正大學,04211039,法律學系,D 日,D 博士,47,0,6,10 嘉義縣,1 一般
113,0013,國立中正大學,04211039,法律學系,D 日,M 碩士,176,0,36,10 嘉義縣,1 一般
113,0013,國立中正大學,04211039,法律學系,N 職,M 碩士,167,0,22,10 嘉義縣,1 一般
113,0013,國立中正大學,04211039,法律學系,D 日,B 學士,337,18,79,10 嘉義縣,1 一般
113,0013,國立中正大學,04211077,法學院高階主管法律碩士在職專班,N 職,M 碩士,76,3,13,10 嘉義縣,1 一般
113,0013,國立中正大學,04212040,財經法律學系,D 日,M 碩士,82,0,13,10 嘉義縣,1 一般
113,0013,國立中正大學,04212040,財經法律學系,N 職,M 碩士,61,0,13,10 嘉義縣,1 一般
113,0013,國立中正大學,04212040,財經法律學系,D 日,B 學士,185,8,51,10 嘉義縣,1 一般
113,0013,國立中正大學,05121075,生物醫學科學系分子生物博士班,D 日,D 博士,22,0,1,10 嘉義縣,1 一般
113,0013,國立中正大學,05121075,生物醫學科學系,D 日,M 碩士,28,0,25,10 嘉義縣,1 一般
113,0013,國立中正大學,05121075,生物醫學科學系,D 日,B 學士,163,15,29,10 嘉義縣,1 一般
113,0013,國立中正大學,05311045,化學暨生物化學系,D 日,D 博士,7,0,0,10 嘉義縣,1 一般
113,0013,國立中正大學,05311045,化學暨生物化學系,D 日,M 碩士,126,0,31,10 嘉義縣,1 一般
113,0013,國立中正大學,05311045,化學暨生物化學系,D 日,B 學士,207,16,36,10 嘉義縣,1 一般
113,0013,國立中正大學,05321047,地球與環境科學系地震學暨地球與環境科學博士班,D 日,D 博士,9,0,0,10 嘉義縣,1 一般
113,0013,國立中正大學,05321047,地球與環境科學系,D 日,M 碩士,52,0,19,10 嘉義縣,1 一般
113,0013,國立中正大學,05321047,地球與環境科學系災害應變碩士在職專班,N 職,M 碩士,15,0,5,10 嘉義縣,1 一般
113,0013,國立中正大學,05321047,地球與環境科學系,D 日,B 學士,162,18,23,10 嘉義縣,1 一般
113,0013,國立中正大學,05331067,物理學系,D 日,D 博士,11,0,2,10 嘉義縣,1 一般
113,0013,國立中正大學,05331067,物理學系,D 日,M 碩士,57,0,12,10 嘉義縣,1 一般
113,0013,國立中正大學,05331067,物理學系,D 日,B 學士,202,17,45,10 嘉義縣,1 一般
113,0013,國立中正大學,05399078,跨領域科學國際博士學位學程,D 日,D 博士,12,4,0,10 嘉義縣,1 一般
113,0013,國立中正大學,05411049,數學系數學科學博士班,D 日,D 博士,1,0,0,10 嘉義縣,1 一般
113,0013,國立中正大學,05411049,數學系,D 日,M 碩士,64,0,28,10 嘉義縣,1 一般
113,0013,國立中正大學,05411049,數學系,D 日,B 學士,185,21,39,10 嘉義縣,1 一般
113,0013,國立中正大學,06131053,資訊管理學系,D 日,D 博士,13,0,0,10 嘉義縣,1 一般
113,0013,國立中正大學,06131053,資訊管理學系,D 日,M 碩士,125,0,51,10 嘉義縣,1 一般
113,0013,國立中正大學,06131053,資訊管理學系,N 職,M 碩士,87,0,30,10 嘉義縣,1 一般
113,0013,國立中正大學,06131053,資訊管理學系,D 日,B 學士,189,10,48,10 嘉義縣,1 一般
113,0013,國立中正大學,06131055,資訊工程學系,D 日,D 博士,18,0,2,10 嘉義縣,1 一般
113,0013,國立中正大學,06131055,資訊工程學系,D 日,M 碩士,268,0,131,10 嘉義縣,1 一般
113,0013,國立中正大學,06131055,資訊工程學系雲端計算與物聯網數位學習碩士在職專班,N 職,M 碩士,85,0,9,10 嘉義縣,1 一般
113,0013,國立中正大學,06131055,資訊工程學系,D 日,B 學士,392,31,94,10 嘉義縣,1 一般
113,0013,國立中正大學,07111061,化學工程學系,D 日,D 博士,5,0,0,10 嘉義縣,1 一般
113,0013,國立中正大學,07111061,化學工程學系,D 日,M 碩士,89,0,42,10 嘉義縣,1 一般
113,0013,國立中正大學,07111061,化學工程學系,D 日,B 學士,192,14,43,10 嘉義縣,1 一般
113,0013,國立中正大學,07141054,電機工程學系,D 日,D 博士,20,0,5,10 嘉義縣,1 一般
113,0013,國立中正大學,07141054,電機工程學系,D 日,M 碩士,266,0,109,10 嘉義縣,1 一般
113,0013,國立中正大學,07141054,電機工程學系,D 日,B 學士,328,22,76,10 嘉義縣,1 一般
113,0013,國立中正大學,07141056,通訊工程學系,D 日,D 博士,4,0,0,10 嘉義縣,1 一般
113,0013,國立中正大學,07141056,通訊工程學系,D 日,M 碩士,126,0,56,10 嘉義縣,1 一般
113,0013,國立中正大學,07141056,通訊工程學系,D 日,B 學士,186,13,49,10 嘉義縣,1 一般
113,0013,國立中正大學,07151058,機械工程學系,D 日,D 博士,44,0,6,10 嘉義縣,1 一般
113,0013,國立中正大學,07151058,機械工程學系,D 日,M 碩士,266,0,86,10 嘉義縣,1 一般
113,0013,國立中正大學,07151058,機械工程學系,D 日,B 學士,395,27,83,10 嘉義縣,1 一般
113,0013,國立中正大學,07151071,前瞻製造系統博士學位學程,D 日,D 博士,5,0,1,10 嘉義縣,1 一般
113,0013,國立中正大學,07151071,前瞻製造系統碩士學位學程,D 日,M 碩士,11,2,3,10 嘉義縣,1 一般
113,0013,國立中正大學,07199076,環境智能及智慧系統博士學位學程,D 日,D 博士,2,0,0,10 嘉義縣,1 一般
113,0013,國立中正大學,09231063,社會福利學系,D 日,D 博士,18,0,1,10 嘉義縣,1 一般
113,0013,國立中正大學,09231063,社會福利學系,D 日,M 碩士,57,0,10,10 嘉義縣,1 一般
113,0013,國立中正大學,09231063,社會福利學系,D 日,B 學士,200,14,50,10 嘉義縣,1 一般
113,0013,國立中正大學,10141064,運動競技學系運動與休閒教育碩士班,D 日,M 碩士,51,0,9,10 嘉義縣,1 一般
113,0013,國立中正大學,10141064,運動競技學系,D 日,B 學士,112,14,25,10 嘉義縣,1 一般
113,0013,國立中正大學,99999079,紫荊不分系學士學位學程,D 日,B 學士,83,3,0,10 嘉義縣,1 一般
113,0013,國立中正大學,99999Z01,通識及共同科目,D 日,,0,6,0,10 嘉義縣,1 一般
113,0013,國立中正大學,99999Z03,軍訓教官,D 日,,0,1,0,10 嘉義縣,1 一般
113,0013,國立中正大學,99999Z05,師資培育中心,D 日,,0,6,0,10 嘉義縣,1 一般
113,0013,國立中正大學,99999Z08,語言中心,D 日,,0,6,0,10 嘉義縣,1 一般
113,0014,國立高雄師範大學,01111001,教育學系,D 日,D 博士,83,0,6,50 高雄市,1 一般
113,0014,國立高雄師範大學,01111001,教育學系,D 日,M 碩士,90,0,11,50 高雄市,1 一般
113,0014,國立高雄師範大學,01111001,教育學系,N 職,M 碩士,158,0,16,50 高雄市,1 一般
113,0014,國立高雄師範大學,01111001,教育學系,D 日,B 學士,137,12,42,50 高雄市,1 一般
113,0014,國立高雄師範大學,01112009,成人教育研究所,D 日,D 博士,64,0,2,50 高雄市,1 一般
113,0014,國立高雄師範大學,01112009,成人教育研究所,D 日,M 碩士,58,10,7,50 高雄市,1 一般
113,0014,國立高雄師範大學,01112009,成人教育研究所組織發展與領導碩士在職專班(夜間班),N 職,M 碩士,61,0,27,50 高雄市,1 一般
113,0014,國立高雄師範大學,01113010,特殊教育學系特殊教育博士班,D 日,D 博士,33,0,2,50 高雄市,1 一般
113,0014,國立高雄師範大學,01113010,特殊教育學系,D 日,M 碩士,105,0,12,50 高雄市,1 一般
113,0014,國立高雄師範大學,01113010,特殊教育學系特殊教育教學碩士班,N 職,M 碩士,7,0,2,50 高雄市,1 一般
113,0014,國立高雄師範大學,01113010,特殊教育學系,D 日,B 學士,152,14,43,50 高雄市,1 一般
113,0014,國立高雄師範大學,01114054,高階教育經營與行政管理馬來西亞境外碩士在職專班,N 職,M 碩士,24,0,1,50 高雄市,1 一般
113,0014,國立高雄師範大學,01141003,工業科技教育學系,D 日,D 博士,32,0,6,50 高雄市,1 一般
113,0014,國立高雄師範大學,01141003,工業科技教育學系,D 日,M 碩士,23,0,8,50 高雄市,1 一般
113,0014,國立高雄師範大學,01141003,工業科技教育學系,N 職,M 碩士,125,0,32,50 高雄市,1 一般
113,0014,國立高雄師範大學,01141003,工業科技教育學系,D 日,B 學士,142,11,37,50 高雄市,1 一般
113,0014,國立高雄師範大學,01141005,體育學系,D 日,M 碩士,60,0,20,50 高雄市,1 一般
113,0014,國立高雄師範大學,01141005,體育學系,N 職,M 碩士,79,0,21,50 高雄市,1 一般
113,0014,國立高雄師範大學,01141005,體育學系,D 日,B 學士,208,6,51,50 高雄市,1 一般
113,0014,國立高雄師範大學,01141006,科學教育暨環境教育研究所科學教育博士班,D 日,D 博士,43,0,10,50 高雄市,1 一般
113,0014,國立高雄師範大學,01141006,科學教育暨環境教育研究所,D 日,M 碩士,62,8,12,50 高雄市,1 一般
113,0014,國立高雄師範大學,01141006,科學教育暨環境教育研究所碩士在職現役軍人營區專班,N 職,M 碩士,7,0,6,50 高雄市,1 一般
113,0014,國立高雄師範大學,01199011,性別教育博士學位學程,D 日,D 博士,21,0,4,50 高雄市,1 一般
113,0014,國立高雄師範大學,01199011,性別教育研究所,D 日,M 碩士,61,9,13,50 高雄市,1 一般
113,0014,國立高雄師範大學,02112022,視覺設計學系,D 日,M 碩士,69,0,15,50 高雄市,1 一般
113,0014,國立高雄師範大學,02112022,視覺設計學系視覺設計碩士在職專班(夜間班),N 職,M 碩士,59,0,10,50 高雄市,1 一般
113,0014,國立高雄師範大學,02112022,視覺設計學系,D 日,B 學士,149,9,47,50 高雄市,1 一般
113,0014,國立高雄師範大學,02123024,工業設計學系,D 日,M 碩士,22,0,9,50 高雄市,1 一般
113,0014,國立高雄師範大學,02123024,工業設計學系,D 日,B 學士,141,8,28,50 高雄市,1 一般
113,0014,國立高雄師範大學,02125064,創新產業原住民碩士在職學位學程,N 職,M 碩士,21,0,0,50 高雄市,1 一般
113,0014,國立高雄師範大學,02131012,美術學系,D 日,M 碩士,87,0,16,50 高雄市,1 一般
113,0014,國立高雄師範大學,02131012,美術學系,N 職,M 碩士,72,0,23,50 高雄市,1 一般
113,0014,國立高雄師範大學,02131012,美術學系,D 日,B 學士,177,9,43,50 高雄市,1 一般
113,0014,國立高雄師範大學,02141055,藝術產業學士原住民專班,D 日,B 學士,129,1,19,50 高雄市,1 一般
113,0014,國立高雄師範大學,02151013,音樂學系,D 日,M 碩士,59,0,15,50 高雄市,1 一般
113,0014,國立高雄師範大學,02151013,音樂學系,N 職,M 碩士,31,0,14,50 高雄市,1 一般
113,0014,國立高雄師範大學,02151013,音樂學系,D 日,B 學士,111,9,25,50 高雄市,1 一般
113,0014,國立高雄師範大學,02191014,跨領域藝術研究所,D 日,M 碩士,47,4,12,50 高雄市,1 一般
113,0014,國立高雄師範大學,02191014,跨領域藝術研究所跨藝實踐與永續環境碩士在職專班,N 職,M 碩士,19,0,0,50 高雄市,1 一般
113,0014,國立高雄師範大學,02191047,表演藝術碩士學位學程,N 職,M 碩士,46,2,17,50 高雄市,1 一般
113,0014,國立高雄師範大學,02199025,文化創意設計碩士學位學程在職專班,N 職,M 碩士,46,0,18,50 高雄市,1 一般
113,0014,國立高雄師範大學,02299020,經學研究所,D 日,M 碩士,54,6,6,50 高雄市,1 一般
113,0014,國立高雄師範大學,02299020,經學研究所經學碩士在職專班,N 職,M 碩士,5,0,6,50 高雄市,1 一般
113,0014,國立高雄師範大學,02311021,英語學系,D 日,D 博士,25,0,3,50 高雄市,1 一般
113,0014,國立高雄師範大學,02311021,英語學系,D 日,M 碩士,76,0,14,50 高雄市,1 一般
113,0014,國立高雄師範大學,02311021,英語學系,N 職,M 碩士,61,0,17,50 高雄市,1 一般
113,0014,國立高雄師範大學,02311021,英語學系,D 日,B 學士,346,10,78,50 高雄市,1 一般
113,0014,國立高雄師範大學,02313002,華語文教學博士學位學程,D 日,D 博士,14,0,0,50 高雄市,1 一般
113,0014,國立高雄師範大學,02313002,華語文教學研究所,D 日,M 碩士,102,8,12,50 高雄市,1 一般
113,0014,國立高雄師範大學,02321015,臺灣歷史文化及語言研究所,D 日,M 碩士,67,6,10,50 高雄市,1 一般
113,0014,國立高雄師範大學,02321015,臺灣歷史文化及語言研究所臺灣研究碩士學位在職進修專班,N 職,M 碩士,27,0,3,50 高雄市,1 一般
113,0014,國立高雄師範大學,02321057,語言與文化學士原住民專班,D 日,B 學士,105,1,16,50 高雄市,1 一般
113,0014,國立高雄師範大學,02322019,國文學系,D 日,D 博士,50,0,6,50 高雄市,1 一般
113,0014,國立高雄師範大學,02322019,國文學系,D 日,M 碩士,63,0,11,50 高雄市,1 一般
113,0014,國立高雄師範大學,02322019,國文學系,N 職,M 碩士,166,0,22,50 高雄市,1 一般
113,0014,國立高雄師範大學,02322019,國文學系,D 日,B 學士,370,14,81,50 高雄市,1 一般
113,0014,國立高雄師範大學,03131026,諮商心理與復健諮商研究所諮商心理博士班,D 日,D 博士,37,0,5,50 高雄市,1 一般
113,0014,國立高雄師範大學,03131026,諮商心理與復健諮商研究所,D 日,M 碩士,141,8,18,50 高雄市,1 一般
113,0014,國立高雄師範大學,03142030,地理學系,D 日,D 博士,28,0,1,50 高雄市,1 一般
113,0014,國立高雄師範大學,03142030,地理學系,D 日,M 碩士,20,0,4,50 高雄市,1 一般
113,0014,國立高雄師範大學,03142030,地理學系,N 職,M 碩士,18,0,6,50 高雄市,1 一般
113,0014,國立高雄師範大學,03142030,地理學系,D 日,B 學士,151,12,50,50 高雄市,1 一般
113,0014,國立高雄師範大學,03143031,客家文化研究所,D 日,M 碩士,24,5,4,50 高雄市,1 一般
113,0014,國立高雄師範大學,03143052,東南亞學碩士在職學位學程,N 職,M 碩士,51,2,17,50 高雄市,1 一般
113,0014,國立高雄師範大學,04131032,事業經營學系,D 日,M 碩士,29,0,10,50 高雄市,1 一般
113,0014,國立高雄師範大學,04131032,事業經營學系,N 職,M 碩士,62,0,25,50 高雄市,1 一般
113,0014,國立高雄師範大學,04131032,事業經營學系,D 日,B 學士,143,9,30,50 高雄市,1 一般
113,0014,國立高雄師範大學,04131058,創新領導與管理現役軍人營區碩士在職專班,N 職,M 碩士,0,0,1,50 高雄市,1 一般
113,0014,國立高雄師範大學,04131061,環境與創意產業碩士在職學位學程,N 職,M 碩士,32,2,5,50 高雄市,1 一般
113,0014,國立高雄師範大學,04199033,人力與知識管理研究所,D 日,M 碩士,37,6,15,50 高雄市,1 一般
113,0014,國立高雄師範大學,04199033,人力與知識管理研究所人力與知識管理碩士在職專班(夜間班),N 職,M 碩士,57,0,31,50 高雄市,1 一般
113,0014,國立高雄師範大學,05121034,生物科技系,D 日,M 碩士,47,0,6,50 高雄市,1 一般
113,0014,國立高雄師範大學,05121034,生物科技系,D 日,B 學士,159,9,36,50 高雄市,1 一般
113,0014,國立高雄師範大學,05311036,化學系,D 日,M 碩士,22,0,7,50 高雄市,1 一般
113,0014,國立高雄師範大學,05311036,化學系,D 日,B 學士,154,10,38,50 高雄市,1 一般
113,0014,國立高雄師範大學,05331037,物理學系,D 日,D 博士,12,0,2,50 高雄市,1 一般
113,0014,國立高雄師範大學,05331037,物理學系,D 日,M 碩士,17,0,4,50 高雄市,1 一般
113,0014,國立高雄師範大學,05331037,物理學系,N 職,M 碩士,1,0,0,50 高雄市,1 一般
113,0014,國立高雄師範大學,05331037,物理學系,D 日,B 學士,160,12,35,50 高雄市,1 一般
113,0014,國立高雄師範大學,05411038,數學系,D 日,M 碩士,40,0,8,50 高雄市,1 一般
113,0014,國立高雄師範大學,05411038,數學系數學教學碩士班(暑期班),N 職,M 碩士,37,0,17,50 高雄市,1 一般
113,0014,國立高雄師範大學,05411038,數學系,D 日,B 學士,298,11,80,50 高雄市,1 一般
113,0014,國立高雄師範大學,06132039,軟體工程與管理學系,D 日,M 碩士,47,0,14,50 高雄市,1 一般
113,0014,國立高雄師範大學,06132039,軟體工程與管理學系,N 職,M 碩士,69,0,11,50 高雄市,1 一般
113,0014,國立高雄師範大學,06132039,軟體工程與管理學系,D 日,B 學士,138,8,25,50 高雄市,1 一般
113,0014,國立高雄師範大學,07141041,電子工程學系,D 日,M 碩士,37,0,10,50 高雄市,1 一般
113,0014,國立高雄師範大學,07141041,電子工程學系,D 日,B 學士,190,9,50,50 高雄市,1 一般
113,0014,國立高雄師範大學,07141044,工程國際碩士學位學程,D 日,M 碩士,14,0,1,50 高雄市,1 一般
113,0014,國立高雄師範大學,07141060,電機工程學系,D 日,M 碩士,20,0,3,50 高雄市,1 一般
113,0014,國立高雄師範大學,07141060,電機工程學系,D 日,B 學士,175,9,46,50 高雄市,1 一般
113,0014,國立高雄師範大學,10141056,運動競技與產業學士原住民專班,D 日,B 學士,144,2,31,50 高雄市,1 一般
113,0014,國立高雄師範大學,99999Z01,通識及共同科目,D 日,,0,2,0,50 高雄市,1 一般
113,0015,國立彰化師範大學,01111002,教育研究所,D 日,D 博士,30,0,4,07 彰化縣,1 一般
113,0015,國立彰化師範大學,01111002,教育研究所,D 日,M 碩士,65,7,8,07 彰化縣,1 一般
113,0015,國立彰化師範大學,01111002,教育研究所,N 職,M 碩士,132,0,28,07 彰化縣,1 一般
113,0015,國立彰化師範大學,01113012,特殊教育學系,D 日,D 博士,23,0,5,07 彰化縣,1 一般
113,0015,國立彰化師範大學,01113012,特殊教育學系,D 日,M 碩士,55,0,4,07 彰化縣,1 一般
113,0015,國立彰化師範大學,01113012,特殊教育學系,N 職,M 碩士,76,0,12,07 彰化縣,1 一般
113,0015,國立彰化師範大學,01113012,特殊教育學系,D 日,B 學士,251,11,73,07 彰化縣,1 一般
113,0015,國立彰化師範大學,01118007,工業教育與技術學系,N 職,M 碩士,105,0,45,07 彰化縣,1 一般
113,0015,國立彰化師範大學,01131004,科學教育研究所,D 日,D 博士,22,0,1,07 彰化縣,1 一般
113,0015,國立彰化師範大學,01131004,科學教育研究所,D 日,M 碩士,18,7,9,07 彰化縣,1 一般
113,0015,國立彰化師範大學,01131004,科學教育研究所,N 職,M 碩士,19,0,1,07 彰化縣,1 一般
113,0015,國立彰化師範大學,01131006,公共事務與公民教育學系,D 日,M 碩士,39,0,7,07 彰化縣,1 一般
113,0015,國立彰化師範大學,01131006,公共事務與公民教育學系,D 日,B 學士,162,9,27,07 彰化縣,1 一般
113,0015,國立彰化師範大學,01141011,運動學系應用運動科學碩士班,D 日,M 碩士,35,0,7,07 彰化縣,1 一般
113,0015,國立彰化師範大學,01141011,運動學系運動與健康休閒碩士在職專班,N 職,M 碩士,45,0,16,07 彰化縣,1 一般
113,0015,國立彰化師範大學,01141011,運動學系,D 日,B 學士,247,11,40,07 彰化縣,1 一般
113,0015,國立彰化師範大學,01199Y03,教育學院,D 日,,0,3,0,07 彰化縣,1 一般
113,0015,國立彰化師範大學,02131017,美術學系,D 日,M 碩士,53,0,11,07 彰化縣,1 一般
113,0015,國立彰化師範大學,02131017,美術學系,D 日,B 學士,179,11,45,07 彰化縣,1 一般
113,0015,國立彰化師範大學,02221023,歷史學研究所,D 日,M 碩士,24,5,6,07 彰化縣,1 一般
113,0015,國立彰化師範大學,02311020,英語學系,D 日,D 博士,14,0,1,07 彰化縣,1 一般
113,0015,國立彰化師範大學,02311020,英語學系,D 日,M 碩士,39,0,7,07 彰化縣,1 一般
113,0015,國立彰化師範大學,02311020,英語學系應用英語碩士在職專班,N 職,M 碩士,59,0,5,07 彰化縣,1 一般
113,0015,國立彰化師範大學,02311020,英語學系,D 日,B 學士,220,13,56,07 彰化縣,1 一般
113,0015,國立彰化師範大學,02311021,兒童英語研究所,D 日,M 碩士,0,0,14,07 彰化縣,1 一般
113,0015,國立彰化師範大學,02311066,科技與兒少英語研究所,D 日,M 碩士,32,5,0,07 彰化縣,1 一般
113,0015,國立彰化師範大學,02312022,翻譯研究所,D 日,M 碩士,58,5,8,07 彰化縣,1 一般
113,0015,國立彰化師範大學,02321018,台灣文學研究所,D 日,M 碩士,31,5,3,07 彰化縣,1 一般
113,0015,國立彰化師範大學,02322019,國文學系,D 日,D 博士,23,0,4,07 彰化縣,1 一般
113,0015,國立彰化師範大學,02322019,國文學系,D 日,M 碩士,36,0,4,07 彰化縣,1 一般
113,0015,國立彰化師範大學,02322019,國文學系國語文教學碩士在職專班,N 職,M 碩士,50,0,4,07 彰化縣,1 一般
113,0015,國立彰化師範大學,02322019,國文學系,D 日,B 學士,326,16,76,07 彰化縣,1 一般
113,0015,國立彰化師範大學,03131025,輔導與諮商學系,D 日,D 博士,47,0,2,07 彰化縣,1 一般
113,0015,國立彰化師範大學,03131025,輔導與諮商學系,D 日,M 碩士,182,0,27,07 彰化縣,1 一般
113,0015,國立彰化師範大學,03131025,輔導與諮商學系,N 職,M 碩士,159,0,27,07 彰化縣,1 一般
113,0015,國立彰化師範大學,03131025,輔導與諮商學系,D 日,B 學士,335,22,75,07 彰化縣,1 一般
113,0015,國立彰化師範大學,03131055,復健諮商研究所,D 日,M 碩士,65,3,6,07 彰化縣,1 一般
113,0015,國立彰化師範大學,03142027,地理學系地理暨環境資源博士班,D 日,D 博士,5,0,1,07 彰化縣,1 一般
113,0015,國立彰化師範大學,03142027,地理學系,D 日,M 碩士,29,0,7,07 彰化縣,1 一般
113,0015,國立彰化師範大學,03142027,地理學系,D 日,B 學士,187,10,35,07 彰化縣,1 一般
113,0015,國立彰化師範大學,04111028,會計學系,D 日,M 碩士,83,0,34,07 彰化縣,1 一般
113,0015,國立彰化師範大學,04111028,會計學系,D 日,B 學士,333,14,77,07 彰化縣,1 一般
113,0015,國立彰化師範大學,04121031,財務金融技術學系,D 日,D 博士,78,0,17,07 彰化縣,1 一般
113,0015,國立彰化師範大學,04121031,財務金融技術學系,D 日,M 碩士,45,0,32,07 彰化縣,1 一般
113,0015,國立彰化師範大學,04121031,財務金融技術學系,D 日,B 學士,143,13,40,07 彰化縣,1 一般
113,0015,國立彰化師範大學,04131028,會計學系企業高階管理碩士在職專班,N 職,M 碩士,113,0,48,07 彰化縣,1 一般
113,0015,國立彰化師範大學,04131029,企業管理學系,D 日,M 碩士,89,0,40,07 彰化縣,1 一般
113,0015,國立彰化師範大學,04131029,企業管理學系國際企業經營管理碩士在職專班,N 職,M 碩士,108,0,56,07 彰化縣,1 一般
113,0015,國立彰化師範大學,04131029,企業管理學系,D 日,B 學士,201,12,52,07 彰化縣,1 一般
113,0015,國立彰化師範大學,04131031,財務金融技術學系,N 職,M 碩士,95,0,47,07 彰化縣,1 一般
113,0015,國立彰化師範大學,04131033,人力資源管理研究所,D 日,D 博士,25,0,5,07 彰化縣,1 一般
113,0015,國立彰化師範大學,04131033,人力資源管理研究所,D 日,M 碩士,74,8,31,07 彰化縣,1 一般
113,0015,國立彰化師範大學,04131033,人力資源管理研究所,N 職,M 碩士,80,0,21,07 彰化縣,1 一般
113,0015,國立彰化師範大學,04131046,光電科技研究所科技應用與管理碩士在職專班,N 職,M 碩士,56,0,26,07 彰化縣,1 一般
113,0015,國立彰化師範大學,04134006,公共事務與公民教育學系公共事務與公民教育碩士在職專班,N 職,M 碩士,40,0,8,07 彰化縣,1 一般
113,0015,國立彰化師範大學,05111034,生物學系,D 日,M 碩士,48,0,12,07 彰化縣,1 一般
113,0015,國立彰化師範大學,05111034,生物學系,D 日,B 學士,155,13,51,07 彰化縣,1 一般
113,0015,國立彰化師範大學,05121064,材料與生物科技暨科教國際碩士學位學程,D 日,M 碩士,15,2,0,07 彰化縣,1 一般
113,0015,國立彰化師範大學,05311035,化學系,D 日,M 碩士,43,0,22,07 彰化縣,1 一般
113,0015,國立彰化師範大學,05311035,化學系,D 日,B 學士,209,10,50,07 彰化縣,1 一般
113,0015,國立彰化師範大學,05331037,物理學系,D 日,D 博士,14,0,3,07 彰化縣,1 一般
113,0015,國立彰化師範大學,05331037,物理學系,D 日,M 碩士,31,0,8,07 彰化縣,1 一般
113,0015,國立彰化師範大學,05331037,物理學系,D 日,B 學士,324,18,71,07 彰化縣,1 一般
113,0015,國立彰化師範大學,05411038,數學系,D 日,D 博士,11,0,1,07 彰化縣,1 一般
113,0015,國立彰化師範大學,05411038,數學系,D 日,M 碩士,28,0,6,07 彰化縣,1 一般
113,0015,國立彰化師範大學,05411038,數學系,D 日,B 學士,319,17,71,07 彰化縣,1 一般
113,0015,國立彰化師範大學,05421039,統計資訊研究所,D 日,M 碩士,18,6,7,07 彰化縣,1 一般
113,0015,國立彰化師範大學,06131040,資訊管理學系,D 日,M 碩士,88,0,35,07 彰化縣,1 一般
113,0015,國立彰化師範大學,06131040,資訊管理學系創新與管理碩士在職專班,N 職,M 碩士,42,0,29,07 彰化縣,1 一般
113,0015,國立彰化師範大學,06131040,資訊管理學系,D 日,B 學士,213,10,51,07 彰化縣,1 一般
113,0015,國立彰化師範大學,06131050,資訊工程學系,D 日,M 碩士,84,0,19,07 彰化縣,1 一般
113,0015,國立彰化師範大學,06131050,資訊工程學系人工智慧應用服務碩士在職專班,N 職,M 碩士,29,0,0,07 彰化縣,1 一般
113,0015,國立彰化師範大學,06131050,資訊工程學系,D 日,B 學士,223,12,51,07 彰化縣,1 一般
113,0015,國立彰化師範大學,06131063,人工智慧科技應用碩士學位學程,D 日,M 碩士,22,2,0,07 彰化縣,1 一般
113,0015,國立彰化師範大學,07141042,電機工程學系,D 日,D 博士,21,0,2,07 彰化縣,1 一般
113,0015,國立彰化師範大學,07141042,電機工程學系,D 日,M 碩士,53,0,26,07 彰化縣,1 一般
113,0015,國立彰化師範大學,07141042,電機工程學系,N 職,M 碩士,37,0,17,07 彰化縣,1 一般
113,0015,國立彰化師範大學,07141042,電機工程學系,D 日,B 學士,201,12,46,07 彰化縣,1 一般
113,0015,國立彰化師範大學,07141043,電子工程學系,D 日,M 碩士,56,0,14,07 彰化縣,1 一般
113,0015,國立彰化師範大學,07141043,電子工程學系,D 日,B 學士,249,14,45,07 彰化縣,1 一般
113,0015,國立彰化師範大學,07141046,光電科技研究所,D 日,D 博士,18,0,3,07 彰化縣,1 一般
113,0015,國立彰化師範大學,07141046,光電科技研究所,D 日,M 碩士,26,7,7,07 彰化縣,1 一般
113,0015,國立彰化師範大學,07141054,機電工程學系,D 日,D 博士,17,0,4,07 彰化縣,1 一般
113,0015,國立彰化師範大學,07141054,機電工程學系,D 日,M 碩士,54,0,24,07 彰化縣,1 一般
113,0015,國立彰化師範大學,07141054,機電工程學系,N 職,M 碩士,59,0,10,07 彰化縣,1 一般
113,0015,國立彰化師範大學,07141054,機電工程學系,D 日,B 學士,203,12,48,07 彰化縣,1 一般
113,0015,國立彰化師範大學,07141062,工學院國際工程碩士學位學程,D 日,M 碩士,15,2,0,07 彰化縣,1 一般
113,0015,國立彰化師範大學,07161053,車輛科技研究所,D 日,M 碩士,29,4,9,07 彰化縣,1 一般
113,0015,國立彰化師範大學,07199007,工業教育與技術學系,D 日,D 博士,114,0,28,07 彰化縣,1 一般
113,0015,國立彰化師範大學,07199007,工業教育與技術學系,D 日,M 碩士,78,0,40,07 彰化縣,1 一般
113,0015,國立彰化師範大學,07199007,工業教育與技術學系,D 日,B 學士,358,19,76,07 彰化縣,1 一般
113,0015,國立彰化師範大學,09211065,高齡健康促進與照護管理原住民專班,D 日,B 學士,53,0,0,07 彰化縣,1 一般
113,0015,國立彰化師範大學,10152058,運動健康研究所,D 日,M 碩士,27,5,8,07 彰化縣,1 一般
113,0015,國立彰化師範大學,99999Z05,師資培育中心,D 日,,0,6,0,07 彰化縣,1 一般
113,0017,國立臺北大學,02221005,歷史學系,D 日,M 碩士,33,0,6,01 新北市,1 一般
113,0017,國立臺北大學,02221005,歷史學系,D 日,B 學士,180,15,40,01 新北市,1 一般
113,0017,國立臺北大學,02299008,民俗藝術與文化資產研究所,D 日,M 碩士,32,4,5,01 新北市,1 一般
113,0017,國立臺北大學,02311004,應用外語學系,D 日,B 學士,242,12,49,01 新北市,1 一般
113,0017,國立臺北大學,02313046,創新華語文教學學士學位學程,D 日,B 學士,23,2,0,01 新北市,1 一般
113,0017,國立臺北大學,02322002,中國文學系,D 日,M 碩士,28,0,3,01 新北市,1 一般
113,0017,國立臺北大學,02322002,中國文學系,D 日,B 學士,196,16,43,01 新北市,1 一般
113,0017,國立臺北大學,03111009,經濟學系,D 日,D 博士,3,0,0,01 新北市,1 一般
113,0017,國立臺北大學,03111009,經濟學系,D 日,M 碩士,65,0,29,01 新北市,1 一般
113,0017,國立臺北大學,03111009,經濟學系,D 日,B 學士,520,33,115,01 新北市,1 一般
113,0017,國立臺北大學,03111009,經濟學系,P 進,B 學士,130,0,38,01 新北市,1 一般
113,0017,國立臺北大學,03141011,社會學系,D 日,M 碩士,39,0,4,01 新北市,1 一般
113,0017,國立臺北大學,03141011,社會學系,N 職,M 碩士,67,0,16,01 新北市,1 一般
113,0017,國立臺北大學,03141011,社會學系,D 日,B 學士,215,15,44,01 新北市,1 一般
113,0017,國立臺北大學,03199016,犯罪學研究所,D 日,M 碩士,49,5,5,01 新北市,1 一般
113,0017,國立臺北大學,03199016,犯罪學研究所,N 職,M 碩士,81,0,8,01 新北市,1 一般
113,0017,國立臺北大學,04111017,會計學系,D 日,D 博士,12,0,3,01 新北市,1 一般
113,0017,國立臺北大學,04111017,會計學系,D 日,M 碩士,36,0,14,01 新北市,1 一般
113,0017,國立臺北大學,04111017,會計學系,N 職,M 碩士,40,0,20,01 新北市,1 一般
113,0017,國立臺北大學,04111017,會計學系,D 日,B 學士,531,19,128,01 新北市,1 一般
113,0017,國立臺北大學,04121020,財務金融英語碩士學位學程,D 日,M 碩士,42,2,22,01 新北市,1 一般
113,0017,國立臺北大學,04121021,國際財務金融士在職專班,N 職,M 碩士,90,2,36,01 新北市,1 一般
113,0017,國立臺北大學,04121022,金融與合作經營學系,D 日,M 碩士,34,0,12,01 新北市,1 一般
113,0017,國立臺北大學,04121022,金融與合作經營學系,D 日,B 學士,268,11,64,01 新北市,1 一般
113,0017,國立臺北大學,04121022,金融與合作經營學系,P 進,B 學士,167,0,35,01 新北市,1 一般
113,0017,國立臺北大學,04122023,財政學系,D 日,M 碩士,30,0,12,01 新北市,1 一般
113,0017,國立臺北大學,04122023,財政學系,D 日,B 學士,289,15,67,01 新北市,1 一般
113,0017,國立臺北大學,04122023,財政學系,P 進,B 學士,148,0,35,01 新北市,1 一般
113,0017,國立臺北大學,04131018,企業管理學系,D 日,D 博士,83,0,10,01 新北市,1 一般
113,0017,國立臺北大學,04131018,企業管理學系,D 日,M 碩士,232,0,79,01 新北市,1 一般
113,0017,國立臺北大學,04131018,企業管理學系,N 職,M 碩士,166,0,76,01 新北市,1 一般
113,0017,國立臺北大學,04131018,企業管理學系,D 日,B 學士,523,34,118,01 新北市,1 一般
113,0017,國立臺北大學,04131018,企業管理學系,P 進,B 學士,281,0,67,01 新北市,1 一般
113,0017,國立臺北大學,04131019,國際企業研究所,D 日,M 碩士,29,5,10,01 新北市,1 一般
113,0017,國立臺北大學,04131045,智慧永續發展與管理英語學士學位學程,D 日,B 學士,20,2,0,01 新北市,1 一般
113,0017,國立臺北大學,04134013,公共行政暨政策學系,D 日,D 博士,12,0,0,01 新北市,1 一般
113,0017,國立臺北大學,04134013,公共行政暨政策學系,D 日,M 碩士,124,0,28,01 新北市,1 一般
113,0017,國立臺北大學,04134013,公共行政暨政策學系,N 職,M 碩士,97,0,29,01 新北市,1 一般
113,0017,國立臺北大學,04134013,公共行政暨政策學系,D 日,B 學士,468,23,114,01 新北市,1 一般
113,0017,國立臺北大學,04134013,公共行政暨政策學系,P 進,B 學士,251,0,74,01 新北市,1 一般
113,0017,國立臺北大學,04134024,不動產與城鄉環境學系,D 日,D 博士,19,0,2,01 新北市,1 一般
113,0017,國立臺北大學,04134024,不動產與城鄉環境學系,D 日,M 碩士,50,0,16,01 新北市,1 一般
113,0017,國立臺北大學,04134024,不動產與城鄉環境學系,D 日,B 學士,477,23,104,01 新北市,1 一般
113,0017,國立臺北大學,04134024,不動產與城鄉環境學系,P 進,B 學士,161,0,27,01 新北市,1 一般
113,0017,國立臺北大學,04134040,城市治理英語碩士學位學程,D 日,M 碩士,31,2,4,01 新北市,1 一般
113,0017,國立臺北大學,04141026,商學院數位行銷進修學士學位學程,P 進,B 學士,158,2,34,01 新北市,1 一般
113,0017,國立臺北大學,04211028,法律學系,D 日,D 博士,37,0,2,01 新北市,1 一般
113,0017,國立臺北大學,04211028,法律學系,D 日,M 碩士,287,0,72,01 新北市,1 一般
113,0017,國立臺北大學,04211028,法律學系,D 日,B 學士,837,31,216,01 新北市,1 一般
113,0017,國立臺北大學,04211028,法律學系,P 進,B 學士,216,0,42,01 新北市,1 一般
113,0017,國立臺北大學,05211043,自然資源與環境管理研究所,D 日,D 博士,16,0,1,01 新北市,1 一般
113,0017,國立臺北大學,05211043,自然資源與環境管理研究所,D 日,M 碩士,23,5,7,01 新北市,1 一般
113,0017,國立臺北大學,05211043,自然資源與環境管理研究所,N 職,M 碩士,21,0,11,01 新北市,1 一般
113,0017,國立臺北大學,05421033,統計學系,D 日,M 碩士,44,0,18,01 新北市,1 一般
113,0017,國立臺北大學,05421033,統計學系,N 職,M 碩士,52,0,28,01 新北市,1 一般
113,0017,國立臺北大學,05421033,統計學系,D 日,B 學士,250,20,52,01 新北市,1 一般
113,0017,國立臺北大學,06131036,資訊工程學系,D 日,M 碩士,84,0,26,01 新北市,1 一般
113,0017,國立臺北大學,06131036,資訊工程學系,D 日,B 學士,232,12,52,01 新北市,1 一般
113,0017,國立臺北大學,06131038,電機資訊學院博士班,D 日,D 博士,15,3,2,01 新北市,1 一般
113,0017,國立臺北大學,06134034,資訊管理研究所,D 日,M 碩士,39,7,16,01 新北市,1 一般
113,0017,國立臺北大學,07141035,電機工程學系,D 日,M 碩士,54,0,19,01 新北市,1 一般
113,0017,國立臺北大學,07141035,電機工程學系,D 日,B 學士,199,10,44,01 新北市,1 一般
113,0017,國立臺北大學,07141037,通訊工程學系,D 日,M 碩士,45,0,9,01 新北市,1 一般
113,0017,國立臺北大學,07141037,通訊工程學系,D 日,B 學士,150,9,38,01 新北市,1 一般
113,0017,國立臺北大學,07141C02,多媒體與網路科技產業碩士專班,D 日,M 碩士,2,0,0,01 新北市,1 一般
113,0017,國立臺北大學,07313039,都市計劃研究所,D 日,D 博士,9,0,1,01 新北市,1 一般
113,0017,國立臺北大學,07313039,都市計劃研究所,D 日,M 碩士,46,6,25,01 新北市,1 一般
113,0017,國立臺北大學,09141044,智慧醫療管理英語碩士學位學程,D 日,M 碩士,12,2,3,01 新北市,1 一般
113,0017,國立臺北大學,09231041,社會工作學系,D 日,M 碩士,53,0,15,01 新北市,1 一般
113,0017,國立臺北大學,09231041,社會工作學系,D 日,B 學士,218,15,43,01 新北市,1 一般
113,0017,國立臺北大學,09231041,社會工作學系,P 進,B 學士,199,0,42,01 新北市,1 一般
113,0017,國立臺北大學,10152042,休閒運動管理學系,D 日,B 學士,230,8,35,01 新北市,1 一般
113,0017,國立臺北大學,99999Z01,通識及共同科目,D 日,,0,8,0,01 新北市,1 一般
113,0017,國立臺北大學,99999Z02,計算機中心,D 日,,0,1,0,01 新北市,1 一般
113,0017,國立臺北大學,99999Z05,師資培育中心,D 日,,0,5,0,01 新北市,1 一般
113,0017,國立臺北大學,99999Z07,體育室,D 日,,0,12,0,01 新北市,1 一般
113,0017,國立臺北大學,99999Z08,語言中心,D 日,,0,5,0,01 新北市,1 一般
113,0018,國立嘉義大學,01111001,教育學系,D 日,D 博士,60,0,9,20 嘉義市,1 一般
113,0018,國立嘉義大學,01111001,教育學系,D 日,M 碩士,123,0,29,20 嘉義市,1 一般
113,0018,國立嘉義大學,01111001,教育學系,N 職,M 碩士,204,0,21,20 嘉義市,1 一般
113,0018,國立嘉義大學,01111001,教育學系,D 日,B 學士,162,24,39,20 嘉義市,1 一般
113,0018,國立嘉義大學,01111006,師範學院教學專業國際碩士學位學程,D 日,M 碩士,5,2,2,20 嘉義市,1 一般
113,0018,國立嘉義大學,01113017,特殊教育學系,D 日,M 碩士,34,0,9,20 嘉義市,1 一般
113,0018,國立嘉義大學,01113017,特殊教育學系,D 日,B 學士,162,10,42,20 嘉義市,1 一般
113,0018,國立嘉義大學,01115031,外國語言學系雙語教學碩士在職專班,N 職,M 碩士,7,0,0,20 嘉義市,1 一般
113,0018,國立嘉義大學,01116021,數位學習設計與管理學系,D 日,M 碩士,23,0,5,20 嘉義市,1 一般
113,0018,國立嘉義大學,01116021,數位學習設計與管理學系,D 日,B 學士,184,11,44,20 嘉義市,1 一般
113,0018,國立嘉義大學,01121016,幼兒教育學系,D 日,M 碩士,45,0,13,20 嘉義市,1 一般
113,0018,國立嘉義大學,01121016,幼兒教育學系,N 職,M 碩士,51,0,29,20 嘉義市,1 一般
113,0018,國立嘉義大學,01121016,幼兒教育學系,D 日,B 學士,204,11,53,20 嘉義市,1 一般
113,0018,國立嘉義大學,01141113,體育與健康休閒學系,D 日,B 學士,204,19,46,20 嘉義市,1 一般
113,0018,國立嘉義大學,02131025,視覺藝術學系,D 日,M 碩士,48,0,17,20 嘉義市,1 一般
113,0018,國立嘉義大學,02131025,視覺藝術學系教學碩士學位班,N 職,M 碩士,1,0,1,20 嘉義市,1 一般
113,0018,國立嘉義大學,02131025,視覺藝術學系,D 日,B 學士,174,10,49,20 嘉義市,1 一般
113,0018,國立嘉義大學,02151024,音樂學系,D 日,M 碩士,32,0,9,20 嘉義市,1 一般
113,0018,國立嘉義大學,02151024,音樂學系,D 日,B 學士,150,14,27,20 嘉義市,1 一般
113,0018,國立嘉義大學,02221033,應用歷史學系,D 日,M 碩士,17,0,3,20 嘉義市,1 一般
113,0018,國立嘉義大學,02221033,應用歷史學系,N 職,M 碩士,1,0,2,20 嘉義市,1 一般
113,0018,國立嘉義大學,02221033,應用歷史學系,D 日,B 學士,194,11,41,20 嘉義市,1 一般
113,0018,國立嘉義大學,02311031,外國語言學系,D 日,M 碩士,22,0,10,20 嘉義市,1 一般
113,0018,國立嘉義大學,02311031,外國語言學系,D 日,B 學士,391,18,84,20 嘉義市,1 一般
113,0018,國立嘉義大學,02322029,中國文學系,D 日,M 碩士,19,0,3,20 嘉義市,1 一般
113,0018,國立嘉義大學,02322029,中國文學系,N 職,M 碩士,35,0,3,20 嘉義市,1 一般
113,0018,國立嘉義大學,02322029,中國文學系,D 日,B 學士,202,18,41,20 嘉義市,1 一般
113,0018,國立嘉義大學,02322029,中國文學系,P 進,B 學士,48,0,13,20 嘉義市,1 一般
113,0018,國立嘉義大學,03111034,應用經濟學系,D 日,B 學士,207,7,42,20 嘉義市,1 一般
113,0018,國立嘉義大學,03131035,輔導與諮商學系,D 日,M 碩士,103,0,25,20 嘉義市,1 一般
113,0018,國立嘉義大學,03131035,輔導與諮商學系,N 職,M 碩士,147,0,30,20 嘉義市,1 一般
113,0018,國立嘉義大學,03131035,輔導與諮商學系,D 日,B 學士,225,13,51,20 嘉義市,1 一般
113,0018,國立嘉義大學,04121041,財務金融學系,D 日,M 碩士,28,0,15,20 嘉義市,1 一般
113,0018,國立嘉義大學,04121041,財務金融學系,D 日,B 學士,210,8,44,20 嘉義市,1 一般
113,0018,國立嘉義大學,04121041,財務金融學系,P 進,B 學士,163,0,25,20 嘉義市,1 一般
113,0018,國立嘉義大學,04131038,企業管理學系,D 日,D 博士,33,0,5,20 嘉義市,1 一般
113,0018,國立嘉義大學,04131038,企業管理學系,D 日,M 碩士,56,0,10,20 嘉義市,1 一般
113,0018,國立嘉義大學,04131038,企業管理學系,D 日,B 學士,225,13,51,20 嘉義市,1 一般
113,0018,國立嘉義大學,04131038,企業管理學系,P 進,B 學士,156,0,34,20 嘉義市,1 一般
113,0018,國立嘉義大學,04131046,管理學院碩士在職專班,N 職,M 碩士,197,1,103,20 嘉義市,1 一般
113,0018,國立嘉義大學,04131116,科技管理學系,D 日,M 碩士,15,0,5,20 嘉義市,1 一般
113,0018,國立嘉義大學,04131116,科技管理學系,D 日,B 學士,203,9,43,20 嘉義市,1 一般
113,0018,國立嘉義大學,04131116,科技管理學系,P 進,B 學士,52,0,11,20 嘉義市,1 一般
113,0018,國立嘉義大學,04143044,行銷與觀光管理學系,D 日,M 碩士,52,0,29,20 嘉義市,1 一般
113,0018,國立嘉義大學,04143044,行銷與觀光管理學系,D 日,B 學士,183,11,46,20 嘉義市,1 一般
113,0018,國立嘉義大學,05111052,生物資源學系,D 日,M 碩士,28,0,6,20 嘉義市,1 一般
113,0018,國立嘉義大學,05111052,生物資源學系,D 日,B 學士,165,9,37,20 嘉義市,1 一般
113,0018,國立嘉義大學,05121053,生化科技學系,D 日,M 碩士,20,0,7,20 嘉義市,1 一般
113,0018,國立嘉義大學,05121053,生化科技學系,N 職,M 碩士,22,0,6,20 嘉義市,1 一般
113,0018,國立嘉義大學,05121053,生化科技學系,D 日,B 學士,194,13,42,20 嘉義市,1 一般
113,0018,國立嘉義大學,05199058,微生物免疫與生物藥學系,D 日,M 碩士,13,0,3,20 嘉義市,1 一般
113,0018,國立嘉義大學,05199058,微生物免疫與生物藥學系,D 日,B 學士,184,12,41,20 嘉義市,1 一般
113,0018,國立嘉義大學,05311059,應用化學系,D 日,D 博士,6,0,1,20 嘉義市,1 一般
113,0018,國立嘉義大學,05311059,應用化學系,D 日,M 碩士,20,0,8,20 嘉義市,1 一般
113,0018,國立嘉義大學,05311059,應用化學系,D 日,B 學士,211,18,46,20 嘉義市,1 一般
113,0018,國立嘉義大學,05331061,電子物理學系光電暨固態電子碩士班,D 日,M 碩士,11,0,7,20 嘉義市,1 一般
113,0018,國立嘉義大學,05331061,電子物理學系,D 日,B 學士,216,13,30,20 嘉義市,1 一般
113,0018,國立嘉義大學,05411062,應用數學系,D 日,M 碩士,14,0,1,20 嘉義市,1 一般
113,0018,國立嘉義大學,05411062,應用數學系,D 日,B 學士,177,13,45,20 嘉義市,1 一般
113,0018,國立嘉義大學,06131063,資訊管理學系,D 日,M 碩士,36,0,9,20 嘉義市,1 一般
113,0018,國立嘉義大學,06131063,資訊管理學系,D 日,B 學士,225,11,54,20 嘉義市,1 一般
113,0018,國立嘉義大學,06131066,資訊工程學系,D 日,D 博士,5,0,0,20 嘉義市,1 一般
113,0018,國立嘉義大學,06131066,資訊工程學系,D 日,M 碩士,62,0,12,20 嘉義市,1 一般
113,0018,國立嘉義大學,06131066,資訊工程學系,D 日,B 學士,230,12,58,20 嘉義市,1 一般
113,0018,國立嘉義大學,07141064,電機工程學系,D 日,M 碩士,22,0,2,20 嘉義市,1 一般
113,0018,國立嘉義大學,07141064,電機工程學系,D 日,B 學士,206,9,49,20 嘉義市,1 一般
113,0018,國立嘉義大學,07151067,生物機電工程學系,D 日,M 碩士,19,0,7,20 嘉義市,1 一般
113,0018,國立嘉義大學,07151067,生物機電工程學系,N 職,M 碩士,26,0,4,20 嘉義市,1 一般
113,0018,國立嘉義大學,07151067,生物機電工程學系,D 日,B 學士,211,13,38,20 嘉義市,1 一般
113,0018,國立嘉義大學,07151067,生物機電工程學系,P 進,B 學士,103,0,37,20 嘉義市,1 一般
113,0018,國立嘉義大學,07151069,機械與能源工程學系,D 日,M 碩士,10,0,3,20 嘉義市,1 一般
113,0018,國立嘉義大學,07151069,機械與能源工程學系,D 日,B 學士,193,9,46,20 嘉義市,1 一般
113,0018,國立嘉義大學,07211088,食品科學系,D 日,D 博士,30,0,1,20 嘉義市,1 一般
113,0018,國立嘉義大學,07211088,食品科學系,D 日,M 碩士,49,0,24,20 嘉義市,1 一般
113,0018,國立嘉義大學,07211088,食品科學系,N 職,M 碩士,39,0,22,20 嘉義市,1 一般
113,0018,國立嘉義大學,07211088,食品科學系,D 日,B 學士,195,14,45,20 嘉義市,1 一般
113,0018,國立嘉義大學,07211088,食品科學系,P 進,B 學士,139,0,35,20 嘉義市,1 一般
113,0018,國立嘉義大學,07312072,景觀學系,D 日,M 碩士,21,0,11,20 嘉義市,1 一般
113,0018,國立嘉義大學,07312072,景觀學系,D 日,B 學士,145,10,30,20 嘉義市,1 一般
113,0018,國立嘉義大學,07321070,土木與水資源工程學系,D 日,M 碩士,10,0,8,20 嘉義市,1 一般
113,0018,國立嘉義大學,07321070,土木與水資源工程學系,N 職,M 碩士,32,0,8,20 嘉義市,1 一般
113,0018,國立嘉義大學,07321070,土木與水資源工程學系,D 日,B 學士,193,9,47,20 嘉義市,1 一般
113,0018,國立嘉義大學,07321070,土木與水資源工程學系,P 進,B 學士,111,0,8,20 嘉義市,1 一般
113,0018,國立嘉義大學,08111073,農學院農學碩士在職專班,N 職,M 碩士,83,2,10,20 嘉義市,1 一般
113,0018,國立嘉義大學,08111074,農藝學系,D 日,M 碩士,16,0,13,20 嘉義市,1 一般
113,0018,國立嘉義大學,08111074,農藝學系,N 職,M 碩士,1,0,4,20 嘉義市,1 一般
113,0018,國立嘉義大學,08111074,農藝學系,D 日,B 學士,155,11,33,20 嘉義市,1 一般
113,0018,國立嘉義大學,08111077,農業科學博士學位學程,D 日,D 博士,42,2,6,20 嘉義市,1 一般
113,0018,國立嘉義大學,08112079,動物科學系,D 日,M 碩士,25,0,4,20 嘉義市,1 一般
113,0018,國立嘉義大學,08112079,動物科學系,D 日,B 學士,171,11,31,20 嘉義市,1 一般
113,0018,國立嘉義大學,08112079,動物科學系,P 進,B 學士,97,0,31,20 嘉義市,1 一般
113,0018,國立嘉義大學,08121080,園藝學系,D 日,M 碩士,18,0,4,20 嘉義市,1 一般
113,0018,國立嘉義大學,08121080,園藝學系,D 日,B 學士,165,10,43,20 嘉義市,1 一般
113,0018,國立嘉義大學,08121080,園藝學系,P 進,B 學士,94,0,17,20 嘉義市,1 一般
113,0018,國立嘉義大學,08192117,農業生物科技學系,D 日,M 碩士,20,0,6,20 嘉義市,1 一般
113,0018,國立嘉義大學,08192117,農業生物科技學系,D 日,B 學士,154,10,32,20 嘉義市,1 一般
113,0018,國立嘉義大學,08194084,植物醫學系,D 日,M 碩士,16,0,12,20 嘉義市,1 一般
113,0018,國立嘉義大學,08194084,植物醫學系,D 日,B 學士,132,9,36,20 嘉義市,1 一般
113,0018,國立嘉義大學,08199076,農場管理進修學士學位學程,P 進,B 學士,308,1,76,20 嘉義市,1 一般
113,0018,國立嘉義大學,08211096,森林暨自然資源學系,D 日,M 碩士,36,0,3,20 嘉義市,1 一般
113,0018,國立嘉義大學,08211096,森林暨自然資源學系,D 日,B 學士,145,9,36,20 嘉義市,1 一般
113,0018,國立嘉義大學,08211106,木質材料與設計學系,D 日,M 碩士,14,0,5,20 嘉義市,1 一般
113,0018,國立嘉義大學,08211106,木質材料與設計學系,D 日,B 學士,164,9,29,20 嘉義市,1 一般
113,0018,國立嘉義大學,08211106,木質材料與設計學系,P 進,B 學士,86,0,20,20 嘉義市,1 一般
113,0018,國立嘉義大學,08312047,水生生物科學系,D 日,M 碩士,20,0,9,20 嘉義市,1 一般
113,0018,國立嘉義大學,08312047,水生生物科學系,D 日,B 學士,161,11,25,20 嘉義市,1 一般
113,0018,國立嘉義大學,08411108,獸醫學系,D 日,M 碩士,15,0,3,20 嘉義市,1 一般
113,0018,國立嘉義大學,08411108,獸醫學系,D 日,B 學士,247,11,41,20 嘉義市,1 一般
113,0018,國立嘉義大學,10151044,行銷與觀光管理學系觀光休閒管理博士班,D 日,D 博士,20,0,1,20 嘉義市,1 一般
113,0018,國立嘉義大學,10151110,管理學院外籍生全英文授課觀光暨管理碩士學位學程,D 日,M 碩士,11,1,5,20 嘉義市,1 一般
113,0018,國立嘉義大學,10152113,體育與健康休閒學系,D 日,M 碩士,60,0,16,20 嘉義市,1 一般
113,0018,國立嘉義大學,10152113,體育與健康休閒學系,N 職,M 碩士,58,0,11,20 嘉義市,1 一般
113,0018,國立嘉義大學,10152113,體育與健康休閒學系,P 進,B 學士,165,0,33,20 嘉義市,1 一般
113,0018,國立嘉義大學,99999Z03,軍訓教官,D 日,,0,3,0,20 嘉義市,1 一般
113,0018,國立嘉義大學,99999Z05,師資培育中心,D 日,,0,4,0,20 嘉義市,1 一般
113,0018,國立嘉義大學,99999Z08,語言中心,D 日,,0,7,0,20 嘉義市,1 一般
113,0019,國立高雄大學,02122036,工藝與創意設計學系,D 日,B 學士,205,7,55,50 高雄市,1 一般
113,0019,國立高雄大學,02199005,創意設計與建築學系,D 日,B 學士,0,0,1,50 高雄市,1 一般
113,0019,國立高雄大學,02311002,西洋語文學系,D 日,M 碩士,4,0,3,50 高雄市,1 一般
113,0019,國立高雄大學,02311002,西洋語文學系,D 日,B 學士,166,10,35,50 高雄市,1 一般
113,0019,國立高雄大學,02311003,東亞語文學系,D 日,M 碩士,12,0,3,50 高雄市,1 一般
113,0019,國立高雄大學,02311003,東亞語文學系,D 日,B 學士,245,9,57,50 高雄市,1 一般
113,0019,國立高雄大學,03111006,應用經濟學系,D 日,M 碩士,16,0,6,50 高雄市,1 一般
113,0019,國立高雄大學,03111006,應用經濟學系,D 日,B 學士,213,11,55,50 高雄市,1 一般
113,0019,國立高雄大學,04121011,金融管理學系,D 日,M 碩士,0,0,15,50 高雄市,1 一般
113,0019,國立高雄大學,04121011,金融管理學系,D 日,B 學士,0,0,45,50 高雄市,1 一般
113,0019,國立高雄大學,04121039,財務金融學系,D 日,M 碩士,52,0,0,50 高雄市,1 一般
113,0019,國立高雄大學,04121039,財務金融學系,D 日,B 學士,220,14,0,50 高雄市,1 一般
113,0019,國立高雄大學,04131007,經營管理研究所,D 日,M 碩士,0,0,9,50 高雄市,1 一般
113,0019,國立高雄大學,04131009,亞太工商管理學系,D 日,M 碩士,25,0,9,50 高雄市,1 一般
113,0019,國立高雄大學,04131009,亞太工商管理學系,N 職,M 碩士,33,0,2,50 高雄市,1 一般
113,0019,國立高雄大學,04131009,亞太工商管理學系,D 日,B 學士,260,11,64,50 高雄市,1 一般
113,0019,國立高雄大學,04131010,國際商業管理碩士學位學程,D 日,M 碩士,3,0,5,50 高雄市,1 一般
113,0019,國立高雄大學,04199012,高階經營管理碩士在職專班,N 職,M 碩士,108,2,20,50 高雄市,1 一般
113,0019,國立高雄大學,04199013,國際高階經營管理碩士在職專班,N 職,M 碩士,104,0,21,50 高雄市,1 一般
113,0019,國立高雄大學,04199014,高階法律暨管理碩士在職專班,N 職,M 碩士,38,2,10,50 高雄市,1 一般
113,0019,國立高雄大學,04211015,法律學系,D 日,M 碩士,53,0,8,50 高雄市,1 一般
113,0019,國立高雄大學,04211015,法律學系,N 職,M 碩士,102,0,10,50 高雄市,1 一般
113,0019,國立高雄大學,04211015,法律學系,D 日,B 學士,229,9,46,50 高雄市,1 一般
113,0019,國立高雄大學,04211018,法學院博士班,D 日,D 博士,13,0,0,50 高雄市,1 一般
113,0019,國立高雄大學,04212016,財經法律學系,D 日,M 碩士,31,0,4,50 高雄市,1 一般
113,0019,國立高雄大學,04212016,財經法律學系,D 日,B 學士,188,7,32,50 高雄市,1 一般
113,0019,國立高雄大學,04212016,財經法律學系,N 修,C 二技,98,0,25,50 高雄市,1 一般
113,0019,國立高雄大學,04212017,政治法律學系,D 日,M 碩士,32,0,6,50 高雄市,1 一般
113,0019,國立高雄大學,04212017,政治法律學系,N 職,M 碩士,37,0,1,50 高雄市,1 一般
113,0019,國立高雄大學,04212017,政治法律學系,D 日,B 學士,212,9,45,50 高雄市,1 一般
113,0019,國立高雄大學,04212017,政治法律學系,N 修,C 二技,30,0,6,50 高雄市,1 一般
113,0019,國立高雄大學,05111019,生命科學系,D 日,M 碩士,14,0,4,50 高雄市,1 一般
113,0019,國立高雄大學,05111019,生命科學系,D 日,B 學士,189,11,41,50 高雄市,1 一般
113,0019,國立高雄大學,05311022,應用化學系,D 日,M 碩士,34,0,10,50 高雄市,1 一般
113,0019,國立高雄大學,05311022,應用化學系,D 日,B 學士,200,12,40,50 高雄市,1 一般
113,0019,國立高雄大學,05331023,應用物理學系,D 日,M 碩士,8,0,2,50 高雄市,1 一般
113,0019,國立高雄大學,05331023,應用物理學系,D 日,B 學士,220,10,31,50 高雄市,1 一般
113,0019,國立高雄大學,05411024,應用數學系,D 日,D 博士,3,0,0,50 高雄市,1 一般
113,0019,國立高雄大學,05411024,應用數學系,D 日,M 碩士,12,0,5,50 高雄市,1 一般
113,0019,國立高雄大學,05411024,應用數學系,D 日,B 學士,219,10,41,50 高雄市,1 一般
113,0019,國立高雄大學,05421025,統計學研究所,D 日,M 碩士,23,4,17,50 高雄市,1 一般
113,0019,國立高雄大學,06131026,資訊管理學系,D 日,M 碩士,38,0,9,50 高雄市,1 一般
113,0019,國立高雄大學,06131026,資訊管理學系,D 日,B 學士,253,11,45,50 高雄市,1 一般
113,0019,國立高雄大學,06131028,資訊工程學系,D 日,M 碩士,48,0,16,50 高雄市,1 一般
113,0019,國立高雄大學,06131028,資訊工程學系,N 職,M 碩士,40,0,5,50 高雄市,1 一般
113,0019,國立高雄大學,06131028,資訊工程學系,D 日,B 學士,193,10,45,50 高雄市,1 一般
113,0019,國立高雄大學,07111030,化學工程及材料工程學系,D 日,M 碩士,46,0,29,50 高雄市,1 一般
113,0019,國立高雄大學,07111030,化學工程及材料工程學系,D 日,B 學士,194,10,42,50 高雄市,1 一般
113,0019,國立高雄大學,07141027,電機工程學系,D 日,D 博士,4,0,0,50 高雄市,1 一般
113,0019,國立高雄大學,07141027,電機工程學系,D 日,M 碩士,106,0,19,50 高雄市,1 一般
113,0019,國立高雄大學,07141027,電機工程學系,N 職,M 碩士,42,0,4,50 高雄市,1 一般
113,0019,國立高雄大學,07141027,電機工程學系,D 日,B 學士,508,17,99,50 高雄市,1 一般
113,0019,國立高雄大學,07141038,半導體製造智能化技術產業碩士專班,D 日,M 碩士,59,0,12,50 高雄市,1 一般
113,0019,國立高雄大學,07311005,創意設計與建築學系,N 職,M 碩士,1,0,1,50 高雄市,1 一般
113,0019,國立高雄大學,07311035,建築學系,D 日,M 碩士,35,0,10,50 高雄市,1 一般
113,0019,國立高雄大學,07311035,建築學系,N 職,M 碩士,59,0,6,50 高雄市,1 一般
113,0019,國立高雄大學,07311035,建築學系,D 日,B 學士,170,9,28,50 高雄市,1 一般
113,0019,國立高雄大學,07321029,土木與環境工程學系,D 日,M 碩士,25,0,5,50 高雄市,1 一般
113,0019,國立高雄大學,07321029,土木與環境工程學系,D 日,B 學士,212,13,74,50 高雄市,1 一般
113,0019,國立高雄大學,10141032,運動競技學系,D 日,B 學士,201,9,35,50 高雄市,1 一般
113,0019,國立高雄大學,10152033,運動健康與休閒學系,D 日,M 碩士,17,0,8,50 高雄市,1 一般
113,0019,國立高雄大學,10152033,運動健康與休閒學系,N 職,M 碩士,27,0,9,50 高雄市,1 一般
113,0019,國立高雄大學,10152033,運動健康與休閒學系,D 日,B 學士,263,9,58,50 高雄市,1 一般
113,0019,國立高雄大學,99999Z01,通識及共同科目,D 日,,0,4,0,50 高雄市,1 一般
113,0019,國立高雄大學,99999Z03,軍訓教官,D 日,,0,1,0,50 高雄市,1 一般
113,0019,國立高雄大學,99999Z07,體育室,D 日,,0,1,0,50 高雄市,1 一般
113,0020,國立東華大學,01111001,教育與潛能開發學系,D 日,D 博士,132,0,13,15 花蓮縣,1 一般
113,0020,國立東華大學,01111001,教育與潛能開發學系,D 日,M 碩士,100,0,15,15 花蓮縣,1 一般
113,0020,國立東華大學,01111001,教育與潛能開發學系教育碩士在職專班,N 職,M 碩士,91,0,11,15 花蓮縣,1 一般
113,0020,國立東華大學,01111001,教育與潛能開發學系,D 日,B 學士,172,15,46,15 花蓮縣,1 一般
113,0020,國立東華大學,01111004,花師教育學院多元文化教育博士班,D 日,D 博士,2,0,0,15 花蓮縣,1 一般
113,0020,國立東華大學,01111004,花師教育學院多元文化教育碩士班,D 日,M 碩士,8,4,0,15 花蓮縣,1 一般
113,0020,國立東華大學,01113013,特殊教育學系身心障礙與輔助科技碩士班,D 日,M 碩士,21,0,11,15 花蓮縣,1 一般
113,0020,國立東華大學,01113013,特殊教育學系,D 日,B 學士,138,9,37,15 花蓮縣,1 一般
113,0020,國立東華大學,01114015,教育行政與管理學系,D 日,M 碩士,28,0,6,15 花蓮縣,1 一般
113,0020,國立東華大學,01114015,教育行政與管理學系,N 職,M 碩士,111,0,9,15 花蓮縣,1 一般
113,0020,國立東華大學,01114015,教育行政與管理學系,D 日,B 學士,169,9,40,15 花蓮縣,1 一般
113,0020,國立東華大學,01121012,幼兒教育學系,D 日,M 碩士,18,0,5,15 花蓮縣,1 一般
113,0020,國立東華大學,01121012,幼兒教育學系,N 職,M 碩士,32,0,10,15 花蓮縣,1 一般
113,0020,國立東華大學,01121012,幼兒教育學系,D 日,B 學士,160,9,41,15 花蓮縣,1 一般
113,0020,國立東華大學,01141010,體育與運動科學系,D 日,M 碩士,30,0,6,15 花蓮縣,1 一般
113,0020,國立東華大學,01141010,體育與運動科學系,N 職,M 碩士,47,0,6,15 花蓮縣,1 一般
113,0020,國立東華大學,01141010,體育與運動科學系,D 日,B 學士,200,9,31,15 花蓮縣,1 一般
113,0020,國立東華大學,01199Y03,教育學院,D 日,,0,1,0,15 花蓮縣,1 一般
113,0020,國立東華大學,02121019,藝術與設計學系,D 日,M 碩士,62,0,12,15 花蓮縣,1 一般
113,0020,國立東華大學,02121019,藝術與設計學系,D 日,B 學士,227,9,58,15 花蓮縣,1 一般
113,0020,國立東華大學,02131117,藝術學院藝術跨領域國際博士班,D 日,D 博士,1,1,0,15 花蓮縣,1 一般
113,0020,國立東華大學,02151018,音樂學系,D 日,M 碩士,29,0,8,15 花蓮縣,1 一般
113,0020,國立東華大學,02151018,音樂學系,D 日,B 學士,79,10,17,15 花蓮縣,1 一般
113,0020,國立東華大學,02191022,藝術創意產業學系,D 日,M 碩士,44,0,6,15 花蓮縣,1 一般
113,0020,國立東華大學,02191022,藝術創意產業學系,N 職,M 碩士,28,0,1,15 花蓮縣,1 一般
113,0020,國立東華大學,02191022,藝術創意產業學系,D 日,B 學士,218,9,42,15 花蓮縣,1 一般
113,0020,國立東華大學,02199109,原住民族樂舞與藝術學士學位學程,D 日,B 學士,58,2,9,15 花蓮縣,1 一般
113,0020,國立東華大學,02221033,歷史學系,D 日,M 碩士,13,0,3,15 花蓮縣,1 一般
113,0020,國立東華大學,02221033,歷史學系,D 日,B 學士,229,9,42,15 花蓮縣,1 一般
113,0020,國立東華大學,02222042,族群關係與文化學系,D 日,D 博士,28,0,2,15 花蓮縣,1 一般
113,0020,國立東華大學,02222042,族群關係與文化學系,D 日,M 碩士,27,0,8,15 花蓮縣,1 一般
113,0020,國立東華大學,02222042,族群關係與文化學系,N 職,M 碩士,14,0,3,15 花蓮縣,1 一般
113,0020,國立東華大學,02222042,族群關係與文化學系,D 日,B 學士,123,11,30,15 花蓮縣,1 一般
113,0020,國立東華大學,02222114,原住民民族學院原住民族研究國際博士班,D 日,D 博士,6,0,0,15 花蓮縣,1 一般
113,0020,國立東華大學,02311029,英美語文學系,D 日,M 碩士,27,0,8,15 花蓮縣,1 一般
113,0020,國立東華大學,02311029,英美語文學系,D 日,B 學士,191,9,57,15 花蓮縣,1 一般
113,0020,國立東華大學,02321028,民族語言與傳播學系,D 日,B 學士,157,8,36,15 花蓮縣,1 一般
113,0020,國立東華大學,02322025,中國語文學系,D 日,D 博士,34,0,3,15 花蓮縣,1 一般
113,0020,國立東華大學,02322025,中國語文學系,D 日,M 碩士,22,0,3,15 花蓮縣,1 一般
113,0020,國立東華大學,02322025,中國語文學系,D 日,B 學士,169,13,45,15 花蓮縣,1 一般
113,0020,國立東華大學,02323104,華文文學系,D 日,M 碩士,46,0,6,15 花蓮縣,1 一般
113,0020,國立東華大學,02323104,華文文學系,D 日,B 學士,189,9,58,15 花蓮縣,1 一般
113,0020,國立東華大學,02323110,人文社會科學學院華語文教學國際博士班,D 日,D 博士,8,2,0,15 花蓮縣,1 一般
113,0020,國立東華大學,02323112,人文社會科學學院華語文教學暨書法國際碩士班,D 日,M 碩士,10,1,0,15 花蓮縣,1 一般
113,0020,國立東華大學,03111034,經濟學系,D 日,D 博士,12,0,1,15 花蓮縣,1 一般
113,0020,國立東華大學,03111034,經濟學系,D 日,M 碩士,11,0,10,15 花蓮縣,1 一般
113,0020,國立東華大學,03111034,經濟學系,D 日,B 學士,216,10,41,15 花蓮縣,1 一般
113,0020,國立東華大學,03131046,諮商與臨床心理學系,D 日,M 碩士,144,0,36,15 花蓮縣,1 一般
113,0020,國立東華大學,03131046,諮商與臨床心理學系,D 日,B 學士,236,12,64,15 花蓮縣,1 一般
113,0020,國立東華大學,03141036,社會學系,D 日,M 碩士,21,0,5,15 花蓮縣,1 一般
113,0020,國立東華大學,03141036,社會學系,D 日,B 學士,169,9,46,15 花蓮縣,1 一般
113,0020,國立東華大學,03143051,臺灣文化學系,D 日,M 碩士,26,0,6,15 花蓮縣,1 一般
113,0020,國立東華大學,03143051,臺灣文化學系,N 職,M 碩士,4,0,2,15 花蓮縣,1 一般
113,0020,國立東華大學,03143051,臺灣文化學系,D 日,B 學士,137,9,35,15 花蓮縣,1 一般
113,0020,國立東華大學,03191103,民族發展與社會工作學系,D 日,M 碩士,25,0,0,15 花蓮縣,1 一般
113,0020,國立東華大學,03191103,民族發展與社會工作學系,D 日,B 學士,99,11,0,15 花蓮縣,1 一般
113,0020,國立東華大學,03191111,人文社會科學學院亞太區域研究博士班,D 日,D 博士,32,2,5,15 花蓮縣,1 一般
113,0020,國立東華大學,03199040,民族事務與發展學系,D 日,M 碩士,0,0,2,15 花蓮縣,1 一般
113,0020,國立東華大學,03199040,民族事務與發展學系,D 日,B 學士,0,0,17,15 花蓮縣,1 一般
113,0020,國立東華大學,04111056,會計學系,D 日,M 碩士,31,0,9,15 花蓮縣,1 一般
113,0020,國立東華大學,04111056,會計學系,D 日,B 學士,236,10,51,15 花蓮縣,1 一般
113,0020,國立東華大學,04111115,管理學院會計與資訊管理國際學士班,D 日,B 學士,37,2,0,15 花蓮縣,1 一般
113,0020,國立東華大學,04121061,財務金融學系,D 日,M 碩士,53,0,20,15 花蓮縣,1 一般
113,0020,國立東華大學,04121061,財務金融學系,D 日,B 學士,266,9,57,15 花蓮縣,1 一般
113,0020,國立東華大學,04131059,企業管理學系,D 日,D 博士,49,0,4,15 花蓮縣,1 一般
113,0020,國立東華大學,04131059,企業管理學系,D 日,M 碩士,77,0,16,15 花蓮縣,1 一般
113,0020,國立東華大學,04131059,企業管理學系,N 職,M 碩士,43,0,14,15 花蓮縣,1 一般
113,0020,國立東華大學,04131059,企業管理學系,D 日,B 學士,241,13,54,15 花蓮縣,1 一般
113,0020,國立東華大學,04131060,國際企業學系,D 日,M 碩士,38,0,14,15 花蓮縣,1 一般
113,0020,國立東華大學,04131060,國際企業學系,N 職,M 碩士,14,0,2,15 花蓮縣,1 一般
113,0020,國立東華大學,04131060,國際企業學系,D 日,B 學士,219,11,48,15 花蓮縣,1 一般
113,0020,國立東華大學,04131065,管理學院高階經營管理碩士在職專班,N 職,M 碩士,58,0,23,15 花蓮縣,1 一般
113,0020,國立東華大學,04132063,運籌管理研究所,D 日,M 碩士,25,1,9,15 花蓮縣,1 一般
113,0020,國立東華大學,04134054,公共行政學系,D 日,M 碩士,18,0,3,15 花蓮縣,1 一般
113,0020,國立東華大學,04134054,公共行政學系,N 職,M 碩士,36,0,10,15 花蓮縣,1 一般
113,0020,國立東華大學,04134054,公共行政學系,D 日,B 學士,154,9,40,15 花蓮縣,1 一般
113,0020,國立東華大學,04143119,管理學院數位行銷與服務創新國際學士班,D 日,B 學士,12,0,0,15 花蓮縣,1 一般
113,0020,國立東華大學,04191066,管理學院管理科學與財金國際學士學位學程,D 日,B 學士,115,2,18,15 花蓮縣,1 一般
113,0020,國立東華大學,04211067,法律學系,D 日,B 學士,208,10,44,15 花蓮縣,1 一般
113,0020,國立東華大學,04212067,法律學系,D 日,M 碩士,40,0,4,15 花蓮縣,1 一般
113,0020,國立東華大學,05121069,生命科學系生物技術博士班,D 日,D 博士,0,0,2,15 花蓮縣,1 一般
113,0020,國立東華大學,05121069,生命科學系生物技術碩士班,D 日,M 碩士,0,0,6,15 花蓮縣,1 一般
113,0020,國立東華大學,05121069,生命科學系,D 日,B 學士,0,0,41,15 花蓮縣,1 一般
113,0020,國立東華大學,05121116,生化暨分子醫學科學系,D 日,D 博士,4,0,0,15 花蓮縣,1 一般
113,0020,國立東華大學,05121116,生化暨分子醫學科學系,D 日,M 碩士,13,0,0,15 花蓮縣,1 一般
113,0020,國立東華大學,05121116,生化暨分子醫學科學系,D 日,B 學士,175,11,0,15 花蓮縣,1 一般
113,0020,國立東華大學,05211094,自然資源與環境學系,D 日,D 博士,29,0,8,15 花蓮縣,1 一般
113,0020,國立東華大學,05211094,自然資源與環境學系,D 日,M 碩士,70,0,16,15 花蓮縣,1 一般
113,0020,國立東華大學,05211094,自然資源與環境學系,D 日,B 學士,215,21,57,15 花蓮縣,1 一般
113,0020,國立東華大學,05211100,人文與環境碩士學位學程,D 日,M 碩士,5,2,3,15 花蓮縣,1 一般
113,0020,國立東華大學,05311071,化學系,D 日,D 博士,13,0,2,15 花蓮縣,1 一般
113,0020,國立東華大學,05311071,化學系,D 日,M 碩士,28,0,7,15 花蓮縣,1 一般
113,0020,國立東華大學,05311071,化學系,D 日,B 學士,199,13,44,15 花蓮縣,1 一般
113,0020,國立東華大學,05323078,海洋生物研究所,D 日,D 博士,4,0,0,15 花蓮縣,1 一般
113,0020,國立東華大學,05323078,海洋生物研究所,D 日,M 碩士,18,6,9,15 花蓮縣,1 一般
113,0020,國立東華大學,05331072,物理學系應用物理博士班,D 日,D 博士,20,0,9,15 花蓮縣,1 一般
113,0020,國立東華大學,05331072,物理學系應用物理碩士班,D 日,M 碩士,21,0,4,15 花蓮縣,1 一般
113,0020,國立東華大學,05331072,物理學系,D 日,B 學士,228,16,52,15 花蓮縣,1 一般
113,0020,國立東華大學,05411074,應用數學系,D 日,D 博士,6,0,1,15 花蓮縣,1 一般
113,0020,國立東華大學,05411074,應用數學系,D 日,M 碩士,30,0,6,15 花蓮縣,1 一般
113,0020,國立東華大學,05411074,應用數學系,D 日,B 學士,250,21,65,15 花蓮縣,1 一般
113,0020,國立東華大學,05499118,理工學院大數據科學國際學士班,D 日,B 學士,20,0,0,15 花蓮縣,1 一般
113,0020,國立東華大學,06131086,資訊工程學系,D 日,D 博士,11,0,1,15 花蓮縣,1 一般
113,0020,國立東華大學,06131086,資訊工程學系,D 日,M 碩士,158,0,31,15 花蓮縣,1 一般
113,0020,國立東華大學,06131086,資訊工程學系,N 職,M 碩士,2,0,0,15 花蓮縣,1 一般
113,0020,國立東華大學,06131086,資訊工程學系,D 日,B 學士,588,22,100,15 花蓮縣,1 一般
113,0020,國立東華大學,06134081,資訊管理學系,D 日,M 碩士,34,0,11,15 花蓮縣,1 一般
113,0020,國立東華大學,06134081,資訊管理學系,D 日,B 學士,266,11,56,15 花蓮縣,1 一般
113,0020,國立東華大學,07112090,材料科學與工程學系,D 日,D 博士,10,0,1,15 花蓮縣,1 一般
113,0020,國立東華大學,07112090,材料科學與工程學系,D 日,M 碩士,23,0,7,15 花蓮縣,1 一般
113,0020,國立東華大學,07112090,材料科學與工程學系,D 日,B 學士,239,11,57,15 花蓮縣,1 一般
113,0020,國立東華大學,07141083,電機工程學系,D 日,D 博士,4,0,1,15 花蓮縣,1 一般
113,0020,國立東華大學,07141083,電機工程學系,D 日,M 碩士,45,0,12,15 花蓮縣,1 一般
113,0020,國立東華大學,07141083,電機工程學系,N 職,M 碩士,1,0,0,15 花蓮縣,1 一般
113,0020,國立東華大學,07141083,電機工程學系,D 日,B 學士,264,12,52,15 花蓮縣,1 一般
113,0020,國立東華大學,07141085,光電工程學系,D 日,M 碩士,33,0,13,15 花蓮縣,1 一般
113,0020,國立東華大學,07141085,光電工程學系,D 日,B 學士,194,9,44,15 花蓮縣,1 一般
113,0020,國立東華大學,09231040,民族事務與發展學系民族社會工作碩士在職專班,N 職,M 碩士,0,0,4,15 花蓮縣,1 一般
113,0020,國立東華大學,09231041,民族社會工作學士學位學程,D 日,B 學士,91,0,17,15 花蓮縣,1 一般
113,0020,國立東華大學,09231103,民族發展與社會工作學系民族社會工作碩士在職專班,N 職,M 碩士,59,0,0,15 花蓮縣,1 一般
113,0020,國立東華大學,10151091,觀光暨休閒遊憩學系,D 日,M 碩士,17,0,11,15 花蓮縣,1 一般
113,0020,國立東華大學,10151091,觀光暨休閒遊憩學系,D 日,B 學士,193,10,40,15 花蓮縣,1 一般
113,0020,國立東華大學,99999113,縱谷跨域書院學士學位學程,D 日,B 學士,86,2,0,15 花蓮縣,1 一般
113,0020,國立東華大學,99999Z01,通識及共同科目,D 日,,0,2,0,15 花蓮縣,1 一般
113,0020,國立東華大學,99999Z05,師資培育中心,D 日,,0,1,0,15 花蓮縣,1 一般
113,0020,國立東華大學,99999Z07,體育室,D 日,,0,7,0,15 花蓮縣,1 一般
113,0020,國立東華大學,99999Z08,語言中心,D 日,,0,16,0,15 花蓮縣,1 一般
113,0020,國立東華大學,99999Z99,其他(包括行政助教),D 日,,0,1,0,15 花蓮縣,1 一般
113,0021,國立暨南國際大學,01111001,國際文教與比較教育學系,D 日,D 博士,30,0,4,08 南投縣,1 一般
113,0021,國立暨南國際大學,01111001,國際文教與比較教育學系,D 日,M 碩士,17,0,8,08 南投縣,1 一般
113,0021,國立暨南國際大學,01111001,國際文教與比較教育學系,D 日,B 學士,162,12,36,08 南投縣,1 一般
113,0021,國立暨南國際大學,01111002,國際文教管理人才博士學位學程,D 日,D 博士,0,0,1,08 南投縣,1 一般
113,0021,國立暨南國際大學,01111004,諮商心理與人力資源發展學系,D 日,M 碩士,151,0,44,08 南投縣,1 一般
113,0021,國立暨南國際大學,01111004,諮商心理與人力資源發展學系,D 日,B 學士,203,11,42,08 南投縣,1 一般
113,0021,國立暨南國際大學,01111050,教育學院學士班,D 日,B 學士,98,2,10,08 南投縣,1 一般
113,0021,國立暨南國際大學,01112009,終身學習與人力資源發展碩士學位學程,N 職,M 碩士,68,0,9,08 南投縣,1 一般
113,0021,國立暨南國際大學,01114010,教育政策與行政學系,D 日,D 博士,82,0,7,08 南投縣,1 一般
113,0021,國立暨南國際大學,01114010,教育政策與行政學系,D 日,M 碩士,37,0,9,08 南投縣,1 一般
113,0021,國立暨南國際大學,01114010,教育政策與行政學系,D 日,B 學士,175,13,34,08 南投縣,1 一般
113,0021,國立暨南國際大學,01115012,課程教學與科技研究所,D 日,M 碩士,24,3,4,08 南投縣,1 一般
113,0021,國立暨南國際大學,01131007,華語文教學碩士學位學程,D 日,M 碩士,18,2,3,08 南投縣,1 一般
113,0021,國立暨南國際大學,01199Y03,教育學院,D 日,,0,1,0,08 南投縣,1 一般
113,0021,國立暨南國際大學,02221015,歷史學系,D 日,D 博士,8,0,1,08 南投縣,1 一般
113,0021,國立暨南國際大學,02221015,歷史學系,D 日,M 碩士,18,0,0,08 南投縣,1 一般
113,0021,國立暨南國際大學,02221015,歷史學系,D 日,B 學士,160,10,37,08 南投縣,1 一般
113,0021,國立暨南國際大學,02299Y14,人文學院,D 日,,0,1,0,08 南投縣,1 一般
113,0021,國立暨南國際大學,02311014,外國語文學系,D 日,M 碩士,13,0,3,08 南投縣,1 一般
113,0021,國立暨南國際大學,02311014,外國語文學系,D 日,B 學士,174,9,43,08 南投縣,1 一般
113,0021,國立暨南國際大學,02322013,中國語文學系,D 日,D 博士,7,0,0,08 南投縣,1 一般
113,0021,國立暨南國際大學,02322013,中國語文學系,D 日,M 碩士,26,0,3,08 南投縣,1 一般
113,0021,國立暨南國際大學,02322013,中國語文學系,D 日,B 學士,194,13,46,08 南投縣,1 一般
113,0021,國立暨南國際大學,03111016,經濟學系,D 日,M 碩士,12,0,11,08 南投縣,1 一般
113,0021,國立暨南國際大學,03111016,經濟學系,D 日,B 學士,231,10,47,08 南投縣,1 一般
113,0021,國立暨南國際大學,03131004,諮商心理與人力資源發展學系輔導與諮商博士班,D 日,D 博士,15,0,2,08 南投縣,1 一般
113,0021,國立暨南國際大學,03131044,教育學院心理健康與諮詢碩士學位學程在職專班,N 職,M 碩士,59,0,15,08 南投縣,1 一般
113,0021,國立暨南國際大學,03131054,心理健康與輔導諮詢碩士在職進修新加坡境外專班,N 職,M 碩士,3,0,7,08 南投縣,1 一般
113,0021,國立暨南國際大學,03141045,原住民文化產業與社會工作學士學位學程原住民族專班,D 日,B 學士,164,4,39,08 南投縣,1 一般
113,0021,國立暨南國際大學,03143019,東南亞學系,D 日,D 博士,17,0,4,08 南投縣,1 一般
113,0021,國立暨南國際大學,03143019,東南亞學系,D 日,M 碩士,10,0,7,08 南投縣,1 一般
113,0021,國立暨南國際大學,03143019,東南亞學系,N 職,M 碩士,30,0,10,08 南投縣,1 一般
113,0021,國立暨南國際大學,03143019,東南亞學系,D 日,B 學士,185,11,31,08 南投縣,1 一般
113,0021,國立暨南國際大學,03191055,地方創生與跨域治理碩士學位學程,D 日,M 碩士,19,2,2,08 南投縣,1 一般
113,0021,國立暨南國際大學,04121025,財務金融學系,D 日,M 碩士,34,0,18,08 南投縣,1 一般
113,0021,國立暨南國際大學,04121025,財務金融學系,D 日,B 學士,260,9,54,08 南投縣,1 一般
113,0021,國立暨南國際大學,04131022,國際企業學系,D 日,M 碩士,47,0,28,08 南投縣,1 一般
113,0021,國立暨南國際大學,04131022,國際企業學系,D 日,B 學士,291,11,60,08 南投縣,1 一般
113,0021,國立暨南國際大學,04131023,管理學院兩岸高階主管經營管理境外碩士在職學位學程,N 職,M 碩士,30,0,23,08 南投縣,1 一般
113,0021,國立暨南國際大學,04131026,新興產業策略與發展博士學位學程,D 日,D 博士,94,0,14,08 南投縣,1 一般
113,0021,國立暨南國際大學,04131026,新興產業策略與發展碩士學位學程,D 日,M 碩士,17,0,7,08 南投縣,1 一般
113,0021,國立暨南國際大學,04131046,區域發展重點產業碩士專班,D 日,M 碩士,29,0,10,08 南投縣,1 一般
113,0021,國立暨南國際大學,04131047,管理學院高階經營管理碩士學位學程,N 職,M 碩士,86,0,41,08 南投縣,1 一般
113,0021,國立暨南國際大學,04131048,管理學院學士班,D 日,B 學士,161,0,34,08 南投縣,1 一般
113,0021,國立暨南國際大學,04134020,公共行政與政策學系,D 日,D 博士,11,0,1,08 南投縣,1 一般
113,0021,國立暨南國際大學,04134020,公共行政與政策學系,D 日,M 碩士,15,0,2,08 南投縣,1 一般
113,0021,國立暨南國際大學,04134020,公共行政與政策學系,N 職,M 碩士,33,0,3,08 南投縣,1 一般
113,0021,國立暨南國際大學,04134020,公共行政與政策學系,D 日,B 學士,229,12,43,08 南投縣,1 一般
113,0021,國立暨南國際大學,04134021,非營利組織經營管理碩士學位學程在職專班,N 職,M 碩士,92,0,15,08 南投縣,1 一般
113,0021,國立暨南國際大學,04143052,文化創意與社會行銷碩士學位學程,D 日,M 碩士,15,0,3,08 南投縣,1 一般
113,0021,國立暨南國際大學,05211057,智慧精準農業產學研發博士學位學程,D 日,D 博士,3,0,0,08 南投縣,1 一般
113,0021,國立暨南國際大學,05311027,應用化學系,D 日,D 博士,5,0,1,08 南投縣,1 一般
113,0021,國立暨南國際大學,05311027,應用化學系,D 日,M 碩士,18,0,9,08 南投縣,1 一般
113,0021,國立暨南國際大學,05311027,應用化學系,D 日,B 學士,223,14,44,08 南投縣,1 一般
113,0021,國立暨南國際大學,06131030,資訊管理學系,D 日,M 碩士,46,0,14,08 南投縣,1 一般
113,0021,國立暨南國際大學,06131030,資訊管理學系,D 日,B 學士,294,13,57,08 南投縣,1 一般
113,0021,國立暨南國際大學,06131034,資訊工程學系,D 日,D 博士,11,0,2,08 南投縣,1 一般
113,0021,國立暨南國際大學,06131034,資訊工程學系,D 日,M 碩士,109,0,25,08 南投縣,1 一般
113,0021,國立暨南國際大學,06131034,資訊工程學系,D 日,B 學士,273,15,52,08 南投縣,1 一般
113,0021,國立暨南國際大學,06131053,人工智慧與機器人碩士學位學程,D 日,M 碩士,12,0,1,08 南投縣,1 一般
113,0021,國立暨南國際大學,06199049,科技學院學士班,D 日,B 學士,94,1,11,08 南投縣,1 一般
113,0021,國立暨南國際大學,07112037,應用材料及光電工程學系,D 日,M 碩士,15,0,2,08 南投縣,1 一般
113,0021,國立暨南國際大學,07112037,應用材料及光電工程學系,D 日,B 學士,230,10,43,08 南投縣,1 一般
113,0021,國立暨南國際大學,07141031,電機工程學系,D 日,D 博士,4,0,1,08 南投縣,1 一般
113,0021,國立暨南國際大學,07141031,電機工程學系,D 日,M 碩士,48,0,14,08 南投縣,1 一般
113,0021,國立暨南國際大學,07141031,電機工程學系,D 日,B 學士,290,16,60,08 南投縣,1 一般
113,0021,國立暨南國際大學,07199059,光電材料產業碩士專班,D 日,M 碩士,2,0,0,08 南投縣,1 一般
113,0021,國立暨南國際大學,07321035,土木工程學系,D 日,D 博士,23,0,1,08 南投縣,1 一般
113,0021,國立暨南國際大學,07321035,土木工程學系,D 日,M 碩士,14,0,7,08 南投縣,1 一般
113,0021,國立暨南國際大學,07321035,土木工程學系,D 日,B 學士,171,13,38,08 南投縣,1 一般
113,0021,國立暨南國際大學,09131056,護理學系,D 日,B 學士,99,9,0,08 南投縣,1 一般
113,0021,國立暨南國際大學,09211051,長期照顧經營管理碩士在職學位學程,N 職,M 碩士,84,0,15,08 南投縣,1 一般
113,0021,國立暨南國際大學,09211058,高齡健康與長期照顧管理學士學位學程原住民族專班,D 日,B 學士,17,1,0,08 南投縣,1 一般
113,0021,國立暨南國際大學,09231038,社會政策與社會工作學系,D 日,D 博士,38,0,3,08 南投縣,1 一般
113,0021,國立暨南國際大學,09231038,社會政策與社會工作學系,D 日,M 碩士,78,0,9,08 南投縣,1 一般
113,0021,國立暨南國際大學,09231038,社會政策與社會工作學系,D 日,B 學士,239,12,50,08 南投縣,1 一般
113,0021,國立暨南國際大學,10151039,觀光休閒與餐旅管理學系,D 日,M 碩士,33,0,10,08 南投縣,1 一般
113,0021,國立暨南國際大學,10151039,觀光休閒與餐旅管理學系,D 日,B 學士,308,12,81,08 南投縣,1 一般
113,0021,國立暨南國際大學,99999Z01,通識及共同科目,D 日,,0,6,0,08 南投縣,1 一般
113,0021,國立暨南國際大學,99999Z03,軍訓教官,D 日,,0,1,0,08 南投縣,1 一般
113,0021,國立暨南國際大學,99999Z05,師資培育中心,D 日,,0,2,0,08 南投縣,1 一般
113,0021,國立暨南國際大學,99999Z08,語言中心,D 日,,0,6,0,08 南投縣,1 一般
113,0022,國立臺灣科技大學,01116002,數位學習與教育研究所,D 日,D 博士,55,0,7,30 臺北市,2 技職
113,0022,國立臺灣科技大學,01116002,數位學習與教育研究所,D 日,M 碩士,77,5,22,30 臺北市,2 技職
113,0022,國立臺灣科技大學,01116002,數位學習與教育研究所,N 職,M 碩士,45,0,14,30 臺北市,2 技職
113,0022,國立臺灣科技大學,02122004,設計系博士班,D 日,D 博士,43,0,4,30 臺北市,2 技職
113,0022,國立臺灣科技大學,02122004,設計系碩士班,D 日,M 碩士,122,0,41,30 臺北市,2 技職
113,0022,國立臺灣科技大學,02122004,設計系碩士在職專班,N 職,M 碩士,47,0,6,30 臺北市,2 技職
113,0022,國立臺灣科技大學,02122004,設計系,D 日,B 四技,414,21,102,30 臺北市,2 技職
113,0022,國立臺灣科技大學,02299Y11,人文社會學院,D 日,,0,2,0,30 臺北市,2 技職
113,0022,國立臺灣科技大學,02311003,應用外語系碩士班,D 日,M 碩士,39,0,13,30 臺北市,2 技職
113,0022,國立臺灣科技大學,02311003,應用外語系碩士在職專班,N 職,M 碩士,22,0,7,30 臺北市,2 技職
113,0022,國立臺灣科技大學,02311003,應用外語系,D 日,B 四技,192,16,46,30 臺北市,2 技職
113,0022,國立臺灣科技大學,02311003,應用外語系,D 日,C 二技,49,0,18,30 臺北市,2 技職
113,0022,國立臺灣科技大學,04121010,財務金融研究所,D 日,D 博士,9,0,1,30 臺北市,2 技職
113,0022,國立臺灣科技大學,04121010,財務金融研究所,D 日,M 碩士,52,8,20,30 臺北市,2 技職
113,0022,國立臺灣科技大學,04121010,財務金融研究所,N 職,M 碩士,46,1,27,30 臺北市,2 技職
113,0022,國立臺灣科技大學,04131008,企業管理系博士班,D 日,D 博士,52,0,4,30 臺北市,2 技職
113,0022,國立臺灣科技大學,04131008,企業管理系碩士班,D 日,M 碩士,140,0,53,30 臺北市,2 技職
113,0022,國立臺灣科技大學,04131008,企業管理系碩士在職專班,N 職,M 碩士,65,0,29,30 臺北市,2 技職
113,0022,國立臺灣科技大學,04131008,企業管理系,D 日,B 四技,300,18,74,30 臺北市,2 技職
113,0022,國立臺灣科技大學,04131008,企業管理系_香港二技專班,D 日,C 二技,0,0,1,30 臺北市,2 技職
113,0022,國立臺灣科技大學,04191009,管理研究所,D 日,D 博士,27,0,5,30 臺北市,2 技職
113,0022,國立臺灣科技大學,04191009,管理研究所,N 職,M 碩士,115,0,54,30 臺北市,2 技職
113,0022,國立臺灣科技大學,04191009,管理學士班,D 日,B 四技,153,13,32,30 臺北市,2 技職
113,0022,國立臺灣科技大學,04199011,科技管理研究所,D 日,M 碩士,47,6,21,30 臺北市,2 技職
113,0022,國立臺灣科技大學,04199013,管理學院MBA,D 日,M 碩士,103,4,40,30 臺北市,2 技職
113,0022,國立臺灣科技大學,04212014,專利研究所,D 日,M 碩士,41,9,12,30 臺北市,2 技職
113,0022,國立臺灣科技大學,04212014,專利研究所,N 職,M 碩士,51,0,12,30 臺北市,2 技職
113,0022,國立臺灣科技大學,06131016,資訊管理系博士班,D 日,D 博士,44,0,6,30 臺北市,2 技職
113,0022,國立臺灣科技大學,06131016,資訊管理系,D 日,M 碩士,184,0,59,30 臺北市,2 技職
113,0022,國立臺灣科技大學,06131016,資訊管理系碩士在職專班,N 職,M 碩士,80,1,28,30 臺北市,2 技職
113,0022,國立臺灣科技大學,06131016,資訊管理系,D 日,B 四技,240,17,58,30 臺北市,2 技職
113,0022,國立臺灣科技大學,06131020,資訊工程系,D 日,D 博士,46,0,6,30 臺北市,2 技職
113,0022,國立臺灣科技大學,06131020,資訊工程系,D 日,M 碩士,364,0,132,30 臺北市,2 技職
113,0022,國立臺灣科技大學,06131020,資訊工程系,D 日,B 四技,389,27,101,30 臺北市,2 技職
113,0022,國立臺灣科技大學,06131020,資訊工程系,D 日,C 二技,0,0,1,30 臺北市,2 技職
113,0022,國立臺灣科技大學,06132043,人工智慧跨域科技研究所,D 日,D 博士,9,0,0,30 臺北市,2 技職
113,0022,國立臺灣科技大學,06132043,人工智慧跨域科技研究所,D 日,M 碩士,66,5,15,30 臺北市,2 技職
113,0022,國立臺灣科技大學,07111026,化學工程系,D 日,D 博士,65,0,16,30 臺北市,2 技職
113,0022,國立臺灣科技大學,07111026,化學工程系,D 日,M 碩士,295,0,118,30 臺北市,2 技職
113,0022,國立臺灣科技大學,07111026,化學工程系,D 日,B 四技,417,38,99,30 臺北市,2 技職
113,0022,國立臺灣科技大學,07112015,應用科技研究所,D 日,D 博士,146,0,24,30 臺北市,2 技職
113,0022,國立臺灣科技大學,07112015,應用科技研究所,D 日,M 碩士,90,16,30,30 臺北市,2 技職
113,0022,國立臺灣科技大學,07112028,材料科學與工程系,D 日,D 博士,91,0,20,30 臺北市,2 技職
113,0022,國立臺灣科技大學,07112028,材料科學與工程系,D 日,M 碩士,242,0,109,30 臺北市,2 技職
113,0022,國立臺灣科技大學,07112028,材料科學與工程系,D 日,B 四技,472,30,110,30 臺北市,2 技職
113,0022,國立臺灣科技大學,07132044,能源永續科技研究所,D 日,D 博士,15,0,0,30 臺北市,2 技職
113,0022,國立臺灣科技大學,07132044,能源永續科技研究所,D 日,M 碩士,68,3,23,30 臺北市,2 技職
113,0022,國立臺灣科技大學,07141017,電機工程系,D 日,D 博士,66,0,16,30 臺北市,2 技職
113,0022,國立臺灣科技大學,07141017,電機工程系,D 日,M 碩士,513,0,206,30 臺北市,2 技職
113,0022,國立臺灣科技大學,07141017,電機工程系,D 日,B 四技,611,47,157,30 臺北市,2 技職
113,0022,國立臺灣科技大學,07141018,電子工程系,D 日,D 博士,82,0,13,30 臺北市,2 技職
113,0022,國立臺灣科技大學,07141018,電子工程系,D 日,M 碩士,568,0,195,30 臺北市,2 技職
113,0022,國立臺灣科技大學,07141018,電子工程系,D 日,B 四技,522,44,110,30 臺北市,2 技職
113,0022,國立臺灣科技大學,07141019,光電工程研究所,D 日,D 博士,13,0,0,30 臺北市,2 技職
113,0022,國立臺灣科技大學,07141019,光電工程研究所,D 日,M 碩士,49,8,15,30 臺北市,2 技職
113,0022,國立臺灣科技大學,07141021,電資學士班,D 日,B 四技,22,2,0,30 臺北市,2 技職
113,0022,國立臺灣科技大學,07141022,色彩與照明科技研究所,D 日,M 碩士,47,7,21,30 臺北市,2 技職
113,0022,國立臺灣科技大學,07151023,機械工程系,D 日,D 博士,88,0,12,30 臺北市,2 技職
113,0022,國立臺灣科技大學,07151023,機械工程系,D 日,M 碩士,467,0,197,30 臺北市,2 技職
113,0022,國立臺灣科技大學,07151023,機械工程系碩士在職專班,N 職,M 碩士,51,0,10,30 臺北市,2 技職
113,0022,國立臺灣科技大學,07151023,機械工程系,D 日,B 四技,575,51,130,30 臺北市,2 技職
113,0022,國立臺灣科技大學,07151024,自動化及控制研究所,D 日,D 博士,12,0,1,30 臺北市,2 技職
113,0022,國立臺灣科技大學,07151024,自動化及控制研究所,D 日,M 碩士,72,7,29,30 臺北市,2 技職
113,0022,國立臺灣科技大學,07151024,自動化及控制研究所,N 職,M 碩士,50,0,9,30 臺北市,2 技職
113,0022,國立臺灣科技大學,07191012,工業管理系,D 日,D 博士,55,0,13,30 臺北市,2 技職
113,0022,國立臺灣科技大學,07191012,工業管理系,D 日,M 碩士,162,0,80,30 臺北市,2 技職
113,0022,國立臺灣科技大學,07191012,工業管理系碩士在職專班,N 職,M 碩士,68,1,33,30 臺北市,2 技職
113,0022,國立臺灣科技大學,07191012,工業管理系,D 日,B 四技,272,23,56,30 臺北市,2 技職
113,0022,國立臺灣科技大學,07191042,智慧製造科技研究所,D 日,D 博士,11,0,0,30 臺北市,2 技職
113,0022,國立臺灣科技大學,07191042,智慧製造科技研究所,D 日,M 碩士,72,4,20,30 臺北市,2 技職
113,0022,國立臺灣科技大學,07194040,先進科技系,D 日,B 四技,96,3,24,30 臺北市,2 技職
113,0022,國立臺灣科技大學,07194041,全球發展工程學士學位學程,D 日,B 四技,104,3,16,30 臺北市,2 技職
113,0022,國立臺灣科技大學,07199035,高階科技研發碩士在職學位學程,N 職,M 碩士,69,2,33,30 臺北市,2 技職
113,0022,國立臺灣科技大學,07199046,工程學士班,D 日,B 四技,49,2,0,30 臺北市,2 技職
113,0022,國立臺灣科技大學,07199047,半導體高階經營暨研發碩士在職學位學程,N 職,M 碩士,9,2,0,30 臺北市,2 技職
113,0022,國立臺灣科技大學,07311038,建築系,D 日,D 博士,35,0,7,30 臺北市,2 技職
113,0022,國立臺灣科技大學,07311038,建築系,D 日,M 碩士,124,0,43,30 臺北市,2 技職
113,0022,國立臺灣科技大學,07311038,建築系碩士在職專班,N 職,M 碩士,51,1,11,30 臺北市,2 技職
113,0022,國立臺灣科技大學,07311038,建築系,D 日,B 四技,303,28,71,30 臺北市,2 技職
113,0022,國立臺灣科技大學,07321025,營建工程系,D 日,D 博士,59,0,11,30 臺北市,2 技職
113,0022,國立臺灣科技大學,07321025,營建工程系,D 日,M 碩士,239,0,109,30 臺北市,2 技職
113,0022,國立臺灣科技大學,07321025,營建工程系碩士在職專班,N 職,M 碩士,68,0,12,30 臺北市,2 技職
113,0022,國立臺灣科技大學,07321025,營建工程系,D 日,B 四技,378,36,75,30 臺北市,2 技職
113,0022,國立臺灣科技大學,09171034,醫學工程研究所,D 日,M 碩士,55,7,23,30 臺北市,2 技職
113,0022,國立臺灣科技大學,99999015,應用科技學士學位學程,D 日,B 四技,25,1,10,30 臺北市,2 技職
113,0022,國立臺灣科技大學,99999036,不分系學士班,D 日,B 四技,108,2,0,30 臺北市,2 技職
113,0022,國立臺灣科技大學,99999Z01,通識及共同科目,D 日,,0,20,0,30 臺北市,2 技職
113,0022,國立臺灣科技大學,99999Z05,師資培育中心,D 日,,0,6,0,30 臺北市,2 技職
113,0022,國立臺灣科技大學,99999Z07,體育室,D 日,,0,12,0,30 臺北市,2 技職
113,0022,國立臺灣科技大學,99999Z08,語言中心,D 日,,0,10,0,30 臺北市,2 技職
113,0022,國立臺灣科技大學,99999Z99,其他(包括行政助教),D 日,,0,3,0,30 臺北市,2 技職
113,0023,國立雲林科技大學,01118001,技術及職業教育研究所,D 日,D 博士,57,0,19,09 雲林縣,2 技職
113,0023,國立雲林科技大學,01118001,技術及職業教育研究所,D 日,M 碩士,12,7,4,09 雲林縣,2 技職
113,0023,國立雲林科技大學,01118001,技術及職業教育研究所,N 職,M 碩士,22,0,2,09 雲林縣,2 技職
113,0023,國立雲林科技大學,02111013,數位媒體設計系碩士班,D 日,M 碩士,80,0,20,09 雲林縣,2 技職
113,0023,國立雲林科技大學,02111013,數位媒體設計系地方創生智能設計碩士在職專班,N 職,M 碩士,30,0,14,09 雲林縣,2 技職
113,0023,國立雲林科技大學,02112011,視覺傳達設計系碩士班,D 日,M 碩士,62,0,17,09 雲林縣,2 技職
113,0023,國立雲林科技大學,02112011,視覺傳達設計系,D 日,B 四技,203,9,49,09 雲林縣,2 技職
113,0023,國立雲林科技大學,02112013,數位媒體設計系,D 日,B 四技,246,12,60,09 雲林縣,2 技職
113,0023,國立雲林科技大學,02122007,設計學研究所,D 日,D 博士,102,0,10,09 雲林縣,2 技職
113,0023,國立雲林科技大學,02122007,設計學研究所,D 日,M 碩士,22,8,9,09 雲林縣,2 技職
113,0023,國立雲林科技大學,02122009,創意生活設計系碩士班,D 日,M 碩士,68,0,16,09 雲林縣,2 技職
113,0023,國立雲林科技大學,02122009,創意生活設計系,D 日,B 四技,202,11,44,09 雲林縣,2 技職
113,0023,國立雲林科技大學,02122067,跨域整合設計學士學位學程,D 日,B 四技,109,6,0,09 雲林縣,2 技職
113,0023,國立雲林科技大學,02123014,工業設計系碩士班,D 日,M 碩士,61,0,28,09 雲林縣,2 技職
113,0023,國立雲林科技大學,02123014,工業設計系,D 日,B 四技,173,12,47,09 雲林縣,2 技職
113,0023,國立雲林科技大學,02192002,文化資產維護系碩士班,D 日,M 碩士,62,0,16,09 雲林縣,2 技職
113,0023,國立雲林科技大學,02192002,文化資產維護系,D 日,B 四技,248,15,42,09 雲林縣,2 技職
113,0023,國立雲林科技大學,02192002,文化資產維護系_香港二技專班,D 日,C 二技,1,0,0,09 雲林縣,2 技職
113,0023,國立雲林科技大學,02199017,設計學院_設計技優專班,D 日,B 四技,86,0,20,09 雲林縣,2 技職
113,0023,國立雲林科技大學,02311004,應用外語系碩士班,D 日,M 碩士,48,0,16,09 雲林縣,2 技職
113,0023,國立雲林科技大學,02311004,應用外語系碩士在職專班,N 職,M 碩士,36,0,5,09 雲林縣,2 技職
113,0023,國立雲林科技大學,02311004,應用外語系,D 日,B 四技,266,12,62,09 雲林縣,2 技職
113,0023,國立雲林科技大學,02311004,應用外語系,D 日,C 二技,1,0,3,09 雲林縣,2 技職
113,0023,國立雲林科技大學,02322003,漢學應用研究所,D 日,M 碩士,32,7,4,09 雲林縣,2 技職
113,0023,國立雲林科技大學,02322003,漢學應用研究所,N 職,M 碩士,19,0,4,09 雲林縣,2 技職
113,0023,國立雲林科技大學,04111018,會計系博士班,D 日,D 博士,16,0,0,09 雲林縣,2 技職
113,0023,國立雲林科技大學,04111018,會計系碩士班,D 日,M 碩士,46,0,22,09 雲林縣,2 技職
113,0023,國立雲林科技大學,04111018,會計系碩士在職專班,N 職,M 碩士,26,0,10,09 雲林縣,2 技職
113,0023,國立雲林科技大學,04111018,會計系,D 日,B 四技,210,13,51,09 雲林縣,2 技職
113,0023,國立雲林科技大學,04121024,財務金融系博士班,D 日,D 博士,25,0,4,09 雲林縣,2 技職
113,0023,國立雲林科技大學,04121024,財務金融系碩士班,D 日,M 碩士,64,0,25,09 雲林縣,2 技職
113,0023,國立雲林科技大學,04121024,財務金融系碩士在職專班,N 職,M 碩士,62,0,22,09 雲林縣,2 技職
113,0023,國立雲林科技大學,04121024,財務金融系,D 日,B 四技,224,13,58,09 雲林縣,2 技職
113,0023,國立雲林科技大學,04131019,企業管理系博士班,D 日,D 博士,86,0,6,09 雲林縣,2 技職
113,0023,國立雲林科技大學,04131019,企業管理系碩士班,D 日,M 碩士,140,0,41,09 雲林縣,2 技職
113,0023,國立雲林科技大學,04131019,企業管理系碩士在職專班,N 職,M 碩士,76,1,24,09 雲林縣,2 技職
113,0023,國立雲林科技大學,04131019,企業管理系,D 日,B 四技,210,16,58,09 雲林縣,2 技職
113,0023,國立雲林科技大學,04131019,企業管理系,D 日,C 二技,56,0,30,09 雲林縣,2 技職
113,0023,國立雲林科技大學,04131022,國際管理學士學位學程,D 日,B 四技,91,3,22,09 雲林縣,2 技職
113,0023,國立雲林科技大學,04131057,產業經營專業博士學位學程,D 日,D 博士,18,1,2,09 雲林縣,2 技職
113,0023,國立雲林科技大學,04131058,高階管理碩士在職學位學程,N 職,M 碩士,48,2,25,09 雲林縣,2 技職
113,0023,國立雲林科技大學,04131059,工商管理進修學士學位學程,N 修,B 四技,177,2,25,09 雲林縣,2 技職
113,0023,國立雲林科技大學,04199023,創業管理碩士學位學程,D 日,M 碩士,17,2,4,09 雲林縣,2 技職
113,0023,國立雲林科技大學,04212031,科技法律研究所,D 日,M 碩士,42,7,7,09 雲林縣,2 技職
113,0023,國立雲林科技大學,04212031,科技法律研究所,N 職,M 碩士,46,0,5,09 雲林縣,2 技職
113,0023,國立雲林科技大學,06111066,智慧數據科學研究所,D 日,M 碩士,40,7,2,09 雲林縣,2 技職
113,0023,國立雲林科技大學,06131032,資訊管理系博士班,D 日,D 博士,19,0,1,09 雲林縣,2 技職
113,0023,國立雲林科技大學,06131032,資訊管理系碩士班,D 日,M 碩士,98,0,56,09 雲林縣,2 技職
113,0023,國立雲林科技大學,06131032,資訊管理系碩士在職專班,N 職,M 碩士,36,1,21,09 雲林縣,2 技職
113,0023,國立雲林科技大學,06131032,資訊管理系,D 日,B 四技,381,21,62,09 雲林縣,2 技職
113,0023,國立雲林科技大學,06131032,資訊管理系,D 日,C 二技,124,0,48,09 雲林縣,2 技職
113,0023,國立雲林科技大學,06131060,資訊科技服務管理數位學習碩士在職專班,N 職,M 碩士,69,0,24,09 雲林縣,2 技職
113,0023,國立雲林科技大學,06131065,國際人工智慧管理研究所,D 日,M 碩士,48,6,11,09 雲林縣,2 技職
113,0023,國立雲林科技大學,07111045,化學工程與材料工程系博士班,D 日,D 博士,5,0,0,09 雲林縣,2 技職
113,0023,國立雲林科技大學,07111045,化學工程與材料工程系碩士班,D 日,M 碩士,122,0,56,09 雲林縣,2 技職
113,0023,國立雲林科技大學,07111045,化學工程與材料工程系,D 日,B 四技,445,16,95,09 雲林縣,2 技職
113,0023,國立雲林科技大學,07112047,材料科技研究所,D 日,M 碩士,54,8,20,09 雲林縣,2 技職
113,0023,國立雲林科技大學,07121049,環境與安全衛生工程系博士班,D 日,D 博士,4,0,2,09 雲林縣,2 技職
113,0023,國立雲林科技大學,07121049,環境與安全衛生工程系碩士班,D 日,M 碩士,80,0,30,09 雲林縣,2 技職
113,0023,國立雲林科技大學,07121049,環境與安全衛生工程系環安科技與管理碩士在職專班,N 職,M 碩士,47,0,7,09 雲林縣,2 技職
113,0023,國立雲林科技大學,07121049,環境與安全衛生工程系,D 日,B 四技,247,15,43,09 雲林縣,2 技職
113,0023,國立雲林科技大學,07121049,環境與安全衛生工程系_香港二技專班,D 日,C 二技,0,0,1,09 雲林縣,2 技職
113,0023,國立雲林科技大學,07141033,電機工程系碩士班,D 日,M 碩士,239,0,75,09 雲林縣,2 技職
113,0023,國立雲林科技大學,07141033,電機工程系碩士在職專班,N 職,M 碩士,64,0,7,09 雲林縣,2 技職
113,0023,國立雲林科技大學,07141033,電機工程系,D 日,B 四技,590,25,149,09 雲林縣,2 技職
113,0023,國立雲林科技大學,07141034,電子工程系博士班,D 日,D 博士,8,0,0,09 雲林縣,2 技職
113,0023,國立雲林科技大學,07141034,電子工程系碩士班,D 日,M 碩士,209,0,79,09 雲林縣,2 技職
113,0023,國立雲林科技大學,07141034,電子工程系,D 日,B 四技,554,22,130,09 雲林縣,2 技職
113,0023,國立雲林科技大學,07141034,電子工程系_香港二技專班,D 日,C 二技,0,0,1,09 雲林縣,2 技職
113,0023,國立雲林科技大學,07141037,資訊工程系碩士班,D 日,M 碩士,168,0,58,09 雲林縣,2 技職
113,0023,國立雲林科技大學,07141037,資訊工程系,D 日,B 四技,286,15,73,09 雲林縣,2 技職
113,0023,國立雲林科技大學,07151041,機械工程系博士班,D 日,D 博士,21,0,3,09 雲林縣,2 技職
113,0023,國立雲林科技大學,07151041,機械工程系碩士班,D 日,M 碩士,159,0,54,09 雲林縣,2 技職
113,0023,國立雲林科技大學,07151041,機械工程系,D 日,B 四技,528,22,115,09 雲林縣,2 技職
113,0023,國立雲林科技大學,07191048,工業工程與管理系博士班,D 日,D 博士,12,0,0,09 雲林縣,2 技職
113,0023,國立雲林科技大學,07191048,工業工程與管理系碩士班,D 日,M 碩士,150,0,51,09 雲林縣,2 技職
113,0023,國立雲林科技大學,07191048,工業工程與管理系,N 職,M 碩士,70,1,37,09 雲林縣,2 技職
113,0023,國立雲林科技大學,07191048,工業工程與管理系,D 日,B 四技,415,19,91,09 雲林縣,2 技職
113,0023,國立雲林科技大學,07194050,工程科技研究所,D 日,D 博士,70,0,9,09 雲林縣,2 技職
113,0023,國立雲林科技大學,07194050,工程科技菁英班,D 日,B 四技,57,9,0,09 雲林縣,2 技職
113,0023,國立雲林科技大學,07194063,產業科技學士學位學程,D 日,B 四技,82,5,0,09 雲林縣,2 技職
113,0023,國立雲林科技大學,07194063,產業科技進修學士學位學程,N 修,B 四技,86,0,13,09 雲林縣,2 技職
113,0023,國立雲林科技大學,07199062,智慧機器人學士學位學程,D 日,B 四技,185,2,9,09 雲林縣,2 技職
113,0023,國立雲林科技大學,07199068,應用工程科技學士專班,D 日,B 四技,1,0,0,09 雲林縣,2 技職
113,0023,國立雲林科技大學,07311016,建築與室內設計系碩士班,D 日,M 碩士,37,0,9,09 雲林縣,2 技職
113,0023,國立雲林科技大學,07311016,建築與室內設計系,D 日,B 四技,208,12,52,09 雲林縣,2 技職
113,0023,國立雲林科技大學,07321043,營建工程系碩士班,D 日,M 碩士,43,0,31,09 雲林縣,2 技職
113,0023,國立雲林科技大學,07321043,營建工程系碩士在職專班,N 職,M 碩士,55,0,8,09 雲林縣,2 技職
113,0023,國立雲林科技大學,07321043,營建工程系,D 日,B 四技,293,12,68,09 雲林縣,2 技職
113,0023,國立雲林科技大學,10152053,休閒運動研究所,D 日,M 碩士,20,8,10,09 雲林縣,2 技職
113,0023,國立雲林科技大學,10152053,休閒運動研究所,N 職,M 碩士,43,1,12,09 雲林縣,2 技職
113,0023,國立雲林科技大學,99999006,前瞻學士學位學程,D 日,B 四技,23,3,12,09 雲林縣,2 技職
113,0023,國立雲林科技大學,99999064,未來學院_智能示範鑄造產學攜手合作專班,D 日,B 四技,47,0,42,09 雲林縣,2 技職
113,0023,國立雲林科技大學,99999Z01,通識及共同科目,D 日,,0,17,0,09 雲林縣,2 技職
113,0024,國立屏東科技大學,01118001,技術及職業教育研究所,D 日,M 碩士,33,5,10,13 屏東縣,2 技職
113,0024,國立屏東科技大學,01118001,技術及職業教育研究所,N 職,M 碩士,17,0,8,13 屏東縣,2 技職
113,0024,國立屏東科技大學,02125003,時尚設計與管理系碩士班,D 日,M 碩士,21,0,3,13 屏東縣,2 技職
113,0024,國立屏東科技大學,02125003,時尚設計與管理系,D 日,B 四技,201,9,48,13 屏東縣,2 技職
113,0024,國立屏東科技大學,02299Y13,人文暨社會科學院,D 日,,0,1,0,13 屏東縣,2 技職
113,0024,國立屏東科技大學,02311002,應用外語系碩士班,D 日,M 碩士,8,0,3,13 屏東縣,2 技職
113,0024,國立屏東科技大學,02311002,應用外語系,D 日,B 四技,179,9,58,13 屏東縣,2 技職
113,0024,國立屏東科技大學,03143004,客家文化產業研究所,D 日,M 碩士,27,3,6,13 屏東縣,2 技職
113,0024,國立屏東科技大學,04121007,財務金融研究所,N 職,M 碩士,2,0,0,13 屏東縣,2 技職
113,0024,國立屏東科技大學,04121007,財務金融國際學士學位學程,D 日,B 四技,60,4,11,13 屏東縣,2 技職
113,0024,國立屏東科技大學,04131005,企業管理系碩士班,D 日,M 碩士,21,0,13,13 屏東縣,2 技職
113,0024,國立屏東科技大學,04131005,企業管理系碩士在職專班,N 職,M 碩士,10,0,8,13 屏東縣,2 技職
113,0024,國立屏東科技大學,04131005,企業管理系,D 日,B 四技,337,14,87,13 屏東縣,2 技職
113,0024,國立屏東科技大學,04131005,企業管理系,N 修,B 四技,1,0,15,13 屏東縣,2 技職
113,0024,國立屏東科技大學,04199008,科技管理研究所,D 日,M 碩士,1,0,1,13 屏東縣,2 技職
113,0024,國立屏東科技大學,04199009,工業管理系碩士班,D 日,M 碩士,29,0,22,13 屏東縣,2 技職
113,0024,國立屏東科技大學,04199009,工業管理系碩士在職專班,N 職,M 碩士,12,0,6,13 屏東縣,2 技職
113,0024,國立屏東科技大學,04199009,工業管理系,D 日,B 四技,336,14,77,13 屏東縣,2 技職
113,0024,國立屏東科技大學,04199011,高階經營管理碩士在職專班,N 職,M 碩士,29,0,19,13 屏東縣,2 技職
113,0024,國立屏東科技大學,05121015,生物科技系碩士班,D 日,M 碩士,45,0,17,13 屏東縣,2 技職
113,0024,國立屏東科技大學,05121015,生物科技系,D 日,B 四技,194,11,51,13 屏東縣,2 技職
113,0024,國立屏東科技大學,05121016,農學院生物資源博士班,D 日,D 博士,28,4,5,13 屏東縣,2 技職
113,0024,國立屏東科技大學,05121049,動物疫苗科技研究所,D 日,M 碩士,26,9,11,13 屏東縣,2 技職
113,0024,國立屏東科技大學,05121050,動物用疫苗國際學位專班,D 日,D 博士,18,3,3,13 屏東縣,2 技職
113,0024,國立屏東科技大學,05221014,野生動物保育研究所,D 日,M 碩士,58,7,13,13 屏東縣,2 技職
113,0024,國立屏東科技大學,05292040,水土保持系碩士班,D 日,M 碩士,37,0,12,13 屏東縣,2 技職
113,0024,國立屏東科技大學,05292040,水土保持系,D 日,B 四技,188,7,43,13 屏東縣,2 技職
113,0024,國立屏東科技大學,06131017,資訊管理系碩士班,D 日,M 碩士,59,0,12,13 屏東縣,2 技職
113,0024,國立屏東科技大學,06131017,資訊管理系碩士在職專班,N 職,M 碩士,21,0,4,13 屏東縣,2 技職
113,0024,國立屏東科技大學,06131017,資訊管理系,D 日,B 四技,228,14,51,13 屏東縣,2 技職
113,0024,國立屏東科技大學,07112024,材料工程系碩士班,D 日,M 碩士,29,0,17,13 屏東縣,2 技職
113,0024,國立屏東科技大學,07112024,材料工程系,D 日,B 四技,75,9,0,13 屏東縣,2 技職
113,0024,國立屏東科技大學,07112065,先進材料學士學位學程,D 日,B 四技,28,0,35,13 屏東縣,2 技職
113,0024,國立屏東科技大學,07121025,環境工程與科學系博士班,D 日,D 博士,24,0,2,13 屏東縣,2 技職
113,0024,國立屏東科技大學,07121025,環境工程與科學系碩士班,D 日,M 碩士,50,0,22,13 屏東縣,2 技職
113,0024,國立屏東科技大學,07121025,環境工程與科學系碩士在職專班,N 職,M 碩士,32,0,8,13 屏東縣,2 技職
113,0024,國立屏東科技大學,07121025,環境工程與科學系,D 日,B 四技,335,15,77,13 屏東縣,2 技職
113,0024,國立屏東科技大學,07141069,智慧機電學士學位學程,D 日,B 四技,71,8,0,13 屏東縣,2 技職
113,0024,國立屏東科技大學,07151018,機械工程系碩士班,D 日,M 碩士,36,0,11,13 屏東縣,2 技職
113,0024,國立屏東科技大學,07151018,機械工程系,D 日,B 四技,516,18,95,13 屏東縣,2 技職
113,0024,國立屏東科技大學,07151018,機械工程系,N 修,B 四技,141,0,0,13 屏東縣,2 技職
113,0024,國立屏東科技大學,07151020,生物機電工程系碩士班,D 日,M 碩士,31,0,9,13 屏東縣,2 技職
113,0024,國立屏東科技大學,07151020,生物機電工程系,D 日,B 四技,220,12,54,13 屏東縣,2 技職
113,0024,國立屏東科技大學,07151020,生物機電工程系,N 修,B 四技,100,1,29,13 屏東縣,2 技職
113,0024,國立屏東科技大學,07161019,車輛工程系碩士班,D 日,M 碩士,59,0,33,13 屏東縣,2 技職
113,0024,國立屏東科技大學,07161019,車輛工程系,D 日,B 四技,291,15,50,13 屏東縣,2 技職
113,0024,國立屏東科技大學,07199Y40,工學院,D 日,,0,2,0,13 屏東縣,2 技職
113,0024,國立屏東科技大學,07211037,食品科學系博士班,D 日,D 博士,23,0,3,13 屏東縣,2 技職
113,0024,國立屏東科技大學,07211037,食品科學系,D 日,M 碩士,81,0,49,13 屏東縣,2 技職
113,0024,國立屏東科技大學,07211037,食品科學系碩士在職專班,N 職,M 碩士,17,0,4,13 屏東縣,2 技職
113,0024,國立屏東科技大學,07211037,食品科學系,D 日,B 四技,420,20,106,13 屏東縣,2 技職
113,0024,國立屏東科技大學,07211037,食品科學系,N 修,B 四技,111,0,25,13 屏東縣,2 技職
113,0024,國立屏東科技大學,07211039,食品生技碩士學位學程在職專班,N 職,M 碩士,3,0,0,13 屏東縣,2 技職
113,0024,國立屏東科技大學,07211066,食品安全管理研究所,D 日,M 碩士,1,0,5,13 屏東縣,2 技職
113,0024,國立屏東科技大學,07312027,景觀暨遊憩管理研究所,D 日,M 碩士,40,5,7,13 屏東縣,2 技職
113,0024,國立屏東科技大學,07321021,土木工程系博士班,D 日,D 博士,18,0,4,13 屏東縣,2 技職
113,0024,國立屏東科技大學,07321021,土木工程系碩士班,D 日,M 碩士,19,0,6,13 屏東縣,2 技職
113,0024,國立屏東科技大學,07321021,土木工程系,N 職,M 碩士,1,0,1,13 屏東縣,2 技職
113,0024,國立屏東科技大學,07321021,土木工程系,D 日,B 四技,334,14,86,13 屏東縣,2 技職
113,0024,國立屏東科技大學,07321021,土木工程系,N 修,B 四技,131,1,13,13 屏東縣,2 技職
113,0024,國立屏東科技大學,07321022,土壤與水工程國際碩士學位學程,D 日,M 碩士,1,0,0,13 屏東縣,2 技職
113,0024,國立屏東科技大學,07321023,環境資源與防災學位學程,N 修,B 四技,13,0,16,13 屏東縣,2 技職
113,0024,國立屏東科技大學,08111029,農園生產系博士班,D 日,D 博士,19,0,1,13 屏東縣,2 技職
113,0024,國立屏東科技大學,08111029,農園生產系碩士班,D 日,M 碩士,34,0,9,13 屏東縣,2 技職
113,0024,國立屏東科技大學,08111029,農園生產系碩士在職專班,N 職,M 碩士,23,0,1,13 屏東縣,2 技職
113,0024,國立屏東科技大學,08111029,農園生產系,D 日,B 四技,425,18,86,13 屏東縣,2 技職
113,0024,國立屏東科技大學,08112032,動物科學與畜產系碩士班,D 日,M 碩士,25,0,12,13 屏東縣,2 技職
113,0024,國立屏東科技大學,08112032,動物科學與畜產系,D 日,B 四技,256,12,67,13 屏東縣,2 技職
113,0024,國立屏東科技大學,08112032,動物科學與畜產系_畜產科技實務專班,N 修,B 四技,38,0,0,13 屏東縣,2 技職
113,0024,國立屏東科技大學,08193036,農企業管理系,D 日,M 碩士,18,0,8,13 屏東縣,2 技職
113,0024,國立屏東科技大學,08193036,農企業管理系碩士在職專班,N 職,M 碩士,42,0,20,13 屏東縣,2 技職
113,0024,國立屏東科技大學,08193036,農企業管理系,D 日,B 四技,278,9,42,13 屏東縣,2 技職
113,0024,國立屏東科技大學,08194035,植物醫學系碩士班,D 日,M 碩士,23,0,14,13 屏東縣,2 技職
113,0024,國立屏東科技大學,08194035,植物醫學系,D 日,B 四技,208,11,46,13 屏東縣,2 技職
113,0024,國立屏東科技大學,08199030,熱帶農業暨國際合作系博士班,D 日,D 博士,89,0,8,13 屏東縣,2 技職
113,0024,國立屏東科技大學,08199030,熱帶農業暨國際合作系碩士班,D 日,M 碩士,52,0,16,13 屏東縣,2 技職
113,0024,國立屏東科技大學,08199030,熱帶農業暨國際合作系,D 日,B 四技,153,12,39,13 屏東縣,2 技職
113,0024,國立屏東科技大學,08199067,科技農業進修學士學位學程,N 修,B 四技,278,8,63,13 屏東縣,2 技職
113,0024,國立屏東科技大學,08199Y41,農學院,D 日,,0,5,0,13 屏東縣,2 技職
113,0024,國立屏東科技大學,08211041,森林系碩士班,D 日,M 碩士,35,0,7,13 屏東縣,2 技職
113,0024,國立屏東科技大學,08211041,森林系,D 日,B 四技,223,12,53,13 屏東縣,2 技職
113,0024,國立屏東科技大學,08211043,木材科學與設計系碩士班,D 日,M 碩士,19,0,12,13 屏東縣,2 技職
113,0024,國立屏東科技大學,08211043,木材科學與設計系,D 日,B 四技,281,11,52,13 屏東縣,2 技職
113,0024,國立屏東科技大學,08211043,木材科學與設計系,N 修,B 四技,1,0,20,13 屏東縣,2 技職
113,0024,國立屏東科技大學,08312046,水產養殖系博士班,D 日,D 博士,16,0,0,13 屏東縣,2 技職
113,0024,國立屏東科技大學,08312046,水產養殖系碩士班,D 日,M 碩士,17,0,9,13 屏東縣,2 技職
113,0024,國立屏東科技大學,08312046,水產養殖系,D 日,B 四技,251,12,50,13 屏東縣,2 技職
113,0024,國立屏東科技大學,08312046,水產養殖系_水產養殖科技專班,N 修,B 四技,13,0,10,13 屏東縣,2 技職
113,0024,國立屏東科技大學,08312068,觀賞魚科技及水生動物健康國際學位專班,D 日,D 博士,8,2,1,13 屏東縣,2 技職
113,0024,國立屏東科技大學,08312068,觀賞魚科技及水生動物健康國際學位專班,D 日,M 碩士,2,0,0,13 屏東縣,2 技職
113,0024,國立屏東科技大學,08411048,獸醫學系博士班,D 日,D 博士,13,0,0,13 屏東縣,2 技職
113,0024,國立屏東科技大學,08411048,獸醫學系碩士班,D 日,M 碩士,26,0,10,13 屏東縣,2 技職
113,0024,國立屏東科技大學,08411048,獸醫學系,D 日,B 四技,397,21,71,13 屏東縣,2 技職
113,0024,國立屏東科技大學,08411Y76,獸醫學院,D 日,,0,1,0,13 屏東縣,2 技職
113,0024,國立屏東科技大學,09221052,幼兒保育系碩士班,D 日,M 碩士,20,0,8,13 屏東縣,2 技職
113,0024,國立屏東科技大學,09221052,幼兒保育系,D 日,B 四技,241,10,64,13 屏東縣,2 技職
113,0024,國立屏東科技大學,09231051,社會工作系碩士班,D 日,M 碩士,46,0,12,13 屏東縣,2 技職
113,0024,國立屏東科技大學,09231051,社會工作系,D 日,B 四技,217,11,52,13 屏東縣,2 技職
113,0024,國立屏東科技大學,09231051,社會工作系,N 修,B 四技,104,0,35,13 屏東縣,2 技職
113,0024,國立屏東科技大學,10131054,餐旅管理系碩士班,D 日,M 碩士,20,0,5,13 屏東縣,2 技職
113,0024,國立屏東科技大學,10131054,餐旅管理系,D 日,B 四技,273,11,85,13 屏東縣,2 技職
113,0024,國立屏東科技大學,10152057,休閒運動健康系碩士班,D 日,M 碩士,20,0,5,13 屏東縣,2 技職
113,0024,國立屏東科技大學,10152057,休閒運動健康系碩士在職專班,N 職,M 碩士,26,0,6,13 屏東縣,2 技職
113,0024,國立屏東科技大學,10152057,休閒運動健康系,D 日,B 四技,154,13,55,13 屏東縣,2 技職
113,0024,國立屏東科技大學,10152057,休閒運動健康系,N 修,B 四技,142,1,47,13 屏東縣,2 技職
113,0024,國立屏東科技大學,99999Y94,達人學院,D 日,,0,2,0,13 屏東縣,2 技職
113,0024,國立屏東科技大學,99999Z01,通識及共同科目,D 日,,0,12,0,13 屏東縣,2 技職
113,0024,國立屏東科技大學,99999Z03,軍訓教官,D 日,,0,2,0,13 屏東縣,2 技職
113,0024,國立屏東科技大學,99999Z07,體育室,D 日,,0,7,0,13 屏東縣,2 技職
113,0024,國立屏東科技大學,99999Z08,語言中心,D 日,,0,8,0,13 屏東縣,2 技職
113,0024,國立屏東科技大學,99999Z08,語言中心,N 修,,0,2,0,13 屏東縣,2 技職
113,0025,國立臺北科技大學,01118001,技術及職業教育研究所,D 日,D 博士,58,0,7,30 臺北市,2 技職
113,0025,國立臺北科技大學,01118001,技術及職業教育研究所,D 日,M 碩士,38,6,13,30 臺北市,2 技職
113,0025,國立臺北科技大學,01118001,技術及職業教育研究所,N 職,M 碩士,62,0,16,30 臺北市,2 技職
113,0025,國立臺北科技大學,02112007,互動設計系,D 日,M 碩士,81,0,31,30 臺北市,2 技職
113,0025,國立臺北科技大學,02112007,互動設計系碩士在職專班,N 職,M 碩士,38,0,8,30 臺北市,2 技職
113,0025,國立臺北科技大學,02112007,互動設計系,D 日,B 四技,340,12,67,30 臺北市,2 技職
113,0025,國立臺北科技大學,02112007,互動設計系_香港二技專班,D 日,C 二技,1,0,2,30 臺北市,2 技職
113,0025,國立臺北科技大學,02122003,設計學院設計博士班,D 日,D 博士,77,2,1,30 臺北市,2 技職
113,0025,國立臺北科技大學,02122004,創意設計學士班,D 日,B 四技,20,2,0,30 臺北市,2 技職
113,0025,國立臺北科技大學,02123009,工業設計系創新設計碩士班,D 日,M 碩士,95,0,25,30 臺北市,2 技職
113,0025,國立臺北科技大學,02123009,工業設計系創新設計碩士在職專班,N 職,M 碩士,63,0,6,30 臺北市,2 技職
113,0025,國立臺北科技大學,02123009,工業設計系,D 日,B 四技,260,16,62,30 臺北市,2 技職
113,0025,國立臺北科技大學,02123009,工業設計系,N 修,B 四技,101,0,32,30 臺北市,2 技職
113,0025,國立臺北科技大學,02123009,工業設計系_香港二技專班,D 日,C 二技,0,0,1,30 臺北市,2 技職
113,0025,國立臺北科技大學,02299018,文化事業發展系碩士班,D 日,M 碩士,21,0,6,30 臺北市,2 技職
113,0025,國立臺北科技大學,02299018,文化事業發展系,D 日,B 四技,154,9,40,30 臺北市,2 技職
113,0025,國立臺北科技大學,02311002,應用英文系碩士班,D 日,M 碩士,70,0,17,30 臺北市,2 技職
113,0025,國立臺北科技大學,02311002,應用英文系碩士在職專班,N 職,M 碩士,45,0,10,30 臺北市,2 技職
113,0025,國立臺北科技大學,02311002,應用英文系,D 日,B 四技,182,18,49,30 臺北市,2 技職
113,0025,國立臺北科技大學,04131011,經營管理系碩士班,D 日,M 碩士,130,0,37,30 臺北市,2 技職
113,0025,國立臺北科技大學,04131011,經營管理系,N 職,M 碩士,105,0,45,30 臺北市,2 技職
113,0025,國立臺北科技大學,04131011,經營管理系,D 日,B 四技,240,15,59,30 臺北市,2 技職
113,0025,國立臺北科技大學,04131011,經營管理系_香港二技專班,D 日,C 二技,2,0,4,30 臺北市,2 技職
113,0025,國立臺北科技大學,04131020,管理學院管理博士班,D 日,D 博士,100,3,8,30 臺北市,2 技職
113,0025,國立臺北科技大學,04131072,高階管理碩士雙聯學位學程,N 職,M 碩士,25,1,10,30 臺北市,2 技職
113,0025,國立臺北科技大學,04199021,管理學院,D 日,M 碩士,45,0,42,30 臺北市,2 技職
113,0025,國立臺北科技大學,04199021,管理學院_EMBA碩士在職專班,N 職,M 碩士,91,0,73,30 臺北市,2 技職
113,0025,國立臺北科技大學,04212024,智慧財產權研究所,D 日,M 碩士,39,7,11,30 臺北市,2 技職
113,0025,國立臺北科技大學,04212024,智慧財產權研究所,N 職,M 碩士,31,0,3,30 臺北市,2 技職
113,0025,國立臺北科技大學,06131016,資訊與財金管理系,D 日,M 碩士,121,0,46,30 臺北市,2 技職
113,0025,國立臺北科技大學,06131016,管理學院資訊與財金管理EMBA專班,N 職,M 碩士,105,0,61,30 臺北市,2 技職
113,0025,國立臺北科技大學,06131016,資訊與財金管理系,D 日,B 四技,274,15,58,30 臺北市,2 技職
113,0025,國立臺北科技大學,06131016,資訊與財金管理系,N 修,B 四技,103,0,64,30 臺北市,2 技職
113,0025,國立臺北科技大學,06131016,資訊與財金管理系_香港二技專班,D 日,C 二技,3,0,0,30 臺北市,2 技職
113,0025,國立臺北科技大學,06131034,資訊工程系博士班,D 日,D 博士,17,0,2,30 臺北市,2 技職
113,0025,國立臺北科技大學,06131034,資訊工程系碩士班,D 日,M 碩士,179,0,80,30 臺北市,2 技職
113,0025,國立臺北科技大學,06131034,資訊工程系,D 日,B 四技,268,17,63,30 臺北市,2 技職
113,0025,國立臺北科技大學,06131034,資訊工程系,D 日,C 二技,0,0,3,30 臺北市,2 技職
113,0025,國立臺北科技大學,06131075,人工智慧與大數據高階管理雙聯碩士學位學程,N 職,M 碩士,69,0,13,30 臺北市,2 技職
113,0025,國立臺北科技大學,06131079,資訊安全博士學位學程,D 日,D 博士,9,0,0,30 臺北市,2 技職
113,0025,國立臺北科技大學,06131079,資訊安全碩士學位學程,D 日,M 碩士,102,2,0,30 臺北市,2 技職
113,0025,國立臺北科技大學,06199077,人工智慧科技博士學位學程,D 日,D 博士,9,0,0,30 臺北市,2 技職
113,0025,國立臺北科技大學,06199077,人工智慧科技碩士學位學程,D 日,M 碩士,84,3,21,30 臺北市,2 技職
113,0025,國立臺北科技大學,07111048,化學工程與生物科技系博士班,D 日,D 博士,42,0,9,30 臺北市,2 技職
113,0025,國立臺北科技大學,07111048,化學工程與生物科技系,D 日,M 碩士,240,0,98,30 臺北市,2 技職
113,0025,國立臺北科技大學,07111048,化學工程與生物科技系化學工程碩士在職專班,N 職,M 碩士,40,0,11,30 臺北市,2 技職
113,0025,國立臺北科技大學,07111048,化學工程與生物科技系,D 日,B 四技,563,30,116,30 臺北市,2 技職
113,0025,國立臺北科技大學,07111053,分子科學與工程系有機高分子博士班,D 日,D 博士,26,0,5,30 臺北市,2 技職
113,0025,國立臺北科技大學,07111053,分子科學與工程系有機高分子碩士班,D 日,M 碩士,155,0,68,30 臺北市,2 技職
113,0025,國立臺北科技大學,07111053,分子科學與工程系有機高分子碩士在職專班,N 職,M 碩士,35,0,11,30 臺北市,2 技職
113,0025,國立臺北科技大學,07111053,分子科學與工程系,D 日,B 四技,179,15,41,30 臺北市,2 技職
113,0025,國立臺北科技大學,07112057,材料科學與工程研究所,D 日,D 博士,23,0,2,30 臺北市,2 技職
113,0025,國立臺北科技大學,07112057,材料科學與工程研究所,D 日,M 碩士,133,9,52,30 臺北市,2 技職
113,0025,國立臺北科技大學,07112057,材料科學與工程研究所,N 職,M 碩士,7,0,2,30 臺北市,2 技職
113,0025,國立臺北科技大學,07112058,材料及資源工程系,D 日,B 四技,418,13,100,30 臺北市,2 技職
113,0025,國立臺北科技大學,07112059,資源工程研究所,D 日,D 博士,11,0,2,30 臺北市,2 技職
113,0025,國立臺北科技大學,07112059,資源工程研究所,D 日,M 碩士,71,7,20,30 臺北市,2 技職
113,0025,國立臺北科技大學,07112059,資源工程研究所,N 職,M 碩士,1,0,0,30 臺北市,2 技職
113,0025,國立臺北科技大學,07112067,工程學院_能源與光電材料外國學生專班,D 日,D 博士,53,2,7,30 臺北市,2 技職
113,0025,國立臺北科技大學,07121063,環境工程與管理研究所,D 日,D 博士,12,0,4,30 臺北市,2 技職
113,0025,國立臺北科技大學,07121063,環境工程與管理研究所,D 日,M 碩士,88,7,38,30 臺北市,2 技職
113,0025,國立臺北科技大學,07121063,環境工程與管理研究所,N 職,M 碩士,50,0,7,30 臺北市,2 技職
113,0025,國立臺北科技大學,07132068,能源與冷凍空調工程系博士班,D 日,D 博士,24,0,4,30 臺北市,2 技職
113,0025,國立臺北科技大學,07132068,能源與冷凍空調工程系,D 日,M 碩士,101,0,47,30 臺北市,2 技職
113,0025,國立臺北科技大學,07132068,能源與冷凍空調工程系碩士在職專班,N 職,M 碩士,70,0,19,30 臺北市,2 技職
113,0025,國立臺北科技大學,07132068,能源與冷凍空調工程系,D 日,B 四技,197,11,38,30 臺北市,2 技職
113,0025,國立臺北科技大學,07132068,能源與冷凍空調工程系,N 修,B 四技,192,2,63,30 臺北市,2 技職
113,0025,國立臺北科技大學,07141025,電機工程系博士班,D 日,D 博士,46,0,7,30 臺北市,2 技職
113,0025,國立臺北科技大學,07141025,電機工程系,D 日,M 碩士,366,0,164,30 臺北市,2 技職
113,0025,國立臺北科技大學,07141025,電機工程系碩士在職專班,N 職,M 碩士,139,0,24,30 臺北市,2 技職
113,0025,國立臺北科技大學,07141025,電機工程系,D 日,B 四技,572,38,141,30 臺北市,2 技職
113,0025,國立臺北科技大學,07141025,電機工程系,N 修,B 四技,10,1,55,30 臺北市,2 技職
113,0025,國立臺北科技大學,07141025,電機工程系_香港二技專班,D 日,C 二技,4,0,1,30 臺北市,2 技職
113,0025,國立臺北科技大學,07141028,電子工程系博士班,D 日,D 博士,47,0,4,30 臺北市,2 技職
113,0025,國立臺北科技大學,07141028,電子工程系碩士班,D 日,M 碩士,266,0,132,30 臺北市,2 技職
113,0025,國立臺北科技大學,07141028,電子工程系碩士在職專班,N 職,M 碩士,139,0,19,30 臺北市,2 技職
113,0025,國立臺北科技大學,07141028,電子工程系,D 日,B 四技,448,33,111,30 臺北市,2 技職
113,0025,國立臺北科技大學,07141028,電子工程系,N 修,B 四技,201,0,89,30 臺北市,2 技職
113,0025,國立臺北科技大學,07141028,電子工程系_香港二技專班,D 日,C 二技,1,0,0,30 臺北市,2 技職
113,0025,國立臺北科技大學,07141032,光電工程系博士班,D 日,D 博士,17,0,2,30 臺北市,2 技職
113,0025,國立臺北科技大學,07141032,光電工程系碩士班,D 日,M 碩士,156,0,77,30 臺北市,2 技職
113,0025,國立臺北科技大學,07141032,光電工程系,D 日,B 四技,216,18,41,30 臺北市,2 技職
113,0025,國立臺北科技大學,07141035,電資學士班,D 日,B 四技,171,2,20,30 臺北市,2 技職
113,0025,國立臺北科技大學,07141036,電資學院_外國學生專班,D 日,D 博士,26,0,2,30 臺北市,2 技職
113,0025,國立臺北科技大學,07141036,電資學院_外國學生專班,D 日,M 碩士,24,0,14,30 臺北市,2 技職
113,0025,國立臺北科技大學,07141036,電資學院_外國學生專班,D 日,B 四技,2,0,12,30 臺北市,2 技職
113,0025,國立臺北科技大學,07141044,自動化科技研究所,D 日,M 碩士,105,7,31,30 臺北市,2 技職
113,0025,國立臺北科技大學,07141044,自動化科技研究所,N 職,M 碩士,61,0,6,30 臺北市,2 技職
113,0025,國立臺北科技大學,07141080,太空系統工程研究所,D 日,M 碩士,27,3,0,30 臺北市,2 技職
113,0025,國立臺北科技大學,07141081,半導體科技學位學程,D 日,M 碩士,32,0,0,30 臺北市,2 技職
113,0025,國立臺北科技大學,07151037,機械工程系機電整合碩士班,D 日,M 碩士,220,0,93,30 臺北市,2 技職
113,0025,國立臺北科技大學,07151037,機械工程系機電整合碩士在職專班,N 職,M 碩士,84,0,15,30 臺北市,2 技職
113,0025,國立臺北科技大學,07151037,機械工程系,D 日,B 四技,401,28,128,30 臺北市,2 技職
113,0025,國立臺北科技大學,07151037,機械工程系產學訓專班,N 修,B 四技,52,0,42,30 臺北市,2 技職
113,0025,國立臺北科技大學,07151037,機械工程系,D 日,C 二技,0,0,1,30 臺北市,2 技職
113,0025,國立臺北科技大學,07151038,機電學院_能源冷凍空調與車輛外國學生專班,D 日,M 碩士,1,0,0,30 臺北市,2 技職
113,0025,國立臺北科技大學,07151038,機電學院,D 日,B 四技,186,3,18,30 臺北市,2 技職
113,0025,國立臺北科技大學,07151039,機電學院_機械與自動化外國學生專班,D 日,M 碩士,10,0,3,30 臺北市,2 技職
113,0025,國立臺北科技大學,07151040,機電學院,D 日,D 博士,68,1,4,30 臺北市,2 技職
113,0025,國立臺北科技大學,07151043,製造科技研究所,D 日,D 博士,31,0,6,30 臺北市,2 技職
113,0025,國立臺北科技大學,07151043,製造科技研究所,D 日,M 碩士,144,10,65,30 臺北市,2 技職
113,0025,國立臺北科技大學,07151043,製造科技研究所,N 職,M 碩士,59,0,8,30 臺北市,2 技職
113,0025,國立臺北科技大學,07151073,智慧自動化工程科,D 日,5 五專,159,5,23,30 臺北市,2 技職
113,0025,國立臺北科技大學,07161042,車輛工程系碩士班,D 日,M 碩士,95,0,37,30 臺北市,2 技職
113,0025,國立臺北科技大學,07161042,車輛工程系碩士在職專班,N 職,M 碩士,55,0,3,30 臺北市,2 技職
113,0025,國立臺北科技大學,07161042,車輛工程系,D 日,B 四技,204,14,43,30 臺北市,2 技職
113,0025,國立臺北科技大學,07161042,車輛工程系,N 修,B 四技,151,0,29,30 臺北市,2 技職
113,0025,國立臺北科技大學,07161078,智慧鐵道科技碩士學位學程,D 日,M 碩士,20,0,0,30 臺北市,2 技職
113,0025,國立臺北科技大學,07191022,工業工程與管理系博士班,D 日,D 博士,38,0,5,30 臺北市,2 技職
113,0025,國立臺北科技大學,07191022,工業工程與管理系碩士班,D 日,M 碩士,149,0,67,30 臺北市,2 技職
113,0025,國立臺北科技大學,07191022,工業工程與管理系,D 日,B 四技,346,21,67,30 臺北市,2 技職
113,0025,國立臺北科技大學,07191022,工業工程與管理系,N 修,B 四技,82,0,39,30 臺北市,2 技職
113,0025,國立臺北科技大學,07191022,工業工程與管理系_香港二技專班,D 日,C 二技,0,0,1,30 臺北市,2 技職
113,0025,國立臺北科技大學,07191074,管理學院工業與科技管理EMBA專班,N 職,M 碩士,76,0,40,30 臺北市,2 技職
113,0025,國立臺北科技大學,07194065,工程科技學士班,D 日,B 四技,58,2,0,30 臺北市,2 技職
113,0025,國立臺北科技大學,07311071,建築系建築與都市設計碩士班,D 日,M 碩士,71,0,27,30 臺北市,2 技職
113,0025,國立臺北科技大學,07311071,建築系建築與都市設計碩士在職專班,N 職,M 碩士,104,0,11,30 臺北市,2 技職
113,0025,國立臺北科技大學,07311071,建築系,D 日,B 四技,252,15,28,30 臺北市,2 技職
113,0025,國立臺北科技大學,07321045,土木工程系土木與防災博士班,D 日,D 博士,29,0,10,30 臺北市,2 技職
113,0025,國立臺北科技大學,07321045,土木工程系土木與防災碩士班,D 日,M 碩士,153,0,78,30 臺北市,2 技職
113,0025,國立臺北科技大學,07321045,土木工程系土木與防災碩士在職專班,N 職,M 碩士,85,0,21,30 臺北市,2 技職
113,0025,國立臺北科技大學,07321045,土木工程系,D 日,B 四技,441,24,100,30 臺北市,2 技職
113,0025,國立臺北科技大學,07321045,土木工程系_香港二技專班,D 日,C 二技,1,0,0,30 臺北市,2 技職
113,0025,國立臺北科技大學,07321076,高階土木營建工程管理雙聯碩士學位學程,N 職,M 碩士,4,0,0,30 臺北市,2 技職
113,0025,國立臺北科技大學,99999Z01,通識及共同科目,D 日,,0,22,0,30 臺北市,2 技職
113,0025,國立臺北科技大學,99999Z03,軍訓教官,D 日,,0,7,0,30 臺北市,2 技職
113,0025,國立臺北科技大學,99999Z05,師資培育中心,D 日,,0,3,0,30 臺北市,2 技職
113,0025,國立臺北科技大學,99999Z07,體育室,D 日,,0,13,0,30 臺北市,2 技職
113,0028,國立臺北藝術大學,02111018,電影創作學系,D 日,M 碩士,57,0,12,30 臺北市,1 一般
113,0028,國立臺北藝術大學,02111018,電影創作學系,D 日,B 學士,220,9,37,30 臺北市,1 一般
113,0028,國立臺北藝術大學,02111019,動畫學系,D 日,M 碩士,9,0,0,30 臺北市,1 一般
113,0028,國立臺北藝術大學,02111019,動畫學系,D 日,B 學士,193,8,39,30 臺北市,1 一般
113,0028,國立臺北藝術大學,02131003,美術學系,D 日,D 博士,23,0,2,30 臺北市,1 一般
113,0028,國立臺北藝術大學,02131003,美術學系,D 日,M 碩士,146,0,36,30 臺北市,1 一般
113,0028,國立臺北藝術大學,02131003,美術學系,N 職,M 碩士,55,0,9,30 臺北市,1 一般
113,0028,國立臺北藝術大學,02131003,美術學系,D 日,B 學士,260,14,68,30 臺北市,1 一般
113,0028,國立臺北藝術大學,02131020,藝術跨域研究所,D 日,M 碩士,44,6,4,30 臺北市,1 一般
113,0028,國立臺北藝術大學,02151005,音樂學系,D 日,D 博士,37,0,1,30 臺北市,1 一般
113,0028,國立臺北藝術大學,02151005,音樂學系,D 日,M 碩士,78,0,16,30 臺北市,1 一般
113,0028,國立臺北藝術大學,02151005,音樂學系,N 職,M 碩士,80,0,31,30 臺北市,1 一般
113,0028,國立臺北藝術大學,02151005,音樂學系,D 日,B 學士,264,29,58,30 臺北市,1 一般
113,0028,國立臺北藝術大學,02151006,傳統音樂學系,D 日,M 碩士,29,0,6,30 臺北市,1 一般
113,0028,國立臺北藝術大學,02151006,傳統音樂學系,D 日,B 學士,91,10,16,30 臺北市,1 一般
113,0028,國立臺北藝術大學,02151007,管絃與擊樂研究所,D 日,M 碩士,52,5,19,30 臺北市,1 一般
113,0028,國立臺北藝術大學,02151032,音樂與影像跨域學士學位學程,D 日,B 學士,107,4,0,30 臺北市,1 一般
113,0028,國立臺北藝術大學,02152008,戲劇學系,D 日,D 博士,16,0,1,30 臺北市,1 一般
113,0028,國立臺北藝術大學,02152008,戲劇學系,D 日,M 碩士,14,0,4,30 臺北市,1 一般
113,0028,國立臺北藝術大學,02152008,戲劇學系,D 日,B 學士,198,11,37,30 臺北市,1 一般
113,0028,國立臺北藝術大學,02152010,劇場藝術創作研究所,D 日,M 碩士,78,4,21,30 臺北市,1 一般
113,0028,國立臺北藝術大學,02152011,劇場設計學系,D 日,M 碩士,37,0,7,30 臺北市,1 一般
113,0028,國立臺北藝術大學,02152011,劇場設計學系,D 日,B 學士,157,9,34,30 臺北市,1 一般
113,0028,國立臺北藝術大學,02152013,舞蹈學系,D 日,D 博士,20,0,0,30 臺北市,1 一般
113,0028,國立臺北藝術大學,02152013,舞蹈學系,D 日,M 碩士,72,0,16,30 臺北市,1 一般
113,0028,國立臺北藝術大學,02152013,舞蹈學系,D 日,B 學士,136,17,20,30 臺北市,1 一般
113,0028,國立臺北藝術大學,02152013,舞蹈學系,D 日,5 七年,76,0,0,30 臺北市,1 一般
113,0028,國立臺北藝術大學,02191001,藝術與人文教育研究所,D 日,M 碩士,47,5,10,30 臺北市,1 一般
113,0028,國立臺北藝術大學,02191001,藝術與人文教育研究所,N 職,M 碩士,46,0,11,30 臺北市,1 一般
113,0028,國立臺北藝術大學,02191021,文化資源學院文化資產與藝術創新博士班,D 日,D 博士,42,0,1,30 臺北市,1 一般
113,0028,國立臺北藝術大學,02191023,新媒體藝術學系,D 日,M 碩士,88,0,14,30 臺北市,1 一般
113,0028,國立臺北藝術大學,02191023,新媒體藝術學系,D 日,B 學士,163,10,39,30 臺北市,1 一般
113,0028,國立臺北藝術大學,02191028,博物館研究所,D 日,M 碩士,51,5,10,30 臺北市,1 一般
113,0028,國立臺北藝術大學,02192025,藝術行政與管理研究所,D 日,M 碩士,92,5,14,30 臺北市,1 一般
113,0028,國立臺北藝術大學,02192025,藝術行政與管理研究所領導與決策高階經理人藝術碩士在職專班,N 職,M 碩士,8,0,0,30 臺北市,1 一般
113,0028,國立臺北藝術大學,02192026,文創產業國際藝術碩士學位學程,D 日,M 碩士,0,0,16,30 臺北市,1 一般
113,0028,國立臺北藝術大學,02192033,藝術創意研究國際碩士學位學程,D 日,M 碩士,28,2,0,30 臺北市,1 一般
113,0028,國立臺北藝術大學,02199031,文學跨域創作研究所,D 日,M 碩士,35,4,5,30 臺北市,1 一般
113,0028,國立臺北藝術大學,07311030,建築與文化資產研究所,D 日,M 碩士,64,4,15,30 臺北市,1 一般
113,0028,國立臺北藝術大學,99999Z01,通識及共同科目,D 日,,0,4,0,30 臺北市,1 一般
113,0028,國立臺北藝術大學,99999Z02,計算機中心,D 日,,0,2,0,30 臺北市,1 一般
113,0028,國立臺北藝術大學,99999Z05,師資培育中心,D 日,,0,2,0,30 臺北市,1 一般
113,0028,國立臺北藝術大學,99999Z07,體育室,D 日,,0,2,0,30 臺北市,1 一般
113,0028,國立臺北藝術大學,99999Z99,其他(包括行政助教),D 日,,0,1,0,30 臺北市,1 一般
113,0029,國立臺灣藝術大學,02111015,電影學系,D 日,M 碩士,48,0,6,01 新北市,1 一般
113,0029,國立臺灣藝術大學,02111015,電影學系,N 職,M 碩士,31,0,7,01 新北市,1 一般
113,0029,國立臺灣藝術大學,02111015,電影學系,D 日,B 學士,214,9,33,01 新北市,1 一般
113,0029,國立臺灣藝術大學,02111015,電影學系,P 進,B 學士,134,0,25,01 新北市,1 一般
113,0029,國立臺灣藝術大學,02111032,影音創作與數位媒體產業博士班,D 日,D 博士,16,0,0,01 新北市,1 一般
113,0029,國立臺灣藝術大學,02111032,影音創作與數位媒體產業碩士班,D 日,M 碩士,34,2,0,01 新北市,1 一般
113,0029,國立臺灣藝術大學,02112023,多媒體動畫藝術學系,D 日,M 碩士,65,0,17,01 新北市,1 一般
113,0029,國立臺灣藝術大學,02112023,多媒體動畫藝術學系,D 日,B 學士,130,9,36,01 新北市,1 一般
113,0029,國立臺灣藝術大學,02112028,視覺傳達設計學系,D 日,M 碩士,37,0,14,01 新北市,1 一般
113,0029,國立臺灣藝術大學,02112028,視覺傳達設計學系,N 職,M 碩士,38,0,8,01 新北市,1 一般
113,0029,國立臺灣藝術大學,02112028,視覺傳達設計學系,D 日,B 學士,156,9,31,01 新北市,1 一般
113,0029,國立臺灣藝術大學,02112028,視覺傳達設計學系,P 進,B 學士,148,0,37,01 新北市,1 一般
113,0029,國立臺灣藝術大學,02112028,視覺傳達設計學系,N 修,C 二技,48,0,16,01 新北市,1 一般
113,0029,國立臺灣藝術大學,02122027,創意產業設計研究所,D 日,D 博士,30,4,7,01 新北市,1 一般
113,0029,國立臺灣藝術大學,02131003,美術學系當代視覺文化博士班,D 日,D 博士,30,0,4,01 新北市,1 一般
113,0029,國立臺灣藝術大學,02131003,美術學系,D 日,M 碩士,102,0,10,01 新北市,1 一般
113,0029,國立臺灣藝術大學,02131003,美術學系,N 職,M 碩士,45,0,12,01 新北市,1 一般
113,0029,國立臺灣藝術大學,02131003,美術學系,D 日,B 學士,169,10,30,01 新北市,1 一般
113,0029,國立臺灣藝術大學,02131003,美術學系,P 進,B 學士,141,0,15,01 新北市,1 一般
113,0029,國立臺灣藝術大學,02131003,美術學系,N 修,C 二技,80,0,30,01 新北市,1 一般
113,0029,國立臺灣藝術大學,02131005,書畫藝術學系,D 日,D 博士,31,0,3,01 新北市,1 一般
113,0029,國立臺灣藝術大學,02131005,書畫藝術學系,D 日,M 碩士,52,0,13,01 新北市,1 一般
113,0029,國立臺灣藝術大學,02131005,書畫藝術學系,N 職,M 碩士,49,0,4,01 新北市,1 一般
113,0029,國立臺灣藝術大學,02131005,書畫藝術學系,D 日,B 學士,134,10,27,01 新北市,1 一般
113,0029,國立臺灣藝術大學,02131005,書畫藝術學系,P 進,B 學士,130,0,25,01 新北市,1 一般
113,0029,國立臺灣藝術大學,02131005,書畫藝術學系,N 修,C 二技,66,0,18,01 新北市,1 一般
113,0029,國立臺灣藝術大學,02131016,美術學院造形藝術碩士班,D 日,M 碩士,4,0,2,01 新北市,1 一般
113,0029,國立臺灣藝術大學,02131016,美術學院造形藝術碩士在職專班,N 職,M 碩士,6,0,4,01 新北市,1 一般
113,0029,國立臺灣藝術大學,02132006,雕塑學系,D 日,M 碩士,34,0,6,01 新北市,1 一般
113,0029,國立臺灣藝術大學,02132006,雕塑學系,D 日,B 學士,168,9,22,01 新北市,1 一般
113,0029,國立臺灣藝術大學,02141007,工藝設計學系,D 日,M 碩士,45,0,13,01 新北市,1 一般
113,0029,國立臺灣藝術大學,02141007,工藝設計學系,N 職,M 碩士,25,0,1,01 新北市,1 一般
113,0029,國立臺灣藝術大學,02141007,工藝設計學系,D 日,B 學士,144,8,24,01 新北市,1 一般
113,0029,國立臺灣藝術大學,02141007,工藝設計學系,P 進,B 學士,157,0,21,01 新北市,1 一般
113,0029,國立臺灣藝術大學,02141007,工藝設計學系,N 修,C 二技,61,0,16,01 新北市,1 一般
113,0029,國立臺灣藝術大學,02151010,音樂學系,D 日,M 碩士,42,0,13,01 新北市,1 一般
113,0029,國立臺灣藝術大學,02151010,音樂學系,N 職,M 碩士,43,0,6,01 新北市,1 一般
113,0029,國立臺灣藝術大學,02151010,音樂學系,D 日,B 學士,244,12,54,01 新北市,1 一般
113,0029,國立臺灣藝術大學,02151010,音樂學系,P 進,B 學士,109,0,15,01 新北市,1 一般
113,0029,國立臺灣藝術大學,02151011,中國音樂學系,D 日,M 碩士,43,0,13,01 新北市,1 一般
113,0029,國立臺灣藝術大學,02151011,中國音樂學系,N 職,M 碩士,22,0,2,01 新北市,1 一般
113,0029,國立臺灣藝術大學,02151011,中國音樂學系,D 日,B 學士,152,7,30,01 新北市,1 一般
113,0029,國立臺灣藝術大學,02151011,中國音樂學系,P 進,B 學士,86,0,26,01 新北市,1 一般
113,0029,國立臺灣藝術大學,02152012,戲劇學系,D 日,M 碩士,35,0,5,01 新北市,1 一般
113,0029,國立臺灣藝術大學,02152012,戲劇學系,N 職,M 碩士,12,0,8,01 新北市,1 一般
113,0029,國立臺灣藝術大學,02152012,戲劇學系,D 日,B 學士,191,8,38,01 新北市,1 一般
113,0029,國立臺灣藝術大學,02152012,戲劇學系,P 進,B 學士,194,0,36,01 新北市,1 一般
113,0029,國立臺灣藝術大學,02152012,戲劇學系,N 修,C 二技,12,0,5,01 新北市,1 一般
113,0029,國立臺灣藝術大學,02152014,舞蹈學系,D 日,M 碩士,32,0,6,01 新北市,1 一般
113,0029,國立臺灣藝術大學,02152014,舞蹈學系,N 職,M 碩士,10,0,2,01 新北市,1 一般
113,0029,國立臺灣藝術大學,02152014,舞蹈學系,D 日,B 學士,147,9,25,01 新北市,1 一般
113,0029,國立臺灣藝術大學,02152014,舞蹈學系,P 進,B 學士,115,0,20,01 新北市,1 一般
113,0029,國立臺灣藝術大學,02152019,教師在職進修表演藝術教學碩士學位班,N 職,M 碩士,1,0,0,01 新北市,1 一般
113,0029,國立臺灣藝術大學,02152034,表演藝術學院表演藝術跨領域碩士班,D 日,M 碩士,2,0,7,01 新北市,1 一般
113,0029,國立臺灣藝術大學,02152034,表演藝術學院表演藝術跨領域碩士在職專班,N 職,M 碩士,5,0,3,01 新北市,1 一般
113,0029,國立臺灣藝術大學,02152035,跨域表演藝術研究所,D 日,D 博士,18,0,0,01 新北市,1 一般
113,0029,國立臺灣藝術大學,02152035,跨域表演藝術研究所,D 日,M 碩士,31,4,1,01 新北市,1 一般
113,0029,國立臺灣藝術大學,02152035,跨域表演藝術研究所,N 職,M 碩士,19,0,3,01 新北市,1 一般
113,0029,國立臺灣藝術大學,02191001,藝術與人文教學研究所,D 日,M 碩士,34,3,7,01 新北市,1 一般
113,0029,國立臺灣藝術大學,02191017,古蹟藝術修護學系,D 日,M 碩士,21,0,4,01 新北市,1 一般
113,0029,國立臺灣藝術大學,02191017,古蹟藝術修護學系,D 日,B 學士,134,8,27,01 新北市,1 一般
113,0029,國立臺灣藝術大學,02191018,表演藝術學院表演藝術博士班,D 日,D 博士,11,0,6,01 新北市,1 一般
113,0029,國立臺灣藝術大學,02192026,藝術管理與文化政策研究所,D 日,D 博士,25,0,4,01 新北市,1 一般
113,0029,國立臺灣藝術大學,02192026,藝術管理與文化政策研究所,D 日,M 碩士,45,4,7,01 新北市,1 一般
113,0029,國立臺灣藝術大學,02199030,圖文傳播藝術學系,D 日,M 碩士,36,0,9,01 新北市,1 一般
113,0029,國立臺灣藝術大學,02199030,圖文傳播藝術學系,N 職,M 碩士,19,0,4,01 新北市,1 一般
113,0029,國立臺灣藝術大學,02199030,圖文傳播藝術學系,D 日,B 學士,179,9,33,01 新北市,1 一般
113,0029,國立臺灣藝術大學,02199030,圖文傳播藝術學系,P 進,B 學士,155,0,30,01 新北市,1 一般
113,0029,國立臺灣藝術大學,02199036,亞太建築空間與文物保存學士學位學程,D 日,B 學士,64,2,0,01 新北市,1 一般
113,0029,國立臺灣藝術大學,03213029,廣播電視學系,D 日,M 碩士,33,0,14,01 新北市,1 一般
113,0029,國立臺灣藝術大學,03213029,廣播電視學系,N 職,M 碩士,37,0,7,01 新北市,1 一般
113,0029,國立臺灣藝術大學,03213029,廣播電視學系,D 日,B 學士,193,9,35,01 新北市,1 一般
113,0029,國立臺灣藝術大學,03213029,廣播電視學系,P 進,B 學士,141,0,32,01 新北市,1 一般
113,0029,國立臺灣藝術大學,03213029,廣播電視學系,N 修,C 二技,45,0,30,01 新北市,1 一般
113,0029,國立臺灣藝術大學,99999Z01,通識及共同科目,D 日,,0,10,0,01 新北市,1 一般
113,0029,國立臺灣藝術大學,99999Z03,軍訓教官,D 日,,0,1,0,01 新北市,1 一般
113,0029,國立臺灣藝術大學,99999Z05,師資培育中心,D 日,,0,5,0,01 新北市,1 一般
113,0029,國立臺灣藝術大學,99999Z07,體育室,D 日,,0,5,0,01 新北市,1 一般
113,0030,國立臺東大學,01111001,教育學系教育研究博士班,D 日,D 博士,16,0,3,14 臺東縣,1 一般
113,0030,國立臺東大學,01111001,教育學系,D 日,M 碩士,39,0,11,14 臺東縣,1 一般
113,0030,國立臺東大學,01111001,教育學系,N 職,M 碩士,159,0,30,14 臺東縣,1 一般
113,0030,國立臺東大學,01111001,教育學系,D 日,B 學士,183,11,43,14 臺東縣,1 一般
113,0030,國立臺東大學,01113008,特殊教育學系,D 日,M 碩士,24,0,5,14 臺東縣,1 一般
113,0030,國立臺東大學,01113008,特殊教育學系,N 職,M 碩士,66,0,26,14 臺東縣,1 一般
113,0030,國立臺東大學,01113008,特殊教育學系,D 日,B 學士,151,8,38,14 臺東縣,1 一般
113,0030,國立臺東大學,01121007,幼兒教育學系,D 日,M 碩士,18,0,3,14 臺東縣,1 一般
113,0030,國立臺東大學,01121007,幼兒教育學系碩士在職專班(暑期班),N 職,M 碩士,91,0,4,14 臺東縣,1 一般
113,0030,國立臺東大學,01121007,幼兒教育學系,D 日,B 學士,278,11,65,14 臺東縣,1 一般
113,0030,國立臺東大學,01121007,幼兒教育學系幼兒教育學士後學位學程教保員專班,P 進,B 學士,50,0,16,14 臺東縣,1 一般
113,0030,國立臺東大學,01131004,國語文補救教學碩士在職專班,N 職,M 碩士,12,0,4,14 臺東縣,1 一般
113,0030,國立臺東大學,01141006,體育學系,D 日,M 碩士,34,0,9,14 臺東縣,1 一般
113,0030,國立臺東大學,01141006,體育學系,D 日,B 學士,199,9,36,14 臺東縣,1 一般
113,0030,國立臺東大學,02112005,數位媒體與文教產業學系,D 日,M 碩士,13,0,1,14 臺東縣,1 一般
113,0030,國立臺東大學,02112005,數位媒體與文教產業學系,N 職,M 碩士,19,0,0,14 臺東縣,1 一般
113,0030,國立臺東大學,02112005,數位媒體與文教產業學系,D 日,B 學士,154,9,41,14 臺東縣,1 一般
113,0030,國立臺東大學,02131009,美術產業學系,D 日,M 碩士,13,0,2,14 臺東縣,1 一般
113,0030,國立臺東大學,02131009,美術產業學系,N 職,M 碩士,15,0,5,14 臺東縣,1 一般
113,0030,國立臺東大學,02131009,美術產業學系,D 日,B 學士,152,9,33,14 臺東縣,1 一般
113,0030,國立臺東大學,02151011,音樂學系,D 日,M 碩士,11,0,5,14 臺東縣,1 一般
113,0030,國立臺東大學,02151011,音樂學系,D 日,B 學士,110,9,12,14 臺東縣,1 一般
113,0030,國立臺東大學,02222043,人文學院南島文化研究博士班,D 日,D 博士,9,2,0,14 臺東縣,1 一般
113,0030,國立臺東大學,02311015,英美語文學系,D 日,M 碩士,15,0,1,14 臺東縣,1 一般
113,0030,國立臺東大學,02311015,英美語文學系,D 日,B 學士,137,9,35,14 臺東縣,1 一般
113,0030,國立臺東大學,02323013,華語文學系,D 日,M 碩士,17,0,6,14 臺東縣,1 一般
113,0030,國立臺東大學,02323013,華語文學系,D 日,B 學士,122,8,42,14 臺東縣,1 一般
113,0030,國立臺東大學,02399016,兒童文學研究所,D 日,D 博士,25,0,2,14 臺東縣,1 一般
113,0030,國立臺東大學,02399016,兒童文學研究所,D 日,M 碩士,40,7,14,14 臺東縣,1 一般
113,0030,國立臺東大學,02399016,兒童文學研究所,N 職,M 碩士,81,0,14,14 臺東縣,1 一般
113,0030,國立臺東大學,03199017,公共與文化事務學系,D 日,M 碩士,36,0,2,14 臺東縣,1 一般
113,0030,國立臺東大學,03199017,公共與文化事務學系,N 職,M 碩士,68,0,9,14 臺東縣,1 一般
113,0030,國立臺東大學,03199017,公共與文化事務學系,D 日,B 學士,185,11,45,14 臺東縣,1 一般
113,0030,國立臺東大學,04131028,資訊管理學系產業管理與數位行銷進修學士班,P 進,B 學士,69,0,10,14 臺東縣,1 一般
113,0030,國立臺東大學,04131038,綠色產業高階管理碩士在職專班,N 職,M 碩士,2,0,0,14 臺東縣,1 一般
113,0030,國立臺東大學,04199039,大數據管理應用學士二年制在職學位學程,N 修,C 二技,16,2,13,14 臺東縣,1 一般
113,0030,國立臺東大學,05111020,生命科學系,D 日,M 碩士,16,0,5,14 臺東縣,1 一般
113,0030,國立臺東大學,05111020,生命科學系,D 日,B 學士,162,9,38,14 臺東縣,1 一般
113,0030,國立臺東大學,05399021,應用科學系,D 日,M 碩士,11,0,8,14 臺東縣,1 一般
113,0030,國立臺東大學,05399021,應用科學系,D 日,B 學士,322,10,68,14 臺東縣,1 一般
113,0030,國立臺東大學,05399045,理工學院應用科學與生物技術博士班,D 日,D 博士,4,2,0,14 臺東縣,1 一般
113,0030,國立臺東大學,05411024,應用數學系,D 日,B 學士,154,7,30,14 臺東縣,1 一般
113,0030,國立臺東大學,06131028,資訊管理學系,D 日,M 碩士,15,0,6,14 臺東縣,1 一般
113,0030,國立臺東大學,06131028,資訊管理學系環境經濟資訊管理碩士在職專班(暑期班),N 職,M 碩士,20,0,2,14 臺東縣,1 一般
113,0030,國立臺東大學,06131028,資訊管理學系,D 日,B 學士,190,9,36,14 臺東縣,1 一般
113,0030,國立臺東大學,06131029,資訊工程學系,D 日,M 碩士,15,0,2,14 臺東縣,1 一般
113,0030,國立臺東大學,06131029,資訊工程學系,N 職,M 碩士,33,0,0,14 臺東縣,1 一般
113,0030,國立臺東大學,06131029,資訊工程學系,D 日,B 學士,372,11,82,14 臺東縣,1 一般
113,0030,國立臺東大學,06199023,綠色與資訊科技學士學位學程,D 日,B 學士,85,5,29,14 臺東縣,1 一般
113,0030,國立臺東大學,07132046,綠能與資訊科技碩士學位學程,D 日,M 碩士,11,0,0,14 臺東縣,1 一般
113,0030,國立臺東大學,07132046,綠能與資訊科技學系,D 日,B 學士,32,1,0,14 臺東縣,1 一般
113,0030,國立臺東大學,07211042,食品生物技術應用二年制在職學位學程,N 修,C 二技,33,2,15,14 臺東縣,1 一般
113,0030,國立臺東大學,09121041,生物醫學碩士學位學程,D 日,M 碩士,14,2,4,14 臺東縣,1 一般
113,0030,國立臺東大學,09211040,高齡健康與照護管理原住民專班,D 日,B 學士,106,3,16,14 臺東縣,1 一般
113,0030,國立臺東大學,09211040,高齡健康與照護管理二年制在職學位學程,N 修,C 二技,10,0,0,14 臺東縣,1 一般
113,0030,國立臺東大學,09231017,公共與文化事務學系社會工作二年制在職專班,N 修,C 二技,61,0,33,14 臺東縣,1 一般
113,0030,國立臺東大學,10141034,運動競技學士學位學程,D 日,B 學士,102,0,22,14 臺東縣,1 一般
113,0030,國立臺東大學,10141047,競技與運動科學學系,D 日,B 學士,35,5,0,14 臺東縣,1 一般
113,0030,國立臺東大學,10142035,身心整合與運動休閒產業學系,D 日,B 學士,146,7,41,14 臺東縣,1 一般
113,0030,國立臺東大學,10151031,文化資源與休閒產業學系,D 日,M 碩士,18,0,6,14 臺東縣,1 一般
113,0030,國立臺東大學,10151031,文化資源與休閒產業學系,N 職,M 碩士,54,0,14,14 臺東縣,1 一般
113,0030,國立臺東大學,10151031,文化資源與休閒產業學系,D 日,B 學士,171,10,42,14 臺東縣,1 一般
113,0030,國立臺東大學,10151031,文化資源與休閒產業學系產業經營進修學士班,P 進,B 學士,102,0,25,14 臺東縣,1 一般
113,0030,國立臺東大學,10151032,師範學院休閒事業管理碩士在職專班,N 職,M 碩士,70,2,17,14 臺東縣,1 一般
113,0030,國立臺東大學,99999044,全校不分系學士學位學程,D 日,B 學士,55,2,0,14 臺東縣,1 一般
113,0030,國立臺東大學,99999Z01,通識及共同科目,D 日,,0,4,0,14 臺東縣,1 一般
113,0030,國立臺東大學,99999Z03,軍訓教官,D 日,,0,5,0,14 臺東縣,1 一般
113,0030,國立臺東大學,99999Z05,師資培育中心,D 日,,0,7,0,14 臺東縣,1 一般
113,0031,國立宜蘭大學,02311001,外國語文學系,D 日,B 學士,175,10,41,02 宜蘭縣,1 一般
113,0031,國立宜蘭大學,03111007,應用經濟與管理學系,D 日,M 碩士,52,0,15,02 宜蘭縣,1 一般
113,0031,國立宜蘭大學,03111007,應用經濟與管理學系,D 日,B 學士,376,11,82,02 宜蘭縣,1 一般
113,0031,國立宜蘭大學,04191001,外國語文學系國際商務溝通碩士班,D 日,M 碩士,15,0,5,02 宜蘭縣,1 一般
113,0031,國立宜蘭大學,04199006,人文及管理學院高階經營管理碩士在職專班,N 職,M 碩士,44,2,19,02 宜蘭縣,1 一般
113,0031,國立宜蘭大學,04199043,大數據管理與應用學士學位學程,D 日,,0,2,0,02 宜蘭縣,1 一般
113,0031,國立宜蘭大學,06121010,多媒體網路通訊數位學習碩士在職專班,N 職,M 碩士,25,2,19,02 宜蘭縣,1 一般
113,0031,國立宜蘭大學,06131042,人工智慧碩士學位學程,D 日,M 碩士,22,2,5,02 宜蘭縣,1 一般
113,0031,國立宜蘭大學,07111023,化學工程與材料工程學系,D 日,M 碩士,45,0,24,02 宜蘭縣,1 一般
113,0031,國立宜蘭大學,07111023,化學工程與材料工程學系,D 日,B 學士,385,15,81,02 宜蘭縣,1 一般
113,0031,國立宜蘭大學,07121024,環境工程學系,D 日,M 碩士,22,0,14,02 宜蘭縣,1 一般
113,0031,國立宜蘭大學,07121024,環境工程學系,D 日,B 學士,192,10,45,02 宜蘭縣,1 一般
113,0031,國立宜蘭大學,07121024,環境工程學系,P 進,B 學士,86,0,15,02 宜蘭縣,1 一般
113,0031,國立宜蘭大學,07141011,電機工程學系,D 日,M 碩士,49,0,13,02 宜蘭縣,1 一般
113,0031,國立宜蘭大學,07141011,電機工程學系,D 日,B 學士,352,13,77,02 宜蘭縣,1 一般
113,0031,國立宜蘭大學,07141011,電機工程學系,P 進,B 學士,86,0,16,02 宜蘭縣,1 一般
113,0031,國立宜蘭大學,07141012,電子工程學系,D 日,M 碩士,30,0,9,02 宜蘭縣,1 一般
113,0031,國立宜蘭大學,07141012,電子工程學系,D 日,B 學士,365,14,83,02 宜蘭縣,1 一般
113,0031,國立宜蘭大學,07141013,資訊工程學系,D 日,M 碩士,35,0,7,02 宜蘭縣,1 一般
113,0031,國立宜蘭大學,07141013,資訊工程學系,D 日,B 學士,205,9,51,02 宜蘭縣,1 一般
113,0031,國立宜蘭大學,07141014,電機資訊學院碩士在職專班,N 職,M 碩士,31,2,3,02 宜蘭縣,1 一般
113,0031,國立宜蘭大學,07151017,機械與機電工程學系,D 日,M 碩士,30,0,11,02 宜蘭縣,1 一般
113,0031,國立宜蘭大學,07151017,機械與機電工程學系,D 日,B 學士,370,14,85,02 宜蘭縣,1 一般
113,0031,國立宜蘭大學,07151019,生物機電工程學系,D 日,M 碩士,23,0,2,02 宜蘭縣,1 一般
113,0031,國立宜蘭大學,07151019,生物機電工程學系,D 日,B 學士,199,10,37,02 宜蘭縣,1 一般
113,0031,國立宜蘭大學,07194025,綠色科技學程碩士在職專班,N 職,M 碩士,0,0,8,02 宜蘭縣,1 一般
113,0031,國立宜蘭大學,07194045,工學院碩士在職專班,N 職,M 碩士,26,2,0,02 宜蘭縣,1 一般
113,0031,國立宜蘭大學,07211033,食品科學系,D 日,M 碩士,27,0,17,02 宜蘭縣,1 一般
113,0031,國立宜蘭大學,07211033,食品科學系,D 日,B 學士,344,15,79,02 宜蘭縣,1 一般
113,0031,國立宜蘭大學,07311027,建築與永續規劃研究所,D 日,M 碩士,53,6,10,02 宜蘭縣,1 一般
113,0031,國立宜蘭大學,07321021,土木工程學系,D 日,M 碩士,38,0,14,02 宜蘭縣,1 一般
113,0031,國立宜蘭大學,07321021,土木工程學系,D 日,B 學士,400,13,66,02 宜蘭縣,1 一般
113,0031,國立宜蘭大學,08111041,無人機應用暨智慧農業碩士學位學程,D 日,M 碩士,14,2,5,02 宜蘭縣,1 一般
113,0031,國立宜蘭大學,08112030,生物技術與動物科學系,D 日,D 博士,13,0,3,02 宜蘭縣,1 一般
113,0031,國立宜蘭大學,08112030,生物技術與動物科學系動物科學碩士班,D 日,M 碩士,0,0,8,02 宜蘭縣,1 一般
113,0031,國立宜蘭大學,08112030,生物技術與動物科學系,D 日,B 學士,377,14,88,02 宜蘭縣,1 一般
113,0031,國立宜蘭大學,08112044,生物技術與動物科學系,D 日,M 碩士,29,0,0,02 宜蘭縣,1 一般
113,0031,國立宜蘭大學,08121031,園藝學系,D 日,M 碩士,20,0,10,02 宜蘭縣,1 一般
113,0031,國立宜蘭大學,08121031,園藝學系,D 日,B 學士,206,10,56,02 宜蘭縣,1 一般
113,0031,國立宜蘭大學,08193040,智慧休閒農業進修學士學位學程,P 進,B 學士,89,3,18,02 宜蘭縣,1 一般
113,0031,國立宜蘭大學,08199037,生物資源學院碩士在職專班,N 職,M 碩士,28,0,7,02 宜蘭縣,1 一般
113,0031,國立宜蘭大學,08199037,生物資源學院原住民專班,D 日,B 學士,65,4,11,02 宜蘭縣,1 一般
113,0031,國立宜蘭大學,08211036,森林暨自然資源學系,D 日,M 碩士,23,0,4,02 宜蘭縣,1 一般
113,0031,國立宜蘭大學,08211036,森林暨自然資源學系,D 日,B 學士,188,11,40,02 宜蘭縣,1 一般
113,0031,國立宜蘭大學,10152038,休閒產業與健康促進學系運動與健康管理碩士班,D 日,M 碩士,18,0,5,02 宜蘭縣,1 一般
113,0031,國立宜蘭大學,10152038,休閒產業與健康促進學系,D 日,B 學士,176,9,40,02 宜蘭縣,1 一般
113,0031,國立宜蘭大學,10152038,休閒產業與健康促進學系,P 進,B 學士,99,0,25,02 宜蘭縣,1 一般
113,0031,國立宜蘭大學,99999Z01,通識及共同科目,D 日,,0,19,0,02 宜蘭縣,1 一般
113,0031,國立宜蘭大學,99999Z03,軍訓教官,D 日,,0,2,0,02 宜蘭縣,1 一般
113,0031,國立宜蘭大學,99999Z99,其他(包括行政助教),D 日,,0,8,0,02 宜蘭縣,1 一般
113,0032,國立聯合大學,02122005,文化創意與數位行銷學系,D 日,B 學士,189,8,45,05 苗栗縣,1 一般
113,0032,國立聯合大學,02122005,文化創意與數位行銷學系,P 進,B 學士,94,0,26,05 苗栗縣,1 一般
113,0032,國立聯合大學,02123006,工業設計學系,D 日,M 碩士,8,0,4,05 苗栗縣,1 一般
113,0032,國立聯合大學,02123006,工業設計學系,D 日,B 學士,142,9,33,05 苗栗縣,1 一般
113,0032,國立聯合大學,02123006,工業設計學系,P 進,B 學士,30,0,12,05 苗栗縣,1 一般
113,0032,國立聯合大學,02123044,原住民學士學位學程專班,D 日,B 學士,38,2,5,05 苗栗縣,1 一般
113,0032,國立聯合大學,02321001,臺灣語文與傳播學系,D 日,M 碩士,9,0,3,05 苗栗縣,1 一般
113,0032,國立聯合大學,02321001,臺灣語文與傳播學系,D 日,B 學士,142,8,37,05 苗栗縣,1 一般
113,0032,國立聯合大學,02321004,客家語言與傳播研究所,D 日,M 碩士,46,5,5,05 苗栗縣,1 一般
113,0032,國立聯合大學,02323002,華語文學系,D 日,B 學士,166,7,41,05 苗栗縣,1 一般
113,0032,國立聯合大學,04121014,財務金融學系,D 日,B 學士,196,7,50,05 苗栗縣,1 一般
113,0032,國立聯合大學,04121014,財務金融學系,P 進,B 學士,4,0,13,05 苗栗縣,1 一般
113,0032,國立聯合大學,04131011,經營管理學系,D 日,M 碩士,27,0,17,05 苗栗縣,1 一般
113,0032,國立聯合大學,04131011,經營管理學系,D 日,B 學士,535,21,139,05 苗栗縣,1 一般
113,0032,國立聯合大學,04131011,經營管理學系,P 進,B 學士,141,0,35,05 苗栗縣,1 一般
113,0032,國立聯合大學,04131012,管理碩士在職學位學程,N 職,M 碩士,57,2,15,05 苗栗縣,1 一般
113,0032,國立聯合大學,06131016,資訊管理學系,D 日,M 碩士,22,0,8,05 苗栗縣,1 一般
113,0032,國立聯合大學,06131016,資訊管理學系,D 日,B 學士,343,13,80,05 苗栗縣,1 一般
113,0032,國立聯合大學,06131020,資訊工程學系,D 日,M 碩士,11,0,3,05 苗栗縣,1 一般
113,0032,國立聯合大學,06131020,資訊工程學系,D 日,B 學士,188,10,37,05 苗栗縣,1 一般
113,0032,國立聯合大學,06131020,資訊工程學系,P 進,B 學士,97,0,18,05 苗栗縣,1 一般
113,0032,國立聯合大學,07111028,化學工程學系,D 日,M 碩士,41,0,17,05 苗栗縣,1 一般
113,0032,國立聯合大學,07111028,化學工程學系,D 日,B 學士,350,15,74,05 苗栗縣,1 一般
113,0032,國立聯合大學,07111028,化學工程學系,P 進,B 學士,70,0,14,05 苗栗縣,1 一般
113,0032,國立聯合大學,07111043,工程科技轉譯醫學國際碩士學位學程,D 日,M 碩士,5,2,0,05 苗栗縣,1 一般
113,0032,國立聯合大學,07112029,材料科學工程學系,D 日,M 碩士,30,0,7,05 苗栗縣,1 一般
113,0032,國立聯合大學,07112029,材料科學工程學系,D 日,B 學士,189,9,31,05 苗栗縣,1 一般
113,0032,國立聯合大學,07112030,材料與化學工程博士學位學程,D 日,D 博士,24,1,1,05 苗栗縣,1 一般
113,0032,國立聯合大學,07121034,環境與安全衛生工程學系,D 日,M 碩士,20,0,5,05 苗栗縣,1 一般
113,0032,國立聯合大學,07121034,環境與安全衛生工程學系,D 日,B 學士,334,13,76,05 苗栗縣,1 一般
113,0032,國立聯合大學,07132035,能源工程學系,D 日,M 碩士,30,0,4,05 苗栗縣,1 一般
113,0032,國立聯合大學,07132035,能源工程學系,D 日,B 學士,137,9,29,05 苗栗縣,1 一般
113,0032,國立聯合大學,07141017,電機工程學系,D 日,M 碩士,82,0,23,05 苗栗縣,1 一般
113,0032,國立聯合大學,07141017,電機工程學系,D 日,B 學士,720,21,149,05 苗栗縣,1 一般
113,0032,國立聯合大學,07141018,電子工程學系,D 日,M 碩士,49,0,12,05 苗栗縣,1 一般
113,0032,國立聯合大學,07141018,電子工程學系,D 日,B 學士,770,24,154,05 苗栗縣,1 一般
113,0032,國立聯合大學,07141019,光電工程學系,D 日,M 碩士,30,0,14,05 苗栗縣,1 一般
113,0032,國立聯合大學,07141019,光電工程學系,D 日,B 學士,356,14,63,05 苗栗縣,1 一般
113,0032,國立聯合大學,07141046,電機資訊學院博士班,D 日,D 博士,2,2,0,05 苗栗縣,1 一般
113,0032,國立聯合大學,07151025,機械工程學系,D 日,M 碩士,38,0,16,05 苗栗縣,1 一般
113,0032,國立聯合大學,07151025,機械工程學系,D 日,B 學士,709,25,155,05 苗栗縣,1 一般
113,0032,國立聯合大學,07151025,機械工程學系,P 進,B 學士,324,0,22,05 苗栗縣,1 一般
113,0032,國立聯合大學,07311040,建築學系,D 日,M 碩士,10,0,2,05 苗栗縣,1 一般
113,0032,國立聯合大學,07311040,建築學系,D 日,B 學士,220,10,29,05 苗栗縣,1 一般
113,0032,國立聯合大學,07321027,土木與防災工程學系,D 日,M 碩士,20,0,5,05 苗栗縣,1 一般
113,0032,國立聯合大學,07321027,土木與防災工程學系,D 日,B 學士,177,9,43,05 苗栗縣,1 一般
113,0032,國立聯合大學,07321027,土木與防災工程學系,P 進,B 學士,108,0,26,05 苗栗縣,1 一般
113,0032,國立聯合大學,10151042,文化觀光產業學系,D 日,B 學士,166,7,38,05 苗栗縣,1 一般
113,0032,國立聯合大學,10151042,文化觀光產業學系,P 進,B 學士,98,0,17,05 苗栗縣,1 一般
113,0032,國立聯合大學,99999Z01,通識及共同科目,D 日,,0,14,0,05 苗栗縣,1 一般
113,0032,國立聯合大學,99999Z08,語言中心,D 日,,0,11,0,05 苗栗縣,1 一般
113,0033,國立虎尾科技大學,02112002,多媒體設計系數位內容創意產業碩士班,D 日,M 碩士,35,0,5,09 雲林縣,2 技職
113,0033,國立虎尾科技大學,02112002,多媒體設計系,D 日,B 四技,229,11,56,09 雲林縣,2 技職
113,0033,國立虎尾科技大學,02112002,多媒體設計系,N 修,B 四技,150,0,36,09 雲林縣,2 技職
113,0033,國立虎尾科技大學,02112002,多媒體設計系,D 日,C 二技,46,0,33,09 雲林縣,2 技職
113,0033,國立虎尾科技大學,02311001,應用外語系,D 日,B 四技,366,15,95,09 雲林縣,2 技職
113,0033,國立虎尾科技大學,02311001,應用外語系,N 修,B 四技,48,0,0,09 雲林縣,2 技職
113,0033,國立虎尾科技大學,04121005,財務金融系碩士班,D 日,M 碩士,22,0,11,09 雲林縣,2 技職
113,0033,國立虎尾科技大學,04121005,財務金融系,D 日,B 四技,233,10,54,09 雲林縣,2 技職
113,0033,國立虎尾科技大學,04121005,財務金融系,N 修,B 四技,151,0,36,09 雲林縣,2 技職
113,0033,國立虎尾科技大學,04121005,財務金融系,N 修,C 二技,51,0,21,09 雲林縣,2 技職
113,0033,國立虎尾科技大學,04131003,企業管理系經營管理碩士班,D 日,M 碩士,24,0,18,09 雲林縣,2 技職
113,0033,國立虎尾科技大學,04131003,企業管理系經營管理碩士在職專班,N 職,M 碩士,30,0,8,09 雲林縣,2 技職
113,0033,國立虎尾科技大學,04131003,企業管理系,D 日,B 四技,358,11,98,09 雲林縣,2 技職
113,0033,國立虎尾科技大學,04131003,企業管理系,N 修,C 二技,49,0,24,09 雲林縣,2 技職
113,0033,國立虎尾科技大學,04199X38,文理學院,D 日,,0,4,0,09 雲林縣,2 技職
113,0033,國立虎尾科技大學,05121007,生物科技系碩士班,D 日,M 碩士,41,0,19,09 雲林縣,2 技職
113,0033,國立虎尾科技大學,05121007,生物科技系碩士在職專班,N 職,M 碩士,18,0,1,09 雲林縣,2 技職
113,0033,國立虎尾科技大學,05121007,生物科技系,D 日,B 四技,290,15,61,09 雲林縣,2 技職
113,0033,國立虎尾科技大學,06131008,資訊管理系碩士班,D 日,M 碩士,71,0,19,09 雲林縣,2 技職
113,0033,國立虎尾科技大學,06131008,資訊管理系碩士在職專班,N 職,M 碩士,19,0,5,09 雲林縣,2 技職
113,0033,國立虎尾科技大學,06131008,資訊管理系,D 日,B 四技,271,12,48,09 雲林縣,2 技職
113,0033,國立虎尾科技大學,06131008,資訊管理系,N 修,B 四技,181,0,38,09 雲林縣,2 技職
113,0033,國立虎尾科技大學,06131013,資訊工程系碩士班,D 日,M 碩士,96,0,20,09 雲林縣,2 技職
113,0033,國立虎尾科技大學,06131013,資訊工程系,D 日,B 四技,443,20,94,09 雲林縣,2 技職
113,0033,國立虎尾科技大學,06131013,資訊工程科,D 日,5 五專,202,0,1,09 雲林縣,2 技職
113,0033,國立虎尾科技大學,06199X39,電機資訊學院,D 日,,0,1,0,09 雲林縣,2 技職
113,0033,國立虎尾科技大學,07112025,材料科學與工程系材料科學與綠色能源工程碩士班,D 日,M 碩士,63,0,27,09 雲林縣,2 技職
113,0033,國立虎尾科技大學,07112025,材料科學與工程系材料科學與綠色能源工程碩士在職專班,N 職,M 碩士,2,0,3,09 雲林縣,2 技職
113,0033,國立虎尾科技大學,07112025,材料科學與工程系,D 日,B 四技,430,14,81,09 雲林縣,2 技職
113,0033,國立虎尾科技大學,07141009,電機工程系碩士班,D 日,M 碩士,109,0,43,09 雲林縣,2 技職
113,0033,國立虎尾科技大學,07141009,電機工程系碩士在職專班,N 職,M 碩士,16,0,6,09 雲林縣,2 技職
113,0033,國立虎尾科技大學,07141009,電機工程系,D 日,B 四技,476,24,100,09 雲林縣,2 技職
113,0033,國立虎尾科技大學,07141009,電機工程系,N 修,B 四技,273,0,77,09 雲林縣,2 技職
113,0033,國立虎尾科技大學,07141009,電機工程系,D 日,C 二技,88,0,40,09 雲林縣,2 技職
113,0033,國立虎尾科技大學,07141010,電子工程系碩士班,D 日,M 碩士,101,0,25,09 雲林縣,2 技職
113,0033,國立虎尾科技大學,07141010,電子工程系,D 日,B 四技,220,16,60,09 雲林縣,2 技職
113,0033,國立虎尾科技大學,07141010,電子工程系,N 修,B 四技,134,0,9,09 雲林縣,2 技職
113,0033,國立虎尾科技大學,07141010,電子工程系,D 日,C 二技,89,0,41,09 雲林縣,2 技職
113,0033,國立虎尾科技大學,07141010,電子工程科,D 日,2 二專,80,0,16,09 雲林縣,2 技職
113,0033,國立虎尾科技大學,07141011,光電工程系光電與材料科技博士班,D 日,D 博士,17,0,3,09 雲林縣,2 技職
113,0033,國立虎尾科技大學,07141011,光電工程系光電與材料科技碩士班,D 日,M 碩士,104,0,40,09 雲林縣,2 技職
113,0033,國立虎尾科技大學,07141011,光電工程系光電與材料科技碩士在職專班,N 職,M 碩士,11,0,1,09 雲林縣,2 技職
113,0033,國立虎尾科技大學,07141011,光電工程系,D 日,B 四技,442,20,113,09 雲林縣,2 技職
113,0033,國立虎尾科技大學,07141011,光電工程系,N 修,B 四技,65,0,0,09 雲林縣,2 技職
113,0033,國立虎尾科技大學,07151014,自動化工程系碩士班,D 日,M 碩士,68,0,18,09 雲林縣,2 技職
113,0033,國立虎尾科技大學,07151014,自動化工程系,D 日,B 四技,554,19,98,09 雲林縣,2 技職
113,0033,國立虎尾科技大學,07151016,動力機械工程系機械與機電工程博士班,D 日,D 博士,13,0,4,09 雲林縣,2 技職
113,0033,國立虎尾科技大學,07151016,動力機械工程系機械與機電工程碩士班,D 日,M 碩士,50,0,19,09 雲林縣,2 技職
113,0033,國立虎尾科技大學,07151016,動力機械工程系機械與機電工程碩士在職專班,N 職,M 碩士,18,0,4,09 雲林縣,2 技職
113,0033,國立虎尾科技大學,07151016,動力機械工程系,D 日,B 四技,393,15,84,09 雲林縣,2 技職
113,0033,國立虎尾科技大學,07151016,動力機械工程系,N 修,B 四技,174,0,61,09 雲林縣,2 技職
113,0033,國立虎尾科技大學,07151016,動力機械工程系,N 修,C 二技,81,0,28,09 雲林縣,2 技職
113,0033,國立虎尾科技大學,07151019,機械設計工程系碩士班,D 日,M 碩士,62,0,19,09 雲林縣,2 技職
113,0033,國立虎尾科技大學,07151019,機械設計工程系,D 日,B 四技,454,23,105,09 雲林縣,2 技職
113,0033,國立虎尾科技大學,07151019,機械設計工程系,N 修,B 四技,192,0,29,09 雲林縣,2 技職
113,0033,國立虎尾科技大學,07151020,機械與電腦輔助工程系碩士班,D 日,M 碩士,118,0,40,09 雲林縣,2 技職
113,0033,國立虎尾科技大學,07151020,機械與電腦輔助工程系碩士在職專班,N 職,M 碩士,31,0,3,09 雲林縣,2 技職
113,0033,國立虎尾科技大學,07151020,機械與電腦輔助工程系,D 日,B 四技,401,17,89,09 雲林縣,2 技職
113,0033,國立虎尾科技大學,07151020,機械與電腦輔助工程系,N 修,B 四技,423,0,38,09 雲林縣,2 技職
113,0033,國立虎尾科技大學,07151032,精密機械工程科,D 日,5 五專,202,0,31,09 雲林縣,2 技職
113,0033,國立虎尾科技大學,07161017,車輛工程系碩士班,D 日,M 碩士,32,0,8,09 雲林縣,2 技職
113,0033,國立虎尾科技大學,07161017,車輛工程系,D 日,B 四技,406,14,73,09 雲林縣,2 技職
113,0033,國立虎尾科技大學,07161017,車輛工程系,N 修,B 四技,178,0,36,09 雲林縣,2 技職
113,0033,國立虎尾科技大學,07162018,飛機工程系航空與電子科技碩士班,D 日,M 碩士,107,0,24,09 雲林縣,2 技職
113,0033,國立虎尾科技大學,07162018,飛機工程系,D 日,B 四技,778,29,140,09 雲林縣,2 技職
113,0033,國立虎尾科技大學,07162033,航空維修學士學位學程,D 日,B 四技,49,0,26,09 雲林縣,2 技職
113,0033,國立虎尾科技大學,07191006,工業管理系,D 日,M 碩士,66,0,24,09 雲林縣,2 技職
113,0033,國立虎尾科技大學,07191006,工業管理系,N 職,M 碩士,27,0,6,09 雲林縣,2 技職
113,0033,國立虎尾科技大學,07191006,工業管理系,D 日,B 四技,387,12,82,09 雲林縣,2 技職
113,0033,國立虎尾科技大學,07191006,工業管理系_智慧製造與工業管理專班,N 修,B 四技,32,0,0,09 雲林縣,2 技職
113,0033,國立虎尾科技大學,07199035,智慧產業科技研發博士學位學程,D 日,D 博士,28,4,3,09 雲林縣,2 技職
113,0033,國立虎尾科技大學,07199Y54,臥虎專班,D 日,B 四技,26,0,0,09 雲林縣,2 技職
113,0033,國立虎尾科技大學,07312030,休閒遊憩系碩士班,D 日,M 碩士,21,0,6,09 雲林縣,2 技職
113,0033,國立虎尾科技大學,07312030,休閒遊憩系碩士在職專班,N 職,M 碩士,23,0,9,09 雲林縣,2 技職
113,0033,國立虎尾科技大學,07312030,休閒遊憩系,D 日,B 四技,151,9,44,09 雲林縣,2 技職
113,0033,國立虎尾科技大學,08111034,農業科技系,D 日,B 四技,167,8,31,09 雲林縣,2 技職
113,0033,國立虎尾科技大學,08111034,農業科技系,N 修,B 四技,119,0,18,09 雲林縣,2 技職
113,0033,國立虎尾科技大學,99999Z01,通識及共同科目,D 日,,0,12,0,09 雲林縣,2 技職
113,0033,國立虎尾科技大學,99999Z03,軍訓教官,D 日,,0,2,0,09 雲林縣,2 技職
113,0033,國立虎尾科技大學,99999Z07,體育室,D 日,,0,11,0,09 雲林縣,2 技職
113,0033,國立虎尾科技大學,99999Z08,語言中心,D 日,,0,5,0,09 雲林縣,2 技職
113,0033,國立虎尾科技大學,99999Z08,語言中心,N 修,,0,1,0,09 雲林縣,2 技職
113,0033,國立虎尾科技大學,99999Z99,其他(包括行政助教),D 日,,0,10,0,09 雲林縣,2 技職
113,0035,國立臺南藝術大學,02111009,音像紀錄研究所,D 日,M 碩士,35,4,7,11 臺南市,1 一般
113,0035,國立臺南藝術大學,02111013,動畫藝術與影像美學研究所,D 日,M 碩士,89,6,9,11 臺南市,1 一般
113,0035,國立臺南藝術大學,02112026,元宇宙學院碩士班,D 日,M 碩士,1,1,0,11 臺南市,1 一般
113,0035,國立臺南藝術大學,02131012,造形藝術研究所,D 日,M 碩士,65,4,9,11 臺南市,1 一般
113,0035,國立臺南藝術大學,02131016,藝術創作理論研究所,D 日,D 博士,48,3,3,11 臺南市,1 一般
113,0035,國立臺南藝術大學,02141017,應用藝術研究所,D 日,M 碩士,59,4,16,11 臺南市,1 一般
113,0035,國立臺南藝術大學,02141020,材質創作與設計系,D 日,B 學士,196,7,53,11 臺南市,1 一般
113,0035,國立臺南藝術大學,02151001,音樂學系,D 日,M 碩士,28,0,5,11 臺南市,1 一般
113,0035,國立臺南藝術大學,02151001,音樂學系,D 日,B 學士,64,15,18,11 臺南市,1 一般
113,0035,國立臺南藝術大學,02151001,音樂學系,D 日,5 七年,81,0,0,11 臺南市,1 一般
113,0035,國立臺南藝術大學,02151002,中國音樂學系,D 日,M 碩士,17,0,3,11 臺南市,1 一般
113,0035,國立臺南藝術大學,02151002,中國音樂學系,D 日,B 學士,103,8,16,11 臺南市,1 一般
113,0035,國立臺南藝術大學,02151002,中國音樂學系,D 日,5 七年,79,0,0,11 臺南市,1 一般
113,0035,國立臺南藝術大學,02151003,音樂學院應用音樂學博士班,D 日,D 博士,5,0,0,11 臺南市,1 一般
113,0035,國立臺南藝術大學,02151003,應用音樂學系,D 日,B 學士,259,9,45,11 臺南市,1 一般
113,0035,國立臺南藝術大學,02151004,民族音樂學研究所,D 日,M 碩士,30,4,6,11 臺南市,1 一般
113,0035,國立臺南藝術大學,02151004,民族音樂學研究所,N 職,M 碩士,28,0,7,11 臺南市,1 一般
113,0035,國立臺南藝術大學,02151006,鋼琴合作藝術研究所,D 日,M 碩士,30,4,10,11 臺南市,1 一般
113,0035,國立臺南藝術大學,02151025,聲響科技研究所,D 日,M 碩士,12,3,0,11 臺南市,1 一般
113,0035,國立臺南藝術大學,02191014,藝術史學系藝術史評與古物研究博士班,D 日,D 博士,12,0,0,11 臺南市,1 一般
113,0035,國立臺南藝術大學,02191014,藝術史學系藝術史評與古物研究碩士班,D 日,M 碩士,41,0,4,11 臺南市,1 一般
113,0035,國立臺南藝術大學,02191014,藝術史學系,D 日,B 學士,141,11,41,11 臺南市,1 一般
113,0035,國立臺南藝術大學,02192022,博物館學與古物維護研究所,D 日,D 博士,8,0,0,11 臺南市,1 一般
113,0035,國立臺南藝術大學,02192022,博物館學與古物維護研究所,D 日,M 碩士,112,8,32,11 臺南市,1 一般
113,0035,國立臺南藝術大學,02192024,高階藝術管理碩士在職學位學程,N 職,M 碩士,18,1,2,11 臺南市,1 一般
113,0035,國立臺南藝術大學,02199023,建築藝術研究所,D 日,M 碩士,35,4,13,11 臺南市,1 一般
113,0035,國立臺南藝術大學,99999Z01,通識及共同科目,D 日,,0,6,0,11 臺南市,1 一般
113,0036,國立臺南大學,01111001,教育學系,D 日,D 博士,95,0,12,21 臺南市,1 一般
113,0036,國立臺南大學,01111001,教育學系,D 日,M 碩士,127,0,18,21 臺南市,1 一般
113,0036,國立臺南大學,01111001,教育學系,N 職,M 碩士,101,0,23,21 臺南市,1 一般
113,0036,國立臺南大學,01111001,教育學系,D 日,B 學士,363,16,80,21 臺南市,1 一般
113,0036,國立臺南大學,01113019,特殊教育學系,D 日,D 博士,20,0,2,21 臺南市,1 一般
113,0036,國立臺南大學,01113019,特殊教育學系,D 日,M 碩士,56,0,9,21 臺南市,1 一般
113,0036,國立臺南大學,01113019,特殊教育學系,N 職,M 碩士,1,0,0,21 臺南市,1 一般
113,0036,國立臺南大學,01113019,特殊教育學系,D 日,B 學士,170,10,41,21 臺南市,1 一般
113,0036,國立臺南大學,01121018,幼兒教育學系,D 日,M 碩士,42,0,5,21 臺南市,1 一般
113,0036,國立臺南大學,01121018,幼兒教育學系,N 職,M 碩士,54,0,12,21 臺南市,1 一般
113,0036,國立臺南大學,01121018,幼兒教育學系,D 日,B 學士,183,8,33,21 臺南市,1 一般
113,0036,國立臺南大學,01141012,環境教育碩士在職學位學程,N 職,M 碩士,1,0,1,21 臺南市,1 一般
113,0036,國立臺南大學,01141017,體育學系,D 日,M 碩士,49,0,4,21 臺南市,1 一般
113,0036,國立臺南大學,01141017,體育學系,N 職,M 碩士,39,0,8,21 臺南市,1 一般
113,0036,國立臺南大學,01141017,體育學系,D 日,B 學士,181,10,37,21 臺南市,1 一般
113,0036,國立臺南大學,02131030,視覺藝術與設計學系,D 日,M 碩士,82,0,19,21 臺南市,1 一般
113,0036,國立臺南大學,02131030,視覺藝術與設計學系,N 職,M 碩士,47,0,12,21 臺南市,1 一般
113,0036,國立臺南大學,02131030,視覺藝術與設計學系,D 日,B 學士,181,10,39,21 臺南市,1 一般
113,0036,國立臺南大學,02151027,音樂學系,D 日,M 碩士,63,0,16,21 臺南市,1 一般
113,0036,國立臺南大學,02151027,音樂學系,N 職,M 碩士,43,0,7,21 臺南市,1 一般
113,0036,國立臺南大學,02151027,音樂學系,D 日,B 學士,144,8,42,21 臺南市,1 一般
113,0036,國立臺南大學,02151027,音樂學系,P 進,B 學士,7,0,6,21 臺南市,1 一般
113,0036,國立臺南大學,02152029,戲劇創作與應用學系,D 日,M 碩士,52,0,11,21 臺南市,1 一般
113,0036,國立臺南大學,02152029,戲劇創作與應用學系,D 日,B 學士,164,9,27,21 臺南市,1 一般
113,0036,國立臺南大學,02311032,英語學系,D 日,B 學士,191,7,40,21 臺南市,1 一般
113,0036,國立臺南大學,02311032,英語學系,P 進,B 學士,65,0,11,21 臺南市,1 一般
113,0036,國立臺南大學,02322031,國語文學系國語文教學與應用碩士班,D 日,M 碩士,32,0,7,21 臺南市,1 一般
113,0036,國立臺南大學,02322031,國語文學系中國文學碩士在職專班,N 職,M 碩士,33,0,6,21 臺南市,1 一般
113,0036,國立臺南大學,02322031,國語文學系,D 日,B 學士,314,13,58,21 臺南市,1 一般
113,0036,國立臺南大學,03131036,諮商與輔導學系,D 日,M 碩士,107,0,23,21 臺南市,1 一般
113,0036,國立臺南大學,03131036,諮商與輔導學系,N 職,M 碩士,50,0,11,21 臺南市,1 一般
113,0036,國立臺南大學,03131036,諮商與輔導學系,D 日,B 學士,185,9,47,21 臺南市,1 一般
113,0036,國立臺南大學,03143037,文化與自然資源學系,D 日,M 碩士,55,0,13,21 臺南市,1 一般
113,0036,國立臺南大學,03143037,文化與自然資源學系臺灣文化碩士在職專班,N 職,M 碩士,35,0,2,21 臺南市,1 一般
113,0036,國立臺南大學,03143037,文化與自然資源學系,D 日,B 學士,160,9,36,21 臺南市,1 一般
113,0036,國立臺南大學,04131041,經營與管理學系,D 日,B 學士,156,9,37,21 臺南市,1 一般
113,0036,國立臺南大學,04134040,行政管理學系,D 日,M 碩士,36,0,10,21 臺南市,1 一般
113,0036,國立臺南大學,04134040,行政管理學系,N 職,M 碩士,32,0,12,21 臺南市,1 一般
113,0036,國立臺南大學,04134040,行政管理學系,D 日,B 學士,180,9,40,21 臺南市,1 一般
113,0036,國立臺南大學,04199041,經營與管理學系科技管理碩士班,D 日,M 碩士,25,0,16,21 臺南市,1 一般
113,0036,國立臺南大學,04199041,經營與管理學系,N 職,M 碩士,78,0,37,21 臺南市,1 一般
113,0036,國立臺南大學,05121044,生物科技學系,D 日,M 碩士,22,0,8,21 臺南市,1 一般
113,0036,國立臺南大學,05121044,生物科技學系,D 日,B 學士,173,8,34,21 臺南市,1 一般
113,0036,國立臺南大學,05212063,生態暨環境資源學系,D 日,M 碩士,36,0,11,21 臺南市,1 一般
113,0036,國立臺南大學,05212063,生態暨環境資源學系,D 日,B 學士,148,9,34,21 臺南市,1 一般
113,0036,國立臺南大學,05411047,應用數學系,D 日,M 碩士,27,0,7,21 臺南市,1 一般
113,0036,國立臺南大學,05411047,應用數學系,N 職,M 碩士,33,0,9,21 臺南市,1 一般
113,0036,國立臺南大學,05411047,應用數學系,D 日,B 學士,152,9,42,21 臺南市,1 一般
113,0036,國立臺南大學,06131052,資訊工程學系,D 日,M 碩士,40,0,14,21 臺南市,1 一般
113,0036,國立臺南大學,06131052,資訊工程學系,D 日,B 學士,168,8,45,21 臺南市,1 一般
113,0036,國立臺南大學,06134024,數位學習科技學系,D 日,D 博士,22,0,0,21 臺南市,1 一般
113,0036,國立臺南大學,06134024,數位學習科技學系,D 日,M 碩士,50,0,14,21 臺南市,1 一般
113,0036,國立臺南大學,06134024,數位學習科技學系,N 職,M 碩士,53,0,19,21 臺南市,1 一般
113,0036,國立臺南大學,06134024,數位學習科技學系,D 日,B 學士,203,11,44,21 臺南市,1 一般
113,0036,國立臺南大學,07112055,材料科學系,D 日,M 碩士,23,0,7,21 臺南市,1 一般
113,0036,國立臺南大學,07112055,材料科學系,D 日,B 學士,180,10,39,21 臺南市,1 一般
113,0036,國立臺南大學,07132058,綠色能源科技學系,D 日,M 碩士,40,0,6,21 臺南市,1 一般
113,0036,國立臺南大學,07132058,綠色能源科技學系,N 職,M 碩士,24,0,20,21 臺南市,1 一般
113,0036,國立臺南大學,07132058,綠色能源科技學系,D 日,B 學士,181,8,40,21 臺南市,1 一般
113,0036,國立臺南大學,07132058,綠色能源科技學系,P 進,B 學士,93,0,25,21 臺南市,1 一般
113,0036,國立臺南大學,07141049,電機工程學系,D 日,D 博士,9,0,2,21 臺南市,1 一般
113,0036,國立臺南大學,07141049,電機工程學系,D 日,M 碩士,84,0,22,21 臺南市,1 一般
113,0036,國立臺南大學,07141049,電機工程學系,D 日,B 學士,181,11,47,21 臺南市,1 一般
113,0036,國立臺南大學,07151054,機電系統工程研究所,D 日,M 碩士,0,0,1,21 臺南市,1 一般
113,0036,國立臺南大學,07151065,智慧製造碩士在職學位學程,N 職,M 碩士,25,2,7,21 臺南市,1 一般
113,0036,國立臺南大學,99999Z05,師資培育中心,D 日,,0,5,0,21 臺南市,1 一般
113,0036,國立臺南大學,99999Z99,其他(包括行政助教),D 日,,0,2,0,21 臺南市,1 一般
113,0037,國立臺北教育大學,01111001,教育學系,D 日,M 碩士,114,0,16,30 臺北市,1 一般
113,0037,國立臺北教育大學,01111001,教育學系,N 職,M 碩士,138,0,30,30 臺北市,1 一般
113,0037,國立臺北教育大學,01113003,特殊教育學系,D 日,M 碩士,86,0,19,30 臺北市,1 一般
113,0037,國立臺北教育大學,01113003,特殊教育學系,N 職,M 碩士,73,0,25,30 臺北市,1 一般
113,0037,國立臺北教育大學,01113003,特殊教育學系,D 日,B 學士,184,11,35,30 臺北市,1 一般
113,0037,國立臺北教育大學,01114044,教育經營與管理學系教育政策與管理博士班,D 日,D 博士,84,0,3,30 臺北市,1 一般
113,0037,國立臺北教育大學,01114044,教育經營與管理學系,D 日,M 碩士,71,0,13,30 臺北市,1 一般
113,0037,國立臺北教育大學,01114044,教育經營與管理學系,N 職,M 碩士,100,0,12,30 臺北市,1 一般
113,0037,國立臺北教育大學,01114044,教育經營與管理學系,D 日,B 學士,174,10,41,30 臺北市,1 一般
113,0037,國立臺北教育大學,01115020,課程與教學傳播科技研究所,D 日,D 博士,36,0,3,30 臺北市,1 一般
113,0037,國立臺北教育大學,01115020,課程與教學傳播科技研究所,D 日,M 碩士,104,8,29,30 臺北市,1 一般
113,0037,國立臺北教育大學,01115020,課程與教學傳播科技研究所,N 職,M 碩士,70,0,15,30 臺北市,1 一般
113,0037,國立臺北教育大學,01115047,學習與教學國際碩士學位學程,D 日,M 碩士,25,2,7,30 臺北市,1 一般
113,0037,國立臺北教育大學,01121035,幼兒與家庭教育學系,D 日,M 碩士,93,0,7,30 臺北市,1 一般
113,0037,國立臺北教育大學,01121035,幼兒與家庭教育學系,N 職,M 碩士,83,0,5,30 臺北市,1 一般
113,0037,國立臺北教育大學,01121035,幼兒與家庭教育學系,D 日,B 學士,185,11,43,30 臺北市,1 一般
113,0037,國立臺北教育大學,01131001,教育學系,D 日,B 學士,183,15,45,30 臺北市,1 一般
113,0037,國立臺北教育大學,01131038,數學暨資訊教育學系,D 日,M 碩士,36,0,6,30 臺北市,1 一般
113,0037,國立臺北教育大學,01131038,數學暨資訊教育學系,N 職,M 碩士,64,0,18,30 臺北市,1 一般
113,0037,國立臺北教育大學,01131038,數學暨資訊教育學系,D 日,B 學士,239,14,55,30 臺北市,1 一般
113,0037,國立臺北教育大學,01141002,體育學系,D 日,M 碩士,52,0,16,30 臺北市,1 一般
113,0037,國立臺北教育大學,01141002,體育學系,N 職,M 碩士,47,0,20,30 臺北市,1 一般
113,0037,國立臺北教育大學,01141002,體育學系,D 日,B 學士,231,14,39,30 臺北市,1 一般
113,0037,國立臺北教育大學,01141040,自然科學教育學系,D 日,D 博士,14,0,1,30 臺北市,1 一般
113,0037,國立臺北教育大學,01141040,自然科學教育學系科學探究與實作碩士在職專班,N 職,M 碩士,43,0,10,30 臺北市,1 一般
113,0037,國立臺北教育大學,02121014,藝術與造形設計學系藝術跨域整合博士班,D 日,D 博士,21,0,0,30 臺北市,1 一般
113,0037,國立臺北教育大學,02121014,藝術與造形設計學系,D 日,M 碩士,87,0,18,30 臺北市,1 一般
113,0037,國立臺北教育大學,02121014,藝術與造形設計學系,N 職,M 碩士,46,0,12,30 臺北市,1 一般
113,0037,國立臺北教育大學,02121014,藝術與造形設計學系,D 日,B 學士,364,17,72,30 臺北市,1 一般
113,0037,國立臺北教育大學,02121027,當代藝術評論與策展研究全英語碩士學位學程,D 日,M 碩士,43,1,5,30 臺北市,1 一般
113,0037,國立臺北教育大學,02121028,文化創意產業經營學系,D 日,M 碩士,32,0,15,30 臺北市,1 一般
113,0037,國立臺北教育大學,02121028,文化創意產業經營學系,N 職,M 碩士,40,0,16,30 臺北市,1 一般
113,0037,國立臺北教育大學,02121028,文化創意產業經營學系,D 日,B 學士,179,11,51,30 臺北市,1 一般
113,0037,國立臺北教育大學,02122011,數位科技設計學系玩具與遊戲設計碩士班,D 日,M 碩士,64,0,29,30 臺北市,1 一般
113,0037,國立臺北教育大學,02122011,數位科技設計學系玩具與遊戲設計碩士在職專班,N 職,M 碩士,63,0,18,30 臺北市,1 一般
113,0037,國立臺北教育大學,02122011,數位科技設計學系,D 日,B 學士,177,9,36,30 臺北市,1 一般
113,0037,國立臺北教育大學,02151031,音樂學系,D 日,M 碩士,73,0,24,30 臺北市,1 一般
113,0037,國立臺北教育大學,02151031,音樂學系,N 職,M 碩士,4,0,0,30 臺北市,1 一般
113,0037,國立臺北教育大學,02151031,音樂學系,D 日,B 學士,157,14,34,30 臺北市,1 一般
113,0037,國立臺北教育大學,02299025,臺灣文化研究所,D 日,M 碩士,79,7,11,30 臺北市,1 一般
113,0037,國立臺北教育大學,02299025,臺灣文化研究所,N 職,M 碩士,60,0,7,30 臺北市,1 一般
113,0037,國立臺北教育大學,02311023,兒童英語教育學系英語教育碩士班,D 日,M 碩士,53,0,14,30 臺北市,1 一般
113,0037,國立臺北教育大學,02311023,兒童英語教育學系,N 職,M 碩士,61,0,11,30 臺北市,1 一般
113,0037,國立臺北教育大學,02311023,兒童英語教育學系,D 日,B 學士,156,12,40,30 臺北市,1 一般
113,0037,國立臺北教育大學,02322018,語文與創作學系,D 日,M 碩士,90,0,19,30 臺北市,1 一般
113,0037,國立臺北教育大學,02322018,語文與創作學系,D 日,B 學士,349,19,76,30 臺北市,1 一般
113,0037,國立臺北教育大學,02399018,語文與創作學系,N 職,M 碩士,30,0,4,30 臺北市,1 一般
113,0037,國立臺北教育大學,03131007,心理與諮商學系,D 日,M 碩士,105,0,23,30 臺北市,1 一般
113,0037,國立臺北教育大學,03131007,心理與諮商學系,D 日,B 學士,187,11,51,30 臺北市,1 一般
113,0037,國立臺北教育大學,03191005,社會與區域發展學系,D 日,M 碩士,69,0,4,30 臺北市,1 一般
113,0037,國立臺北教育大學,03191005,社會與區域發展學系,N 職,M 碩士,94,0,19,30 臺北市,1 一般
113,0037,國立臺北教育大學,03191005,社會與區域發展學系,D 日,B 學士,205,11,51,30 臺北市,1 一般
113,0037,國立臺北教育大學,03221049,博物館管理與科技應用碩士在職學位學程,N 職,M 碩士,2,0,1,30 臺北市,1 一般
113,0037,國立臺北教育大學,04131048,東南亞區域管理碩士學位學程,D 日,M 碩士,26,2,5,30 臺北市,1 一般
113,0037,國立臺北教育大學,04212032,文教法律研究所,D 日,M 碩士,66,5,0,30 臺北市,1 一般
113,0037,國立臺北教育大學,04212032,文教法律研究所原住民文教法律碩士在職專班,N 職,M 碩士,15,0,0,30 臺北市,1 一般
113,0037,國立臺北教育大學,05399040,自然科學教育學系,D 日,M 碩士,50,0,10,30 臺北市,1 一般
113,0037,國立臺北教育大學,05399040,自然科學教育學系,D 日,B 學士,194,12,47,30 臺北市,1 一般
113,0037,國立臺北教育大學,06131004,資訊科學系,D 日,M 碩士,48,0,18,30 臺北市,1 一般
113,0037,國立臺北教育大學,06131004,資訊科學系,N 職,M 碩士,57,0,22,30 臺北市,1 一般
113,0037,國立臺北教育大學,06131004,資訊科學系,D 日,B 學士,164,11,38,30 臺北市,1 一般
113,0037,國立臺北教育大學,99999Z03,軍訓教官,D 日,,0,1,0,30 臺北市,1 一般
113,0037,國立臺北教育大學,99999Z05,師資培育中心,D 日,,0,6,0,30 臺北市,1 一般
113,0039,國立臺中教育大學,01111001,教育學系,D 日,D 博士,36,0,1,19 臺中市,1 一般
113,0039,國立臺中教育大學,01111001,教育學系,D 日,M 碩士,65,0,8,19 臺中市,1 一般
113,0039,國立臺中教育大學,01111001,教育學系,N 職,M 碩士,106,0,25,19 臺中市,1 一般
113,0039,國立臺中教育大學,01111001,教育學系,D 日,B 學士,180,13,43,19 臺中市,1 一般
113,0039,國立臺中教育大學,01111005,教師專業碩士學位學程,D 日,M 碩士,138,2,40,19 臺中市,1 一般
113,0039,國立臺中教育大學,01113022,特殊教育學系,D 日,M 碩士,42,0,7,19 臺中市,1 一般
113,0039,國立臺中教育大學,01113022,特殊教育學系,N 職,M 碩士,62,0,13,19 臺中市,1 一般
113,0039,國立臺中教育大學,01113022,特殊教育學系,D 日,B 學士,182,9,47,19 臺中市,1 一般
113,0039,國立臺中教育大學,01114025,高等教育經營管理碩士學位學程,D 日,M 碩士,26,3,6,19 臺中市,1 一般
113,0039,國立臺中教育大學,01117028,教育資訊與測驗統計研究所,D 日,D 博士,44,0,1,19 臺中市,1 一般
113,0039,國立臺中教育大學,01117028,教育資訊與測驗統計研究所,D 日,M 碩士,38,8,12,19 臺中市,1 一般
113,0039,國立臺中教育大學,01117028,教育資訊與測驗統計研究所,N 職,M 碩士,43,0,8,19 臺中市,1 一般
113,0039,國立臺中教育大學,01121021,幼兒教育學系,D 日,M 碩士,86,0,15,19 臺中市,1 一般
113,0039,國立臺中教育大學,01121021,幼兒教育學系,N 職,M 碩士,106,0,24,19 臺中市,1 一般
113,0039,國立臺中教育大學,01121021,幼兒教育學系,D 日,B 學士,193,13,49,19 臺中市,1 一般
113,0039,國立臺中教育大學,01131006,語文教育學系,D 日,D 博士,31,0,4,19 臺中市,1 一般
113,0039,國立臺中教育大學,01131006,語文教育學系,D 日,M 碩士,79,0,11,19 臺中市,1 一般
113,0039,國立臺中教育大學,01131006,語文教育學系國民小學教師在職進修教學碩士學位班,N 職,M 碩士,14,0,8,19 臺中市,1 一般
113,0039,國立臺中教育大學,01131006,語文教育學系,D 日,B 學士,194,15,47,19 臺中市,1 一般
113,0039,國立臺中教育大學,01131008,科學教育與應用學系,D 日,M 碩士,46,0,9,19 臺中市,1 一般
113,0039,國立臺中教育大學,01131008,科學教育與應用學系,N 職,M 碩士,66,0,8,19 臺中市,1 一般
113,0039,國立臺中教育大學,01131008,科學教育與應用學系,D 日,B 學士,164,13,39,19 臺中市,1 一般
113,0039,國立臺中教育大學,01131011,數學教育學系,D 日,M 碩士,24,0,6,19 臺中市,1 一般
113,0039,國立臺中教育大學,01131011,數學教育學系,N 職,M 碩士,46,0,6,19 臺中市,1 一般
113,0039,國立臺中教育大學,01131011,數學教育學系,D 日,B 學士,188,10,48,19 臺中市,1 一般
113,0039,國立臺中教育大學,01131019,體育學系,D 日,M 碩士,30,0,8,19 臺中市,1 一般
113,0039,國立臺中教育大學,01131019,體育學系,N 職,M 碩士,67,0,4,19 臺中市,1 一般
113,0039,國立臺中教育大學,01131019,體育學系,D 日,B 學士,200,10,50,19 臺中市,1 一般
113,0039,國立臺中教育大學,02122034,文化創意產業設計與營運學系,D 日,B 學士,201,9,31,19 臺中市,1 一般
113,0039,國立臺中教育大學,02131029,美術學系,D 日,M 碩士,46,0,3,19 臺中市,1 一般
113,0039,國立臺中教育大學,02131029,美術學系,N 職,M 碩士,82,0,19,19 臺中市,1 一般
113,0039,國立臺中教育大學,02131029,美術學系,D 日,B 學士,183,10,43,19 臺中市,1 一般
113,0039,國立臺中教育大學,02151030,音樂學系,D 日,M 碩士,45,0,11,19 臺中市,1 一般
113,0039,國立臺中教育大學,02151030,音樂學系,D 日,B 學士,156,9,26,19 臺中市,1 一般
113,0039,國立臺中教育大學,02311032,英語學系,D 日,M 碩士,19,0,2,19 臺中市,1 一般
113,0039,國立臺中教育大學,02311032,英語學系,D 日,B 學士,216,10,34,19 臺中市,1 一般
113,0039,國立臺中教育大學,02321031,臺灣語文學系,D 日,M 碩士,25,0,4,19 臺中市,1 一般
113,0039,國立臺中教育大學,02321031,臺灣語文學系,D 日,B 學士,188,8,43,19 臺中市,1 一般
113,0039,國立臺中教育大學,03131035,諮商與應用心理學系,D 日,M 碩士,71,0,11,19 臺中市,1 一般
113,0039,國立臺中教育大學,03131035,諮商與應用心理學系,N 職,M 碩士,57,0,8,19 臺中市,1 一般
113,0039,國立臺中教育大學,03131035,諮商與應用心理學系,D 日,B 學士,191,9,48,19 臺中市,1 一般
113,0039,國立臺中教育大學,03191037,區域與社會發展學系,D 日,M 碩士,25,0,4,19 臺中市,1 一般
113,0039,國立臺中教育大學,03191037,區域與社會發展學系,N 職,M 碩士,61,0,7,19 臺中市,1 一般
113,0039,國立臺中教育大學,03191037,區域與社會發展學系,D 日,B 學士,194,10,46,19 臺中市,1 一般
113,0039,國立臺中教育大學,04131034,文化創意產業設計與營運學系事業經營管理碩士班,D 日,M 碩士,36,0,10,19 臺中市,1 一般
113,0039,國立臺中教育大學,04131039,國際企業學系,D 日,B 學士,268,7,57,19 臺中市,1 一般
113,0039,國立臺中教育大學,04131040,管理學院國際經營管理碩士學位學程,D 日,M 碩士,18,3,7,19 臺中市,1 一般
113,0039,國立臺中教育大學,04131040,管理學院國際經營管理碩士在職專班,N 職,M 碩士,43,0,20,19 臺中市,1 一般
113,0039,國立臺中教育大學,06131042,資訊工程學系,D 日,M 碩士,45,0,23,19 臺中市,1 一般
113,0039,國立臺中教育大學,06131042,資訊工程學系,D 日,B 學士,201,10,49,19 臺中市,1 一般
113,0039,國立臺中教育大學,06133041,數位內容科技學系,D 日,M 碩士,27,0,5,19 臺中市,1 一般
113,0039,國立臺中教育大學,06133041,數位內容科技學系,N 職,M 碩士,23,0,7,19 臺中市,1 一般
113,0039,國立臺中教育大學,06133041,數位內容科技學系,D 日,B 學士,187,9,46,19 臺中市,1 一般
113,0039,國立臺中教育大學,10151045,永續觀光暨遊憩管理碩士學位學程,D 日,M 碩士,26,3,5,19 臺中市,1 一般
113,0039,國立臺中教育大學,99999Z01,通識及共同科目,D 日,,0,4,0,19 臺中市,1 一般
113,0039,國立臺中教育大學,99999Z03,軍訓教官,D 日,,0,3,0,19 臺中市,1 一般
113,0039,國立臺中教育大學,99999Z05,師資培育中心,D 日,,0,1,0,19 臺中市,1 一般
113,0042,國立澎湖科技大學,02311001,應用外語系,D 日,B 四技,94,6,28,16 澎湖縣,2 技職
113,0042,國立澎湖科技大學,04132002,行銷與物流管理系服務業經營管理碩士班,D 日,M 碩士,5,0,11,16 澎湖縣,2 技職
113,0042,國立澎湖科技大學,04132002,行銷與物流管理系服務業經營管理碩士在職專班,N 職,M 碩士,18,0,13,16 澎湖縣,2 技職
113,0042,國立澎湖科技大學,04132002,行銷與物流管理系,D 日,B 四技,145,8,35,16 澎湖縣,2 技職
113,0042,國立澎湖科技大學,04199Y49,人文暨管理學院,D 日,,0,1,0,16 澎湖縣,2 技職
113,0042,國立澎湖科技大學,06131004,資訊管理系,D 日,B 四技,140,7,45,16 澎湖縣,2 技職
113,0042,國立澎湖科技大學,06131004,資訊管理系,N 修,B 四技,77,0,20,16 澎湖縣,2 技職
113,0042,國立澎湖科技大學,07141005,電機工程系電資碩士班,D 日,M 碩士,14,0,7,16 澎湖縣,2 技職
113,0042,國立澎湖科技大學,07141005,電機工程系,D 日,B 四技,216,16,39,16 澎湖縣,2 技職
113,0042,國立澎湖科技大學,07141007,資訊工程系,D 日,B 四技,191,7,41,16 澎湖縣,2 技職
113,0042,國立澎湖科技大學,07141009,電信工程系,D 日,B 四技,154,7,42,16 澎湖縣,2 技職
113,0042,國立澎湖科技大學,07141027,電機科,D 日,5 五專,107,0,5,16 澎湖縣,2 技職
113,0042,國立澎湖科技大學,07199Y52,海洋資源暨工程學院,D 日,,0,1,0,16 澎湖縣,2 技職
113,0042,國立澎湖科技大學,07211011,食品科學系碩士班,D 日,M 碩士,12,0,4,16 澎湖縣,2 技職
113,0042,國立澎湖科技大學,07211011,食品科學系,D 日,B 四技,198,10,36,16 澎湖縣,2 技職
113,0042,國立澎湖科技大學,08312012,水產養殖系水產資源與養殖碩士班,D 日,M 碩士,1,0,3,16 澎湖縣,2 技職
113,0042,國立澎湖科技大學,08312012,水產養殖系,D 日,B 四技,124,7,39,16 澎湖縣,2 技職
113,0042,國立澎湖科技大學,10131014,餐旅管理系,D 日,B 四技,172,7,51,16 澎湖縣,2 技職
113,0042,國立澎湖科技大學,10151016,觀光休閒系碩士班,D 日,M 碩士,15,0,12,16 澎湖縣,2 技職
113,0042,國立澎湖科技大學,10151016,觀光休閒系碩士在職專班,N 職,M 碩士,18,0,10,16 澎湖縣,2 技職
113,0042,國立澎湖科技大學,10151016,觀光休閒系,D 日,B 四技,244,16,75,16 澎湖縣,2 技職
113,0042,國立澎湖科技大學,10151016,觀光休閒系,N 修,B 四技,103,0,26,16 澎湖縣,2 技職
113,0042,國立澎湖科技大學,10152022,海洋遊憩系,D 日,B 四技,165,6,39,16 澎湖縣,2 技職
113,0042,國立澎湖科技大學,10412025,航運管理系,D 日,B 四技,175,8,49,16 澎湖縣,2 技職
113,0042,國立澎湖科技大學,99999Z01,通識及共同科目,D 日,,0,27,0,16 澎湖縣,2 技職
113,0043,國立勤益科技大學,02299005,文化創意事業系碩士班,D 日,M 碩士,14,0,5,06 臺中市,2 技職
113,0043,國立勤益科技大學,02299005,文化創意事業系,D 日,B 四技,208,8,49,06 臺中市,2 技職
113,0043,國立勤益科技大學,02311001,應用英語系,D 日,B 四技,203,8,49,06 臺中市,2 技職
113,0043,國立勤益科技大學,02311001,應用英語系,N 修,B 四技,124,0,28,06 臺中市,2 技職
113,0043,國立勤益科技大學,04131002,企業管理系碩士班,D 日,M 碩士,53,0,14,06 臺中市,2 技職
113,0043,國立勤益科技大學,04131002,企業管理系碩士在職專班,N 職,M 碩士,21,0,12,06 臺中市,2 技職
113,0043,國立勤益科技大學,04131002,企業管理系,D 日,B 四技,418,16,106,06 臺中市,2 技職
113,0043,國立勤益科技大學,04131002,企業管理系,N 修,B 四技,219,0,40,06 臺中市,2 技職
113,0043,國立勤益科技大學,04132003,流通管理系碩士班,D 日,M 碩士,34,0,7,06 臺中市,2 技職
113,0043,國立勤益科技大學,04132003,流通管理系碩士在職專班,N 職,M 碩士,10,0,9,06 臺中市,2 技職
113,0043,國立勤益科技大學,04132003,流通管理系,D 日,B 四技,392,14,84,06 臺中市,2 技職
113,0043,國立勤益科技大學,04132003,流通管理系,N 修,C 二技,33,0,20,06 臺中市,2 技職
113,0043,國立勤益科技大學,04132003,流通管理科,N 修,2 二專,27,0,15,06 臺中市,2 技職
113,0043,國立勤益科技大學,04199041,健康產業科技研發與管理系碩士班,D 日,M 碩士,20,0,9,06 臺中市,2 技職
113,0043,國立勤益科技大學,04199041,健康產業科技研發與管理系,D 日,B 四技,195,10,51,06 臺中市,2 技職
113,0043,國立勤益科技大學,04199041,健康產業科技研發與管理系,N 修,B 四技,124,0,39,06 臺中市,2 技職
113,0043,國立勤益科技大學,06131010,資訊管理系,D 日,M 碩士,69,0,31,06 臺中市,2 技職
113,0043,國立勤益科技大學,06131010,資訊管理系研發科技與資訊管理碩士在職專班,N 職,M 碩士,12,0,8,06 臺中市,2 技職
113,0043,國立勤益科技大學,06131010,資訊管理系,D 日,B 四技,418,17,84,06 臺中市,2 技職
113,0043,國立勤益科技大學,06131010,資訊管理系,N 修,B 四技,262,0,30,06 臺中市,2 技職
113,0043,國立勤益科技大學,06131010,資訊管理系,N 修,C 二技,23,0,7,06 臺中市,2 技職
113,0043,國立勤益科技大學,06131013,資訊工程系,D 日,M 碩士,86,0,45,06 臺中市,2 技職
113,0043,國立勤益科技大學,06131013,資訊工程系碩士在職專班,N 職,M 碩士,26,0,7,06 臺中市,2 技職
113,0043,國立勤益科技大學,06131013,資訊工程系,D 日,B 四技,652,18,105,06 臺中市,2 技職
113,0043,國立勤益科技大學,06131013,資訊工程系,N 修,B 四技,202,0,38,06 臺中市,2 技職
113,0043,國立勤益科技大學,06132039,人工智慧應用工程系,D 日,B 四技,347,14,0,06 臺中市,2 技職
113,0043,國立勤益科技大學,06132039,人工智慧應用工程系,N 修,B 四技,56,0,0,06 臺中市,2 技職
113,0043,國立勤益科技大學,07111020,化工與材料工程系碩士班,D 日,M 碩士,61,0,22,06 臺中市,2 技職
113,0043,國立勤益科技大學,07111020,化工與材料工程系碩士在職專班,N 職,M 碩士,21,0,5,06 臺中市,2 技職
113,0043,國立勤益科技大學,07111020,化工與材料工程系,D 日,B 四技,685,20,113,06 臺中市,2 技職
113,0043,國立勤益科技大學,07111020,化工與材料工程系,N 修,B 四技,189,0,33,06 臺中市,2 技職
113,0043,國立勤益科技大學,07132026,冷凍空調與能源系碩士班,D 日,M 碩士,56,0,30,06 臺中市,2 技職
113,0043,國立勤益科技大學,07132026,冷凍空調與能源系碩士在職專班,N 職,M 碩士,36,0,19,06 臺中市,2 技職
113,0043,國立勤益科技大學,07132026,冷凍空調與能源系,D 日,B 四技,473,18,117,06 臺中市,2 技職
113,0043,國立勤益科技大學,07132026,冷凍空調與能源系,N 修,B 四技,337,0,68,06 臺中市,2 技職
113,0043,國立勤益科技大學,07132026,冷凍空調與能源系,D 日,C 二技,78,0,51,06 臺中市,2 技職
113,0043,國立勤益科技大學,07132026,冷凍空調與能源系,N 修,C 二技,54,0,32,06 臺中市,2 技職
113,0043,國立勤益科技大學,07141011,電機工程系碩士班,D 日,M 碩士,51,0,31,06 臺中市,2 技職
113,0043,國立勤益科技大學,07141011,電機工程系碩士在職專班,N 職,M 碩士,34,0,9,06 臺中市,2 技職
113,0043,國立勤益科技大學,07141011,電機工程系,D 日,B 四技,732,26,131,06 臺中市,2 技職
113,0043,國立勤益科技大學,07141011,電機工程系,N 修,B 四技,440,0,108,06 臺中市,2 技職
113,0043,國立勤益科技大學,07141011,電機工程系,N 修,C 二技,65,0,21,06 臺中市,2 技職
113,0043,國立勤益科技大學,07141011,電機工程科,N 修,2 二專,49,0,8,06 臺中市,2 技職
113,0043,國立勤益科技大學,07141012,電子工程系碩士班,D 日,M 碩士,83,0,35,06 臺中市,2 技職
113,0043,國立勤益科技大學,07141012,電子工程系碩士在職專班,N 職,M 碩士,28,0,4,06 臺中市,2 技職
113,0043,國立勤益科技大學,07141012,電子工程系,D 日,B 四技,571,25,147,06 臺中市,2 技職
113,0043,國立勤益科技大學,07141012,電子工程系,N 修,B 四技,237,0,64,06 臺中市,2 技職
113,0043,國立勤益科技大學,07141012,電子工程系,D 日,C 二技,24,0,19,06 臺中市,2 技職
113,0043,國立勤益科技大學,07141012,電子工程系,N 修,C 二技,48,0,17,06 臺中市,2 技職
113,0043,國立勤益科技大學,07141012,電子工程科,N 修,2 二專,11,0,5,06 臺中市,2 技職
113,0043,國立勤益科技大學,07141037,前瞻電資科技研究所,D 日,D 博士,17,6,3,06 臺中市,2 技職
113,0043,國立勤益科技大學,07151016,機械工程系碩士班,D 日,M 碩士,82,0,48,06 臺中市,2 技職
113,0043,國立勤益科技大學,07151016,機械工程系碩士在職專班,N 職,M 碩士,48,0,12,06 臺中市,2 技職
113,0043,國立勤益科技大學,07151016,機械工程系,D 日,B 四技,768,34,159,06 臺中市,2 技職
113,0043,國立勤益科技大學,07151016,機械工程系,N 修,B 四技,720,0,164,06 臺中市,2 技職
113,0043,國立勤益科技大學,07151016,機械工程系,N 修,C 二技,64,0,29,06 臺中市,2 技職
113,0043,國立勤益科技大學,07151016,機械工程科,N 修,2 二專,42,0,22,06 臺中市,2 技職
113,0043,國立勤益科技大學,07151034,智慧機械與智慧製造產業博士學位學程,D 日,D 博士,16,0,0,06 臺中市,2 技職
113,0043,國立勤益科技大學,07151038,智慧自動化工程系,D 日,B 四技,361,11,0,06 臺中市,2 技職
113,0043,國立勤益科技大學,07151038,智慧自動化工程系,N 修,B 四技,33,0,0,06 臺中市,2 技職
113,0043,國立勤益科技大學,07191022,工業工程與管理系,D 日,M 碩士,66,0,34,06 臺中市,2 技職
113,0043,國立勤益科技大學,07191022,工業工程與管理系碩士在職專班,N 職,M 碩士,51,0,21,06 臺中市,2 技職
113,0043,國立勤益科技大學,07191022,工業工程與管理系,D 日,B 四技,760,28,171,06 臺中市,2 技職
113,0043,國立勤益科技大學,07191022,工業工程與管理系,N 修,B 四技,451,0,70,06 臺中市,2 技職
113,0043,國立勤益科技大學,07191022,工業工程與管理系,N 修,C 二技,99,0,48,06 臺中市,2 技職
113,0043,國立勤益科技大學,07191022,工業工程與管理科,N 修,2 二專,47,0,17,06 臺中市,2 技職
113,0043,國立勤益科技大學,07194024,精密製造科技研究所,D 日,D 博士,34,8,2,06 臺中市,2 技職
113,0043,國立勤益科技大學,07199036,智慧製造與資訊應用國際碩士學位學程,D 日,M 碩士,14,3,1,06 臺中市,2 技職
113,0043,國立勤益科技大學,07312029,景觀系碩士班,D 日,M 碩士,13,0,2,06 臺中市,2 技職
113,0043,國立勤益科技大學,07312029,景觀系,D 日,B 四技,175,9,47,06 臺中市,2 技職
113,0043,國立勤益科技大學,07312029,景觀科,N 修,2 二專,38,0,18,06 臺中市,2 技職
113,0043,國立勤益科技大學,99999Z01,通識及共同科目,D 日,,0,26,0,06 臺中市,2 技職
113,0043,國立勤益科技大學,99999Z03,軍訓教官,D 日,,0,7,0,06 臺中市,2 技職
113,0043,國立勤益科技大學,99999Z07,體育室,D 日,,0,13,0,06 臺中市,2 技職
113,0043,國立勤益科技大學,99999Z08,語言中心,D 日,,0,9,0,06 臺中市,2 技職
113,0044,國立體育大學,01113017,適應體育學系,D 日,M 碩士,28,0,9,03 桃園市,1 一般
113,0044,國立體育大學,01113017,適應體育學系,D 日,B 學士,207,7,46,03 桃園市,1 一般
113,0044,國立體育大學,01141001,體育研究所,D 日,D 博士,52,0,9,03 桃園市,1 一般
113,0044,國立體育大學,01141001,體育研究所,D 日,M 碩士,60,7,5,03 桃園市,1 一般
113,0044,國立體育大學,01141001,體育研究所,N 職,M 碩士,53,0,7,03 桃園市,1 一般
113,0044,國立體育大學,01141016,體育推廣學系,D 日,M 碩士,35,0,8,03 桃園市,1 一般
113,0044,國立體育大學,01141016,體育推廣學系,N 職,M 碩士,42,0,8,03 桃園市,1 一般
113,0044,國立體育大學,01141016,體育推廣學系,D 日,B 學士,448,12,71,03 桃園市,1 一般
113,0044,國立體育大學,01141016,體育推廣學系,N 修,C 二年制,78,0,36,03 桃園市,1 一般
113,0044,國立體育大學,04199002,管理學院碩士在職專班,N 職,M 碩士,51,2,21,03 桃園市,1 一般
113,0044,國立體育大學,10141005,球類運動技術學系,D 日,B 學士,257,8,57,03 桃園市,1 一般
113,0044,國立體育大學,10141006,陸上運動技術學系,D 日,B 學士,203,9,40,03 桃園市,1 一般
113,0044,國立體育大學,10141007,技擊運動技術學系,D 日,B 學士,222,9,52,03 桃園市,1 一般
113,0044,國立體育大學,10141008,競技與教練科學研究所,D 日,D 博士,46,0,7,03 桃園市,1 一般
113,0044,國立體育大學,10141008,競技與教練科學研究所,D 日,M 碩士,88,7,23,03 桃園市,1 一般
113,0044,國立體育大學,10141008,競技與教練科學研究所,N 職,M 碩士,48,0,9,03 桃園市,1 一般
113,0044,國立體育大學,10141022,競技運動原住民專班,D 日,B 學士,150,2,12,03 桃園市,1 一般
113,0044,國立體育大學,10142010,運動科學研究所,D 日,D 博士,18,0,1,03 桃園市,1 一般
113,0044,國立體育大學,10142010,運動科學研究所,D 日,M 碩士,34,7,15,03 桃園市,1 一般
113,0044,國立體育大學,10142013,運動與健康科學學院碩士在職專班,N 職,M 碩士,48,2,14,03 桃園市,1 一般
113,0044,國立體育大學,10152014,運動保健學系,D 日,M 碩士,41,0,10,03 桃園市,1 一般
113,0044,國立體育大學,10152014,運動保健學系,D 日,B 學士,240,9,57,03 桃園市,1 一般
113,0044,國立體育大學,10152015,休閒產業經營學系,D 日,M 碩士,53,0,14,03 桃園市,1 一般
113,0044,國立體育大學,10152015,休閒產業經營學系,D 日,B 學士,234,8,55,03 桃園市,1 一般
113,0044,國立體育大學,10152020,國際體育事務碩士學位學程,D 日,M 碩士,21,1,9,03 桃園市,1 一般
113,0044,國立體育大學,10152021,國際運動管理與創新博士學位學程,D 日,D 博士,25,2,2,03 桃園市,1 一般
113,0044,國立體育大學,99999Z05,師資培育中心,D 日,,0,4,0,03 桃園市,1 一般
113,0046,國立臺北護理健康大學,01141019,醫護教育暨數位學習系碩士班,D 日,M 碩士,37,0,13,30 臺北市,2 技職
113,0046,國立臺北護理健康大學,01141019,醫護教育暨數位學習系,D 日,C 二技,46,9,22,30 臺北市,2 技職
113,0046,國立臺北護理健康大學,03131002,生死與健康心理諮商系碩士班,D 日,M 碩士,70,0,16,30 臺北市,2 技職
113,0046,國立臺北護理健康大學,03131002,生死與健康心理諮商系,D 日,B 四技,226,8,54,30 臺北市,2 技職
113,0046,國立臺北護理健康大學,04133004,健康事業管理系,D 日,M 碩士,30,0,11,30 臺北市,2 技職
113,0046,國立臺北護理健康大學,04133004,健康事業管理系碩士在職專班,N 職,M 碩士,33,0,15,30 臺北市,2 技職
113,0046,國立臺北護理健康大學,04133004,健康事業管理系,D 日,B 四技,366,16,86,30 臺北市,2 技職
113,0046,國立臺北護理健康大學,04133004,健康事業管理系,D 日,C 二技,106,0,51,30 臺北市,2 技職
113,0046,國立臺北護理健康大學,04133004,健康事業管理系,N 修,C 二技,67,0,23,30 臺北市,2 技職
113,0046,國立臺北護理健康大學,06131006,資訊管理系碩士班,D 日,M 碩士,36,0,14,30 臺北市,2 技職
113,0046,國立臺北護理健康大學,06131006,資訊管理系,D 日,B 四技,342,10,87,30 臺北市,2 技職
113,0046,國立臺北護理健康大學,06131025,人工智慧與健康大數據研究所,D 日,M 碩士,6,4,0,30 臺北市,2 技職
113,0046,國立臺北護理健康大學,06199022,健康科技學院碩士班,D 日,M 碩士,14,2,0,30 臺北市,2 技職
113,0046,國立臺北護理健康大學,09131009,護理系,D 日,D 博士,74,0,13,30 臺北市,2 技職
113,0046,國立臺北護理健康大學,09131009,護理系,D 日,M 碩士,149,0,39,30 臺北市,2 技職
113,0046,國立臺北護理健康大學,09131009,護理系碩士在職專班,N 職,M 碩士,96,0,25,30 臺北市,2 技職
113,0046,國立臺北護理健康大學,09131009,護理系,D 日,B 四技,890,93,214,30 臺北市,2 技職
113,0046,國立臺北護理健康大學,09131009,護理系,D 日,C 二技,505,0,241,30 臺北市,2 技職
113,0046,國立臺北護理健康大學,09131009,護理系,N 修,C 二技,558,0,198,30 臺北市,2 技職
113,0046,國立臺北護理健康大學,09131021,護理助產及婦女健康系,D 日,M 碩士,33,0,8,30 臺北市,2 技職
113,0046,國立臺北護理健康大學,09131021,護理助產及婦女健康系,D 日,C 二技,43,10,12,30 臺北市,2 技職
113,0046,國立臺北護理健康大學,09131021,護理助產及婦女健康系,N 修,C 二技,17,0,8,30 臺北市,2 技職
113,0046,國立臺北護理健康大學,09153007,語言治療與聽力學系碩士班,D 日,M 碩士,41,0,11,30 臺北市,2 技職
113,0046,國立臺北護理健康大學,09153007,語言治療與聽力學系,D 日,B 四技,190,10,40,30 臺北市,2 技職
113,0046,國立臺北護理健康大學,09199Y67,人類發展與健康學院,D 日,,0,1,0,30 臺北市,2 技職
113,0046,國立臺北護理健康大學,09211013,長期照護系碩士班,D 日,M 碩士,41,0,10,30 臺北市,2 技職
113,0046,國立臺北護理健康大學,09211013,長期照護系,D 日,C 二技,105,9,51,30 臺北市,2 技職
113,0046,國立臺北護理健康大學,09211015,高齡健康照護系碩士班,D 日,M 碩士,16,0,0,30 臺北市,2 技職
113,0046,國立臺北護理健康大學,09211015,高齡健康照護系,D 日,B 四技,136,9,21,30 臺北市,2 技職
113,0046,國立臺北護理健康大學,09221014,嬰幼兒保育系,D 日,M 碩士,38,0,14,30 臺北市,2 技職
113,0046,國立臺北護理健康大學,09221014,嬰幼兒保育系,D 日,B 四技,273,12,62,30 臺北市,2 技職
113,0046,國立臺北護理健康大學,09221014,嬰幼兒保育系,D 日,C 二技,138,0,42,30 臺北市,2 技職
113,0046,國立臺北護理健康大學,10142017,運動保健系,D 日,M 碩士,32,0,5,30 臺北市,2 技職
113,0046,國立臺北護理健康大學,10142017,運動保健系碩士在職專班,N 職,M 碩士,37,0,17,30 臺北市,2 技職
113,0046,國立臺北護理健康大學,10142017,運動保健系,D 日,B 四技,233,10,54,30 臺北市,2 技職
113,0046,國立臺北護理健康大學,10151018,休閒產業與健康促進系旅遊健康碩士班,D 日,M 碩士,18,0,9,30 臺北市,2 技職
113,0046,國立臺北護理健康大學,10151018,休閒產業與健康促進系碩士在職專班,N 職,M 碩士,16,0,2,30 臺北市,2 技職
113,0046,國立臺北護理健康大學,10151018,休閒產業與健康促進系,D 日,B 四技,143,9,27,30 臺北市,2 技職
113,0046,國立臺北護理健康大學,99999Z01,通識及共同科目,D 日,,0,15,0,30 臺北市,2 技職
113,0046,國立臺北護理健康大學,99999Z03,軍訓教官,D 日,,0,3,0,30 臺北市,2 技職
113,0047,國立高雄餐旅大學,02311002,應用英語系,D 日,B 四技,157,9,39,50 高雄市,2 技職
113,0047,國立高雄餐旅大學,02311003,應用日語系,D 日,B 四技,153,7,44,50 高雄市,2 技職
113,0047,國立高雄餐旅大學,04199010,餐旅暨會展行銷管理系,D 日,B 四技,162,5,51,50 高雄市,2 技職
113,0047,國立高雄餐旅大學,04199010,餐旅暨會展行銷管理系,N 修,B 四技,76,0,32,50 高雄市,2 技職
113,0047,國立高雄餐旅大學,10131004,旅館管理系,D 日,B 四技,433,14,118,50 高雄市,2 技職
113,0047,國立高雄餐旅大學,10131004,旅館管理系,N 修,B 四技,112,0,44,50 高雄市,2 技職
113,0047,國立高雄餐旅大學,10131004,旅館管理系,N 修,C 二技,10,0,7,50 高雄市,2 技職
113,0047,國立高雄餐旅大學,10131005,中餐廚藝系,D 日,B 四技,192,7,56,50 高雄市,2 技職
113,0047,國立高雄餐旅大學,10131006,西餐廚藝系,D 日,B 四技,194,7,39,50 高雄市,2 技職
113,0047,國立高雄餐旅大學,10131007,烘焙管理系,D 日,B 四技,201,9,48,50 高雄市,2 技職
113,0047,國立高雄餐旅大學,10131009,國際廚藝學士學位學程,D 日,B 四技,126,2,30,50 高雄市,2 技職
113,0047,國立高雄餐旅大學,10131011,飲食文化暨餐飲創新研究所,D 日,M 碩士,64,7,11,50 高雄市,2 技職
113,0047,國立高雄餐旅大學,10131023,餐旅管理研究所,D 日,M 碩士,17,4,11,50 高雄市,2 技職
113,0047,國立高雄餐旅大學,10131023,餐旅管理研究所,N 職,M 碩士,11,0,2,50 高雄市,2 技職
113,0047,國立高雄餐旅大學,10131028,餐飲廚藝科,D 日,5 五專,249,7,40,50 高雄市,2 技職
113,0047,國立高雄餐旅大學,10131030,餐飲管理系,D 日,B 四技,394,14,97,50 高雄市,2 技職
113,0047,國立高雄餐旅大學,10131030,餐飲管理系,N 修,B 四技,306,0,49,50 高雄市,2 技職
113,0047,國立高雄餐旅大學,10131030,餐飲管理系,D 日,C 二技,27,0,39,50 高雄市,2 技職
113,0047,國立高雄餐旅大學,10131030,餐飲管理系,N 修,C 二技,35,0,15,50 高雄市,2 技職
113,0047,國立高雄餐旅大學,10131Y80,廚藝學院,D 日,,0,1,0,50 高雄市,2 技職
113,0047,國立高雄餐旅大學,10151013,休閒暨遊憩管理系,D 日,B 四技,292,8,76,50 高雄市,2 技職
113,0047,國立高雄餐旅大學,10151015,旅運管理系,D 日,B 四技,156,7,51,50 高雄市,2 技職
113,0047,國立高雄餐旅大學,10151015,旅運管理系,N 修,B 四技,114,0,42,50 高雄市,2 技職
113,0047,國立高雄餐旅大學,10151015,旅運管理系,N 修,C 二技,23,0,10,50 高雄市,2 技職
113,0047,國立高雄餐旅大學,10151016,國際觀光學士學位學程,D 日,B 四技,121,2,33,50 高雄市,2 技職
113,0047,國立高雄餐旅大學,10151029,觀光研究所,D 日,D 博士,39,0,4,50 高雄市,2 技職
113,0047,國立高雄餐旅大學,10151029,觀光研究所,D 日,M 碩士,26,7,16,50 高雄市,2 技職
113,0047,國立高雄餐旅大學,10151029,觀光研究所,N 職,M 碩士,11,0,3,50 高雄市,2 技職
113,0047,國立高雄餐旅大學,10151031,國際觀光餐旅全英文碩士學位學程,D 日,M 碩士,23,2,9,50 高雄市,2 技職
113,0047,國立高雄餐旅大學,10199Y79,觀光學院,D 日,,0,1,0,50 高雄市,2 技職
113,0047,國立高雄餐旅大學,10413019,航空暨運輸服務管理系,D 日,B 四技,164,8,51,50 高雄市,2 技職
113,0047,國立高雄餐旅大學,10413019,航空暨運輸服務管理系,N 修,B 四技,147,0,45,50 高雄市,2 技職
113,0047,國立高雄餐旅大學,10413019,航空暨運輸服務管理系,N 修,C 二技,66,0,32,50 高雄市,2 技職
113,0047,國立高雄餐旅大學,99999Y45,國際學院,D 日,,0,1,0,50 高雄市,2 技職
113,0047,國立高雄餐旅大學,99999Z01,通識及共同科目,D 日,,0,23,0,50 高雄市,2 技職
113,0047,國立高雄餐旅大學,99999Z01,通識及共同科目,N 修,,0,3,0,50 高雄市,2 技職
113,0047,國立高雄餐旅大學,99999Z05,師資培育中心,D 日,,0,4,0,50 高雄市,2 技職
113,0048,國立金門大學,02311002,應用英語學系,D 日,B 學士,157,8,47,71 金門縣,1 一般
113,0048,國立金門大學,02323001,華語文學系,D 日,B 學士,104,7,21,71 金門縣,1 一般
113,0048,國立金門大學,03121006,國際暨大陸事務學系,D 日,M 碩士,17,0,3,71 金門縣,1 一般
113,0048,國立金門大學,03121006,國際暨大陸事務學系,D 日,B 學士,126,9,32,71 金門縣,1 一般
113,0048,國立金門大學,03121006,國際暨大陸事務學系,P 進,B 學士,73,0,15,71 金門縣,1 一般
113,0048,國立金門大學,03143005,閩南文化碩士學位學程,D 日,M 碩士,12,2,5,71 金門縣,1 一般
113,0048,國立金門大學,04131009,企業管理學系,D 日,M 碩士,34,0,21,71 金門縣,1 一般
113,0048,國立金門大學,04131009,企業管理學系,D 日,B 學士,348,10,76,71 金門縣,1 一般
113,0048,國立金門大學,04131009,企業管理學系,P 進,B 學士,194,0,52,71 金門縣,1 一般
113,0048,國立金門大學,04199042,跨境產業策略與發展博士學位學程,D 日,D 博士,9,0,0,71 金門縣,1 一般
113,0048,國立金門大學,04212013,海洋與邊境管理學系,D 日,M 碩士,18,0,6,71 金門縣,1 一般
113,0048,國立金門大學,04212013,海洋與邊境管理學系,D 日,B 學士,150,8,30,71 金門縣,1 一般
113,0048,國立金門大學,06131019,資訊工程學系,D 日,M 碩士,15,0,0,71 金門縣,1 一般
113,0048,國立金門大學,06131019,資訊工程學系,D 日,B 學士,210,9,49,71 金門縣,1 一般
113,0048,國立金門大學,06131041,理工學院資訊科技與應用碩士班,D 日,M 碩士,3,0,2,71 金門縣,1 一般
113,0048,國立金門大學,06131041,理工學院資訊科技與應用碩士在職專班,N 職,M 碩士,1,0,4,71 金門縣,1 一般
113,0048,國立金門大學,07141043,電機工程學系,D 日,M 碩士,16,0,11,71 金門縣,1 一般
113,0048,國立金門大學,07141043,電機工程學系,N 職,M 碩士,26,0,0,71 金門縣,1 一般
113,0048,國立金門大學,07141043,電機工程學系,D 日,B 學士,282,9,65,71 金門縣,1 一般
113,0048,國立金門大學,07191025,工業工程與管理學系,D 日,B 學士,141,6,30,71 金門縣,1 一般
113,0048,國立金門大學,07211029,食品科學系,D 日,M 碩士,10,0,4,71 金門縣,1 一般
113,0048,國立金門大學,07211029,食品科學系,D 日,B 學士,135,9,34,71 金門縣,1 一般
113,0048,國立金門大學,07311026,建築學系,D 日,M 碩士,21,0,4,71 金門縣,1 一般
113,0048,國立金門大學,07311026,建築學系,D 日,B 學士,185,8,37,71 金門縣,1 一般
113,0048,國立金門大學,07313028,都市計畫與景觀學系,D 日,B 學士,114,7,26,71 金門縣,1 一般
113,0048,國立金門大學,07321021,土木與工程管理學系,D 日,M 碩士,14,0,8,71 金門縣,1 一般
113,0048,國立金門大學,07321021,土木與工程管理學系,D 日,B 學士,120,9,23,71 金門縣,1 一般
113,0048,國立金門大學,09131031,護理學系,D 日,B 學士,143,7,37,71 金門縣,1 一般
113,0048,國立金門大學,09191032,長期照護學系,D 日,M 碩士,19,0,4,71 金門縣,1 一般
113,0048,國立金門大學,09191032,長期照護學系,D 日,B 學士,140,8,38,71 金門縣,1 一般
113,0048,國立金門大學,09231033,社會工作學系,D 日,M 碩士,6,0,0,71 金門縣,1 一般
113,0048,國立金門大學,09231033,社會工作學系,D 日,B 學士,155,8,44,71 金門縣,1 一般
113,0048,國立金門大學,09231033,社會工作學系,P 進,B 學士,126,0,32,71 金門縣,1 一般
113,0048,國立金門大學,10151034,觀光管理學系,D 日,M 碩士,12,0,5,71 金門縣,1 一般
113,0048,國立金門大學,10151034,觀光管理學系,D 日,B 學士,201,9,43,71 金門縣,1 一般
113,0048,國立金門大學,10151034,觀光管理學系,P 進,B 學士,146,0,31,71 金門縣,1 一般
113,0048,國立金門大學,10152011,管理學院事業經營碩士在職專班,N 職,M 碩士,68,1,24,71 金門縣,1 一般
113,0048,國立金門大學,10152036,運動與休閒學系,D 日,M 碩士,16,0,8,71 金門縣,1 一般
113,0048,國立金門大學,10152036,運動與休閒學系,D 日,B 學士,152,8,33,71 金門縣,1 一般
113,0048,國立金門大學,10152036,運動與休閒學系,P 進,B 學士,104,0,15,71 金門縣,1 一般
113,0048,國立金門大學,99999Z01,通識及共同科目,D 日,,0,5,0,71 金門縣,1 一般
113,0048,國立金門大學,99999Z03,軍訓教官,D 日,,0,1,0,71 金門縣,1 一般
113,0049,國立臺灣體育運動大學,01141001,體育學系,D 日,M 碩士,77,0,9,19 臺中市,1 一般
113,0049,國立臺灣體育運動大學,01141001,體育學系,N 職,M 碩士,37,0,3,19 臺中市,1 一般
113,0049,國立臺灣體育運動大學,01141001,體育學系,D 日,B 學士,438,18,69,19 臺中市,1 一般
113,0049,國立臺灣體育運動大學,01141001,體育學系,P 進,B 學士,323,0,55,19 臺中市,1 一般
113,0049,國立臺灣體育運動大學,02112012,運動資訊與傳播學系,D 日,M 碩士,10,0,0,19 臺中市,1 一般
113,0049,國立臺灣體育運動大學,02112012,運動資訊與傳播學系,D 日,B 學士,202,9,40,19 臺中市,1 一般
113,0049,國立臺灣體育運動大學,02152002,舞蹈學系,D 日,M 碩士,30,0,6,19 臺中市,1 一般
113,0049,國立臺灣體育運動大學,02152002,舞蹈學系,D 日,B 學士,187,8,49,19 臺中市,1 一般
113,0049,國立臺灣體育運動大學,04199010,運動事業管理學系東南亞博士班,D 日,D 博士,8,0,0,19 臺中市,1 一般
113,0049,國立臺灣體育運動大學,04199010,運動事業管理學系,D 日,M 碩士,29,0,10,19 臺中市,1 一般
113,0049,國立臺灣體育運動大學,04199010,運動事業管理學系,N 職,M 碩士,26,0,7,19 臺中市,1 一般
113,0049,國立臺灣體育運動大學,04199010,運動事業管理學系,D 日,B 學士,212,11,40,19 臺中市,1 一般
113,0049,國立臺灣體育運動大學,10141003,競技運動學系,D 日,D 博士,15,0,0,19 臺中市,1 一般
113,0049,國立臺灣體育運動大學,10141003,競技運動學系,D 日,M 碩士,61,0,10,19 臺中市,1 一般
113,0049,國立臺灣體育運動大學,10141003,競技運動學系,N 職,M 碩士,24,0,8,19 臺中市,1 一般
113,0049,國立臺灣體育運動大學,10141003,競技運動學系,D 日,B 學士,197,13,40,19 臺中市,1 一般
113,0049,國立臺灣體育運動大學,10141004,球類運動學系,D 日,B 學士,462,12,87,19 臺中市,1 一般
113,0049,國立臺灣體育運動大學,10141005,技擊運動學系,D 日,B 學士,218,7,52,19 臺中市,1 一般
113,0049,國立臺灣體育運動大學,10142006,運動健康科學學系,D 日,M 碩士,29,0,4,19 臺中市,1 一般
113,0049,國立臺灣體育運動大學,10142006,運動健康科學學系,N 職,M 碩士,13,0,5,19 臺中市,1 一般
113,0049,國立臺灣體育運動大學,10142006,運動健康科學學系,D 日,B 學士,202,10,43,19 臺中市,1 一般
113,0049,國立臺灣體育運動大學,10152007,休閒運動學系,D 日,M 碩士,42,0,10,19 臺中市,1 一般
113,0049,國立臺灣體育運動大學,10152007,休閒運動學系,D 日,B 學士,220,9,38,19 臺中市,1 一般
113,0049,國立臺灣體育運動大學,10152008,休閒運動管理碩士在職學位學程,N 職,M 碩士,28,2,4,19 臺中市,1 一般
113,0049,國立臺灣體育運動大學,99999Z01,通識及共同科目,D 日,,0,1,0,19 臺中市,1 一般
113,0049,國立臺灣體育運動大學,99999Z03,軍訓教官,D 日,,0,3,0,19 臺中市,1 一般
113,0049,國立臺灣體育運動大學,99999Z05,師資培育中心,D 日,,0,3,0,19 臺中市,1 一般
113,0049,國立臺灣體育運動大學,99999Z07,體育室,D 日,,0,19,0,19 臺中市,1 一般
113,0050,國立臺中科技大學,02112005,多媒體設計系碩士班,D 日,M 碩士,36,0,7,19 臺中市,2 技職
113,0050,國立臺中科技大學,02112005,多媒體設計系,D 日,B 四技,220,10,47,19 臺中市,2 技職
113,0050,國立臺中科技大學,02122006,商業設計系碩士班,D 日,M 碩士,44,0,9,19 臺中市,2 技職
113,0050,國立臺中科技大學,02122006,商業設計系碩士在職專班,N 職,M 碩士,31,0,15,19 臺中市,2 技職
113,0050,國立臺中科技大學,02122006,商業設計系,D 日,B 四技,215,16,51,19 臺中市,2 技職
113,0050,國立臺中科技大學,02122006,商業設計系,N 修,B 四技,189,0,32,19 臺中市,2 技職
113,0050,國立臺中科技大學,02122006,商業設計系,D 日,C 二技,67,0,38,19 臺中市,2 技職
113,0050,國立臺中科技大學,02122006,商業設計系,N 修,C 二技,108,0,48,19 臺中市,2 技職
113,0050,國立臺中科技大學,02122006,商業設計科,N 修,2 二專,52,0,30,19 臺中市,2 技職
113,0050,國立臺中科技大學,02123007,創意商品設計系,D 日,C 二技,78,8,33,19 臺中市,2 技職
113,0050,國立臺中科技大學,02123007,創意商品設計菁英班,D 日,5 五專,235,0,27,19 臺中市,2 技職
113,0050,國立臺中科技大學,02124008,室內設計系碩士班,D 日,M 碩士,27,0,2,19 臺中市,2 技職
113,0050,國立臺中科技大學,02124008,室內設計系,D 日,B 四技,187,10,45,19 臺中市,2 技職
113,0050,國立臺中科技大學,02124008,室內設計系,N 修,C 二技,73,0,18,19 臺中市,2 技職
113,0050,國立臺中科技大學,02311003,應用英語系,D 日,B 四技,175,16,48,19 臺中市,2 技職
113,0050,國立臺中科技大學,02311003,應用英語系,N 修,B 四技,242,0,30,19 臺中市,2 技職
113,0050,國立臺中科技大學,02311003,應用英語系,D 日,C 二技,68,0,23,19 臺中市,2 技職
113,0050,國立臺中科技大學,02311003,應用英語系,N 修,C 二技,157,0,70,19 臺中市,2 技職
113,0050,國立臺中科技大學,02311003,應用英語科,N 修,2 二專,55,0,19,19 臺中市,2 技職
113,0050,國立臺中科技大學,02311003,應用英語科,D 日,5 五專,255,0,47,19 臺中市,2 技職
113,0050,國立臺中科技大學,02311004,應用日語系日本市場暨商務策略碩士班,D 日,M 碩士,21,0,8,19 臺中市,2 技職
113,0050,國立臺中科技大學,02311004,應用日語系,D 日,B 四技,196,22,40,19 臺中市,2 技職
113,0050,國立臺中科技大學,02311004,應用日語系,D 日,C 二技,68,0,33,19 臺中市,2 技職
113,0050,國立臺中科技大學,02311004,應用日語系,N 修,C 二技,96,0,37,19 臺中市,2 技職
113,0050,國立臺中科技大學,02311004,應用日語科,N 修,2 二專,101,0,35,19 臺中市,2 技職
113,0050,國立臺中科技大學,02311004,應用日語科,D 日,5 五專,262,0,34,19 臺中市,2 技職
113,0050,國立臺中科技大學,02311047,語文學院_應用資訊日語技優領航專班,D 日,B 四技,61,0,0,19 臺中市,2 技職
113,0050,國立臺中科技大學,02311049,語文學院,D 日,,0,1,0,19 臺中市,2 技職
113,0050,國立臺中科技大學,02322001,應用中文系,D 日,B 四技,241,10,41,19 臺中市,2 技職
113,0050,國立臺中科技大學,04111012,會計資訊系碩士班,D 日,M 碩士,23,0,12,19 臺中市,2 技職
113,0050,國立臺中科技大學,04111012,會計資訊系碩士在職專班,N 職,M 碩士,20,0,10,19 臺中市,2 技職
113,0050,國立臺中科技大學,04111012,會計資訊系,D 日,B 四技,344,24,75,19 臺中市,2 技職
113,0050,國立臺中科技大學,04111012,會計資訊系,N 修,B 四技,142,1,44,19 臺中市,2 技職
113,0050,國立臺中科技大學,04111012,會計資訊系,D 日,C 二技,80,0,35,19 臺中市,2 技職
113,0050,國立臺中科技大學,04111012,會計資訊系,N 修,C 二技,52,0,20,19 臺中市,2 技職
113,0050,國立臺中科技大學,04111012,會計資訊科,D 日,5 五專,391,0,40,19 臺中市,2 技職
113,0050,國立臺中科技大學,04121021,財務金融系碩士班,D 日,M 碩士,22,0,10,19 臺中市,2 技職
113,0050,國立臺中科技大學,04121021,財務金融系碩士在職專班,N 職,M 碩士,40,0,12,19 臺中市,2 技職
113,0050,國立臺中科技大學,04121021,財務金融系,D 日,B 四技,349,16,88,19 臺中市,2 技職
113,0050,國立臺中科技大學,04121021,財務金融系,N 修,B 四技,276,1,42,19 臺中市,2 技職
113,0050,國立臺中科技大學,04121021,財務金融系,N 修,C 二技,71,0,27,19 臺中市,2 技職
113,0050,國立臺中科技大學,04121021,財務金融科,N 修,2 二專,45,0,20,19 臺中市,2 技職
113,0050,國立臺中科技大學,04122028,財政稅務系租稅管理與理財規劃碩士班,D 日,M 碩士,25,0,10,19 臺中市,2 技職
113,0050,國立臺中科技大學,04122028,財政稅務系,D 日,B 四技,350,9,85,19 臺中市,2 技職
113,0050,國立臺中科技大學,04123027,保險金融管理系碩士班,D 日,M 碩士,20,0,7,19 臺中市,2 技職
113,0050,國立臺中科技大學,04123027,保險金融管理系,D 日,B 四技,354,22,77,19 臺中市,2 技職
113,0050,國立臺中科技大學,04123027,保險金融管理系,N 修,B 四技,64,0,0,19 臺中市,2 技職
113,0050,國立臺中科技大學,04123027,保險金融管理系,D 日,C 二技,76,0,42,19 臺中市,2 技職
113,0050,國立臺中科技大學,04123027,保險金融管理系,N 修,C 二技,3,0,3,19 臺中市,2 技職
113,0050,國立臺中科技大學,04123027,保險金融管理科,D 日,5 五專,425,0,63,19 臺中市,2 技職
113,0050,國立臺中科技大學,04131015,企業管理系碩士班,D 日,M 碩士,34,0,8,19 臺中市,2 技職
113,0050,國立臺中科技大學,04131015,企業管理系碩士在職專班,N 職,M 碩士,63,0,22,19 臺中市,2 技職
113,0050,國立臺中科技大學,04131015,企業管理系,D 日,B 四技,308,24,55,19 臺中市,2 技職
113,0050,國立臺中科技大學,04131015,企業管理系,N 修,B 四技,147,0,32,19 臺中市,2 技職
113,0050,國立臺中科技大學,04131015,企業管理系,D 日,C 二技,77,0,42,19 臺中市,2 技職
113,0050,國立臺中科技大學,04131015,企業管理系,N 修,C 二技,140,0,106,19 臺中市,2 技職
113,0050,國立臺中科技大學,04131015,企業管理科,D 日,5 五專,451,0,67,19 臺中市,2 技職
113,0050,國立臺中科技大學,04131051,商學院_智慧營運與經營管理外國學生專班,D 日,M 碩士,3,0,0,19 臺中市,2 技職
113,0050,國立臺中科技大學,04132029,流通管理系碩士班,D 日,M 碩士,21,0,15,19 臺中市,2 技職
113,0050,國立臺中科技大學,04132029,流通管理系碩士在職專班,N 職,M 碩士,26,0,9,19 臺中市,2 技職
113,0050,國立臺中科技大學,04132029,流通管理系,D 日,B 四技,185,13,49,19 臺中市,2 技職
113,0050,國立臺中科技大學,04132029,流通管理系,D 日,C 二技,82,0,40,19 臺中市,2 技職
113,0050,國立臺中科技大學,04141020,國際貿易與經營系,D 日,B 四技,377,21,86,19 臺中市,2 技職
113,0050,國立臺中科技大學,04141020,國際貿易與經營系,N 修,B 四技,246,0,67,19 臺中市,2 技職
113,0050,國立臺中科技大學,04141020,國際貿易與經營系,D 日,C 二技,79,0,38,19 臺中市,2 技職
113,0050,國立臺中科技大學,04141020,國際貿易與經營系,N 修,C 二技,117,0,36,19 臺中市,2 技職
113,0050,國立臺中科技大學,04141020,國際貿易與經營科,D 日,5 五專,252,0,41,19 臺中市,2 技職
113,0050,國立臺中科技大學,04191009,商業經營系,N 修,B 四技,201,1,0,19 臺中市,2 技職
113,0050,國立臺中科技大學,04191009,商業經營系,D 日,C 二技,59,10,32,19 臺中市,2 技職
113,0050,國立臺中科技大學,04191009,商業經營科,N 修,2 二專,184,0,159,19 臺中市,2 技職
113,0050,國立臺中科技大學,05421032,應用統計系,D 日,B 四技,178,7,40,19 臺中市,2 技職
113,0050,國立臺中科技大學,06131033,資訊管理系碩士班,D 日,M 碩士,34,0,18,19 臺中市,2 技職
113,0050,國立臺中科技大學,06131033,資訊管理系碩士在職專班,N 職,M 碩士,37,0,12,19 臺中市,2 技職
113,0050,國立臺中科技大學,06131033,資訊管理系,D 日,B 四技,248,26,50,19 臺中市,2 技職
113,0050,國立臺中科技大學,06131033,資訊管理系,N 修,B 四技,146,0,35,19 臺中市,2 技職
113,0050,國立臺中科技大學,06131033,資訊管理系,D 日,C 二技,169,0,68,19 臺中市,2 技職
113,0050,國立臺中科技大學,06131033,資訊管理系,N 修,C 二技,56,0,28,19 臺中市,2 技職
113,0050,國立臺中科技大學,06131033,資訊管理科,N 修,2 二專,62,0,27,19 臺中市,2 技職
113,0050,國立臺中科技大學,06131033,資訊管理科,D 日,5 五專,440,0,67,19 臺中市,2 技職
113,0050,國立臺中科技大學,06131050,資訊與流通學院智慧工程博士班,D 日,D 博士,8,2,0,19 臺中市,2 技職
113,0050,國立臺中科技大學,06132043,人工智慧應用工程學士學位學程,D 日,B 四技,162,4,0,19 臺中市,2 技職
113,0050,國立臺中科技大學,07141036,資訊工程系,D 日,M 碩士,47,0,19,19 臺中市,2 技職
113,0050,國立臺中科技大學,07141036,資訊工程系碩士在職專班,N 職,M 碩士,30,0,6,19 臺中市,2 技職
113,0050,國立臺中科技大學,07141036,資訊工程系,D 日,B 四技,387,27,81,19 臺中市,2 技職
113,0050,國立臺中科技大學,07141036,資訊工程系,N 修,B 四技,166,0,37,19 臺中市,2 技職
113,0050,國立臺中科技大學,07141036,資訊工程系,D 日,C 二技,97,0,19,19 臺中市,2 技職
113,0050,國立臺中科技大學,07141036,資訊工程科,D 日,5 五專,474,0,60,19 臺中市,2 技職
113,0050,國立臺中科技大學,07191044,智慧生產工程系,D 日,B 四技,299,7,0,19 臺中市,2 技職
113,0050,國立臺中科技大學,09131037,護理系碩士班,D 日,M 碩士,22,0,5,19 臺中市,2 技職
113,0050,國立臺中科技大學,09131037,護理系碩士在職專班,N 職,M 碩士,42,0,7,19 臺中市,2 技職
113,0050,國立臺中科技大學,09131037,護理系,D 日,B 四技,436,49,109,19 臺中市,2 技職
113,0050,國立臺中科技大學,09131037,護理系,D 日,C 二技,150,0,71,19 臺中市,2 技職
113,0050,國立臺中科技大學,09131037,護理科,D 日,5 五專,529,0,90,19 臺中市,2 技職
113,0050,國立臺中科技大學,09211038,老人服務事業管理系,D 日,B 四技,167,9,41,19 臺中市,2 技職
113,0050,國立臺中科技大學,09211038,老人服務事業管理系,N 修,B 四技,135,0,34,19 臺中市,2 技職
113,0050,國立臺中科技大學,09211038,老人服務事業管理系,D 日,C 二技,77,0,35,19 臺中市,2 技職
113,0050,國立臺中科技大學,09211038,老人服務事業管理系,N 修,C 二技,126,0,58,19 臺中市,2 技職
113,0050,國立臺中科技大學,10121040,美容系碩士班,D 日,M 碩士,20,0,9,19 臺中市,2 技職
113,0050,國立臺中科技大學,10121040,美容系,D 日,B 四技,247,10,49,19 臺中市,2 技職
113,0050,國立臺中科技大學,10121040,美容系,N 修,B 四技,174,0,31,19 臺中市,2 技職
113,0050,國立臺中科技大學,10121040,美容系,D 日,C 二技,72,0,45,19 臺中市,2 技職
113,0050,國立臺中科技大學,10121040,美容系,N 修,C 二技,60,0,29,19 臺中市,2 技職
113,0050,國立臺中科技大學,10121040,美容科,N 修,2 二專,51,0,46,19 臺中市,2 技職
113,0050,國立臺中科技大學,10151039,休閒事業經營系,D 日,B 四技,156,11,55,19 臺中市,2 技職
113,0050,國立臺中科技大學,10151039,休閒事業經營系,N 修,B 四技,128,0,45,19 臺中市,2 技職
113,0050,國立臺中科技大學,10151039,休閒事業經營系,N 修,C 二技,346,0,157,19 臺中市,2 技職
113,0050,國立臺中科技大學,99999Z01,通識及共同科目,D 日,,0,23,0,19 臺中市,2 技職
113,0050,國立臺中科技大學,99999Z03,軍訓教官,D 日,,0,6,0,19 臺中市,2 技職
113,0050,國立臺中科技大學,99999Z07,體育室,D 日,,0,23,0,19 臺中市,2 技職
113,0050,國立臺中科技大學,99999Z08,語言中心,D 日,,0,6,0,19 臺中市,2 技職
113,0051,國立臺北商業大學,02112007,數位多媒體設計系,D 日,B 四技,190,7,33,30 臺北市,2 技職
113,0051,國立臺北商業大學,02112007,數位多媒體設計系,N 修,B 四技,190,0,25,30 臺北市,2 技職
113,0051,國立臺北商業大學,02122015,商業設計管理系,D 日,B 四技,185,8,52,30 臺北市,2 技職
113,0051,國立臺北商業大學,02122015,商業設計管理系,D 日,C 二技,69,0,26,30 臺北市,2 技職
113,0051,國立臺北商業大學,02122024,創意設計與經營研究所,D 日,M 碩士,35,6,16,30 臺北市,2 技職
113,0051,國立臺北商業大學,02122024,創意設計與經營研究所,N 職,M 碩士,22,0,7,30 臺北市,2 技職
113,0051,國立臺北商業大學,02122026,創意科技與產品設計系,D 日,B 四技,201,7,39,30 臺北市,2 技職
113,0051,國立臺北商業大學,02122026,創意科技與產品設計系,D 日,C 二技,27,0,18,30 臺北市,2 技職
113,0051,國立臺北商業大學,02122028,品牌設計與創新經營在職碩士原住民專班,N 職,M 碩士,8,0,0,30 臺北市,2 技職
113,0051,國立臺北商業大學,02311006,應用外語系,D 日,B 四技,142,15,36,30 臺北市,2 技職
113,0051,國立臺北商業大學,02311006,應用外語系,D 日,C 二技,62,0,23,30 臺北市,2 技職
113,0051,國立臺北商業大學,02311006,應用外語系,N 修,C 二技,126,0,36,30 臺北市,2 技職
113,0051,國立臺北商業大學,02311006,應用外語科,N 修,2 二專,28,0,17,30 臺北市,2 技職
113,0051,國立臺北商業大學,02311006,應用外語科,D 日,5 五專,259,0,42,30 臺北市,2 技職
113,0051,國立臺北商業大學,04111009,會計資訊系,D 日,M 碩士,37,0,16,30 臺北市,2 技職
113,0051,國立臺北商業大學,04111009,會計資訊系,D 日,B 四技,349,15,87,30 臺北市,2 技職
113,0051,國立臺北商業大學,04111009,會計資訊系,N 修,B 四技,108,0,26,30 臺北市,2 技職
113,0051,國立臺北商業大學,04111009,會計資訊系,D 日,C 二技,58,0,31,30 臺北市,2 技職
113,0051,國立臺北商業大學,04111009,會計資訊系,N 修,C 二技,69,0,26,30 臺北市,2 技職
113,0051,國立臺北商業大學,04111027,會計與資料科學科,D 日,5 五專,254,6,33,30 臺北市,2 技職
113,0051,國立臺北商業大學,04121013,財務金融系碩士班,D 日,M 碩士,23,0,10,30 臺北市,2 技職
113,0051,國立臺北商業大學,04121013,財務金融系金融科技創新服務碩士在職專班,N 職,M 碩士,14,0,0,30 臺北市,2 技職
113,0051,國立臺北商業大學,04121013,財務金融系,D 日,B 四技,168,22,41,30 臺北市,2 技職
113,0051,國立臺北商業大學,04121013,財務金融系,N 修,B 四技,136,0,37,30 臺北市,2 技職
113,0051,國立臺北商業大學,04121013,財務金融系,D 日,C 二技,84,0,32,30 臺北市,2 技職
113,0051,國立臺北商業大學,04121013,財務金融系,N 修,C 二技,89,0,41,30 臺北市,2 技職
113,0051,國立臺北商業大學,04121013,財務金融科,D 日,5 五專,244,0,43,30 臺北市,2 技職
113,0051,國立臺北商業大學,04122014,財政稅務系,D 日,M 碩士,45,0,19,30 臺北市,2 技職
113,0051,國立臺北商業大學,04122014,財政稅務系碩士在職專班,N 職,M 碩士,22,0,11,30 臺北市,2 技職
113,0051,國立臺北商業大學,04122014,財政稅務系,D 日,B 四技,254,18,73,30 臺北市,2 技職
113,0051,國立臺北商業大學,04122014,財政稅務系,D 日,C 二技,66,0,27,30 臺北市,2 技職
113,0051,國立臺北商業大學,04122014,財政稅務系,N 修,C 二技,58,0,30,30 臺北市,2 技職
113,0051,國立臺北商業大學,04122014,財政稅務科,D 日,5 五專,252,0,34,30 臺北市,2 技職
113,0051,國立臺北商業大學,04131010,企業管理系,D 日,M 碩士,63,0,49,30 臺北市,2 技職
113,0051,國立臺北商業大學,04131010,企業管理系EMBA在職專班,N 職,M 碩士,62,0,28,30 臺北市,2 技職
113,0051,國立臺北商業大學,04131010,企業管理系,D 日,B 四技,256,31,61,30 臺北市,2 技職
113,0051,國立臺北商業大學,04131010,企業管理系,N 修,B 四技,241,0,28,30 臺北市,2 技職
113,0051,國立臺北商業大學,04131010,企業管理系,D 日,C 二技,70,0,32,30 臺北市,2 技職
113,0051,國立臺北商業大學,04131010,企業管理系,N 修,C 二技,223,0,122,30 臺北市,2 技職
113,0051,國立臺北商業大學,04131010,企業管理科,N 修,2 二專,52,0,59,30 臺北市,2 技職
113,0051,國立臺北商業大學,04131010,企業管理科,D 日,5 五專,246,0,30,30 臺北市,2 技職
113,0051,國立臺北商業大學,04141011,國際貿易科,D 日,5 五專,263,0,28,30 臺北市,2 技職
113,0051,國立臺北商業大學,04141012,國際商務系,D 日,M 碩士,41,0,15,30 臺北市,2 技職
113,0051,國立臺北商業大學,04141012,國際商務系,D 日,B 四技,348,23,85,30 臺北市,2 技職
113,0051,國立臺北商業大學,04141012,國際商務系,N 修,B 四技,94,0,32,30 臺北市,2 技職
113,0051,國立臺北商業大學,04141012,國際商務系,D 日,C 二技,79,0,31,30 臺北市,2 技職
113,0051,國立臺北商業大學,04141012,國際商務系,N 修,C 二技,80,0,28,30 臺北市,2 技職
113,0051,國立臺北商業大學,04141022,財經學院_高階國際商業創新經營管理碩士在職專班,N 職,M 碩士,12,0,8,30 臺北市,2 技職
113,0051,國立臺北商業大學,04191025,財經學院博士班,D 日,D 博士,12,2,2,30 臺北市,2 技職
113,0051,國立臺北商業大學,04199021,貿易實務法律暨談判碩士學位學程,D 日,M 碩士,23,2,10,30 臺北市,2 技職
113,0051,國立臺北商業大學,06131017,資訊管理系人工智慧與商業應用碩士班,D 日,M 碩士,18,0,12,30 臺北市,2 技職
113,0051,國立臺北商業大學,06131017,資訊管理系,D 日,B 四技,261,19,29,30 臺北市,2 技職
113,0051,國立臺北商業大學,06131017,資訊管理系,N 修,B 四技,127,0,27,30 臺北市,2 技職
113,0051,國立臺北商業大學,06131017,資訊管理系,D 日,C 二技,73,0,33,30 臺北市,2 技職
113,0051,國立臺北商業大學,06131017,資訊管理系,N 修,C 二技,132,0,59,30 臺北市,2 技職
113,0051,國立臺北商業大學,06131017,資訊管理科,D 日,5 五專,253,0,33,30 臺北市,2 技職
113,0051,國立臺北商業大學,06131018,資訊與決策科學研究所,D 日,M 碩士,29,8,12,30 臺北市,2 技職
113,0051,國立臺北商業大學,06131018,資訊與決策科學研究所,N 職,M 碩士,16,1,0,30 臺北市,2 技職
113,0051,國立臺北商業大學,99999Z01,通識及共同科目,D 日,,0,22,0,30 臺北市,2 技職
113,0051,國立臺北商業大學,99999Z03,軍訓教官,D 日,,0,12,0,30 臺北市,2 技職
113,0051,國立臺北商業大學,99999Z07,體育室,D 日,,0,11,0,30 臺北市,2 技職
113,0051,國立臺北商業大學,99999Z07,體育室,N 修,,0,2,0,30 臺北市,2 技職
113,0052,國立屏東大學,01111001,教育學系,D 日,M 碩士,57,0,17,13 屏東縣,1 一般
113,0052,國立屏東大學,01111001,教育學系,D 日,B 學士,333,14,83,13 屏東縣,1 一般
113,0052,國立屏東大學,01111003,教育心理與輔導學系,D 日,M 碩士,132,0,22,13 屏東縣,1 一般
113,0052,國立屏東大學,01111003,教育心理與輔導學系社區諮商與教育碩士在職專班,N 職,M 碩士,88,0,5,13 屏東縣,1 一般
113,0052,國立屏東大學,01111003,教育心理與輔導學系,D 日,B 學士,173,12,42,13 屏東縣,1 一般
113,0052,國立屏東大學,01111048,文教事業經營碩士在職學位學程,N 職,M 碩士,10,0,0,13 屏東縣,1 一般
113,0052,國立屏東大學,01113017,特殊教育學系,D 日,M 碩士,70,0,5,13 屏東縣,1 一般
113,0052,國立屏東大學,01113017,特殊教育學系,N 職,M 碩士,44,0,7,13 屏東縣,1 一般
113,0052,國立屏東大學,01113017,特殊教育學系,D 日,B 學士,159,9,33,13 屏東縣,1 一般
113,0052,國立屏東大學,01114018,教育行政研究所,D 日,D 博士,46,0,8,13 屏東縣,1 一般
113,0052,國立屏東大學,01114018,教育行政研究所,D 日,M 碩士,19,6,4,13 屏東縣,1 一般
113,0052,國立屏東大學,01114018,教育行政研究所教育行政碩士在職專班,N 職,M 碩士,21,0,6,13 屏東縣,1 一般
113,0052,國立屏東大學,01115001,教育學系課程與教學碩士在職專班,N 職,M 碩士,59,0,7,13 屏東縣,1 一般
113,0052,國立屏東大學,01115073,STEM教育國際碩士學位學程,D 日,M 碩士,11,1,1,13 屏東縣,1 一般
113,0052,國立屏東大學,01121016,幼兒教育學系,D 日,M 碩士,48,0,6,13 屏東縣,1 一般
113,0052,國立屏東大學,01121016,幼兒教育學系,N 職,M 碩士,66,0,12,13 屏東縣,1 一般
113,0052,國立屏東大學,01121016,幼兒教育學系,D 日,B 學士,302,12,75,13 屏東縣,1 一般
113,0052,國立屏東大學,01131071,科學傳播學系數理課程與教學碩士在職專班,N 職,M 碩士,0,0,2,13 屏東縣,1 一般
113,0052,國立屏東大學,01141014,體育學系,D 日,M 碩士,61,0,16,13 屏東縣,1 一般
113,0052,國立屏東大學,01141014,體育學系,N 職,M 碩士,149,0,38,13 屏東縣,1 一般
113,0052,國立屏東大學,01141014,體育學系,D 日,B 學士,201,12,41,13 屏東縣,1 一般
113,0052,國立屏東大學,02111025,視覺藝術學系,D 日,M 碩士,47,0,11,13 屏東縣,1 一般
113,0052,國立屏東大學,02111025,視覺藝術學系視覺藝術碩士在職專班,N 職,M 碩士,20,0,11,13 屏東縣,1 一般
113,0052,國立屏東大學,02111025,視覺藝術學系,D 日,B 學士,184,8,44,13 屏東縣,1 一般
113,0052,國立屏東大學,02121067,數位媒體設計碩士學位學程,D 日,M 碩士,0,0,1,13 屏東縣,1 一般
113,0052,國立屏東大學,02151024,音樂學系,D 日,M 碩士,41,0,6,13 屏東縣,1 一般
113,0052,國立屏東大學,02151024,音樂學系,D 日,B 學士,77,10,20,13 屏東縣,1 一般
113,0052,國立屏東大學,02199079,新媒體創意應用碩士學位學程,D 日,M 碩士,13,2,0,13 屏東縣,1 一般
113,0052,國立屏東大學,02299033,文化創意產業學系,D 日,M 碩士,23,0,6,13 屏東縣,1 一般
113,0052,國立屏東大學,02299033,文化創意產業學系,N 職,M 碩士,25,0,8,13 屏東縣,1 一般
113,0052,國立屏東大學,02299033,文化創意產業學系,D 日,B 學士,171,9,45,13 屏東縣,1 一般
113,0052,國立屏東大學,02299069,客家文化產業碩士學位學程,D 日,M 碩士,20,2,0,13 屏東縣,1 一般
113,0052,國立屏東大學,02299074,文化事業發展碩士學位學程原住民專班,D 日,M 碩士,16,0,0,13 屏東縣,1 一般
113,0052,國立屏東大學,02299075,文化發展學士學位學程原住民專班,D 日,B 學士,151,5,16,13 屏東縣,1 一般
113,0052,國立屏東大學,02299Y11,人文社會學院,D 日,,0,2,0,13 屏東縣,1 一般
113,0052,國立屏東大學,02311029,英語學系,D 日,M 碩士,28,0,5,13 屏東縣,1 一般
113,0052,國立屏東大學,02311029,英語學系,D 日,B 學士,122,8,38,13 屏東縣,1 一般
113,0052,國立屏東大學,02311030,應用英語學系,D 日,M 碩士,0,0,1,13 屏東縣,1 一般
113,0052,國立屏東大學,02311030,應用英語學系,D 日,B 學士,188,7,51,13 屏東縣,1 一般
113,0052,國立屏東大學,02311031,應用日語學系,D 日,B 學士,252,8,47,13 屏東縣,1 一般
113,0052,國立屏東大學,02322027,中國語文學系,D 日,M 碩士,16,0,6,13 屏東縣,1 一般
113,0052,國立屏東大學,02322027,中國語文學系,N 職,M 碩士,17,0,4,13 屏東縣,1 一般
113,0052,國立屏東大學,02322027,中國語文學系,D 日,B 學士,148,12,41,13 屏東縣,1 一般
113,0052,國立屏東大學,02323006,華語文教學碩士在職學位學程,N 職,M 碩士,6,0,1,13 屏東縣,1 一般
113,0052,國立屏東大學,03141036,社會發展學系,D 日,M 碩士,27,0,4,13 屏東縣,1 一般
113,0052,國立屏東大學,03141036,社會發展學系,N 職,M 碩士,27,0,0,13 屏東縣,1 一般
113,0052,國立屏東大學,03141036,社會發展學系,D 日,B 學士,182,11,44,13 屏東縣,1 一般
113,0052,國立屏東大學,04111038,會計學系,D 日,B 學士,372,12,89,13 屏東縣,1 一般
113,0052,國立屏東大學,04121045,財務金融學系,D 日,M 碩士,18,0,9,13 屏東縣,1 一般
113,0052,國立屏東大學,04121045,財務金融學系,D 日,B 學士,247,10,51,13 屏東縣,1 一般
113,0052,國立屏東大學,04121045,財務金融學系,P 進,B 學士,107,0,24,13 屏東縣,1 一般
113,0052,國立屏東大學,04131039,企業管理學系,D 日,M 碩士,13,0,15,13 屏東縣,1 一般
113,0052,國立屏東大學,04131039,企業管理學系,N 職,M 碩士,36,0,11,13 屏東縣,1 一般
113,0052,國立屏東大學,04131039,企業管理學系,D 日,B 學士,240,12,59,13 屏東縣,1 一般
113,0052,國立屏東大學,04131039,企業管理學系,P 進,B 學士,149,0,46,13 屏東縣,1 一般
113,0052,國立屏東大學,04131042,商業自動化與管理學系,D 日,M 碩士,0,0,4,13 屏東縣,1 一般
113,0052,國立屏東大學,04131042,商業自動化與管理學系,D 日,B 學士,0,0,58,13 屏東縣,1 一般
113,0052,國立屏東大學,04131081,管理學院高階經營管理碩士在職專班,N 職,M 碩士,26,0,0,13 屏東縣,1 一般
113,0052,國立屏東大學,04131082,商業大數據學系,D 日,M 碩士,15,0,0,13 屏東縣,1 一般
113,0052,國立屏東大學,04131082,商業大數據學系,D 日,B 學士,246,9,0,13 屏東縣,1 一般
113,0052,國立屏東大學,04132046,行銷與流通管理學系,D 日,M 碩士,21,0,3,13 屏東縣,1 一般
113,0052,國立屏東大學,04132046,行銷與流通管理學系,N 職,M 碩士,34,0,14,13 屏東縣,1 一般
113,0052,國立屏東大學,04132046,行銷與流通管理學系,D 日,B 學士,224,8,52,13 屏東縣,1 一般
113,0052,國立屏東大學,04132046,行銷與流通管理學系,P 進,B 學士,72,0,45,13 屏東縣,1 一般
113,0052,國立屏東大學,04141076,國際經營與貿易學系,D 日,M 碩士,12,0,6,13 屏東縣,1 一般
113,0052,國立屏東大學,04141076,國際經營與貿易學系,N 職,M 碩士,5,0,7,13 屏東縣,1 一般
113,0052,國立屏東大學,04141076,國際經營與貿易學系,D 日,B 學士,247,10,55,13 屏東縣,1 一般
113,0052,國立屏東大學,04141076,國際經營與貿易學系,P 進,B 學士,70,0,19,13 屏東縣,1 一般
113,0052,國立屏東大學,04199047,不動產經營學系,D 日,M 碩士,25,0,10,13 屏東縣,1 一般
113,0052,國立屏東大學,04199047,不動產經營學系,N 職,M 碩士,39,0,13,13 屏東縣,1 一般
113,0052,國立屏東大學,04199047,不動產經營學系,D 日,B 學士,258,11,45,13 屏東縣,1 一般
113,0052,國立屏東大學,04199080,大數據商務應用學士學位學程,D 日,B 學士,82,0,0,13 屏東縣,1 一般
113,0052,國立屏東大學,05311050,應用化學系,D 日,M 碩士,18,0,4,13 屏東縣,1 一般
113,0052,國立屏東大學,05311050,應用化學系現役軍人營區在職專班,N 職,M 碩士,1,0,0,13 屏東縣,1 一般
113,0052,國立屏東大學,05311050,應用化學系,D 日,B 學士,194,10,46,13 屏東縣,1 一般
113,0052,國立屏東大學,05331053,應用物理系,D 日,B 學士,284,11,54,13 屏東縣,1 一般
113,0052,國立屏東大學,05399072,理學院應用科學國際博士班,D 日,D 博士,1,2,0,13 屏東縣,1 一般
113,0052,國立屏東大學,05399072,理學院應用科學國際碩士班,D 日,M 碩士,1,0,1,13 屏東縣,1 一般
113,0052,國立屏東大學,05411055,應用數學系,D 日,M 碩士,6,0,6,13 屏東縣,1 一般
113,0052,國立屏東大學,05411055,應用數學系,D 日,B 學士,132,8,36,13 屏東縣,1 一般
113,0052,國立屏東大學,06131057,資訊管理學系,D 日,M 碩士,26,0,5,13 屏東縣,1 一般
113,0052,國立屏東大學,06131057,資訊管理學系,D 日,B 學士,225,10,55,13 屏東縣,1 一般
113,0052,國立屏東大學,06131057,資訊管理學系,P 進,B 學士,86,0,38,13 屏東縣,1 一般
113,0052,國立屏東大學,06131070,國際資訊科技與應用碩士學位學程,D 日,M 碩士,5,2,4,13 屏東縣,1 一般
113,0052,國立屏東大學,06131077,電腦科學與人工智慧學系,D 日,M 碩士,32,0,13,13 屏東縣,1 一般
113,0052,國立屏東大學,06131077,電腦科學與人工智慧學系資訊系統與數位科技應用碩士在職專班,N 職,M 碩士,22,0,5,13 屏東縣,1 一般
113,0052,國立屏東大學,06131077,電腦科學與人工智慧學系,D 日,B 學士,205,10,43,13 屏東縣,1 一般
113,0052,國立屏東大學,06199059,電腦與智慧型機器人學士學位學程,D 日,B 學士,0,0,2,13 屏東縣,1 一般
113,0052,國立屏東大學,06199062,電腦與通訊學系,D 日,B 學士,211,7,52,13 屏東縣,1 一般
113,0052,國立屏東大學,07111078,理學院半導體材料科學碩士班,D 日,M 碩士,4,1,2,13 屏東縣,1 一般
113,0052,國立屏東大學,07112053,應用物理系光電暨材料碩士班,D 日,M 碩士,20,0,6,13 屏東縣,1 一般
113,0052,國立屏東大學,07141060,資訊工程學系,D 日,M 碩士,41,0,17,13 屏東縣,1 一般
113,0052,國立屏東大學,07141060,資訊工程學系,D 日,B 學士,328,12,60,13 屏東縣,1 一般
113,0052,國立屏東大學,07141068,智慧機器人學系,D 日,B 學士,177,7,30,13 屏東縣,1 一般
113,0052,國立屏東大學,10151065,休閒事業經營學系,D 日,M 碩士,14,0,5,13 屏東縣,1 一般
113,0052,國立屏東大學,10151065,休閒事業經營學系,D 日,B 學士,191,8,44,13 屏東縣,1 一般
113,0052,國立屏東大學,99999071,科學傳播學系科學傳播暨教育碩士班,D 日,M 碩士,17,0,3,13 屏東縣,1 一般
113,0052,國立屏東大學,99999071,科學傳播學系,D 日,B 學士,91,9,26,13 屏東縣,1 一般
113,0052,國立屏東大學,99999Z03,軍訓教官,D 日,,0,5,0,13 屏東縣,1 一般
113,0052,國立屏東大學,99999Z05,師資培育中心,D 日,,0,5,0,13 屏東縣,1 一般
113,0052,國立屏東大學,99999Z07,體育室,D 日,,0,6,0,13 屏東縣,1 一般
113,0052,國立屏東大學,99999Z99,其他(包括行政助教),D 日,,0,5,0,13 屏東縣,1 一般
113,0053,國立高雄科技大學,02121006,文化創意產業系碩士班,D 日,M 碩士,26,0,8,50 高雄市,2 技職
113,0053,國立高雄科技大學,02121006,文化創意產業系碩士在職專班,N 職,M 碩士,35,0,7,50 高雄市,2 技職
113,0053,國立高雄科技大學,02121006,文化創意產業系,D 日,B 四技,212,12,43,50 高雄市,2 技職
113,0053,國立高雄科技大學,02123015,工業設計系碩士班,D 日,M 碩士,26,0,10,50 高雄市,2 技職
113,0053,國立高雄科技大學,02123015,工業設計系,D 日,B 四技,183,9,40,50 高雄市,2 技職
113,0053,國立高雄科技大學,02299Y11,人文社會學院,D 日,,0,1,0,50 高雄市,2 技職
113,0053,國立高雄科技大學,02311002,應用英語系,D 日,M 碩士,66,0,17,50 高雄市,2 技職
113,0053,國立高雄科技大學,02311002,應用英語系,D 日,B 四技,504,22,132,50 高雄市,2 技職
113,0053,國立高雄科技大學,02311002,應用英語系,D 日,C 二技,46,0,23,50 高雄市,2 技職
113,0053,國立高雄科技大學,02311002,應用英語系,N 修,C 二技,52,0,0,50 高雄市,2 技職
113,0053,國立高雄科技大學,02311003,應用德語系碩士班,D 日,M 碩士,17,0,2,50 高雄市,2 技職
113,0053,國立高雄科技大學,02311003,應用德語系,D 日,B 四技,222,11,43,50 高雄市,2 技職
113,0053,國立高雄科技大學,02311008,應用日語系碩士班,D 日,M 碩士,37,0,7,50 高雄市,2 技職
113,0053,國立高雄科技大學,02311008,應用日語系碩士在職專班,N 職,M 碩士,24,0,3,50 高雄市,2 技職
113,0053,國立高雄科技大學,02311008,應用日語系,D 日,B 四技,380,13,95,50 高雄市,2 技職
113,0053,國立高雄科技大學,02311008,應用日語系,D 日,C 二技,58,0,23,50 高雄市,2 技職
113,0053,國立高雄科技大學,04111020,會計資訊系碩士班,D 日,M 碩士,45,0,15,50 高雄市,2 技職
113,0053,國立高雄科技大學,04111020,會計資訊系碩士在職專班,N 職,M 碩士,23,0,11,50 高雄市,2 技職
113,0053,國立高雄科技大學,04111020,會計資訊系,D 日,B 四技,435,15,96,50 高雄市,2 技職
113,0053,國立高雄科技大學,04111020,會計資訊系,N 修,B 四技,115,0,28,50 高雄市,2 技職
113,0053,國立高雄科技大學,04111020,會計資訊系,N 修,C 二技,32,0,0,50 高雄市,2 技職
113,0053,國立高雄科技大學,04121034,金融資訊系碩士班,D 日,M 碩士,27,0,23,50 高雄市,2 技職
113,0053,國立高雄科技大學,04121034,金融資訊系碩士在職專班,N 職,M 碩士,52,0,27,50 高雄市,2 技職
113,0053,國立高雄科技大學,04121034,金融資訊系,D 日,B 四技,199,12,49,50 高雄市,2 技職
113,0053,國立高雄科技大學,04121034,金融資訊系,N 修,B 四技,182,0,48,50 高雄市,2 技職
113,0053,國立高雄科技大學,04121040,財務管理系碩士班,D 日,M 碩士,39,0,19,50 高雄市,2 技職
113,0053,國立高雄科技大學,04121040,財務管理系碩士在職專班,N 職,M 碩士,45,0,5,50 高雄市,2 技職
113,0053,國立高雄科技大學,04121040,財務管理系,D 日,B 四技,245,9,63,50 高雄市,2 技職
113,0053,國立高雄科技大學,04121052,財務金融學院博士班,D 日,D 博士,15,0,6,50 高雄市,2 技職
113,0053,國立高雄科技大學,04121104,金融系碩士班,D 日,M 碩士,72,0,33,50 高雄市,2 技職
113,0053,國立高雄科技大學,04121104,金融系碩士在職專班,N 職,M 碩士,48,0,21,50 高雄市,2 技職
113,0053,國立高雄科技大學,04121104,金融系,D 日,B 四技,474,17,103,50 高雄市,2 技職
113,0053,國立高雄科技大學,04121104,金融系,N 修,B 四技,131,0,26,50 高雄市,2 技職
113,0053,國立高雄科技大學,04122043,財政稅務系碩士班,D 日,M 碩士,19,0,9,50 高雄市,2 技職
113,0053,國立高雄科技大學,04122043,財政稅務系碩士在職專班,N 職,M 碩士,71,0,33,50 高雄市,2 技職
113,0053,國立高雄科技大學,04122043,財政稅務系,D 日,B 四技,235,12,64,50 高雄市,2 技職
113,0053,國立高雄科技大學,04122043,財政稅務系,N 修,B 四技,111,0,24,50 高雄市,2 技職
113,0053,國立高雄科技大學,04122043,財政稅務系,N 修,C 二技,35,0,12,50 高雄市,2 技職
113,0053,國立高雄科技大學,04123054,風險管理與保險系碩士班,D 日,M 碩士,18,0,13,50 高雄市,2 技職
113,0053,國立高雄科技大學,04123054,風險管理與保險系碩士在職專班,N 職,M 碩士,15,0,8,50 高雄市,2 技職
113,0053,國立高雄科技大學,04123054,風險管理與保險系,D 日,B 四技,239,9,58,50 高雄市,2 技職
113,0053,國立高雄科技大學,04131005,智慧商務系碩士在職專班,N 職,M 碩士,74,0,28,50 高雄市,2 技職
113,0053,國立高雄科技大學,04131031,國際管理碩士學位學程,D 日,M 碩士,22,1,16,50 高雄市,2 技職
113,0053,國立高雄科技大學,04131036,創業管理碩士學位學程,D 日,M 碩士,9,0,8,50 高雄市,2 技職
113,0053,國立高雄科技大學,04131101,企業管理系碩士班,D 日,M 碩士,35,0,12,50 高雄市,2 技職
113,0053,國立高雄科技大學,04131101,企業管理系碩士在職專班,N 職,M 碩士,59,0,22,50 高雄市,2 技職
113,0053,國立高雄科技大學,04131101,企業管理系,D 日,B 四技,206,13,66,50 高雄市,2 技職
113,0053,國立高雄科技大學,04131101,企業管理系,N 修,B 四技,163,0,39,50 高雄市,2 技職
113,0053,國立高雄科技大學,04131106,管理學院博士班,D 日,D 博士,86,2,3,50 高雄市,2 技職
113,0053,國立高雄科技大學,04131119,管理學院企業管理高階經營管理碩士在職專班,N 職,M 碩士,38,2,15,50 高雄市,2 技職
113,0053,國立高雄科技大學,04132004,供應鏈管理系碩士班,D 日,M 碩士,24,0,17,50 高雄市,2 技職
113,0053,國立高雄科技大學,04132004,供應鏈管理系碩士在職專班,N 職,M 碩士,8,0,2,50 高雄市,2 技職
113,0053,國立高雄科技大學,04132004,供應鏈管理系,D 日,B 四技,236,9,44,50 高雄市,2 技職
113,0053,國立高雄科技大學,04132004,供應鏈管理系,N 修,B 四技,58,0,25,50 高雄市,2 技職
113,0053,國立高雄科技大學,04132059,行銷與流通管理系碩士班,D 日,M 碩士,64,0,24,50 高雄市,2 技職
113,0053,國立高雄科技大學,04132059,行銷與流通管理系碩士在職專班,N 職,M 碩士,38,0,20,50 高雄市,2 技職
113,0053,國立高雄科技大學,04132059,行銷與流通管理系,D 日,B 四技,430,18,109,50 高雄市,2 技職
113,0053,國立高雄科技大學,04132107,運籌管理系,D 日,M 碩士,47,0,13,50 高雄市,2 技職
113,0053,國立高雄科技大學,04132107,運籌管理系,N 職,M 碩士,29,0,11,50 高雄市,2 技職
113,0053,國立高雄科技大學,04132107,運籌管理系,D 日,B 四技,400,15,103,50 高雄市,2 技職
113,0053,國立高雄科技大學,04141023,國際企業系博士班,D 日,D 博士,33,0,4,50 高雄市,2 技職
113,0053,國立高雄科技大學,04141023,國際企業系,D 日,M 碩士,23,0,40,50 高雄市,2 技職
113,0053,國立高雄科技大學,04141023,國際企業系碩士在職專班,N 職,M 碩士,39,0,12,50 高雄市,2 技職
113,0053,國立高雄科技大學,04141023,國際企業系,D 日,B 四技,263,13,50,50 高雄市,2 技職
113,0053,國立高雄科技大學,04141023,國際企業系,N 修,B 四技,148,0,42,50 高雄市,2 技職
113,0053,國立高雄科技大學,04141023,國際企業系,N 修,C 二技,54,0,0,50 高雄市,2 技職
113,0053,國立高雄科技大學,04191120,商業智慧學院博士班,D 日,D 博士,41,0,6,50 高雄市,2 技職
113,0053,國立高雄科技大學,04199048,人力資源發展系碩士班,D 日,M 碩士,27,0,27,50 高雄市,2 技職
113,0053,國立高雄科技大學,04199048,人力資源發展系碩士在職專班,N 職,M 碩士,55,0,24,50 高雄市,2 技職
113,0053,國立高雄科技大學,04199048,人力資源發展系,D 日,B 四技,231,13,55,50 高雄市,2 技職
113,0053,國立高雄科技大學,04199063,高階主管經營管理碩士在職專班,N 職,M 碩士,95,2,18,50 高雄市,2 技職
113,0053,國立高雄科技大學,04212068,科技法律研究所,D 日,M 碩士,44,6,12,50 高雄市,2 技職
113,0053,國立高雄科技大學,04212068,科技法律研究所,N 職,M 碩士,72,0,19,50 高雄市,2 技職
113,0053,國立高雄科技大學,05121010,海洋生物技術系碩士班,D 日,M 碩士,10,0,6,50 高雄市,2 技職
113,0053,國立高雄科技大學,05121010,海洋生物技術系,D 日,B 四技,174,9,29,50 高雄市,2 技職
113,0053,國立高雄科技大學,05211128,水圈學院_外國學生專班,D 日,D 博士,14,1,0,50 高雄市,2 技職
113,0053,國立高雄科技大學,05323050,水圈學院水產科技產業博士班,D 日,D 博士,55,8,7,50 高雄市,2 技職
113,0053,國立高雄科技大學,06131066,海事資訊科技系碩士班,D 日,M 碩士,14,0,9,50 高雄市,2 技職
113,0053,國立高雄科技大學,06131066,海事資訊科技系,D 日,B 四技,174,10,44,50 高雄市,2 技職
113,0053,國立高雄科技大學,06131067,資訊工程系,D 日,B 四技,290,11,70,50 高雄市,2 技職
113,0053,國立高雄科技大學,06131080,商務資訊應用系碩士班,D 日,M 碩士,7,0,2,50 高雄市,2 技職
113,0053,國立高雄科技大學,06131080,商務資訊應用系,D 日,B 四技,407,12,81,50 高雄市,2 技職
113,0053,國立高雄科技大學,06131100,資訊管理系,D 日,M 碩士,112,0,39,50 高雄市,2 技職
113,0053,國立高雄科技大學,06131100,資訊管理系碩士在職專班,N 職,M 碩士,53,0,17,50 高雄市,2 技職
113,0053,國立高雄科技大學,06131100,資訊管理系,D 日,B 四技,407,20,123,50 高雄市,2 技職
113,0053,國立高雄科技大學,06131100,資訊管理系,D 日,C 二技,0,0,1,50 高雄市,2 技職
113,0053,國立高雄科技大學,06132005,智慧商務系碩士班,D 日,M 碩士,46,0,28,50 高雄市,2 技職
113,0053,國立高雄科技大學,06132005,智慧商務系,D 日,B 四技,378,18,91,50 高雄市,2 技職
113,0053,國立高雄科技大學,06132067,資訊工程系碩士班,D 日,M 碩士,56,0,25,50 高雄市,2 技職
113,0053,國立高雄科技大學,06132067,資訊工程系碩士在職專班,N 職,M 碩士,36,0,13,50 高雄市,2 技職
113,0053,國立高雄科技大學,06132121,高瞻科技不分系學士學位學程,D 日,B 四技,115,3,0,50 高雄市,2 技職
113,0053,國立高雄科技大學,07111085,化學工程與材料工程系博士班,D 日,D 博士,13,0,0,50 高雄市,2 技職
113,0053,國立高雄科技大學,07111085,化學工程與材料工程系,D 日,M 碩士,112,0,51,50 高雄市,2 技職
113,0053,國立高雄科技大學,07111085,化學工程與材料工程系碩士在職專班,N 職,M 碩士,44,0,19,50 高雄市,2 技職
113,0053,國立高雄科技大學,07111085,化學工程與材料工程系,D 日,B 四技,438,24,99,50 高雄市,2 技職
113,0053,國立高雄科技大學,07111085,化學工程與材料工程系,N 修,B 四技,116,0,26,50 高雄市,2 技職
113,0053,國立高雄科技大學,07121030,海洋環境工程系碩士班,D 日,M 碩士,24,0,14,50 高雄市,2 技職
113,0053,國立高雄科技大學,07121030,海洋環境工程系,D 日,B 四技,191,11,35,50 高雄市,2 技職
113,0053,國立高雄科技大學,07121030,海洋環境工程系,N 修,B 四技,73,0,22,50 高雄市,2 技職
113,0053,國立高雄科技大學,07121086,環境與安全衛生工程系博士班,D 日,D 博士,5,0,0,50 高雄市,2 技職
113,0053,國立高雄科技大學,07121086,環境與安全衛生工程系碩士班,D 日,M 碩士,82,0,43,50 高雄市,2 技職
113,0053,國立高雄科技大學,07121086,環境與安全衛生工程系,N 職,M 碩士,124,0,22,50 高雄市,2 技職
113,0053,國立高雄科技大學,07121086,環境與安全衛生工程系,D 日,B 四技,452,21,98,50 高雄市,2 技職
113,0053,國立高雄科技大學,07132123,能源與冷凍空調工程系,D 日,B 四技,113,4,0,50 高雄市,2 技職
113,0053,國立高雄科技大學,07141021,電訊工程系碩士班,D 日,M 碩士,34,0,11,50 高雄市,2 技職
113,0053,國立高雄科技大學,07141021,電訊工程系碩士在職專班,N 職,M 碩士,33,0,11,50 高雄市,2 技職
113,0053,國立高雄科技大學,07141021,電訊工程系,D 日,B 四技,203,11,50,50 高雄市,2 技職
113,0053,國立高雄科技大學,07141021,電訊工程系,N 修,B 四技,140,0,26,50 高雄市,2 技職
113,0053,國立高雄科技大學,07141073,光電工程研究所,D 日,M 碩士,91,8,19,50 高雄市,2 技職
113,0053,國立高雄科技大學,07141075,電腦與通訊工程系碩士班,D 日,M 碩士,98,0,26,50 高雄市,2 技職
113,0053,國立高雄科技大學,07141075,電腦與通訊工程系碩士在職專班,N 職,M 碩士,23,0,5,50 高雄市,2 技職
113,0053,國立高雄科技大學,07141075,電腦與通訊工程系,D 日,B 四技,483,21,119,50 高雄市,2 技職
113,0053,國立高雄科技大學,07141075,電腦與通訊工程系,D 日,C 二技,0,0,1,50 高雄市,2 技職
113,0053,國立高雄科技大學,07141081,半導體工程系碩士班,D 日,M 碩士,44,0,15,50 高雄市,2 技職
113,0053,國立高雄科技大學,07141081,半導體工程系碩士在職專班,N 職,M 碩士,28,0,11,50 高雄市,2 技職
113,0053,國立高雄科技大學,07141081,半導體工程系,D 日,B 四技,521,21,50,50 高雄市,2 技職
113,0053,國立高雄科技大學,07141081,半導體工程系,N 修,B 四技,131,0,35,50 高雄市,2 技職
113,0053,國立高雄科技大學,07141103,電子工程系博士班(建工校區),D 日,D 博士,59,0,9,50 高雄市,2 技職
113,0053,國立高雄科技大學,07141103,電子工程系,D 日,M 碩士,252,0,102,50 高雄市,2 技職
113,0053,國立高雄科技大學,07141103,電子工程系碩士在職專班,N 職,M 碩士,86,0,22,50 高雄市,2 技職
113,0053,國立高雄科技大學,07141103,電子工程系,D 日,B 四技,982,43,234,50 高雄市,2 技職
113,0053,國立高雄科技大學,07141103,電子工程系(建工校區),N 修,B 四技,241,0,54,50 高雄市,2 技職
113,0053,國立高雄科技大學,07141105,電機工程系博士班,D 日,D 博士,33,0,6,50 高雄市,2 技職
113,0053,國立高雄科技大學,07141105,電機工程系,D 日,M 碩士,191,0,62,50 高雄市,2 技職
113,0053,國立高雄科技大學,07141105,電機工程系,N 職,M 碩士,142,0,28,50 高雄市,2 技職
113,0053,國立高雄科技大學,07141105,電機工程系,D 日,B 四技,655,31,180,50 高雄市,2 技職
113,0053,國立高雄科技大學,07141105,電機工程系,N 修,B 四技,221,0,22,50 高雄市,2 技職
113,0053,國立高雄科技大學,07141105,電機工程系,N 修,C 二技,99,0,0,50 高雄市,2 技職
113,0053,國立高雄科技大學,07141126,電機與資訊學院_智慧系統技優專班,D 日,B 四技,62,1,0,50 高雄市,2 技職
113,0053,國立高雄科技大學,07151026,輪機工程系碩士班,D 日,M 碩士,17,0,1,50 高雄市,2 技職
113,0053,國立高雄科技大學,07151026,輪機工程系碩士在職專班,N 職,M 碩士,28,0,8,50 高雄市,2 技職
113,0053,國立高雄科技大學,07151026,輪機工程系,D 日,B 四技,433,23,80,50 高雄市,2 技職
113,0053,國立高雄科技大學,07151026,輪機工程系,N 修,B 四技,243,0,30,50 高雄市,2 技職
113,0053,國立高雄科技大學,07151026,輪機工程系,D 日,C 二技,149,0,31,50 高雄市,2 技職
113,0053,國立高雄科技大學,07151026,輪機工程科,D 日,5 五專,245,0,35,50 高雄市,2 技職
113,0053,國立高雄科技大學,07151071,機電工程系博士班,D 日,D 博士,3,0,0,50 高雄市,2 技職
113,0053,國立高雄科技大學,07151071,機電工程系碩士班,D 日,M 碩士,79,0,30,50 高雄市,2 技職
113,0053,國立高雄科技大學,07151071,機電工程系碩士在職專班,N 職,M 碩士,37,0,7,50 高雄市,2 技職
113,0053,國立高雄科技大學,07151071,機電工程系,D 日,B 四技,472,20,108,50 高雄市,2 技職
113,0053,國立高雄科技大學,07151072,機械工程系博士班,D 日,D 博士,46,0,4,50 高雄市,2 技職
113,0053,國立高雄科技大學,07151072,機械工程系碩士班,D 日,M 碩士,121,0,64,50 高雄市,2 技職
113,0053,國立高雄科技大學,07151072,機械工程系碩士在職專班,N 職,M 碩士,65,0,21,50 高雄市,2 技職
113,0053,國立高雄科技大學,07151072,機械工程系,D 日,B 四技,654,28,159,50 高雄市,2 技職
113,0053,國立高雄科技大學,07151072,機械工程系,N 修,B 四技,228,0,44,50 高雄市,2 技職
113,0053,國立高雄科技大學,07151072,機械工程系,N 修,C 二技,54,0,0,50 高雄市,2 技職
113,0053,國立高雄科技大學,07151074,模具工程系博士班,D 日,D 博士,14,0,2,50 高雄市,2 技職
113,0053,國立高雄科技大學,07151074,模具工程系,D 日,M 碩士,129,0,55,50 高雄市,2 技職
113,0053,國立高雄科技大學,07151074,模具工程系,N 職,M 碩士,47,0,12,50 高雄市,2 技職
113,0053,國立高雄科技大學,07151074,模具工程系,D 日,B 四技,684,30,165,50 高雄市,2 技職
113,0053,國立高雄科技大學,07151074,模具工程系,N 修,B 四技,197,0,33,50 高雄市,2 技職
113,0053,國立高雄科技大學,07151074,模具工程系,D 日,C 二技,43,0,17,50 高雄市,2 技職
113,0053,國立高雄科技大學,07151074,模具工程科,D 日,5 五專,141,0,25,50 高雄市,2 技職
113,0053,國立高雄科技大學,07151127,海事學院_智慧海事技優專班,D 日,B 四技,105,1,0,50 高雄市,2 技職
113,0053,國立高雄科技大學,07161124,車輛工程系,D 日,B 四技,70,4,0,50 高雄市,2 技職
113,0053,國立高雄科技大學,07163029,造船及海洋工程系碩士班,D 日,M 碩士,17,0,12,50 高雄市,2 技職
113,0053,國立高雄科技大學,07163029,造船及海洋工程系碩士在職專班,N 職,M 碩士,22,0,4,50 高雄市,2 技職
113,0053,國立高雄科技大學,07163029,造船及海洋工程系,D 日,B 四技,436,10,100,50 高雄市,2 技職
113,0053,國立高雄科技大學,07163029,造船及海洋工程系,N 修,B 四技,74,0,34,50 高雄市,2 技職
113,0053,國立高雄科技大學,07191091,工業工程與管理系博士班,D 日,D 博士,33,0,8,50 高雄市,2 技職
113,0053,國立高雄科技大學,07191091,工業工程與管理系,D 日,M 碩士,74,0,29,50 高雄市,2 技職
113,0053,國立高雄科技大學,07191091,工業工程與管理系碩士在職專班,N 職,M 碩士,109,0,44,50 高雄市,2 技職
113,0053,國立高雄科技大學,07191091,工業工程與管理系,D 日,B 四技,232,14,59,50 高雄市,2 技職
113,0053,國立高雄科技大學,07191091,工業工程與管理系,N 修,B 四技,103,0,32,50 高雄市,2 技職
113,0053,國立高雄科技大學,07191091,工業工程與管理系,D 日,C 二技,20,0,14,50 高雄市,2 技職
113,0053,國立高雄科技大學,07191091,工業工程與管理系,N 修,C 二技,36,0,0,50 高雄市,2 技職
113,0053,國立高雄科技大學,07194088,工學院工程科技博士班,D 日,D 博士,59,0,5,50 高雄市,2 技職
113,0053,國立高雄科技大學,07194094,海事學院海事科技產學合作博士班,D 日,D 博士,27,2,4,50 高雄市,2 技職
113,0053,國立高雄科技大學,07194118,海事風電工程碩士學位學程,D 日,M 碩士,9,2,4,50 高雄市,2 技職
113,0053,國立高雄科技大學,07211039,水產食品科學系碩士班,D 日,M 碩士,32,0,19,50 高雄市,2 技職
113,0053,國立高雄科技大學,07211039,水產食品科學系碩士在職專班,N 職,M 碩士,21,0,8,50 高雄市,2 技職
113,0053,國立高雄科技大學,07211039,水產食品科學系,D 日,B 四技,460,20,103,50 高雄市,2 技職
113,0053,國立高雄科技大學,07211039,水產食品科學系,N 修,B 四技,86,0,27,50 高雄市,2 技職
113,0053,國立高雄科技大學,07321077,土木工程系土木工程科技博士班,D 日,D 博士,13,0,0,50 高雄市,2 技職
113,0053,國立高雄科技大學,07321077,土木工程系碩士班,D 日,M 碩士,60,0,28,50 高雄市,2 技職
113,0053,國立高雄科技大學,07321077,土木工程系土木工程與防災科技碩士在職專班,N 職,M 碩士,92,0,30,50 高雄市,2 技職
113,0053,國立高雄科技大學,07321077,土木工程系,D 日,B 四技,525,28,122,50 高雄市,2 技職
113,0053,國立高雄科技大學,07321077,土木工程系,N 修,C 二技,122,0,31,50 高雄市,2 技職
113,0053,國立高雄科技大學,07321077,土木工程科,D 日,5 五專,127,0,20,50 高雄市,2 技職
113,0053,國立高雄科技大學,07321082,營建工程系碩士班,D 日,M 碩士,42,0,13,50 高雄市,2 技職
113,0053,國立高雄科技大學,07321082,營建工程系營建工程與管理碩士在職專班,N 職,M 碩士,46,0,5,50 高雄市,2 技職
113,0053,國立高雄科技大學,07321082,營建工程系,D 日,B 四技,494,17,111,50 高雄市,2 技職
113,0053,國立高雄科技大學,08193007,海洋事務與產業管理研究所,D 日,M 碩士,0,0,3,50 高雄市,2 技職
113,0053,國立高雄科技大學,08311045,漁業生產與管理系_漁業公費專班,D 日,B 四技,9,0,0,50 高雄市,2 技職
113,0053,國立高雄科技大學,08311125,漁業科技與管理系,D 日,M 碩士,37,0,3,50 高雄市,2 技職
113,0053,國立高雄科技大學,08311125,漁業科技與管理系碩士在職專班,N 職,M 碩士,12,0,1,50 高雄市,2 技職
113,0053,國立高雄科技大學,08311125,漁業科技與管理系,D 日,B 四技,191,18,32,50 高雄市,2 技職
113,0053,國立高雄科技大學,08311125,漁業科技與管理系,N 修,B 四技,2,0,2,50 高雄市,2 技職
113,0053,國立高雄科技大學,08311125,漁業科技與管理科,D 日,5 五專,77,0,18,50 高雄市,2 技職
113,0053,國立高雄科技大學,08312047,水產養殖系碩士班,D 日,M 碩士,23,0,9,50 高雄市,2 技職
113,0053,國立高雄科技大學,08312047,水產養殖系,D 日,B 四技,403,17,77,50 高雄市,2 技職
113,0053,國立高雄科技大學,08312047,水產養殖系,N 修,B 四技,59,0,20,50 高雄市,2 技職
113,0053,國立高雄科技大學,10151055,海洋休閒管理系碩士班,D 日,M 碩士,16,0,11,50 高雄市,2 技職
113,0053,國立高雄科技大學,10151055,海洋休閒管理系,D 日,B 四技,210,9,44,50 高雄市,2 技職
113,0053,國立高雄科技大學,10151055,海洋休閒管理系,N 修,B 四技,129,0,31,50 高雄市,2 技職
113,0053,國立高雄科技大學,10151096,觀光管理系觀光與餐旅管理碩士班,D 日,M 碩士,16,0,11,50 高雄市,2 技職
113,0053,國立高雄科技大學,10151096,觀光管理系觀光與餐旅管理碩士在職專班,N 職,M 碩士,33,0,21,50 高雄市,2 技職
113,0053,國立高雄科技大學,10151096,觀光管理系,D 日,B 四技,172,10,45,50 高雄市,2 技職
113,0053,國立高雄科技大學,10151096,觀光管理系,N 修,B 四技,112,0,34,50 高雄市,2 技職
113,0053,國立高雄科技大學,10151096,觀光管理系,N 修,C 二技,25,0,0,50 高雄市,2 技職
113,0053,國立高雄科技大學,10412060,航運管理系博士班,D 日,D 博士,19,0,4,50 高雄市,2 技職
113,0053,國立高雄科技大學,10412060,航運管理系碩士班,D 日,M 碩士,24,0,14,50 高雄市,2 技職
113,0053,國立高雄科技大學,10412060,航運管理系碩士在職專班,N 職,M 碩士,39,0,18,50 高雄市,2 技職
113,0053,國立高雄科技大學,10412060,航運管理系,D 日,B 四技,407,13,95,50 高雄市,2 技職
113,0053,國立高雄科技大學,10412060,航運管理系,N 修,B 四技,106,0,20,50 高雄市,2 技職
113,0053,國立高雄科技大學,10414061,航運技術系碩士班,D 日,M 碩士,10,0,5,50 高雄市,2 技職
113,0053,國立高雄科技大學,10414061,航運技術系碩士在職專班,N 職,M 碩士,11,0,2,50 高雄市,2 技職
113,0053,國立高雄科技大學,10414061,航運技術系,D 日,B 四技,229,13,48,50 高雄市,2 技職
113,0053,國立高雄科技大學,10414061,航運技術系,D 日,C 二技,132,0,50,50 高雄市,2 技職
113,0053,國立高雄科技大學,10414065,航海科,D 日,5 五專,263,0,36,50 高雄市,2 技職
113,0053,國立高雄科技大學,10414066,海事資訊科技系碩士在職專班,N 職,M 碩士,5,0,3,50 高雄市,2 技職
113,0053,國立高雄科技大學,99999Z01,通識及共同科目,D 日,,0,23,0,50 高雄市,2 技職
113,0053,國立高雄科技大學,99999Z03,軍訓教官,D 日,,0,4,0,50 高雄市,2 技職
113,0053,國立高雄科技大學,99999Z05,師資培育中心,D 日,,0,1,0,50 高雄市,2 技職
113,0053,國立高雄科技大學,99999Z07,體育室,D 日,,0,12,0,50 高雄市,2 技職
113,0053,國立高雄科技大學,99999Z08,語言中心,D 日,,0,18,0,50 高雄市,2 技職
113,0053,國立高雄科技大學,99999Z99,其他(包括行政助教),D 日,,0,3,0,50 高雄市,2 技職
113,0144,國立臺灣戲曲學院,02151001,戲曲音樂學系,D 日,B 四技,71,3,21,30 臺北市,2 技職
113,0144,國立臺灣戲曲學院,02152004,歌仔戲學系,D 日,B 四技,47,6,14,30 臺北市,2 技職
113,0144,國立臺灣戲曲學院,02152005,京劇學系,D 日,B 四技,76,5,22,30 臺北市,2 技職
113,0144,國立臺灣戲曲學院,02152006,客家戲學系,D 日,B 四技,46,5,16,30 臺北市,2 技職
113,0144,國立臺灣戲曲學院,02152007,劇場藝術學系,D 日,B 四技,116,7,25,30 臺北市,2 技職
113,0144,國立臺灣戲曲學院,02152009,民俗技藝學系,D 日,B 四技,93,7,15,30 臺北市,2 技職
113,0144,國立臺灣戲曲學院,99999Z01,通識及共同科目,D 日,,0,6,0,30 臺北市,2 技職
113,0221,國立臺南護理專科學校,09131001,護理科,D 日,5 五專,1302,60,234,21 臺南市,2 技職
113,0221,國立臺南護理專科學校,09211003,老人服務事業科,N 修,2 二專,42,0,19,21 臺南市,2 技職
113,0221,國立臺南護理專科學校,09211003,老人服務事業科,D 日,5 五專,342,11,34,21 臺南市,2 技職
113,0221,國立臺南護理專科學校,10121004,化妝品應用科,D 日,2 二專,43,0,33,21 臺南市,2 技職
113,0221,國立臺南護理專科學校,10121004,化妝品應用科,D 日,5 五專,263,9,42,21 臺南市,2 技職
113,0221,國立臺南護理專科學校,99999Z01,通識及共同科目,D 日,,0,21,0,21 臺南市,2 技職
113,0222,國立臺東專科學校,02141017,創意商品設計科,D 日,2 二專,39,4,17,14 臺東縣,2 技職
113,0222,國立臺東專科學校,02141017,創意商品設計科,D 日,5 五專,0,0,3,14 臺東縣,2 技職
113,0222,國立臺東專科學校,04131015,行銷與流通管理科,D 日,2 二專,22,3,12,14 臺東縣,2 技職
113,0222,國立臺東專科學校,06131003,資訊管理科,D 日,2 二專,34,5,19,14 臺東縣,2 技職
113,0222,國立臺東專科學校,07141004,電機工程科,D 日,2 二專,54,4,19,14 臺東縣,2 技職
113,0222,國立臺東專科學校,07141004,電機工程科,D 日,5 五專,0,0,1,14 臺東縣,2 技職
113,0222,國立臺東專科學校,07161005,動力機械科,D 日,2 二專,78,7,30,14 臺東縣,2 技職
113,0222,國立臺東專科學校,07161005,動力機械科,N 修,2 二專,9,0,0,14 臺東縣,2 技職
113,0222,國立臺東專科學校,07211012,食品科技科,D 日,2 二專,27,0,0,14 臺東縣,2 技職
113,0222,國立臺東專科學校,07211012,食品科技科,N 修,2 二專,0,0,11,14 臺東縣,2 技職
113,0222,國立臺東專科學校,07211012,食品科技科,D 日,5 五專,85,6,16,14 臺東縣,2 技職
113,0222,國立臺東專科學校,07311007,建築科,D 日,2 二專,49,4,13,14 臺東縣,2 技職
113,0222,國立臺東專科學校,08121011,園藝暨景觀科,D 日,2 二專,25,0,16,14 臺東縣,2 技職
113,0222,國立臺東專科學校,08121011,園藝暨景觀科,N 修,2 二專,71,0,27,14 臺東縣,2 技職
113,0222,國立臺東專科學校,08121011,園藝暨景觀科,D 日,5 五專,7,7,3,14 臺東縣,2 技職
113,0222,國立臺東專科學校,10131014,餐旅管理科,D 日,2 二專,30,0,11,14 臺東縣,2 技職
113,0222,國立臺東專科學校,10131014,餐旅管理科,D 日,5 五專,67,6,20,14 臺東縣,2 技職
113,0222,國立臺東專科學校,99999Z01,通識及共同科目,D 日,,0,11,0,14 臺東縣,2 技職
113,1001,東海大學,01111001,教育研究所,D 日,M 碩士,30,10,9,19 臺中市,1 一般
113,1001,東海大學,01111001,教育研究所,N 職,M 碩士,57,0,11,19 臺中市,1 一般
113,1001,東海大學,02123011,工業設計學系,D 日,M 碩士,12,0,5,19 臺中市,1 一般
113,1001,東海大學,02123011,工業設計學系,N 職,M 碩士,7,0,6,19 臺中市,1 一般
113,1001,東海大學,02123011,工業設計學系,D 日,B 學士,167,9,32,19 臺中市,1 一般
113,1001,東海大學,02131002,美術學系,D 日,M 碩士,48,0,14,19 臺中市,1 一般
113,1001,東海大學,02131002,美術學系,N 職,M 碩士,83,0,7,19 臺中市,1 一般
113,1001,東海大學,02131002,美術學系,D 日,B 學士,190,10,42,19 臺中市,1 一般
113,1001,東海大學,02131002,美術學系,P 進,B 學士,108,0,19,19 臺中市,1 一般
113,1001,東海大學,02151003,音樂學系,D 日,M 碩士,69,0,13,19 臺中市,1 一般
113,1001,東海大學,02151003,音樂學系,D 日,B 學士,145,13,34,19 臺中市,1 一般
113,1001,東海大學,02152058,表演藝術與創作碩士學位學程,D 日,M 碩士,20,1,4,19 臺中市,1 一般
113,1001,東海大學,02221009,歷史學系,D 日,M 碩士,24,0,1,19 臺中市,1 一般
113,1001,東海大學,02221009,歷史學系,D 日,B 學士,246,8,52,19 臺中市,1 一般
113,1001,東海大學,02231010,哲學系,D 日,D 博士,21,0,2,19 臺中市,1 一般
113,1001,東海大學,02231010,哲學系,D 日,M 碩士,23,0,1,19 臺中市,1 一般
113,1001,東海大學,02231010,哲學系,N 職,M 碩士,21,0,3,19 臺中市,1 一般
113,1001,東海大學,02231010,哲學系,D 日,B 學士,197,10,41,19 臺中市,1 一般
113,1001,東海大學,02311005,外國語文學系,D 日,M 碩士,34,0,6,19 臺中市,1 一般
113,1001,東海大學,02311005,外國語文學系,D 日,B 學士,432,17,84,19 臺中市,1 一般
113,1001,東海大學,02311007,日本語言文化學系,D 日,M 碩士,23,0,3,19 臺中市,1 一般
113,1001,東海大學,02311007,日本語言文化學系,D 日,B 學士,446,14,85,19 臺中市,1 一般
113,1001,東海大學,02322004,中國文學系,D 日,D 博士,20,0,1,19 臺中市,1 一般
113,1001,東海大學,02322004,中國文學系,D 日,M 碩士,37,0,6,19 臺中市,1 一般
113,1001,東海大學,02322004,中國文學系,D 日,B 學士,397,16,87,19 臺中市,1 一般
113,1001,東海大學,02323062,華語文教學國際碩士學位學程,D 日,M 碩士,19,3,3,19 臺中市,1 一般
113,1001,東海大學,03111012,經濟學系,D 日,M 碩士,8,0,8,19 臺中市,1 一般
113,1001,東海大學,03111012,經濟學系,D 日,B 學士,508,14,110,19 臺中市,1 一般
113,1001,東海大學,03121013,政治學系,D 日,D 博士,27,0,9,19 臺中市,1 一般
113,1001,東海大學,03121013,政治學系,D 日,M 碩士,26,0,6,19 臺中市,1 一般
113,1001,東海大學,03121013,政治學系,D 日,B 學士,366,12,81,19 臺中市,1 一般
113,1001,東海大學,03141014,社會學系,D 日,D 博士,35,0,4,19 臺中市,1 一般
113,1001,東海大學,03141014,社會學系,D 日,M 碩士,29,0,4,19 臺中市,1 一般
113,1001,東海大學,03141014,社會學系,D 日,B 學士,344,13,95,19 臺中市,1 一般
113,1001,東海大學,04111018,會計學系,D 日,M 碩士,25,0,12,19 臺中市,1 一般
113,1001,東海大學,04111018,會計學系,N 職,M 碩士,0,0,4,19 臺中市,1 一般
113,1001,東海大學,04111018,會計學系,D 日,B 學士,458,12,112,19 臺中市,1 一般
113,1001,東海大學,04121024,財務金融學系,D 日,M 碩士,44,0,10,19 臺中市,1 一般
113,1001,東海大學,04121024,財務金融學系,N 職,M 碩士,2,0,1,19 臺中市,1 一般
113,1001,東海大學,04121024,財務金融學系,D 日,B 學士,519,12,115,19 臺中市,1 一般
113,1001,東海大學,04131019,企業管理學系,D 日,M 碩士,52,0,29,19 臺中市,1 一般
113,1001,東海大學,04131019,企業管理學系,D 日,B 學士,727,16,179,19 臺中市,1 一般
113,1001,東海大學,04131021,國際學院國際經營管理學位學程,D 日,B 學士,259,4,59,19 臺中市,1 一般
113,1001,東海大學,04131025,高階經營管理碩士在職專班,N 職,M 碩士,379,2,86,19 臺中市,1 一般
113,1001,東海大學,04131059,國際企業管理碩士學位學程,D 日,M 碩士,59,2,23,19 臺中市,1 一般
113,1001,東海大學,04133044,工業工程與經營資訊學系高階醫務工程與管理碩士在職專班,N 職,M 碩士,40,0,13,19 臺中市,1 一般
113,1001,東海大學,04134016,行政管理暨政策學系,D 日,M 碩士,16,0,4,19 臺中市,1 一般
113,1001,東海大學,04134016,行政管理暨政策學系第三部門碩士在職專班,N 職,M 碩士,2,0,1,19 臺中市,1 一般
113,1001,東海大學,04134016,行政管理暨政策學系,D 日,B 學士,364,9,87,19 臺中市,1 一般
113,1001,東海大學,04134017,公共事務碩士專班,N 職,M 碩士,54,2,11,19 臺中市,1 一般
113,1001,東海大學,04141023,國際經營與貿易學系,D 日,M 碩士,17,0,16,19 臺中市,1 一般
113,1001,東海大學,04141023,國際經營與貿易學系,D 日,B 學士,588,14,168,19 臺中市,1 一般
113,1001,東海大學,04211027,法律學系,D 日,D 博士,20,0,1,19 臺中市,1 一般
113,1001,東海大學,04211027,法律學系,D 日,M 碩士,135,0,17,19 臺中市,1 一般
113,1001,東海大學,04211027,法律學系,N 職,M 碩士,34,0,0,19 臺中市,1 一般
113,1001,東海大學,04211027,法律學系,D 日,B 學士,522,14,125,19 臺中市,1 一般
113,1001,東海大學,04211027,法律學系,P 進,B 學士,88,0,17,19 臺中市,1 一般
113,1001,東海大學,05111028,生命科學系,D 日,D 博士,18,0,6,19 臺中市,1 一般
113,1001,東海大學,05111028,生命科學系,D 日,M 碩士,20,0,10,19 臺中市,1 一般
113,1001,東海大學,05111028,生命科學系,D 日,B 學士,339,15,73,19 臺中市,1 一般
113,1001,東海大學,05111061,生物多樣性國際研究生博士學位學程,D 日,D 博士,9,2,0,19 臺中市,1 一般
113,1001,東海大學,05123060,生醫暨材料科學國際博士學位學程,D 日,D 博士,4,2,0,19 臺中市,1 一般
113,1001,東海大學,05211065,永續科學與管理學士學位學程,D 日,B 學士,91,4,7,19 臺中市,1 一般
113,1001,東海大學,05311030,化學系,D 日,D 博士,7,0,3,19 臺中市,1 一般
113,1001,東海大學,05311030,化學系,D 日,M 碩士,24,0,12,19 臺中市,1 一般
113,1001,東海大學,05311030,化學系,D 日,B 學士,373,20,75,19 臺中市,1 一般
113,1001,東海大學,05331032,應用物理學系,D 日,D 博士,4,0,0,19 臺中市,1 一般
113,1001,東海大學,05331032,應用物理學系,D 日,M 碩士,14,0,1,19 臺中市,1 一般
113,1001,東海大學,05331032,應用物理學系,D 日,B 學士,205,13,45,19 臺中市,1 一般
113,1001,東海大學,05411034,應用數學系,D 日,M 碩士,0,0,2,19 臺中市,1 一般
113,1001,東海大學,05411034,應用數學系,D 日,B 學士,0,0,30,19 臺中市,1 一般
113,1001,東海大學,05411066,智慧計算暨應用數學系,D 日,M 碩士,12,0,0,19 臺中市,1 一般
113,1001,東海大學,05411066,智慧計算暨應用數學系,D 日,B 學士,174,12,0,19 臺中市,1 一般
113,1001,東海大學,05421035,統計學系,D 日,D 博士,2,0,0,19 臺中市,1 一般
113,1001,東海大學,05421035,統計學系,D 日,M 碩士,15,0,8,19 臺中市,1 一般
113,1001,東海大學,05421035,統計學系,D 日,B 學士,375,13,81,19 臺中市,1 一般
113,1001,東海大學,06131039,資訊工程學系,D 日,M 碩士,60,0,17,19 臺中市,1 一般
113,1001,東海大學,06131039,資訊工程學系,N 職,M 碩士,14,0,7,19 臺中市,1 一般
113,1001,東海大學,06131039,資訊工程學系,D 日,B 學士,632,18,129,19 臺中市,1 一般
113,1001,東海大學,06131039,資訊工程學系,P 進,B 學士,4,0,2,19 臺中市,1 一般
113,1001,東海大學,06133047,數位創新碩士學位學程,D 日,M 碩士,43,2,9,19 臺中市,1 一般
113,1001,東海大學,06134036,資訊管理學系,D 日,M 碩士,37,0,15,19 臺中市,1 一般
113,1001,東海大學,06134036,資訊管理學系,D 日,B 學士,274,8,65,19 臺中市,1 一般
113,1001,東海大學,07111042,化學工程與材料工程學系,D 日,D 博士,5,0,0,19 臺中市,1 一般
113,1001,東海大學,07111042,化學工程與材料工程學系,D 日,M 碩士,57,0,16,19 臺中市,1 一般
113,1001,東海大學,07111042,化學工程與材料工程學系,D 日,B 學士,392,12,77,19 臺中市,1 一般
113,1001,東海大學,07121045,環境科學與工程學系,D 日,D 博士,3,0,1,19 臺中市,1 一般
113,1001,東海大學,07121045,環境科學與工程學系,D 日,M 碩士,22,0,8,19 臺中市,1 一般
113,1001,東海大學,07121045,環境科學與工程學系,D 日,B 學士,324,11,80,19 臺中市,1 一般
113,1001,東海大學,07141037,電機工程學系,D 日,M 碩士,33,0,14,19 臺中市,1 一般
113,1001,東海大學,07141037,電機工程學系,D 日,B 學士,410,11,77,19 臺中市,1 一般
113,1001,東海大學,07191044,工業工程與經營資訊學系,D 日,D 博士,36,0,4,19 臺中市,1 一般
113,1001,東海大學,07191044,工業工程與經營資訊學系,D 日,M 碩士,50,0,27,19 臺中市,1 一般
113,1001,東海大學,07191044,工業工程與經營資訊學系,D 日,B 學士,385,17,90,19 臺中市,1 一般
113,1001,東海大學,07199Y40,工學院,D 日,,0,1,0,19 臺中市,1 一般
113,1001,東海大學,07211052,食品科學系,D 日,M 碩士,43,0,5,19 臺中市,1 一般
113,1001,東海大學,07211052,食品科學系,D 日,B 學士,354,11,91,19 臺中市,1 一般
113,1001,東海大學,07211067,農業資源與健康科學國際碩士學位學程,D 日,,0,2,0,19 臺中市,1 一般
113,1001,東海大學,07311048,建築學系,D 日,M 碩士,58,0,12,19 臺中市,1 一般
113,1001,東海大學,07311048,建築學系,D 日,B 學士,195,15,33,19 臺中市,1 一般
113,1001,東海大學,07312049,景觀學系,D 日,M 碩士,20,0,6,19 臺中市,1 一般
113,1001,東海大學,07312049,景觀學系,N 職,M 碩士,30,0,7,19 臺中市,1 一般
113,1001,東海大學,07312049,景觀學系,D 日,B 學士,207,8,41,19 臺中市,1 一般
113,1001,東海大學,08111068,智慧暨精緻農業學位學程,P 進,B 學士,62,2,0,19 臺中市,1 一般
113,1001,東海大學,08112051,畜產與生物科技學系,D 日,D 博士,10,0,2,19 臺中市,1 一般
113,1001,東海大學,08112051,畜產與生物科技學系,D 日,M 碩士,14,0,2,19 臺中市,1 一般
113,1001,東海大學,08112051,畜產與生物科技學系,D 日,B 學士,405,10,80,19 臺中市,1 一般
113,1001,東海大學,09211063,高齡健康與運動科學學士學位學程,D 日,B 學士,163,7,24,19 臺中市,1 一般
113,1001,東海大學,09231053,社會工作學系,D 日,D 博士,21,0,4,19 臺中市,1 一般
113,1001,東海大學,09231053,社會工作學系,D 日,M 碩士,68,0,9,19 臺中市,1 一般
113,1001,東海大學,09231053,社會工作學系,D 日,B 學士,500,13,125,19 臺中市,1 一般
113,1001,東海大學,10131054,餐旅管理學系,D 日,M 碩士,8,0,10,19 臺中市,1 一般
113,1001,東海大學,10131054,餐旅管理學系,N 職,M 碩士,31,0,14,19 臺中市,1 一般
113,1001,東海大學,10131054,餐旅管理學系,D 日,B 學士,274,9,68,19 臺中市,1 一般
113,1001,東海大學,10152055,運動休閒與健康管理學位學程,P 進,B 學士,7,0,12,19 臺中市,1 一般
113,1001,東海大學,99999064,國際學院不分系英語學士班,D 日,B 學士,26,3,0,19 臺中市,1 一般
113,1001,東海大學,99999Y45,國際學院,D 日,,0,3,0,19 臺中市,1 一般
113,1001,東海大學,99999Z01,通識及共同科目,D 日,,0,6,0,19 臺中市,1 一般
113,1001,東海大學,99999Z03,軍訓教官,D 日,,0,12,0,19 臺中市,1 一般
113,1001,東海大學,99999Z04,護理教師,D 日,,0,1,0,19 臺中市,1 一般
113,1001,東海大學,99999Z07,體育室,D 日,,0,9,0,19 臺中市,1 一般
113,1001,東海大學,99999Z08,語言中心,D 日,,0,17,0,19 臺中市,1 一般
113,1002,輔仁大學,01114046,教育領導與科技發展學士學位學程,D 日,B 學士,140,0,38,01 新北市,1 一般
113,1002,輔仁大學,01114047,教育領導與發展研究所,D 日,M 碩士,26,6,2,01 新北市,1 一般
113,1002,輔仁大學,01114047,教育領導與發展研究所,N 職,M 碩士,84,0,14,01 新北市,1 一般
113,1002,輔仁大學,02122029,品牌與時尚經營管理碩士學位學程,D 日,M 碩士,7,1,7,01 新北市,1 一般
113,1002,輔仁大學,02122078,應用美術學系,D 日,M 碩士,41,0,14,01 新北市,1 一般
113,1002,輔仁大學,02122078,應用美術學系,D 日,B 學士,278,8,58,01 新北市,1 一般
113,1002,輔仁大學,02122078,應用美術學系,P 進,B 學士,233,0,43,01 新北市,1 一般
113,1002,輔仁大學,02122087,藝術與文化創意學士學位學程,P 進,B 學士,199,1,40,01 新北市,1 一般
113,1002,輔仁大學,02124095,室內設計進修學士學位學程,P 進,B 學士,189,2,25,01 新北市,1 一般
113,1002,輔仁大學,02125082,織品服裝學系,D 日,M 碩士,54,0,23,01 新北市,1 一般
113,1002,輔仁大學,02125082,織品服裝學系,N 職,M 碩士,74,0,17,01 新北市,1 一般
113,1002,輔仁大學,02125082,織品服裝學系,D 日,B 學士,1015,27,245,01 新北市,1 一般
113,1002,輔仁大學,02151034,音樂學系,D 日,D 博士,34,0,5,01 新北市,1 一般
113,1002,輔仁大學,02151034,音樂學系,D 日,M 碩士,66,0,18,01 新北市,1 一般
113,1002,輔仁大學,02151034,音樂學系,N 職,M 碩士,75,0,13,01 新北市,1 一般
113,1002,輔仁大學,02151034,音樂學系,D 日,B 學士,176,11,26,01 新北市,1 一般
113,1002,輔仁大學,02211006,天主教研修學士學位學程,D 日,B 學士,42,2,2,01 新北市,1 一般
113,1002,輔仁大學,02211019,宗教學系,D 日,D 博士,47,0,8,01 新北市,1 一般
113,1002,輔仁大學,02211019,宗教學系,D 日,M 碩士,46,0,7,01 新北市,1 一般
113,1002,輔仁大學,02211019,宗教學系,N 職,M 碩士,116,0,6,01 新北市,1 一般
113,1002,輔仁大學,02211019,宗教學系,D 日,B 學士,258,11,42,01 新北市,1 一般
113,1002,輔仁大學,02211019,宗教學系,P 進,B 學士,0,0,3,01 新北市,1 一般
113,1002,輔仁大學,02221074,歷史學系,D 日,M 碩士,21,0,3,01 新北市,1 一般
113,1002,輔仁大學,02221074,歷史學系,D 日,B 學士,432,13,91,01 新北市,1 一般
113,1002,輔仁大學,02221074,歷史學系,P 進,B 學士,89,0,17,01 新北市,1 一般
113,1002,輔仁大學,02231037,哲學系,D 日,D 博士,40,0,7,01 新北市,1 一般
113,1002,輔仁大學,02231037,哲學系,D 日,M 碩士,25,0,4,01 新北市,1 一般
113,1002,輔仁大學,02231037,哲學系,N 職,M 碩士,34,0,4,01 新北市,1 一般
113,1002,輔仁大學,02231037,哲學系,D 日,B 學士,405,11,88,01 新北市,1 一般
113,1002,輔仁大學,02231037,哲學系,P 進,B 學士,4,0,2,01 新北市,1 一般
113,1002,輔仁大學,02299060,跨文化研究所比較文學與跨文化研究博士班,D 日,D 博士,39,0,6,01 新北市,1 一般
113,1002,輔仁大學,02299060,跨文化碩士班,D 日,M 碩士,103,7,19,01 新北市,1 一般
113,1002,輔仁大學,02299060,跨文化研究所翻譯學碩士在職專班,N 職,M 碩士,35,0,11,01 新北市,1 一般
113,1002,輔仁大學,02299093,人文社會服務進修學士學位學程,P 進,B 學士,122,1,27,01 新北市,1 一般
113,1002,輔仁大學,02299102,人文與社區創新學士學位學程,D 日,B 學士,37,2,0,01 新北市,1 一般
113,1002,輔仁大學,02311009,日本語文學系,D 日,M 碩士,37,0,13,01 新北市,1 一般
113,1002,輔仁大學,02311009,日本語文學系,D 日,B 學士,496,17,121,01 新北市,1 一般
113,1002,輔仁大學,02311009,日本語文學系,P 進,B 學士,353,0,75,01 新北市,1 一般
113,1002,輔仁大學,02311016,西班牙語文學系,D 日,M 碩士,11,0,6,01 新北市,1 一般
113,1002,輔仁大學,02311016,西班牙語文學系,D 日,B 學士,249,9,78,01 新北市,1 一般
113,1002,輔仁大學,02311021,法國語文學系,D 日,M 碩士,17,0,8,01 新北市,1 一般
113,1002,輔仁大學,02311021,法國語文學系,D 日,B 學士,271,9,64,01 新北市,1 一般
113,1002,輔仁大學,02311033,英國語文學系,D 日,M 碩士,39,0,8,01 新北市,1 一般
113,1002,輔仁大學,02311033,英國語文學系,D 日,B 學士,268,16,69,01 新北市,1 一般
113,1002,輔仁大學,02311033,英國語文學系,P 進,B 學士,222,0,53,01 新北市,1 一般
113,1002,輔仁大學,02311057,義大利語文學系,D 日,B 學士,242,7,53,01 新北市,1 一般
113,1002,輔仁大學,02311072,德語語文學系,D 日,M 碩士,22,0,7,01 新北市,1 一般
113,1002,輔仁大學,02311072,德語語文學系,D 日,B 學士,252,9,70,01 新北市,1 一般
113,1002,輔仁大學,02311103,國際溝通與科技創新學士學位學程,D 日,B 學士,30,3,0,01 新北市,1 一般
113,1002,輔仁大學,02322003,中國文學系,D 日,D 博士,28,0,2,01 新北市,1 一般
113,1002,輔仁大學,02322003,中國文學系,D 日,M 碩士,22,0,10,01 新北市,1 一般
113,1002,輔仁大學,02322003,中國文學系,D 日,B 學士,467,13,94,01 新北市,1 一般
113,1002,輔仁大學,02322003,中國文學系,P 進,B 學士,73,0,16,01 新北市,1 一般
113,1002,輔仁大學,03111055,經濟學系,D 日,M 碩士,17,0,16,01 新北市,1 一般
113,1002,輔仁大學,03111055,經濟學系,D 日,B 學士,477,14,104,01 新北市,1 一般
113,1002,輔仁大學,03111055,經濟學系,P 進,B 學士,148,0,29,01 新北市,1 一般
113,1002,輔仁大學,03131007,心理學系,D 日,D 博士,29,0,4,01 新北市,1 一般
113,1002,輔仁大學,03131007,心理學系,D 日,M 碩士,56,0,14,01 新北市,1 一般
113,1002,輔仁大學,03131007,心理學系,D 日,B 學士,301,11,52,01 新北市,1 一般
113,1002,輔仁大學,03131081,臨床心理學系,D 日,M 碩士,71,0,20,01 新北市,1 一般
113,1002,輔仁大學,03131081,臨床心理學系,D 日,B 學士,291,9,75,01 新北市,1 一般
113,1002,輔仁大學,03141023,社會學系,D 日,M 碩士,21,0,8,01 新北市,1 一般
113,1002,輔仁大學,03141023,社會學系,D 日,B 學士,262,9,51,01 新北市,1 一般
113,1002,輔仁大學,03211001,大眾傳播學士學位學程,P 進,B 學士,407,2,97,01 新北市,1 一般
113,1002,輔仁大學,03211002,大眾傳播學研究所,D 日,M 碩士,67,6,19,01 新北市,1 一般
113,1002,輔仁大學,03211002,大眾傳播學研究所,N 職,M 碩士,48,0,17,01 新北市,1 一般
113,1002,輔仁大學,03212053,新聞傳播學系,D 日,B 學士,285,7,68,01 新北市,1 一般
113,1002,輔仁大學,03213070,影像傳播學系,D 日,B 學士,307,6,57,01 新北市,1 一般
113,1002,輔仁大學,03221051,博物館學研究所,D 日,M 碩士,57,5,16,01 新北市,1 一般
113,1002,輔仁大學,03222065,圖書資訊學系,D 日,M 碩士,16,0,11,01 新北市,1 一般
113,1002,輔仁大學,03222065,圖書資訊學系,D 日,B 學士,238,8,55,01 新北市,1 一般
113,1002,輔仁大學,03222065,圖書資訊學系,P 進,B 學士,2,0,5,01 新北市,1 一般
113,1002,輔仁大學,04111054,會計學系,D 日,M 碩士,48,0,26,01 新北市,1 一般
113,1002,輔仁大學,04111054,會計學系,N 職,M 碩士,62,0,21,01 新北市,1 一般
113,1002,輔仁大學,04111054,會計學系,D 日,B 學士,477,16,115,01 新北市,1 一般
113,1002,輔仁大學,04121027,金融與國際企業學系金融碩士班,D 日,M 碩士,50,0,25,01 新北市,1 一般
113,1002,輔仁大學,04121027,金融與國際企業學系,N 職,M 碩士,68,0,37,01 新北市,1 一般
113,1002,輔仁大學,04121027,金融與國際企業學系,D 日,B 學士,522,18,113,01 新北市,1 一般
113,1002,輔仁大學,04131015,企業管理學系管理學碩士班,D 日,M 碩士,74,0,40,01 新北市,1 一般
113,1002,輔仁大學,04131015,企業管理學系管理學碩士在職專班,N 職,M 碩士,79,0,35,01 新北市,1 一般
113,1002,輔仁大學,04131015,企業管理學系,D 日,B 學士,774,23,187,01 新北市,1 一般
113,1002,輔仁大學,04131025,社會企業碩士學位學程,D 日,M 碩士,13,2,5,01 新北市,1 一般
113,1002,輔仁大學,04131025,社會企業碩士在職學位學程,N 職,M 碩士,48,0,9,01 新北市,1 一般
113,1002,輔仁大學,04131039,商業管理學士學位學程,P 進,B 學士,383,1,81,01 新北市,1 一般
113,1002,輔仁大學,04131041,國際創業與經營管理碩士學位學程,N 職,M 碩士,43,2,19,01 新北市,1 一般
113,1002,輔仁大學,04131044,國際經營管理碩士學位學程,D 日,M 碩士,36,1,16,01 新北市,1 一般
113,1002,輔仁大學,04143069,廣告傳播學系,D 日,B 學士,274,6,65,01 新北市,1 一般
113,1002,輔仁大學,04143101,服飾採購與行銷進修學士學位學程,P 進,B 學士,23,2,0,01 新北市,1 一般
113,1002,輔仁大學,04191040,商學研究所,D 日,D 博士,82,7,8,01 新北市,1 一般
113,1002,輔仁大學,04199028,非營利組織管理碩士學位學程,N 職,M 碩士,78,0,17,01 新北市,1 一般
113,1002,輔仁大學,04199032,科技管理碩士學位學程,N 職,M 碩士,59,2,24,01 新北市,1 一般
113,1002,輔仁大學,04211020,法律學系,D 日,D 博士,45,0,3,01 新北市,1 一般
113,1002,輔仁大學,04211020,法律學系,D 日,M 碩士,107,0,13,01 新北市,1 一般
113,1002,輔仁大學,04211020,法律學系,N 職,M 碩士,71,0,17,01 新北市,1 一般
113,1002,輔仁大學,04211020,法律學系,D 日,B 學士,640,22,155,01 新北市,1 一般
113,1002,輔仁大學,04211020,法律學系,P 進,B 學士,213,0,41,01 新北市,1 一般
113,1002,輔仁大學,04211038,財經法律學系,D 日,M 碩士,56,0,11,01 新北市,1 一般
113,1002,輔仁大學,04211038,財經法律學系原住民碩士在職專班,N 職,M 碩士,70,0,3,01 新北市,1 一般
113,1002,輔仁大學,04211038,財經法律學系,D 日,B 學士,262,9,57,01 新北市,1 一般
113,1002,輔仁大學,05111011,生命科學系,D 日,M 碩士,17,0,12,01 新北市,1 一般
113,1002,輔仁大學,05111011,生命科學系,D 日,B 學士,429,13,92,01 新北市,1 一般
113,1002,輔仁大學,05191036,食品營養博士學位學程,D 日,D 博士,36,2,2,01 新北市,1 一般
113,1002,輔仁大學,05191080,營養科學系,D 日,M 碩士,27,0,13,01 新北市,1 一般
113,1002,輔仁大學,05191080,營養科學系,D 日,B 學士,257,10,62,01 新北市,1 一般
113,1002,輔仁大學,05311005,化學系,D 日,D 博士,16,0,3,01 新北市,1 一般
113,1002,輔仁大學,05311005,化學系,D 日,M 碩士,51,0,24,01 新北市,1 一般
113,1002,輔仁大學,05311005,化學系,D 日,B 學士,499,17,111,01 新北市,1 一般
113,1002,輔仁大學,05331022,物理學系,D 日,M 碩士,13,0,3,01 新北市,1 一般
113,1002,輔仁大學,05331022,物理學系,D 日,B 學士,403,13,70,01 新北市,1 一般
113,1002,輔仁大學,05411073,數學系,D 日,M 碩士,10,0,2,01 新北市,1 一般
113,1002,輔仁大學,05411073,數學系,D 日,B 學士,427,12,78,01 新北市,1 一般
113,1002,輔仁大學,05421049,統計資訊學系應用統計碩士班,D 日,M 碩士,38,0,20,01 新北市,1 一般
113,1002,輔仁大學,05421049,統計資訊學系應用統計碩士在職專班,N 職,M 碩士,52,0,19,01 新北市,1 一般
113,1002,輔仁大學,05421049,統計資訊學系,D 日,B 學士,466,13,104,01 新北市,1 一般
113,1002,輔仁大學,06131058,資訊工程學系,D 日,M 碩士,45,0,12,01 新北市,1 一般
113,1002,輔仁大學,06131058,資訊工程學系,N 職,M 碩士,26,0,3,01 新北市,1 一般
113,1002,輔仁大學,06131058,資訊工程學系,D 日,B 學士,511,16,128,01 新北市,1 一般
113,1002,輔仁大學,06131059,資訊管理學系,D 日,M 碩士,34,0,24,01 新北市,1 一般
113,1002,輔仁大學,06131059,資訊管理學系,N 職,M 碩士,60,0,11,01 新北市,1 一般
113,1002,輔仁大學,06131059,資訊管理學系,D 日,B 學士,477,15,111,01 新北市,1 一般
113,1002,輔仁大學,06131077,應用科學與工程研究所,D 日,D 博士,38,7,7,01 新北市,1 一般
113,1002,輔仁大學,06131098,人工智慧與資訊安全學士學位學程,D 日,B 學士,155,2,0,01 新北市,1 一般
113,1002,輔仁大學,06132050,軟體工程與數位創意學士學位學程,P 進,B 學士,207,1,50,01 新北市,1 一般
113,1002,輔仁大學,06132097,醫學資訊與健康科技進修學士學位學程,P 進,B 學士,22,0,18,01 新北市,1 一般
113,1002,輔仁大學,06134096,資訊創新與數位生活進修學士學位學程,P 進,B 學士,123,1,18,01 新北市,1 一般
113,1002,輔仁大學,06199086,醫學資訊與創新應用學士學位學程,D 日,B 學士,189,2,39,01 新北市,1 一般
113,1002,輔仁大學,07141064,電機工程學系,D 日,M 碩士,58,0,9,01 新北市,1 一般
113,1002,輔仁大學,07141064,電機工程學系,D 日,B 學士,516,15,105,01 新北市,1 一般
113,1002,輔仁大學,07211035,食品科學系,D 日,M 碩士,45,0,12,01 新北市,1 一般
113,1002,輔仁大學,07211035,食品科學系,D 日,B 學士,229,10,60,01 新北市,1 一般
113,1002,輔仁大學,07312052,景觀設計學系,D 日,M 碩士,23,0,5,01 新北市,1 一般
113,1002,輔仁大學,07312052,景觀設計學系,D 日,B 學士,223,8,56,01 新北市,1 一般
113,1002,輔仁大學,09121013,生物醫學暨藥學研究所,D 日,M 碩士,16,5,7,01 新北市,1 一般
113,1002,輔仁大學,09121085,醫學系,D 日,B 學士,322,43,52,01 新北市,1 一般
113,1002,輔仁大學,09131088,護理學系,D 日,M 碩士,23,0,6,01 新北市,1 一般
113,1002,輔仁大學,09131088,護理學系,D 日,B 學士,391,14,93,01 新北市,1 一般
113,1002,輔仁大學,09131088,護理學系,N 修,C 二技,54,0,21,01 新北市,1 一般
113,1002,輔仁大學,09131104,學士後護理學系,D 日,B 學士,41,6,0,01 新北市,1 一般
113,1002,輔仁大學,09141100,醫療暨健康產業大數據碩士學位學程,D 日,M 碩士,16,1,4,01 新北市,1 一般
113,1002,輔仁大學,09152084,職能治療學系,D 日,B 學士,246,7,54,01 新北市,1 一般
113,1002,輔仁大學,09161091,生技醫藥博士學位學程,D 日,D 博士,15,2,0,01 新北市,1 一般
113,1002,輔仁大學,09191004,公共衛生學系,D 日,M 碩士,32,0,12,01 新北市,1 一般
113,1002,輔仁大學,09191004,公共衛生學系,D 日,B 學士,227,10,60,01 新北市,1 一般
113,1002,輔仁大學,09199018,呼吸治療學系,D 日,B 學士,154,7,27,01 新北市,1 一般
113,1002,輔仁大學,09211061,跨專業長期照護碩士學位學程,N 職,M 碩士,94,2,27,01 新北市,1 一般
113,1002,輔仁大學,09211094,長期照護與健康管理進修學士學位學程,P 進,B 學士,170,2,47,01 新北市,1 一般
113,1002,輔仁大學,09221017,兒童與家庭學系,D 日,M 碩士,44,0,12,01 新北市,1 一般
113,1002,輔仁大學,09221017,兒童與家庭學系,N 職,M 碩士,83,0,20,01 新北市,1 一般
113,1002,輔仁大學,09221017,兒童與家庭學系,D 日,B 學士,297,11,50,01 新北市,1 一般
113,1002,輔仁大學,09231024,社會工作學系,D 日,M 碩士,50,0,6,01 新北市,1 一般
113,1002,輔仁大學,09231024,社會工作學系,D 日,B 學士,269,10,66,01 新北市,1 一般
113,1002,輔仁大學,10131075,餐旅管理學系,D 日,M 碩士,38,0,13,01 新北市,1 一般
113,1002,輔仁大學,10131075,餐旅管理學系,N 職,M 碩士,57,0,13,01 新北市,1 一般
113,1002,輔仁大學,10131075,餐旅管理學系,D 日,B 學士,459,14,94,01 新北市,1 一般
113,1002,輔仁大學,10131075,餐旅管理學系,P 進,B 學士,211,0,36,01 新北市,1 一般
113,1002,輔仁大學,10141089,體育學系,D 日,M 碩士,54,0,7,01 新北市,1 一般
113,1002,輔仁大學,10141089,體育學系,N 職,M 碩士,78,0,12,01 新北市,1 一般
113,1002,輔仁大學,10141089,體育學系,D 日,B 學士,806,21,176,01 新北市,1 一般
113,1002,輔仁大學,10152062,運動休閒管理學士學位學程,P 進,B 學士,244,1,43,01 新北市,1 一般
113,1002,輔仁大學,99999099,跨領域全英語學士學位學程,D 日,B 學士,26,2,0,01 新北市,1 一般
113,1002,輔仁大學,99999Z03,軍訓教官,D 日,,0,11,0,01 新北市,1 一般
113,1002,輔仁大學,99999Z04,護理教師,D 日,,0,1,0,01 新北市,1 一般
113,1002,輔仁大學,99999Z05,師資培育中心,D 日,,0,6,0,01 新北市,1 一般
113,1002,輔仁大學,99999Z99,其他(包括行政助教),D 日,,0,9,0,01 新北市,1 一般
113,1003,東吳大學,02151001,音樂學系,D 日,M 碩士,51,0,19,30 臺北市,1 一般
113,1003,東吳大學,02151001,音樂學系,N 職,M 碩士,0,0,1,30 臺北市,1 一般
113,1003,東吳大學,02151001,音樂學系,D 日,B 學士,239,9,54,30 臺北市,1 一般
113,1003,東吳大學,02221006,歷史學系,D 日,M 碩士,20,0,1,30 臺北市,1 一般
113,1003,東吳大學,02221006,歷史學系,D 日,B 學士,233,9,58,30 臺北市,1 一般
113,1003,東吳大學,02231007,哲學系,D 日,M 碩士,31,0,4,30 臺北市,1 一般
113,1003,東吳大學,02231007,哲學系,D 日,B 學士,240,10,41,30 臺北市,1 一般
113,1003,東吳大學,02311004,英文學系,D 日,B 學士,710,19,149,30 臺北市,1 一般
113,1003,東吳大學,02311004,英文學系,P 進,B 學士,47,0,22,30 臺北市,1 一般
113,1003,東吳大學,02311005,日本語文學系,D 日,D 博士,19,0,6,30 臺北市,1 一般
113,1003,東吳大學,02311005,日本語文學系,D 日,M 碩士,43,0,10,30 臺北市,1 一般
113,1003,東吳大學,02311005,日本語文學系,N 職,M 碩士,6,0,5,30 臺北市,1 一般
113,1003,東吳大學,02311005,日本語文學系,D 日,B 學士,824,24,197,30 臺北市,1 一般
113,1003,東吳大學,02311005,日本語文學系,P 進,B 學士,257,0,63,30 臺北市,1 一般
113,1003,東吳大學,02311012,德國文化學系,D 日,M 碩士,24,0,1,30 臺北市,1 一般
113,1003,東吳大學,02311012,德國文化學系,D 日,B 學士,211,9,53,30 臺北市,1 一般
113,1003,東吳大學,02312004,英文學系翻譯碩士班,D 日,M 碩士,32,0,2,30 臺北市,1 一般
113,1003,東吳大學,02312004,英文學系翻譯與雙語溝通碩士在職專班,N 職,M 碩士,4,0,0,30 臺北市,1 一般
113,1003,東吳大學,02313034,外國語文學院跨領域國際學士班,D 日,B 學士,34,2,0,30 臺北市,1 一般
113,1003,東吳大學,02322002,中國文學系,D 日,D 博士,26,0,2,30 臺北市,1 一般
113,1003,東吳大學,02322002,中國文學系,D 日,M 碩士,47,0,13,30 臺北市,1 一般
113,1003,東吳大學,02322002,中國文學系,N 職,M 碩士,18,0,1,30 臺北市,1 一般
113,1003,東吳大學,02322002,中國文學系,D 日,B 學士,695,18,122,30 臺北市,1 一般
113,1003,東吳大學,02322002,中國文學系,P 進,B 學士,36,0,16,30 臺北市,1 一般
113,1003,東吳大學,03111008,經濟學系,D 日,D 博士,13,0,4,30 臺北市,1 一般
113,1003,東吳大學,03111008,經濟學系,D 日,M 碩士,30,0,10,30 臺北市,1 一般
113,1003,東吳大學,03111008,經濟學系,N 職,M 碩士,6,0,5,30 臺北市,1 一般
113,1003,東吳大學,03111008,經濟學系,D 日,B 學士,742,19,167,30 臺北市,1 一般
113,1003,東吳大學,03121009,政治學系,D 日,D 博士,10,0,1,30 臺北市,1 一般
113,1003,東吳大學,03121009,政治學系,D 日,M 碩士,31,0,2,30 臺北市,1 一般
113,1003,東吳大學,03121009,政治學系,D 日,B 學士,510,17,107,30 臺北市,1 一般
113,1003,東吳大學,03131011,心理學系,D 日,M 碩士,84,0,24,30 臺北市,1 一般
113,1003,東吳大學,03131011,心理學系,D 日,B 學士,283,10,59,30 臺北市,1 一般
113,1003,東吳大學,03141010,社會學系,D 日,M 碩士,20,0,3,30 臺北市,1 一般
113,1003,東吳大學,03141010,社會學系,N 職,M 碩士,12,0,1,30 臺北市,1 一般
113,1003,東吳大學,03141010,社會學系,D 日,B 學士,464,15,113,30 臺北市,1 一般
113,1003,東吳大學,03199013,人權碩士學位學程,D 日,M 碩士,19,2,6,30 臺北市,1 一般
113,1003,東吳大學,04111015,會計學系,D 日,M 碩士,79,0,42,30 臺北市,1 一般
113,1003,東吳大學,04111015,會計學系,N 職,M 碩士,76,0,22,30 臺北市,1 一般
113,1003,東吳大學,04111015,會計學系,D 日,B 學士,978,28,222,30 臺北市,1 一般
113,1003,東吳大學,04121027,財務工程與精算數學系,D 日,M 碩士,34,0,18,30 臺北市,1 一般
113,1003,東吳大學,04121027,財務工程與精算數學系,N 職,M 碩士,4,0,4,30 臺北市,1 一般
113,1003,東吳大學,04121027,財務工程與精算數學系,D 日,B 學士,733,18,162,30 臺北市,1 一般
113,1003,東吳大學,04131016,企業管理學系,D 日,M 碩士,115,0,41,30 臺北市,1 一般
113,1003,東吳大學,04131016,企業管理學系,N 職,M 碩士,104,0,33,30 臺北市,1 一般
113,1003,東吳大學,04131016,企業管理學系,D 日,B 學士,930,28,215,30 臺北市,1 一般
113,1003,東吳大學,04131020,商學院EMBA高階經營碩士在職專班,N 職,M 碩士,121,2,22,30 臺北市,1 一般
113,1003,東吳大學,04141019,國際經營與貿易學系,D 日,M 碩士,41,0,19,30 臺北市,1 一般
113,1003,東吳大學,04141019,國際經營與貿易學系,N 職,M 碩士,7,0,12,30 臺北市,1 一般
113,1003,東吳大學,04141019,國際經營與貿易學系,D 日,B 學士,515,15,133,30 臺北市,1 一般
113,1003,東吳大學,04191014,商學進修學士班,P 進,B 學士,121,1,37,30 臺北市,1 一般
113,1003,東吳大學,04199031,巨量資料管理學院碩士學位學程,D 日,M 碩士,1,0,0,30 臺北市,1 一般
113,1003,東吳大學,04199031,巨量資料管理學院碩士在職學位學程,N 職,M 碩士,50,0,13,30 臺北市,1 一般
113,1003,東吳大學,04199031,巨量資料管理學院學士學位學程,D 日,B 學士,14,0,90,30 臺北市,1 一般
113,1003,東吳大學,04211021,法律學系,D 日,D 博士,33,0,0,30 臺北市,1 一般
113,1003,東吳大學,04211021,法律學系,D 日,M 碩士,405,0,75,30 臺北市,1 一般
113,1003,東吳大學,04211021,法律學系,N 職,M 碩士,675,0,96,30 臺北市,1 一般
113,1003,東吳大學,04211021,法律學系,D 日,B 學士,1220,46,250,30 臺北市,1 一般
113,1003,東吳大學,05122022,微生物學系,D 日,M 碩士,14,0,11,30 臺北市,1 一般
113,1003,東吳大學,05122022,微生物學系,D 日,B 學士,217,8,42,30 臺北市,1 一般
113,1003,東吳大學,05311023,化學系,D 日,M 碩士,11,0,3,30 臺北市,1 一般
113,1003,東吳大學,05311023,化學系,D 日,B 學士,230,8,41,30 臺北市,1 一般
113,1003,東吳大學,05331024,物理學系,D 日,B 學士,216,8,42,30 臺北市,1 一般
113,1003,東吳大學,05411025,數學系,D 日,M 碩士,11,0,4,30 臺北市,1 一般
113,1003,東吳大學,05411025,數學系,D 日,B 學士,181,9,30,30 臺北市,1 一般
113,1003,東吳大學,06131028,資訊管理學系,D 日,M 碩士,38,0,16,30 臺北市,1 一般
113,1003,東吳大學,06131028,資訊管理學系,N 職,M 碩士,54,0,14,30 臺北市,1 一般
113,1003,東吳大學,06131028,資訊管理學系,D 日,B 學士,534,15,119,30 臺北市,1 一般
113,1003,東吳大學,06134033,資料科學系,D 日,M 碩士,35,0,15,30 臺北市,1 一般
113,1003,東吳大學,06134033,資料科學系,N 職,M 碩士,113,0,14,30 臺北市,1 一般
113,1003,東吳大學,06134033,資料科學系,D 日,B 學士,380,14,0,30 臺北市,1 一般
113,1003,東吳大學,09231030,社會工作學系,D 日,M 碩士,66,0,9,30 臺北市,1 一般
113,1003,東吳大學,09231030,社會工作學系,D 日,B 學士,531,15,125,30 臺北市,1 一般
113,1003,東吳大學,99999Z03,軍訓教官,D 日,,0,3,0,30 臺北市,1 一般
113,1003,東吳大學,99999Z05,師資培育中心,D 日,,0,5,0,30 臺北市,1 一般
113,1003,東吳大學,99999Z07,體育室,D 日,,0,13,0,30 臺北市,1 一般
113,1003,東吳大學,99999Z08,語言中心,D 日,,0,8,0,30 臺北市,1 一般
113,1004,中原大學,01111001,教育研究所,D 日,M 碩士,25,7,8,03 桃園市,1 一般
113,1004,中原大學,01111001,教育研究所,N 職,M 碩士,81,0,26,03 桃園市,1 一般
113,1004,中原大學,01113002,特殊教育學系,D 日,M 碩士,43,0,6,03 桃園市,1 一般
113,1004,中原大學,01113002,特殊教育學系,D 日,B 學士,193,9,44,03 桃園市,1 一般
113,1004,中原大學,02112008,商業設計學系,D 日,M 碩士,24,0,27,03 桃園市,1 一般
113,1004,中原大學,02112008,商業設計學系,N 職,M 碩士,28,0,3,03 桃園市,1 一般
113,1004,中原大學,02112008,商業設計學系,D 日,B 學士,375,10,85,03 桃園市,1 一般
113,1004,中原大學,02122007,設計學博士學位學程,D 日,D 博士,40,2,8,03 桃園市,1 一般
113,1004,中原大學,02122010,文化創意設計碩士學位學程,D 日,M 碩士,0,0,2,03 桃園市,1 一般
113,1004,中原大學,02122048,設計學院設計學士原住民專班,D 日,B 學士,37,2,3,03 桃園市,1 一般
113,1004,中原大學,02124009,室內設計學系,D 日,M 碩士,49,0,18,03 桃園市,1 一般
113,1004,中原大學,02124009,室內設計學系,N 職,M 碩士,94,0,21,03 桃園市,1 一般
113,1004,中原大學,02124009,室內設計學系,D 日,B 學士,302,10,69,03 桃園市,1 一般
113,1004,中原大學,02151058,音樂產業碩士學位學程,D 日,M 碩士,41,2,4,03 桃園市,1 一般
113,1004,中原大學,02211006,宗教研究所,D 日,M 碩士,19,5,2,03 桃園市,1 一般
113,1004,中原大學,02211006,宗教研究所,N 職,M 碩士,23,0,1,03 桃園市,1 一般
113,1004,中原大學,02299053,人文與教育學院學士學位學程,D 日,B 學士,17,2,13,03 桃園市,1 一般
113,1004,中原大學,02311005,應用外國語文學系,D 日,M 碩士,25,0,6,03 桃園市,1 一般
113,1004,中原大學,02311005,應用外國語文學系,D 日,B 學士,423,17,101,03 桃園市,1 一般
113,1004,中原大學,02323004,應用華語文學系,D 日,M 碩士,31,0,13,03 桃園市,1 一般
113,1004,中原大學,02323004,應用華語文學系,D 日,B 學士,495,11,111,03 桃園市,1 一般
113,1004,中原大學,03131011,心理學系,D 日,M 碩士,94,0,20,03 桃園市,1 一般
113,1004,中原大學,03131011,心理學系,D 日,B 學士,529,14,125,03 桃園市,1 一般
113,1004,中原大學,04111013,會計學系,D 日,M 碩士,38,0,24,03 桃園市,1 一般
113,1004,中原大學,04111013,會計學系,N 職,M 碩士,18,0,8,03 桃園市,1 一般
113,1004,中原大學,04111013,會計學系,D 日,B 學士,646,17,154,03 桃園市,1 一般
113,1004,中原大學,04121019,財務金融學系,D 日,M 碩士,24,0,14,03 桃園市,1 一般
113,1004,中原大學,04121019,財務金融學系,D 日,B 學士,451,13,106,03 桃園市,1 一般
113,1004,中原大學,04131014,企業管理學系,D 日,D 博士,36,0,2,03 桃園市,1 一般
113,1004,中原大學,04131014,企業管理學系,D 日,M 碩士,67,0,32,03 桃園市,1 一般
113,1004,中原大學,04131014,企業管理學系,N 職,M 碩士,191,0,91,03 桃園市,1 一般
113,1004,中原大學,04131014,企業管理學系,D 日,B 學士,875,28,200,03 桃園市,1 一般
113,1004,中原大學,04141018,國際經營與貿易學系,D 日,M 碩士,12,0,10,03 桃園市,1 一般
113,1004,中原大學,04141018,國際經營與貿易學系,N 職,M 碩士,12,0,5,03 桃園市,1 一般
113,1004,中原大學,04141018,國際經營與貿易學系,D 日,B 學士,535,13,128,03 桃園市,1 一般
113,1004,中原大學,04191012,商學博士學位學程,D 日,D 博士,46,2,8,03 桃園市,1 一般
113,1004,中原大學,04191017,國際商學碩士學位學程,D 日,M 碩士,27,0,17,03 桃園市,1 一般
113,1004,中原大學,04191017,國際商學學士學位學程,D 日,B 學士,88,4,10,03 桃園市,1 一般
113,1004,中原大學,04191057,中原大學與美國天普大學商學管理雙學士學位學程,D 日,B 學士,50,0,13,03 桃園市,1 一般
113,1004,中原大學,04199020,商學院學士學位學程,D 日,B 學士,0,0,1,03 桃園市,1 一般
113,1004,中原大學,04199050,巨量資料商業應用碩士學位學程,D 日,M 碩士,0,0,1,03 桃園市,1 一般
113,1004,中原大學,04212021,財經法律學系,D 日,M 碩士,60,0,14,03 桃園市,1 一般
113,1004,中原大學,04212021,財經法律學系,N 職,M 碩士,69,0,8,03 桃園市,1 一般
113,1004,中原大學,04212021,財經法律學系,D 日,B 學士,514,14,96,03 桃園市,1 一般
113,1004,中原大學,05121022,生物科技學系,D 日,M 碩士,22,0,3,03 桃園市,1 一般
113,1004,中原大學,05121022,生物科技學系,D 日,B 學士,413,11,87,03 桃園市,1 一般
113,1004,中原大學,05311023,化學系,D 日,D 博士,20,0,2,03 桃園市,1 一般
113,1004,中原大學,05311023,化學系,D 日,M 碩士,57,0,33,03 桃園市,1 一般
113,1004,中原大學,05311023,化學系,N 職,M 碩士,6,0,2,03 桃園市,1 一般
113,1004,中原大學,05311023,化學系,D 日,B 學士,492,19,101,03 桃園市,1 一般
113,1004,中原大學,05331024,物理學系,D 日,D 博士,8,0,4,03 桃園市,1 一般
113,1004,中原大學,05331024,物理學系,D 日,M 碩士,18,0,10,03 桃園市,1 一般
113,1004,中原大學,05331024,物理學系,D 日,B 學士,447,20,91,03 桃園市,1 一般
113,1004,中原大學,05411027,應用數學系,D 日,D 博士,4,0,1,03 桃園市,1 一般
113,1004,中原大學,05411027,應用數學系,D 日,M 碩士,33,0,18,03 桃園市,1 一般
113,1004,中原大學,05411027,應用數學系,N 職,M 碩士,2,0,1,03 桃園市,1 一般
113,1004,中原大學,05411027,應用數學系,D 日,B 學士,412,14,82,03 桃園市,1 一般
113,1004,中原大學,06121060,中原大學美國威大密爾瓦基分校電機與資訊工程雙學士學位學程,D 日,B 學士,68,0,0,03 桃園市,1 一般
113,1004,中原大學,06131028,資訊管理學系,D 日,M 碩士,52,0,28,03 桃園市,1 一般
113,1004,中原大學,06131028,資訊管理學系,N 職,M 碩士,61,0,25,03 桃園市,1 一般
113,1004,中原大學,06131028,資訊管理學系,D 日,B 學士,515,16,109,03 桃園市,1 一般
113,1004,中原大學,06131031,資訊工程學系,D 日,M 碩士,84,0,26,03 桃園市,1 一般
113,1004,中原大學,06131031,資訊工程學系,N 職,M 碩士,27,0,6,03 桃園市,1 一般
113,1004,中原大學,06131031,資訊工程學系,D 日,B 學士,504,16,99,03 桃園市,1 一般
113,1004,中原大學,06131062,智慧運算與大數據碩士學位學程,D 日,M 碩士,14,0,8,03 桃園市,1 一般
113,1004,中原大學,06131062,電機資訊學院智慧運算與大數據學士班,D 日,B 學士,159,7,0,03 桃園市,1 一般
113,1004,中原大學,07111037,化學工程學系,D 日,D 博士,9,0,4,03 桃園市,1 一般
113,1004,中原大學,07111037,化學工程學系,D 日,M 碩士,83,0,50,03 桃園市,1 一般
113,1004,中原大學,07111037,化學工程學系,D 日,B 學士,663,22,146,03 桃園市,1 一般
113,1004,中原大學,07121042,環境工程學系,D 日,M 碩士,42,0,28,03 桃園市,1 一般
113,1004,中原大學,07121042,環境工程學系,N 職,M 碩士,33,0,14,03 桃園市,1 一般
113,1004,中原大學,07121042,環境工程學系,D 日,B 學士,221,9,52,03 桃園市,1 一般
113,1004,中原大學,07121065,淨零循環經濟學士後專班,D 日,B 學士,14,0,0,03 桃園市,1 一般
113,1004,中原大學,07141029,電機工程學系,D 日,D 博士,19,0,3,03 桃園市,1 一般
113,1004,中原大學,07141029,電機工程學系,D 日,M 碩士,110,0,28,03 桃園市,1 一般
113,1004,中原大學,07141029,電機工程學系,N 職,M 碩士,56,0,8,03 桃園市,1 一般
113,1004,中原大學,07141029,電機工程學系,D 日,B 學士,482,17,113,03 桃園市,1 一般
113,1004,中原大學,07141030,電子工程學系,D 日,D 博士,10,0,2,03 桃園市,1 一般
113,1004,中原大學,07141030,電子工程學系,D 日,M 碩士,126,0,56,03 桃園市,1 一般
113,1004,中原大學,07141030,電子工程學系,N 職,M 碩士,27,0,10,03 桃園市,1 一般
113,1004,中原大學,07141030,電子工程學系,D 日,B 學士,582,25,160,03 桃園市,1 一般
113,1004,中原大學,07141032,通訊工程碩士學位學程,D 日,M 碩士,0,0,1,03 桃園市,1 一般
113,1004,中原大學,07141033,電機資訊學院,D 日,B 學士,180,4,44,03 桃園市,1 一般
113,1004,中原大學,07141064,半導體材料與光電檢測碩士學位學程,D 日,M 碩士,5,0,0,03 桃園市,1 一般
113,1004,中原大學,07141066,理學院半導體人才培育碩士專班,D 日,M 碩士,1,0,0,03 桃園市,1 一般
113,1004,中原大學,07151034,機械工程學系,D 日,D 博士,32,0,1,03 桃園市,1 一般
113,1004,中原大學,07151034,機械工程學系,D 日,M 碩士,84,0,44,03 桃園市,1 一般
113,1004,中原大學,07151034,機械工程學系,N 職,M 碩士,56,0,14,03 桃園市,1 一般
113,1004,中原大學,07151034,機械工程學系,D 日,B 學士,700,22,154,03 桃園市,1 一般
113,1004,中原大學,07191041,工業與系統工程學系,D 日,D 博士,38,0,2,03 桃園市,1 一般
113,1004,中原大學,07191041,工業與系統工程學系,D 日,M 碩士,112,0,41,03 桃園市,1 一般
113,1004,中原大學,07191041,工業與系統工程學系,N 職,M 碩士,91,0,25,03 桃園市,1 一般
113,1004,中原大學,07191041,工業與系統工程學系,D 日,B 學士,619,20,149,03 桃園市,1 一般
113,1004,中原大學,07193043,生物醫學工程學系,D 日,D 博士,25,0,1,03 桃園市,1 一般
113,1004,中原大學,07193043,生物醫學工程學系,D 日,M 碩士,69,0,23,03 桃園市,1 一般
113,1004,中原大學,07193043,生物醫學工程學系,N 職,M 碩士,17,0,4,03 桃園市,1 一般
113,1004,中原大學,07193043,生物醫學工程學系,D 日,B 學士,449,14,89,03 桃園市,1 一般
113,1004,中原大學,07311046,建築學系,D 日,M 碩士,58,0,11,03 桃園市,1 一般
113,1004,中原大學,07311046,建築學系,N 職,M 碩士,42,0,1,03 桃園市,1 一般
113,1004,中原大學,07311046,建築學系,D 日,B 學士,293,11,57,03 桃園市,1 一般
113,1004,中原大學,07311063,英國牛津布魯克斯大學建築及都市設計雙學士學位學程,D 日,B 學士,39,0,0,03 桃園市,1 一般
113,1004,中原大學,07312059,地景建築學系,D 日,M 碩士,18,0,5,03 桃園市,1 一般
113,1004,中原大學,07312059,地景建築學系,D 日,B 學士,224,9,33,03 桃園市,1 一般
113,1004,中原大學,07321035,土木工程學系,D 日,D 博士,33,0,6,03 桃園市,1 一般
113,1004,中原大學,07321035,土木工程學系,D 日,M 碩士,32,0,13,03 桃園市,1 一般
113,1004,中原大學,07321035,土木工程學系,D 日,B 學士,631,16,124,03 桃園市,1 一般
113,1004,中原大學,99999061,全校外籍生大一不分系學士學位學程,D 日,B 學士,20,2,0,03 桃園市,1 一般
113,1004,中原大學,99999Z01,通識及共同科目,D 日,,0,20,0,03 桃園市,1 一般
113,1004,中原大學,99999Z03,軍訓教官,D 日,,0,26,0,03 桃園市,1 一般
113,1004,中原大學,99999Z05,師資培育中心,D 日,,0,2,0,03 桃園市,1 一般
113,1004,中原大學,99999Z07,體育室,D 日,,0,13,0,03 桃園市,1 一般
113,1004,中原大學,99999Z09,校長,D 日,,0,1,0,03 桃園市,1 一般
113,1005,淡江大學,01114093,教育學院教育領導與科技管理博士班,D 日,D 博士,10,0,4,01 新北市,1 一般
113,1005,淡江大學,01114108,教育與未來設計學系前瞻教育領導與科技管理博士班,D 日,D 博士,20,0,0,01 新北市,1 一般
113,1005,淡江大學,01115108,教育與未來設計學系,N 職,M 碩士,17,0,3,01 新北市,1 一般
113,1005,淡江大學,01116092,教育科技學系,D 日,M 碩士,28,0,10,01 新北市,1 一般
113,1005,淡江大學,01116092,教育科技學系,N 職,M 碩士,80,0,13,01 新北市,1 一般
113,1005,淡江大學,01116092,教育科技學系,D 日,B 學士,396,12,116,01 新北市,1 一般
113,1005,淡江大學,01199108,教育與未來設計學系,D 日,M 碩士,38,0,13,01 新北市,1 一般
113,1005,淡江大學,01199108,教育與未來設計學系,D 日,B 學士,167,12,0,01 新北市,1 一般
113,1005,淡江大學,02221078,歷史學系,D 日,M 碩士,23,0,4,01 新北市,1 一般
113,1005,淡江大學,02221078,歷史學系,D 日,B 學士,336,10,108,01 新北市,1 一般
113,1005,淡江大學,02311081,俄國語文學系,D 日,B 學士,148,8,46,01 新北市,1 一般
113,1005,淡江大學,02311082,日本語文學系,D 日,M 碩士,32,0,7,01 新北市,1 一般
113,1005,淡江大學,02311082,日本語文學系,N 職,M 碩士,5,0,5,01 新北市,1 一般
113,1005,淡江大學,02311082,日本語文學系,D 日,B 學士,906,24,222,01 新北市,1 一般
113,1005,淡江大學,02311082,日本語文學系,P 進,B 學士,102,0,42,01 新北市,1 一般
113,1005,淡江大學,02311084,西班牙語文學系,D 日,B 學士,351,13,128,01 新北市,1 一般
113,1005,淡江大學,02311085,德國語文學系,D 日,B 學士,175,7,65,01 新北市,1 一般
113,1005,淡江大學,02311086,法國語文學系,D 日,M 碩士,8,0,2,01 新北市,1 一般
113,1005,淡江大學,02311086,法國語文學系,D 日,B 學士,306,9,115,01 新北市,1 一般
113,1005,淡江大學,02311088,英文學系,D 日,D 博士,26,0,2,01 新北市,1 一般
113,1005,淡江大學,02311088,英文學系,D 日,M 碩士,19,0,4,01 新北市,1 一般
113,1005,淡江大學,02311088,英文學系,D 日,B 學士,752,29,181,01 新北市,1 一般
113,1005,淡江大學,02311088,英文學系,P 進,B 學士,46,0,26,01 新北市,1 一般
113,1005,淡江大學,02322090,中國文學學系,D 日,D 博士,33,0,5,01 新北市,1 一般
113,1005,淡江大學,02322090,中國文學學系,D 日,M 碩士,33,0,5,01 新北市,1 一般
113,1005,淡江大學,02322090,中國文學學系,N 職,M 碩士,4,0,3,01 新北市,1 一般
113,1005,淡江大學,02322090,中國文學學系,D 日,B 學士,360,15,116,01 新北市,1 一般
113,1005,淡江大學,03111075,產業經濟學系,D 日,D 博士,11,0,1,01 新北市,1 一般
113,1005,淡江大學,03111075,產業經濟學系,D 日,M 碩士,11,0,6,01 新北市,1 一般
113,1005,淡江大學,03111075,產業經濟學系,D 日,B 學士,309,11,102,01 新北市,1 一般
113,1005,淡江大學,03111076,經濟學系經濟與財務碩士班,D 日,M 碩士,17,0,2,01 新北市,1 一般
113,1005,淡江大學,03111076,經濟學系,D 日,B 學士,688,15,152,01 新北市,1 一般
113,1005,淡江大學,03121074,全球政治經濟學系全英語學士班,D 日,B 學士,119,11,21,01 新北市,1 一般
113,1005,淡江大學,03122059,外交與國際關係學系全英語學士班,D 日,B 學士,246,11,67,01 新北市,1 一般
113,1005,淡江大學,03122060,國際事務與戰略研究所,D 日,D 博士,56,0,5,01 新北市,1 一般
113,1005,淡江大學,03122060,國際事務與戰略研究所,D 日,M 碩士,32,8,11,01 新北市,1 一般
113,1005,淡江大學,03122060,國際事務與戰略碩士在職專班,N 職,M 碩士,57,0,5,01 新北市,1 一般
113,1005,淡江大學,03131096,教育心理與諮商研究所,D 日,M 碩士,109,7,36,01 新北市,1 一般
113,1005,淡江大學,03143059,外交與國際關係學系歐洲研究博士班,D 日,D 博士,13,0,1,01 新北市,1 一般
113,1005,淡江大學,03143059,外交與國際關係學系,D 日,M 碩士,32,0,7,01 新北市,1 一般
113,1005,淡江大學,03143059,外交與國際關係學系中國大陸研究碩士在職專班,N 職,M 碩士,32,0,9,01 新北市,1 一般
113,1005,淡江大學,03143063,臺灣與亞太研究全英語碩士學位學程,D 日,M 碩士,0,0,1,01 新北市,1 一般
113,1005,淡江大學,03143065,美洲研究所,D 日,D 博士,0,0,1,01 新北市,1 一般
113,1005,淡江大學,03143074,全球政治經濟學系,D 日,M 碩士,26,0,7,01 新北市,1 一般
113,1005,淡江大學,03143074,全球政治經濟學系,N 職,M 碩士,41,0,2,01 新北市,1 一般
113,1005,淡江大學,03211055,大眾傳播學系,D 日,M 碩士,35,0,8,01 新北市,1 一般
113,1005,淡江大學,03211055,大眾傳播學系,D 日,B 學士,401,10,70,01 新北市,1 一般
113,1005,淡江大學,03214054,資訊傳播學系,D 日,B 學士,383,9,106,01 新北市,1 一般
113,1005,淡江大學,03222052,資訊與圖書館學系,D 日,M 碩士,21,0,6,01 新北市,1 一般
113,1005,淡江大學,03222052,資訊與圖書館學系數位學習碩士在職專班,N 職,M 碩士,7,0,0,01 新北市,1 一般
113,1005,淡江大學,03222052,資訊與圖書館學系,D 日,B 學士,413,9,95,01 新北市,1 一般
113,1005,淡江大學,03222053,數位出版與典藏數位學習碩士在職專班,N 職,M 碩士,2,0,0,01 新北市,1 一般
113,1005,淡江大學,04111051,會計學系,D 日,M 碩士,46,0,23,01 新北市,1 一般
113,1005,淡江大學,04111051,會計學系,N 職,M 碩士,7,0,8,01 新北市,1 一般
113,1005,淡江大學,04111051,會計學系,D 日,B 學士,806,19,179,01 新北市,1 一般
113,1005,淡江大學,04111051,會計學系,P 進,B 學士,1,0,1,01 新北市,1 一般
113,1005,淡江大學,04121035,商管學院全球財務管理全英語學士學位學程,D 日,B 學士,5,0,56,01 新北市,1 一般
113,1005,淡江大學,04121037,財務金融學系,D 日,D 博士,40,0,5,01 新北市,1 一般
113,1005,淡江大學,04121037,財務金融學系,D 日,M 碩士,55,0,26,01 新北市,1 一般
113,1005,淡江大學,04121037,財務金融學系,N 職,M 碩士,40,0,18,01 新北市,1 一般
113,1005,淡江大學,04121037,財務金融學系,D 日,B 學士,933,26,158,01 新北市,1 一般
113,1005,淡江大學,04121037,財務金融學系,P 進,B 學士,102,0,28,01 新北市,1 一般
113,1005,淡江大學,04121113,淡江大學暨澳洲昆士蘭理工大學財金全英語雙碩士學位學程,D 日,M 碩士,16,0,1,01 新北市,1 一般
113,1005,淡江大學,04123104,風險管理與保險學系保險經營碩士班,D 日,M 碩士,35,0,11,01 新北市,1 一般
113,1005,淡江大學,04123104,風險管理與保險學系保險經營碩士在職專班,N 職,M 碩士,24,0,13,01 新北市,1 一般
113,1005,淡江大學,04123104,風險管理與保險學系,D 日,B 學士,414,13,92,01 新北市,1 一般
113,1005,淡江大學,04131040,國際企業學系,D 日,M 碩士,38,0,13,01 新北市,1 一般
113,1005,淡江大學,04131040,國際企業學系,N 職,M 碩士,58,0,29,01 新北市,1 一般
113,1005,淡江大學,04131040,國際企業學系,D 日,B 學士,838,22,203,01 新北市,1 一般
113,1005,淡江大學,04131040,國際企業學系,P 進,B 學士,54,0,18,01 新北市,1 一般
113,1005,淡江大學,04131045,商管學院經營管理全英語碩士學位學程,D 日,M 碩士,0,0,1,01 新北市,1 一般
113,1005,淡江大學,04131047,管理科學學系,D 日,D 博士,60,0,8,01 新北市,1 一般
113,1005,淡江大學,04131047,管理科學學系,D 日,M 碩士,47,0,39,01 新北市,1 一般
113,1005,淡江大學,04131047,管理科學學系企業經營碩士在職專班,N 職,M 碩士,48,0,23,01 新北市,1 一般
113,1005,淡江大學,04131047,管理科學學系,D 日,B 學士,338,14,109,01 新北市,1 一般
113,1005,淡江大學,04131049,企業管理學系,D 日,M 碩士,44,0,17,01 新北市,1 一般
113,1005,淡江大學,04131049,企業管理學系,N 職,M 碩士,76,0,44,01 新北市,1 一般
113,1005,淡江大學,04131049,企業管理學系,D 日,B 學士,726,22,138,01 新北市,1 一般
113,1005,淡江大學,04131049,企業管理學系,P 進,B 學士,121,0,39,01 新北市,1 一般
113,1005,淡江大學,04134061,公共行政學系公共政策碩士班,D 日,M 碩士,8,0,4,01 新北市,1 一般
113,1005,淡江大學,04134061,公共行政學系公共政策碩士在職專班,N 職,M 碩士,2,0,0,01 新北市,1 一般
113,1005,淡江大學,04134061,公共行政學系,D 日,B 學士,474,11,106,01 新北市,1 一般
113,1005,淡江大學,04134061,公共行政學系,P 進,B 學士,32,0,16,01 新北市,1 一般
113,1005,淡江大學,04191105,數位商務與經濟碩士學位學程,D 日,M 碩士,1,0,0,01 新北市,1 一般
113,1005,淡江大學,05311031,化學學系,D 日,D 博士,0,0,1,01 新北市,1 一般
113,1005,淡江大學,05311031,化學學系,D 日,M 碩士,30,0,13,01 新北市,1 一般
113,1005,淡江大學,05311031,化學學系,D 日,B 學士,358,14,87,01 新北市,1 一般
113,1005,淡江大學,05331030,物理學系,D 日,D 博士,2,0,2,01 新北市,1 一般
113,1005,淡江大學,05331030,物理學系,D 日,M 碩士,12,0,7,01 新北市,1 一般
113,1005,淡江大學,05331030,物理學系,D 日,B 學士,318,17,50,01 新北市,1 一般
113,1005,淡江大學,05399029,理學院尖端材料科學學士學位學程,D 日,B 學士,83,3,25,01 新北市,1 一般
113,1005,淡江大學,05399106,理學院應用科學博士班,D 日,D 博士,12,2,1,01 新北市,1 一般
113,1005,淡江大學,05411026,數學學系數學與數據科學碩士班,D 日,M 碩士,0,0,5,01 新北市,1 一般
113,1005,淡江大學,05411026,數學學系,N 職,M 碩士,0,0,1,01 新北市,1 一般
113,1005,淡江大學,05411026,數學學系,D 日,B 學士,0,0,62,01 新北市,1 一般
113,1005,淡江大學,05411110,應用數學與數據科學學系,D 日,D 博士,5,0,0,01 新北市,1 一般
113,1005,淡江大學,05411110,應用數學與數據科學學系數學與數據科學碩士班,D 日,M 碩士,11,0,0,01 新北市,1 一般
113,1005,淡江大學,05411110,應用數學與數據科學學系,D 日,B 學士,264,11,0,01 新北市,1 一般
113,1005,淡江大學,05421024,統計學系,D 日,M 碩士,35,0,22,01 新北市,1 一般
113,1005,淡江大學,05421024,統計學系,D 日,B 學士,570,15,160,01 新北市,1 一般
113,1005,淡江大學,06131018,資訊工程學系,D 日,D 博士,21,0,5,01 新北市,1 一般
113,1005,淡江大學,06131018,資訊工程學系,D 日,M 碩士,115,0,39,01 新北市,1 一般
113,1005,淡江大學,06131018,資訊工程學系,N 職,M 碩士,29,0,5,01 新北市,1 一般
113,1005,淡江大學,06131018,資訊工程學系,D 日,B 學士,1177,29,221,01 新北市,1 一般
113,1005,淡江大學,06131018,資訊工程學系,P 進,B 學士,144,0,22,01 新北市,1 一般
113,1005,淡江大學,06131023,資訊管理學系,D 日,M 碩士,32,0,21,01 新北市,1 一般
113,1005,淡江大學,06131023,資訊管理學系,N 職,M 碩士,23,0,7,01 新北市,1 一般
113,1005,淡江大學,06131023,資訊管理學系,D 日,B 學士,789,19,172,01 新北市,1 一般
113,1005,淡江大學,06131107,人工智慧學系,D 日,B 學士,510,10,1,01 新北市,1 一般
113,1005,淡江大學,06134112,國際產業人才教育專班(新型專班)工學院AI智慧機械永續製造專班,D 日,M 碩士,3,0,0,01 新北市,1 一般
113,1005,淡江大學,07111010,化學工程與材料工程學系,D 日,D 博士,3,0,0,01 新北市,1 一般
113,1005,淡江大學,07111010,化學工程與材料工程學系,D 日,M 碩士,62,0,24,01 新北市,1 一般
113,1005,淡江大學,07111010,化學工程與材料工程學系,D 日,B 學士,422,14,102,01 新北市,1 一般
113,1005,淡江大學,07122009,水資源及環境工程學系,D 日,D 博士,4,0,2,01 新北市,1 一般
113,1005,淡江大學,07122009,水資源及環境工程學系,D 日,M 碩士,26,0,16,01 新北市,1 一般
113,1005,淡江大學,07122009,水資源及環境工程學系,D 日,B 學士,323,11,115,01 新北市,1 一般
113,1005,淡江大學,07141019,電機工程學系,D 日,D 博士,20,0,2,01 新北市,1 一般
113,1005,淡江大學,07141019,電機工程學系,D 日,M 碩士,125,0,42,01 新北市,1 一般
113,1005,淡江大學,07141019,電機工程學系,N 職,M 碩士,22,0,7,01 新北市,1 一般
113,1005,淡江大學,07141019,電機工程學系,D 日,B 學士,931,27,187,01 新北市,1 一般
113,1005,淡江大學,07141019,電機工程學系,P 進,B 學士,43,0,18,01 新北市,1 一般
113,1005,淡江大學,07141102,工學院機器人博士學位學程,D 日,D 博士,3,0,2,01 新北市,1 一般
113,1005,淡江大學,07151015,機械與機電工程學系,D 日,D 博士,8,0,1,01 新北市,1 一般
113,1005,淡江大學,07151015,機械與機電工程學系,D 日,M 碩士,32,0,23,01 新北市,1 一般
113,1005,淡江大學,07151015,機械與機電工程學系,D 日,B 學士,437,12,103,01 新北市,1 一般
113,1005,淡江大學,07162017,航空太空工程學系,D 日,M 碩士,24,0,15,01 新北市,1 一般
113,1005,淡江大學,07162017,航空太空工程學系,N 職,M 碩士,6,0,3,01 新北市,1 一般
113,1005,淡江大學,07162017,航空太空工程學系,D 日,B 學士,579,14,102,01 新北市,1 一般
113,1005,淡江大學,07311007,建築學系,D 日,M 碩士,27,0,14,01 新北市,1 一般
113,1005,淡江大學,07311007,建築學系,D 日,B 學士,339,14,67,01 新北市,1 一般
113,1005,淡江大學,07321012,土木工程學系,D 日,D 博士,12,0,1,01 新北市,1 一般
113,1005,淡江大學,07321012,土木工程學系,D 日,M 碩士,20,0,6,01 新北市,1 一般
113,1005,淡江大學,07321012,土木工程學系,D 日,B 學士,460,12,100,01 新北市,1 一般
113,1005,淡江大學,09211109,高齡健康管理學研究所,D 日,M 碩士,34,6,0,01 新北市,1 一般
113,1005,淡江大學,09211111,智慧照護產業學研究所,D 日,M 碩士,10,5,0,01 新北市,1 一般
113,1005,淡江大學,10151005,國際觀光管理學系全英語學士班,D 日,B 學士,285,7,53,01 新北市,1 一般
113,1005,淡江大學,10411002,運輸管理學系運輸科學碩士班,D 日,M 碩士,25,0,11,01 新北市,1 一般
113,1005,淡江大學,10411002,運輸管理學系,D 日,B 學士,480,12,106,01 新北市,1 一般
113,1005,淡江大學,99999Z01,通識及共同科目,D 日,,0,7,0,01 新北市,1 一般
113,1005,淡江大學,99999Z03,軍訓教官,D 日,,0,20,0,01 新北市,1 一般
113,1005,淡江大學,99999Z04,護理教師,D 日,,0,2,0,01 新北市,1 一般
113,1005,淡江大學,99999Z05,師資培育中心,D 日,,0,5,0,01 新北市,1 一般
113,1005,淡江大學,99999Z07,體育室,D 日,,0,26,0,01 新北市,1 一般
113,1006,中國文化大學,01111046,教育學系,D 日,B 學士,144,5,55,30 臺北市,1 一般
113,1006,中國文化大學,01131053,華語文教學碩士學位學程,N 職,M 碩士,34,2,2,30 臺北市,1 一般
113,1006,中國文化大學,01141023,體育學系運動教練博士班,D 日,D 博士,60,0,10,30 臺北市,1 一般
113,1006,中國文化大學,01141023,體育學系運動教練碩士班,D 日,M 碩士,86,0,15,30 臺北市,1 一般
113,1006,中國文化大學,01141023,體育學系,D 日,B 學士,516,24,56,30 臺北市,1 一般
113,1006,中國文化大學,02111121,科技藝術碩士學位學程,D 日,M 碩士,6,1,2,30 臺北市,1 一般
113,1006,中國文化大學,02112060,數位媒體學士學位學程,P 進,B 學士,70,3,30,30 臺北市,1 一般
113,1006,中國文化大學,02131059,美術學系,D 日,M 碩士,44,0,11,30 臺北市,1 一般
113,1006,中國文化大學,02131059,美術學系,D 日,B 學士,239,9,45,30 臺北市,1 一般
113,1006,中國文化大學,02151007,中國音樂學系,D 日,M 碩士,35,0,12,30 臺北市,1 一般
113,1006,中國文化大學,02151007,中國音樂學系,D 日,B 學士,105,9,32,30 臺北市,1 一般
113,1006,中國文化大學,02151040,音樂學系,D 日,M 碩士,79,0,7,30 臺北市,1 一般
113,1006,中國文化大學,02151040,音樂學系,D 日,B 學士,121,8,32,30 臺北市,1 一般
113,1006,中國文化大學,02152008,中國戲劇學系,D 日,B 學士,125,6,40,30 臺北市,1 一般
113,1006,中國文化大學,02152009,舞蹈學系,D 日,B 學士,121,5,18,30 臺北市,1 一般
113,1006,中國文化大學,02152043,戲劇學系,D 日,M 碩士,1,0,1,30 臺北市,1 一般
113,1006,中國文化大學,02152043,戲劇學系,D 日,B 學士,297,7,45,30 臺北市,1 一般
113,1006,中國文化大學,02221098,史學系,D 日,D 博士,50,0,2,30 臺北市,1 一般
113,1006,中國文化大學,02221098,史學系,D 日,M 碩士,31,0,8,30 臺北市,1 一般
113,1006,中國文化大學,02221098,史學系,D 日,B 學士,131,10,35,30 臺北市,1 一般
113,1006,中國文化大學,02231081,哲學系,D 日,D 博士,32,0,2,30 臺北市,1 一般
113,1006,中國文化大學,02231081,哲學系,D 日,M 碩士,10,0,0,30 臺北市,1 一般
113,1006,中國文化大學,02231081,哲學系,D 日,B 學士,108,11,27,30 臺北市,1 一般
113,1006,中國文化大學,02311010,韓國語文學系,D 日,M 碩士,42,0,6,30 臺北市,1 一般
113,1006,中國文化大學,02311010,韓國語文學系,D 日,B 學士,519,11,94,30 臺北市,1 一般
113,1006,中國文化大學,02311047,俄國語文學系,D 日,B 學士,61,5,28,30 臺北市,1 一般
113,1006,中國文化大學,02311052,英國語文學系,D 日,M 碩士,1,0,0,30 臺北市,1 一般
113,1006,中國文化大學,02311052,英國語文學系,D 日,B 學士,218,13,78,30 臺北市,1 一般
113,1006,中國文化大學,02311077,日本語文學系,D 日,M 碩士,21,0,1,30 臺北市,1 一般
113,1006,中國文化大學,02311077,日本語文學系,D 日,B 學士,440,15,69,30 臺北市,1 一般
113,1006,中國文化大學,02311079,德國語文學系,D 日,,0,1,0,30 臺北市,1 一般
113,1006,中國文化大學,02311079,德國語文學系,D 日,B 學士,6,0,1,30 臺北市,1 一般
113,1006,中國文化大學,02311089,法國語文學系,D 日,B 學士,127,5,40,30 臺北市,1 一般
113,1006,中國文化大學,02322001,中國文學系,D 日,D 博士,46,0,0,30 臺北市,1 一般
113,1006,中國文化大學,02322001,中國文學系,D 日,M 碩士,35,0,4,30 臺北市,1 一般
113,1006,中國文化大學,02322001,中國文學系,D 日,B 學士,323,13,125,30 臺北市,1 一般
113,1006,中國文化大學,03111099,經濟學系,D 日,M 碩士,13,0,2,30 臺北市,1 一般
113,1006,中國文化大學,03111099,經濟學系,D 日,B 學士,228,9,77,30 臺北市,1 一般
113,1006,中國文化大學,03121011,國家發展與中國大陸研究所,D 日,D 博士,94,0,1,30 臺北市,1 一般
113,1006,中國文化大學,03121011,國家發展與中國大陸研究所,D 日,M 碩士,48,4,8,30 臺北市,1 一般
113,1006,中國文化大學,03121061,政治學系,D 日,D 博士,31,0,1,30 臺北市,1 一般
113,1006,中國文化大學,03121061,政治學系,D 日,M 碩士,11,0,4,30 臺北市,1 一般
113,1006,中國文化大學,03121061,政治學系,D 日,B 學士,119,7,34,30 臺北市,1 一般
113,1006,中國文化大學,03131004,心理輔導學系,D 日,M 碩士,118,0,26,30 臺北市,1 一般
113,1006,中國文化大學,03131004,心理輔導學系,D 日,B 學士,277,10,55,30 臺北市,1 一般
113,1006,中國文化大學,03142087,地學研究所,D 日,D 博士,24,0,3,30 臺北市,1 一般
113,1006,中國文化大學,03142087,地學研究所,D 日,M 碩士,49,3,9,30 臺北市,1 一般
113,1006,中國文化大學,03142088,地理學系,D 日,B 學士,140,6,29,30 臺北市,1 一般
113,1006,中國文化大學,03199051,勞動暨人力資源學系,D 日,M 碩士,59,0,16,30 臺北市,1 一般
113,1006,中國文化大學,03199051,勞動暨人力資源學系,D 日,B 學士,191,8,107,30 臺北市,1 一般
113,1006,中國文化大學,03211036,大眾傳播學系,D 日,B 學士,489,13,125,30 臺北市,1 一般
113,1006,中國文化大學,03212033,新聞學系,D 日,M 碩士,35,0,3,30 臺北市,1 一般
113,1006,中國文化大學,03212033,新聞學系,D 日,B 學士,262,11,99,30 臺北市,1 一般
113,1006,中國文化大學,03214101,資訊傳播學系,D 日,M 碩士,28,0,6,30 臺北市,1 一般
113,1006,中國文化大學,03214101,資訊傳播學系,D 日,B 學士,327,9,105,30 臺北市,1 一般
113,1006,中國文化大學,04111065,會計學系,D 日,M 碩士,19,0,8,30 臺北市,1 一般
113,1006,中國文化大學,04111065,會計學系,D 日,B 學士,260,6,102,30 臺北市,1 一般
113,1006,中國文化大學,04121037,財務金融學系,D 日,M 碩士,22,0,16,30 臺北市,1 一般
113,1006,中國文化大學,04121037,財務金融學系,D 日,B 學士,533,14,134,30 臺北市,1 一般
113,1006,中國文化大學,04121037,財務金融學系,P 進,B 學士,73,0,38,30 臺北市,1 一般
113,1006,中國文化大學,04131015,國際企業管理學系,D 日,D 博士,82,0,7,30 臺北市,1 一般
113,1006,中國文化大學,04131015,國際企業管理學系,D 日,M 碩士,47,0,20,30 臺北市,1 一般
113,1006,中國文化大學,04131015,國際企業管理學系,N 職,M 碩士,77,0,12,30 臺北市,1 一般
113,1006,中國文化大學,04131015,國際企業管理學系,D 日,B 學士,401,17,130,30 臺北市,1 一般
113,1006,中國文化大學,04131015,國際企業管理學系,P 進,B 學士,41,0,15,30 臺北市,1 一般
113,1006,中國文化大學,04131015,國際企業管理學系,N 修,C 二技,139,0,58,30 臺北市,1 一般
113,1006,中國文化大學,04131066,商學院企業實務管理數位碩士在職專班,N 職,M 碩士,45,2,17,30 臺北市,1 一般
113,1006,中國文化大學,04131122,兒童教育事業經營管理產業碩士學位學程,D 日,M 碩士,0,0,2,30 臺北市,1 一般
113,1006,中國文化大學,04134012,行政管理學系,D 日,B 學士,204,7,100,30 臺北市,1 一般
113,1006,中國文化大學,04134062,社會企業管理碩士在職學位學程,N 職,M 碩士,48,2,16,30 臺北市,1 一般
113,1006,中國文化大學,04134063,社會科學院澳門境外碩士在職專班,N 職,M 碩士,17,0,1,30 臺北市,1 一般
113,1006,中國文化大學,04141041,國際貿易學系,D 日,M 碩士,23,0,9,30 臺北市,1 一般
113,1006,中國文化大學,04141041,國際貿易學系,D 日,B 學士,349,12,147,30 臺北市,1 一般
113,1006,中國文化大學,04141041,國際貿易學系,P 進,B 學士,23,0,6,30 臺北市,1 一般
113,1006,中國文化大學,04143013,廣告學系,D 日,B 學士,367,12,96,30 臺北市,1 一般
113,1006,中國文化大學,04143013,廣告學系,P 進,B 學士,48,0,23,30 臺北市,1 一般
113,1006,中國文化大學,04143027,行銷碩士學位學程,D 日,M 碩士,35,0,11,30 臺北市,1 一般
113,1006,中國文化大學,04143027,行銷學士學位學程,D 日,B 學士,125,4,0,30 臺北市,1 一般
113,1006,中國文化大學,04143067,全球品牌與行銷碩士在職學位學程,N 職,M 碩士,49,2,23,30 臺北市,1 一般
113,1006,中國文化大學,04143126,廣告事業管理進修學士學位學程,D 日,,0,2,0,30 臺北市,1 一般
113,1006,中國文化大學,04191014,全球商務碩士學位學程,D 日,M 碩士,65,0,13,30 臺北市,1 一般
113,1006,中國文化大學,04191014,全球商務學士學位學程,D 日,B 學士,175,4,47,30 臺北市,1 一般
113,1006,中國文化大學,04199064,時尚與創意產業品牌建構及經營進修學士學位學程,P 進,B 學士,201,2,81,30 臺北市,1 一般
113,1006,中國文化大學,04199123,表演藝術管理進修學士學位學程,P 進,B 學士,68,2,0,30 臺北市,1 一般
113,1006,中國文化大學,04211020,法律學系,D 日,D 博士,44,0,0,30 臺北市,1 一般
113,1006,中國文化大學,04211020,法律學系,D 日,M 碩士,277,0,19,30 臺北市,1 一般
113,1006,中國文化大學,04212020,法律學系,N 職,M 碩士,65,0,15,30 臺北市,1 一般
113,1006,中國文化大學,04212020,法律學系,D 日,B 學士,952,28,255,30 臺北市,1 一般
113,1006,中國文化大學,05111091,生命科學系,D 日,B 學士,120,6,43,30 臺北市,1 一般
113,1006,中國文化大學,05191057,保健營養學系,D 日,B 學士,180,5,41,30 臺北市,1 一般
113,1006,中國文化大學,05211127,ESG與碳資產管理學士後專班,D 日,B 學士,6,0,0,30 臺北市,1 一般
113,1006,中國文化大學,05311026,化學系應用化學碩士班,D 日,M 碩士,13,0,5,30 臺北市,1 一般
113,1006,中國文化大學,05311026,化學系,D 日,B 學士,138,9,41,30 臺北市,1 一般
113,1006,中國文化大學,05321083,土地資源學系,D 日,B 學士,151,7,44,30 臺北市,1 一般
113,1006,中國文化大學,05321112,地質學系,D 日,B 學士,95,5,31,30 臺北市,1 一般
113,1006,中國文化大學,05322097,大氣科學系,D 日,B 學士,117,6,31,30 臺北市,1 一般
113,1006,中國文化大學,05331115,光電物理學系,D 日,B 學士,140,7,27,30 臺北市,1 一般
113,1006,中國文化大學,05499114,應用數學系,D 日,B 學士,182,7,49,30 臺北市,1 一般
113,1006,中國文化大學,06131006,資訊管理學系,N 職,M 碩士,36,0,8,30 臺北市,1 一般
113,1006,中國文化大學,06131021,資訊工程學系,D 日,M 碩士,15,0,1,30 臺北市,1 一般
113,1006,中國文化大學,06131021,資訊工程學系,D 日,B 學士,428,10,101,30 臺北市,1 一般
113,1006,中國文化大學,06131124,資安管理產業碩士專班,D 日,M 碩士,1,0,3,30 臺北市,1 一般
113,1006,中國文化大學,06132006,資訊管理學系,D 日,B 學士,405,12,144,30 臺北市,1 一般
113,1006,中國文化大學,06132006,資訊管理學系,P 進,B 學士,13,0,9,30 臺北市,1 一般
113,1006,中國文化大學,06132006,資訊管理學系,N 修,C 二技,35,0,11,30 臺北市,1 一般
113,1006,中國文化大學,06134006,資訊管理學系,D 日,M 碩士,25,0,3,30 臺北市,1 一般
113,1006,中國文化大學,06134120,電子商務碩士學位學程,D 日,M 碩士,2,0,1,30 臺北市,1 一般
113,1006,中國文化大學,07111028,化學工程與材料工程學系,D 日,M 碩士,32,0,15,30 臺北市,1 一般
113,1006,中國文化大學,07111028,化學工程與材料工程學系,D 日,B 學士,297,10,57,30 臺北市,1 一般
113,1006,中國文化大學,07112C01,紡織產業碩士專班,D 日,M 碩士,8,0,4,30 臺北市,1 一般
113,1006,中國文化大學,07141085,電機工程學系,D 日,B 學士,379,7,70,30 臺北市,1 一般
113,1006,中國文化大學,07151107,機械工程學系數位機電碩士班,D 日,M 碩士,18,0,2,30 臺北市,1 一般
113,1006,中國文化大學,07151107,機械工程學系,D 日,B 學士,283,9,86,30 臺北市,1 一般
113,1006,中國文化大學,07192108,紡織工程學系,D 日,B 學士,114,5,27,30 臺北市,1 一般
113,1006,中國文化大學,07311068,建築及都市設計學系,D 日,D 博士,26,0,2,30 臺北市,1 一般
113,1006,中國文化大學,07311068,建築及都市設計學系,D 日,M 碩士,31,0,3,30 臺北市,1 一般
113,1006,中國文化大學,07311068,建築及都市設計學系,D 日,B 學士,227,10,47,30 臺北市,1 一般
113,1006,中國文化大學,07311068,建築及都市設計學系室內設計二年制在職專班,N 修,C 二技,21,0,0,30 臺北市,1 一般
113,1006,中國文化大學,07312103,景觀學系,D 日,M 碩士,6,0,1,30 臺北市,1 一般
113,1006,中國文化大學,07312103,景觀學系,D 日,B 學士,129,8,38,30 臺北市,1 一般
113,1006,中國文化大學,07313118,都市計劃與開發管理學系,D 日,M 碩士,27,0,6,30 臺北市,1 一般
113,1006,中國文化大學,07313118,都市計劃與開發管理學系,D 日,B 學士,126,8,43,30 臺北市,1 一般
113,1006,中國文化大學,08112116,動物科學系,D 日,B 學士,163,5,55,30 臺北市,1 一般
113,1006,中國文化大學,08121106,園藝暨生物技術學系,D 日,B 學士,114,4,33,30 臺北市,1 一般
113,1006,中國文化大學,08192102,生物科技研究所,D 日,M 碩士,23,5,6,30 臺北市,1 一般
113,1006,中國文化大學,08211054,森林暨自然保育學系,D 日,B 學士,144,6,45,30 臺北市,1 一般
113,1006,中國文化大學,09221069,青少年兒童福利碩士學位學程,N 職,M 碩士,55,2,25,30 臺北市,1 一般
113,1006,中國文化大學,09299082,社會福利學系,D 日,M 碩士,7,0,3,30 臺北市,1 一般
113,1006,中國文化大學,09299082,社會福利學系,D 日,B 學士,263,11,105,30 臺北市,1 一般
113,1006,中國文化大學,10111090,生活應用科學系,D 日,M 碩士,23,0,6,30 臺北市,1 一般
113,1006,中國文化大學,10111090,生活應用科學系,N 職,M 碩士,44,0,10,30 臺北市,1 一般
113,1006,中國文化大學,10111090,生活應用科學系,D 日,B 學士,185,8,49,30 臺北市,1 一般
113,1006,中國文化大學,10141002,技擊運動暨國術學系,D 日,B 學士,105,3,33,30 臺北市,1 一般
113,1006,中國文化大學,10142093,運動與健康促進學系,D 日,B 學士,158,3,39,30 臺北市,1 一般
113,1006,中國文化大學,10142125,體育運動健康學院不分系學士班,D 日,B 學士,189,8,0,30 臺北市,1 一般
113,1006,中國文化大學,10151005,觀光事業學系,D 日,M 碩士,31,0,6,30 臺北市,1 一般
113,1006,中國文化大學,10151005,觀光事業學系觀光休閒事業碩士在職專班,N 職,M 碩士,44,0,7,30 臺北市,1 一般
113,1006,中國文化大學,10151005,觀光事業學系,D 日,B 學士,360,12,130,30 臺北市,1 一般
113,1006,中國文化大學,10151070,休閒事業管理學士學位學程,P 進,B 學士,138,2,43,30 臺北市,1 一般
113,1006,中國文化大學,10413119,航空管理碩士學位學程,D 日,M 碩士,3,0,0,30 臺北市,1 一般
113,1006,中國文化大學,99999071,不分系招生,P 進,B 學士,328,3,0,30 臺北市,1 一般
113,1006,中國文化大學,99999Z03,軍訓教官,D 日,,0,5,0,30 臺北市,1 一般
113,1006,中國文化大學,99999Z04,護理教師,D 日,,0,1,0,30 臺北市,1 一般
113,1006,中國文化大學,99999Z05,師資培育中心,D 日,,0,3,0,30 臺北市,1 一般
113,1006,中國文化大學,99999Z08,語言中心,D 日,,0,1,0,30 臺北市,1 一般
113,1007,逢甲大學,02122006,創新設計學士學位學程,D 日,B 學士,0,0,1,19 臺中市,1 一般
113,1007,逢甲大學,02124007,室內設計學士學位學程,D 日,B 學士,92,4,14,19 臺中市,1 一般
113,1007,逢甲大學,02124007,室內設計進修學士班,P 進,B 學士,135,0,26,19 臺中市,1 一般
113,1007,逢甲大學,02221003,歷史與文物研究所,D 日,,0,1,0,19 臺中市,1 一般
113,1007,逢甲大學,02221003,歷史與文物研究所,D 日,M 碩士,11,0,6,19 臺中市,1 一般
113,1007,逢甲大學,02299113,文化與社會創新碩士學位學程,D 日,M 碩士,31,4,9,19 臺中市,1 一般
113,1007,逢甲大學,02299Y11,人文社會學院,D 日,,0,2,0,19 臺中市,1 一般
113,1007,逢甲大學,02311002,外國語文學系英語文研究碩士班,D 日,M 碩士,23,0,7,19 臺中市,1 一般
113,1007,逢甲大學,02311002,外國語文學系,D 日,B 學士,386,11,119,19 臺中市,1 一般
113,1007,逢甲大學,02322001,中國文學系,D 日,D 博士,34,0,1,19 臺中市,1 一般
113,1007,逢甲大學,02322001,中國文學系,D 日,M 碩士,28,0,1,19 臺中市,1 一般
113,1007,逢甲大學,02322001,中國文學系,D 日,B 學士,217,11,48,19 臺中市,1 一般
113,1007,逢甲大學,03111009,經濟學系,D 日,D 博士,0,0,1,19 臺中市,1 一般
113,1007,逢甲大學,03111009,經濟學系,D 日,M 碩士,20,0,9,19 臺中市,1 一般
113,1007,逢甲大學,03111009,經濟學系,D 日,B 學士,447,12,89,19 臺中市,1 一般
113,1007,逢甲大學,03111012,合作經濟暨社會事業經營學系,D 日,M 碩士,25,0,4,19 臺中市,1 一般
113,1007,逢甲大學,03111012,合作經濟暨社會事業經營學系,D 日,B 學士,248,10,54,19 臺中市,1 一般
113,1007,逢甲大學,04111017,會計學系,D 日,M 碩士,37,0,23,19 臺中市,1 一般
113,1007,逢甲大學,04111017,會計學系,D 日,B 學士,733,17,172,19 臺中市,1 一般
113,1007,逢甲大學,04121025,財務金融學系,D 日,M 碩士,45,0,19,19 臺中市,1 一般
113,1007,逢甲大學,04121025,財務金融學系,D 日,B 學士,740,22,188,19 臺中市,1 一般
113,1007,逢甲大學,04121026,金融博士學位學程,D 日,D 博士,40,4,11,19 臺中市,1 一般
113,1007,逢甲大學,04121026,金融碩士在職學位學程,N 職,M 碩士,65,0,22,19 臺中市,1 一般
113,1007,逢甲大學,04121028,財務工程與精算學士學位學程,D 日,B 學士,209,2,57,19 臺中市,1 一般
113,1007,逢甲大學,04122032,財稅學系,D 日,M 碩士,17,0,18,19 臺中市,1 一般
113,1007,逢甲大學,04122032,財稅學系,D 日,B 學士,477,10,116,19 臺中市,1 一般
113,1007,逢甲大學,04123029,風險管理與保險學系,D 日,M 碩士,35,0,13,19 臺中市,1 一般
113,1007,逢甲大學,04123029,風險管理與保險學系,D 日,B 學士,427,13,100,19 臺中市,1 一般
113,1007,逢甲大學,04131019,企業管理學系,D 日,M 碩士,43,0,21,19 臺中市,1 一般
113,1007,逢甲大學,04131019,企業管理學系,D 日,B 學士,573,14,115,19 臺中市,1 一般
113,1007,逢甲大學,04131020,經營管理碩士在職學位學程,N 職,M 碩士,375,2,144,19 臺中市,1 一般
113,1007,逢甲大學,04131021,國際企業管理全英語學士學位學程,D 日,B 學士,240,4,6,19 臺中市,1 一般
113,1007,逢甲大學,04134086,土地管理學系,D 日,M 碩士,33,0,15,19 臺中市,1 一般
113,1007,逢甲大學,04134086,土地管理學系,N 職,M 碩士,1,0,0,19 臺中市,1 一般
113,1007,逢甲大學,04134086,土地管理學系,D 日,B 學士,468,12,107,19 臺中市,1 一般
113,1007,逢甲大學,04134097,公共事務與社會創新研究所,D 日,M 碩士,5,0,0,19 臺中市,1 一般
113,1007,逢甲大學,04134097,公共事務與社會創新研究所,N 職,M 碩士,13,1,1,19 臺中市,1 一般
113,1007,逢甲大學,04141024,國際經營與貿易學系,D 日,M 碩士,40,0,33,19 臺中市,1 一般
113,1007,逢甲大學,04141024,國際經營與貿易學系,D 日,B 學士,753,19,219,19 臺中市,1 一般
113,1007,逢甲大學,04143033,行銷學系全球行銷碩士班,D 日,M 碩士,38,0,12,19 臺中市,1 一般
113,1007,逢甲大學,04143033,行銷學系,D 日,B 學士,553,13,127,19 臺中市,1 一般
113,1007,逢甲大學,04191014,商學博士學位學程,D 日,D 博士,103,0,21,19 臺中市,1 一般
113,1007,逢甲大學,04191014,澳洲昆士蘭大學商學雙學士學位學程,D 日,B 學士,47,5,0,19 臺中市,1 一般
113,1007,逢甲大學,04191014,商學進修學士班,P 進,B 學士,395,0,99,19 臺中市,1 一般
113,1007,逢甲大學,04191016,商學專業碩士在職學位學程,N 職,M 碩士,70,2,36,19 臺中市,1 一般
113,1007,逢甲大學,04199035,澳洲墨爾本皇家理工大學商學與創新雙學士學位學程,D 日,B 學士,89,0,15,19 臺中市,1 一般
113,1007,逢甲大學,04199037,專案管理碩士在職學位學程,N 職,M 碩士,88,2,21,19 臺中市,1 一般
113,1007,逢甲大學,04199092,美國加州聖荷西州立大學商學大數據分析雙學士學位學程,D 日,B 學士,93,0,19,19 臺中市,1 一般
113,1007,逢甲大學,04199096,建設碩士在職學位學程,N 職,M 碩士,162,2,37,19 臺中市,1 一般
113,1007,逢甲大學,04199Y23,建設學院,D 日,,0,10,0,19 臺中市,1 一般
113,1007,逢甲大學,04199Y28,國際科技與管理學院,D 日,,0,5,0,19 臺中市,1 一般
113,1007,逢甲大學,04212038,財經法律研究所,D 日,M 碩士,57,9,12,19 臺中市,1 一般
113,1007,逢甲大學,04212038,財經法律研究所,N 職,M 碩士,68,0,17,19 臺中市,1 一般
113,1007,逢甲大學,05299119,學士後工程與科學學院淨零智慧永續學士班,D 日,B 學士,22,2,0,19 臺中市,1 一般
113,1007,逢甲大學,05411039,應用數學系,D 日,M 碩士,0,0,1,19 臺中市,1 一般
113,1007,逢甲大學,05411039,應用數學系,D 日,B 學士,361,12,95,19 臺中市,1 一般
113,1007,逢甲大學,05411114,數據科學碩士學位學程,D 日,M 碩士,20,2,13,19 臺中市,1 一般
113,1007,逢甲大學,05421040,統計學系統計與精算碩士班,D 日,M 碩士,39,0,14,19 臺中市,1 一般
113,1007,逢甲大學,05421040,統計學系,D 日,B 學士,416,13,90,19 臺中市,1 一般
113,1007,逢甲大學,06131048,資訊工程學系,D 日,D 博士,31,0,3,19 臺中市,1 一般
113,1007,逢甲大學,06131048,資訊工程學系,D 日,M 碩士,126,0,51,19 臺中市,1 一般
113,1007,逢甲大學,06131048,資訊工程學系,D 日,B 學士,1088,30,234,19 臺中市,1 一般
113,1007,逢甲大學,06131055,智慧聯網產業博士學位學程,D 日,D 博士,1,0,1,19 臺中市,1 一般
113,1007,逢甲大學,06134115,人工智慧技術與應用學士學位學程,D 日,B 學士,203,2,0,19 臺中市,1 一般
113,1007,逢甲大學,07111068,化學工程學系,D 日,D 博士,10,0,1,19 臺中市,1 一般
113,1007,逢甲大學,07111068,化學工程學系,D 日,M 碩士,81,0,41,19 臺中市,1 一般
113,1007,逢甲大學,07111068,化學工程學系,D 日,B 學士,489,15,112,19 臺中市,1 一般
113,1007,逢甲大學,07112069,材料科學與工程學系,D 日,D 博士,9,0,1,19 臺中市,1 一般
113,1007,逢甲大學,07112069,材料科學與工程學系,D 日,M 碩士,86,0,34,19 臺中市,1 一般
113,1007,逢甲大學,07112069,材料科學與工程學系,D 日,B 學士,549,17,120,19 臺中市,1 一般
113,1007,逢甲大學,07121075,環境工程與科學學系,D 日,D 博士,10,0,2,19 臺中市,1 一般
113,1007,逢甲大學,07121075,環境工程與科學學系,D 日,M 碩士,51,0,21,19 臺中市,1 一般
113,1007,逢甲大學,07121075,環境工程與科學學系,D 日,B 學士,423,14,92,19 臺中市,1 一般
113,1007,逢甲大學,07122077,水利工程與資源保育學系,D 日,M 碩士,17,0,5,19 臺中市,1 一般
113,1007,逢甲大學,07122077,水利工程與資源保育學系,D 日,B 學士,337,10,74,19 臺中市,1 一般
113,1007,逢甲大學,07132079,綠色能源科技碩士學位學程,D 日,M 碩士,26,2,5,19 臺中市,1 一般
113,1007,逢甲大學,07141044,電機工程學系,D 日,M 碩士,73,0,27,19 臺中市,1 一般
113,1007,逢甲大學,07141044,電機工程學系,D 日,B 學士,560,18,150,19 臺中市,1 一般
113,1007,逢甲大學,07141045,電機與通訊工程博士學位學程,D 日,D 博士,21,2,4,19 臺中市,1 一般
113,1007,逢甲大學,07141046,電子工程學系,D 日,M 碩士,89,0,33,19 臺中市,1 一般
113,1007,逢甲大學,07141046,電子工程學系,D 日,B 學士,698,18,139,19 臺中市,1 一般
113,1007,逢甲大學,07141050,通訊工程學系,D 日,M 碩士,66,0,26,19 臺中市,1 一般
113,1007,逢甲大學,07141050,通訊工程學系,D 日,B 學士,535,17,109,19 臺中市,1 一般
113,1007,逢甲大學,07141052,自動控制工程學系,D 日,M 碩士,59,0,20,19 臺中市,1 一般
113,1007,逢甲大學,07141052,自動控制工程學系,D 日,B 學士,556,16,111,19 臺中市,1 一般
113,1007,逢甲大學,07141053,資訊電機工程碩士在職學位學程,N 職,M 碩士,122,2,16,19 臺中市,1 一般
113,1007,逢甲大學,07141056,資訊電機學院學士班,D 日,B 學士,119,2,0,19 臺中市,1 一般
113,1007,逢甲大學,07141095,美國普渡大學電機資訊雙學士學位學程,D 日,B 學士,53,0,25,19 臺中市,1 一般
113,1007,逢甲大學,07141101,光電科學與工程學系,D 日,M 碩士,51,0,16,19 臺中市,1 一般
113,1007,逢甲大學,07141101,光電科學與工程學系,D 日,B 學士,467,17,103,19 臺中市,1 一般
113,1007,逢甲大學,07141107,美國加州聖荷西州立大學電機工程雙學士學位學程,D 日,B 學士,77,0,6,19 臺中市,1 一般
113,1007,逢甲大學,07141112,資通訊與電控產業碩士專班,D 日,M 碩士,5,0,0,19 臺中市,1 一般
113,1007,逢甲大學,07151060,機械與航空工程博士學位學程,D 日,D 博士,36,2,4,19 臺中市,1 一般
113,1007,逢甲大學,07151061,機械與電腦輔助工程學系機械工程碩士班,D 日,M 碩士,66,0,22,19 臺中市,1 一般
113,1007,逢甲大學,07151061,機械與電腦輔助工程學系,D 日,B 學士,514,18,118,19 臺中市,1 一般
113,1007,逢甲大學,07151062,精密系統設計學士學位學程,D 日,B 學士,190,2,46,19 臺中市,1 一般
113,1007,逢甲大學,07162059,航太與系統工程學系,D 日,M 碩士,50,0,23,19 臺中市,1 一般
113,1007,逢甲大學,07162059,航太與系統工程學系,D 日,B 學士,464,13,110,19 臺中市,1 一般
113,1007,逢甲大學,07162118,太空系統工程碩士學位學程,D 日,M 碩士,18,4,0,19 臺中市,1 一般
113,1007,逢甲大學,07191072,工業工程與系統管理學系,D 日,D 博士,15,0,1,19 臺中市,1 一般
113,1007,逢甲大學,07191072,工業工程與系統管理學系,D 日,M 碩士,52,0,20,19 臺中市,1 一般
113,1007,逢甲大學,07191072,工業工程與系統管理學系,D 日,B 學士,434,15,98,19 臺中市,1 一般
113,1007,逢甲大學,07192074,纖維與複合材料學系,D 日,D 博士,13,0,1,19 臺中市,1 一般
113,1007,逢甲大學,07192074,纖維與複合材料學系,D 日,M 碩士,28,0,16,19 臺中市,1 一般
113,1007,逢甲大學,07192074,纖維與複合材料學系,D 日,B 學士,199,7,64,19 臺中市,1 一般
113,1007,逢甲大學,07193078,生醫資訊暨生醫工程碩士學位學程,D 日,M 碩士,8,1,5,19 臺中市,1 一般
113,1007,逢甲大學,07199080,電聲碩士學位學程,D 日,M 碩士,29,2,7,19 臺中市,1 一般
113,1007,逢甲大學,07199098,智能製造與工程管理碩士在職學位學程,N 職,M 碩士,158,2,44,19 臺中市,1 一般
113,1007,逢甲大學,07199Y53,電資學院,D 日,,0,2,0,19 臺中市,1 一般
113,1007,逢甲大學,07311081,建築碩士學位學程,D 日,M 碩士,63,0,14,19 臺中市,1 一般
113,1007,逢甲大學,07311081,建築碩士在職學位學程,N 職,M 碩士,2,0,2,19 臺中市,1 一般
113,1007,逢甲大學,07311081,建築學士學位學程,D 日,B 學士,363,4,93,19 臺中市,1 一般
113,1007,逢甲大學,07311083,建築專業學院學士班,D 日,B 學士,217,17,0,19 臺中市,1 一般
113,1007,逢甲大學,07313087,都市計畫與空間資訊學系,D 日,M 碩士,43,0,13,19 臺中市,1 一般
113,1007,逢甲大學,07313087,都市計畫與空間資訊學系,N 職,M 碩士,4,0,0,19 臺中市,1 一般
113,1007,逢甲大學,07313087,都市計畫與空間資訊學系,D 日,B 學士,375,10,85,19 臺中市,1 一般
113,1007,逢甲大學,07321063,土木工程學系,D 日,M 碩士,32,0,6,19 臺中市,1 一般
113,1007,逢甲大學,07321063,土木工程學系,N 職,M 碩士,1,0,0,19 臺中市,1 一般
113,1007,逢甲大學,07321063,土木工程學系,D 日,B 學士,432,13,95,19 臺中市,1 一般
113,1007,逢甲大學,07321063,土木工程學系營建工程與管理進修學士班,P 進,B 學士,220,0,52,19 臺中市,1 一般
113,1007,逢甲大學,07399102,智慧城市碩士學位學程,D 日,M 碩士,14,2,5,19 臺中市,1 一般
113,1007,逢甲大學,07399116,建設規劃與工程博士學位學程,D 日,D 博士,62,2,5,19 臺中市,1 一般
113,1007,逢甲大學,10411093,運輸與物流學系,D 日,M 碩士,27,0,27,19 臺中市,1 一般
113,1007,逢甲大學,10411093,運輸與物流學系,D 日,B 學士,454,12,107,19 臺中市,1 一般
113,1007,逢甲大學,99999094,全校國際生大一不分系學士班,D 日,B 學士,20,2,0,19 臺中市,1 一般
113,1007,逢甲大學,99999108,國際雙學士學位學程,D 日,B 學士,49,0,15,19 臺中市,1 一般
113,1007,逢甲大學,99999117,社會創新暨永續碩士在職學位學程,N 職,M 碩士,35,2,3,19 臺中市,1 一般
113,1007,逢甲大學,99999Z01,通識及共同科目,D 日,,0,3,0,19 臺中市,1 一般
113,1007,逢甲大學,99999Z03,軍訓教官,D 日,,0,31,0,19 臺中市,1 一般
113,1007,逢甲大學,99999Z07,體育室,D 日,,0,13,0,19 臺中市,1 一般
113,1007,逢甲大學,99999Z08,語言中心,D 日,,0,28,0,19 臺中市,1 一般
113,1007,逢甲大學,99999Z99,其他(包括行政助教),D 日,,0,6,0,19 臺中市,1 一般
113,1008,靜宜大學,01111001,教育研究所,D 日,M 碩士,40,9,3,06 臺中市,1 一般
113,1008,靜宜大學,01111001,教育研究所,N 職,M 碩士,92,0,7,06 臺中市,1 一般
113,1008,靜宜大學,02299040,原住民族文化碩士學位學程,D 日,M 碩士,30,2,0,06 臺中市,1 一般
113,1008,靜宜大學,02311004,英國語文學系,D 日,M 碩士,26,0,3,06 臺中市,1 一般
113,1008,靜宜大學,02311004,英國語文學系,D 日,B 學士,304,8,102,06 臺中市,1 一般
113,1008,靜宜大學,02311005,西班牙語文學系,D 日,M 碩士,24,0,5,06 臺中市,1 一般
113,1008,靜宜大學,02311005,西班牙語文學系,D 日,B 學士,251,13,95,06 臺中市,1 一般
113,1008,靜宜大學,02311006,日本語文學系,D 日,M 碩士,13,0,1,06 臺中市,1 一般
113,1008,靜宜大學,02311006,日本語文學系,D 日,B 學士,554,18,145,06 臺中市,1 一般
113,1008,靜宜大學,02311007,寰宇外語教育學士學位學程,D 日,B 學士,128,2,31,06 臺中市,1 一般
113,1008,靜宜大學,02321002,台灣文學系,D 日,M 碩士,18,0,2,06 臺中市,1 一般
113,1008,靜宜大學,02321002,台灣文學系,D 日,B 學士,182,9,46,06 臺中市,1 一般
113,1008,靜宜大學,02322003,中國文學系,D 日,M 碩士,19,0,5,06 臺中市,1 一般
113,1008,靜宜大學,02322003,中國文學系,N 職,M 碩士,1,0,0,06 臺中市,1 一般
113,1008,靜宜大學,02322003,中國文學系,D 日,B 學士,253,13,95,06 臺中市,1 一般
113,1008,靜宜大學,03141038,犯罪防治碩士學位學程,D 日,M 碩士,47,2,4,06 臺中市,1 一般
113,1008,靜宜大學,03141043,原住民族健康與社會福利博士學位學程,D 日,D 博士,23,2,0,06 臺中市,1 一般
113,1008,靜宜大學,03211008,大眾傳播學系,D 日,B 學士,332,9,64,06 臺中市,1 一般
113,1008,靜宜大學,04111011,會計學系,D 日,M 碩士,28,0,19,06 臺中市,1 一般
113,1008,靜宜大學,04111011,會計學系,D 日,B 學士,483,13,144,06 臺中市,1 一般
113,1008,靜宜大學,04121019,財務金融學系,D 日,M 碩士,18,0,12,06 臺中市,1 一般
113,1008,靜宜大學,04121019,財務金融學系,D 日,B 學士,603,11,148,06 臺中市,1 一般
113,1008,靜宜大學,04131010,寰宇管理碩士學位學程,D 日,M 碩士,77,1,21,06 臺中市,1 一般
113,1008,靜宜大學,04131012,企業管理學系,D 日,M 碩士,26,0,3,06 臺中市,1 一般
113,1008,靜宜大學,04131012,企業管理學系,D 日,B 學士,503,13,128,06 臺中市,1 一般
113,1008,靜宜大學,04131014,管理碩士在職專班,N 職,M 碩士,171,0,34,06 臺中市,1 一般
113,1008,靜宜大學,04131015,國際企業學系,D 日,M 碩士,21,0,13,06 臺中市,1 一般
113,1008,靜宜大學,04131015,國際企業學系,D 日,B 學士,596,14,155,06 臺中市,1 一般
113,1008,靜宜大學,04131018,創新與創業管理碩士學位學程,D 日,M 碩士,6,0,5,06 臺中市,1 一般
113,1008,靜宜大學,04191010,寰宇管理學士學位學程,D 日,B 學士,188,2,41,06 臺中市,1 一般
113,1008,靜宜大學,04199Y31,管理學院,D 日,,0,16,0,06 臺中市,1 一般
113,1008,靜宜大學,04211020,法律學系,D 日,M 碩士,29,0,5,06 臺中市,1 一般
113,1008,靜宜大學,04211020,法律學系,N 職,M 碩士,24,0,5,06 臺中市,1 一般
113,1008,靜宜大學,04211020,法律學系,D 日,B 學士,568,12,102,06 臺中市,1 一般
113,1008,靜宜大學,05191031,食品營養學系,D 日,D 博士,18,0,4,06 臺中市,1 一般
113,1008,靜宜大學,05191031,食品營養學系,D 日,M 碩士,30,0,8,06 臺中市,1 一般
113,1008,靜宜大學,05191031,食品營養學系,D 日,B 學士,372,12,97,06 臺中市,1 一般
113,1008,靜宜大學,05212021,生態人文學系,D 日,B 學士,178,7,53,06 臺中市,1 一般
113,1008,靜宜大學,05311023,應用化學系,D 日,D 博士,8,0,1,06 臺中市,1 一般
113,1008,靜宜大學,05311023,應用化學系,D 日,M 碩士,17,0,8,06 臺中市,1 一般
113,1008,靜宜大學,05311023,應用化學系,D 日,B 學士,393,12,75,06 臺中市,1 一般
113,1008,靜宜大學,05399Y37,理學院,D 日,,0,1,0,06 臺中市,1 一般
113,1008,靜宜大學,05499036,財務工程學系,D 日,M 碩士,15,0,10,06 臺中市,1 一般
113,1008,靜宜大學,05499036,財務工程學系,D 日,B 學士,265,9,41,06 臺中市,1 一般
113,1008,靜宜大學,05499037,資料科學暨大數據分析與應用學系,D 日,B 學士,344,8,73,06 臺中市,1 一般
113,1008,靜宜大學,06131027,資訊管理學系,D 日,M 碩士,14,0,9,06 臺中市,1 一般
113,1008,靜宜大學,06131027,資訊管理學系,D 日,B 學士,411,12,112,06 臺中市,1 一般
113,1008,靜宜大學,06132009,資訊傳播工程學系,D 日,M 碩士,12,0,3,06 臺中市,1 一般
113,1008,靜宜大學,06132009,資訊傳播工程學系,D 日,B 學士,386,14,109,06 臺中市,1 一般
113,1008,靜宜大學,06134028,資訊學院資訊應用與科技管理碩士在職專班,N 職,M 碩士,6,0,0,06 臺中市,1 一般
113,1008,靜宜大學,06199Y39,資訊學院,D 日,,0,2,0,06 臺中市,1 一般
113,1008,靜宜大學,07141030,資訊工程學系,D 日,M 碩士,21,0,4,06 臺中市,1 一般
113,1008,靜宜大學,07141030,資訊工程學系,D 日,B 學士,538,13,113,06 臺中市,1 一般
113,1008,靜宜大學,07141042,國際資訊學士學位學程,D 日,B 學士,38,0,0,06 臺中市,1 一般
113,1008,靜宜大學,09161035,化粧品科學系,D 日,D 博士,13,0,0,06 臺中市,1 一般
113,1008,靜宜大學,09161035,化粧品科學系,D 日,M 碩士,30,0,11,06 臺中市,1 一般
113,1008,靜宜大學,09161035,化粧品科學系,N 職,M 碩士,25,0,5,06 臺中市,1 一般
113,1008,靜宜大學,09161035,化粧品科學系,D 日,B 學士,415,13,105,06 臺中市,1 一般
113,1008,靜宜大學,09231032,社會工作與兒童少年福利學系,D 日,M 碩士,36,0,11,06 臺中市,1 一般
113,1008,靜宜大學,09231032,社會工作與兒童少年福利學系,N 職,M 碩士,42,0,3,06 臺中市,1 一般
113,1008,靜宜大學,09231032,社會工作與兒童少年福利學系,D 日,B 學士,486,13,144,06 臺中市,1 一般
113,1008,靜宜大學,09231032,社會工作與兒童少年福利學系,N 修,C 二技,41,0,0,06 臺中市,1 一般
113,1008,靜宜大學,09231041,健康照顧社會工作學士學位學程原住民專班,D 日,B 學士,66,0,6,06 臺中市,1 一般
113,1008,靜宜大學,09299039,社會企業與文化創意碩士學位學程,D 日,M 碩士,68,2,9,06 臺中市,1 一般
113,1008,靜宜大學,10151034,觀光事業學系,D 日,M 碩士,27,0,4,06 臺中市,1 一般
113,1008,靜宜大學,10151034,觀光事業學系,N 職,M 碩士,44,0,3,06 臺中市,1 一般
113,1008,靜宜大學,10151034,觀光事業學系,D 日,B 學士,593,13,172,06 臺中市,1 一般
113,1008,靜宜大學,99999Z01,通識及共同科目,D 日,,0,3,0,06 臺中市,1 一般
113,1008,靜宜大學,99999Z03,軍訓教官,D 日,,0,4,0,06 臺中市,1 一般
113,1008,靜宜大學,99999Z07,體育室,D 日,,0,4,0,06 臺中市,1 一般
113,1008,靜宜大學,99999Z08,語言中心,D 日,,0,4,0,06 臺中市,1 一般
113,1008,靜宜大學,99999Z99,其他(包括行政助教),D 日,,0,1,0,06 臺中市,1 一般
113,1009,長庚大學,02122001,工業設計學系,D 日,M 碩士,17,0,2,03 桃園市,1 一般
113,1009,長庚大學,02122001,工業設計學系,D 日,B 學士,157,9,33,03 桃園市,1 一般
113,1009,長庚大學,04121058,數位金融科技學系,D 日,B 學士,71,7,0,03 桃園市,1 一般
113,1009,長庚大學,04131005,工商管理學系,D 日,M 碩士,45,0,9,03 桃園市,1 一般
113,1009,長庚大學,04131005,工商管理學系,D 日,B 學士,236,9,43,03 桃園市,1 一般
113,1009,長庚大學,04131006,管理研究所,D 日,D 博士,37,7,3,03 桃園市,1 一般
113,1009,長庚大學,04131008,商管專業學院碩士學位學程,D 日,M 碩士,52,2,20,03 桃園市,1 一般
113,1009,長庚大學,04131008,商管專業學院碩士學位學程在職專班,N 職,M 碩士,125,0,57,03 桃園市,1 一般
113,1009,長庚大學,04133007,醫務管理學系,D 日,M 碩士,33,0,18,03 桃園市,1 一般
113,1009,長庚大學,04133007,醫務管理學系,D 日,B 學士,200,11,44,03 桃園市,1 一般
113,1009,長庚大學,04133053,國際健康管理學士學位學程,D 日,B 學士,1,0,1,03 桃園市,1 一般
113,1009,長庚大學,04199015,智慧醫療創新碩士學位學程,D 日,M 碩士,24,2,3,03 桃園市,1 一般
113,1009,長庚大學,05121011,生物科技產業博士學位學程,D 日,D 博士,15,0,2,03 桃園市,1 一般
113,1009,長庚大學,05121011,生物科技產業碩士學位學程,D 日,M 碩士,11,4,3,03 桃園市,1 一般
113,1009,長庚大學,05122057,新興病毒分子醫學國際碩士學位學程,D 日,M 碩士,15,3,2,03 桃園市,1 一般
113,1009,長庚大學,05123012,生物醫學研究所,D 日,D 博士,84,0,10,03 桃園市,1 一般
113,1009,長庚大學,05123012,生物醫學系,D 日,M 碩士,111,0,37,03 桃園市,1 一般
113,1009,長庚大學,05123012,生物醫學系,D 日,B 學士,342,67,77,03 桃園市,1 一般
113,1009,長庚大學,06131013,資訊管理學系,D 日,M 碩士,46,0,16,03 桃園市,1 一般
113,1009,長庚大學,06131013,資訊管理學系,D 日,B 學士,300,13,93,03 桃園市,1 一般
113,1009,長庚大學,06131018,資訊工程學系,D 日,D 博士,15,0,0,03 桃園市,1 一般
113,1009,長庚大學,06131018,資訊工程學系,D 日,M 碩士,81,0,20,03 桃園市,1 一般
113,1009,長庚大學,06131018,資訊工程學系,D 日,B 學士,240,16,67,03 桃園市,1 一般
113,1009,長庚大學,06132054,人工智慧學系,D 日,M 碩士,32,0,6,03 桃園市,1 一般
113,1009,長庚大學,06132054,人工智慧學系,D 日,B 學士,131,14,19,03 桃園市,1 一般
113,1009,長庚大學,07111025,化工與材料工程學系,D 日,D 博士,21,0,0,03 桃園市,1 一般
113,1009,長庚大學,07111025,化工與材料工程學系,D 日,M 碩士,70,0,33,03 桃園市,1 一般
113,1009,長庚大學,07111025,化工與材料工程學系,D 日,B 學士,214,19,58,03 桃園市,1 一般
113,1009,長庚大學,07141014,電機工程學系,D 日,D 博士,13,0,3,03 桃園市,1 一般
113,1009,長庚大學,07141014,電機工程學系,D 日,M 碩士,79,0,30,03 桃園市,1 一般
113,1009,長庚大學,07141014,電機工程學系,N 職,M 碩士,54,0,11,03 桃園市,1 一般
113,1009,長庚大學,07141014,電機工程學系,D 日,B 學士,409,20,92,03 桃園市,1 一般
113,1009,長庚大學,07141016,電子工程學系,D 日,D 博士,31,0,7,03 桃園市,1 一般
113,1009,長庚大學,07141016,電子工程學系,D 日,M 碩士,83,0,27,03 桃園市,1 一般
113,1009,長庚大學,07141016,電子工程學系,D 日,B 學士,332,18,87,03 桃園市,1 一般
113,1009,長庚大學,07141017,光電工程研究所,D 日,M 碩士,16,5,5,03 桃園市,1 一般
113,1009,長庚大學,07141052,奈米工程及設計碩士學位學程,D 日,M 碩士,23,2,6,03 桃園市,1 一般
113,1009,長庚大學,07151022,機械工程學系,D 日,D 博士,9,0,2,03 桃園市,1 一般
113,1009,長庚大學,07151022,機械工程學系,D 日,M 碩士,25,0,19,03 桃園市,1 一般
113,1009,長庚大學,07151022,機械工程學系,D 日,B 學士,172,11,34,03 桃園市,1 一般
113,1009,長庚大學,07193027,生物醫學工程學系,D 日,D 博士,21,0,1,03 桃園市,1 一般
113,1009,長庚大學,07193027,生物醫學工程學系,D 日,M 碩士,44,0,7,03 桃園市,1 一般
113,1009,長庚大學,07193027,生物醫學工程學系,D 日,B 學士,78,11,0,03 桃園市,1 一般
113,1009,長庚大學,09111049,顱顏口腔醫學研究所,D 日,M 碩士,42,6,10,03 桃園市,1 一般
113,1009,長庚大學,09121028,醫學系,D 日,B 學士,655,114,114,03 桃園市,1 一般
113,1009,長庚大學,09121029,臨床醫學研究所,D 日,D 博士,137,0,15,03 桃園市,1 一般
113,1009,長庚大學,09121029,臨床醫學研究所,D 日,M 碩士,34,14,11,03 桃園市,1 一般
113,1009,長庚大學,09121034,顯微手術國際碩士學位學程,D 日,M 碩士,29,3,7,03 桃園市,1 一般
113,1009,長庚大學,09121055,醫學科學學士學位學程,D 日,,0,2,0,03 桃園市,1 一般
113,1009,長庚大學,09131040,護理學系,D 日,D 博士,32,0,2,03 桃園市,1 一般
113,1009,長庚大學,09131040,護理學系,D 日,M 碩士,132,0,21,03 桃園市,1 一般
113,1009,長庚大學,09131040,護理學系,D 日,B 學士,474,29,114,03 桃園市,1 一般
113,1009,長庚大學,09141046,醫學生物技術暨檢驗學系,D 日,M 碩士,39,0,16,03 桃園市,1 一般
113,1009,長庚大學,09141046,醫學生物技術暨檢驗學系,D 日,B 學士,239,15,49,03 桃園市,1 一般
113,1009,長庚大學,09141048,醫學影像暨放射科學系,D 日,D 博士,19,0,2,03 桃園市,1 一般
113,1009,長庚大學,09141048,醫學影像暨放射科學系,D 日,M 碩士,31,0,4,03 桃園市,1 一般
113,1009,長庚大學,09141048,醫學影像暨放射科學系,D 日,B 學士,148,13,31,03 桃園市,1 一般
113,1009,長庚大學,09151037,物理治療學系,D 日,D 博士,18,0,0,03 桃園市,1 一般
113,1009,長庚大學,09151037,物理治療學系,D 日,M 碩士,27,0,10,03 桃園市,1 一般
113,1009,長庚大學,09151037,物理治療學系,D 日,B 學士,214,12,52,03 桃園市,1 一般
113,1009,長庚大學,09152038,職能治療學系行為科學碩士班,D 日,M 碩士,49,0,15,03 桃園市,1 一般
113,1009,長庚大學,09152038,職能治療學系,D 日,B 學士,198,17,45,03 桃園市,1 一般
113,1009,長庚大學,09159041,早期療育研究所,D 日,M 碩士,37,5,9,03 桃園市,1 一般
113,1009,長庚大學,09159042,呼吸治療學系,D 日,B 學士,143,10,36,03 桃園市,1 一般
113,1009,長庚大學,09171031,中醫學系,D 日,M 碩士,36,0,11,03 桃園市,1 一般
113,1009,長庚大學,09171031,中醫學系,D 日,B 學士,374,61,56,03 桃園市,1 一般
113,1009,長庚大學,09211056,健康暨長期照護產業碩士學位學程,D 日,M 碩士,19,3,10,03 桃園市,1 一般
113,1009,長庚大學,99999Z01,通識及共同科目,D 日,,0,44,0,03 桃園市,1 一般
113,1009,長庚大學,99999Z03,軍訓教官,D 日,,0,4,0,03 桃園市,1 一般
113,1009,長庚大學,99999Z07,體育室,D 日,,0,6,0,03 桃園市,1 一般
113,1009,長庚大學,99999Z99,其他(包括行政助教),D 日,,0,3,0,03 桃園市,1 一般
113,1010,元智大學,02191001,藝術與設計學系藝術與設計管理碩士班,D 日,M 碩士,14,0,1,03 桃園市,1 一般
113,1010,元智大學,02191001,藝術與設計學系,D 日,B 學士,137,9,30,03 桃園市,1 一般
113,1010,元智大學,02299047,文化產業與文化政策博士學位學程,D 日,D 博士,26,2,2,03 桃園市,1 一般
113,1010,元智大學,02299049,人文社會學院英語學士班,D 日,B 學士,137,2,31,03 桃園市,1 一般
113,1010,元智大學,02311007,應用外語學系,D 日,M 碩士,31,0,4,03 桃園市,1 一般
113,1010,元智大學,02311007,應用外語學系,N 職,M 碩士,26,0,3,03 桃園市,1 一般
113,1010,元智大學,02311007,應用外語學系,D 日,B 學士,222,9,40,03 桃園市,1 一般
113,1010,元智大學,02322004,中國語文學系,D 日,M 碩士,21,0,5,03 桃園市,1 一般
113,1010,元智大學,02322004,中國語文學系,D 日,B 學士,157,9,44,03 桃園市,1 一般
113,1010,元智大學,03141009,社會暨政策科學學系,D 日,M 碩士,10,0,2,03 桃園市,1 一般
113,1010,元智大學,03141009,社會暨政策科學學系,N 職,M 碩士,35,0,6,03 桃園市,1 一般
113,1010,元智大學,03141009,社會暨政策科學學系,D 日,B 學士,196,9,50,03 桃園市,1 一般
113,1010,元智大學,04121014,管理學院財務金融暨會計碩士班,D 日,M 碩士,72,0,32,03 桃園市,1 一般
113,1010,元智大學,04131019,管理學院經營管理碩士班,D 日,M 碩士,135,0,48,03 桃園市,1 一般
113,1010,元智大學,04131021,管理學院管理碩士在職專班,N 職,M 碩士,140,0,53,03 桃園市,1 一般
113,1010,元智大學,04191056,管理學院高階創新經營管理越南境外碩士在職專班,N 職,M 碩士,24,0,4,03 桃園市,1 一般
113,1010,元智大學,04199018,管理學院博士班,D 日,D 博士,70,0,8,03 桃園市,1 一般
113,1010,元智大學,04199018,管理學院學士班,D 日,B 學士,1708,0,407,03 桃園市,1 一般
113,1010,元智大學,04199Y31,管理學院,D 日,,0,58,0,03 桃園市,1 一般
113,1010,元智大學,05121025,生物科技與工程研究所,D 日,M 碩士,9,5,3,03 桃園市,1 一般
113,1010,元智大學,05124027,生物與醫學資訊碩士學位學程,D 日,M 碩士,7,2,1,03 桃園市,1 一般
113,1010,元智大學,05211058,淨零碳排永續發展學士後專班,D 日,B 學士,23,0,0,03 桃園市,1 一般
113,1010,元智大學,06131011,資訊管理學系,D 日,D 博士,17,0,5,03 桃園市,1 一般
113,1010,元智大學,06131011,資訊管理學系,D 日,M 碩士,52,0,21,03 桃園市,1 一般
113,1010,元智大學,06131011,資訊管理學系,N 職,M 碩士,60,0,21,03 桃園市,1 一般
113,1010,元智大學,06131011,資訊管理學系,D 日,B 學士,556,21,119,03 桃園市,1 一般
113,1010,元智大學,06131028,資訊工程學系,D 日,D 博士,24,0,2,03 桃園市,1 一般
113,1010,元智大學,06131028,資訊工程學系,D 日,M 碩士,108,0,40,03 桃園市,1 一般
113,1010,元智大學,06131028,資訊工程學系,N 職,M 碩士,39,0,4,03 桃園市,1 一般
113,1010,元智大學,06131028,資訊工程學系,D 日,B 學士,664,21,156,03 桃園市,1 一般
113,1010,元智大學,06131051,資訊學院英語學士班,D 日,B 學士,199,2,24,03 桃園市,1 一般
113,1010,元智大學,06133013,資訊傳播學系,D 日,M 碩士,21,0,7,03 桃園市,1 一般
113,1010,元智大學,06133013,資訊傳播學系,D 日,B 學士,503,12,96,03 桃園市,1 一般
113,1010,元智大學,07111041,化學工程與材料科學學系,D 日,D 博士,15,0,4,03 桃園市,1 一般
113,1010,元智大學,07111041,化學工程與材料科學學系,D 日,M 碩士,70,0,22,03 桃園市,1 一般
113,1010,元智大學,07111041,化學工程與材料科學學系,N 職,M 碩士,29,0,5,03 桃園市,1 一般
113,1010,元智大學,07111041,化學工程與材料科學學系,D 日,B 學士,479,16,110,03 桃園市,1 一般
113,1010,元智大學,07141032,電機通訊學院英語學士班,D 日,B 學士,154,2,31,03 桃園市,1 一般
113,1010,元智大學,07141033,電機工程學系,D 日,D 博士,42,0,5,03 桃園市,1 一般
113,1010,元智大學,07141033,電機工程學系,D 日,M 碩士,221,0,66,03 桃園市,1 一般
113,1010,元智大學,07141033,電機工程學系,N 職,M 碩士,50,0,6,03 桃園市,1 一般
113,1010,元智大學,07141033,電機工程學系,D 日,B 學士,1329,47,282,03 桃園市,1 一般
113,1010,元智大學,07151037,機械工程學系,D 日,D 博士,16,0,1,03 桃園市,1 一般
113,1010,元智大學,07151037,機械工程學系,D 日,M 碩士,30,0,5,03 桃園市,1 一般
113,1010,元智大學,07151037,機械工程學系,N 職,M 碩士,22,0,9,03 桃園市,1 一般
113,1010,元智大學,07151037,機械工程學系,D 日,B 學士,407,11,91,03 桃園市,1 一般
113,1010,元智大學,07191043,工業工程與管理學系,D 日,D 博士,27,0,2,03 桃園市,1 一般
113,1010,元智大學,07191043,工業工程與管理學系,D 日,M 碩士,102,0,34,03 桃園市,1 一般
113,1010,元智大學,07191043,工業工程與管理學系,N 職,M 碩士,87,0,20,03 桃園市,1 一般
113,1010,元智大學,07191043,工業工程與管理學系,D 日,B 學士,446,17,87,03 桃園市,1 一般
113,1010,元智大學,07193055,醫學研究所,D 日,M 碩士,15,5,4,03 桃園市,1 一般
113,1010,元智大學,07194050,工程學院英語學士班,D 日,B 學士,87,2,21,03 桃園市,1 一般
113,1010,元智大學,09131057,護理學系,D 日,B 學士,43,5,0,03 桃園市,1 一般
113,1010,元智大學,99999Z01,通識及共同科目,D 日,,0,6,0,03 桃園市,1 一般
113,1010,元智大學,99999Z03,軍訓教官,D 日,,0,2,0,03 桃園市,1 一般
113,1010,元智大學,99999Z07,體育室,D 日,,0,9,0,03 桃園市,1 一般
113,1010,元智大學,99999Z08,語言中心,D 日,,0,7,0,03 桃園市,1 一般
113,1011,中華大學,02123004,工業產品設計學系,D 日,,0,1,0,18 新竹市,1 一般
113,1011,中華大學,02123004,工業產品設計學系,D 日,B 學士,3,0,3,18 新竹市,1 一般
113,1011,中華大學,02124005,建築與設計學院,P 進,B 學士,24,2,6,18 新竹市,1 一般
113,1011,中華大學,02311002,應用日語學系,D 日,B 學士,145,6,69,18 新竹市,1 一般
113,1011,中華大學,02311057,人文社會學院進修學士班,P 進,B 學士,0,0,4,18 新竹市,1 一般
113,1011,中華大學,02311065,國際人文社會暨智慧商務學院進修學士班,P 進,B 學士,14,2,0,18 新竹市,1 一般
113,1011,中華大學,04121012,財務管理學系,D 日,B 學士,109,6,40,18 新竹市,1 一般
113,1011,中華大學,04131007,企業管理學系,D 日,M 碩士,23,0,17,18 新竹市,1 一般
113,1011,中華大學,04131007,企業管理學系,N 職,M 碩士,24,0,11,18 新竹市,1 一般
113,1011,中華大學,04131007,企業管理學系,D 日,B 學士,144,10,68,18 新竹市,1 一般
113,1011,中華大學,04131007,企業管理學系,N 修,C 二技,110,0,47,18 新竹市,1 一般
113,1011,中華大學,04131009,國際企業學系,D 日,B 學士,0,0,2,18 新竹市,1 一般
113,1011,中華大學,04131017,管理學院,P 進,B 學士,15,1,13,18 新竹市,1 一般
113,1011,中華大學,04134006,行政管理學系,D 日,M 碩士,5,0,10,18 新竹市,1 一般
113,1011,中華大學,04134006,行政管理學系,N 職,M 碩士,5,0,6,18 新竹市,1 一般
113,1011,中華大學,04134006,行政管理學系,D 日,B 學士,69,6,26,18 新竹市,1 一般
113,1011,中華大學,04199015,工業管理學系科技管理碩士在職專班,N 職,M 碩士,22,0,9,18 新竹市,1 一般
113,1011,中華大學,04199063,管理博士學位學程,D 日,D 博士,38,3,3,18 新竹市,1 一般
113,1011,中華大學,04199064,創新產業學院進修學士班,P 進,B 學士,36,2,0,18 新竹市,1 一般
113,1011,中華大學,04199067,國際事務暨智慧行銷學士學位學程,D 日,B 學士,1,2,0,18 新竹市,1 一般
113,1011,中華大學,04199Y31,管理學院,D 日,,0,4,0,18 新竹市,1 一般
113,1011,中華大學,05124018,生物資訊學系,D 日,,0,1,0,18 新竹市,1 一般
113,1011,中華大學,05124018,生物資訊學系,D 日,B 學士,0,0,3,18 新竹市,1 一般
113,1011,中華大學,06111066,加州大學爾灣分校資訊管理與資料科學學士學位學程,D 日,B 學士,2,2,0,18 新竹市,1 一般
113,1011,中華大學,06121054,高階資料庫管理碩士在職學位學程,N 職,M 碩士,3,2,1,18 新竹市,1 一般
113,1011,中華大學,06121062,中華大學美國舊金山州立大學資訊管理與決策科學學士學位學程,D 日,B 學士,5,2,0,18 新竹市,1 一般
113,1011,中華大學,06131021,資訊管理學系,D 日,M 碩士,6,0,3,18 新竹市,1 一般
113,1011,中華大學,06131021,資訊管理學系,D 日,B 學士,163,7,76,18 新竹市,1 一般
113,1011,中華大學,06131025,資訊工程學系,D 日,M 碩士,63,0,11,18 新竹市,1 一般
113,1011,中華大學,06131025,資訊工程學系,N 職,M 碩士,6,0,1,18 新竹市,1 一般
113,1011,中華大學,06131025,資訊工程學系,D 日,B 學士,424,12,103,18 新竹市,1 一般
113,1011,中華大學,06134059,應用外語暨智慧商務學士學位學程,D 日,B 學士,49,2,17,18 新竹市,1 一般
113,1011,中華大學,07141022,電機工程學系,D 日,M 碩士,26,0,21,18 新竹市,1 一般
113,1011,中華大學,07141022,電機工程學系,N 職,M 碩士,17,0,3,18 新竹市,1 一般
113,1011,中華大學,07141022,電機工程學系,D 日,B 學士,335,9,70,18 新竹市,1 一般
113,1011,中華大學,07141024,電子工程學系,D 日,,0,1,0,18 新竹市,1 一般
113,1011,中華大學,07141024,電子工程學系,D 日,B 學士,1,0,8,18 新竹市,1 一般
113,1011,中華大學,07151028,機械工程學系,D 日,M 碩士,9,0,5,18 新竹市,1 一般
113,1011,中華大學,07151028,機械工程學系,D 日,B 學士,87,3,40,18 新竹市,1 一般
113,1011,中華大學,07191015,工業管理學系,D 日,M 碩士,50,0,33,18 新竹市,1 一般
113,1011,中華大學,07191015,工業管理學系,D 日,B 學士,283,13,43,18 新竹市,1 一般
113,1011,中華大學,07191015,工業管理學系,N 修,C 二技,213,0,91,18 新竹市,1 一般
113,1011,中華大學,07194037,工程科學博士學位學程,D 日,D 博士,5,2,2,18 新竹市,1 一般
113,1011,中華大學,07199053,光電與材料工程學系,D 日,B 學士,195,8,55,18 新竹市,1 一般
113,1011,中華大學,07311038,建築與都市計畫學系,D 日,M 碩士,15,0,5,18 新竹市,1 一般
113,1011,中華大學,07311038,建築與都市計畫學系,D 日,B 學士,255,9,42,18 新竹市,1 一般
113,1011,中華大學,07312039,景觀建築學系,D 日,B 學士,0,0,21,18 新竹市,1 一般
113,1011,中華大學,07313058,智慧城市與社區規劃碩士在職學位學程,N 職,M 碩士,15,2,7,18 新竹市,1 一般
113,1011,中華大學,07321032,土木工程學系,D 日,D 博士,17,0,3,18 新竹市,1 一般
113,1011,中華大學,07321032,土木工程學系,D 日,M 碩士,9,0,6,18 新竹市,1 一般
113,1011,中華大學,07321032,土木工程學系,N 職,M 碩士,17,0,7,18 新竹市,1 一般
113,1011,中華大學,07321032,土木工程學系,D 日,B 學士,133,11,29,18 新竹市,1 一般
113,1011,中華大學,10131041,餐旅管理學系,D 日,B 學士,98,8,73,18 新竹市,1 一般
113,1011,中華大學,10131041,餐旅管理學系,P 進,B 學士,14,0,8,18 新竹市,1 一般
113,1011,中華大學,10151046,觀光學院碩士班,D 日,M 碩士,23,0,4,18 新竹市,1 一般
113,1011,中華大學,10151046,觀光學院,D 日,B 學士,148,4,0,18 新竹市,1 一般
113,1011,中華大學,10151052,旅遊與休閒學系,D 日,,0,4,0,18 新竹市,1 一般
113,1011,中華大學,10151052,旅遊與休閒學系,D 日,B 學士,0,0,8,18 新竹市,1 一般
113,1011,中華大學,10151055,觀光與會展活動學系,D 日,B 學士,70,7,40,18 新竹市,1 一般
113,1011,中華大學,10151056,國際觀光與酒店管理雙學士學位學程,D 日,B 學士,14,2,5,18 新竹市,1 一般
113,1011,中華大學,99999Z01,通識及共同科目,D 日,,0,4,0,18 新竹市,1 一般
113,1011,中華大學,99999Z03,軍訓教官,D 日,,0,2,0,18 新竹市,1 一般
113,1011,中華大學,99999Z07,體育室,D 日,,0,1,0,18 新竹市,1 一般
113,1012,大葉大學,01111001,教育專業發展研究所,D 日,,0,2,0,07 彰化縣,1 一般
113,1012,大葉大學,01111001,教育專業發展研究所,D 日,M 碩士,8,0,3,07 彰化縣,1 一般
113,1012,大葉大學,01111001,教育專業發展研究所,N 職,M 碩士,2,0,1,07 彰化縣,1 一般
113,1012,大葉大學,02112011,視覺傳達設計學系,D 日,B 學士,0,0,56,07 彰化縣,1 一般
113,1012,大葉大學,02112037,多媒體數位內容學士學位學程,D 日,B 學士,326,2,83,07 彰化縣,1 一般
113,1012,大葉大學,02121002,造形藝術學系,D 日,M 碩士,33,0,7,07 彰化縣,1 一般
113,1012,大葉大學,02121002,造形藝術學系,D 日,B 學士,74,9,39,07 彰化縣,1 一般
113,1012,大葉大學,02121002,造形藝術學系,P 進,B 學士,1,0,1,07 彰化縣,1 一般
113,1012,大葉大學,02122010,設計學系,D 日,M 碩士,1,0,0,07 彰化縣,1 一般
113,1012,大葉大學,02122010,設計學系,D 日,B 學士,164,9,0,07 彰化縣,1 一般
113,1012,大葉大學,02122010,設計學系,P 進,B 學士,1,0,0,07 彰化縣,1 一般
113,1012,大葉大學,02122015,設計暨藝術學院碩士班,D 日,M 碩士,14,4,5,07 彰化縣,1 一般
113,1012,大葉大學,02122015,設計暨藝術學院,N 職,M 碩士,9,0,1,07 彰化縣,1 一般
113,1012,大葉大學,02123012,工業設計學系,D 日,M 碩士,0,0,1,07 彰化縣,1 一般
113,1012,大葉大學,02123012,工業設計學系,D 日,B 學士,0,0,15,07 彰化縣,1 一般
113,1012,大葉大學,02124014,空間設計學系,D 日,B 學士,185,7,61,07 彰化縣,1 一般
113,1012,大葉大學,02311004,英語學系,D 日,M 碩士,21,0,2,07 彰化縣,1 一般
113,1012,大葉大學,02311004,英語學系,D 日,B 學士,56,9,17,07 彰化縣,1 一般
113,1012,大葉大學,02311006,應用日語學系,D 日,B 學士,109,7,47,07 彰化縣,1 一般
113,1012,大葉大學,02311006,應用日語學系,P 進,B 學士,3,0,4,07 彰化縣,1 一般
113,1012,大葉大學,02311016,歐洲文化與旅遊學士學位學程,D 日,,0,2,0,07 彰化縣,1 一般
113,1012,大葉大學,03211018,傳播藝術學士學位學程,D 日,B 學士,46,2,27,07 彰化縣,1 一般
113,1012,大葉大學,04111020,會計資訊學系,D 日,B 學士,0,0,22,07 彰化縣,1 一般
113,1012,大葉大學,04111085,會計與資訊管理學系,D 日,B 學士,105,9,0,07 彰化縣,1 一般
113,1012,大葉大學,04121025,財務金融學系,D 日,B 學士,87,6,32,07 彰化縣,1 一般
113,1012,大葉大學,04121025,財務金融學系,P 進,B 學士,53,1,3,07 彰化縣,1 一般
113,1012,大葉大學,04131021,企業管理學系,D 日,M 碩士,44,0,20,07 彰化縣,1 一般
113,1012,大葉大學,04131021,企業管理學系,N 職,M 碩士,0,0,1,07 彰化縣,1 一般
113,1012,大葉大學,04131021,企業管理學系,D 日,B 學士,71,9,37,07 彰化縣,1 一般
113,1012,大葉大學,04131021,企業管理學系,P 進,B 學士,1,0,10,07 彰化縣,1 一般
113,1012,大葉大學,04131024,國際企業管理學系,D 日,B 學士,15,1,15,07 彰化縣,1 一般
113,1012,大葉大學,04131087,商業經營國際碩士學位學程,D 日,M 碩士,6,2,0,07 彰化縣,1 一般
113,1012,大葉大學,04133027,健康產業管理碩士在職學位學程,N 職,M 碩士,3,0,4,07 彰化縣,1 一般
113,1012,大葉大學,04142028,人力資源暨公共關係學系,D 日,M 碩士,1,0,0,07 彰化縣,1 一般
113,1012,大葉大學,04142028,人力資源暨公共關係學系,N 職,M 碩士,1,0,0,07 彰化縣,1 一般
113,1012,大葉大學,04199029,管理學院博士班,D 日,D 博士,57,4,7,07 彰化縣,1 一般
113,1012,大葉大學,04199029,管理學院碩士在職專班,N 職,M 碩士,46,0,61,07 彰化縣,1 一般
113,1012,大葉大學,04199030,智慧財產權碩士在職學位學程,N 職,M 碩士,1,0,0,07 彰化縣,1 一般
113,1012,大葉大學,04199Y31,管理學院,D 日,,0,1,0,07 彰化縣,1 一般
113,1012,大葉大學,05121033,生物資源學系,D 日,B 學士,8,1,22,07 彰化縣,1 一般
113,1012,大葉大學,05121035,生物科技與產業博士學位學程,D 日,D 博士,5,0,2,07 彰化縣,1 一般
113,1012,大葉大學,05121080,生物醫學系,D 日,M 碩士,13,0,2,07 彰化縣,1 一般
113,1012,大葉大學,05121080,生物醫學系,D 日,B 學士,89,9,32,07 彰化縣,1 一般
113,1012,大葉大學,06121085,會計與資訊管理學系,D 日,M 碩士,9,0,0,07 彰化縣,1 一般
113,1012,大葉大學,06121085,會計與資訊管理學系,N 職,M 碩士,7,0,0,07 彰化縣,1 一般
113,1012,大葉大學,06131036,資訊管理學系,D 日,M 碩士,0,0,2,07 彰化縣,1 一般
113,1012,大葉大學,06131036,資訊管理學系,N 職,M 碩士,0,0,1,07 彰化縣,1 一般
113,1012,大葉大學,06131036,資訊管理學系,D 日,B 學士,0,0,22,07 彰化縣,1 一般
113,1012,大葉大學,06131039,資訊工程學系,D 日,M 碩士,14,0,6,07 彰化縣,1 一般
113,1012,大葉大學,06131039,資訊工程學系,D 日,B 學士,102,9,26,07 彰化縣,1 一般
113,1012,大葉大學,07112050,材料科學與工程學系,D 日,,0,1,0,07 彰化縣,1 一般
113,1012,大葉大學,07112050,材料科學與工程學系,D 日,B 學士,10,0,4,07 彰化縣,1 一般
113,1012,大葉大學,07121054,環境工程學系,D 日,D 博士,22,0,0,07 彰化縣,1 一般
113,1012,大葉大學,07121054,環境工程學系,D 日,M 碩士,28,0,19,07 彰化縣,1 一般
113,1012,大葉大學,07121054,環境工程學系,N 職,M 碩士,7,0,0,07 彰化縣,1 一般
113,1012,大葉大學,07121054,環境工程學系,D 日,B 學士,54,11,19,07 彰化縣,1 一般
113,1012,大葉大學,07141038,電機工程學系,D 日,D 博士,6,0,6,07 彰化縣,1 一般
113,1012,大葉大學,07141038,電機工程學系,D 日,M 碩士,14,0,8,07 彰化縣,1 一般
113,1012,大葉大學,07141038,電機工程學系,D 日,B 學士,133,11,41,07 彰化縣,1 一般
113,1012,大葉大學,07151046,機械與自動化工程學系,D 日,D 博士,1,0,0,07 彰化縣,1 一般
113,1012,大葉大學,07151046,機械與自動化工程學系,D 日,M 碩士,5,0,2,07 彰化縣,1 一般
113,1012,大葉大學,07151046,機械與自動化工程學系,D 日,B 學士,148,11,34,07 彰化縣,1 一般
113,1012,大葉大學,07151046,機械與自動化工程學系,P 進,B 學士,9,0,10,07 彰化縣,1 一般
113,1012,大葉大學,07193055,醫療器材設計與材料碩士學位學程,D 日,M 碩士,8,0,9,07 彰化縣,1 一般
113,1012,大葉大學,07193081,醫學工程學系,D 日,M 碩士,8,0,0,07 彰化縣,1 一般
113,1012,大葉大學,07193081,醫學工程學系,D 日,B 學士,52,9,20,07 彰化縣,1 一般
113,1012,大葉大學,07311057,建築研究所,D 日,M 碩士,21,5,5,07 彰化縣,1 一般
113,1012,大葉大學,09131065,護理學系,D 日,M 碩士,51,0,10,07 彰化縣,1 一般
113,1012,大葉大學,09131065,護理學系,D 日,B 學士,252,8,129,07 彰化縣,1 一般
113,1012,大葉大學,09131065,護理學系,N 修,C 二技,32,0,29,07 彰化縣,1 一般
113,1012,大葉大學,09131084,學士後護理學系,D 日,B 學士,41,7,0,07 彰化縣,1 一般
113,1012,大葉大學,09141066,視光學系,D 日,M 碩士,14,0,6,07 彰化縣,1 一般
113,1012,大葉大學,09141066,視光學系,D 日,B 學士,112,7,27,07 彰化縣,1 一般
113,1012,大葉大學,09152082,職能治療學系,D 日,B 學士,82,7,0,07 彰化縣,1 一般
113,1012,大葉大學,09199083,藥用植物與食品保健學系,D 日,D 博士,10,0,1,07 彰化縣,1 一般
113,1012,大葉大學,09199083,藥用植物與食品保健學系,D 日,M 碩士,26,0,14,07 彰化縣,1 一般
113,1012,大葉大學,09199083,藥用植物與食品保健學系,D 日,B 學士,110,11,57,07 彰化縣,1 一般
113,1012,大葉大學,10131067,餐旅管理學系,D 日,B 學士,77,7,33,07 彰化縣,1 一般
113,1012,大葉大學,10131067,餐旅管理學系,P 進,B 學士,91,0,20,07 彰化縣,1 一般
113,1012,大葉大學,10142072,運動健康管理學系,D 日,M 碩士,16,0,16,07 彰化縣,1 一般
113,1012,大葉大學,10142072,運動健康管理學系,N 職,M 碩士,36,0,16,07 彰化縣,1 一般
113,1012,大葉大學,10142072,運動健康管理學系,D 日,B 學士,154,9,21,07 彰化縣,1 一般
113,1012,大葉大學,10151068,觀光餐旅碩士在職學位學程,N 職,M 碩士,1,0,0,07 彰化縣,1 一般
113,1012,大葉大學,10151069,觀光旅遊學系,D 日,B 學士,0,0,19,07 彰化縣,1 一般
113,1012,大葉大學,10151069,觀光旅遊學系,P 進,B 學士,0,0,3,07 彰化縣,1 一般
113,1012,大葉大學,10151086,觀光休閒學系,D 日,M 碩士,7,0,0,07 彰化縣,1 一般
113,1012,大葉大學,10151086,觀光休閒學系,N 職,M 碩士,12,0,0,07 彰化縣,1 一般
113,1012,大葉大學,10151086,觀光休閒學系,D 日,B 學士,90,11,0,07 彰化縣,1 一般
113,1012,大葉大學,10151086,觀光休閒學系,P 進,B 學士,4,0,0,07 彰化縣,1 一般
113,1012,大葉大學,10152070,休閒事業管理學系,D 日,B 學士,0,0,20,07 彰化縣,1 一般
113,1012,大葉大學,10152070,休閒事業管理學系,P 進,B 學士,0,0,8,07 彰化縣,1 一般
113,1012,大葉大學,10199074,烘焙暨飲料調製學士學位學程,D 日,B 學士,78,2,37,07 彰化縣,1 一般
113,1012,大葉大學,10199075,婚禮企劃暨節慶管理學士學位學程,D 日,,0,1,0,07 彰化縣,1 一般
113,1012,大葉大學,10199075,婚禮企劃暨節慶管理學士學位學程,D 日,B 學士,1,0,1,07 彰化縣,1 一般
113,1012,大葉大學,10321076,消防安全學士學位學程,D 日,B 學士,52,2,31,07 彰化縣,1 一般
113,1012,大葉大學,99999Z01,通識及共同科目,D 日,,0,3,0,07 彰化縣,1 一般
113,1012,大葉大學,99999Z03,軍訓教官,D 日,,0,2,0,07 彰化縣,1 一般
113,1012,大葉大學,99999Z07,體育室,D 日,,0,2,0,07 彰化縣,1 一般
113,1012,大葉大學,99999Z08,語言中心,D 日,,0,2,0,07 彰化縣,1 一般
113,1013,華梵大學,02112024,攝影與VR設計學系,D 日,M 碩士,15,0,1,01 新北市,1 一般
113,1013,華梵大學,02112024,攝影與VR設計學系,N 職,M 碩士,8,0,0,01 新北市,1 一般
113,1013,華梵大學,02112024,攝影與VR設計學系,D 日,B 學士,94,10,8,01 新北市,1 一般
113,1013,華梵大學,02122023,智慧生活設計學系空間設計碩士班,D 日,M 碩士,10,0,1,01 新北市,1 一般
113,1013,華梵大學,02122023,智慧生活設計學系空間設計碩士在職專班,N 職,M 碩士,23,0,2,01 新北市,1 一般
113,1013,華梵大學,02122023,智慧生活設計學系,D 日,B 學士,112,9,10,01 新北市,1 一般
113,1013,華梵大學,02123008,工業設計學系,D 日,B 學士,0,0,6,01 新北市,1 一般
113,1013,華梵大學,02131002,美術與文創學系,D 日,M 碩士,26,0,4,01 新北市,1 一般
113,1013,華梵大學,02131002,美術與文創學系,N 職,M 碩士,59,0,11,01 新北市,1 一般
113,1013,華梵大學,02131002,美術與文創學系,D 日,B 學士,177,9,18,01 新北市,1 一般
113,1013,華梵大學,02131025,佛教藝術學系,D 日,M 碩士,47,0,6,01 新北市,1 一般
113,1013,華梵大學,02131025,佛教藝術學系,N 職,M 碩士,49,0,12,01 新北市,1 一般
113,1013,華梵大學,02131025,佛教藝術學系,D 日,B 學士,117,10,11,01 新北市,1 一般
113,1013,華梵大學,02191020,藝術設計學院學士班,D 日,B 學士,0,0,3,01 新北市,1 一般
113,1013,華梵大學,02231006,哲學系,N 職,M 碩士,2,0,0,01 新北市,1 一般
113,1013,華梵大學,02299009,東方人文思想研究所,D 日,D 博士,65,0,5,01 新北市,1 一般
113,1013,華梵大學,02299009,東方人文思想研究所,D 日,M 碩士,64,9,6,01 新北市,1 一般
113,1013,華梵大學,02299009,東方人文思想研究所,N 職,M 碩士,50,0,16,01 新北市,1 一般
113,1013,華梵大學,02311004,外國語文學系,D 日,B 學士,1,0,0,01 新北市,1 一般
113,1013,華梵大學,02322003,中國文學系,D 日,M 碩士,1,0,0,01 新北市,1 一般
113,1013,華梵大學,06131022,智慧生活科技學系,D 日,M 碩士,41,0,10,01 新北市,1 一般
113,1013,華梵大學,06131022,智慧生活科技學系,N 職,M 碩士,32,0,31,01 新北市,1 一般
113,1013,華梵大學,06131022,智慧生活科技學系,D 日,B 學士,67,9,19,01 新北市,1 一般
113,1013,華梵大學,07141012,電子工程學系,D 日,B 學士,0,0,1,01 新北市,1 一般
113,1013,華梵大學,07151014,機電工程學系,D 日,D 博士,3,0,0,01 新北市,1 一般
113,1013,華梵大學,07311016,建築學系,N 職,M 碩士,0,0,1,01 新北市,1 一般
113,1013,華梵大學,99999Z03,軍訓教官,D 日,,0,1,0,01 新北市,1 一般
113,1013,華梵大學,99999Z99,其他(包括行政助教),D 日,,0,5,0,01 新北市,1 一般
113,1014,義守大學,02111001,電影與電視學系,D 日,B 學士,214,7,58,12 高雄市,1 一般
113,1014,義守大學,02122004,傳播與設計學院原住民專班,D 日,B 學士,34,1,10,12 高雄市,1 一般
113,1014,義守大學,02122067,傳播與設計學院文創傳播與設計碩士班,D 日,M 碩士,21,2,4,12 高雄市,1 一般
113,1014,義守大學,02122068,國際傳媒與娛樂管理學系,D 日,B 學士,104,7,20,12 高雄市,1 一般
113,1014,義守大學,02122073,創意整合設計學系,D 日,B 學士,118,7,32,12 高雄市,1 一般
113,1014,義守大學,02122075,新媒體設計學系,D 日,B 學士,135,5,46,12 高雄市,1 一般
113,1014,義守大學,02311003,應用日語學系,D 日,B 學士,219,7,75,12 高雄市,1 一般
113,1014,義守大學,02311074,國際溝通暨應用英語學系,D 日,B 學士,154,9,60,12 高雄市,1 一般
113,1014,義守大學,03211008,大眾傳播學系,D 日,B 學士,213,7,66,12 高雄市,1 一般
113,1014,義守大學,03214063,傳播產製英語學士學位學程,D 日,B 學士,0,0,5,12 高雄市,1 一般
113,1014,義守大學,04111009,會計學系,D 日,B 學士,165,6,61,12 高雄市,1 一般
113,1014,義守大學,04121017,國際財務金融學系,D 日,B 學士,38,2,16,12 高雄市,1 一般
113,1014,義守大學,04121066,財務金融管理學系,D 日,M 碩士,9,0,7,12 高雄市,1 一般
113,1014,義守大學,04121066,財務金融管理學系,D 日,B 學士,274,8,99,12 高雄市,1 一般
113,1014,義守大學,04121066,財務金融管理學系,P 進,B 學士,59,0,4,12 高雄市,1 一般
113,1014,義守大學,04121084,財務與商業分析英語學士學位學程,D 日,B 學士,19,2,0,12 高雄市,1 一般
113,1014,義守大學,04131010,企業管理學系,D 日,M 碩士,43,0,48,12 高雄市,1 一般
113,1014,義守大學,04131010,企業管理學系,D 日,B 學士,211,7,89,12 高雄市,1 一般
113,1014,義守大學,04131010,企業管理學系,P 進,B 學士,87,0,26,12 高雄市,1 一般
113,1014,義守大學,04131012,管理學院管理博士班,D 日,D 博士,26,4,0,12 高雄市,1 一般
113,1014,義守大學,04131012,管理碩士在職專班,N 職,M 碩士,65,0,29,12 高雄市,1 一般
113,1014,義守大學,04131013,國際企業經營學系,D 日,B 學士,125,4,30,12 高雄市,1 一般
113,1014,義守大學,04131015,國際商務學系,D 日,B 學士,185,6,84,12 高雄市,1 一般
113,1014,義守大學,04131019,工業管理學系,D 日,D 博士,17,0,5,12 高雄市,1 一般
113,1014,義守大學,04131019,工業管理學系,N 職,M 碩士,29,0,8,12 高雄市,1 一般
113,1014,義守大學,04131019,工業管理學系,D 日,B 學士,93,7,24,12 高雄市,1 一般
113,1014,義守大學,04131019,工業管理學系,P 進,B 學士,35,0,10,12 高雄市,1 一般
113,1014,義守大學,04131080,國際學院國際管理碩士班,D 日,M 碩士,43,2,1,12 高雄市,1 一般
113,1014,義守大學,04133018,醫務管理學系,D 日,M 碩士,17,0,9,12 高雄市,1 一般
113,1014,義守大學,04133018,醫務管理學系,N 職,M 碩士,28,0,11,12 高雄市,1 一般
113,1014,義守大學,04133018,醫務管理學系,D 日,B 學士,279,9,88,12 高雄市,1 一般
113,1014,義守大學,04134007,公共政策與管理學系,N 職,M 碩士,76,0,29,12 高雄市,1 一般
113,1014,義守大學,04134007,公共政策與管理學系,D 日,B 學士,89,9,45,12 高雄市,1 一般
113,1014,義守大學,04199035,管理學院進修學士班,P 進,B 學士,22,2,0,12 高雄市,1 一般
113,1014,義守大學,05121071,智慧醫療暨生物資訊碩士學位學程,D 日,M 碩士,8,2,0,12 高雄市,1 一般
113,1014,義守大學,05121079,醫學科學與生物科技學系,D 日,M 碩士,11,0,2,12 高雄市,1 一般
113,1014,義守大學,05121079,醫學科學與生物科技學系,D 日,B 學士,178,9,51,12 高雄市,1 一般
113,1014,義守大學,05191044,營養學系,D 日,B 學士,206,7,69,12 高雄市,1 一般
113,1014,義守大學,06131024,資訊管理學系,D 日,M 碩士,7,0,6,12 高雄市,1 一般
113,1014,義守大學,06131024,資訊管理學系,N 職,M 碩士,59,0,41,12 高雄市,1 一般
113,1014,義守大學,06131024,資訊管理學系,D 日,B 學士,238,10,87,12 高雄市,1 一般
113,1014,義守大學,06131024,資訊管理學系,P 進,B 學士,286,0,17,12 高雄市,1 一般
113,1014,義守大學,06131027,資訊工程學系,D 日,D 博士,30,0,8,12 高雄市,1 一般
113,1014,義守大學,06131027,資訊工程學系,D 日,M 碩士,13,0,7,12 高雄市,1 一般
113,1014,義守大學,06131027,資訊工程學系,N 職,M 碩士,11,0,4,12 高雄市,1 一般
113,1014,義守大學,06131027,資訊工程學系,D 日,B 學士,509,11,92,12 高雄市,1 一般
113,1014,義守大學,06131069,智慧網路科技學系,D 日,B 學士,97,6,22,12 高雄市,1 一般
113,1014,義守大學,06131070,資料科學與大數據分析學系,D 日,B 學士,93,7,22,12 高雄市,1 一般
113,1014,義守大學,07111033,化學工程學系生物技術與化學工程博士班,D 日,D 博士,25,0,2,12 高雄市,1 一般
113,1014,義守大學,07111033,化學工程學系生物技術與化學工程碩士班,D 日,M 碩士,7,0,3,12 高雄市,1 一般
113,1014,義守大學,07111033,化學工程學系,D 日,B 學士,224,9,60,12 高雄市,1 一般
113,1014,義守大學,07112034,材料科學與工程學系,D 日,D 博士,4,0,2,12 高雄市,1 一般
113,1014,義守大學,07112034,材料科學與工程學系,D 日,M 碩士,31,0,10,12 高雄市,1 一般
113,1014,義守大學,07112034,材料科學與工程學系,D 日,B 學士,273,12,64,12 高雄市,1 一般
113,1014,義守大學,07141025,電機工程學系,D 日,D 博士,10,0,1,12 高雄市,1 一般
113,1014,義守大學,07141025,電機工程學系,D 日,M 碩士,30,0,13,12 高雄市,1 一般
113,1014,義守大學,07141025,電機工程學系,N 職,M 碩士,3,0,0,12 高雄市,1 一般
113,1014,義守大學,07141025,電機工程學系,D 日,B 學士,525,16,126,12 高雄市,1 一般
113,1014,義守大學,07141025,電機工程學系,P 進,B 學士,48,0,9,12 高雄市,1 一般
113,1014,義守大學,07141025,電機工程學系學士後二年制設備工程專班,D 日,X 4+X,7,0,0,12 高雄市,1 一般
113,1014,義守大學,07141026,電子工程學系,D 日,D 博士,9,0,0,12 高雄市,1 一般
113,1014,義守大學,07141026,電子工程學系,D 日,M 碩士,14,0,9,12 高雄市,1 一般
113,1014,義守大學,07141026,電子工程學系,D 日,B 學士,226,9,58,12 高雄市,1 一般
113,1014,義守大學,07141072,智慧科技英語學士學位學程,D 日,B 學士,88,2,16,12 高雄市,1 一般
113,1014,義守大學,07141081,半導體學士學位學程,D 日,B 學士,50,2,0,12 高雄市,1 一般
113,1014,義守大學,07151030,機械與自動化工程學系,D 日,M 碩士,19,0,2,12 高雄市,1 一般
113,1014,義守大學,07151030,機械與自動化工程學系,D 日,B 學士,217,8,56,12 高雄市,1 一般
113,1014,義守大學,07193037,生物醫學工程學系,D 日,M 碩士,17,0,4,12 高雄市,1 一般
113,1014,義守大學,07193037,生物醫學工程學系,D 日,B 學士,283,10,90,12 高雄市,1 一般
113,1014,義守大學,07321031,土木工程學系,D 日,M 碩士,8,0,1,12 高雄市,1 一般
113,1014,義守大學,07321031,土木工程學系,D 日,B 學士,175,7,43,12 高雄市,1 一般
113,1014,義守大學,09121011,醫學研究所,D 日,M 碩士,13,0,0,12 高雄市,1 一般
113,1014,義守大學,09121011,醫學系,D 日,B 學士,166,84,14,12 高雄市,1 一般
113,1014,義守大學,09121040,學士後中醫學系,D 日,B 學士,249,12,49,12 高雄市,1 一般
113,1014,義守大學,09131046,護理學系,D 日,M 碩士,50,0,4,12 高雄市,1 一般
113,1014,義守大學,09131046,護理學系,D 日,B 學士,542,21,128,12 高雄市,1 一般
113,1014,義守大學,09131046,護理學系,N 修,C 二技,57,0,46,12 高雄市,1 一般
113,1014,義守大學,09141050,醫學影像暨放射科學系,D 日,B 學士,378,10,78,12 高雄市,1 一般
113,1014,義守大學,09141050,醫學影像暨放射科學系,N 修,C 二技,70,0,18,12 高雄市,1 一般
113,1014,義守大學,09141061,醫學檢驗技術學系,D 日,B 學士,342,9,56,12 高雄市,1 一般
113,1014,義守大學,09151042,物理治療學系,D 日,B 學士,397,8,68,12 高雄市,1 一般
113,1014,義守大學,09152043,職能治療學系,D 日,B 學士,358,9,68,12 高雄市,1 一般
113,1014,義守大學,09191041,健康管理學系,D 日,B 學士,92,7,44,12 高雄市,1 一般
113,1014,義守大學,09191041,健康管理學系,P 進,B 學士,0,0,1,12 高雄市,1 一般
113,1014,義守大學,09199Y42,醫學院,D 日,,0,3,0,12 高雄市,1 一般
113,1014,義守大學,09211047,醫學院長期照護原住民專班,D 日,B 學士,0,0,2,12 高雄市,1 一般
113,1014,義守大學,10131051,餐旅管理學系,D 日,B 學士,285,5,53,12 高雄市,1 一般
113,1014,義守大學,10131051,餐旅管理學系,P 進,B 學士,2,0,0,12 高雄市,1 一般
113,1014,義守大學,10131077,廚藝暨美食學學系,D 日,B 學士,247,7,65,12 高雄市,1 一般
113,1014,義守大學,10131077,廚藝暨美食學學系,P 進,B 學士,5,0,13,12 高雄市,1 一般
113,1014,義守大學,10151055,國際觀光餐旅學系,D 日,B 學士,67,3,24,12 高雄市,1 一般
113,1014,義守大學,10151078,觀光智慧服務與科技學系,D 日,B 學士,118,4,49,12 高雄市,1 一般
113,1014,義守大學,10151078,觀光智慧服務與科技學系,P 進,B 學士,5,0,0,12 高雄市,1 一般
113,1014,義守大學,10151082,智慧觀光餐旅管理英語學士學位學程,D 日,B 學士,45,2,0,12 高雄市,1 一般
113,1014,義守大學,10152076,運動科技與休閒管理學系,D 日,B 學士,91,6,39,12 高雄市,1 一般
113,1014,義守大學,10152076,運動科技與休閒管理學系,P 進,B 學士,19,0,7,12 高雄市,1 一般
113,1014,義守大學,10199059,觀光餐旅學院原住民專班,D 日,B 學士,31,4,11,12 高雄市,1 一般
113,1014,義守大學,10199059,觀光餐旅學院進修學士班,P 進,B 學士,18,0,0,12 高雄市,1 一般
113,1015,世新大學,02111018,廣播電視電影學系,D 日,M 碩士,87,0,12,30 臺北市,1 一般
113,1015,世新大學,02111018,廣播電視電影學系,N 職,M 碩士,34,0,4,30 臺北市,1 一般
113,1015,世新大學,02111018,廣播電視電影學系,D 日,B 學士,1604,34,250,30 臺北市,1 一般
113,1015,世新大學,02111045,影視進修學士學位學程,P 進,B 學士,302,2,0,30 臺北市,1 一般
113,1015,世新大學,02112004,數位多媒體設計學系,D 日,M 碩士,25,0,8,30 臺北市,1 一般
113,1015,世新大學,02112004,數位多媒體設計學系,D 日,B 學士,538,17,110,30 臺北市,1 一般
113,1015,世新大學,02112048,圖文傳播學系,D 日,B 學士,587,15,108,30 臺北市,1 一般
113,1015,世新大學,02112048,圖文傳播學系,P 進,B 學士,212,0,40,30 臺北市,1 一般
113,1015,世新大學,02311003,日本語文學系,D 日,B 學士,353,11,89,30 臺北市,1 一般
113,1015,世新大學,02311044,英語暨傳播應用學系,D 日,B 學士,206,7,79,30 臺北市,1 一般
113,1015,世新大學,02322001,中國文學系,D 日,D 博士,12,0,1,30 臺北市,1 一般
113,1015,世新大學,02322001,中國文學系,D 日,M 碩士,4,0,4,30 臺北市,1 一般
113,1015,世新大學,02322001,中國文學系,D 日,B 學士,99,8,37,30 臺北市,1 一般
113,1015,世新大學,03111005,經濟學系,D 日,M 碩士,22,0,6,30 臺北市,1 一般
113,1015,世新大學,03111005,經濟學系,D 日,B 學士,240,9,61,30 臺北市,1 一般
113,1015,世新大學,03141007,性別研究所,D 日,M 碩士,45,5,6,30 臺北市,1 一般
113,1015,世新大學,03141008,社會心理學系社會心理暨社會創新碩士班,D 日,M 碩士,9,0,3,30 臺北市,1 一般
113,1015,世新大學,03141008,社會心理學系,D 日,B 學士,316,9,101,30 臺北市,1 一般
113,1015,世新大學,03191006,社會發展研究所,D 日,,0,2,0,30 臺北市,1 一般
113,1015,世新大學,03191006,社會發展研究所,D 日,M 碩士,3,0,5,30 臺北市,1 一般
113,1015,世新大學,03191006,社會發展研究所,N 職,M 碩士,1,0,0,30 臺北市,1 一般
113,1015,世新大學,03211016,傳播匯流與創新管理學士學位學程,P 進,B 學士,0,0,2,30 臺北市,1 一般
113,1015,世新大學,03211038,新聞傳播學院全媒體原住民專班,D 日,B 學士,22,0,0,30 臺北市,1 一般
113,1015,世新大學,03212017,新聞學系,D 日,M 碩士,23,0,9,30 臺北市,1 一般
113,1015,世新大學,03212017,新聞學系,D 日,B 學士,633,14,160,30 臺北市,1 一般
113,1015,世新大學,03214012,傳播博士學位學程,D 日,D 博士,47,2,9,30 臺北市,1 一般
113,1015,世新大學,03214013,資訊傳播學系,D 日,M 碩士,9,0,4,30 臺北市,1 一般
113,1015,世新大學,03214013,資訊傳播學系,N 職,M 碩士,17,0,1,30 臺北市,1 一般
113,1015,世新大學,03214013,資訊傳播學系,D 日,B 學士,315,10,52,30 臺北市,1 一般
113,1015,世新大學,03214014,口語傳播暨社群媒體學系,D 日,M 碩士,29,0,3,30 臺北市,1 一般
113,1015,世新大學,03214014,口語傳播暨社群媒體學系,N 職,M 碩士,23,0,5,30 臺北市,1 一般
113,1015,世新大學,03214014,口語傳播暨社群媒體學系,D 日,B 學士,502,12,106,30 臺北市,1 一般
113,1015,世新大學,03214038,全媒體學士學位學程,P 進,B 學士,164,2,27,30 臺北市,1 一般
113,1015,世新大學,03214048,圖文傳播學系,D 日,M 碩士,1,0,3,30 臺北市,1 一般
113,1015,世新大學,04121024,財務金融學系,D 日,M 碩士,18,0,1,30 臺北市,1 一般
113,1015,世新大學,04121024,財務金融學系,N 職,M 碩士,21,0,8,30 臺北市,1 一般
113,1015,世新大學,04121024,財務金融學系,D 日,B 學士,314,10,81,30 臺北市,1 一般
113,1015,世新大學,04121040,創新金融科技產業碩士專班,D 日,M 碩士,15,0,12,30 臺北市,1 一般
113,1015,世新大學,04131023,企業管理學系,D 日,M 碩士,16,0,10,30 臺北市,1 一般
113,1015,世新大學,04131023,企業管理學系,N 職,M 碩士,79,0,24,30 臺北市,1 一般
113,1015,世新大學,04131023,企業管理學系,D 日,B 學士,194,10,54,30 臺北市,1 一般
113,1015,世新大學,04131023,企業管理學系,P 進,B 學士,72,0,13,30 臺北市,1 一般
113,1015,世新大學,04131047,創新管理暨智慧企業產業碩士專班,D 日,M 碩士,14,0,8,30 臺北市,1 一般
113,1015,世新大學,04134009,行政管理學系,D 日,D 博士,19,0,2,30 臺北市,1 一般
113,1015,世新大學,04134009,行政管理學系,D 日,M 碩士,13,0,4,30 臺北市,1 一般
113,1015,世新大學,04134009,行政管理學系,N 職,M 碩士,34,1,13,30 臺北市,1 一般
113,1015,世新大學,04134009,行政管理學系,D 日,B 學士,235,11,98,30 臺北市,1 一般
113,1015,世新大學,04134010,國際廉能治理碩士在職學位學程,N 職,M 碩士,0,0,1,30 臺北市,1 一般
113,1015,世新大學,04134011,非營利與社會企業碩士在職學位學程,N 職,M 碩士,2,0,3,30 臺北市,1 一般
113,1015,世新大學,04143019,公共關係暨廣告學系,D 日,M 碩士,27,0,7,30 臺北市,1 一般
113,1015,世新大學,04143019,公共關係暨廣告學系,N 職,M 碩士,47,0,10,30 臺北市,1 一般
113,1015,世新大學,04143019,公共關係暨廣告學系,D 日,B 學士,858,22,169,30 臺北市,1 一般
113,1015,世新大學,04199025,傳播管理學系,D 日,M 碩士,18,0,7,30 臺北市,1 一般
113,1015,世新大學,04199025,傳播管理學系,N 職,M 碩士,83,1,21,30 臺北市,1 一般
113,1015,世新大學,04199025,傳播管理學系,D 日,B 學士,666,19,149,30 臺北市,1 一般
113,1015,世新大學,04211026,法律學系,D 日,B 學士,460,15,98,30 臺北市,1 一般
113,1015,世新大學,04212026,法律學系,D 日,M 碩士,45,0,6,30 臺北市,1 一般
113,1015,世新大學,04212026,法律學系,N 職,M 碩士,57,0,9,30 臺北市,1 一般
113,1015,世新大學,04212039,智慧財產暨傳播科技法律研究所,D 日,M 碩士,5,1,1,30 臺北市,1 一般
113,1015,世新大學,04212039,智慧財產暨傳播科技法律研究所,N 職,M 碩士,11,0,5,30 臺北市,1 一般
113,1015,世新大學,06111042,智能系統暨科技創新產業碩士專班,D 日,M 碩士,18,0,13,30 臺北市,1 一般
113,1015,世新大學,06111046,雲端暨智能物聯產業碩士專班,D 日,M 碩士,1,0,14,30 臺北市,1 一般
113,1015,世新大學,06111049,雲端暨資通安全產業碩士專班,D 日,M 碩士,11,0,0,30 臺北市,1 一般
113,1015,世新大學,06131028,資訊管理學系,D 日,M 碩士,31,0,17,30 臺北市,1 一般
113,1015,世新大學,06131028,資訊管理學系,N 職,M 碩士,32,0,18,30 臺北市,1 一般
113,1015,世新大學,06131028,資訊管理學系,D 日,B 學士,644,21,185,30 臺北市,1 一般
113,1015,世新大學,10151029,觀光學系,D 日,M 碩士,13,0,7,30 臺北市,1 一般
113,1015,世新大學,10151029,觀光學系,N 職,M 碩士,44,0,16,30 臺北市,1 一般
113,1015,世新大學,10151029,觀光學系,D 日,B 學士,427,15,119,30 臺北市,1 一般
113,1015,世新大學,99999Z01,通識及共同科目,D 日,,0,2,0,30 臺北市,1 一般
113,1015,世新大學,99999Z03,軍訓教官,D 日,,0,6,0,30 臺北市,1 一般
113,1015,世新大學,99999Z07,體育室,D 日,,0,13,0,30 臺北市,1 一般
113,1016,銘傳大學,01111052,教育研究所,D 日,M 碩士,17,8,11,30 臺北市,1 一般
113,1016,銘傳大學,01111052,教育研究所,N 職,M 碩士,179,0,70,30 臺北市,1 一般
113,1016,銘傳大學,02112012,數位媒體設計學系,D 日,M 碩士,13,0,7,30 臺北市,1 一般
113,1016,銘傳大學,02112012,數位媒體設計學系,D 日,B 學士,605,15,141,30 臺北市,1 一般
113,1016,銘傳大學,02112072,商業設計學系設計創作與研究碩士班,D 日,M 碩士,14,0,3,30 臺北市,1 一般
113,1016,銘傳大學,02112072,商業設計學系,D 日,B 學士,454,11,111,30 臺北市,1 一般
113,1016,銘傳大學,02121090,動漫文創設計學士學位學程,D 日,B 學士,165,2,37,30 臺北市,1 一般
113,1016,銘傳大學,02123073,商品設計學系創新設計與管理碩士班,D 日,M 碩士,16,0,5,30 臺北市,1 一般
113,1016,銘傳大學,02123073,商品設計學系創新設計與管理碩士在職專班,N 職,M 碩士,5,0,2,30 臺北市,1 一般
113,1016,銘傳大學,02123073,商品設計學系,D 日,B 學士,362,11,120,30 臺北市,1 一般
113,1016,銘傳大學,02125095,時尚與創新管理學士學位學程,D 日,B 學士,145,3,30,30 臺北市,1 一般
113,1016,銘傳大學,02311010,應用日語學系,D 日,M 碩士,25,0,3,30 臺北市,1 一般
113,1016,銘傳大學,02311010,應用日語學系,D 日,B 學士,503,15,95,30 臺北市,1 一般
113,1016,銘傳大學,02311031,應用英語學系,D 日,M 碩士,17,0,5,30 臺北市,1 一般
113,1016,銘傳大學,02311031,應用英語學系,N 職,M 碩士,21,0,3,30 臺北市,1 一般
113,1016,銘傳大學,02311031,應用英語學系,D 日,B 學士,356,13,170,30 臺北市,1 一般
113,1016,銘傳大學,02322002,應用中國文學系,D 日,D 博士,19,0,8,30 臺北市,1 一般
113,1016,銘傳大學,02322002,應用中國文學系,D 日,M 碩士,16,0,3,30 臺北市,1 一般
113,1016,銘傳大學,02322002,應用中國文學系,N 職,M 碩士,15,0,5,30 臺北市,1 一般
113,1016,銘傳大學,02322002,應用中國文學系,D 日,B 學士,216,12,68,30 臺北市,1 一般
113,1016,銘傳大學,02323042,華語文教學碩士學位學程,D 日,M 碩士,2,0,0,30 臺北市,1 一般
113,1016,銘傳大學,02323042,華語文教學學系,D 日,B 學士,155,7,67,30 臺北市,1 一般
113,1016,銘傳大學,03122004,國際事務碩士學位學程(外國學生專班),D 日,M 碩士,18,2,9,30 臺北市,1 一般
113,1016,銘傳大學,03122005,國際事務與外交學士學位學程,D 日,B 學士,137,3,50,30 臺北市,1 一般
113,1016,銘傳大學,03131102,諮商臨床與工商心理學系,D 日,M 碩士,110,0,30,30 臺北市,1 一般
113,1016,銘傳大學,03131102,諮商臨床與工商心理學系,N 職,M 碩士,46,0,21,30 臺北市,1 一般
113,1016,銘傳大學,03131102,諮商臨床與工商心理學系,D 日,B 學士,466,13,62,30 臺北市,1 一般
113,1016,銘傳大學,03141088,犯罪防治學系,D 日,M 碩士,21,0,10,30 臺北市,1 一般
113,1016,銘傳大學,03141088,犯罪防治學系兩岸與犯罪防治碩士在職專班,N 職,M 碩士,66,0,11,30 臺北市,1 一般
113,1016,銘傳大學,03141088,犯罪防治學系,D 日,B 學士,485,14,98,30 臺北市,1 一般
113,1016,銘傳大學,03141103,刑事司法碩士學位學程,D 日,,0,1,0,30 臺北市,1 一般
113,1016,銘傳大學,03211047,廣播電視學系,D 日,B 學士,423,9,97,30 臺北市,1 一般
113,1016,銘傳大學,03211063,新聞與大眾傳播學士學位學程,D 日,B 學士,231,4,41,30 臺北市,1 一般
113,1016,銘傳大學,03212046,新聞學系,D 日,B 學士,0,0,47,30 臺北市,1 一般
113,1016,銘傳大學,03212104,影音新聞暨社群傳播學系,D 日,B 學士,158,7,0,30 臺北市,1 一般
113,1016,銘傳大學,03213064,新媒體暨傳播管理學系,D 日,M 碩士,25,0,4,30 臺北市,1 一般
113,1016,銘傳大學,03213064,新媒體暨傳播管理學系,N 職,M 碩士,18,0,7,30 臺北市,1 一般
113,1016,銘傳大學,03213064,新媒體暨傳播管理學系,D 日,B 學士,310,8,70,30 臺北市,1 一般
113,1016,銘傳大學,04111032,會計學系,D 日,M 碩士,23,0,10,30 臺北市,1 一般
113,1016,銘傳大學,04111032,會計學系,D 日,B 學士,686,17,155,30 臺北市,1 一般
113,1016,銘傳大學,04121020,財務金融學系,D 日,M 碩士,27,0,13,30 臺北市,1 一般
113,1016,銘傳大學,04121020,財務金融學系,N 職,M 碩士,28,0,13,30 臺北市,1 一般
113,1016,銘傳大學,04121020,財務金融學系,D 日,B 學士,748,23,163,30 臺北市,1 一般
113,1016,銘傳大學,04121021,金融學系,D 日,M 碩士,8,0,0,30 臺北市,1 一般
113,1016,銘傳大學,04121021,金融學系,D 日,B 學士,301,11,0,30 臺北市,1 一般
113,1016,銘傳大學,04121059,經濟與金融學系,D 日,M 碩士,0,0,7,30 臺北市,1 一般
113,1016,銘傳大學,04121059,經濟與金融學系,D 日,B 學士,0,0,96,30 臺北市,1 一般
113,1016,銘傳大學,04123056,風險管理與保險學系,D 日,M 碩士,16,0,9,30 臺北市,1 一般
113,1016,銘傳大學,04123056,風險管理與保險學系,N 職,M 碩士,10,0,2,30 臺北市,1 一般
113,1016,銘傳大學,04123056,風險管理與保險學系,D 日,B 學士,403,13,92,30 臺北市,1 一般
113,1016,銘傳大學,04131017,國際企業與貿易學士學位學程,D 日,B 學士,555,9,130,30 臺北市,1 一般
113,1016,銘傳大學,04131036,企業管理學系,D 日,D 博士,48,0,3,30 臺北市,1 一般
113,1016,銘傳大學,04131036,企業管理學系,D 日,M 碩士,47,0,29,30 臺北市,1 一般
113,1016,銘傳大學,04131036,企業管理學系,N 職,M 碩士,38,0,10,30 臺北市,1 一般
113,1016,銘傳大學,04131036,企業管理學系,D 日,B 學士,782,25,172,30 臺北市,1 一般
113,1016,銘傳大學,04131061,國際企業學系,D 日,M 碩士,52,0,30,30 臺北市,1 一般
113,1016,銘傳大學,04131061,國際企業學系,N 職,M 碩士,31,0,9,30 臺北市,1 一般
113,1016,銘傳大學,04131061,國際企業學系,D 日,B 學士,737,24,180,30 臺北市,1 一般
113,1016,銘傳大學,04131100,國際學院工商管理學士學位學程泰國境外專班,D 日,B 學士,21,0,0,30 臺北市,1 一般
113,1016,銘傳大學,04133022,醫療資訊與管理學系健康產業管理碩士班,D 日,M 碩士,11,0,7,30 臺北市,1 一般
113,1016,銘傳大學,04133022,醫療資訊與管理學系,D 日,B 學士,316,9,87,30 臺北市,1 一般
113,1016,銘傳大學,04134099,公共事務與行政管理學系,D 日,M 碩士,8,0,4,30 臺北市,1 一般
113,1016,銘傳大學,04134099,公共事務與行政管理學系,N 職,M 碩士,52,0,15,30 臺北市,1 一般
113,1016,銘傳大學,04134099,公共事務與行政管理學系,D 日,B 學士,224,9,53,30 臺北市,1 一般
113,1016,銘傳大學,04141097,國際商務管理泰國境外學士學位學程,D 日,B 學士,0,0,3,30 臺北市,1 一般
113,1016,銘傳大學,04143015,廣告暨策略行銷學系,D 日,B 學士,371,8,74,30 臺北市,1 一般
113,1016,銘傳大學,04199027,時尚創意管理學士學位學程,D 日,,0,2,0,30 臺北市,1 一般
113,1016,銘傳大學,04199027,時尚創意管理學士學位學程,D 日,B 學士,0,0,3,30 臺北市,1 一般
113,1016,銘傳大學,04199071,高階經理碩士在職學位學程,N 職,M 碩士,19,2,3,30 臺北市,1 一般
113,1016,銘傳大學,04199089,金融科技應用學士學位學程,D 日,B 學士,174,2,34,30 臺北市,1 一般
113,1016,銘傳大學,04199094,金融科技碩士學位學程,D 日,M 碩士,31,3,5,30 臺北市,1 一般
113,1016,銘傳大學,04211039,法律學系,D 日,M 碩士,36,0,4,30 臺北市,1 一般
113,1016,銘傳大學,04211039,法律學系,N 職,M 碩士,61,0,8,30 臺北市,1 一般
113,1016,銘傳大學,04211039,法律學系,D 日,B 學士,419,11,96,30 臺北市,1 一般
113,1016,銘傳大學,04212024,財金法律學系,D 日,M 碩士,28,0,6,30 臺北市,1 一般
113,1016,銘傳大學,04212024,財金法律學系,D 日,B 學士,206,10,46,30 臺北市,1 一般
113,1016,銘傳大學,05121009,生物科技學系,D 日,M 碩士,14,0,4,30 臺北市,1 一般
113,1016,銘傳大學,05121009,生物科技學系,D 日,B 學士,383,13,89,30 臺北市,1 一般
113,1016,銘傳大學,05421079,應用統計與資料科學學系,D 日,M 碩士,13,0,4,30 臺北市,1 一般
113,1016,銘傳大學,05421079,應用統計與資料科學學系,D 日,B 學士,224,9,81,30 臺北市,1 一般
113,1016,銘傳大學,06131029,資訊工程學系,D 日,M 碩士,24,0,5,30 臺北市,1 一般
113,1016,銘傳大學,06131029,資訊工程學系,D 日,B 學士,602,16,93,30 臺北市,1 一般
113,1016,銘傳大學,06131045,資訊管理學系,D 日,M 碩士,19,0,3,30 臺北市,1 一般
113,1016,銘傳大學,06131045,資訊管理學系,N 職,M 碩士,9,0,2,30 臺北市,1 一般
113,1016,銘傳大學,06131045,資訊管理學系,D 日,B 學士,633,18,134,30 臺北市,1 一般
113,1016,銘傳大學,06132101,人工智慧應用學系,D 日,M 碩士,15,0,7,30 臺北市,1 一般
113,1016,銘傳大學,06132101,人工智慧應用學系,D 日,B 學士,402,11,67,30 臺北市,1 一般
113,1016,銘傳大學,06134068,資訊科技應用學士學位學程,D 日,,0,1,0,30 臺北市,1 一般
113,1016,銘傳大學,06134068,資訊科技應用學士學位學程,D 日,B 學士,1,0,6,30 臺北市,1 一般
113,1016,銘傳大學,06134096,資訊科技應用與管理學士學位學程,D 日,B 學士,79,2,21,30 臺北市,1 一般
113,1016,銘傳大學,07141025,電子工程學系,D 日,M 碩士,15,0,3,30 臺北市,1 一般
113,1016,銘傳大學,07141025,電子工程學系,D 日,B 學士,339,10,71,30 臺北市,1 一般
113,1016,銘傳大學,07141050,電腦與通訊工程學系,D 日,M 碩士,18,0,10,30 臺北市,1 一般
113,1016,銘傳大學,07141050,電腦與通訊工程學系,D 日,B 學士,361,11,78,30 臺北市,1 一般
113,1016,銘傳大學,07141105,半導體應用學士學位學程,D 日,B 學士,41,1,0,30 臺北市,1 一般
113,1016,銘傳大學,07193043,生物醫學工程學系,D 日,B 學士,183,7,42,30 臺北市,1 一般
113,1016,銘傳大學,07311026,建築學系,D 日,M 碩士,14,0,2,30 臺北市,1 一般
113,1016,銘傳大學,07311026,建築學系,D 日,B 學士,262,9,49,30 臺北市,1 一般
113,1016,銘傳大學,07313048,都市規劃與防災學系,D 日,D 博士,6,0,0,30 臺北市,1 一般
113,1016,銘傳大學,07313048,都市規劃與防災學系,D 日,M 碩士,14,0,2,30 臺北市,1 一般
113,1016,銘傳大學,07313048,都市規劃與防災學系,N 職,M 碩士,9,1,10,30 臺北市,1 一般
113,1016,銘傳大學,07313048,都市規劃與防災學系,D 日,B 學士,172,10,32,30 臺北市,1 一般
113,1016,銘傳大學,10131044,餐旅管理學系,D 日,B 學士,428,8,112,30 臺北市,1 一般
113,1016,銘傳大學,10151008,旅遊與觀光學士學位學程,D 日,B 學士,74,2,26,30 臺北市,1 一般
113,1016,銘傳大學,10151033,觀光事業學系,D 日,M 碩士,16,0,8,30 臺北市,1 一般
113,1016,銘傳大學,10151033,觀光事業學系,N 職,M 碩士,51,0,27,30 臺北市,1 一般
113,1016,銘傳大學,10151033,觀光事業學系,D 日,B 學士,267,10,70,30 臺北市,1 一般
113,1016,銘傳大學,10152076,休閒遊憩管理學系,D 日,B 學士,248,6,45,30 臺北市,1 一般
113,1016,銘傳大學,99999Z01,通識及共同科目,D 日,,0,13,0,30 臺北市,1 一般
113,1016,銘傳大學,99999Z05,師資培育中心,D 日,,0,5,0,30 臺北市,1 一般
113,1016,銘傳大學,99999Z07,體育室,D 日,,0,11,0,30 臺北市,1 一般
113,1016,銘傳大學,99999Z08,語言中心,D 日,,0,18,0,30 臺北市,1 一般
113,1017,實踐大學,02112012,媒體傳達設計學系,D 日,M 碩士,31,0,15,30 臺北市,1 一般
113,1017,實踐大學,02112012,媒體傳達設計學系,D 日,B 學士,405,11,54,30 臺北市,1 一般
113,1017,實踐大學,02112013,電腦動畫學士學位學程,D 日,B 學士,214,5,42,30 臺北市,1 一般
113,1017,實踐大學,02112039,資訊模擬與設計學系,D 日,B 學士,254,7,66,30 臺北市,1 一般
113,1017,實踐大學,02112058,視覺特效學士學位學程,D 日,B 學士,14,2,0,30 臺北市,1 一般
113,1017,實踐大學,02121057,建築職人學士學位學程,D 日,B 學士,45,2,0,30 臺北市,1 一般
113,1017,實踐大學,02122009,時尚設計學系,D 日,B 學士,425,10,90,30 臺北市,1 一般
113,1017,實踐大學,02123014,工業產品設計學系,D 日,M 碩士,51,0,15,30 臺北市,1 一般
113,1017,實踐大學,02123014,工業產品設計學系,N 職,M 碩士,1,0,1,30 臺北市,1 一般
113,1017,實踐大學,02123014,工業產品設計學系,D 日,B 學士,255,11,39,30 臺北市,1 一般
113,1017,實踐大學,02125051,服裝設計學系,D 日,M 碩士,48,0,13,30 臺北市,1 一般
113,1017,實踐大學,02125051,服裝設計學系,N 職,M 碩士,25,0,7,30 臺北市,1 一般
113,1017,實踐大學,02125051,服裝設計學系,D 日,B 學士,541,14,102,30 臺北市,1 一般
113,1017,實踐大學,02125051,服裝設計學系,P 進,B 學士,296,0,58,30 臺北市,1 一般
113,1017,實踐大學,02125053,服飾設計與經營學系,D 日,B 學士,358,8,119,30 臺北市,1 一般
113,1017,實踐大學,02125053,服飾設計與經營學系,P 進,B 學士,7,0,13,30 臺北市,1 一般
113,1017,實踐大學,02151001,音樂學系,D 日,M 碩士,18,0,6,30 臺北市,1 一般
113,1017,實踐大學,02151001,音樂學系,D 日,B 學士,146,9,28,30 臺北市,1 一般
113,1017,實踐大學,02311004,應用外語學系,D 日,B 學士,347,8,82,30 臺北市,1 一般
113,1017,實踐大學,02311004,應用外語學系,P 進,B 學士,51,0,36,30 臺北市,1 一般
113,1017,實踐大學,02311005,應用英語學系,D 日,B 學士,47,3,30,30 臺北市,1 一般
113,1017,實踐大學,02311006,應用日文學系,D 日,B 學士,304,7,53,30 臺北市,1 一般
113,1017,實踐大學,02322002,應用中文學系,D 日,B 學士,43,3,28,30 臺北市,1 一般
113,1017,實踐大學,03131045,家庭研究與兒童發展學系家庭諮商與輔導碩士班,D 日,M 碩士,55,0,14,30 臺北市,1 一般
113,1017,實踐大學,04111019,會計學系,D 日,B 學士,306,7,80,30 臺北市,1 一般
113,1017,實踐大學,04111020,會計暨稅務學系,D 日,B 學士,92,7,44,30 臺北市,1 一般
113,1017,實踐大學,04121029,財務金融學系,D 日,M 碩士,9,0,7,30 臺北市,1 一般
113,1017,實踐大學,04121029,財務金融學系,D 日,B 學士,412,11,95,30 臺北市,1 一般
113,1017,實踐大學,04121029,財務金融學系,P 進,B 學士,59,0,21,30 臺北市,1 一般
113,1017,實踐大學,04121032,金融管理學系,D 日,B 學士,189,7,48,30 臺北市,1 一般
113,1017,實踐大學,04123033,風險管理與保險學系,D 日,B 學士,373,8,76,30 臺北市,1 一般
113,1017,實踐大學,04123033,風險管理與保險學系,P 進,B 學士,0,0,1,30 臺北市,1 一般
113,1017,實踐大學,04131021,企業管理學系,D 日,M 碩士,21,0,5,30 臺北市,1 一般
113,1017,實踐大學,04131021,企業管理學系,N 職,M 碩士,17,0,12,30 臺北市,1 一般
113,1017,實踐大學,04131021,企業管理學系,D 日,B 學士,438,11,89,30 臺北市,1 一般
113,1017,實踐大學,04131021,企業管理學系,P 進,B 學士,150,0,74,30 臺北市,1 一般
113,1017,實踐大學,04131022,國際企業管理學系,D 日,B 學士,156,7,51,30 臺北市,1 一般
113,1017,實踐大學,04131023,國際企業英語碩士學位學程,D 日,M 碩士,16,0,7,30 臺北市,1 一般
113,1017,實踐大學,04131023,國際企業英語學士學位學程,D 日,B 學士,170,5,44,30 臺北市,1 一般
113,1017,實踐大學,04131056,東南亞智慧商務學士學位學程,D 日,B 學士,21,2,0,30 臺北市,1 一般
113,1017,實踐大學,04141026,國際貿易學系,D 日,B 學士,49,3,22,30 臺北市,1 一般
113,1017,實踐大學,04141028,國際經營與貿易學系,D 日,B 學士,402,8,100,30 臺北市,1 一般
113,1017,實踐大學,04141028,國際經營與貿易學系,P 進,B 學士,4,0,16,30 臺北市,1 一般
113,1017,實踐大學,04143035,行銷管理學系,D 日,B 學士,45,5,52,30 臺北市,1 一般
113,1017,實踐大學,04199036,管理學院創意產業博士班,D 日,D 博士,25,3,2,30 臺北市,1 一般
113,1017,實踐大學,04211055,法律學系,D 日,B 學士,84,5,0,30 臺北市,1 一般
113,1017,實踐大學,05191043,食品營養與保健生技學系,D 日,M 碩士,10,0,1,30 臺北市,1 一般
113,1017,實踐大學,05191043,食品營養與保健生技學系,D 日,B 學士,363,12,105,30 臺北市,1 一般
113,1017,實踐大學,05191043,食品營養與保健生技學系,N 修,C 二技,80,0,21,30 臺北市,1 一般
113,1017,實踐大學,06131037,資訊科技與管理學系,D 日,M 碩士,15,0,3,30 臺北市,1 一般
113,1017,實踐大學,06131037,資訊科技與管理學系,D 日,B 學士,390,9,102,30 臺北市,1 一般
113,1017,實踐大學,06131038,資訊管理學系,D 日,B 學士,137,9,20,30 臺北市,1 一般
113,1017,實踐大學,06131040,資訊科技與通訊學系,D 日,B 學士,195,7,45,30 臺北市,1 一般
113,1017,實踐大學,07311041,建築設計學系,D 日,M 碩士,24,0,1,30 臺北市,1 一般
113,1017,實踐大學,07311041,建築設計學系,D 日,B 學士,245,10,32,30 臺北市,1 一般
113,1017,實踐大學,09211045,家庭研究與兒童發展學系,N 職,M 碩士,62,0,8,30 臺北市,1 一般
113,1017,實踐大學,09221045,家庭研究與兒童發展學系,D 日,B 學士,228,10,56,30 臺北市,1 一般
113,1017,實踐大學,09221045,家庭研究與兒童發展學系,P 進,B 學士,135,1,26,30 臺北市,1 一般
113,1017,實踐大學,09231044,社會工作學系,D 日,M 碩士,18,0,5,30 臺北市,1 一般
113,1017,實踐大學,09231044,社會工作學系,D 日,B 學士,403,12,103,30 臺北市,1 一般
113,1017,實踐大學,09231044,社會工作學系,P 進,B 學士,81,0,33,30 臺北市,1 一般
113,1017,實踐大學,10131046,餐飲管理學系餐飲產業創新碩士班,D 日,M 碩士,14,0,5,30 臺北市,1 一般
113,1017,實踐大學,10131046,餐飲管理學系,D 日,B 學士,304,9,56,30 臺北市,1 一般
113,1017,實踐大學,10131046,餐飲管理學系,P 進,B 學士,110,0,35,30 臺北市,1 一般
113,1017,實踐大學,10131054,智慧服務管理英語學士學位學程,D 日,B 學士,111,2,16,30 臺北市,1 一般
113,1017,實踐大學,10151047,觀光管理學系,D 日,B 學士,174,9,86,30 臺北市,1 一般
113,1017,實踐大學,10151047,觀光管理學系,P 進,B 學士,26,0,4,30 臺北市,1 一般
113,1017,實踐大學,10152049,休閒產業管理學系,D 日,B 學士,161,7,33,30 臺北市,1 一般
113,1017,實踐大學,99999Z01,通識及共同科目,D 日,,0,5,0,30 臺北市,1 一般
113,1018,朝陽科技大學,02112003,視覺傳達設計系碩士班,D 日,M 碩士,21,0,2,06 臺中市,2 技職
113,1018,朝陽科技大學,02112003,視覺傳達設計系,D 日,B 四技,528,15,123,06 臺中市,2 技職
113,1018,朝陽科技大學,02112003,視覺傳達設計系,N 修,B 四技,79,0,28,06 臺中市,2 技職
113,1018,朝陽科技大學,02112003,視覺傳達設計系_香港二技專班,D 日,C 二技,5,0,3,06 臺中市,2 技職
113,1018,朝陽科技大學,02122028,建築系建築及都市設計博士班,D 日,D 博士,20,0,3,06 臺中市,2 技職
113,1018,朝陽科技大學,02123004,工業設計系碩士班,D 日,M 碩士,23,0,4,06 臺中市,2 技職
113,1018,朝陽科技大學,02123004,工業設計系,N 職,M 碩士,1,0,2,06 臺中市,2 技職
113,1018,朝陽科技大學,02123004,工業設計系,D 日,B 四技,448,16,103,06 臺中市,2 技職
113,1018,朝陽科技大學,02123004,工業設計系,N 修,B 四技,41,0,27,06 臺中市,2 技職
113,1018,朝陽科技大學,02123004,工業設計系_香港二技專班,D 日,C 二技,1,0,1,06 臺中市,2 技職
113,1018,朝陽科技大學,02311001,應用英語系碩士班,D 日,M 碩士,17,0,2,06 臺中市,2 技職
113,1018,朝陽科技大學,02311001,應用英語系,D 日,B 四技,397,13,115,06 臺中市,2 技職
113,1018,朝陽科技大學,02311001,應用英語系,N 修,B 四技,3,0,1,06 臺中市,2 技職
113,1018,朝陽科技大學,03211006,傳播藝術系,D 日,B 四技,461,14,105,06 臺中市,2 技職
113,1018,朝陽科技大學,03211006,傳播藝術系,N 修,B 四技,112,0,20,06 臺中市,2 技職
113,1018,朝陽科技大學,03211006,傳播藝術系_香港二技專班,D 日,C 二技,2,0,7,06 臺中市,2 技職
113,1018,朝陽科技大學,04111007,會計系碩士班,D 日,M 碩士,14,0,10,06 臺中市,2 技職
113,1018,朝陽科技大學,04111007,會計系,D 日,B 四技,386,13,113,06 臺中市,2 技職
113,1018,朝陽科技大學,04121010,財務金融系碩士班,D 日,M 碩士,14,0,12,06 臺中市,2 技職
113,1018,朝陽科技大學,04121010,財務金融系碩士在職專班,N 職,M 碩士,14,0,6,06 臺中市,2 技職
113,1018,朝陽科技大學,04121010,財務金融系,D 日,B 四技,676,17,142,06 臺中市,2 技職
113,1018,朝陽科技大學,04123011,保險金融管理系碩士班,D 日,M 碩士,16,0,18,06 臺中市,2 技職
113,1018,朝陽科技大學,04123011,保險金融管理系碩士在職專班,N 職,M 碩士,35,0,5,06 臺中市,2 技職
113,1018,朝陽科技大學,04123011,保險金融管理系,D 日,B 四技,573,15,127,06 臺中市,2 技職
113,1018,朝陽科技大學,04131008,企業管理系台灣產業策略發展博士班,D 日,D 博士,45,0,7,06 臺中市,2 技職
113,1018,朝陽科技大學,04131008,企業管理系碩士班,D 日,M 碩士,61,0,6,06 臺中市,2 技職
113,1018,朝陽科技大學,04131008,企業管理系,N 職,M 碩士,47,0,14,06 臺中市,2 技職
113,1018,朝陽科技大學,04131008,企業管理系,D 日,B 四技,734,22,146,06 臺中市,2 技職
113,1018,朝陽科技大學,04131008,企業管理系,N 修,B 四技,119,0,24,06 臺中市,2 技職
113,1018,朝陽科技大學,04132012,行銷與流通管理系碩士班,D 日,M 碩士,34,0,9,06 臺中市,2 技職
113,1018,朝陽科技大學,04132012,行銷與流通管理系,D 日,B 四技,765,15,148,06 臺中市,2 技職
113,1018,朝陽科技大學,04132012,行銷與流通管理系,N 修,B 四技,70,0,54,06 臺中市,2 技職
113,1018,朝陽科技大學,04132012,行銷與流通管理系_香港二技專班,D 日,C 二技,1,0,1,06 臺中市,2 技職
113,1018,朝陽科技大學,05121017,應用化學系生化科技博士班,D 日,D 博士,14,0,2,06 臺中市,2 技職
113,1018,朝陽科技大學,05311017,應用化學系碩士班,D 日,M 碩士,15,0,6,06 臺中市,2 技職
113,1018,朝陽科技大學,05311017,應用化學系碩士在職專班,N 職,M 碩士,5,0,2,06 臺中市,2 技職
113,1018,朝陽科技大學,05311017,應用化學系,D 日,B 四技,255,11,42,06 臺中市,2 技職
113,1018,朝陽科技大學,06111023,資訊與通訊系,D 日,B 四技,349,14,94,06 臺中市,2 技職
113,1018,朝陽科技大學,06111023,資訊與通訊系_香港二技專班,D 日,C 二技,0,0,1,06 臺中市,2 技職
113,1018,朝陽科技大學,06131019,資訊管理系博士班,D 日,D 博士,17,0,6,06 臺中市,2 技職
113,1018,朝陽科技大學,06131019,資訊管理系碩士班,D 日,M 碩士,46,0,12,06 臺中市,2 技職
113,1018,朝陽科技大學,06131019,資訊管理系碩士在職專班,N 職,M 碩士,15,0,7,06 臺中市,2 技職
113,1018,朝陽科技大學,06131019,資訊管理系,D 日,B 四技,726,22,146,06 臺中市,2 技職
113,1018,朝陽科技大學,06131019,資訊管理系,N 修,B 四技,50,0,15,06 臺中市,2 技職
113,1018,朝陽科技大學,06131019,資訊管理系_香港二技專班,D 日,C 二技,1,0,0,06 臺中市,2 技職
113,1018,朝陽科技大學,06132023,資訊與通訊系碩士班,D 日,M 碩士,48,0,12,06 臺中市,2 技職
113,1018,朝陽科技大學,07121027,環境工程與管理系碩士班,D 日,M 碩士,35,0,17,06 臺中市,2 技職
113,1018,朝陽科技大學,07121027,環境工程與管理系,N 職,M 碩士,0,0,2,06 臺中市,2 技職
113,1018,朝陽科技大學,07121027,環境工程與管理系,D 日,B 四技,328,11,95,06 臺中市,2 技職
113,1018,朝陽科技大學,07141020,資訊工程系碩士班,D 日,M 碩士,42,0,13,06 臺中市,2 技職
113,1018,朝陽科技大學,07141020,資訊工程系碩士在職專班,N 職,M 碩士,1,0,5,06 臺中市,2 技職
113,1018,朝陽科技大學,07141020,資訊工程系,D 日,B 四技,442,15,76,06 臺中市,2 技職
113,1018,朝陽科技大學,07141020,資訊工程系,N 修,B 四技,3,0,2,06 臺中市,2 技職
113,1018,朝陽科技大學,07162039,航空機械系,D 日,B 四技,375,8,45,06 臺中市,2 技職
113,1018,朝陽科技大學,07162044,航空科技研究所,D 日,M 碩士,6,4,0,06 臺中市,2 技職
113,1018,朝陽科技大學,07191026,工業工程與管理系碩士班,D 日,M 碩士,31,0,14,06 臺中市,2 技職
113,1018,朝陽科技大學,07191026,工業工程與管理系,N 職,M 碩士,3,0,2,06 臺中市,2 技職
113,1018,朝陽科技大學,07191026,工業工程與管理系,D 日,B 四技,545,15,114,06 臺中市,2 技職
113,1018,朝陽科技大學,07191026,工業工程與管理系,N 修,B 四技,79,0,23,06 臺中市,2 技職
113,1018,朝陽科技大學,07311028,建築系建築及都市設計碩士班,D 日,M 碩士,28,0,7,06 臺中市,2 技職
113,1018,朝陽科技大學,07311028,建築系,D 日,B 四技,482,12,91,06 臺中市,2 技職
113,1018,朝陽科技大學,07312031,景觀及都市設計系碩士班,D 日,M 碩士,28,0,5,06 臺中市,2 技職
113,1018,朝陽科技大學,07312031,景觀及都市設計系,D 日,B 四技,355,12,59,06 臺中市,2 技職
113,1018,朝陽科技大學,07312042,景觀系,D 日,B 四技,0,0,2,06 臺中市,2 技職
113,1018,朝陽科技大學,07312043,景觀造園與維護系,D 日,B 四技,5,0,3,06 臺中市,2 技職
113,1018,朝陽科技大學,07321025,營建工程系博士班,D 日,D 博士,5,0,3,06 臺中市,2 技職
113,1018,朝陽科技大學,07321025,營建工程系碩士班,D 日,M 碩士,42,0,11,06 臺中市,2 技職
113,1018,朝陽科技大學,07321025,營建工程系,N 職,M 碩士,5,0,0,06 臺中市,2 技職
113,1018,朝陽科技大學,07321025,營建工程系,D 日,B 四技,431,16,98,06 臺中市,2 技職
113,1018,朝陽科技大學,07321025,營建工程系_國際產業人才教育專班,D 日,C 二技,10,0,0,06 臺中市,2 技職
113,1018,朝陽科技大學,09211014,銀髮產業管理系碩士班,D 日,M 碩士,31,0,4,06 臺中市,2 技職
113,1018,朝陽科技大學,09211014,銀髮產業管理系,D 日,B 四技,292,11,91,06 臺中市,2 技職
113,1018,朝陽科技大學,09221035,幼兒保育系碩士班,D 日,M 碩士,38,0,16,06 臺中市,2 技職
113,1018,朝陽科技大學,09221035,幼兒保育系碩士在職專班,N 職,M 碩士,59,0,8,06 臺中市,2 技職
113,1018,朝陽科技大學,09221035,幼兒保育系,D 日,B 四技,469,17,100,06 臺中市,2 技職
113,1018,朝陽科技大學,09221035,幼兒保育系,N 修,B 四技,88,0,42,06 臺中市,2 技職
113,1018,朝陽科技大學,09231034,社會工作系碩士班,D 日,M 碩士,18,0,1,06 臺中市,2 技職
113,1018,朝陽科技大學,09231034,社會工作系碩士在職專班,N 職,M 碩士,19,0,3,06 臺中市,2 技職
113,1018,朝陽科技大學,09231034,社會工作系,D 日,B 四技,323,10,78,06 臺中市,2 技職
113,1018,朝陽科技大學,09231034,社會工作系,N 修,B 四技,6,0,4,06 臺中市,2 技職
113,1018,朝陽科技大學,10152036,休閒事業管理系碩士班,D 日,M 碩士,24,0,10,06 臺中市,2 技職
113,1018,朝陽科技大學,10152036,休閒事業管理系碩士在職專班,N 職,M 碩士,34,0,16,06 臺中市,2 技職
113,1018,朝陽科技大學,10152036,休閒事業管理系,D 日,B 四技,491,18,121,06 臺中市,2 技職
113,1018,朝陽科技大學,10152036,休閒事業管理系,N 修,B 四技,273,0,72,06 臺中市,2 技職
113,1018,朝陽科技大學,10152036,休閒事業管理系_香港二技專班,D 日,C 二技,0,0,1,06 臺中市,2 技職
113,1018,朝陽科技大學,10413040,飛行與民航人員技術系,D 日,B 四技,300,9,0,06 臺中市,2 技職
113,1018,朝陽科技大學,10413041,航空運務系,D 日,B 四技,102,6,0,06 臺中市,2 技職
113,1018,朝陽科技大學,99999Z01,通識及共同科目,D 日,,0,15,0,06 臺中市,2 技職
113,1018,朝陽科技大學,99999Z03,軍訓教官,D 日,,0,3,0,06 臺中市,2 技職
113,1018,朝陽科技大學,99999Z03,軍訓教官,N 修,,0,1,0,06 臺中市,2 技職
113,1018,朝陽科技大學,99999Z05,師資培育中心,D 日,,0,6,0,06 臺中市,2 技職
113,1018,朝陽科技大學,99999Z08,語言中心,D 日,,0,15,0,06 臺中市,2 技職
113,1019,高雄醫學大學,03131002,心理學系,D 日,M 碩士,75,0,31,50 高雄市,1 一般
113,1019,高雄醫學大學,03131002,心理學系,D 日,B 學士,223,11,51,50 高雄市,1 一般
113,1019,高雄醫學大學,03141001,性別研究所,D 日,M 碩士,38,5,6,50 高雄市,1 一般
113,1019,高雄醫學大學,04133003,醫務管理暨醫療資訊學系,D 日,M 碩士,25,0,12,50 高雄市,1 一般
113,1019,高雄醫學大學,04133003,醫務管理暨醫療資訊學系,N 職,M 碩士,52,0,20,50 高雄市,1 一般
113,1019,高雄醫學大學,04133003,醫務管理暨醫療資訊學系,D 日,B 學士,217,10,49,50 高雄市,1 一般
113,1019,高雄醫學大學,05111016,生物醫學暨環境生物學系,D 日,M 碩士,14,0,3,50 高雄市,1 一般
113,1019,高雄醫學大學,05111016,生物醫學暨環境生物學系,D 日,B 學士,171,14,41,50 高雄市,1 一般
113,1019,高雄醫學大學,05121005,生物科技學系,D 日,M 碩士,17,0,4,50 高雄市,1 一般
113,1019,高雄醫學大學,05121005,生物科技學系,D 日,B 學士,162,8,35,50 高雄市,1 一般
113,1019,高雄醫學大學,05121050,生命科學博士學位學程,D 日,D 博士,23,0,1,50 高雄市,1 一般
113,1019,高雄醫學大學,05121051,生命科學院學士班,D 日,B 學士,27,0,4,50 高雄市,1 一般
113,1019,高雄醫學大學,05199052,生命科學院醫藥化學暨生物科技碩士班,D 日,M 碩士,4,0,2,50 高雄市,1 一般
113,1019,高雄醫學大學,05311017,醫藥暨應用化學系,D 日,D 博士,27,0,6,50 高雄市,1 一般
113,1019,高雄醫學大學,05311017,醫藥暨應用化學系,D 日,M 碩士,33,0,8,50 高雄市,1 一般
113,1019,高雄醫學大學,05311017,醫藥暨應用化學系,D 日,B 學士,333,21,81,50 高雄市,1 一般
113,1019,高雄醫學大學,06134053,人工智慧健康產業應用碩士學位學程,D 日,M 碩士,7,2,2,50 高雄市,1 一般
113,1019,高雄醫學大學,07193041,生物醫學工程博士學位學程,D 日,D 博士,16,2,0,50 高雄市,1 一般
113,1019,高雄醫學大學,09111044,牙醫學系,D 日,D 博士,17,0,4,50 高雄市,1 一般
113,1019,高雄醫學大學,09111044,牙醫學系,D 日,M 碩士,23,0,5,50 高雄市,1 一般
113,1019,高雄醫學大學,09111044,牙醫學系,N 職,M 碩士,11,0,3,50 高雄市,1 一般
113,1019,高雄醫學大學,09111044,牙醫學系,D 日,B 學士,532,22,89,50 高雄市,1 一般
113,1019,高雄醫學大學,09111046,口腔衛生學系,D 日,M 碩士,8,0,2,50 高雄市,1 一般
113,1019,高雄醫學大學,09111046,口腔衛生學系,N 職,M 碩士,32,0,4,50 高雄市,1 一般
113,1019,高雄醫學大學,09111046,口腔衛生學系,D 日,B 學士,145,8,25,50 高雄市,1 一般
113,1019,高雄醫學大學,09121011,醫學研究所,D 日,D 博士,63,0,9,50 高雄市,1 一般
113,1019,高雄醫學大學,09121011,醫學研究所,D 日,M 碩士,79,0,28,50 高雄市,1 一般
113,1019,高雄醫學大學,09121011,醫學系,D 日,B 學士,1098,213,198,50 高雄市,1 一般
113,1019,高雄醫學大學,09121018,臨床醫學研究所,D 日,D 博士,43,0,3,50 高雄市,1 一般
113,1019,高雄醫學大學,09121018,臨床醫學研究所,D 日,M 碩士,40,9,14,50 高雄市,1 一般
113,1019,高雄醫學大學,09121019,熱帶醫學碩士學位學程,D 日,M 碩士,9,2,6,50 高雄市,1 一般
113,1019,高雄醫學大學,09121020,轉譯醫學博士學位學程,D 日,,0,2,0,50 高雄市,1 一般
113,1019,高雄醫學大學,09121020,轉譯醫學博士學位學程,D 日,D 博士,1,0,0,50 高雄市,1 一般
113,1019,高雄醫學大學,09131032,護理學系,D 日,D 博士,48,0,7,50 高雄市,1 一般
113,1019,高雄醫學大學,09131032,護理學系,D 日,M 碩士,76,0,27,50 高雄市,1 一般
113,1019,高雄醫學大學,09131032,護理學系,D 日,B 學士,271,30,64,50 高雄市,1 一般
113,1019,高雄醫學大學,09141036,醫學檢驗生物技術學系,D 日,D 博士,9,0,1,50 高雄市,1 一般
113,1019,高雄醫學大學,09141036,醫學檢驗生物技術學系,D 日,M 碩士,20,0,10,50 高雄市,1 一般
113,1019,高雄醫學大學,09141036,醫學檢驗生物技術學系,D 日,B 學士,153,12,28,50 高雄市,1 一般
113,1019,高雄醫學大學,09141037,醫學影像暨放射科學系,D 日,M 碩士,12,0,4,50 高雄市,1 一般
113,1019,高雄醫學大學,09141037,醫學影像暨放射科學系,N 職,M 碩士,18,0,11,50 高雄市,1 一般
113,1019,高雄醫學大學,09141037,醫學影像暨放射科學系,D 日,B 學士,155,9,34,50 高雄市,1 一般
113,1019,高雄醫學大學,09151028,物理治療學系,D 日,M 碩士,20,0,5,50 高雄市,1 一般
113,1019,高雄醫學大學,09151028,物理治療學系,D 日,B 學士,177,10,41,50 高雄市,1 一般
113,1019,高雄醫學大學,09152029,職能治療學系,D 日,M 碩士,8,0,6,50 高雄市,1 一般
113,1019,高雄醫學大學,09152029,職能治療學系,D 日,B 學士,190,9,40,50 高雄市,1 一般
113,1019,高雄醫學大學,09159030,運動醫學系,D 日,M 碩士,24,0,10,50 高雄市,1 一般
113,1019,高雄醫學大學,09159030,運動醫學系,N 職,M 碩士,68,0,10,50 高雄市,1 一般
113,1019,高雄醫學大學,09159030,運動醫學系,D 日,B 學士,217,11,39,50 高雄市,1 一般
113,1019,高雄醫學大學,09161024,藥學系,D 日,D 博士,31,0,3,50 高雄市,1 一般
113,1019,高雄醫學大學,09161024,藥學系,D 日,M 碩士,31,0,31,50 高雄市,1 一般
113,1019,高雄醫學大學,09161024,藥學系,N 職,M 碩士,30,0,9,50 高雄市,1 一般
113,1019,高雄醫學大學,09161024,藥學系,D 日,B 學士,509,18,92,50 高雄市,1 一般
113,1019,高雄醫學大學,09161026,天然藥物研究所,D 日,D 博士,18,0,8,50 高雄市,1 一般
113,1019,高雄醫學大學,09161026,天然藥物研究所,D 日,M 碩士,25,7,7,50 高雄市,1 一般
113,1019,高雄醫學大學,09161027,香粧品學系,D 日,M 碩士,17,0,11,50 高雄市,1 一般
113,1019,高雄醫學大學,09161027,香粧品學系,D 日,B 學士,245,9,46,50 高雄市,1 一般
113,1019,高雄醫學大學,09161047,毒理學博士學位學程,D 日,D 博士,4,0,0,50 高雄市,1 一般
113,1019,高雄醫學大學,09161047,毒理學碩士學位學程,D 日,M 碩士,4,4,0,50 高雄市,1 一般
113,1019,高雄醫學大學,09191021,公共衛生學系,D 日,D 博士,15,0,4,50 高雄市,1 一般
113,1019,高雄醫學大學,09191021,公共衛生學系,D 日,M 碩士,28,0,13,50 高雄市,1 一般
113,1019,高雄醫學大學,09191021,公共衛生學系,D 日,B 學士,175,11,39,50 高雄市,1 一般
113,1019,高雄醫學大學,09191023,環境職業醫學博士學位學程,D 日,D 博士,9,5,1,50 高雄市,1 一般
113,1019,高雄醫學大學,09199033,呼吸治療學系,D 日,B 學士,182,7,38,50 高雄市,1 一般
113,1019,高雄醫學大學,09211048,高齡長期照護碩士學位學程,D 日,M 碩士,50,3,9,50 高雄市,1 一般
113,1019,高雄醫學大學,09231049,醫學社會學與社會工作學系,D 日,M 碩士,24,0,10,50 高雄市,1 一般
113,1019,高雄醫學大學,09231049,醫學社會學與社會工作學系,D 日,B 學士,239,11,46,50 高雄市,1 一般
113,1019,高雄醫學大學,99999Z01,通識及共同科目,D 日,,0,27,0,50 高雄市,1 一般
113,1020,南華大學,01121001,幼兒教育學系,D 日,M 碩士,26,0,4,10 嘉義縣,1 一般
113,1020,南華大學,01121001,幼兒教育學系,D 日,B 學士,134,8,44,10 嘉義縣,1 一般
113,1020,南華大學,02111059,視覺藝術與設計學系,D 日,M 碩士,31,0,2,10 嘉義縣,1 一般
113,1020,南華大學,02111059,視覺藝術與設計學系,D 日,B 學士,168,9,41,10 嘉義縣,1 一般
113,1020,南華大學,02122062,產品與室內設計學系,D 日,M 碩士,15,0,5,10 嘉義縣,1 一般
113,1020,南華大學,02122062,產品與室內設計學系,D 日,B 學士,181,5,46,10 嘉義縣,1 一般
113,1020,南華大學,02122062,產品與室內設計學系,P 進,B 學士,27,0,9,10 嘉義縣,1 一般
113,1020,南華大學,02151003,民族音樂學系,D 日,M 碩士,26,0,5,10 嘉義縣,1 一般
113,1020,南華大學,02151003,民族音樂學系,D 日,B 學士,98,8,11,10 嘉義縣,1 一般
113,1020,南華大學,02211010,宗教學研究所,D 日,M 碩士,53,3,12,10 嘉義縣,1 一般
113,1020,南華大學,02211010,宗教學研究所,N 職,M 碩士,43,0,10,10 嘉義縣,1 一般
113,1020,南華大學,02299011,生死學系生死學博士班,D 日,D 博士,15,0,0,10 嘉義縣,1 一般
113,1020,南華大學,02299011,生死學系,D 日,M 碩士,87,0,18,10 嘉義縣,1 一般
113,1020,南華大學,02299011,生死學系,N 職,M 碩士,146,0,23,10 嘉義縣,1 一般
113,1020,南華大學,02299011,生死學系,D 日,B 學士,542,21,127,10 嘉義縣,1 一般
113,1020,南華大學,02299011,生死學系,P 進,B 學士,109,0,18,10 嘉義縣,1 一般
113,1020,南華大學,02311008,外國語文學系,D 日,B 學士,88,6,35,10 嘉義縣,1 一般
113,1020,南華大學,02322009,文學系,D 日,M 碩士,18,0,7,10 嘉義縣,1 一般
113,1020,南華大學,02322009,文學系,N 職,M 碩士,4,0,4,10 嘉義縣,1 一般
113,1020,南華大學,02322009,文學系,D 日,B 學士,107,9,32,10 嘉義縣,1 一般
113,1020,南華大學,03122019,國際事務與企業學系,D 日,M 碩士,38,0,15,10 嘉義縣,1 一般
113,1020,南華大學,03122019,國際事務與企業學系,D 日,B 學士,145,9,20,10 嘉義縣,1 一般
113,1020,南華大學,03141017,應用社會學系,D 日,M 碩士,32,0,6,10 嘉義縣,1 一般
113,1020,南華大學,03141017,應用社會學系,D 日,B 學士,193,9,56,10 嘉義縣,1 一般
113,1020,南華大學,03214026,傳播學系,D 日,M 碩士,21,0,9,10 嘉義縣,1 一般
113,1020,南華大學,03214026,傳播學系,D 日,B 學士,186,9,36,10 嘉義縣,1 一般
113,1020,南華大學,04121031,財務金融學系財務管理碩士班,D 日,M 碩士,14,0,7,10 嘉義縣,1 一般
113,1020,南華大學,04121031,財務金融學系財務管理碩士在職專班,N 職,M 碩士,17,0,7,10 嘉義縣,1 一般
113,1020,南華大學,04121031,財務金融學系,D 日,B 學士,173,9,40,10 嘉義縣,1 一般
113,1020,南華大學,04131029,企業管理學系管理科學博士班,D 日,D 博士,32,0,2,10 嘉義縣,1 一般
113,1020,南華大學,04131029,企業管理學系管理科學碩士班,D 日,M 碩士,41,0,10,10 嘉義縣,1 一般
113,1020,南華大學,04131029,企業管理學系,N 職,M 碩士,38,0,9,10 嘉義縣,1 一般
113,1020,南華大學,04131029,企業管理學系,D 日,B 學士,124,11,33,10 嘉義縣,1 一般
113,1020,南華大學,04141030,管理學院國際企業學士學位學程,D 日,B 學士,119,2,29,10 嘉義縣,1 一般
113,1020,南華大學,04199033,文化創意事業管理學系,D 日,M 碩士,28,0,19,10 嘉義縣,1 一般
113,1020,南華大學,04199033,文化創意事業管理學系,N 職,M 碩士,33,0,22,10 嘉義縣,1 一般
113,1020,南華大學,04199033,文化創意事業管理學系,D 日,B 學士,107,9,22,10 嘉義縣,1 一般
113,1020,南華大學,05121040,自然生物科技學系,D 日,B 學士,169,9,30,10 嘉義縣,1 一般
113,1020,南華大學,05211060,科技學院永續綠色科技碩士學位學程,D 日,M 碩士,37,2,14,10 嘉義縣,1 一般
113,1020,南華大學,05211060,永續綠色科技碩士在職學位學程,N 職,M 碩士,42,0,11,10 嘉義縣,1 一般
113,1020,南華大學,06121043,科技學院資訊科技進修學士班,P 進,B 學士,82,2,24,10 嘉義縣,1 一般
113,1020,南華大學,06131042,資訊管理學系,D 日,M 碩士,17,0,2,10 嘉義縣,1 一般
113,1020,南華大學,06131042,資訊管理學系,N 職,M 碩士,23,0,5,10 嘉義縣,1 一般
113,1020,南華大學,06131042,資訊管理學系,D 日,B 學士,166,7,38,10 嘉義縣,1 一般
113,1020,南華大學,07141044,資訊工程學系,D 日,B 學士,285,9,82,10 嘉義縣,1 一般
113,1020,南華大學,07311064,建築學系,D 日,M 碩士,21,0,3,10 嘉義縣,1 一般
113,1020,南華大學,07311064,建築學系,D 日,B 學士,181,10,46,10 嘉義縣,1 一般
113,1020,南華大學,09171040,自然生物科技學系自然療癒碩士班,D 日,M 碩士,22,0,9,10 嘉義縣,1 一般
113,1020,南華大學,09171040,自然生物科技學系自然療癒碩士在職專班,N 職,M 碩士,51,0,6,10 嘉義縣,1 一般
113,1020,南華大學,10141061,運動與健康促進學士學位學程,D 日,B 學士,158,4,24,10 嘉義縣,1 一般
113,1020,南華大學,10151048,旅遊管理學系旅遊管理碩士班,D 日,M 碩士,9,0,2,10 嘉義縣,1 一般
113,1020,南華大學,10151048,旅遊管理學系旅遊管理碩士在職專班,N 職,M 碩士,21,0,12,10 嘉義縣,1 一般
113,1020,南華大學,10151048,旅遊管理學系,D 日,B 學士,147,7,34,10 嘉義縣,1 一般
113,1021,真理大學,02151001,音樂應用學系,D 日,B 學士,78,7,32,01 新北市,1 一般
113,1021,真理大學,02211064,宗教文化與資訊管理學系,D 日,M 碩士,13,0,3,01 新北市,1 一般
113,1021,真理大學,02211064,宗教文化與資訊管理學系,N 職,M 碩士,4,0,0,01 新北市,1 一般
113,1021,真理大學,02211064,宗教文化與資訊管理學系,D 日,B 學士,86,9,16,01 新北市,1 一般
113,1021,真理大學,02299013,人文與資訊學系,D 日,B 學士,62,7,22,01 新北市,1 一般
113,1021,真理大學,02311006,英美語文學系,D 日,B 學士,83,7,46,01 新北市,1 一般
113,1021,真理大學,02311009,應用日語學系,D 日,B 學士,148,7,60,01 新北市,1 一般
113,1021,真理大學,02321002,台灣文學系,D 日,B 學士,58,6,25,01 新北市,1 一般
113,1021,真理大學,03111014,經濟學系,D 日,M 碩士,11,0,6,01 新北市,1 一般
113,1021,真理大學,03111014,經濟學系,D 日,B 學士,76,9,34,01 新北市,1 一般
113,1021,真理大學,03214058,運動資訊傳播學系,D 日,B 學士,116,9,63,01 新北市,1 一般
113,1021,真理大學,04111019,會計資訊學系,D 日,B 學士,64,5,27,01 新北市,1 一般
113,1021,真理大學,04111066,理財與稅務規劃學系,D 日,B 學士,46,5,31,01 新北市,1 一般
113,1021,真理大學,04121024,財務金融學系,D 日,B 學士,98,7,53,01 新北市,1 一般
113,1021,真理大學,04131020,企業管理學系,D 日,M 碩士,25,0,8,01 新北市,1 一般
113,1021,真理大學,04131020,企業管理學系,N 職,M 碩士,4,0,3,01 新北市,1 一般
113,1021,真理大學,04131020,企業管理學系,D 日,B 學士,103,9,40,01 新北市,1 一般
113,1021,真理大學,04141067,國際企業與貿易學系,D 日,B 學士,102,7,49,01 新北市,1 一般
113,1021,真理大學,04199029,工業管理與經營資訊學系,D 日,B 學士,50,7,45,01 新北市,1 一般
113,1021,真理大學,04199057,運動管理學系,D 日,M 碩士,14,0,12,01 新北市,1 一般
113,1021,真理大學,04199057,運動管理學系,D 日,B 學士,184,13,76,01 新北市,1 一般
113,1021,真理大學,04199062,航空事業學系,D 日,B 學士,82,7,36,01 新北市,1 一般
113,1021,真理大學,04211031,法律學系,D 日,M 碩士,17,0,5,01 新北市,1 一般
113,1021,真理大學,04211031,法律學系,D 日,B 學士,176,9,87,01 新北市,1 一般
113,1021,真理大學,05499065,統計資訊與精算學系,D 日,M 碩士,13,0,4,01 新北市,1 一般
113,1021,真理大學,05499065,統計資訊與精算學系,D 日,B 學士,53,9,24,01 新北市,1 一般
113,1021,真理大學,06131041,資訊工程學系,D 日,M 碩士,8,0,2,01 新北市,1 一般
113,1021,真理大學,06131041,資訊工程學系,D 日,B 學士,149,10,44,01 新北市,1 一般
113,1021,真理大學,06134039,資訊管理學系,D 日,B 學士,84,4,44,01 新北市,1 一般
113,1021,真理大學,10151044,觀光事業學系,D 日,M 碩士,20,0,4,01 新北市,1 一般
113,1021,真理大學,10151044,觀光事業學系,D 日,B 學士,216,9,48,01 新北市,1 一般
113,1021,真理大學,10151045,觀光數位知識學系,D 日,B 學士,79,6,24,01 新北市,1 一般
113,1021,真理大學,99999Z03,軍訓教官,D 日,,0,2,0,01 新北市,1 一般
113,1022,大同大學,02112004,媒體設計學系,D 日,M 碩士,27,0,7,30 臺北市,1 一般
113,1022,大同大學,02112004,媒體設計學系,D 日,B 學士,348,9,73,30 臺北市,1 一般
113,1022,大同大學,02122003,設計科學研究所,D 日,D 博士,61,4,10,30 臺北市,1 一般
113,1022,大同大學,02123005,工業設計學系,D 日,M 碩士,37,0,14,30 臺北市,1 一般
113,1022,大同大學,02123005,工業設計學系,N 職,M 碩士,18,0,5,30 臺北市,1 一般
113,1022,大同大學,02123005,工業設計學系,D 日,B 學士,363,9,81,30 臺北市,1 一般
113,1022,大同大學,02311001,應用外語學系,D 日,B 學士,156,7,39,30 臺北市,1 一般
113,1022,大同大學,04131007,事業經營學系,D 日,M 碩士,22,0,16,30 臺北市,1 一般
113,1022,大同大學,04131007,事業經營學系,N 職,M 碩士,18,0,8,30 臺北市,1 一般
113,1022,大同大學,04131007,事業經營學系,D 日,B 學士,309,10,81,30 臺北市,1 一般
113,1022,大同大學,06131006,資訊經營學系,D 日,M 碩士,6,0,2,30 臺北市,1 一般
113,1022,大同大學,06131006,資訊經營學系,N 職,M 碩士,10,0,4,30 臺北市,1 一般
113,1022,大同大學,06131006,資訊經營學系,D 日,B 學士,183,7,51,30 臺北市,1 一般
113,1022,大同大學,06131012,資訊工程學系,D 日,D 博士,17,0,1,30 臺北市,1 一般
113,1022,大同大學,06131012,資訊工程學系,D 日,M 碩士,38,0,2,30 臺北市,1 一般
113,1022,大同大學,06131012,資訊工程學系,N 職,M 碩士,47,0,5,30 臺北市,1 一般
113,1022,大同大學,06131012,資訊工程學系,D 日,B 學士,493,15,90,30 臺北市,1 一般
113,1022,大同大學,07111021,化學工程與生物科技學系,D 日,D 博士,3,0,1,30 臺北市,1 一般
113,1022,大同大學,07111021,化學工程與生物科技學系,D 日,M 碩士,25,0,10,30 臺北市,1 一般
113,1022,大同大學,07111021,化學工程與生物科技學系,D 日,B 學士,326,12,79,30 臺北市,1 一般
113,1022,大同大學,07141010,電機工程學系,D 日,D 博士,7,0,0,30 臺北市,1 一般
113,1022,大同大學,07141010,電機工程學系,D 日,M 碩士,44,0,17,30 臺北市,1 一般
113,1022,大同大學,07141010,電機工程學系,N 職,M 碩士,27,0,4,30 臺北市,1 一般
113,1022,大同大學,07141010,電機工程學系,D 日,B 學士,474,14,99,30 臺北市,1 一般
113,1022,大同大學,07151023,機械與材料工程學系,D 日,D 博士,9,0,1,30 臺北市,1 一般
113,1022,大同大學,07151023,機械與材料工程學系,D 日,M 碩士,19,0,17,30 臺北市,1 一般
113,1022,大同大學,07151023,機械與材料工程學系,D 日,B 學士,361,14,117,30 臺北市,1 一般
113,1022,大同大學,07194022,工程學院學士班,D 日,B 學士,42,3,0,30 臺北市,1 一般
113,1022,大同大學,99999Y45,國際學院,D 日,,0,5,0,30 臺北市,1 一般
113,1022,大同大學,99999Z01,通識及共同科目,D 日,,0,3,0,30 臺北市,1 一般
113,1022,大同大學,99999Z07,體育室,D 日,,0,3,0,30 臺北市,1 一般
113,1023,南臺科技大學,01111065,人文社會學院教育經營碩士班,D 日,M 碩士,30,4,6,11 臺南市,2 技職
113,1023,南臺科技大學,01111065,人文社會學院教育經營碩士在職專班,N 職,M 碩士,69,0,3,11 臺南市,2 技職
113,1023,南臺科技大學,02112008,視覺傳達設計系碩士班,D 日,M 碩士,22,0,9,11 臺南市,2 技職
113,1023,南臺科技大學,02112008,視覺傳達設計系,D 日,B 四技,771,19,138,11 臺南市,2 技職
113,1023,南臺科技大學,02112008,視覺傳達設計系,N 修,B 四技,63,0,23,11 臺南市,2 技職
113,1023,南臺科技大學,02112008,視覺傳達設計系_香港二技專班,D 日,C 二技,1,0,0,11 臺南市,2 技職
113,1023,南臺科技大學,02123010,創新產品設計系碩士班,D 日,M 碩士,15,0,4,11 臺南市,2 技職
113,1023,南臺科技大學,02123010,創新產品設計系,D 日,B 四技,309,9,49,11 臺南市,2 技職
113,1023,南臺科技大學,02123010,創新產品設計系,N 修,B 四技,1,0,2,11 臺南市,2 技職
113,1023,南臺科技大學,02151003,流行音樂產業系,D 日,B 四技,376,9,56,11 臺南市,2 技職
113,1023,南臺科技大學,02311005,應用英語系碩士班,D 日,M 碩士,5,0,7,11 臺南市,2 技職
113,1023,南臺科技大學,02311005,應用英語系碩士在職專班,N 職,M 碩士,0,0,1,11 臺南市,2 技職
113,1023,南臺科技大學,02311005,應用英語系,D 日,B 四技,147,9,56,11 臺南市,2 技職
113,1023,南臺科技大學,02311005,應用英語系,N 修,B 四技,84,1,20,11 臺南市,2 技職
113,1023,南臺科技大學,02311005,應用英語系,N 修,C 二技,38,0,13,11 臺南市,2 技職
113,1023,南臺科技大學,02311006,應用日語系碩士班,D 日,M 碩士,19,0,4,11 臺南市,2 技職
113,1023,南臺科技大學,02311006,應用日語系,D 日,B 四技,446,13,85,11 臺南市,2 技職
113,1023,南臺科技大學,02311006,應用日語系,N 修,B 四技,140,0,36,11 臺南市,2 技職
113,1023,南臺科技大學,03214011,資訊傳播系碩士班,D 日,M 碩士,15,0,4,11 臺南市,2 技職
113,1023,南臺科技大學,03214011,資訊傳播系,D 日,B 四技,405,11,77,11 臺南市,2 技職
113,1023,南臺科技大學,03214011,資訊傳播系,N 修,B 四技,40,0,14,11 臺南市,2 技職
113,1023,南臺科技大學,04111013,會計資訊系,D 日,B 四技,51,2,36,11 臺南市,2 技職
113,1023,南臺科技大學,04121021,財務金融系,D 日,B 四技,520,15,116,11 臺南市,2 技職
113,1023,南臺科技大學,04121022,國際金融學士學位學程,D 日,B 四技,0,0,2,11 臺南市,2 技職
113,1023,南臺科技大學,04131015,企業管理系,D 日,M 碩士,41,0,9,11 臺南市,2 技職
113,1023,南臺科技大學,04131015,企業管理系碩士在職專班,N 職,M 碩士,25,0,14,11 臺南市,2 技職
113,1023,南臺科技大學,04131015,企業管理系,D 日,B 四技,411,22,95,11 臺南市,2 技職
113,1023,南臺科技大學,04131015,企業管理系,N 修,B 四技,173,0,51,11 臺南市,2 技職
113,1023,南臺科技大學,04131015,企業管理系,N 修,C 二技,55,0,27,11 臺南市,2 技職
113,1023,南臺科技大學,04131016,經營管理博士學位學程,D 日,D 博士,37,2,4,11 臺南市,2 技職
113,1023,南臺科技大學,04131017,國際企業系,D 日,B 四技,324,12,77,11 臺南市,2 技職
113,1023,南臺科技大學,04131020,國際商務學士學位學程,D 日,B 四技,69,2,18,11 臺南市,2 技職
113,1023,南臺科技大學,04131067,高階主管企管碩士在職專班,N 職,M 碩士,42,2,18,11 臺南市,2 技職
113,1023,南臺科技大學,04132024,行銷與流通管理系碩士在職專班,N 職,M 碩士,32,0,5,11 臺南市,2 技職
113,1023,南臺科技大學,04132024,行銷與流通管理系,D 日,B 四技,481,13,91,11 臺南市,2 技職
113,1023,南臺科技大學,04132024,行銷與流通管理系,N 修,B 四技,168,0,42,11 臺南市,2 技職
113,1023,南臺科技大學,04199060,工業管理與資訊系工業管理碩士在職專班,N 職,M 碩士,12,0,9,11 臺南市,2 技職
113,1023,南臺科技大學,04199060,工業管理與資訊系,D 日,B 四技,442,14,97,11 臺南市,2 技職
113,1023,南臺科技大學,04199064,商管學院全球經營管理碩士班,D 日,M 碩士,113,2,46,11 臺南市,2 技職
113,1023,南臺科技大學,04212033,財經法律研究所,D 日,M 碩士,27,7,9,11 臺南市,2 技職
113,1023,南臺科技大學,04212033,財經法律研究所,N 職,M 碩士,27,0,2,11 臺南市,2 技職
113,1023,南臺科技大學,05121063,生物與食品科技系碩士班,D 日,M 碩士,13,0,4,11 臺南市,2 技職
113,1023,南臺科技大學,05121063,生物與食品科技系碩士在職專班,N 職,M 碩士,1,0,0,11 臺南市,2 技職
113,1023,南臺科技大學,05121063,生物與食品科技系,D 日,B 四技,289,10,64,11 臺南市,2 技職
113,1023,南臺科技大學,06131036,資訊管理系碩士班,D 日,M 碩士,27,0,14,11 臺南市,2 技職
113,1023,南臺科技大學,06131036,資訊管理系,N 職,M 碩士,32,0,13,11 臺南市,2 技職
113,1023,南臺科技大學,06131036,資訊管理系,D 日,B 四技,586,19,143,11 臺南市,2 技職
113,1023,南臺科技大學,06131036,資訊管理系,N 修,B 四技,124,0,26,11 臺南市,2 技職
113,1023,南臺科技大學,06131043,資訊工程系碩士班,D 日,M 碩士,43,0,9,11 臺南市,2 技職
113,1023,南臺科技大學,06131043,資訊工程系,D 日,B 四技,650,20,95,11 臺南市,2 技職
113,1023,南臺科技大學,06131043,資訊工程科,D 日,5 五專,200,0,20,11 臺南市,2 技職
113,1023,南臺科技大學,06132038,多媒體與電腦娛樂科學系碩士班,D 日,M 碩士,24,0,5,11 臺南市,2 技職
113,1023,南臺科技大學,06132038,多媒體與電腦娛樂科學系,D 日,B 四技,588,15,111,11 臺南市,2 技職
113,1023,南臺科技大學,06132038,多媒體與電腦娛樂科學系,N 修,B 四技,88,0,14,11 臺南市,2 技職
113,1023,南臺科技大學,07111048,化學工程與材料工程系碩士班,D 日,M 碩士,39,0,19,11 臺南市,2 技職
113,1023,南臺科技大學,07111048,化學工程與材料工程系,D 日,B 四技,287,11,66,11 臺南市,2 技職
113,1023,南臺科技大學,07111048,化學工程與材料工程科,D 日,5 五專,74,0,0,11 臺南市,2 技職
113,1023,南臺科技大學,07141039,電機工程系博士班,D 日,D 博士,16,0,1,11 臺南市,2 技職
113,1023,南臺科技大學,07141039,電機工程系碩士班,D 日,M 碩士,44,0,10,11 臺南市,2 技職
113,1023,南臺科技大學,07141039,電機工程系,D 日,B 四技,839,34,197,11 臺南市,2 技職
113,1023,南臺科技大學,07141039,電機工程系,N 修,B 四技,231,1,38,11 臺南市,2 技職
113,1023,南臺科技大學,07141039,電機工程科,D 日,5 五專,238,0,34,11 臺南市,2 技職
113,1023,南臺科技大學,07141040,電子工程系博士班,D 日,D 博士,6,0,1,11 臺南市,2 技職
113,1023,南臺科技大學,07141040,電子工程系,D 日,M 碩士,73,0,17,11 臺南市,2 技職
113,1023,南臺科技大學,07141040,電子工程系,D 日,B 四技,455,19,135,11 臺南市,2 技職
113,1023,南臺科技大學,07141040,電子工程科,D 日,5 五專,78,0,0,11 臺南市,2 技職
113,1023,南臺科技大學,07141066,半導體與光電工程系碩士班,D 日,M 碩士,15,0,10,11 臺南市,2 技職
113,1023,南臺科技大學,07141066,半導體與光電工程系,D 日,B 四技,315,11,60,11 臺南市,2 技職
113,1023,南臺科技大學,07151045,機械工程系機電科技博士班,D 日,D 博士,16,0,2,11 臺南市,2 技職
113,1023,南臺科技大學,07151045,機械工程系,D 日,M 碩士,63,0,30,11 臺南市,2 技職
113,1023,南臺科技大學,07151045,機械工程系,D 日,B 四技,1174,40,251,11 臺南市,2 技職
113,1023,南臺科技大學,07151045,機械工程系,N 修,B 四技,397,0,162,11 臺南市,2 技職
113,1023,南臺科技大學,09211054,高齡服務學士學位學程,N 修,B 四技,2,0,0,11 臺南市,2 技職
113,1023,南臺科技大學,09211062,高齡福祉服務系,D 日,B 四技,105,9,22,11 臺南市,2 技職
113,1023,南臺科技大學,09211062,高齡福祉服務系,N 修,B 四技,1,0,14,11 臺南市,2 技職
113,1023,南臺科技大學,09211062,高齡福祉服務系,N 修,C 二技,65,0,19,11 臺南市,2 技職
113,1023,南臺科技大學,09221055,幼兒保育系,D 日,B 四技,179,8,56,11 臺南市,2 技職
113,1023,南臺科技大學,09221055,幼兒保育系,N 修,C 二技,98,0,17,11 臺南市,2 技職
113,1023,南臺科技大學,10131056,餐旅管理系碩士班,D 日,M 碩士,21,0,7,11 臺南市,2 技職
113,1023,南臺科技大學,10131056,餐旅管理系,D 日,B 四技,300,12,102,11 臺南市,2 技職
113,1023,南臺科技大學,10131056,餐旅管理系,N 修,B 四技,181,0,61,11 臺南市,2 技職
113,1023,南臺科技大學,10152058,休閒事業管理系碩士班,D 日,M 碩士,35,0,6,11 臺南市,2 技職
113,1023,南臺科技大學,10152058,休閒事業管理系碩士在職專班,N 職,M 碩士,42,0,12,11 臺南市,2 技職
113,1023,南臺科技大學,10152058,休閒事業管理系,D 日,B 四技,283,15,62,11 臺南市,2 技職
113,1023,南臺科技大學,10152058,休閒事業管理系,N 修,B 四技,119,0,51,11 臺南市,2 技職
113,1023,南臺科技大學,10152058,休閒事業管理系,D 日,C 二技,5,0,10,11 臺南市,2 技職
113,1023,南臺科技大學,99999Z01,通識及共同科目,D 日,,0,36,0,11 臺南市,2 技職
113,1023,南臺科技大學,99999Z01,通識及共同科目,N 修,,0,2,0,11 臺南市,2 技職
113,1023,南臺科技大學,99999Z03,軍訓教官,D 日,,0,10,0,11 臺南市,2 技職
113,1023,南臺科技大學,99999Z05,師資培育中心,D 日,,0,4,0,11 臺南市,2 技職
113,1023,南臺科技大學,99999Z05,師資培育中心,N 修,,0,1,0,11 臺南市,2 技職
113,1023,南臺科技大學,99999Z07,體育室,D 日,,0,15,0,11 臺南市,2 技職
113,1023,南臺科技大學,99999Z08,語言中心,D 日,,0,17,0,11 臺南市,2 技職
113,1024,崑山科技大學,02111009,視訊傳播設計系媒體藝術碩士班,D 日,M 碩士,24,0,11,11 臺南市,2 技職
113,1024,崑山科技大學,02111009,視訊傳播設計系,D 日,B 四技,354,17,109,11 臺南市,2 技職
113,1024,崑山科技大學,02111009,視訊傳播設計系,N 修,B 四技,28,0,7,11 臺南市,2 技職
113,1024,崑山科技大學,02112004,視覺傳達設計系碩士班,D 日,M 碩士,25,0,2,11 臺南市,2 技職
113,1024,崑山科技大學,02112004,視覺傳達設計系碩士在職專班,N 職,M 碩士,14,0,1,11 臺南市,2 技職
113,1024,崑山科技大學,02112004,視覺傳達設計系,D 日,B 四技,305,16,86,11 臺南市,2 技職
113,1024,崑山科技大學,02112004,視覺傳達設計系,N 修,B 四技,38,0,16,11 臺南市,2 技職
113,1024,崑山科技大學,02122007,空間設計系環境設計碩士班,D 日,M 碩士,10,0,1,11 臺南市,2 技職
113,1024,崑山科技大學,02124007,空間設計系,D 日,B 四技,291,12,68,11 臺南市,2 技職
113,1024,崑山科技大學,02124007,空間設計系,N 修,B 四技,55,0,5,11 臺南市,2 技職
113,1024,崑山科技大學,02124007,空間設計系_香港二技專班,D 日,C 二技,0,0,1,11 臺南市,2 技職
113,1024,崑山科技大學,04121021,金融管理系,D 日,B 四技,64,6,25,11 臺南市,2 技職
113,1024,崑山科技大學,04121021,金融管理系,N 修,B 四技,42,0,12,11 臺南市,2 技職
113,1024,崑山科技大學,04121021,金融管理系,N 修,C 二技,30,0,12,11 臺南市,2 技職
113,1024,崑山科技大學,04131015,企業管理系,D 日,M 碩士,53,0,9,11 臺南市,2 技職
113,1024,崑山科技大學,04131015,企業管理系碩士在職專班,N 職,M 碩士,42,0,16,11 臺南市,2 技職
113,1024,崑山科技大學,04131015,企業管理系,D 日,B 四技,259,9,32,11 臺南市,2 技職
113,1024,崑山科技大學,04131015,企業管理系,N 修,B 四技,77,1,26,11 臺南市,2 技職
113,1024,崑山科技大學,04131015,企業管理系_香港二技專班,D 日,C 二技,0,0,1,11 臺南市,2 技職
113,1024,崑山科技大學,04131015,企業管理系,N 修,C 二技,59,0,33,11 臺南市,2 技職
113,1024,崑山科技大學,04131053,微商營運學士學位學程,D 日,B 四技,9,1,0,11 臺南市,2 技職
113,1024,崑山科技大學,04141049,全球商務與行銷系,D 日,B 四技,2,0,11,11 臺南市,2 技職
113,1024,崑山科技大學,04141049,全球商務與行銷系,N 修,B 四技,1,0,2,11 臺南市,2 技職
113,1024,崑山科技大學,04143012,公共關係暨廣告系,D 日,B 四技,174,10,53,11 臺南市,2 技職
113,1024,崑山科技大學,04143012,公共關係暨廣告系,N 修,B 四技,71,0,13,11 臺南市,2 技職
113,1024,崑山科技大學,04143012,公共關係暨廣告系_香港二技專班,D 日,C 二技,0,0,2,11 臺南市,2 技職
113,1024,崑山科技大學,04199022,房地產開發與管理系,D 日,M 碩士,32,0,13,11 臺南市,2 技職
113,1024,崑山科技大學,04199022,房地產開發與管理系碩士在職專班,N 職,M 碩士,28,0,8,11 臺南市,2 技職
113,1024,崑山科技大學,04199022,房地產開發與管理系,D 日,B 四技,82,9,18,11 臺南市,2 技職
113,1024,崑山科技大學,04199022,房地產開發與管理系,N 修,B 四技,53,1,2,11 臺南市,2 技職
113,1024,崑山科技大學,04199022,房地產開發與管理系,N 修,C 二技,46,0,24,11 臺南市,2 技職
113,1024,崑山科技大學,04199056,雲端商務管理數位學習碩士在職專班,N 職,M 碩士,35,0,8,11 臺南市,2 技職
113,1024,崑山科技大學,06131008,資訊傳播系,D 日,B 四技,144,8,24,11 臺南市,2 技職
113,1024,崑山科技大學,06131008,資訊傳播系,N 修,B 四技,2,0,0,11 臺南市,2 技職
113,1024,崑山科技大學,06131023,資訊管理系碩士班,D 日,M 碩士,26,0,9,11 臺南市,2 技職
113,1024,崑山科技大學,06131023,資訊管理系碩士在職專班,N 職,M 碩士,22,0,4,11 臺南市,2 技職
113,1024,崑山科技大學,06131023,資訊管理系,D 日,B 四技,264,9,33,11 臺南市,2 技職
113,1024,崑山科技大學,06131023,資訊管理系,N 修,B 四技,40,0,16,11 臺南市,2 技職
113,1024,崑山科技大學,06131023,資訊管理系,N 修,C 二技,26,0,17,11 臺南市,2 技職
113,1024,崑山科技大學,06131023,資訊管理系_電子商務,D 日,2 二專,0,0,12,11 臺南市,2 技職
113,1024,崑山科技大學,06131028,資訊工程系碩士班,D 日,M 碩士,13,0,5,11 臺南市,2 技職
113,1024,崑山科技大學,06131028,資訊工程系,D 日,B 四技,258,9,68,11 臺南市,2 技職
113,1024,崑山科技大學,06131028,資訊工程系,N 修,B 四技,53,0,10,11 臺南市,2 技職
113,1024,崑山科技大學,06131028,資訊工程系_自動化與物聯網國際學生產學合作專班,D 日,C 二技,13,0,2,11 臺南市,2 技職
113,1024,崑山科技大學,06133050,電腦與遊戲發展科學學士學位學程,D 日,B 四技,198,2,37,11 臺南市,2 技職
113,1024,崑山科技大學,07112034,材料工程系碩士班,D 日,M 碩士,0,0,4,11 臺南市,2 技職
113,1024,崑山科技大學,07112034,材料工程系_紡織材料加工國際學生產學合作專班,D 日,B 四技,93,0,26,11 臺南市,2 技職
113,1024,崑山科技大學,07112054,先進應用材料工程系,D 日,B 四技,132,7,20,11 臺南市,2 技職
113,1024,崑山科技大學,07112054,先進應用材料工程系,N 修,B 四技,1,0,7,11 臺南市,2 技職
113,1024,崑山科技大學,07121038,環境工程系碩士班,D 日,M 碩士,14,0,7,11 臺南市,2 技職
113,1024,崑山科技大學,07121038,環境工程系碩士在職專班,N 職,M 碩士,15,0,7,11 臺南市,2 技職
113,1024,崑山科技大學,07121038,環境工程系,D 日,B 四技,331,10,63,11 臺南市,2 技職
113,1024,崑山科技大學,07121038,環境工程系,N 修,B 四技,74,0,12,11 臺南市,2 技職
113,1024,崑山科技大學,07121038,環境工程系_綠能科技專班,D 日,C 二技,8,0,0,11 臺南市,2 技職
113,1024,崑山科技大學,07121038,環境工程系,N 修,C 二技,61,0,24,11 臺南市,2 技職
113,1024,崑山科技大學,07141025,電機工程系碩士班,D 日,M 碩士,14,0,13,11 臺南市,2 技職
113,1024,崑山科技大學,07141025,電機工程系碩士在職專班,N 職,M 碩士,19,0,14,11 臺南市,2 技職
113,1024,崑山科技大學,07141025,電機工程系,D 日,B 四技,446,14,54,11 臺南市,2 技職
113,1024,崑山科技大學,07141025,電機工程系,N 修,B 四技,157,2,62,11 臺南市,2 技職
113,1024,崑山科技大學,07141025,電機工程系,D 日,C 二技,8,0,0,11 臺南市,2 技職
113,1024,崑山科技大學,07141025,電機工程系,N 修,C 二技,58,0,23,11 臺南市,2 技職
113,1024,崑山科技大學,07141026,電子工程系,D 日,M 碩士,19,0,10,11 臺南市,2 技職
113,1024,崑山科技大學,07141026,電子工程系,D 日,B 四技,194,10,16,11 臺南市,2 技職
113,1024,崑山科技大學,07141026,電子工程系,N 修,B 四技,10,0,8,11 臺南市,2 技職
113,1024,崑山科技大學,07141051,智慧機器人工程系碩士班,D 日,M 碩士,8,0,1,11 臺南市,2 技職
113,1024,崑山科技大學,07141051,智慧機器人工程系碩士在職專班,N 職,M 碩士,8,0,0,11 臺南市,2 技職
113,1024,崑山科技大學,07141051,智慧機器人工程系,D 日,B 四技,159,9,37,11 臺南市,2 技職
113,1024,崑山科技大學,07141051,智慧機器人工程系,N 修,B 四技,14,0,5,11 臺南市,2 技職
113,1024,崑山科技大學,07151030,機械工程系機械與能源工程博士班,D 日,D 博士,21,0,8,11 臺南市,2 技職
113,1024,崑山科技大學,07151030,機械工程系,D 日,M 碩士,35,0,18,11 臺南市,2 技職
113,1024,崑山科技大學,07151030,機械工程系碩士在職專班,N 職,M 碩士,21,0,7,11 臺南市,2 技職
113,1024,崑山科技大學,07151030,機械工程系,D 日,B 四技,554,19,136,11 臺南市,2 技職
113,1024,崑山科技大學,07151030,機械工程系,N 修,B 四技,265,0,43,11 臺南市,2 技職
113,1024,崑山科技大學,07151030,機械工程系,D 日,C 二技,11,0,3,11 臺南市,2 技職
113,1024,崑山科技大學,07151030,機械工程系,N 修,C 二技,20,0,16,11 臺南市,2 技職
113,1024,崑山科技大學,09211052,樂齡生活產業管理學士學位學程,D 日,B 四技,47,3,0,11 臺南市,2 技職
113,1024,崑山科技大學,09211052,樂齡生活產業管理進修學士學位學程,N 修,B 四技,35,0,0,11 臺南市,2 技職
113,1024,崑山科技大學,09221039,幼兒保育系,D 日,B 四技,63,7,0,11 臺南市,2 技職
113,1024,崑山科技大學,09221039,幼兒保育系,N 修,B 四技,82,0,34,11 臺南市,2 技職
113,1024,崑山科技大學,09221039,幼兒保育系,N 修,C 二技,17,0,0,11 臺南市,2 技職
113,1024,崑山科技大學,10131040,餐飲管理及廚藝系,D 日,B 四技,898,19,156,11 臺南市,2 技職
113,1024,崑山科技大學,10131040,餐飲管理及廚藝系,N 修,B 四技,205,0,45,11 臺南市,2 技職
113,1024,崑山科技大學,10151055,旅遊事業管理系,D 日,B 四技,169,8,30,11 臺南市,2 技職
113,1024,崑山科技大學,10151055,旅遊事業管理系,N 修,B 四技,31,0,17,11 臺南市,2 技職
113,1024,崑山科技大學,10152044,休閒遊憩與運動管理系,D 日,B 四技,127,7,37,11 臺南市,2 技職
113,1024,崑山科技大學,10152044,休閒遊憩與運動管理系,N 修,B 四技,206,0,37,11 臺南市,2 技職
113,1024,崑山科技大學,10199046,時尚展演事業系,D 日,B 四技,130,8,23,11 臺南市,2 技職
113,1024,崑山科技大學,10199046,時尚展演事業系,N 修,B 四技,31,0,2,11 臺南市,2 技職
113,1024,崑山科技大學,99999Z01,通識及共同科目,D 日,,0,6,0,11 臺南市,2 技職
113,1024,崑山科技大學,99999Z07,體育室,D 日,,0,6,0,11 臺南市,2 技職
113,1024,崑山科技大學,99999Z08,語言中心,D 日,,0,5,0,11 臺南市,2 技職
113,1025,嘉南藥理大學,02311002,應用外語系,D 日,B 四技,166,11,47,11 臺南市,2 技職
113,1025,嘉南藥理大學,02311002,應用外語系,N 修,B 四技,1,0,3,11 臺南市,2 技職
113,1025,嘉南藥理大學,04133003,醫務管理系碩士班,D 日,M 碩士,28,0,10,11 臺南市,2 技職
113,1025,嘉南藥理大學,04133003,醫務管理系碩士在職專班,N 職,M 碩士,33,0,15,11 臺南市,2 技職
113,1025,嘉南藥理大學,04133003,醫務管理系,D 日,B 四技,298,13,87,11 臺南市,2 技職
113,1025,嘉南藥理大學,04133003,醫務管理系,N 修,C 二技,38,0,0,11 臺南市,2 技職
113,1025,嘉南藥理大學,05121005,生物科技系(含碩士班),D 日,,0,1,0,11 臺南市,2 技職
113,1025,嘉南藥理大學,05121005,生物科技系,D 日,B 四技,0,0,23,11 臺南市,2 技職
113,1025,嘉南藥理大學,05191015,保健營養系碩士班,D 日,M 碩士,9,0,5,11 臺南市,2 技職
113,1025,嘉南藥理大學,05191015,保健營養系,D 日,B 四技,320,13,124,11 臺南市,2 技職
113,1025,嘉南藥理大學,05191015,保健營養系,N 修,B 四技,23,0,9,11 臺南市,2 技職
113,1025,嘉南藥理大學,05191015,保健營養系,N 修,C 二技,118,0,24,11 臺南市,2 技職
113,1025,嘉南藥理大學,05211027,環境資源管理系,D 日,B 四技,180,9,41,11 臺南市,2 技職
113,1025,嘉南藥理大學,05211027,環境資源管理科,D 日,5 五專,6,0,0,11 臺南市,2 技職
113,1025,嘉南藥理大學,06111006,資訊管理系,D 日,B 四技,378,11,37,11 臺南市,2 技職
113,1025,嘉南藥理大學,06111006,資訊管理系,N 修,B 四技,89,2,23,11 臺南市,2 技職
113,1025,嘉南藥理大學,06131050,智慧網路應用科,D 日,5 五專,36,5,0,11 臺南市,2 技職
113,1025,嘉南藥理大學,06132046,多媒體與遊戲發展系,D 日,B 四技,245,7,31,11 臺南市,2 技職
113,1025,嘉南藥理大學,06134007,應用空間資訊系(含碩士班),D 日,,0,1,0,11 臺南市,2 技職
113,1025,嘉南藥理大學,06134007,應用空間資訊系,D 日,B 四技,3,0,25,11 臺南市,2 技職
113,1025,嘉南藥理大學,07121009,環境工程與科學系碩士班,D 日,M 碩士,42,0,19,11 臺南市,2 技職
113,1025,嘉南藥理大學,07121009,環境工程與科學系碩士在職專班,N 職,M 碩士,19,0,9,11 臺南市,2 技職
113,1025,嘉南藥理大學,07121009,環境工程與科學系,D 日,B 四技,425,17,99,11 臺南市,2 技職
113,1025,嘉南藥理大學,07121009,環境工程與科學系,N 修,B 四技,111,0,19,11 臺南市,2 技職
113,1025,嘉南藥理大學,07121009,環境工程與科學科,D 日,5 五專,48,0,0,11 臺南市,2 技職
113,1025,嘉南藥理大學,07141049,空間與環境資訊科,D 日,5 五專,8,4,0,11 臺南市,2 技職
113,1025,嘉南藥理大學,07211010,食品科技系,D 日,B 四技,335,16,112,11 臺南市,2 技職
113,1025,嘉南藥理大學,07211010,食品科技系,N 修,B 四技,9,0,8,11 臺南市,2 技職
113,1025,嘉南藥理大學,07211010,食品科技科,D 日,5 五專,86,0,0,11 臺南市,2 技職
113,1025,嘉南藥理大學,07321043,公共安全及消防系,D 日,B 四技,243,8,52,11 臺南市,2 技職
113,1025,嘉南藥理大學,07321043,公共安全及消防系,N 修,B 四技,34,0,0,11 臺南市,2 技職
113,1025,嘉南藥理大學,07321043,公共安全及消防科,D 日,5 五專,32,0,0,11 臺南市,2 技職
113,1025,嘉南藥理大學,09161012,藥學系碩士班,D 日,M 碩士,6,0,7,11 臺南市,2 技職
113,1025,嘉南藥理大學,09161012,藥學系碩士在職專班,N 職,M 碩士,11,0,5,11 臺南市,2 技職
113,1025,嘉南藥理大學,09161012,藥學系,D 日,B 四技,1275,30,269,11 臺南市,2 技職
113,1025,嘉南藥理大學,09161014,藥用植物與保健應用學士學位學程,D 日,B 四技,0,0,2,11 臺南市,2 技職
113,1025,嘉南藥理大學,09161025,藥粧生技產業系,D 日,B 四技,101,8,16,11 臺南市,2 技職
113,1025,嘉南藥理大學,09161025,藥粧生技產業科,D 日,5 五專,54,0,0,11 臺南市,2 技職
113,1025,嘉南藥理大學,09199048,食藥產業暨檢測科技系,D 日,B 四技,136,7,37,11 臺南市,2 技職
113,1025,嘉南藥理大學,09199048,食藥產業暨檢測科技科,D 日,5 五專,110,0,0,11 臺南市,2 技職
113,1025,嘉南藥理大學,09199051,生活保健科技系,D 日,B 四技,199,9,37,11 臺南市,2 技職
113,1025,嘉南藥理大學,09199051,生活保健科技系,N 修,B 四技,1,0,21,11 臺南市,2 技職
113,1025,嘉南藥理大學,09211047,高齡福祉養生管理系,D 日,B 四技,105,7,20,11 臺南市,2 技職
113,1025,嘉南藥理大學,09211047,高齡福祉養生管理系,N 修,C 二技,64,0,32,11 臺南市,2 技職
113,1025,嘉南藥理大學,09221018,嬰幼兒保育系,D 日,B 四技,170,9,46,11 臺南市,2 技職
113,1025,嘉南藥理大學,09221018,嬰幼兒保育系,N 修,C 二技,130,0,81,11 臺南市,2 技職
113,1025,嘉南藥理大學,09231017,社會工作系,D 日,B 四技,405,15,104,11 臺南市,2 技職
113,1025,嘉南藥理大學,09231017,社會工作系,N 修,B 四技,107,0,24,11 臺南市,2 技職
113,1025,嘉南藥理大學,09231017,社會工作系,N 修,C 二技,192,0,47,11 臺南市,2 技職
113,1025,嘉南藥理大學,09231052,社會工作與服務管理系,D 日,B 四技,1,0,0,11 臺南市,2 技職
113,1025,嘉南藥理大學,09231052,社會工作與服務管理系,N 修,B 四技,13,0,0,11 臺南市,2 技職
113,1025,嘉南藥理大學,10121024,化粧品應用與管理系化粧品科技碩士班,D 日,M 碩士,29,0,13,11 臺南市,2 技職
113,1025,嘉南藥理大學,10121024,化粧品應用與管理系化粧品科技碩士在職專班,N 職,M 碩士,26,0,17,11 臺南市,2 技職
113,1025,嘉南藥理大學,10121024,化粧品應用與管理系,D 日,B 四技,470,23,164,11 臺南市,2 技職
113,1025,嘉南藥理大學,10121024,化粧品應用與管理系,N 修,B 四技,102,0,21,11 臺南市,2 技職
113,1025,嘉南藥理大學,10121024,化粧品應用與管理系,D 日,C 二技,48,0,31,11 臺南市,2 技職
113,1025,嘉南藥理大學,10121024,化粧品應用與管理系,N 修,C 二技,58,0,38,11 臺南市,2 技職
113,1025,嘉南藥理大學,10131019,餐旅管理系,D 日,B 四技,342,16,128,11 臺南市,2 技職
113,1025,嘉南藥理大學,10131019,餐旅管理系,N 修,B 四技,95,0,29,11 臺南市,2 技職
113,1025,嘉南藥理大學,10151020,觀光事業管理系溫泉產業碩士在職專班,N 職,M 碩士,21,0,5,11 臺南市,2 技職
113,1025,嘉南藥理大學,10151020,觀光事業管理系,D 日,B 四技,131,9,52,11 臺南市,2 技職
113,1025,嘉南藥理大學,10151020,觀光事業管理系,N 修,B 四技,38,0,4,11 臺南市,2 技職
113,1025,嘉南藥理大學,10152021,休閒保健管理系碩士班,D 日,M 碩士,20,0,13,11 臺南市,2 技職
113,1025,嘉南藥理大學,10152021,休閒保健管理系,D 日,B 四技,279,12,76,11 臺南市,2 技職
113,1025,嘉南藥理大學,10152021,休閒保健管理系,N 修,B 四技,58,0,15,11 臺南市,2 技職
113,1025,嘉南藥理大學,10152022,運動管理系,D 日,B 四技,269,12,57,11 臺南市,2 技職
113,1025,嘉南藥理大學,10152022,運動管理系,N 修,B 四技,146,0,38,11 臺南市,2 技職
113,1025,嘉南藥理大學,10221011,職業安全衛生系產業安全衛生與防災碩士在職專班,N 職,M 碩士,41,0,10,11 臺南市,2 技職
113,1025,嘉南藥理大學,10221011,職業安全衛生系,D 日,B 四技,182,9,55,11 臺南市,2 技職
113,1025,嘉南藥理大學,10221011,職業安全衛生系,N 修,B 四技,1,0,2,11 臺南市,2 技職
113,1025,嘉南藥理大學,10221011,職業安全衛生系,N 修,C 二技,59,0,0,11 臺南市,2 技職
113,1025,嘉南藥理大學,10221011,職業安全衛生科,D 日,5 五專,52,0,0,11 臺南市,2 技職
113,1025,嘉南藥理大學,99999Z01,通識及共同科目,D 日,,0,14,0,11 臺南市,2 技職
113,1025,嘉南藥理大學,99999Z03,軍訓教官,D 日,,0,5,0,11 臺南市,2 技職
113,1026,樹德科技大學,02112009,視覺傳達設計系碩士在職專班,N 職,M 碩士,1,0,2,12 高雄市,2 技職
113,1026,樹德科技大學,02112009,視覺傳達設計系,D 日,B 四技,247,10,64,12 高雄市,2 技職
113,1026,樹德科技大學,02112009,視覺傳達設計系,N 修,B 四技,13,0,5,12 高雄市,2 技職
113,1026,樹德科技大學,02121052,設計創新與經營研究所,D 日,M 碩士,35,4,7,12 高雄市,2 技職
113,1026,樹德科技大學,02121052,設計創新與經營研究所,N 職,M 碩士,29,0,4,12 高雄市,2 技職
113,1026,樹德科技大學,02122004,流行設計系,D 日,B 四技,347,13,64,12 高雄市,2 技職
113,1026,樹德科技大學,02122004,流行設計系,N 修,B 四技,53,0,7,12 高雄市,2 技職
113,1026,樹德科技大學,02122004,流行設計系,N 修,C 二技,55,0,7,12 高雄市,2 技職
113,1026,樹德科技大學,02122004,流行設計科,N 修,2 二專,27,0,10,12 高雄市,2 技職
113,1026,樹德科技大學,02122006,動畫與遊戲設計系,D 日,B 四技,475,13,143,12 高雄市,2 技職
113,1026,樹德科技大學,02122006,動畫與遊戲設計系,N 修,B 四技,61,0,9,12 高雄市,2 技職
113,1026,樹德科技大學,02122006,動畫與遊戲設計科,D 日,5 五專,12,0,0,12 高雄市,2 技職
113,1026,樹德科技大學,02123010,生活產品設計系碩士在職專班,N 職,M 碩士,8,0,1,12 高雄市,2 技職
113,1026,樹德科技大學,02123010,生活產品設計系,D 日,B 四技,227,7,44,12 高雄市,2 技職
113,1026,樹德科技大學,02123010,生活產品設計系,N 修,B 四技,17,0,5,12 高雄市,2 技職
113,1026,樹德科技大學,02124011,室內設計系,D 日,B 四技,230,9,66,12 高雄市,2 技職
113,1026,樹德科技大學,02124011,室內設計系,N 修,B 四技,54,0,9,12 高雄市,2 技職
113,1026,樹德科技大學,02124012,建築與室內設計研究所,D 日,M 碩士,8,4,3,12 高雄市,2 技職
113,1026,樹德科技大學,02124012,建築與室內設計研究所,N 職,M 碩士,24,0,5,12 高雄市,2 技職
113,1026,樹德科技大學,02152001,表演藝術系,D 日,B 四技,360,10,60,12 高雄市,2 技職
113,1026,樹德科技大學,02192002,藝術管理與藝術經紀系,D 日,B 四技,137,7,33,12 高雄市,2 技職
113,1026,樹德科技大學,02311003,應用外語系,D 日,B 四技,106,8,30,12 高雄市,2 技職
113,1026,樹德科技大學,04121026,金融管理系碩士班,D 日,M 碩士,23,0,7,12 高雄市,2 技職
113,1026,樹德科技大學,04121026,金融管理系碩士在職專班,N 職,M 碩士,35,0,12,12 高雄市,2 技職
113,1026,樹德科技大學,04121026,金融管理系,D 日,B 四技,409,12,72,12 高雄市,2 技職
113,1026,樹德科技大學,04121026,金融管理系,N 修,B 四技,68,0,1,12 高雄市,2 技職
113,1026,樹德科技大學,04121026,金融管理科,N 修,2 二專,21,0,0,12 高雄市,2 技職
113,1026,樹德科技大學,04131016,企業管理系,D 日,B 四技,388,11,85,12 高雄市,2 技職
113,1026,樹德科技大學,04131016,企業管理系,N 修,B 四技,67,1,31,12 高雄市,2 技職
113,1026,樹德科技大學,04131016,企業管理系,N 修,C 二技,92,0,53,12 高雄市,2 技職
113,1026,樹德科技大學,04131016,企業管理科,N 修,2 二專,51,0,14,12 高雄市,2 技職
113,1026,樹德科技大學,04131017,經營管理研究所,D 日,M 碩士,25,7,12,12 高雄市,2 技職
113,1026,樹德科技大學,04131017,經營管理研究所,N 職,M 碩士,63,0,35,12 高雄市,2 技職
113,1026,樹德科技大學,04132029,流通管理系,D 日,B 四技,228,7,59,12 高雄市,2 技職
113,1026,樹德科技大學,04132029,流通管理系,N 修,B 四技,23,0,5,12 高雄市,2 技職
113,1026,樹德科技大學,04132029,流通管理系,N 修,C 二技,107,0,45,12 高雄市,2 技職
113,1026,樹德科技大學,04132029,流通管理科,N 修,2 二專,37,0,10,12 高雄市,2 技職
113,1026,樹德科技大學,04141021,會展管理與貿易行銷碩士在職學位學程,N 職,M 碩士,9,0,7,12 高雄市,2 技職
113,1026,樹德科技大學,04143027,行銷管理系,D 日,B 四技,318,15,90,12 高雄市,2 技職
113,1026,樹德科技大學,04143027,行銷管理系,N 修,B 四技,79,0,11,12 高雄市,2 技職
113,1026,樹德科技大學,04143027,行銷管理系,N 修,C 二技,369,0,30,12 高雄市,2 技職
113,1026,樹德科技大學,04143027,行銷管理科,N 修,2 二專,89,0,28,12 高雄市,2 技職
113,1026,樹德科技大學,04143048,會展行銷與活動管理系,D 日,B 四技,243,7,47,12 高雄市,2 技職
113,1026,樹德科技大學,04143048,會展行銷與活動管理系,N 修,B 四技,14,0,2,12 高雄市,2 技職
113,1026,樹德科技大學,04143053,設計行銷系,D 日,B 四技,7,0,0,12 高雄市,2 技職
113,1026,樹德科技大學,06121032,資訊管理系碩士班,D 日,M 碩士,10,0,11,12 高雄市,2 技職
113,1026,樹德科技大學,06121032,資訊管理系碩士在職專班,N 職,M 碩士,26,0,20,12 高雄市,2 技職
113,1026,樹德科技大學,06121032,資訊管理系,D 日,B 四技,185,10,38,12 高雄市,2 技職
113,1026,樹德科技大學,06121032,資訊管理系,N 修,B 四技,33,0,7,12 高雄市,2 技職
113,1026,樹德科技大學,06131033,資訊工程系碩士班,D 日,M 碩士,12,0,5,12 高雄市,2 技職
113,1026,樹德科技大學,06131033,資訊工程系資訊技術與管理數位學習碩士在職專班,N 職,M 碩士,7,0,4,12 高雄市,2 技職
113,1026,樹德科技大學,06131033,資訊工程系,D 日,B 四技,209,9,43,12 高雄市,2 技職
113,1026,樹德科技大學,06131033,資訊工程系,N 修,B 四技,51,0,11,12 高雄市,2 技職
113,1026,樹德科技大學,06132051,電子競技與電腦娛樂科學系,D 日,B 四技,160,7,37,12 高雄市,2 技職
113,1026,樹德科技大學,06132051,電子競技與電腦娛樂科學系,N 修,B 四技,6,0,0,12 高雄市,2 技職
113,1026,樹德科技大學,07141034,電腦與通訊系碩士班,D 日,M 碩士,26,0,20,12 高雄市,2 技職
113,1026,樹德科技大學,07141034,電腦與通訊系,D 日,B 四技,218,9,33,12 高雄市,2 技職
113,1026,樹德科技大學,07141034,電腦與通訊系,N 修,B 四技,12,0,10,12 高雄市,2 技職
113,1026,樹德科技大學,07141036,車用電子學士學位學程,D 日,B 四技,1,0,0,12 高雄市,2 技職
113,1026,樹德科技大學,09221038,兒童與家庭服務系碩士班,D 日,M 碩士,20,0,7,12 高雄市,2 技職
113,1026,樹德科技大學,09221038,兒童與家庭服務系碩士在職專班,N 職,M 碩士,23,0,3,12 高雄市,2 技職
113,1026,樹德科技大學,09221038,兒童與家庭服務系,D 日,B 四技,213,9,37,12 高雄市,2 技職
113,1026,樹德科技大學,09221038,兒童與家庭服務系,N 修,C 二技,52,0,18,12 高雄市,2 技職
113,1026,樹德科技大學,09231037,社會工作系,D 日,B 四技,126,7,32,12 高雄市,2 技職
113,1026,樹德科技大學,09231037,社會工作系,N 修,C 二技,170,0,57,12 高雄市,2 技職
113,1026,樹德科技大學,10121049,美髮設計與經營系,D 日,B 四技,124,8,9,12 高雄市,2 技職
113,1026,樹德科技大學,10131046,餐旅與烘焙管理系,D 日,B 四技,373,8,78,12 高雄市,2 技職
113,1026,樹德科技大學,10151041,休閒與觀光管理系,D 日,B 四技,203,9,71,12 高雄市,2 技職
113,1026,樹德科技大學,10151041,休閒與觀光管理系,N 修,B 四技,133,0,35,12 高雄市,2 技職
113,1026,樹德科技大學,10151041,休閒與觀光管理系,N 修,C 二技,62,0,32,12 高雄市,2 技職
113,1026,樹德科技大學,10151041,休閒與觀光管理科,N 修,2 二專,55,0,19,12 高雄市,2 技職
113,1026,樹德科技大學,10152044,休閒遊憩與運動管理系,D 日,B 四技,181,10,40,12 高雄市,2 技職
113,1026,樹德科技大學,10152044,休閒遊憩與運動管理系,N 修,B 四技,123,0,19,12 高雄市,2 技職
113,1026,樹德科技大學,99999045,人類性學研究所,D 日,D 博士,27,0,3,12 高雄市,2 技職
113,1026,樹德科技大學,99999045,人類性學研究所,D 日,M 碩士,42,7,12,12 高雄市,2 技職
113,1026,樹德科技大學,99999045,人類性學研究所,N 職,M 碩士,52,0,16,12 高雄市,2 技職
113,1026,樹德科技大學,99999Z01,通識及共同科目,D 日,,0,13,0,12 高雄市,2 技職
113,1027,慈濟大學,01111001,教育研究所,D 日,M 碩士,24,5,2,15 花蓮縣,1 一般
113,1027,慈濟大學,01111001,教育研究所,N 職,M 碩士,13,0,1,15 花蓮縣,1 一般
113,1027,慈濟大學,02211005,宗教與人文研究所,D 日,M 碩士,32,5,12,15 花蓮縣,1 一般
113,1027,慈濟大學,02311038,外國語文學系,D 日,B 學士,31,7,22,15 花蓮縣,1 一般
113,1027,慈濟大學,02322004,東方語文學系,D 日,M 碩士,9,0,3,15 花蓮縣,1 一般
113,1027,慈濟大學,02322004,東方語文學系,D 日,B 學士,95,8,28,15 花蓮縣,1 一般
113,1027,慈濟大學,03131008,人類發展與心理學系,D 日,M 碩士,40,0,14,15 花蓮縣,1 一般
113,1027,慈濟大學,03131008,人類發展與心理學系,D 日,B 學士,108,9,28,15 花蓮縣,1 一般
113,1027,慈濟大學,03213036,國際數位媒體科技學士學位學程,D 日,B 學士,38,3,0,15 花蓮縣,1 一般
113,1027,慈濟大學,03214009,傳播學系,D 日,M 碩士,11,0,6,15 花蓮縣,1 一般
113,1027,慈濟大學,03214009,傳播學系,D 日,B 學士,96,7,41,15 花蓮縣,1 一般
113,1027,慈濟大學,04131035,國際服務產業管理學士學位學程,D 日,B 學士,33,4,16,15 花蓮縣,1 一般
113,1027,慈濟大學,04131058,經營管理學系,D 日,B 學士,159,9,23,15 花蓮縣,1 一般
113,1027,慈濟大學,04133054,醫務暨健康管理學系,D 日,M 碩士,13,0,0,15 花蓮縣,1 一般
113,1027,慈濟大學,04133054,醫務暨健康管理學系,D 日,B 學士,105,9,27,15 花蓮縣,1 一般
113,1027,慈濟大學,05121012,分子生物暨人類遺傳學系,D 日,M 碩士,16,0,7,15 花蓮縣,1 一般
113,1027,慈濟大學,05121012,分子生物暨人類遺傳學系,D 日,B 學士,91,9,23,15 花蓮縣,1 一般
113,1027,慈濟大學,05291040,永續暨防災碩士學位學程,D 日,M 碩士,5,3,0,15 花蓮縣,1 一般
113,1027,慈濟大學,06131048,資訊科技與管理學系,D 日,M 碩士,20,0,4,15 花蓮縣,1 一般
113,1027,慈濟大學,06131048,資訊科技與管理學系,D 日,B 學士,155,10,36,15 花蓮縣,1 一般
113,1027,慈濟大學,06133032,醫學資訊學系,D 日,M 碩士,25,0,7,15 花蓮縣,1 一般
113,1027,慈濟大學,06133032,醫學資訊學系,D 日,B 學士,108,11,28,15 花蓮縣,1 一般
113,1027,慈濟大學,07193039,生物醫學暨工程學系,D 日,M 碩士,14,0,5,15 花蓮縣,1 一般
113,1027,慈濟大學,07193039,生物醫學暨工程學系,D 日,B 學士,95,11,20,15 花蓮縣,1 一般
113,1027,慈濟大學,09111041,口腔醫學暨材料研究所,D 日,M 碩士,1,3,0,15 花蓮縣,1 一般
113,1027,慈濟大學,09121015,醫學系,D 日,M 碩士,21,0,13,15 花蓮縣,1 一般
113,1027,慈濟大學,09121015,醫學系,D 日,B 學士,336,33,61,15 花蓮縣,1 一般
113,1027,慈濟大學,09121019,醫學科學研究所,D 日,D 博士,79,7,12,15 花蓮縣,1 一般
113,1027,慈濟大學,09121022,轉譯醫學博士學位學程,D 日,D 博士,4,1,0,15 花蓮縣,1 一般
113,1027,慈濟大學,09121023,學士後中醫學系,D 日,M 碩士,7,0,0,15 花蓮縣,1 一般
113,1027,慈濟大學,09121023,學士後中醫學系,D 日,B 學士,222,16,47,15 花蓮縣,1 一般
113,1027,慈濟大學,09131028,護理學系,D 日,M 碩士,87,0,20,15 花蓮縣,1 一般
113,1027,慈濟大學,09131028,護理學系,N 職,M 碩士,13,0,0,15 花蓮縣,1 一般
113,1027,慈濟大學,09131028,護理系,D 日,B 學士,878,71,197,15 花蓮縣,1 一般
113,1027,慈濟大學,09131028,護理系,D 日,C 二技,0,0,132,15 花蓮縣,1 一般
113,1027,慈濟大學,09131028,護理學系,N 修,C 二技,134,0,58,15 花蓮縣,1 一般
113,1027,慈濟大學,09131028,護理科,D 日,5 五專,1236,0,204,15 花蓮縣,1 一般
113,1027,慈濟大學,09131042,學士後護理學系,D 日,B 學士,29,3,0,15 花蓮縣,1 一般
113,1027,慈濟大學,09131Y55,護理學院,D 日,,0,7,0,15 花蓮縣,1 一般
113,1027,慈濟大學,09141031,醫學檢驗生物技術學系,D 日,M 碩士,12,0,5,15 花蓮縣,1 一般
113,1027,慈濟大學,09141031,醫學檢驗生物技術學系,D 日,B 學士,202,10,49,15 花蓮縣,1 一般
113,1027,慈濟大學,09141052,醫學影像暨放射科學系,D 日,M 碩士,8,0,8,15 花蓮縣,1 一般
113,1027,慈濟大學,09141052,醫學影像暨放射科學系,D 日,B 學士,96,8,32,15 花蓮縣,1 一般
113,1027,慈濟大學,09151027,物理治療學系,D 日,M 碩士,9,0,4,15 花蓮縣,1 一般
113,1027,慈濟大學,09151027,物理治療學系,D 日,B 學士,181,10,42,15 花蓮縣,1 一般
113,1027,慈濟大學,09161015,醫學系藥理暨毒理學博士班,D 日,D 博士,10,0,2,15 花蓮縣,1 一般
113,1027,慈濟大學,09161037,臨床藥學研究所,D 日,M 碩士,2,2,1,15 花蓮縣,1 一般
113,1027,慈濟大學,09161043,藥學系,D 日,B 學士,17,6,0,15 花蓮縣,1 一般
113,1027,慈濟大學,09191024,公共衛生學系,D 日,M 碩士,28,0,8,15 花蓮縣,1 一般
113,1027,慈濟大學,09191024,公共衛生學系,D 日,B 學士,71,11,21,15 花蓮縣,1 一般
113,1027,慈濟大學,09211053,長期照護研究所,D 日,M 碩士,26,5,6,15 花蓮縣,1 一般
113,1027,慈濟大學,09211053,長期照護科_外國學生產學合作專班,D 日,2 二專,0,0,16,15 花蓮縣,1 一般
113,1027,慈濟大學,09221002,兒童發展與家庭教育學系,D 日,B 學士,114,7,38,15 花蓮縣,1 一般
113,1027,慈濟大學,09231034,社會工作學系,D 日,M 碩士,18,0,2,15 花蓮縣,1 一般
113,1027,慈濟大學,09231034,社會工作學系,D 日,B 學士,106,8,39,15 花蓮縣,1 一般
113,1027,慈濟大學,10131057,廚藝管理系,D 日,B 學士,0,0,4,15 花蓮縣,1 一般
113,1027,慈濟大學,10199056,觀光餐旅系,D 日,M 碩士,0,0,1,15 花蓮縣,1 一般
113,1027,慈濟大學,10199056,觀光餐旅科,D 日,5 五專,2,0,6,15 花蓮縣,1 一般
113,1027,慈濟大學,99999Z01,通識及共同科目,D 日,,0,30,0,15 花蓮縣,1 一般
113,1027,慈濟大學,99999Z07,體育室,D 日,,0,8,0,15 花蓮縣,1 一般
113,1027,慈濟大學,99999Z08,語言中心,D 日,,0,8,0,15 花蓮縣,1 一般
113,1028,臺北醫學大學,03131057,心智意識與腦科學研究所,D 日,D 博士,14,0,3,30 臺北市,1 一般
113,1028,臺北醫學大學,03131057,心智意識與腦科學研究所,D 日,M 碩士,19,7,2,30 臺北市,1 一般
113,1028,臺北醫學大學,03199001,醫學人文研究所,D 日,M 碩士,15,5,3,30 臺北市,1 一般
113,1028,臺北醫學大學,04133002,醫務管理學系,D 日,M 碩士,30,0,18,30 臺北市,1 一般
113,1028,臺北醫學大學,04133002,醫務管理學系,N 職,M 碩士,23,0,6,30 臺北市,1 一般
113,1028,臺北醫學大學,04133002,醫務管理學系,D 日,B 學士,275,10,67,30 臺北市,1 一般
113,1028,臺北醫學大學,04133061,國際生技醫療管理博士學位學程,D 日,D 博士,9,2,0,30 臺北市,1 一般
113,1028,臺北醫學大學,04199050,管理學院生物科技高階管理碩士在職專班,N 職,M 碩士,34,3,18,30 臺北市,1 一般
113,1028,臺北醫學大學,04212003,醫療暨生物科技法律研究所,D 日,M 碩士,15,6,6,30 臺北市,1 一般
113,1028,臺北醫學大學,04212003,醫療暨生物科技法律研究所,N 職,M 碩士,8,0,0,30 臺北市,1 一般
113,1028,臺北醫學大學,05121016,醫學科學研究所,D 日,D 博士,46,0,9,30 臺北市,1 一般
113,1028,臺北醫學大學,05121016,醫學科學研究所,D 日,M 碩士,57,9,17,30 臺北市,1 一般
113,1028,臺北醫學大學,05191032,保健營養學系,D 日,D 博士,26,0,5,30 臺北市,1 一般
113,1028,臺北醫學大學,05191032,保健營養學系,D 日,M 碩士,36,0,17,30 臺北市,1 一般
113,1028,臺北醫學大學,05191032,保健營養學系,N 職,M 碩士,21,0,6,30 臺北市,1 一般
113,1028,臺北醫學大學,05191032,保健營養學系,D 日,B 學士,239,15,65,30 臺北市,1 一般
113,1028,臺北醫學大學,05311070,國際生技醫藥產業人才碩士專班,D 日,M 碩士,3,0,0,30 臺北市,1 一般
113,1028,臺北醫學大學,06131042,醫學資訊研究所,D 日,D 博士,35,0,4,30 臺北市,1 一般
113,1028,臺北醫學大學,06131042,醫學資訊研究所,D 日,M 碩士,24,9,9,30 臺北市,1 一般
113,1028,臺北醫學大學,06131042,醫學資訊研究所,N 職,M 碩士,14,0,9,30 臺北市,1 一般
113,1028,臺北醫學大學,06199051,大數據科技及管理研究所,D 日,M 碩士,25,6,13,30 臺北市,1 一般
113,1028,臺北醫學大學,07112008,生醫材料暨組織工程研究所,D 日,D 博士,26,0,0,30 臺北市,1 一般
113,1028,臺北醫學大學,07112008,生醫材料暨組織工程研究所,D 日,M 碩士,19,7,11,30 臺北市,1 一般
113,1028,臺北醫學大學,07112010,奈米醫學工程研究所,D 日,D 博士,1,0,0,30 臺北市,1 一般
113,1028,臺北醫學大學,07112010,奈米醫學工程研究所,D 日,M 碩士,10,7,3,30 臺北市,1 一般
113,1028,臺北醫學大學,07151053,生醫光機電研究所,D 日,M 碩士,12,6,6,30 臺北市,1 一般
113,1028,臺北醫學大學,07193009,生物醫學工程學系,D 日,B 學士,144,8,26,30 臺北市,1 一般
113,1028,臺北醫學大學,07193011,國際生醫工程博士學位學程,D 日,D 博士,23,2,1,30 臺北市,1 一般
113,1028,臺北醫學大學,07211012,食品安全學系,D 日,M 碩士,15,0,8,30 臺北市,1 一般
113,1028,臺北醫學大學,07211012,食品安全學系,D 日,B 學士,116,12,29,30 臺北市,1 一般
113,1028,臺北醫學大學,07211068,國際人工智慧營養食安產業人才碩士專班,D 日,M 碩士,1,0,0,30 臺北市,1 一般
113,1028,臺北醫學大學,09111044,牙醫學系,D 日,D 博士,23,0,5,30 臺北市,1 一般
113,1028,臺北醫學大學,09111044,牙醫學系,D 日,M 碩士,36,0,12,30 臺北市,1 一般
113,1028,臺北醫學大學,09111044,牙醫學系,D 日,B 學士,557,22,92,30 臺北市,1 一般
113,1028,臺北醫學大學,09111045,牙體技術學系,D 日,M 碩士,9,0,5,30 臺北市,1 一般
113,1028,臺北醫學大學,09111045,牙體技術學系,D 日,B 學士,146,11,38,30 臺北市,1 一般
113,1028,臺北醫學大學,09111046,口腔衛生學系,D 日,B 學士,111,7,18,30 臺北市,1 一般
113,1028,臺北醫學大學,09121013,醫學系,D 日,B 學士,912,330,159,30 臺北市,1 一般
113,1028,臺北醫學大學,09121014,臨床醫學研究所,D 日,D 博士,47,0,6,30 臺北市,1 一般
113,1028,臺北醫學大學,09121014,臨床醫學研究所,D 日,M 碩士,14,17,4,30 臺北市,1 一般
113,1028,臺北醫學大學,09121014,臨床醫學研究所應用實證醫學碩士在職專班,N 職,M 碩士,8,0,8,30 臺北市,1 一般
113,1028,臺北醫學大學,09121017,轉譯醫學博士學位學程,D 日,D 博士,5,5,2,30 臺北市,1 一般
113,1028,臺北醫學大學,09121019,國際醫學研究博士學位學程,D 日,D 博士,84,0,10,30 臺北市,1 一般
113,1028,臺北醫學大學,09121019,國際醫學研究碩士學位學程,D 日,M 碩士,16,5,4,30 臺北市,1 一般
113,1028,臺北醫學大學,09121054,細胞治療與再生醫學國際博士學位學程,D 日,D 博士,16,3,5,30 臺北市,1 一般
113,1028,臺北醫學大學,09121062,國際轉譯科學博士學位學程,D 日,D 博士,8,0,2,30 臺北市,1 一般
113,1028,臺北醫學大學,09121062,國際轉譯科學碩士學位學程,D 日,M 碩士,6,4,0,30 臺北市,1 一般
113,1028,臺北醫學大學,09121066,神經醫學博士學位學程,D 日,D 博士,18,0,3,30 臺北市,1 一般
113,1028,臺北醫學大學,09121066,國際神經醫學碩士學位學程,D 日,M 碩士,4,10,2,30 臺北市,1 一般
113,1028,臺北醫學大學,09121067,細胞治療產業碩士專班,D 日,M 碩士,1,0,1,30 臺北市,1 一般
113,1028,臺北醫學大學,09131037,護理學系,D 日,D 博士,79,0,12,30 臺北市,1 一般
113,1028,臺北醫學大學,09131037,護理學系,D 日,M 碩士,64,0,18,30 臺北市,1 一般
113,1028,臺北醫學大學,09131037,護理學系,N 職,M 碩士,105,0,25,30 臺北市,1 一般
113,1028,臺北醫學大學,09131037,護理學系,D 日,B 學士,349,32,99,30 臺北市,1 一般
113,1028,臺北醫學大學,09141040,醫學生物科技博士學位學程,D 日,D 博士,17,2,2,30 臺北市,1 一般
113,1028,臺北醫學大學,09141041,醫學檢驗暨生物技術學系,D 日,M 碩士,17,0,7,30 臺北市,1 一般
113,1028,臺北醫學大學,09141041,醫學檢驗暨生物技術學系,N 職,M 碩士,12,0,2,30 臺北市,1 一般
113,1028,臺北醫學大學,09141041,醫學檢驗暨生物技術學系,D 日,B 學士,246,13,65,30 臺北市,1 一般
113,1028,臺北醫學大學,09141058,醫學院人工智慧醫療碩士在職專班,N 職,M 碩士,44,3,18,30 臺北市,1 一般
113,1028,臺北醫學大學,09161024,藥學系,D 日,D 博士,42,0,11,30 臺北市,1 一般
113,1028,臺北醫學大學,09161024,藥學系,D 日,M 碩士,66,0,28,30 臺北市,1 一般
113,1028,臺北醫學大學,09161024,藥學系臨床藥學碩士在職專班,N 職,M 碩士,28,0,9,30 臺北市,1 一般
113,1028,臺北醫學大學,09161024,藥學系,D 日,B 學士,894,30,167,30 臺北市,1 一般
113,1028,臺北醫學大學,09161026,生藥學研究所,D 日,M 碩士,20,3,9,30 臺北市,1 一般
113,1028,臺北醫學大學,09161028,癌症生物學與藥物研發博士學位學程,D 日,D 博士,28,0,8,30 臺北市,1 一般
113,1028,臺北醫學大學,09161028,癌症生物學與藥物研發研究所,D 日,M 碩士,20,13,3,30 臺北市,1 一般
113,1028,臺北醫學大學,09161030,中草藥臨床藥物研發博士學位學程,D 日,D 博士,27,2,3,30 臺北市,1 一般
113,1028,臺北醫學大學,09161060,新藥研發產業博士學位學程,D 日,D 博士,15,3,3,30 臺北市,1 一般
113,1028,臺北醫學大學,09191020,公共衛生學系,D 日,D 博士,27,0,4,30 臺北市,1 一般
113,1028,臺北醫學大學,09191020,公共衛生學系,D 日,M 碩士,26,0,11,30 臺北市,1 一般
113,1028,臺北醫學大學,09191020,公共衛生學系,D 日,B 學士,174,13,44,30 臺北市,1 一般
113,1028,臺北醫學大學,09191022,傷害防治學研究所,D 日,D 博士,17,0,1,30 臺北市,1 一般
113,1028,臺北醫學大學,09191022,傷害防治學研究所,D 日,M 碩士,20,9,4,30 臺北市,1 一般
113,1028,臺北醫學大學,09191022,傷害防治學研究所失能暨復健碩士在職專班,N 職,M 碩士,0,0,1,30 臺北市,1 一般
113,1028,臺北醫學大學,09191056,全球衛生暨衛生安全博士學位學程,D 日,D 博士,29,0,2,30 臺北市,1 一般
113,1028,臺北醫學大學,09191056,全球衛生暨衛生安全碩士學位學程,D 日,M 碩士,15,4,5,30 臺北市,1 一般
113,1028,臺北醫學大學,09191063,應用流行病學碩士學位學程,D 日,M 碩士,3,2,1,30 臺北市,1 一般
113,1028,臺北醫學大學,09199035,呼吸治療學系胸腔醫學碩士班,D 日,M 碩士,12,0,4,30 臺北市,1 一般
113,1028,臺北醫學大學,09199035,呼吸治療學系,D 日,B 學士,163,15,38,30 臺北市,1 一般
113,1028,臺北醫學大學,09199052,代謝與肥胖科學研究所,D 日,M 碩士,23,4,6,30 臺北市,1 一般
113,1028,臺北醫學大學,09199064,臨床基因體學暨蛋白質體學碩士學位學程,D 日,M 碩士,9,4,4,30 臺北市,1 一般
113,1028,臺北醫學大學,09211065,國際高齡健康暨長期照護博士學位學程,D 日,D 博士,7,0,0,30 臺北市,1 一般
113,1028,臺北醫學大學,09211065,高齡健康暨長期照護學系,D 日,M 碩士,47,0,8,30 臺北市,1 一般
113,1028,臺北醫學大學,09211065,高齡健康暨長期照護學系,D 日,B 學士,198,12,33,30 臺北市,1 一般
113,1028,臺北醫學大學,09212034,長期照護碩士學位學程,D 日,,0,1,0,30 臺北市,1 一般
113,1028,臺北醫學大學,09212034,長期照護碩士學位學程,D 日,M 碩士,5,0,5,30 臺北市,1 一般
113,1028,臺北醫學大學,99999Z01,通識及共同科目,D 日,,0,26,0,30 臺北市,1 一般
113,1029,中山醫學大學,02311003,應用外國語言學系,D 日,B 學士,177,9,37,19 臺中市,1 一般
113,1029,中山醫學大學,03131004,心理學系臨床心理學碩士班,D 日,M 碩士,73,0,17,19 臺中市,1 一般
113,1029,中山醫學大學,03131004,心理學系,D 日,B 學士,219,11,49,19 臺中市,1 一般
113,1029,中山醫學大學,04133006,醫療產業科技管理學系,D 日,M 碩士,21,0,4,19 臺中市,1 一般
113,1029,中山醫學大學,04133006,醫療產業科技管理學系,D 日,B 學士,192,10,38,19 臺中市,1 一般
113,1029,中山醫學大學,05121012,生物醫學科學學系,D 日,B 學士,314,15,61,19 臺中市,1 一般
113,1029,中山醫學大學,05124012,生物醫學科學學系,D 日,M 碩士,16,0,4,19 臺中市,1 一般
113,1029,中山醫學大學,05191026,營養學系,D 日,D 博士,15,0,4,19 臺中市,1 一般
113,1029,中山醫學大學,05191026,營養學系,D 日,M 碩士,48,0,18,19 臺中市,1 一般
113,1029,中山醫學大學,05191026,營養學系,D 日,B 學士,394,17,84,19 臺中市,1 一般
113,1029,中山醫學大學,05399015,醫學應用化學系,D 日,M 碩士,5,0,4,19 臺中市,1 一般
113,1029,中山醫學大學,05399015,醫學應用化學系,D 日,B 學士,178,11,44,19 臺中市,1 一般
113,1029,中山醫學大學,06131033,醫學資訊學系,D 日,M 碩士,7,0,3,19 臺中市,1 一般
113,1029,中山醫學大學,06131033,醫學資訊學系,D 日,B 學士,182,10,33,19 臺中市,1 一般
113,1029,中山醫學大學,09111038,牙醫學系,D 日,D 博士,7,0,3,19 臺中市,1 一般
113,1029,中山醫學大學,09111038,牙醫學系,D 日,M 碩士,17,0,8,19 臺中市,1 一般
113,1029,中山醫學大學,09111038,牙醫學系,D 日,B 學士,481,22,79,19 臺中市,1 一般
113,1029,中山醫學大學,09111039,口腔科學研究所,D 日,D 博士,8,0,2,19 臺中市,1 一般
113,1029,中山醫學大學,09111039,口腔科學研究所,D 日,M 碩士,16,7,4,19 臺中市,1 一般
113,1029,中山醫學大學,09121018,醫學研究所,D 日,D 博士,106,0,18,19 臺中市,1 一般
113,1029,中山醫學大學,09121018,醫學研究所,D 日,M 碩士,80,0,41,19 臺中市,1 一般
113,1029,中山醫學大學,09121018,醫學系,D 日,B 學士,869,154,127,19 臺中市,1 一般
113,1029,中山醫學大學,09131028,護理學系,D 日,M 碩士,63,0,13,19 臺中市,1 一般
113,1029,中山醫學大學,09131028,護理學系長期照護碩士在職專班,N 職,M 碩士,68,0,14,19 臺中市,1 一般
113,1029,中山醫學大學,09131028,護理學系,D 日,B 學士,464,20,102,19 臺中市,1 一般
113,1029,中山醫學大學,09141030,醫學檢驗暨生物技術學系,D 日,M 碩士,8,0,7,19 臺中市,1 一般
113,1029,中山醫學大學,09141030,醫學檢驗暨生物技術學系,D 日,B 學士,338,15,81,19 臺中市,1 一般
113,1029,中山醫學大學,09141031,醫學影像暨放射科學系,D 日,M 碩士,14,0,11,19 臺中市,1 一般
113,1029,中山醫學大學,09141031,醫學影像暨放射科學系,D 日,B 學士,307,12,77,19 臺中市,1 一般
113,1029,中山醫學大學,09141032,視光學系,D 日,M 碩士,29,0,14,19 臺中市,1 一般
113,1029,中山醫學大學,09141032,視光學系,D 日,B 學士,237,12,56,19 臺中市,1 一般
113,1029,中山醫學大學,09141032,視光學系,N 修,C 二技,106,0,38,19 臺中市,1 一般
113,1029,中山醫學大學,09151022,物理治療學系,D 日,M 碩士,6,0,0,19 臺中市,1 一般
113,1029,中山醫學大學,09151022,物理治療學系,D 日,B 學士,225,10,57,19 臺中市,1 一般
113,1029,中山醫學大學,09152023,職能治療學系,D 日,M 碩士,17,0,3,19 臺中市,1 一般
113,1029,中山醫學大學,09152023,職能治療學系,D 日,B 學士,190,10,51,19 臺中市,1 一般
113,1029,中山醫學大學,09153024,語言治療與聽力學系,D 日,M 碩士,49,0,12,19 臺中市,1 一般
113,1029,中山醫學大學,09153024,語言治療與聽力學系,D 日,B 學士,394,11,89,19 臺中市,1 一般
113,1029,中山醫學大學,09191020,公共衛生學系,D 日,D 博士,26,0,4,19 臺中市,1 一般
113,1029,中山醫學大學,09191020,公共衛生學系,D 日,M 碩士,14,0,15,19 臺中市,1 一般
113,1029,中山醫學大學,09191020,公共衛生學系,D 日,B 學士,288,12,58,19 臺中市,1 一般
113,1029,中山醫學大學,09199048,健康管理學院國際健康產業經營管理碩士在職專班,N 職,M 碩士,89,0,34,19 臺中市,1 一般
113,1029,中山醫學大學,09231045,醫學社會暨社會工作學系,D 日,M 碩士,20,0,7,19 臺中市,1 一般
113,1029,中山醫學大學,09231045,醫學社會暨社會工作學系,D 日,B 學士,381,12,92,19 臺中市,1 一般
113,1029,中山醫學大學,10131049,健康產業科技管理學系,D 日,M 碩士,9,0,6,19 臺中市,1 一般
113,1029,中山醫學大學,10131049,健康產業科技管理學系,D 日,B 學士,152,9,23,19 臺中市,1 一般
113,1029,中山醫學大學,10199X23,健康管理學院,D 日,,0,4,0,19 臺中市,1 一般
113,1029,中山醫學大學,10221021,職業安全衛生學系,D 日,M 碩士,11,0,7,19 臺中市,1 一般
113,1029,中山醫學大學,10221021,職業安全衛生學系,N 職,M 碩士,1,0,0,19 臺中市,1 一般
113,1029,中山醫學大學,10221021,職業安全衛生學系,D 日,B 學士,226,8,40,19 臺中市,1 一般
113,1029,中山醫學大學,99999Z01,通識及共同科目,D 日,,0,3,0,19 臺中市,1 一般
113,1029,中山醫學大學,99999Z03,軍訓教官,D 日,,0,1,0,19 臺中市,1 一般
113,1029,中山醫學大學,99999Z07,體育室,D 日,,0,5,0,19 臺中市,1 一般
113,1030,龍華科技大學,02112011,多媒體與遊戲發展科學系碩士班,D 日,M 碩士,39,0,4,03 桃園市,2 技職
113,1030,龍華科技大學,02112011,多媒體與遊戲發展科學系,D 日,B 四技,585,20,141,03 桃園市,2 技職
113,1030,龍華科技大學,02112011,多媒體與遊戲發展科學系,N 修,B 四技,110,0,20,03 桃園市,2 技職
113,1030,龍華科技大學,02112011,多媒體與遊戲發展科學系,D 日,C 二技,2,0,4,03 桃園市,2 技職
113,1030,龍華科技大學,02122002,文化創意與數位媒體設計系,D 日,B 四技,536,18,96,03 桃園市,2 技職
113,1030,龍華科技大學,02122002,文化創意與數位媒體設計系,N 修,B 四技,149,1,26,03 桃園市,2 技職
113,1030,龍華科技大學,02311001,應用外語系,D 日,B 四技,177,16,89,03 桃園市,2 技職
113,1030,龍華科技大學,02311001,應用外語系,N 修,B 四技,100,1,22,03 桃園市,2 技職
113,1030,龍華科技大學,04121007,財務金融系,D 日,B 四技,235,10,67,03 桃園市,2 技職
113,1030,龍華科技大學,04121007,財務金融系,N 修,B 四技,79,0,17,03 桃園市,2 技職
113,1030,龍華科技大學,04131004,企業管理系,D 日,M 碩士,72,0,20,03 桃園市,2 技職
113,1030,龍華科技大學,04131004,企業管理系,N 職,M 碩士,105,0,24,03 桃園市,2 技職
113,1030,龍華科技大學,04131004,企業管理系,D 日,B 四技,344,18,58,03 桃園市,2 技職
113,1030,龍華科技大學,04131004,企業管理系,N 修,B 四技,92,0,31,03 桃園市,2 技職
113,1030,龍華科技大學,04141005,國際企業系,D 日,B 四技,96,0,3,03 桃園市,2 技職
113,1030,龍華科技大學,04143023,數位行銷暨跨境商務系,D 日,B 四技,280,9,66,03 桃園市,2 技職
113,1030,龍華科技大學,04143023,數位行銷暨跨境商務系,N 修,B 四技,32,0,2,03 桃園市,2 技職
113,1030,龍華科技大學,04199008,工業管理系,D 日,B 四技,494,11,91,03 桃園市,2 技職
113,1030,龍華科技大學,04199008,工業管理系,N 修,B 四技,230,0,37,03 桃園市,2 技職
113,1030,龍華科技大學,06131009,資訊管理系,D 日,M 碩士,27,0,4,03 桃園市,2 技職
113,1030,龍華科技大學,06131009,資訊管理系碩士在職專班,N 職,M 碩士,20,0,6,03 桃園市,2 技職
113,1030,龍華科技大學,06131009,資訊管理系,D 日,B 四技,453,16,88,03 桃園市,2 技職
113,1030,龍華科技大學,06131009,資訊管理系,N 修,B 四技,96,0,21,03 桃園市,2 技職
113,1030,龍華科技大學,06131015,資訊網路工程系,D 日,M 碩士,28,0,14,03 桃園市,2 技職
113,1030,龍華科技大學,06131015,資訊網路工程系,D 日,B 四技,730,17,108,03 桃園市,2 技職
113,1030,龍華科技大學,06131015,資訊網路工程系,N 修,B 四技,122,0,32,03 桃園市,2 技職
113,1030,龍華科技大學,07111018,化工與材料工程系,D 日,B 四技,115,0,2,03 桃園市,2 技職
113,1030,龍華科技大學,07141013,電機工程系碩士班,D 日,M 碩士,29,0,8,03 桃園市,2 技職
113,1030,龍華科技大學,07141013,電機工程系,D 日,B 四技,774,31,129,03 桃園市,2 技職
113,1030,龍華科技大學,07141013,電機工程系,N 修,B 四技,212,0,71,03 桃園市,2 技職
113,1030,龍華科技大學,07141013,電機工程系,D 日,C 二技,94,0,0,03 桃園市,2 技職
113,1030,龍華科技大學,07141013,電機工程系_海外青年技術訓練班,D 日,2 二專,47,0,0,03 桃園市,2 技職
113,1030,龍華科技大學,07141013,電機工程科,D 日,5 五專,370,0,50,03 桃園市,2 技職
113,1030,龍華科技大學,07141014,電子工程系碩士班,D 日,M 碩士,31,0,10,03 桃園市,2 技職
113,1030,龍華科技大學,07141014,電子工程系,D 日,B 四技,980,33,210,03 桃園市,2 技職
113,1030,龍華科技大學,07141014,電子工程系,N 修,B 四技,233,0,50,03 桃園市,2 技職
113,1030,龍華科技大學,07141014,電子工程科,D 日,5 五專,204,0,34,03 桃園市,2 技職
113,1030,龍華科技大學,07141022,半導體工程系碩士班,D 日,M 碩士,46,0,14,03 桃園市,2 技職
113,1030,龍華科技大學,07141022,半導體工程系,D 日,B 四技,477,15,52,03 桃園市,2 技職
113,1030,龍華科技大學,07141022,半導體工程系,N 修,B 四技,27,0,0,03 桃園市,2 技職
113,1030,龍華科技大學,07141022,半導體工程科,D 日,5 五專,137,0,14,03 桃園市,2 技職
113,1030,龍華科技大學,07141024,先進電子構裝科技博士學位學程,D 日,D 博士,2,0,0,03 桃園市,2 技職
113,1030,龍華科技大學,07151016,機械工程系碩士班,D 日,M 碩士,42,0,19,03 桃園市,2 技職
113,1030,龍華科技大學,07151016,機械工程系碩士在職專班,N 職,M 碩士,37,0,14,03 桃園市,2 技職
113,1030,龍華科技大學,07151016,機械工程系,D 日,B 四技,831,30,190,03 桃園市,2 技職
113,1030,龍華科技大學,07151016,機械工程系,N 修,B 四技,319,0,104,03 桃園市,2 技職
113,1030,龍華科技大學,07151016,機械工程科,D 日,5 五專,211,0,25,03 桃園市,2 技職
113,1030,龍華科技大學,10151001,應用外語系國際觀光與會展碩士班,D 日,M 碩士,12,0,1,03 桃園市,2 技職
113,1030,龍華科技大學,10151021,觀光休閒系,D 日,B 四技,649,15,95,03 桃園市,2 技職
113,1030,龍華科技大學,10151021,觀光休閒系,N 修,B 四技,228,0,66,03 桃園市,2 技職
113,1030,龍華科技大學,99999Z01,通識及共同科目,D 日,,0,1,0,03 桃園市,2 技職
113,1031,輔英科技大學,01121035,幼兒保育暨產業系,D 日,B 四技,129,10,29,12 高雄市,2 技職
113,1031,輔英科技大學,01121035,幼兒保育暨產業系,N 修,C 二技,171,0,47,12 高雄市,2 技職
113,1031,輔英科技大學,02311001,應用外語系,D 日,B 四技,51,12,17,12 高雄市,2 技職
113,1031,輔英科技大學,02311001,應用外語科,D 日,5 五專,235,0,38,12 高雄市,2 技職
113,1031,輔英科技大學,04133003,健康事業管理系碩士班,D 日,M 碩士,37,0,12,12 高雄市,2 技職
113,1031,輔英科技大學,04133003,健康事業管理系,D 日,B 四技,180,11,61,12 高雄市,2 技職
113,1031,輔英科技大學,04133003,健康事業管理系,D 日,C 二技,51,0,31,12 高雄市,2 技職
113,1031,輔英科技大學,05121006,生物科技系碩士班,D 日,M 碩士,0,0,3,12 高雄市,2 技職
113,1031,輔英科技大學,05121006,生物科技系,D 日,B 四技,6,0,26,12 高雄市,2 技職
113,1031,輔英科技大學,05121036,生物科技與綠色產業系碩士班,D 日,M 碩士,16,0,0,12 高雄市,2 技職
113,1031,輔英科技大學,05121036,生物科技與綠色產業系,D 日,B 四技,74,9,0,12 高雄市,2 技職
113,1031,輔英科技大學,05121036,生物科技與綠色產業系,N 修,C 二技,26,0,0,12 高雄市,2 技職
113,1031,輔英科技大學,05191018,保健營養系碩士班,D 日,M 碩士,9,0,5,12 高雄市,2 技職
113,1031,輔英科技大學,05191018,保健營養系,D 日,B 四技,171,11,61,12 高雄市,2 技職
113,1031,輔英科技大學,05191018,保健營養系,D 日,C 二技,51,0,28,12 高雄市,2 技職
113,1031,輔英科技大學,05191018,保健營養系,N 修,C 二技,65,0,13,12 高雄市,2 技職
113,1031,輔英科技大學,06131034,資訊科技與管理系,D 日,B 四技,235,10,30,12 高雄市,2 技職
113,1031,輔英科技大學,06131034,資訊科技與管理系,N 修,B 四技,48,0,8,12 高雄市,2 技職
113,1031,輔英科技大學,07111008,應用化學及材料科學系,D 日,B 四技,134,7,23,12 高雄市,2 技職
113,1031,輔英科技大學,07121012,環境工程與科學系碩士班,D 日,M 碩士,28,0,6,12 高雄市,2 技職
113,1031,輔英科技大學,07121012,環境工程與科學系,D 日,B 四技,189,9,24,12 高雄市,2 技職
113,1031,輔英科技大學,07121012,環境工程與科學系,N 修,B 四技,79,0,12,12 高雄市,2 技職
113,1031,輔英科技大學,09131019,護理系碩士班,D 日,M 碩士,49,0,9,12 高雄市,2 技職
113,1031,輔英科技大學,09131019,護理系碩士在職專班,N 職,M 碩士,80,0,12,12 高雄市,2 技職
113,1031,輔英科技大學,09131019,護理系,D 日,B 四技,560,120,180,12 高雄市,2 技職
113,1031,輔英科技大學,09131019,護理系,D 日,C 二技,756,0,422,12 高雄市,2 技職
113,1031,輔英科技大學,09131019,護理系,N 修,C 二技,317,1,121,12 高雄市,2 技職
113,1031,輔英科技大學,09131019,學士後護理系,D 日,X 4+X,37,0,0,12 高雄市,2 技職
113,1031,輔英科技大學,09131019,護理科,D 日,5 五專,1860,0,303,12 高雄市,2 技職
113,1031,輔英科技大學,09131033,助產與婦嬰健康照護系,D 日,C 二技,31,8,16,12 高雄市,2 技職
113,1031,輔英科技大學,09141024,醫學檢驗生物技術系碩士班,D 日,M 碩士,12,0,6,12 高雄市,2 技職
113,1031,輔英科技大學,09141024,醫學檢驗生物技術系,D 日,C 二技,198,17,85,12 高雄市,2 技職
113,1031,輔英科技大學,09141024,醫學檢驗生物技術科,D 日,5 五專,513,0,80,12 高雄市,2 技職
113,1031,輔英科技大學,09151016,物理治療系,D 日,B 四技,258,11,47,12 高雄市,2 技職
113,1031,輔英科技大學,09151016,物理治療系,D 日,C 二技,90,0,50,12 高雄市,2 技職
113,1031,輔英科技大學,09151016,物理治療系,N 修,C 二技,110,1,41,12 高雄市,2 技職
113,1031,輔英科技大學,09211027,高齡及長期照護事業系碩士班,D 日,M 碩士,28,0,1,12 高雄市,2 技職
113,1031,輔英科技大學,09211027,高齡及長期照護事業系,D 日,B 四技,108,9,32,12 高雄市,2 技職
113,1031,輔英科技大學,09211027,高齡及長期照護事業系,D 日,C 二技,80,0,44,12 高雄市,2 技職
113,1031,輔英科技大學,09211027,高齡及長期照護事業系,N 修,C 二技,183,0,70,12 高雄市,2 技職
113,1031,輔英科技大學,09211027,高齡及長期照護事業系_國際學生產學合作專班,D 日,2 二專,4,0,0,12 高雄市,2 技職
113,1031,輔英科技大學,10121032,健康美容系,D 日,B 四技,214,9,36,12 高雄市,2 技職
113,1031,輔英科技大學,10121032,健康美容系,N 修,C 二技,82,0,27,12 高雄市,2 技職
113,1031,輔英科技大學,10199029,休閒與遊憩事業管理系,D 日,B 四技,310,10,59,12 高雄市,2 技職
113,1031,輔英科技大學,10199029,休閒與遊憩事業管理系,N 修,B 四技,90,1,22,12 高雄市,2 技職
113,1031,輔英科技大學,10221015,職業安全衛生系,D 日,B 四技,159,7,43,12 高雄市,2 技職
113,1031,輔英科技大學,10221015,職業安全衛生系,N 修,B 四技,76,0,18,12 高雄市,2 技職
113,1031,輔英科技大學,10221015,職業安全衛生系,D 日,C 二技,22,0,12,12 高雄市,2 技職
113,1031,輔英科技大學,10221015,職業安全衛生系,N 修,C 二技,68,0,27,12 高雄市,2 技職
113,1031,輔英科技大學,99999Z03,軍訓教官,D 日,,0,4,0,12 高雄市,2 技職
113,1032,明新科技大學,02112036,多媒體與遊戲發展系,D 日,B 四技,210,9,33,04 新竹縣,2 技職
113,1032,明新科技大學,02112036,多媒體與遊戲發展系,N 修,B 四技,94,0,23,04 新竹縣,2 技職
113,1032,明新科技大學,04121007,財務金融系,D 日,B 四技,258,7,69,04 新竹縣,2 技職
113,1032,明新科技大學,04121007,財務金融系,N 修,B 四技,91,0,22,04 新竹縣,2 技職
113,1032,明新科技大學,04131002,企業管理系管理碩士班,D 日,M 碩士,95,0,42,04 新竹縣,2 技職
113,1032,明新科技大學,04131002,企業管理系,N 職,M 碩士,161,0,97,04 新竹縣,2 技職
113,1032,明新科技大學,04131002,企業管理系,D 日,B 四技,184,14,49,04 新竹縣,2 技職
113,1032,明新科技大學,04131002,企業管理系,N 修,B 四技,140,3,28,04 新竹縣,2 技職
113,1032,明新科技大學,04131002,企業管理系,N 修,C 二技,208,0,79,04 新竹縣,2 技職
113,1032,明新科技大學,04141045,國際商務外語系,D 日,B 四技,137,9,74,04 新竹縣,2 技職
113,1032,明新科技大學,04141045,國際商務外語系,N 修,B 四技,79,1,22,04 新竹縣,2 技職
113,1032,明新科技大學,04143008,行銷與流通管理系,D 日,B 四技,365,11,67,04 新竹縣,2 技職
113,1032,明新科技大學,04143008,行銷與流通管理系,N 修,B 四技,98,0,19,04 新竹縣,2 技職
113,1032,明新科技大學,06131009,資訊管理系碩士班,D 日,M 碩士,21,0,7,04 新竹縣,2 技職
113,1032,明新科技大學,06131009,資訊管理系,D 日,B 四技,360,16,79,04 新竹縣,2 技職
113,1032,明新科技大學,06131009,資訊管理系,N 修,B 四技,114,0,28,04 新竹縣,2 技職
113,1032,明新科技大學,06131009,資訊管理系,N 修,C 二技,127,0,46,04 新竹縣,2 技職
113,1032,明新科技大學,06131009,資訊管理科,N 修,2 二專,91,0,26,04 新竹縣,2 技職
113,1032,明新科技大學,06131013,資訊工程系,D 日,B 四技,411,14,77,04 新竹縣,2 技職
113,1032,明新科技大學,06131013,資訊工程系,N 修,B 四技,119,0,16,04 新竹縣,2 技職
113,1032,明新科技大學,07112042,應用材料科技系碩士班,D 日,M 碩士,10,0,7,04 新竹縣,2 技職
113,1032,明新科技大學,07112042,應用材料科技系碩士在職專班,N 職,M 碩士,16,0,4,04 新竹縣,2 技職
113,1032,明新科技大學,07112042,應用材料科技系,D 日,B 四技,365,10,24,04 新竹縣,2 技職
113,1032,明新科技大學,07141011,電機工程系碩士班,D 日,M 碩士,38,0,15,04 新竹縣,2 技職
113,1032,明新科技大學,07141011,電機工程系,N 職,M 碩士,19,0,5,04 新竹縣,2 技職
113,1032,明新科技大學,07141011,電機工程系,D 日,B 四技,556,20,104,04 新竹縣,2 技職
113,1032,明新科技大學,07141011,電機工程系,N 修,B 四技,288,1,63,04 新竹縣,2 技職
113,1032,明新科技大學,07141012,電子工程系碩士班,D 日,M 碩士,20,0,4,04 新竹縣,2 技職
113,1032,明新科技大學,07141012,電子工程系,N 職,M 碩士,19,0,8,04 新竹縣,2 技職
113,1032,明新科技大學,07141012,電子工程系,D 日,B 四技,479,17,68,04 新竹縣,2 技職
113,1032,明新科技大學,07141012,電子工程系,N 修,B 四技,32,0,11,04 新竹縣,2 技職
113,1032,明新科技大學,07141012,電子工程系,N 修,C 二技,15,0,12,04 新竹縣,2 技職
113,1032,明新科技大學,07141012,電子工程科,D 日,2 二專,13,0,16,04 新竹縣,2 技職
113,1032,明新科技大學,07141043,半導體與光電科技系,D 日,M 碩士,21,0,5,04 新竹縣,2 技職
113,1032,明新科技大學,07141043,半導體與光電科技系,D 日,B 四技,557,16,49,04 新竹縣,2 技職
113,1032,明新科技大學,07141044,風力發電學士學位學程,D 日,B 四技,11,2,0,04 新竹縣,2 技職
113,1032,明新科技大學,07141046,半導體科技博士學位學程,D 日,D 博士,8,2,0,04 新竹縣,2 技職
113,1032,明新科技大學,07151016,機械工程系精密機電工程碩士班,D 日,M 碩士,39,0,18,04 新竹縣,2 技職
113,1032,明新科技大學,07151016,機械工程系精密機電工程碩士在職專班,N 職,M 碩士,8,0,3,04 新竹縣,2 技職
113,1032,明新科技大學,07151016,機械工程系,D 日,B 四技,385,13,94,04 新竹縣,2 技職
113,1032,明新科技大學,07151016,機械工程系,N 修,B 四技,145,1,47,04 新竹縣,2 技職
113,1032,明新科技大學,07191024,工業工程與管理系碩士班,D 日,M 碩士,27,0,3,04 新竹縣,2 技職
113,1032,明新科技大學,07191024,工業工程與管理系,N 職,M 碩士,53,0,10,04 新竹縣,2 技職
113,1032,明新科技大學,07191024,工業工程與管理系,D 日,B 四技,406,17,48,04 新竹縣,2 技職
113,1032,明新科技大學,07191024,工業工程與管理系,N 修,B 四技,88,1,14,04 新竹縣,2 技職
113,1032,明新科技大學,07191024,工業工程與管理系,N 修,C 二技,254,0,88,04 新竹縣,2 技職
113,1032,明新科技大學,07191024,工業工程與管理系,N 修,2 二專,35,0,28,04 新竹縣,2 技職
113,1032,明新科技大學,07321020,土木工程與環境資源管理系,D 日,M 碩士,24,0,6,04 新竹縣,2 技職
113,1032,明新科技大學,07321020,土木工程與環境資源管理系碩士在職專班,N 職,M 碩士,29,0,10,04 新竹縣,2 技職
113,1032,明新科技大學,07321020,土木工程與環境資源管理系,D 日,B 四技,116,9,28,04 新竹縣,2 技職
113,1032,明新科技大學,07321020,土木工程與環境資源管理系,N 修,B 四技,114,0,27,04 新竹縣,2 技職
113,1032,明新科技大學,07321020,土木工程與環境資源管理系,D 日,C 二技,42,0,39,04 新竹縣,2 技職
113,1032,明新科技大學,09211038,樂齡服務產業管理系服務產業管理碩士班,D 日,M 碩士,59,0,9,04 新竹縣,2 技職
113,1032,明新科技大學,09211038,樂齡服務產業管理系,D 日,B 四技,110,10,28,04 新竹縣,2 技職
113,1032,明新科技大學,09211038,樂齡服務產業管理系,N 修,B 四技,78,0,27,04 新竹縣,2 技職
113,1032,明新科技大學,09211038,樂齡服務產業管理系,N 修,C 二技,65,0,27,04 新竹縣,2 技職
113,1032,明新科技大學,09221027,幼兒保育系碩士班,D 日,M 碩士,21,0,5,04 新竹縣,2 技職
113,1032,明新科技大學,09221027,幼兒保育系,D 日,B 四技,252,9,79,04 新竹縣,2 技職
113,1032,明新科技大學,09221027,幼兒保育系,N 修,B 四技,39,1,23,04 新竹縣,2 技職
113,1032,明新科技大學,09221027,幼兒保育系,N 修,C 二技,119,0,47,04 新竹縣,2 技職
113,1032,明新科技大學,10121032,化妝品應用學士學位學程,D 日,B 四技,0,0,3,04 新竹縣,2 技職
113,1032,明新科技大學,10121032,化妝品應用學士學位學程,N 修,B 四技,4,0,3,04 新竹縣,2 技職
113,1032,明新科技大學,10121040,時尚造型與設計系,D 日,B 四技,142,7,20,04 新竹縣,2 技職
113,1032,明新科技大學,10121040,時尚造型與設計系,N 修,B 四技,72,0,13,04 新竹縣,2 技職
113,1032,明新科技大學,10121040,時尚造型與設計系,N 修,C 二技,12,0,6,04 新竹縣,2 技職
113,1032,明新科技大學,10131039,旅館管理與廚藝創意系,D 日,B 四技,431,11,60,04 新竹縣,2 技職
113,1032,明新科技大學,10131039,旅館管理與廚藝創意系,N 修,B 四技,225,1,33,04 新竹縣,2 技職
113,1032,明新科技大學,10152030,休閒事業管理系,D 日,B 四技,241,9,37,04 新竹縣,2 技職
113,1032,明新科技大學,10152030,休閒事業管理系,N 修,B 四技,200,0,51,04 新竹縣,2 技職
113,1032,明新科技大學,10152041,運動事業管理系,D 日,B 四技,244,12,49,04 新竹縣,2 技職
113,1032,明新科技大學,99999Z01,通識及共同科目,D 日,,0,7,0,04 新竹縣,2 技職
113,1032,明新科技大學,99999Z03,軍訓教官,D 日,,0,1,0,04 新竹縣,2 技職
113,1032,明新科技大學,99999Z05,師資培育中心,D 日,,0,4,0,04 新竹縣,2 技職
113,1032,明新科技大學,99999Z05,師資培育中心,N 修,,0,1,0,04 新竹縣,2 技職
113,1032,明新科技大學,99999Z07,體育室,D 日,,0,2,0,04 新竹縣,2 技職
113,1032,明新科技大學,99999Z08,語言中心,D 日,,0,20,0,04 新竹縣,2 技職
113,1033,長榮大學,02111081,數位媒體設計學系,D 日,B 學士,105,7,57,11 臺南市,1 一般
113,1033,長榮大學,02112016,數位內容設計學系,D 日,B 學士,0,0,3,11 臺南市,1 一般
113,1033,長榮大學,02112064,互動設計學系,D 日,B 學士,60,3,19,11 臺南市,1 一般
113,1033,長榮大學,02131001,美術學系,D 日,M 碩士,25,0,7,11 臺南市,1 一般
113,1033,長榮大學,02131001,美術學系,D 日,B 學士,95,9,30,11 臺南市,1 一般
113,1033,長榮大學,02131002,書畫藝術學系,D 日,B 學士,70,7,17,11 臺南市,1 一般
113,1033,長榮大學,02141004,台灣文化創意產業學士學位學程,D 日,B 學士,44,2,21,11 臺南市,1 一般
113,1033,長榮大學,02211011,神學系,D 日,M 碩士,12,3,1,11 臺南市,1 一般
113,1033,長榮大學,02231012,應用哲學系,D 日,B 學士,36,6,13,11 臺南市,1 一般
113,1033,長榮大學,02299066,東南亞文化與產業學士學位學程,D 日,B 學士,58,3,30,11 臺南市,1 一般
113,1033,長榮大學,02311005,應用日語學系,D 日,B 學士,226,10,82,11 臺南市,1 一般
113,1033,長榮大學,02311076,日語進修學士學位學程,P 進,B 學士,19,2,8,11 臺南市,1 一般
113,1033,長榮大學,02312007,翻譯學系,D 日,M 碩士,11,0,5,11 臺南市,1 一般
113,1033,長榮大學,02312007,翻譯學系,N 職,M 碩士,0,0,1,11 臺南市,1 一般
113,1033,長榮大學,02312007,翻譯學系,D 日,B 學士,136,8,39,11 臺南市,1 一般
113,1033,長榮大學,03131018,健康心理學系,D 日,B 學士,156,7,52,11 臺南市,1 一般
113,1033,長榮大學,03199080,應用社會科學碩士在職學位學程,N 職,M 碩士,24,3,10,11 臺南市,1 一般
113,1033,長榮大學,03211021,大眾傳播學系,D 日,B 學士,160,7,82,11 臺南市,1 一般
113,1033,長榮大學,04111024,會計資訊學系,D 日,B 學士,106,7,39,11 臺南市,1 一般
113,1033,長榮大學,04121030,財務金融學系,D 日,B 學士,214,8,62,11 臺南市,1 一般
113,1033,長榮大學,04131025,企業管理學系,D 日,B 學士,156,7,41,11 臺南市,1 一般
113,1033,長榮大學,04131026,管理學院經營管理博士班,D 日,D 博士,46,0,4,11 臺南市,1 一般
113,1033,長榮大學,04131026,管理學院經營管理碩士班,D 日,M 碩士,33,4,16,11 臺南市,1 一般
113,1033,長榮大學,04131028,國際企業學系,D 日,B 學士,135,7,50,11 臺南市,1 一般
113,1033,長榮大學,04131033,高階管理碩士在職專班,N 職,M 碩士,30,2,15,11 臺南市,1 一般
113,1033,長榮大學,04133031,醫務管理學系,D 日,M 碩士,15,0,1,11 臺南市,1 一般
113,1033,長榮大學,04133031,醫務管理學系,N 職,M 碩士,1,0,3,11 臺南市,1 一般
113,1033,長榮大學,04133031,醫務管理學系,D 日,B 學士,95,9,35,11 臺南市,1 一般
113,1033,長榮大學,04141029,國際會展管理學士學位學程,D 日,,0,2,0,11 臺南市,1 一般
113,1033,長榮大學,04141029,國際會展管理學士學位學程,D 日,B 學士,4,0,0,11 臺南市,1 一般
113,1033,長榮大學,04199027,管理進修學士學位學程,P 進,B 學士,106,2,17,11 臺南市,1 一般
113,1033,長榮大學,04199067,創新應用管理學系,D 日,B 學士,18,6,14,11 臺南市,1 一般
113,1033,長榮大學,05121035,生物科技學系,D 日,B 學士,113,7,23,11 臺南市,1 一般
113,1033,長榮大學,05191048,保健營養學系,D 日,B 學士,115,7,35,11 臺南市,1 一般
113,1033,長榮大學,05211065,永續發展國際學士學位學程,D 日,B 學士,60,2,29,11 臺南市,1 一般
113,1033,長榮大學,05211078,綠能與環境資源學系,D 日,B 學士,110,7,33,11 臺南市,1 一般
113,1033,長榮大學,06111072,資訊暨設計碩士學位學程,D 日,M 碩士,9,2,0,11 臺南市,1 一般
113,1033,長榮大學,06131037,資訊管理學系,D 日,B 學士,84,7,23,11 臺南市,1 一般
113,1033,長榮大學,06131039,資訊工程學系,D 日,B 學士,208,7,36,11 臺南市,1 一般
113,1033,長榮大學,07141041,科技工程與管理學系,D 日,B 學士,1,0,0,11 臺南市,1 一般
113,1033,長榮大學,07162069,無人機應用學士學位學程,D 日,B 學士,43,1,10,11 臺南市,1 一般
113,1033,長榮大學,07211083,食品安全衛生與檢驗學士學位學程,D 日,B 學士,104,2,37,11 臺南市,1 一般
113,1033,長榮大學,07313042,土地管理與開發學系,D 日,M 碩士,0,0,1,11 臺南市,1 一般
113,1033,長榮大學,07313042,土地管理與開發學系,D 日,B 學士,58,9,32,11 臺南市,1 一般
113,1033,長榮大學,08199075,蘭花產業應用學士學位學程,D 日,B 學士,9,0,12,11 臺南市,1 一般
113,1033,長榮大學,09121044,醫學研究所,D 日,M 碩士,0,0,1,11 臺南市,1 一般
113,1033,長榮大學,09131049,護理學系,D 日,M 碩士,47,0,16,11 臺南市,1 一般
113,1033,長榮大學,09131049,護理學系,D 日,B 學士,223,16,72,11 臺南市,1 一般
113,1033,長榮大學,09199071,醫藥科學產業學系,D 日,B 學士,89,3,25,11 臺南市,1 一般
113,1033,長榮大學,09211070,醫學社會暨健康照護學士學位學程,D 日,B 學士,47,0,24,11 臺南市,1 一般
113,1033,長榮大學,09231055,社會工作學系,D 日,M 碩士,14,0,1,11 臺南市,1 一般
113,1033,長榮大學,09231055,社會工作學系,D 日,B 學士,173,10,53,11 臺南市,1 一般
113,1033,長榮大學,10141058,運動競技學系,D 日,M 碩士,17,0,8,11 臺南市,1 一般
113,1033,長榮大學,10141058,運動競技學系,D 日,B 學士,162,13,44,11 臺南市,1 一般
113,1033,長榮大學,10141058,運動競技學系,P 進,B 學士,38,0,8,11 臺南市,1 一般
113,1033,長榮大學,10151056,觀光與餐飲服務事業進修學士學位學程,P 進,B 學士,12,2,9,11 臺南市,1 一般
113,1033,長榮大學,10151057,觀光與餐飲管理學系,D 日,B 學士,145,7,61,11 臺南市,1 一般
113,1033,長榮大學,10221045,職業安全與衛生學系,D 日,M 碩士,7,0,5,11 臺南市,1 一般
113,1033,長榮大學,10221045,職業安全與衛生學系,N 職,M 碩士,30,0,5,11 臺南市,1 一般
113,1033,長榮大學,10221045,職業安全與衛生學系,D 日,B 學士,176,9,71,11 臺南市,1 一般
113,1033,長榮大學,10221079,職安消防進修學士學位學程現役軍人營區專班,P 進,B 學士,5,2,0,11 臺南市,1 一般
113,1033,長榮大學,10221082,安全衛生科學碩士學位學程,D 日,M 碩士,17,4,3,11 臺南市,1 一般
113,1033,長榮大學,10221082,安全衛生科學碩士在職學位學程,N 職,M 碩士,9,0,9,11 臺南市,1 一般
113,1033,長榮大學,10321062,消防安全學士學位學程,D 日,B 學士,123,1,35,11 臺南市,1 一般
113,1033,長榮大學,10412061,航運管理學系,D 日,M 碩士,1,0,0,11 臺南市,1 一般
113,1033,長榮大學,10412061,航運管理學系,D 日,B 學士,324,12,112,11 臺南市,1 一般
113,1033,長榮大學,99999Z01,通識及共同科目,D 日,,0,1,0,11 臺南市,1 一般
113,1033,長榮大學,99999Z03,軍訓教官,D 日,,0,2,0,11 臺南市,1 一般
113,1034,弘光科技大學,02122041,文化設計與行銷系,D 日,B 四技,243,8,31,06 臺中市,2 技職
113,1034,弘光科技大學,02122041,文化設計與行銷系,N 修,B 四技,93,0,20,06 臺中市,2 技職
113,1034,弘光科技大學,02311038,國際溝通英語系,D 日,B 四技,144,7,46,06 臺中市,2 技職
113,1034,弘光科技大學,02311038,國際溝通英語系,N 修,B 四技,93,0,25,06 臺中市,2 技職
113,1034,弘光科技大學,04133005,健康事業管理系碩士班,D 日,M 碩士,32,0,8,06 臺中市,2 技職
113,1034,弘光科技大學,04133005,健康事業管理系,D 日,B 四技,276,9,76,06 臺中市,2 技職
113,1034,弘光科技大學,04133005,健康事業管理系,N 修,B 四技,112,0,37,06 臺中市,2 技職
113,1034,弘光科技大學,05111007,動物保健系,D 日,B 四技,252,8,49,06 臺中市,2 技職
113,1034,弘光科技大學,05111007,動物保健系,N 修,B 四技,143,0,0,06 臺中市,2 技職
113,1034,弘光科技大學,05111007,動物保健系,N 修,C 二技,23,0,0,06 臺中市,2 技職
113,1034,弘光科技大學,05121008,生物科技系,D 日,B 四技,1,0,20,06 臺中市,2 技職
113,1034,弘光科技大學,05191023,營養系碩士班,D 日,M 碩士,14,0,5,06 臺中市,2 技職
113,1034,弘光科技大學,05191023,營養系,D 日,B 四技,294,9,81,06 臺中市,2 技職
113,1034,弘光科技大學,05191023,營養系,N 修,B 四技,112,0,27,06 臺中市,2 技職
113,1034,弘光科技大學,05191023,營養系_香港二技專班,D 日,C 二技,0,0,1,06 臺中市,2 技職
113,1034,弘光科技大學,06131040,智慧科技應用系,D 日,B 四技,273,10,47,06 臺中市,2 技職
113,1034,弘光科技大學,06131040,智慧科技應用系,N 修,B 四技,94,0,25,06 臺中市,2 技職
113,1034,弘光科技大學,06131040,智慧科技應用系_海外青年技術訓練班,D 日,2 二專,2,0,7,06 臺中市,2 技職
113,1034,弘光科技大學,06133039,多媒體遊戲發展與應用系,D 日,B 四技,299,9,61,06 臺中市,2 技職
113,1034,弘光科技大學,06133039,多媒體遊戲發展與應用系,N 修,B 四技,195,0,42,06 臺中市,2 技職
113,1034,弘光科技大學,06133039,多媒體遊戲發展與應用系_香港二技專班,D 日,C 二技,1,0,0,06 臺中市,2 技職
113,1034,弘光科技大學,07121014,環境與安全衛生工程系碩士班,D 日,M 碩士,24,0,11,06 臺中市,2 技職
113,1034,弘光科技大學,07121014,環境與安全衛生工程系碩士在職專班,N 職,M 碩士,13,0,13,06 臺中市,2 技職
113,1034,弘光科技大學,07121014,環境與安全衛生工程系,D 日,B 四技,461,16,90,06 臺中市,2 技職
113,1034,弘光科技大學,07121014,環境與安全衛生工程系,N 修,B 四技,331,0,75,06 臺中市,2 技職
113,1034,弘光科技大學,07121014,環境與安全衛生工程系_香港二技專班,D 日,C 二技,1,0,0,06 臺中市,2 技職
113,1034,弘光科技大學,07193042,醫療器材發展與應用系,D 日,B 四技,176,7,63,06 臺中市,2 技職
113,1034,弘光科技大學,07211017,食品科技系碩士班,D 日,M 碩士,12,0,8,06 臺中市,2 技職
113,1034,弘光科技大學,07211017,食品科技系碩士在職專班,N 職,M 碩士,11,0,3,06 臺中市,2 技職
113,1034,弘光科技大學,07211017,食品科技系,D 日,B 四技,606,18,119,06 臺中市,2 技職
113,1034,弘光科技大學,07211017,食品科技系,N 修,B 四技,309,0,90,06 臺中市,2 技職
113,1034,弘光科技大學,07211017,食品科技系,N 修,C 二技,0,0,2,06 臺中市,2 技職
113,1034,弘光科技大學,07211017,食品科技系_海外青年技術訓練班,D 日,2 二專,39,0,0,06 臺中市,2 技職
113,1034,弘光科技大學,09131025,護理系博士班,D 日,D 博士,17,0,3,06 臺中市,2 技職
113,1034,弘光科技大學,09131025,護理系碩士班,D 日,M 碩士,50,0,11,06 臺中市,2 技職
113,1034,弘光科技大學,09131025,護理系碩士在職專班,N 職,M 碩士,46,0,5,06 臺中市,2 技職
113,1034,弘光科技大學,09131025,護理系,D 日,B 四技,780,102,211,06 臺中市,2 技職
113,1034,弘光科技大學,09131025,護理系,N 修,B 四技,174,2,27,06 臺中市,2 技職
113,1034,弘光科技大學,09131025,護理系,D 日,C 二技,709,0,347,06 臺中市,2 技職
113,1034,弘光科技大學,09131025,護理系,N 修,C 二技,567,0,219,06 臺中市,2 技職
113,1034,弘光科技大學,09131025,護理科,D 日,5 五專,264,0,54,06 臺中市,2 技職
113,1034,弘光科技大學,09151020,物理治療系,D 日,B 四技,412,11,83,06 臺中市,2 技職
113,1034,弘光科技大學,09153021,語言治療與聽力學系,D 日,B 四技,191,8,46,06 臺中市,2 技職
113,1034,弘光科技大學,09211037,老人福利與長期照顧事業系碩士班,D 日,M 碩士,28,0,9,06 臺中市,2 技職
113,1034,弘光科技大學,09211037,老人福利與長期照顧事業系,D 日,B 四技,278,9,73,06 臺中市,2 技職
113,1034,弘光科技大學,09211037,老人福利與長期照顧事業系,N 修,B 四技,137,1,37,06 臺中市,2 技職
113,1034,弘光科技大學,09221028,幼兒保育系,D 日,B 四技,321,12,81,06 臺中市,2 技職
113,1034,弘光科技大學,09221028,幼兒保育系,N 修,B 四技,154,0,43,06 臺中市,2 技職
113,1034,弘光科技大學,09221028,幼兒保育系,N 修,C 二技,46,0,0,06 臺中市,2 技職
113,1034,弘光科技大學,10121031,化妝品應用系碩士班,D 日,M 碩士,19,0,13,06 臺中市,2 技職
113,1034,弘光科技大學,10121031,化妝品應用系碩士在職專班,N 職,M 碩士,12,0,4,06 臺中市,2 技職
113,1034,弘光科技大學,10121031,化妝品應用系,D 日,B 四技,395,11,88,06 臺中市,2 技職
113,1034,弘光科技大學,10121031,化妝品應用系,N 修,B 四技,130,0,33,06 臺中市,2 技職
113,1034,弘光科技大學,10121031,化妝品應用系_香港二技專班,D 日,C 二技,0,0,1,06 臺中市,2 技職
113,1034,弘光科技大學,10121031,化妝品應用系,N 修,C 二技,59,0,33,06 臺中市,2 技職
113,1034,弘光科技大學,10121031,化妝品應用科,N 修,2 二專,39,0,12,06 臺中市,2 技職
113,1034,弘光科技大學,10121034,美髮造型設計系,D 日,B 四技,366,9,80,06 臺中市,2 技職
113,1034,弘光科技大學,10121034,美髮造型設計系,N 修,C 二技,66,0,24,06 臺中市,2 技職
113,1034,弘光科技大學,10121034,美髮造型設計科,N 修,2 二專,46,0,17,06 臺中市,2 技職
113,1034,弘光科技大學,10131029,餐旅管理系,D 日,B 四技,636,20,165,06 臺中市,2 技職
113,1034,弘光科技大學,10131029,餐旅管理系,N 修,B 四技,353,0,95,06 臺中市,2 技職
113,1034,弘光科技大學,10152030,運動休閒系,D 日,B 四技,197,8,50,06 臺中市,2 技職
113,1034,弘光科技大學,10152030,運動休閒系,N 修,B 四技,136,0,39,06 臺中市,2 技職
113,1034,弘光科技大學,10152043,運動保健與防護系,D 日,B 四技,13,0,0,06 臺中市,2 技職
113,1034,弘光科技大學,99999Z01,通識及共同科目,D 日,,0,13,0,06 臺中市,2 技職
113,1034,弘光科技大學,99999Z03,軍訓教官,D 日,,0,7,0,06 臺中市,2 技職
113,1035,中國醫藥大學,04131058,科技管理碩士學位學程,D 日,M 碩士,4,2,1,19 臺中市,1 一般
113,1035,中國醫藥大學,04133029,醫務管理學系,D 日,M 碩士,33,0,19,19 臺中市,1 一般
113,1035,中國醫藥大學,04133029,醫務管理學系,N 職,M 碩士,36,0,15,19 臺中市,1 一般
113,1035,中國醫藥大學,04133029,醫務管理學系,D 日,B 學士,65,10,19,19 臺中市,1 一般
113,1035,中國醫藥大學,04212057,科技法律碩士學位學程,D 日,M 碩士,19,3,6,19 臺中市,1 一般
113,1035,中國醫藥大學,05111066,細胞生物學研究所,D 日,M 碩士,4,7,0,19 臺中市,1 一般
113,1035,中國醫藥大學,05121043,生物科技學系,D 日,D 博士,25,0,3,19 臺中市,1 一般
113,1035,中國醫藥大學,05121043,生物科技學系,D 日,M 碩士,15,0,3,19 臺中市,1 一般
113,1035,中國醫藥大學,05121043,生物科技學系,D 日,B 學士,212,12,48,19 臺中市,1 一般
113,1035,中國醫藥大學,05123064,生物化學暨分子生物研究所,D 日,M 碩士,4,8,3,19 臺中市,1 一般
113,1035,中國醫藥大學,05191021,營養學系,D 日,D 博士,16,0,0,19 臺中市,1 一般
113,1035,中國醫藥大學,05191021,營養學系,D 日,M 碩士,53,0,17,19 臺中市,1 一般
113,1035,中國醫藥大學,05191021,營養學系,D 日,B 學士,303,12,62,19 臺中市,1 一般
113,1035,中國醫藥大學,06131060,數位健康創新碩士學位學程,D 日,M 碩士,7,3,5,19 臺中市,1 一般
113,1035,中國醫藥大學,06199067,醫療資訊學系,D 日,B 學士,37,0,0,19 臺中市,1 一般
113,1035,中國醫藥大學,07193031,生物醫學工程碩士學位學程,D 日,M 碩士,17,0,3,19 臺中市,1 一般
113,1035,中國醫藥大學,07193031,生物醫學工程學系,D 日,B 學士,119,11,0,19 臺中市,1 一般
113,1035,中國醫藥大學,07193055,醫學工程與復健科技產業博士學位學程,D 日,D 博士,11,0,2,19 臺中市,1 一般
113,1035,中國醫藥大學,08411012,中獸醫碩士學位學程,D 日,M 碩士,0,0,1,19 臺中市,1 一般
113,1035,中國醫藥大學,09111019,牙醫學系,D 日,D 博士,20,0,1,19 臺中市,1 一般
113,1035,中國醫藥大學,09111019,牙醫學系,D 日,M 碩士,17,0,6,19 臺中市,1 一般
113,1035,中國醫藥大學,09111019,牙醫學系,D 日,B 學士,313,12,43,19 臺中市,1 一般
113,1035,中國醫藥大學,09121003,生物醫學研究所,D 日,D 博士,135,0,16,19 臺中市,1 一般
113,1035,中國醫藥大學,09121003,生物醫學研究所,D 日,M 碩士,36,31,23,19 臺中市,1 一般
113,1035,中國醫藥大學,09121004,臨床醫學研究所,D 日,D 博士,0,0,3,19 臺中市,1 一般
113,1035,中國醫藥大學,09121006,基礎醫學研究所,D 日,D 博士,1,0,1,19 臺中市,1 一般
113,1035,中國醫藥大學,09121014,中醫學系,D 日,D 博士,33,0,5,19 臺中市,1 一般
113,1035,中國醫藥大學,09121014,中醫學系,D 日,M 碩士,20,0,8,19 臺中市,1 一般
113,1035,中國醫藥大學,09121014,中醫學系,D 日,B 學士,1353,50,209,19 臺中市,1 一般
113,1035,中國醫藥大學,09121016,醫學系,D 日,B 學士,804,140,125,19 臺中市,1 一般
113,1035,中國醫藥大學,09121020,國際生物醫學碩士學位學程,D 日,M 碩士,7,1,4,19 臺中市,1 一般
113,1035,中國醫藥大學,09121023,老化醫學博士學位學程,D 日,D 博士,16,2,1,19 臺中市,1 一般
113,1035,中國醫藥大學,09121046,中西醫結合研究所,D 日,D 博士,13,0,2,19 臺中市,1 一般
113,1035,中國醫藥大學,09121046,中西醫結合研究所,D 日,M 碩士,8,11,4,19 臺中市,1 一般
113,1035,中國醫藥大學,09121049,癌症生物與藥物研發博士學位學程,D 日,D 博士,5,0,2,19 臺中市,1 一般
113,1035,中國醫藥大學,09121049,癌症生物與藥物研發碩士學位學程,D 日,M 碩士,2,4,2,19 臺中市,1 一般
113,1035,中國醫藥大學,09121059,生醫科技產業博士學位學程,D 日,D 博士,2,1,1,19 臺中市,1 一般
113,1035,中國醫藥大學,09121063,轉譯醫學暨新藥開發研究所,D 日,D 博士,14,0,3,19 臺中市,1 一般
113,1035,中國醫藥大學,09121063,轉譯醫學暨新藥開發研究所,D 日,M 碩士,15,7,5,19 臺中市,1 一般
113,1035,中國醫藥大學,09131045,護理學系,D 日,M 碩士,46,0,9,19 臺中市,1 一般
113,1035,中國醫藥大學,09131045,護理學系,D 日,B 學士,300,27,70,19 臺中市,1 一般
113,1035,中國醫藥大學,09141017,醫學檢驗生物技術學系,D 日,M 碩士,13,0,5,19 臺中市,1 一般
113,1035,中國醫藥大學,09141017,醫學檢驗生物技術學系,D 日,B 學士,182,11,43,19 臺中市,1 一般
113,1035,中國醫藥大學,09141032,生物醫學影像暨放射科學學系,D 日,M 碩士,8,0,9,19 臺中市,1 一般
113,1035,中國醫藥大學,09141032,生物醫學影像暨放射科學學系,D 日,B 學士,217,9,57,19 臺中市,1 一般
113,1035,中國醫藥大學,09151010,物理治療學系復健科學碩士班,D 日,M 碩士,8,0,4,19 臺中市,1 一般
113,1035,中國醫藥大學,09151010,物理治療學系,D 日,B 學士,255,12,66,19 臺中市,1 一般
113,1035,中國醫藥大學,09159047,運動醫學系,D 日,M 碩士,10,0,4,19 臺中市,1 一般
113,1035,中國醫藥大學,09159047,運動醫學系,D 日,B 學士,185,13,43,19 臺中市,1 一般
113,1035,中國醫藥大學,09161034,藥學系,D 日,D 博士,17,0,5,19 臺中市,1 一般
113,1035,中國醫藥大學,09161034,藥學系,D 日,M 碩士,31,0,12,19 臺中市,1 一般
113,1035,中國醫藥大學,09161034,藥學系,D 日,B 學士,1300,37,228,19 臺中市,1 一般
113,1035,中國醫藥大學,09161039,中國藥學暨中藥資源學系,D 日,D 博士,21,0,0,19 臺中市,1 一般
113,1035,中國醫藥大學,09161039,中國藥學暨中藥資源學系,D 日,M 碩士,9,0,5,19 臺中市,1 一般
113,1035,中國醫藥大學,09161039,中國藥學暨中藥資源學系,D 日,B 學士,116,10,42,19 臺中市,1 一般
113,1035,中國醫藥大學,09161042,藥用化妝品學系,D 日,M 碩士,20,0,14,19 臺中市,1 一般
113,1035,中國醫藥大學,09161042,藥用化妝品學系,D 日,B 學士,193,9,41,19 臺中市,1 一般
113,1035,中國醫藥大學,09161050,製藥碩士學位學程,D 日,M 碩士,11,2,5,19 臺中市,1 一般
113,1035,中國醫藥大學,09161051,生技製藥產業博士學位學程,D 日,D 博士,1,0,0,19 臺中市,1 一般
113,1035,中國醫藥大學,09171013,針灸研究所,D 日,D 博士,23,0,3,19 臺中市,1 一般
113,1035,中國醫藥大學,09171013,針灸研究所,D 日,M 碩士,17,7,3,19 臺中市,1 一般
113,1035,中國醫藥大學,09171048,國際針灸碩士學位學程,D 日,M 碩士,7,2,2,19 臺中市,1 一般
113,1035,中國醫藥大學,09171068,國際整合健康碩士學位學程,D 日,,0,2,0,19 臺中市,1 一般
113,1035,中國醫藥大學,09191026,公共衛生學系,D 日,D 博士,62,0,11,19 臺中市,1 一般
113,1035,中國醫藥大學,09191026,公共衛生學系,D 日,M 碩士,59,0,21,19 臺中市,1 一般
113,1035,中國醫藥大學,09191026,公共衛生學系,D 日,B 學士,181,11,66,19 臺中市,1 一般
113,1035,中國醫藥大學,09191056,公共衛生學院大一不分系,D 日,B 學士,143,0,0,19 臺中市,1 一般
113,1035,中國醫藥大學,09199053,食品暨藥物安全碩士學位學程,D 日,M 碩士,5,0,2,19 臺中市,1 一般
113,1035,中國醫藥大學,09199054,健康科技產業博士學位學程,D 日,D 博士,13,1,0,19 臺中市,1 一般
113,1035,中國醫藥大學,09199065,健康照護學院健康照護科學博士班,D 日,D 博士,14,2,0,19 臺中市,1 一般
113,1035,中國醫藥大學,09211045,護理學系跨領域長期照護碩士在職專班,N 職,M 碩士,28,0,6,19 臺中市,1 一般
113,1035,中國醫藥大學,10221038,職業安全與衛生學系,D 日,M 碩士,20,0,7,19 臺中市,1 一般
113,1035,中國醫藥大學,10221038,職業安全與衛生學系,N 職,M 碩士,21,0,7,19 臺中市,1 一般
113,1035,中國醫藥大學,10221038,職業安全與衛生學系,D 日,B 學士,162,10,48,19 臺中市,1 一般
113,1035,中國醫藥大學,99999Z01,通識及共同科目,D 日,,0,15,0,19 臺中市,1 一般
113,1036,健行科技大學,02112002,數位多媒體設計系,D 日,B 四技,224,11,65,03 桃園市,2 技職
113,1036,健行科技大學,02112002,數位多媒體設計系,N 修,B 四技,117,0,35,03 桃園市,2 技職
113,1036,健行科技大學,02124028,室內設計與管理系,D 日,B 四技,199,8,29,03 桃園市,2 技職
113,1036,健行科技大學,02124028,室內設計與管理系,N 修,B 四技,98,0,12,03 桃園市,2 技職
113,1036,健行科技大學,02311001,應用外語系,D 日,B 四技,255,11,56,03 桃園市,2 技職
113,1036,健行科技大學,02311001,應用外語系,N 修,B 四技,129,1,32,03 桃園市,2 技職
113,1036,健行科技大學,02311001,應用外語系,N 修,C 二技,62,0,29,03 桃園市,2 技職
113,1036,健行科技大學,04121009,財務金融系碩士班,D 日,M 碩士,24,0,13,03 桃園市,2 技職
113,1036,健行科技大學,04121009,財務金融系,D 日,B 四技,264,12,50,03 桃園市,2 技職
113,1036,健行科技大學,04121009,財務金融系,N 修,B 四技,177,0,31,03 桃園市,2 技職
113,1036,健行科技大學,04121009,財務金融系,N 修,C 二技,33,0,0,03 桃園市,2 技職
113,1036,健行科技大學,04131004,企業管理系碩士班,D 日,M 碩士,77,0,18,03 桃園市,2 技職
113,1036,健行科技大學,04131004,企業管理系碩士在職專班,N 職,M 碩士,31,0,14,03 桃園市,2 技職
113,1036,健行科技大學,04131004,企業管理系,D 日,B 四技,411,16,73,03 桃園市,2 技職
113,1036,健行科技大學,04131004,企業管理系,N 修,B 四技,385,2,90,03 桃園市,2 技職
113,1036,健行科技大學,04131004,企業管理系,D 日,C 二技,9,0,3,03 桃園市,2 技職
113,1036,健行科技大學,04131004,企業管理系,N 修,C 二技,141,0,42,03 桃園市,2 技職
113,1036,健行科技大學,04131006,國際企業經營系碩士班,D 日,M 碩士,48,0,23,03 桃園市,2 技職
113,1036,健行科技大學,04131006,國際企業經營系碩士在職專班,N 職,M 碩士,3,0,2,03 桃園市,2 技職
113,1036,健行科技大學,04131006,國際企業經營系,D 日,B 四技,234,10,61,03 桃園市,2 技職
113,1036,健行科技大學,04131006,國際企業經營系,N 修,B 四技,74,0,45,03 桃園市,2 技職
113,1036,健行科技大學,04131006,國際企業經營系,N 修,C 二技,59,0,30,03 桃園市,2 技職
113,1036,健行科技大學,04143010,行銷與流通管理系,D 日,B 四技,455,15,83,03 桃園市,2 技職
113,1036,健行科技大學,04143010,行銷與流通管理系,N 修,B 四技,286,2,66,03 桃園市,2 技職
113,1036,健行科技大學,06111014,資訊管理系,D 日,B 四技,322,14,98,03 桃園市,2 技職
113,1036,健行科技大學,06111014,資訊管理系,N 修,B 四技,115,0,26,03 桃園市,2 技職
113,1036,健行科技大學,06111014,資訊管理系,D 日,C 二技,6,0,2,03 桃園市,2 技職
113,1036,健行科技大學,06111014,資訊管理系,N 修,C 二技,73,0,26,03 桃園市,2 技職
113,1036,健行科技大學,06131014,資訊管理系碩士班,D 日,M 碩士,23,0,13,03 桃園市,2 技職
113,1036,健行科技大學,06131018,資訊工程系碩士班,D 日,M 碩士,25,0,6,03 桃園市,2 技職
113,1036,健行科技大學,06131018,資訊工程系,D 日,B 四技,458,18,88,03 桃園市,2 技職
113,1036,健行科技大學,06131018,資訊工程系,N 修,B 四技,123,0,29,03 桃園市,2 技職
113,1036,健行科技大學,07112023,材料製造科技學士學位學程,D 日,B 四技,5,0,4,03 桃園市,2 技職
113,1036,健行科技大學,07141016,電機工程系碩士班,D 日,M 碩士,28,0,4,03 桃園市,2 技職
113,1036,健行科技大學,07141016,電機工程系,D 日,B 四技,395,17,107,03 桃園市,2 技職
113,1036,健行科技大學,07141016,電機工程系,N 修,B 四技,336,2,80,03 桃園市,2 技職
113,1036,健行科技大學,07141016,電機工程系_國際學生產學合作專班,D 日,C 二技,14,0,30,03 桃園市,2 技職
113,1036,健行科技大學,07141017,電子工程系碩士班,D 日,M 碩士,14,0,4,03 桃園市,2 技職
113,1036,健行科技大學,07141017,電子工程系,D 日,B 四技,308,12,65,03 桃園市,2 技職
113,1036,健行科技大學,07141017,電子工程系,N 修,B 四技,44,0,19,03 桃園市,2 技職
113,1036,健行科技大學,07151020,機械工程系碩士班,D 日,M 碩士,15,0,6,03 桃園市,2 技職
113,1036,健行科技大學,07151020,機械工程系,D 日,B 四技,185,12,67,03 桃園市,2 技職
113,1036,健行科技大學,07151020,機械工程系,N 修,B 四技,105,0,64,03 桃園市,2 技職
113,1036,健行科技大學,07151020,機械工程系,N 修,C 二技,84,0,0,03 桃園市,2 技職
113,1036,健行科技大學,07161027,車輛工程系,D 日,B 四技,244,10,19,03 桃園市,2 技職
113,1036,健行科技大學,07161027,車輛工程系,N 修,B 四技,171,0,31,03 桃園市,2 技職
113,1036,健行科技大學,07191011,工業管理系碩士班,D 日,M 碩士,43,0,7,03 桃園市,2 技職
113,1036,健行科技大學,07191011,工業管理系,D 日,B 四技,347,9,15,03 桃園市,2 技職
113,1036,健行科技大學,07191011,工業管理系,N 修,B 四技,64,0,16,03 桃園市,2 技職
113,1036,健行科技大學,07191011,工業管理系,N 修,C 二技,148,0,42,03 桃園市,2 技職
113,1036,健行科技大學,07321021,土木工程系空間資訊與防災科技碩士班,D 日,M 碩士,27,0,8,03 桃園市,2 技職
113,1036,健行科技大學,07321021,土木工程系,D 日,B 四技,128,8,30,03 桃園市,2 技職
113,1036,健行科技大學,07321021,土木工程系,N 修,B 四技,148,1,27,03 桃園市,2 技職
113,1036,健行科技大學,07322015,應用空間資訊系,D 日,B 四技,95,7,18,03 桃園市,2 技職
113,1036,健行科技大學,10131025,餐旅管理系,D 日,B 四技,542,20,113,03 桃園市,2 技職
113,1036,健行科技大學,10131025,餐旅管理系,N 修,B 四技,347,0,122,03 桃園市,2 技職
113,1036,健行科技大學,99999Z01,通識及共同科目,D 日,,0,10,0,03 桃園市,2 技職
113,1036,健行科技大學,99999Z01,通識及共同科目,N 修,,0,1,0,03 桃園市,2 技職
113,1036,健行科技大學,99999Z03,軍訓教官,D 日,,0,9,0,03 桃園市,2 技職
113,1036,健行科技大學,99999Z07,體育室,D 日,,0,6,0,03 桃園市,2 技職
113,1037,正修科技大學,02112003,數位多媒體設計系,D 日,B 四技,369,16,102,12 高雄市,2 技職
113,1037,正修科技大學,02112003,數位多媒體設計系,N 修,B 四技,121,0,32,12 高雄市,2 技職
113,1037,正修科技大學,02122042,視覺傳達設計系文創設計與藝術保存碩士班,D 日,M 碩士,18,0,6,12 高雄市,2 技職
113,1037,正修科技大學,02122042,視覺傳達設計系,D 日,B 四技,275,14,65,12 高雄市,2 技職
113,1037,正修科技大學,02122042,視覺傳達設計系,N 修,B 四技,52,0,18,12 高雄市,2 技職
113,1037,正修科技大學,02122042,視覺傳達設計系,N 修,C 二技,42,0,18,12 高雄市,2 技職
113,1037,正修科技大學,02124048,室內設計科,D 日,5 五專,6,0,0,12 高雄市,2 技職
113,1037,正修科技大學,02311001,應用外語系,D 日,B 四技,63,9,45,12 高雄市,2 技職
113,1037,正修科技大學,02311001,應用外語系,N 修,B 四技,11,1,23,12 高雄市,2 技職
113,1037,正修科技大學,02311001,應用外語系,N 修,C 二技,182,0,62,12 高雄市,2 技職
113,1037,正修科技大學,02311001,應用外語系,N 修,2 二專,15,0,20,12 高雄市,2 技職
113,1037,正修科技大學,04121008,金融管理系碩士班,D 日,M 碩士,13,0,6,12 高雄市,2 技職
113,1037,正修科技大學,04121008,金融管理系,D 日,B 四技,178,9,52,12 高雄市,2 技職
113,1037,正修科技大學,04121008,金融管理系,N 修,B 四技,98,0,30,12 高雄市,2 技職
113,1037,正修科技大學,04131005,企業管理系,D 日,M 碩士,17,0,22,12 高雄市,2 技職
113,1037,正修科技大學,04131005,企業管理系,N 職,M 碩士,115,0,37,12 高雄市,2 技職
113,1037,正修科技大學,04131005,企業管理系,D 日,B 四技,279,27,78,12 高雄市,2 技職
113,1037,正修科技大學,04131005,企業管理系,N 修,B 四技,358,13,69,12 高雄市,2 技職
113,1037,正修科技大學,04131005,企業管理系,N 修,C 二技,884,0,406,12 高雄市,2 技職
113,1037,正修科技大學,04131005,企業管理系,N 修,2 二專,308,0,139,12 高雄市,2 技職
113,1037,正修科技大學,04131006,國際企業系,D 日,B 四技,39,6,44,12 高雄市,2 技職
113,1037,正修科技大學,04131006,國際企業系,N 修,B 四技,8,0,21,12 高雄市,2 技職
113,1037,正修科技大學,06131010,資訊管理系碩士班,D 日,M 碩士,16,0,11,12 高雄市,2 技職
113,1037,正修科技大學,06131010,資訊管理系,N 職,M 碩士,49,0,7,12 高雄市,2 技職
113,1037,正修科技大學,06131010,資訊管理系,D 日,B 四技,266,14,58,12 高雄市,2 技職
113,1037,正修科技大學,06131010,資訊管理系,N 修,B 四技,105,0,26,12 高雄市,2 技職
113,1037,正修科技大學,06131010,資訊管理系,N 修,C 二技,170,0,94,12 高雄市,2 技職
113,1037,正修科技大學,06131010,資訊管理科,D 日,5 五專,0,0,3,12 高雄市,2 技職
113,1037,正修科技大學,06199047,電競科技系,D 日,B 四技,260,10,0,12 高雄市,2 技職
113,1037,正修科技大學,06199047,電競科技系,N 修,B 四技,85,0,0,12 高雄市,2 技職
113,1037,正修科技大學,07121044,環境毒物與新興污染物研究所,D 日,M 碩士,24,5,9,12 高雄市,2 技職
113,1037,正修科技大學,07141011,電機工程系,D 日,M 碩士,25,0,7,12 高雄市,2 技職
113,1037,正修科技大學,07141011,電機工程系,D 日,B 四技,527,23,123,12 高雄市,2 技職
113,1037,正修科技大學,07141011,電機工程系,N 修,B 四技,314,0,56,12 高雄市,2 技職
113,1037,正修科技大學,07141011,電機工程系,N 修,C 二技,159,0,66,12 高雄市,2 技職
113,1037,正修科技大學,07141011,電機工程科,N 修,2 二專,83,0,29,12 高雄市,2 技職
113,1037,正修科技大學,07141012,電子工程系碩士班,D 日,M 碩士,13,0,9,12 高雄市,2 技職
113,1037,正修科技大學,07141012,電子工程系,D 日,B 四技,855,24,166,12 高雄市,2 技職
113,1037,正修科技大學,07141012,電子工程系,N 修,B 四技,225,0,33,12 高雄市,2 技職
113,1037,正修科技大學,07141012,電子工程科,N 修,2 二專,0,0,1,12 高雄市,2 技職
113,1037,正修科技大學,07141013,資訊工程系碩士班,D 日,M 碩士,23,0,3,12 高雄市,2 技職
113,1037,正修科技大學,07141013,資訊工程系,D 日,B 四技,442,15,93,12 高雄市,2 技職
113,1037,正修科技大學,07141013,資訊工程系,N 修,B 四技,146,0,17,12 高雄市,2 技職
113,1037,正修科技大學,07151015,機械工程系,D 日,D 博士,21,0,1,12 高雄市,2 技職
113,1037,正修科技大學,07151015,機械工程系機電工程碩士班,D 日,M 碩士,23,0,6,12 高雄市,2 技職
113,1037,正修科技大學,07151015,機械工程系,D 日,B 四技,499,17,130,12 高雄市,2 技職
113,1037,正修科技大學,07151015,機械工程系,N 修,B 四技,419,9,126,12 高雄市,2 技職
113,1037,正修科技大學,07151015,機械工程系_精密設計製造專班,D 日,C 二技,10,0,0,12 高雄市,2 技職
113,1037,正修科技大學,07151015,機械工程系,N 修,C 二技,80,0,43,12 高雄市,2 技職
113,1037,正修科技大學,07151015,機械工程科,N 修,2 二專,26,0,21,12 高雄市,2 技職
113,1037,正修科技大學,07191018,工業工程與管理系,D 日,M 碩士,61,0,19,12 高雄市,2 技職
113,1037,正修科技大學,07191018,工業工程與管理系,D 日,B 四技,315,15,78,12 高雄市,2 技職
113,1037,正修科技大學,07191018,工業工程與管理系,N 修,B 四技,49,0,19,12 高雄市,2 技職
113,1037,正修科技大學,07191018,工業工程與管理系_機械工程專班,D 日,C 二技,12,0,28,12 高雄市,2 技職
113,1037,正修科技大學,07191018,工業工程與管理系,N 修,C 二技,190,0,77,12 高雄市,2 技職
113,1037,正修科技大學,07311004,建築與室內設計系,D 日,B 四技,536,19,113,12 高雄市,2 技職
113,1037,正修科技大學,07311004,建築與室內設計系,N 修,B 四技,165,0,27,12 高雄市,2 技職
113,1037,正修科技大學,07311038,建築科,D 日,5 五專,204,0,25,12 高雄市,2 技職
113,1037,正修科技大學,07321016,土木與空間資訊系,D 日,M 碩士,22,0,10,12 高雄市,2 技職
113,1037,正修科技大學,07321016,土木與空間資訊系,D 日,B 四技,513,18,89,12 高雄市,2 技職
113,1037,正修科技大學,07321016,土木與空間資訊系,N 修,B 四技,217,0,39,12 高雄市,2 技職
113,1037,正修科技大學,07321016,土木與空間資訊系_工程識圖與施工實務專班,D 日,C 二技,7,0,0,12 高雄市,2 技職
113,1037,正修科技大學,07321031,土木工程科,D 日,5 五專,183,0,19,12 高雄市,2 技職
113,1037,正修科技大學,09131046,護理系,D 日,B 四技,18,5,0,12 高雄市,2 技職
113,1037,正修科技大學,09211045,長期照護與健康管理系,D 日,C 二技,54,8,0,12 高雄市,2 技職
113,1037,正修科技大學,09221021,幼兒保育系碩士班,D 日,M 碩士,22,0,12,12 高雄市,2 技職
113,1037,正修科技大學,09221021,幼兒保育系,D 日,B 四技,250,14,59,12 高雄市,2 技職
113,1037,正修科技大學,09221021,幼兒保育系,N 修,B 四技,128,0,35,12 高雄市,2 技職
113,1037,正修科技大學,09221021,幼兒保育系,N 修,C 二技,314,0,207,12 高雄市,2 技職
113,1037,正修科技大學,10121026,化妝品與時尚彩妝系碩士班,D 日,M 碩士,23,0,11,12 高雄市,2 技職
113,1037,正修科技大學,10121026,化妝品與時尚彩妝系,D 日,B 四技,303,17,57,12 高雄市,2 技職
113,1037,正修科技大學,10121026,化妝品與時尚彩妝系,N 修,B 四技,240,0,65,12 高雄市,2 技職
113,1037,正修科技大學,10121026,化妝品與時尚彩妝系,N 修,C 二技,66,0,40,12 高雄市,2 技職
113,1037,正修科技大學,10131022,餐飲管理系,D 日,B 四技,713,23,132,12 高雄市,2 技職
113,1037,正修科技大學,10131022,餐飲管理系,N 修,B 四技,319,0,73,12 高雄市,2 技職
113,1037,正修科技大學,10131022,餐飲管理系,N 修,C 二技,94,0,39,12 高雄市,2 技職
113,1037,正修科技大學,10131022,餐飲管理科,N 修,2 二專,77,0,17,12 高雄市,2 技職
113,1037,正修科技大學,10131022,餐飲管理系,D 日,5 五專,7,0,0,12 高雄市,2 技職
113,1037,正修科技大學,10151023,觀光遊憩系,D 日,B 四技,309,10,32,12 高雄市,2 技職
113,1037,正修科技大學,10151023,觀光遊憩系,N 修,B 四技,93,1,45,12 高雄市,2 技職
113,1037,正修科技大學,10152025,休閒與運動管理系,D 日,M 碩士,29,0,4,12 高雄市,2 技職
113,1037,正修科技大學,10152025,休閒與運動管理系碩士在職專班,N 職,M 碩士,64,0,19,12 高雄市,2 技職
113,1037,正修科技大學,10152025,休閒與運動管理系,D 日,B 四技,385,23,53,12 高雄市,2 技職
113,1037,正修科技大學,10152025,休閒與運動管理系,N 修,B 四技,299,0,48,12 高雄市,2 技職
113,1037,正修科技大學,10152025,休閒與運動管理系,N 修,C 二技,267,0,115,12 高雄市,2 技職
113,1037,正修科技大學,10152025,休閒與運動管理科,N 修,2 二專,93,0,33,12 高雄市,2 技職
113,1037,正修科技大學,99999Z01,通識及共同科目,D 日,,0,16,0,12 高雄市,2 技職
113,1037,正修科技大學,99999Z01,通識及共同科目,N 修,,0,1,0,12 高雄市,2 技職
113,1037,正修科技大學,99999Z03,軍訓教官,D 日,,0,2,0,12 高雄市,2 技職
113,1037,正修科技大學,99999Z04,護理教師,D 日,,0,1,0,12 高雄市,2 技職
113,1037,正修科技大學,99999Z05,師資培育中心,D 日,,0,4,0,12 高雄市,2 技職
113,1038,萬能科技大學,02123002,商業設計系,D 日,B 四技,170,7,41,03 桃園市,2 技職
113,1038,萬能科技大學,02123002,商業設計系,N 修,B 四技,65,1,12,03 桃園市,2 技職
113,1038,萬能科技大學,04131004,企業管理系,D 日,B 四技,234,11,25,03 桃園市,2 技職
113,1038,萬能科技大學,04131004,企業管理系,N 修,B 四技,140,0,13,03 桃園市,2 技職
113,1038,萬能科技大學,04131004,企業管理系,N 修,C 二技,80,0,43,03 桃園市,2 技職
113,1038,萬能科技大學,04131005,經營管理研究所,D 日,M 碩士,59,0,6,03 桃園市,2 技職
113,1038,萬能科技大學,04131005,經營管理研究所,N 職,M 碩士,86,0,35,03 桃園市,2 技職
113,1038,萬能科技大學,04132010,行銷與流通管理系,D 日,B 四技,368,10,39,03 桃園市,2 技職
113,1038,萬能科技大學,04132010,行銷與流通管理系,N 修,B 四技,262,0,52,03 桃園市,2 技職
113,1038,萬能科技大學,06131015,資訊管理系碩士班,D 日,M 碩士,20,0,2,03 桃園市,2 技職
113,1038,萬能科技大學,06131015,資訊管理系碩士在職專班,N 職,M 碩士,20,0,12,03 桃園市,2 技職
113,1038,萬能科技大學,06131015,資訊管理系,D 日,B 四技,177,6,24,03 桃園市,2 技職
113,1038,萬能科技大學,06131015,資訊管理系,N 修,B 四技,115,0,0,03 桃園市,2 技職
113,1038,萬能科技大學,07121034,環境工程系,D 日,M 碩士,1,0,0,03 桃園市,2 技職
113,1038,萬能科技大學,07121034,環境工程系,D 日,B 四技,10,5,14,03 桃園市,2 技職
113,1038,萬能科技大學,07121034,環境工程系,N 修,B 四技,24,1,13,03 桃園市,2 技職
113,1038,萬能科技大學,07141019,資訊工程系,D 日,B 四技,250,15,54,03 桃園市,2 技職
113,1038,萬能科技大學,07141019,資訊工程系,N 修,B 四技,77,0,6,03 桃園市,2 技職
113,1038,萬能科技大學,07141019,資訊工程系,N 修,C 二技,1,0,0,03 桃園市,2 技職
113,1038,萬能科技大學,07141020,電資研究所,D 日,M 碩士,18,0,10,03 桃園市,2 技職
113,1038,萬能科技大學,07141048,電機工程系,D 日,B 四技,68,6,0,03 桃園市,2 技職
113,1038,萬能科技大學,07161045,車輛工程系,D 日,B 四技,173,10,50,03 桃園市,2 技職
113,1038,萬能科技大學,07161045,車輛工程系,N 修,B 四技,161,0,0,03 桃園市,2 技職
113,1038,萬能科技大學,07162022,航空光機電系,D 日,B 四技,454,14,93,03 桃園市,2 技職
113,1038,萬能科技大學,07191047,精密機械與工業工程系工業工程碩士班,D 日,M 碩士,19,0,0,03 桃園市,2 技職
113,1038,萬能科技大學,07191047,精密機械與工業工程系,D 日,B 四技,308,10,27,03 桃園市,2 技職
113,1038,萬能科技大學,07191047,精密機械與工業工程系,N 修,B 四技,76,0,20,03 桃園市,2 技職
113,1038,萬能科技大學,07191047,精密機械與工業工程系,N 修,C 二技,84,0,56,03 桃園市,2 技職
113,1038,萬能科技大學,07321046,室內設計與營建科技系碩士班,D 日,M 碩士,32,0,7,03 桃園市,2 技職
113,1038,萬能科技大學,07321046,室內設計與營建科技系,D 日,B 四技,248,12,28,03 桃園市,2 技職
113,1038,萬能科技大學,07321046,室內設計與營建科技系,N 修,B 四技,106,0,19,03 桃園市,2 技職
113,1038,萬能科技大學,10121041,化妝品應用與管理系碩士班,D 日,M 碩士,29,0,16,03 桃園市,2 技職
113,1038,萬能科技大學,10121041,化妝品應用與管理系碩士在職專班,N 職,M 碩士,47,0,17,03 桃園市,2 技職
113,1038,萬能科技大學,10121041,化妝品應用與管理系,D 日,B 四技,203,14,52,03 桃園市,2 技職
113,1038,萬能科技大學,10121041,化妝品應用與管理系,N 修,B 四技,163,1,50,03 桃園市,2 技職
113,1038,萬能科技大學,10121041,化妝品應用與管理系,N 修,C 二技,68,0,28,03 桃園市,2 技職
113,1038,萬能科技大學,10121044,時尚造型設計系,D 日,B 四技,376,14,66,03 桃園市,2 技職
113,1038,萬能科技大學,10121044,時尚造型設計系,N 修,B 四技,125,0,0,03 桃園市,2 技職
113,1038,萬能科技大學,10121044,時尚造型設計科,N 修,2 二專,0,0,1,03 桃園市,2 技職
113,1038,萬能科技大學,10131036,旅館管理系,D 日,B 四技,369,5,64,03 桃園市,2 技職
113,1038,萬能科技大學,10131037,餐飲管理系,D 日,B 四技,643,18,128,03 桃園市,2 技職
113,1038,萬能科技大學,10131037,餐飲管理系,N 修,B 四技,306,0,97,03 桃園市,2 技職
113,1038,萬能科技大學,10151038,觀光與休閒事業管理系,D 日,B 四技,802,27,135,03 桃園市,2 技職
113,1038,萬能科技大學,10151038,觀光與休閒事業管理系,N 修,B 四技,413,0,112,03 桃園市,2 技職
113,1038,萬能科技大學,10151038,觀光與休閒事業管理系,N 修,C 二技,69,0,36,03 桃園市,2 技職
113,1038,萬能科技大學,10413043,航空暨運輸服務管理系,D 日,B 四技,362,15,138,03 桃園市,2 技職
113,1038,萬能科技大學,99999Z03,軍訓教官,D 日,,0,1,0,03 桃園市,2 技職
113,1039,玄奘大學,02112013,視覺傳達設計學系,D 日,B 學士,80,7,38,18 新竹市,1 一般
113,1039,玄奘大學,02125012,時尚設計學系,D 日,B 學士,24,7,9,18 新竹市,1 一般
113,1039,玄奘大學,02152004,影劇藝術學系,D 日,B 學士,55,7,16,18 新竹市,1 一般
113,1039,玄奘大學,02199005,藝術與創意設計學系,D 日,B 學士,84,7,29,18 新竹市,1 一般
113,1039,玄奘大學,02199044,藝術設計學院碩士班,D 日,M 碩士,27,0,6,18 新竹市,1 一般
113,1039,玄奘大學,02199044,藝術設計學院學士班,D 日,B 學士,4,3,3,18 新竹市,1 一般
113,1039,玄奘大學,02211010,宗教與文化學系,D 日,M 碩士,27,0,10,18 新竹市,1 一般
113,1039,玄奘大學,02211010,宗教與文化學系,N 職,M 碩士,21,0,8,18 新竹市,1 一般
113,1039,玄奘大學,02211010,宗教與文化學系,D 日,B 學士,50,11,17,18 新竹市,1 一般
113,1039,玄奘大學,02211010,宗教與文化學系,N 修,C 二技,33,0,0,18 新竹市,1 一般
113,1039,玄奘大學,02311043,應用日語學系,D 日,B 學士,92,7,21,18 新竹市,1 一般
113,1039,玄奘大學,03131016,應用心理學系,D 日,M 碩士,116,0,22,18 新竹市,1 一般
113,1039,玄奘大學,03131016,應用心理學系,N 職,M 碩士,106,0,18,18 新竹市,1 一般
113,1039,玄奘大學,03131016,應用心理學系,D 日,B 學士,175,12,60,18 新竹市,1 一般
113,1039,玄奘大學,03211018,大眾傳播學系,D 日,M 碩士,25,0,0,18 新竹市,1 一般
113,1039,玄奘大學,03211018,大眾傳播學系,D 日,B 學士,91,9,30,18 新竹市,1 一般
113,1039,玄奘大學,03211023,傳播學院碩士班,D 日,M 碩士,9,1,1,18 新竹市,1 一般
113,1039,玄奘大學,04131024,企業管理學系,D 日,M 碩士,1,0,0,18 新竹市,1 一般
113,1039,玄奘大學,04211032,法律學系,D 日,M 碩士,27,0,5,18 新竹市,1 一般
113,1039,玄奘大學,04211032,法律學系,D 日,B 學士,75,9,31,18 新竹市,1 一般
113,1039,玄奘大學,06134034,資訊管理學系,D 日,B 學士,0,0,1,18 新竹市,1 一般
113,1039,玄奘大學,09231036,社會工作學系,D 日,M 碩士,30,0,2,18 新竹市,1 一般
113,1039,玄奘大學,09231036,社會工作學系,N 職,M 碩士,31,0,7,18 新竹市,1 一般
113,1039,玄奘大學,09231036,社會工作學系,D 日,B 學士,52,9,34,18 新竹市,1 一般
113,1039,玄奘大學,09231036,社會工作學系,N 修,C 二技,38,0,13,18 新竹市,1 一般
113,1039,玄奘大學,10131040,餐旅管理學系,D 日,B 學士,114,7,33,18 新竹市,1 一般
113,1039,玄奘大學,99999Z01,通識及共同科目,D 日,,0,4,0,18 新竹市,1 一般
113,1040,建國科技大學,02112004,數位媒體設計系,D 日,B 四技,7,0,18,07 彰化縣,2 技職
113,1040,建國科技大學,02112004,數位媒體設計系,N 修,B 四技,0,0,1,07 彰化縣,2 技職
113,1040,建國科技大學,02112005,商業設計系,D 日,B 四技,36,0,18,07 彰化縣,2 技職
113,1040,建國科技大學,02112029,視覺傳達設計系,D 日,B 四技,64,5,0,07 彰化縣,2 技職
113,1040,建國科技大學,02122003,創意產品與遊戲設計系,D 日,B 四技,138,7,48,07 彰化縣,2 技職
113,1040,建國科技大學,02122003,創意產品與遊戲設計系,N 修,B 四技,54,0,22,07 彰化縣,2 技職
113,1040,建國科技大學,02124007,空間設計系創意生活應用設計碩士班,D 日,M 碩士,1,0,5,07 彰化縣,2 技職
113,1040,建國科技大學,02124007,空間設計系,D 日,B 四技,41,3,23,07 彰化縣,2 技職
113,1040,建國科技大學,02124007,空間設計系,N 修,B 四技,30,0,33,07 彰化縣,2 技職
113,1040,建國科技大學,02311001,應用外語系,D 日,B 四技,83,4,28,07 彰化縣,2 技職
113,1040,建國科技大學,02311001,應用外語系,N 修,B 四技,36,0,15,07 彰化縣,2 技職
113,1040,建國科技大學,04131008,企業管理科,N 修,2 二專,8,0,0,07 彰化縣,2 技職
113,1040,建國科技大學,04131009,國際企業管理系服務與科技管理碩士班,D 日,M 碩士,22,0,1,07 彰化縣,2 技職
113,1040,建國科技大學,04131009,國際企業管理系,D 日,B 四技,68,8,15,07 彰化縣,2 技職
113,1040,建國科技大學,04131009,國際企業管理系,N 修,B 四技,72,1,21,07 彰化縣,2 技職
113,1040,建國科技大學,04131009,國際企業管理系,N 修,C 二技,65,0,35,07 彰化縣,2 技職
113,1040,建國科技大學,04143010,行銷與服務管理系,D 日,B 四技,82,7,17,07 彰化縣,2 技職
113,1040,建國科技大學,04143010,行銷與服務管理系,N 修,B 四技,91,0,30,07 彰化縣,2 技職
113,1040,建國科技大學,06131012,資訊管理系,D 日,B 四技,36,3,26,07 彰化縣,2 技職
113,1040,建國科技大學,06131012,資訊管理系,N 修,B 四技,17,0,12,07 彰化縣,2 技職
113,1040,建國科技大學,06199017,資訊與網路通訊系,D 日,B 四技,1,0,2,07 彰化縣,2 技職
113,1040,建國科技大學,06199017,資訊與網路通訊系,N 修,B 四技,0,0,6,07 彰化縣,2 技職
113,1040,建國科技大學,07141013,電機工程研究所,D 日,M 碩士,8,0,4,07 彰化縣,2 技職
113,1040,建國科技大學,07141013,電機工程系,D 日,B 四技,132,10,36,07 彰化縣,2 技職
113,1040,建國科技大學,07141013,電機工程系,N 修,B 四技,87,0,24,07 彰化縣,2 技職
113,1040,建國科技大學,07141014,電子工程系,D 日,B 四技,246,9,34,07 彰化縣,2 技職
113,1040,建國科技大學,07141014,電子工程系,N 修,B 四技,93,0,27,07 彰化縣,2 技職
113,1040,建國科技大學,07141014,電子工程科,N 修,2 二專,0,0,11,07 彰化縣,2 技職
113,1040,建國科技大學,07141015,自動化工程系,D 日,B 四技,58,5,18,07 彰化縣,2 技職
113,1040,建國科技大學,07141015,自動化工程系,N 修,B 四技,12,0,13,07 彰化縣,2 技職
113,1040,建國科技大學,07141020,機電光系統研究所,D 日,M 碩士,1,0,3,07 彰化縣,2 技職
113,1040,建國科技大學,07151018,機械工程系,D 日,B 四技,446,17,83,07 彰化縣,2 技職
113,1040,建國科技大學,07151018,機械工程系,N 修,B 四技,325,0,71,07 彰化縣,2 技職
113,1040,建國科技大學,07151018,機械工程系,N 修,C 二技,9,0,14,07 彰化縣,2 技職
113,1040,建國科技大學,07151018,機械工程系_先進車輛修護,D 日,2 二專,0,0,8,07 彰化縣,2 技職
113,1040,建國科技大學,07151018,機械工程科,N 修,2 二專,0,0,1,07 彰化縣,2 技職
113,1040,建國科技大學,07151019,製造科技研究所,D 日,M 碩士,9,0,7,07 彰化縣,2 技職
113,1040,建國科技大學,07321021,土木工程系,D 日,B 四技,128,9,26,07 彰化縣,2 技職
113,1040,建國科技大學,07321021,土木工程系,N 修,C 二技,105,0,46,07 彰化縣,2 技職
113,1040,建國科技大學,07321021,土木工程科,N 修,2 二專,42,0,0,07 彰化縣,2 技職
113,1040,建國科技大學,07321022,土木與防災研究所,D 日,M 碩士,14,0,1,07 彰化縣,2 技職
113,1040,建國科技大學,10121027,美容系,D 日,B 四技,160,9,39,07 彰化縣,2 技職
113,1040,建國科技大學,10121027,美容系,N 修,B 四技,142,1,23,07 彰化縣,2 技職
113,1040,建國科技大學,10121027,美容系,N 修,C 二技,37,0,17,07 彰化縣,2 技職
113,1040,建國科技大學,10121028,美容科技研究所,D 日,M 碩士,27,0,15,07 彰化縣,2 技職
113,1040,建國科技大學,10151025,觀光系,D 日,B 四技,194,6,33,07 彰化縣,2 技職
113,1040,建國科技大學,10152026,運動健康與休閒系,D 日,B 四技,107,7,34,07 彰化縣,2 技職
113,1040,建國科技大學,10152026,運動健康與休閒系,N 修,B 四技,111,0,33,07 彰化縣,2 技職
113,1040,建國科技大學,10152026,運動健康與休閒系,N 修,C 二技,52,0,26,07 彰化縣,2 技職
113,1040,建國科技大學,10152026,運動健康與休閒科,N 修,2 二專,0,0,10,07 彰化縣,2 技職
113,1040,建國科技大學,99999Z01,通識及共同科目,D 日,,0,25,0,07 彰化縣,2 技職
113,1040,建國科技大學,99999Z01,通識及共同科目,N 修,,0,1,0,07 彰化縣,2 技職
113,1040,建國科技大學,99999Z07,體育室,D 日,,0,1,0,07 彰化縣,2 技職
113,1040,建國科技大學,99999Z99,其他(包括行政助教),D 日,,0,2,0,07 彰化縣,2 技職
113,1041,明志科技大學,02112003,視覺傳達設計系碩士班,D 日,M 碩士,22,0,10,01 新北市,2 技職
113,1041,明志科技大學,02112003,視覺傳達設計系,D 日,B 四技,225,9,49,01 新北市,2 技職
113,1041,明志科技大學,02123004,工業設計系碩士班,D 日,M 碩士,22,0,10,01 新北市,2 技職
113,1041,明志科技大學,02123004,工業設計系,D 日,B 四技,205,9,45,01 新北市,2 技職
113,1041,明志科技大學,04131005,經營管理系碩士班,D 日,M 碩士,36,0,13,01 新北市,2 技職
113,1041,明志科技大學,04131005,經營管理系,D 日,B 四技,362,11,90,01 新北市,2 技職
113,1041,明志科技大學,04131030,國際企業管理碩士學位學程(IMBA),D 日,M 碩士,36,2,11,01 新北市,2 技職
113,1041,明志科技大學,04143034,數位行銷設計學士學位學程,D 日,B 四技,156,2,0,01 新北市,2 技職
113,1041,明志科技大學,04199Y30,管理暨設計學院,D 日,,0,5,0,01 新北市,2 技職
113,1041,明志科技大學,06131036,工業人工智慧學士學位學程,D 日,B 四技,121,3,0,01 新北市,2 技職
113,1041,明志科技大學,07111018,化學工程系,D 日,M 碩士,90,0,34,01 新北市,2 技職
113,1041,明志科技大學,07111018,化學工程系,D 日,B 四技,343,21,94,01 新北市,2 技職
113,1041,明志科技大學,07111035,半導體材料與製程學士學位學程,D 日,B 四技,123,3,0,01 新北市,2 技職
113,1041,明志科技大學,07112022,材料工程系碩士班,D 日,M 碩士,81,0,40,01 新北市,2 技職
113,1041,明志科技大學,07112022,材料工程系,D 日,B 四技,347,23,92,01 新北市,2 技職
113,1041,明志科技大學,07112022,材料工程系,N 修,B 四技,61,0,15,01 新北市,2 技職
113,1041,明志科技大學,07112037,電漿與薄膜工程國際博士學位學程,D 日,D 博士,9,2,0,01 新北市,2 技職
113,1041,明志科技大學,07121025,環境與安全衛生工程系環境工程碩士班,D 日,M 碩士,45,0,15,01 新北市,2 技職
113,1041,明志科技大學,07121025,環境與安全衛生工程系,D 日,B 四技,208,11,42,01 新北市,2 技職
113,1041,明志科技大學,07132021,能源電池科技博士學位學程,D 日,D 博士,40,4,1,01 新北市,2 技職
113,1041,明志科技大學,07141010,電機工程系碩士班,D 日,M 碩士,55,0,21,01 新北市,2 技職
113,1041,明志科技大學,07141010,電機工程系,D 日,B 四技,379,12,90,01 新北市,2 技職
113,1041,明志科技大學,07141010,電機工程系,N 修,B 四技,0,0,3,01 新北市,2 技職
113,1041,明志科技大學,07141011,電子工程系碩士班,D 日,M 碩士,63,0,23,01 新北市,2 技職
113,1041,明志科技大學,07141011,電子工程系,D 日,B 四技,350,18,92,01 新北市,2 技職
113,1041,明志科技大學,07141011,電子工程系,N 修,B 四技,2,0,2,01 新北市,2 技職
113,1041,明志科技大學,07151014,機械工程系機械與機電工程碩士班,D 日,M 碩士,64,0,22,01 新北市,2 技職
113,1041,明志科技大學,07151014,機械工程系,D 日,B 四技,535,25,142,01 新北市,2 技職
113,1041,明志科技大學,07151014,機械工程系,N 修,B 四技,7,0,7,01 新北市,2 技職
113,1041,明志科技大學,07191024,工業工程與管理系碩士班,D 日,M 碩士,34,0,13,01 新北市,2 技職
113,1041,明志科技大學,07191024,工業工程與管理系碩士在職專班,N 職,M 碩士,21,0,10,01 新北市,2 技職
113,1041,明志科技大學,07191024,工業工程與管理系,D 日,B 四技,305,17,61,01 新北市,2 技職
113,1041,明志科技大學,07191024,工業工程與管理系,N 修,B 四技,0,0,1,01 新北市,2 技職
113,1041,明志科技大學,07193031,創新科技應用於生物醫學暨醫療照護產品研發國際博士學位學程,D 日,D 博士,36,4,2,01 新北市,2 技職
113,1041,明志科技大學,99999Z01,通識及共同科目,D 日,,0,25,0,01 新北市,2 技職
113,1041,明志科技大學,99999Z03,軍訓教官,D 日,,0,1,0,01 新北市,2 技職
113,1042,台鋼科技大學,02112044,電競與動畫遊戲學士學位學程,D 日,B 四技,7,1,8,12 高雄市,2 技職
113,1042,台鋼科技大學,02311001,應用外語系,D 日,B 四技,99,7,31,12 高雄市,2 技職
113,1042,台鋼科技大學,02311001,應用外語系,N 修,B 四技,0,0,3,12 高雄市,2 技職
113,1042,台鋼科技大學,02311001,應用外語系,N 修,C 二技,13,0,8,12 高雄市,2 技職
113,1042,台鋼科技大學,02311001,應用外語科,N 修,2 二專,13,0,0,12 高雄市,2 技職
113,1042,台鋼科技大學,03214046,資訊傳播與行銷系,D 日,B 四技,42,7,14,12 高雄市,2 技職
113,1042,台鋼科技大學,03214046,資訊傳播與行銷系,N 修,B 四技,31,0,7,12 高雄市,2 技職
113,1042,台鋼科技大學,03214046,資訊傳播與行銷系,N 修,C 二技,9,0,7,12 高雄市,2 技職
113,1042,台鋼科技大學,04131045,數位經營管理系經營管理碩士班,D 日,M 碩士,4,0,10,12 高雄市,2 技職
113,1042,台鋼科技大學,04131045,數位經營管理系經營管理碩士在職專班,N 職,M 碩士,8,0,6,12 高雄市,2 技職
113,1042,台鋼科技大學,04131045,數位經營管理系,D 日,B 四技,29,2,23,12 高雄市,2 技職
113,1042,台鋼科技大學,04131045,數位經營管理系,N 修,B 四技,6,0,6,12 高雄市,2 技職
113,1042,台鋼科技大學,04131045,數位經營管理系,N 修,C 二技,0,0,21,12 高雄市,2 技職
113,1042,台鋼科技大學,04131045,數位經營管理科,N 修,2 二專,1,0,4,12 高雄市,2 技職
113,1042,台鋼科技大學,04143011,行銷與流通管理系_國際行銷國際學生產學合作專班,D 日,B 四技,0,0,1,12 高雄市,2 技職
113,1042,台鋼科技大學,06131014,資訊管理系,N 修,C 二技,0,0,1,12 高雄市,2 技職
113,1042,台鋼科技大學,06134015,資訊科技應用系碩士班,D 日,M 碩士,4,0,2,12 高雄市,2 技職
113,1042,台鋼科技大學,06134015,資訊科技應用系碩士在職專班,N 職,M 碩士,0,0,2,12 高雄市,2 技職
113,1042,台鋼科技大學,06134015,資訊科技應用系,D 日,B 四技,8,1,7,12 高雄市,2 技職
113,1042,台鋼科技大學,06199047,智慧科技應用系,D 日,B 四技,32,7,0,12 高雄市,2 技職
113,1042,台鋼科技大學,06199047,智慧科技應用系,N 修,B 四技,13,0,0,12 高雄市,2 技職
113,1042,台鋼科技大學,06199048,機電學院_智慧自動化國際學生產學合作專班,D 日,B 四技,15,1,0,12 高雄市,2 技職
113,1042,台鋼科技大學,07141018,電機工程系碩士在職專班,N 職,M 碩士,1,0,0,12 高雄市,2 技職
113,1042,台鋼科技大學,07141018,電機工程系,D 日,B 四技,139,7,7,12 高雄市,2 技職
113,1042,台鋼科技大學,07141018,電機工程系,N 修,B 四技,57,0,34,12 高雄市,2 技職
113,1042,台鋼科技大學,07141018,電機工程系,D 日,C 二技,26,0,0,12 高雄市,2 技職
113,1042,台鋼科技大學,07141019,電子工程系,D 日,B 四技,22,1,7,12 高雄市,2 技職
113,1042,台鋼科技大學,07141019,電子工程系,N 修,B 四技,4,0,15,12 高雄市,2 技職
113,1042,台鋼科技大學,07151022,機械與自動化工程系,D 日,M 碩士,5,0,4,12 高雄市,2 技職
113,1042,台鋼科技大學,07151022,機械與自動化工程系機電科技碩士在職專班,N 職,M 碩士,27,0,6,12 高雄市,2 技職
113,1042,台鋼科技大學,07151022,機械與自動化工程系,D 日,B 四技,195,10,19,12 高雄市,2 技職
113,1042,台鋼科技大學,07151022,機械與自動化工程系,N 修,B 四技,43,0,26,12 高雄市,2 技職
113,1042,台鋼科技大學,07151022,機械與自動化工程系,N 修,C 二技,32,0,18,12 高雄市,2 技職
113,1042,台鋼科技大學,07151022,機械與自動化工程科,N 修,2 二專,17,0,0,12 高雄市,2 技職
113,1042,台鋼科技大學,07311033,建築系碩士班,D 日,M 碩士,10,0,0,12 高雄市,2 技職
113,1042,台鋼科技大學,07311033,建築系,D 日,B 四技,51,10,11,12 高雄市,2 技職
113,1042,台鋼科技大學,07311033,建築系,N 修,B 四技,47,0,4,12 高雄市,2 技職
113,1042,台鋼科技大學,07321024,土木工程系碩士在職專班,N 職,M 碩士,0,0,8,12 高雄市,2 技職
113,1042,台鋼科技大學,07321024,土木工程系,D 日,B 四技,6,1,27,12 高雄市,2 技職
113,1042,台鋼科技大學,07321024,土木工程系,N 修,B 四技,17,2,16,12 高雄市,2 技職
113,1042,台鋼科技大學,10121005,香妝與養生保健系碩士班,D 日,M 碩士,4,0,0,12 高雄市,2 技職
113,1042,台鋼科技大學,10121005,香妝與養生保健系,D 日,B 四技,8,3,15,12 高雄市,2 技職
113,1042,台鋼科技大學,10121005,香妝與養生保健系,N 修,B 四技,1,0,2,12 高雄市,2 技職
113,1042,台鋼科技大學,10121005,香妝與養生保健科,N 修,2 二專,1,0,5,12 高雄市,2 技職
113,1042,台鋼科技大學,10151037,觀光事業管理系,D 日,B 四技,44,3,42,12 高雄市,2 技職
113,1042,台鋼科技大學,10152039,休閒運動管理系,D 日,B 四技,83,9,17,12 高雄市,2 技職
113,1042,台鋼科技大學,10152039,休閒運動管理系,N 修,B 四技,54,0,11,12 高雄市,2 技職
113,1042,台鋼科技大學,10152039,休閒運動管理系,N 修,C 二技,12,0,22,12 高雄市,2 技職
113,1042,台鋼科技大學,99999Z01,通識及共同科目,D 日,,0,8,0,12 高雄市,2 技職
113,1042,台鋼科技大學,99999Z03,軍訓教官,D 日,,0,1,0,12 高雄市,2 技職
113,1043,大仁科技大學,02112046,多媒體設計系,D 日,B 四技,33,8,14,13 屏東縣,2 技職
113,1043,大仁科技大學,02112046,多媒體設計系,N 修,C 二技,51,1,13,13 屏東縣,2 技職
113,1043,大仁科技大學,02112046,多媒體設計科,D 日,5 五專,27,0,0,13 屏東縣,2 技職
113,1043,大仁科技大學,02311044,應用日語系,D 日,B 四技,3,0,14,13 屏東縣,2 技職
113,1043,大仁科技大學,03141046,多媒體設計系文創碩士在職專班,N 職,M 碩士,48,0,22,13 屏東縣,2 技職
113,1043,大仁科技大學,03199045,生命禮儀暨關懷事業系,D 日,B 四技,74,7,0,13 屏東縣,2 技職
113,1043,大仁科技大學,03199045,生命禮儀暨關懷事業系,N 修,C 二技,64,0,23,13 屏東縣,2 技職
113,1043,大仁科技大學,04132005,行銷與流通管理系,N 修,B 四技,0,0,1,13 屏東縣,2 技職
113,1043,大仁科技大學,07121014,環境與職業安全衛生系環境管理碩士班,D 日,M 碩士,5,0,5,13 屏東縣,2 技職
113,1043,大仁科技大學,07121014,環境與職業安全衛生系環境管理碩士在職專班,N 職,M 碩士,27,0,12,13 屏東縣,2 技職
113,1043,大仁科技大學,07121014,環境與職業安全衛生系,D 日,B 四技,111,9,35,13 屏東縣,2 技職
113,1043,大仁科技大學,07121014,環境與職業安全衛生系,N 修,C 二技,91,0,34,13 屏東縣,2 技職
113,1043,大仁科技大學,07121014,環境與職業安全衛生科,D 日,5 五專,10,0,0,13 屏東縣,2 技職
113,1043,大仁科技大學,07141009,資訊工程與娛樂科技系,D 日,B 四技,0,0,4,13 屏東縣,2 技職
113,1043,大仁科技大學,07211012,食品科技系,D 日,,0,1,0,13 屏東縣,2 技職
113,1043,大仁科技大學,07211012,食品科技系,N 修,,0,1,0,13 屏東縣,2 技職
113,1043,大仁科技大學,07321028,消防安全學士學位學程,D 日,B 四技,70,6,23,13 屏東縣,2 技職
113,1043,大仁科技大學,07321028,消防安全學士學位學程,N 修,B 四技,0,0,3,13 屏東縣,2 技職
113,1043,大仁科技大學,07321028,消防安全進修學士學位學程,N 修,C 二技,87,0,37,13 屏東縣,2 技職
113,1043,大仁科技大學,08199043,寵物照護暨美容系,D 日,B 四技,247,7,47,13 屏東縣,2 技職
113,1043,大仁科技大學,08199043,寵物照護暨美容系,N 修,C 二技,57,1,26,13 屏東縣,2 技職
113,1043,大仁科技大學,08199043,寵物照護暨美容科,D 日,5 五專,30,0,0,13 屏東縣,2 技職
113,1043,大仁科技大學,09131016,護理系,D 日,B 四技,183,9,39,13 屏東縣,2 技職
113,1043,大仁科技大學,09131016,護理系,N 修,C 二技,155,4,47,13 屏東縣,2 技職
113,1043,大仁科技大學,09161015,藥學系碩士班,D 日,M 碩士,4,0,1,13 屏東縣,2 技職
113,1043,大仁科技大學,09161015,藥學系碩士在職專班,N 職,M 碩士,29,1,4,13 屏東縣,2 技職
113,1043,大仁科技大學,09161015,藥學系,D 日,B 四技,970,25,203,13 屏東縣,2 技職
113,1043,大仁科技大學,09221019,幼兒保育系,D 日,B 四技,0,0,1,13 屏東縣,2 技職
113,1043,大仁科技大學,09221019,幼兒保育系,N 修,C 二技,186,9,76,13 屏東縣,2 技職
113,1043,大仁科技大學,09231018,社會工作系碩士班,D 日,M 碩士,38,0,4,13 屏東縣,2 技職
113,1043,大仁科技大學,09231018,社會工作系,D 日,B 四技,110,11,15,13 屏東縣,2 技職
113,1043,大仁科技大學,09231018,社會工作系,N 修,C 二技,275,0,114,13 屏東縣,2 技職
113,1043,大仁科技大學,10121025,時尚美容應用系,D 日,,0,1,0,13 屏東縣,2 技職
113,1043,大仁科技大學,10131021,餐旅管理系,D 日,B 四技,194,17,30,13 屏東縣,2 技職
113,1043,大仁科技大學,10131021,餐旅管理系,N 修,B 四技,56,1,11,13 屏東縣,2 技職
113,1043,大仁科技大學,10131021,餐旅管理系,N 修,C 二技,70,0,24,13 屏東縣,2 技職
113,1043,大仁科技大學,10131022,餐飲管理系_餐飲管理專班,D 日,B 四技,4,0,14,13 屏東縣,2 技職
113,1043,大仁科技大學,10151023,觀光事業系,D 日,B 四技,83,8,26,13 屏東縣,2 技職
113,1043,大仁科技大學,10151023,觀光事業科,N 修,2 二專,53,1,17,13 屏東縣,2 技職
113,1043,大仁科技大學,10152024,休閒運動管理系休閒事業管理碩士班,D 日,M 碩士,19,0,10,13 屏東縣,2 技職
113,1043,大仁科技大學,10152024,休閒運動管理系休閒事業管理碩士在職專班,N 職,M 碩士,44,0,16,13 屏東縣,2 技職
113,1043,大仁科技大學,10152024,休閒運動管理系,D 日,B 四技,115,10,15,13 屏東縣,2 技職
113,1043,大仁科技大學,10152024,休閒運動管理系,N 修,C 二技,186,2,81,13 屏東縣,2 技職
113,1044,聖約翰科技大學,02112004,多媒體設計系,D 日,B 四技,43,8,16,01 新北市,2 技職
113,1044,聖約翰科技大學,02122002,創意設計系,D 日,B 四技,10,1,8,01 新北市,2 技職
113,1044,聖約翰科技大學,02122002,創意設計系,N 修,C 二技,0,0,1,01 新北市,2 技職
113,1044,聖約翰科技大學,02122003,數位文藝系,D 日,B 四技,1,0,0,01 新北市,2 技職
113,1044,聖約翰科技大學,02311001,應用英語系,D 日,,0,4,0,01 新北市,2 技職
113,1044,聖約翰科技大學,02311001,應用英語科,D 日,5 五專,0,0,1,01 新北市,2 技職
113,1044,聖約翰科技大學,04131005,企業管理系,D 日,,0,1,0,01 新北市,2 技職
113,1044,聖約翰科技大學,04131005,企業管理系碩士班,D 日,M 碩士,3,0,2,01 新北市,2 技職
113,1044,聖約翰科技大學,04131005,企業管理系,D 日,B 四技,1,0,2,01 新北市,2 技職
113,1044,聖約翰科技大學,04143028,工業管理系,N 修,C 二技,65,0,17,01 新北市,2 技職
113,1044,聖約翰科技大學,04143028,工業管理科,N 修,2 二專,21,0,11,01 新北市,2 技職
113,1044,聖約翰科技大學,04199009,時尚經營管理系,D 日,,0,2,0,01 新北市,2 技職
113,1044,聖約翰科技大學,04199009,時尚經營管理系,D 日,B 四技,3,0,11,01 新北市,2 技職
113,1044,聖約翰科技大學,04199029,工商管理科,D 日,5 五專,1,0,3,01 新北市,2 技職
113,1044,聖約翰科技大學,06111014,資訊工程系碩士班,D 日,M 碩士,3,0,1,01 新北市,2 技職
113,1044,聖約翰科技大學,06111014,資訊工程系,D 日,B 四技,14,3,8,01 新北市,2 技職
113,1044,聖約翰科技大學,06111014,資訊工程系,N 修,B 四技,11,0,7,01 新北市,2 技職
113,1044,聖約翰科技大學,06131010,資訊管理系,D 日,B 四技,0,0,2,01 新北市,2 技職
113,1044,聖約翰科技大學,07141012,電機工程系碩士班,D 日,M 碩士,1,0,4,01 新北市,2 技職
113,1044,聖約翰科技大學,07141012,電機工程系碩士在職專班,N 職,M 碩士,49,0,13,01 新北市,2 技職
113,1044,聖約翰科技大學,07141012,電機工程系,D 日,B 四技,61,9,3,01 新北市,2 技職
113,1044,聖約翰科技大學,07141012,電機工程系,N 修,B 四技,0,0,2,01 新北市,2 技職
113,1044,聖約翰科技大學,07141012,電機工程系,N 修,C 二技,0,0,1,01 新北市,2 技職
113,1044,聖約翰科技大學,07141012,電機工程科,D 日,5 五專,0,0,4,01 新北市,2 技職
113,1044,聖約翰科技大學,07141026,電子資訊科,D 日,5 五專,5,1,8,01 新北市,2 技職
113,1044,聖約翰科技大學,07151016,機械與電腦輔助工程系_機電整合與自動化製造技術國際學生產學合作專班,D 日,B 四技,0,0,2,01 新北市,2 技職
113,1044,聖約翰科技大學,07151031,機械與車輛工程系碩士班,D 日,M 碩士,5,0,0,01 新北市,2 技職
113,1044,聖約翰科技大學,07151031,機械與車輛工程系碩士在職專班,N 職,M 碩士,3,0,2,01 新北市,2 技職
113,1044,聖約翰科技大學,07151031,機械與車輛工程系,D 日,B 四技,3,0,8,01 新北市,2 技職
113,1044,聖約翰科技大學,07151031,機械與車輛工程系,N 修,B 四技,21,3,1,01 新北市,2 技職
113,1044,聖約翰科技大學,07161027,車輛工程科,D 日,,0,1,0,01 新北市,2 技職
113,1044,聖約翰科技大學,07161027,車輛工程科,D 日,5 五專,9,0,5,01 新北市,2 技職
113,1044,聖約翰科技大學,07191028,工業管理系碩士班,D 日,M 碩士,4,0,5,01 新北市,2 技職
113,1044,聖約翰科技大學,07191028,工業管理系,N 職,M 碩士,5,3,3,01 新北市,2 技職
113,1044,聖約翰科技大學,07191028,工業管理系,D 日,B 四技,19,4,12,01 新北市,2 技職
113,1044,聖約翰科技大學,09211032,樂齡福祉與健康促進系,D 日,B 四技,43,10,14,01 新北市,2 技職
113,1044,聖約翰科技大學,10152033,休閒運動與觀光管理系,D 日,B 四技,51,8,28,01 新北市,2 技職
113,1044,聖約翰科技大學,10152033,休閒運動與觀光管理系,N 修,B 四技,12,0,3,01 新北市,2 技職
113,1045,嶺東科技大學,02112003,視覺傳達設計系碩士班,D 日,M 碩士,18,0,3,19 臺中市,2 技職
113,1045,嶺東科技大學,02112003,視覺傳達設計系,D 日,B 四技,624,20,133,19 臺中市,2 技職
113,1045,嶺東科技大學,02112003,視覺傳達設計系,N 修,B 四技,112,0,49,19 臺中市,2 技職
113,1045,嶺東科技大學,02112003,視覺傳達設計系,D 日,C 二技,0,0,1,19 臺中市,2 技職
113,1045,嶺東科技大學,02112005,數位媒體設計系碩士班,D 日,M 碩士,22,0,8,19 臺中市,2 技職
113,1045,嶺東科技大學,02112005,數位媒體設計系,D 日,B 四技,708,17,134,19 臺中市,2 技職
113,1045,嶺東科技大學,02112005,數位媒體設計系,N 修,B 四技,163,0,43,19 臺中市,2 技職
113,1045,嶺東科技大學,02122002,流行設計系碩士班,D 日,M 碩士,32,0,5,19 臺中市,2 技職
113,1045,嶺東科技大學,02122002,流行設計系,D 日,B 四技,317,10,77,19 臺中市,2 技職
113,1045,嶺東科技大學,02122002,流行設計系,N 修,B 四技,140,0,38,19 臺中市,2 技職
113,1045,嶺東科技大學,02123008,創意產品設計系碩士班,D 日,M 碩士,13,0,1,19 臺中市,2 技職
113,1045,嶺東科技大學,02123008,創意產品設計系,D 日,B 四技,319,10,85,19 臺中市,2 技職
113,1045,嶺東科技大學,02123008,創意產品設計系,N 修,B 四技,103,0,22,19 臺中市,2 技職
113,1045,嶺東科技大學,02125039,服飾設計系,D 日,B 四技,202,7,62,19 臺中市,2 技職
113,1045,嶺東科技大學,02311001,應用外語系,D 日,B 四技,426,14,86,19 臺中市,2 技職
113,1045,嶺東科技大學,02311001,應用外語系,N 修,B 四技,123,0,18,19 臺中市,2 技職
113,1045,嶺東科技大學,04111010,會計資訊系碩士班,D 日,M 碩士,12,0,1,19 臺中市,2 技職
113,1045,嶺東科技大學,04111010,會計資訊系,D 日,B 四技,79,9,26,19 臺中市,2 技職
113,1045,嶺東科技大學,04121017,財務金融系碩士班,D 日,M 碩士,39,0,23,19 臺中市,2 技職
113,1045,嶺東科技大學,04121017,財務金融系碩士在職專班,N 職,M 碩士,19,0,7,19 臺中市,2 技職
113,1045,嶺東科技大學,04121017,財務金融系,D 日,B 四技,266,11,69,19 臺中市,2 技職
113,1045,嶺東科技大學,04121017,財務金融系,N 修,B 四技,129,0,33,19 臺中市,2 技職
113,1045,嶺東科技大學,04131013,企業管理系碩士班,D 日,M 碩士,19,0,5,19 臺中市,2 技職
113,1045,嶺東科技大學,04131013,企業管理系,N 職,M 碩士,137,0,49,19 臺中市,2 技職
113,1045,嶺東科技大學,04131013,企業管理系,D 日,B 四技,300,14,63,19 臺中市,2 技職
113,1045,嶺東科技大學,04131013,企業管理系,N 修,B 四技,173,1,44,19 臺中市,2 技職
113,1045,嶺東科技大學,04131015,國際企業系碩士班,D 日,M 碩士,12,0,9,19 臺中市,2 技職
113,1045,嶺東科技大學,04131015,國際企業系碩士在職專班,N 職,M 碩士,21,0,5,19 臺中市,2 技職
113,1045,嶺東科技大學,04131015,國際企業系,N 修,B 四技,100,0,0,19 臺中市,2 技職
113,1045,嶺東科技大學,04141015,國際企業系,D 日,B 四技,303,14,125,19 臺中市,2 技職
113,1045,嶺東科技大學,04143024,行銷與流通管理系碩士班,D 日,M 碩士,18,0,5,19 臺中市,2 技職
113,1045,嶺東科技大學,04143024,行銷與流通管理系,D 日,B 四技,464,15,102,19 臺中市,2 技職
113,1045,嶺東科技大學,04143024,行銷與流通管理系,N 修,B 四技,166,0,46,19 臺中市,2 技職
113,1045,嶺東科技大學,04199040,時尚經營系,D 日,B 四技,333,7,72,19 臺中市,2 技職
113,1045,嶺東科技大學,04199040,時尚經營系,N 修,B 四技,109,0,23,19 臺中市,2 技職
113,1045,嶺東科技大學,04212029,財經法律研究所,D 日,M 碩士,0,0,2,19 臺中市,2 技職
113,1045,嶺東科技大學,06121031,資訊管理系,D 日,B 四技,324,10,64,19 臺中市,2 技職
113,1045,嶺東科技大學,06131030,資訊科技系碩士班,D 日,M 碩士,32,0,3,19 臺中市,2 技職
113,1045,嶺東科技大學,06131030,資訊科技系,D 日,B 四技,441,12,126,19 臺中市,2 技職
113,1045,嶺東科技大學,06131030,資訊科技系,N 修,B 四技,298,0,73,19 臺中市,2 技職
113,1045,嶺東科技大學,06131031,資訊管理系碩士班,D 日,M 碩士,10,0,2,19 臺中市,2 技職
113,1045,嶺東科技大學,06132031,資訊管理系,N 修,B 四技,135,0,31,19 臺中市,2 技職
113,1045,嶺東科技大學,07151042,智慧製造科技系,D 日,B 四技,56,7,0,19 臺中市,2 技職
113,1045,嶺東科技大學,09221041,幼兒保育系,D 日,B 四技,149,7,0,19 臺中市,2 技職
113,1045,嶺東科技大學,09221041,幼兒保育系,N 修,C 二技,161,0,44,19 臺中市,2 技職
113,1045,嶺東科技大學,10151036,觀光與休閒管理系碩士班,D 日,M 碩士,22,0,3,19 臺中市,2 技職
113,1045,嶺東科技大學,10151036,觀光與休閒管理系,D 日,B 四技,433,17,123,19 臺中市,2 技職
113,1045,嶺東科技大學,10151036,觀光與休閒管理系,N 修,B 四技,273,0,95,19 臺中市,2 技職
113,1045,嶺東科技大學,99999Z01,通識及共同科目,D 日,,0,20,0,19 臺中市,2 技職
113,1045,嶺東科技大學,99999Z03,軍訓教官,D 日,,0,3,0,19 臺中市,2 技職
113,1046,中國科技大學,02112003,視覺傳達設計系碩士班,D 日,M 碩士,20,0,6,30 臺北市,2 技職
113,1046,中國科技大學,02112003,視覺傳達設計系,D 日,B 四技,516,23,134,30 臺北市,2 技職
113,1046,中國科技大學,02112003,視覺傳達設計系,N 修,B 四技,44,0,17,30 臺北市,2 技職
113,1046,中國科技大學,02112004,數位多媒體設計系,D 日,B 四技,447,15,121,30 臺北市,2 技職
113,1046,中國科技大學,02112004,數位多媒體設計系,N 修,B 四技,90,0,28,30 臺北市,2 技職
113,1046,中國科技大學,02124005,室內設計系碩士班,D 日,M 碩士,30,0,9,30 臺北市,2 技職
113,1046,中國科技大學,02124005,室內設計系,D 日,B 四技,551,14,132,30 臺北市,2 技職
113,1046,中國科技大學,02124005,室內設計系,N 修,B 四技,75,1,19,30 臺北市,2 技職
113,1046,中國科技大學,02124005,室內設計系,N 修,C 二技,44,0,22,30 臺北市,2 技職
113,1046,中國科技大學,02124005,室內設計科,N 修,2 二專,21,0,7,30 臺北市,2 技職
113,1046,中國科技大學,02199006,影視設計系,D 日,B 四技,369,10,71,30 臺北市,2 技職
113,1046,中國科技大學,02311001,應用英語系,D 日,B 四技,96,7,40,30 臺北市,2 技職
113,1046,中國科技大學,04121015,財務金融系,D 日,B 四技,208,13,73,30 臺北市,2 技職
113,1046,中國科技大學,04131010,企業管理系碩士班,D 日,M 碩士,38,0,11,30 臺北市,2 技職
113,1046,中國科技大學,04131010,企業管理系,N 職,M 碩士,42,0,13,30 臺北市,2 技職
113,1046,中國科技大學,04131010,企業管理系,D 日,B 四技,228,16,38,30 臺北市,2 技職
113,1046,中國科技大學,04131010,企業管理系,N 修,B 四技,25,0,10,30 臺北市,2 技職
113,1046,中國科技大學,04131010,企業管理系,N 修,C 二技,91,0,52,30 臺北市,2 技職
113,1046,中國科技大學,04131010,企業管理科,N 修,2 二專,27,0,15,30 臺北市,2 技職
113,1046,中國科技大學,04132017,行銷與流通管理系,D 日,B 四技,298,13,96,30 臺北市,2 技職
113,1046,中國科技大學,04132017,行銷與流通管理系,N 修,B 四技,48,0,10,30 臺北市,2 技職
113,1046,中國科技大學,04132017,行銷與流通管理系,N 修,C 二技,60,0,39,30 臺北市,2 技職
113,1046,中國科技大學,04132017,行銷與流通管理科,N 修,2 二專,2,0,7,30 臺北市,2 技職
113,1046,中國科技大學,04141014,國際商務系,D 日,B 四技,0,0,25,30 臺北市,2 技職
113,1046,中國科技大學,04141014,國際商務系,N 修,B 四技,1,0,14,30 臺北市,2 技職
113,1046,中國科技大學,04141014,國際商務系,N 修,C 二技,0,0,10,30 臺北市,2 技職
113,1046,中國科技大學,04141014,國際商務科,N 修,2 二專,0,0,13,30 臺北市,2 技職
113,1046,中國科技大學,04191031,智慧商務經營管理系,D 日,B 四技,91,9,0,30 臺北市,2 技職
113,1046,中國科技大學,04191031,智慧商務經營管理系,N 修,B 四技,21,1,0,30 臺北市,2 技職
113,1046,中國科技大學,04191031,智慧商務經營管理系,N 修,C 二技,30,0,0,30 臺北市,2 技職
113,1046,中國科技大學,06131019,資訊管理系,D 日,B 四技,252,11,41,30 臺北市,2 技職
113,1046,中國科技大學,06131019,資訊管理系,N 修,B 四技,23,0,11,30 臺北市,2 技職
113,1046,中國科技大學,06131019,資訊管理系,N 修,C 二技,76,0,18,30 臺北市,2 技職
113,1046,中國科技大學,06131019,資訊管理科,N 修,2 二專,28,0,18,30 臺北市,2 技職
113,1046,中國科技大學,06131021,資訊工程系資訊科技應用碩士在職專班,N 職,M 碩士,22,0,7,30 臺北市,2 技職
113,1046,中國科技大學,06131021,資訊工程系,D 日,B 四技,218,12,33,30 臺北市,2 技職
113,1046,中國科技大學,06131021,資訊工程系,N 修,C 二技,45,0,37,30 臺北市,2 技職
113,1046,中國科技大學,06131021,資訊工程科,N 修,2 二專,5,0,7,30 臺北市,2 技職
113,1046,中國科技大學,07311026,建築系碩士班,D 日,M 碩士,27,0,9,30 臺北市,2 技職
113,1046,中國科技大學,07311026,建築系,D 日,B 四技,299,11,81,30 臺北市,2 技職
113,1046,中國科技大學,07311026,建築系,N 修,B 四技,81,0,15,30 臺北市,2 技職
113,1046,中國科技大學,07311026,建築系,N 修,C 二技,112,0,48,30 臺北市,2 技職
113,1046,中國科技大學,07321030,土木與防災系碩士班,D 日,M 碩士,19,0,11,30 臺北市,2 技職
113,1046,中國科技大學,07321030,土木與防災系,D 日,B 四技,140,9,48,30 臺北市,2 技職
113,1046,中國科技大學,07321030,土木與防災系,N 修,B 四技,122,0,21,30 臺北市,2 技職
113,1046,中國科技大學,10151028,觀光與休閒事業管理系,D 日,B 四技,373,17,98,30 臺北市,2 技職
113,1046,中國科技大學,10151028,觀光與休閒事業管理系,N 修,B 四技,127,0,48,30 臺北市,2 技職
113,1046,中國科技大學,10151028,觀光與休閒事業管理系,N 修,C 二技,50,0,33,30 臺北市,2 技職
113,1046,中國科技大學,10151028,觀光與休閒事業管理科,N 修,2 二專,29,0,20,30 臺北市,2 技職
113,1046,中國科技大學,99999Z01,通識及共同科目,D 日,,0,17,0,30 臺北市,2 技職
113,1046,中國科技大學,99999Z03,軍訓教官,D 日,,0,1,0,30 臺北市,2 技職
113,1047,中臺科技大學,01111009,文教事業經營研究所,D 日,M 碩士,28,7,6,19 臺中市,2 技職
113,1047,中臺科技大學,01111009,文教事業經營研究所,N 職,M 碩士,96,0,8,19 臺中市,2 技職
113,1047,中臺科技大學,01121001,兒童教育暨事業經營系,D 日,B 四技,200,11,39,19 臺中市,2 技職
113,1047,中臺科技大學,01121001,兒童教育暨事業經營系,N 修,B 四技,86,0,31,19 臺中市,2 技職
113,1047,中臺科技大學,01121001,兒童教育暨事業經營系,N 修,C 二技,394,0,129,19 臺中市,2 技職
113,1047,中臺科技大學,02311002,應用外語系,D 日,B 四技,15,9,34,19 臺中市,2 技職
113,1047,中臺科技大學,02311002,應用外語系,N 修,B 四技,2,0,5,19 臺中市,2 技職
113,1047,中臺科技大學,04131038,經營管理系,D 日,B 四技,96,6,14,19 臺中市,2 技職
113,1047,中臺科技大學,04131038,經營管理系,N 修,B 四技,43,0,1,19 臺中市,2 技職
113,1047,中臺科技大學,04143004,行銷管理系,D 日,B 四技,221,7,39,19 臺中市,2 技職
113,1047,中臺科技大學,04143004,行銷管理系,N 修,B 四技,69,0,24,19 臺中市,2 技職
113,1047,中臺科技大學,06131012,資訊管理系,D 日,B 四技,202,7,23,19 臺中市,2 技職
113,1047,中臺科技大學,06131012,資訊管理系,N 修,B 四技,16,0,6,19 臺中市,2 技職
113,1047,中臺科技大學,06131037,人工智慧健康管理系,D 日,B 四技,40,5,5,19 臺中市,2 技職
113,1047,中臺科技大學,06131037,人工智慧健康管理系,N 修,B 四技,26,0,6,19 臺中市,2 技職
113,1047,中臺科技大學,07121013,環境與安全衛生工程系碩士班,D 日,M 碩士,24,0,7,19 臺中市,2 技職
113,1047,中臺科技大學,07121013,環境與安全衛生工程系,D 日,B 四技,203,10,50,19 臺中市,2 技職
113,1047,中臺科技大學,07121013,環境與安全衛生工程系,N 修,B 四技,70,0,14,19 臺中市,2 技職
113,1047,中臺科技大學,07211017,食品科技系碩士班,D 日,M 碩士,7,0,0,19 臺中市,2 技職
113,1047,中臺科技大學,07211017,食品科技系,D 日,B 四技,431,17,81,19 臺中市,2 技職
113,1047,中臺科技大學,07211017,食品科技系,N 修,B 四技,127,0,37,19 臺中市,2 技職
113,1047,中臺科技大學,09111033,牙體技術暨材料系碩士班,D 日,M 碩士,8,0,3,19 臺中市,2 技職
113,1047,中臺科技大學,09111033,牙體技術暨材料系,D 日,B 四技,301,13,85,19 臺中市,2 技職
113,1047,中臺科技大學,09111033,牙體技術暨材料系,D 日,C 二技,98,0,24,19 臺中市,2 技職
113,1047,中臺科技大學,09131020,護理系碩士班,D 日,M 碩士,34,0,5,19 臺中市,2 技職
113,1047,中臺科技大學,09131020,護理系碩士在職專班,N 職,M 碩士,96,0,20,19 臺中市,2 技職
113,1047,中臺科技大學,09131020,護理系,D 日,B 四技,309,38,91,19 臺中市,2 技職
113,1047,中臺科技大學,09131020,護理系,N 修,B 四技,390,0,97,19 臺中市,2 技職
113,1047,中臺科技大學,09131020,護理系,D 日,C 二技,354,0,153,19 臺中市,2 技職
113,1047,中臺科技大學,09131020,護理系,N 修,C 二技,314,0,218,19 臺中市,2 技職
113,1047,中臺科技大學,09141028,醫學檢驗生物技術系碩士班,D 日,M 碩士,13,0,10,19 臺中市,2 技職
113,1047,中臺科技大學,09141028,醫學檢驗生物技術系,D 日,B 四技,302,15,74,19 臺中市,2 技職
113,1047,中臺科技大學,09141028,醫學檢驗生物技術系,D 日,C 二技,89,0,40,19 臺中市,2 技職
113,1047,中臺科技大學,09141029,醫學影像暨放射科學系博士班,D 日,D 博士,10,0,2,19 臺中市,2 技職
113,1047,中臺科技大學,09141029,醫學影像暨放射科學系碩士班,D 日,M 碩士,17,0,1,19 臺中市,2 技職
113,1047,中臺科技大學,09141029,醫學影像暨放射科學系,D 日,B 四技,341,11,99,19 臺中市,2 技職
113,1047,中臺科技大學,09141029,醫學影像暨放射科學系,D 日,C 二技,73,0,46,19 臺中市,2 技職
113,1047,中臺科技大學,09141029,醫學影像暨放射科學科,D 日,5 五專,42,0,0,19 臺中市,2 技職
113,1047,中臺科技大學,09141030,視光系,D 日,B 四技,220,11,35,19 臺中市,2 技職
113,1047,中臺科技大學,09141030,視光系,N 修,C 二技,142,0,45,19 臺中市,2 技職
113,1047,中臺科技大學,09191008,醫療暨健康產業管理系碩士班,D 日,M 碩士,12,0,4,19 臺中市,2 技職
113,1047,中臺科技大學,09191008,醫療暨健康產業管理系碩士在職專班,N 職,M 碩士,43,0,19,19 臺中市,2 技職
113,1047,中臺科技大學,09191008,醫療暨健康產業管理系,D 日,B 四技,134,10,41,19 臺中市,2 技職
113,1047,中臺科技大學,09191008,醫療暨健康產業管理系,N 修,B 四技,30,0,21,19 臺中市,2 技職
113,1047,中臺科技大學,09211034,老人照顧系,D 日,B 四技,0,0,30,19 臺中市,2 技職
113,1047,中臺科技大學,09211034,老人照顧系,N 修,B 四技,0,0,18,19 臺中市,2 技職
113,1047,中臺科技大學,09211034,老人照顧系,N 修,C 二技,0,0,24,19 臺中市,2 技職
113,1047,中臺科技大學,09211034,老人照顧系_外國學生產學合作專班,D 日,2 二專,0,0,2,19 臺中市,2 技職
113,1047,中臺科技大學,09211039,高齡健康照護系,D 日,B 四技,118,7,0,19 臺中市,2 技職
113,1047,中臺科技大學,09211039,高齡健康照護系,N 修,B 四技,107,0,0,19 臺中市,2 技職
113,1047,中臺科技大學,09211039,高齡健康照護系,N 修,C 二技,58,0,0,19 臺中市,2 技職
113,1047,中臺科技大學,09212024,長期照顧碩士在職學位學程,N 職,M 碩士,51,2,16,19 臺中市,2 技職
113,1047,中臺科技大學,99999Z01,通識及共同科目,D 日,,0,7,0,19 臺中市,2 技職
113,1047,中臺科技大學,99999Z03,軍訓教官,D 日,,0,4,0,19 臺中市,2 技職
113,1047,中臺科技大學,99999Z07,體育室,D 日,,0,9,0,19 臺中市,2 技職
113,1048,亞洲大學,01121001,幼兒教育學系,D 日,M 碩士,26,0,1,06 臺中市,1 一般
113,1048,亞洲大學,01121001,幼兒教育學系,N 職,M 碩士,6,0,0,06 臺中市,1 一般
113,1048,亞洲大學,01121001,幼兒教育學系,D 日,B 學士,377,11,96,06 臺中市,1 一般
113,1048,亞洲大學,02112006,視覺傳達設計學系,D 日,M 碩士,0,0,2,06 臺中市,1 一般
113,1048,亞洲大學,02112006,視覺傳達設計學系,D 日,B 學士,0,0,85,06 臺中市,1 一般
113,1048,亞洲大學,02112007,數位媒體設計學系,D 日,D 博士,40,0,1,06 臺中市,1 一般
113,1048,亞洲大學,02112007,數位媒體設計學系,D 日,M 碩士,37,0,2,06 臺中市,1 一般
113,1048,亞洲大學,02112007,數位媒體設計學系,D 日,B 學士,677,15,94,06 臺中市,1 一般
113,1048,亞洲大學,02112058,創新產業博士學位學程,D 日,D 博士,7,0,1,06 臺中市,1 一般
113,1048,亞洲大學,02122004,時尚設計學系,D 日,B 學士,255,7,61,06 臺中市,1 一般
113,1048,亞洲大學,02122005,創意設計學院不分系國際設計學士班,D 日,,0,2,0,06 臺中市,1 一般
113,1048,亞洲大學,02122005,創意設計學院不分系國際設計學士班,D 日,B 學士,4,0,0,06 臺中市,1 一般
113,1048,亞洲大學,02123011,創意商品設計學系,D 日,M 碩士,9,0,4,06 臺中市,1 一般
113,1048,亞洲大學,02123011,創意商品設計學系,D 日,B 學士,261,9,74,06 臺中市,1 一般
113,1048,亞洲大學,02123011,創意商品設計學系,P 進,B 學士,46,0,7,06 臺中市,1 一般
113,1048,亞洲大學,02124012,室內設計學系,D 日,M 碩士,14,0,5,06 臺中市,1 一般
113,1048,亞洲大學,02124012,室內設計學系,D 日,B 學士,273,9,50,06 臺中市,1 一般
113,1048,亞洲大學,02311002,外國語文學系,D 日,M 碩士,14,0,9,06 臺中市,1 一般
113,1048,亞洲大學,02311002,外國語文學系,D 日,B 學士,178,9,53,06 臺中市,1 一般
113,1048,亞洲大學,03131013,心理學系,D 日,M 碩士,148,0,38,06 臺中市,1 一般
113,1048,亞洲大學,03131013,心理學系,N 職,M 碩士,38,0,2,06 臺中市,1 一般
113,1048,亞洲大學,03131013,心理學系,D 日,B 學士,521,17,91,06 臺中市,1 一般
113,1048,亞洲大學,03213014,資訊傳播學系,D 日,M 碩士,13,0,9,06 臺中市,1 一般
113,1048,亞洲大學,03213014,資訊傳播學系,D 日,B 學士,344,10,86,06 臺中市,1 一般
113,1048,亞洲大學,04111015,會計與資訊學系,D 日,M 碩士,18,0,6,06 臺中市,1 一般
113,1048,亞洲大學,04111015,會計與資訊學系,D 日,B 學士,231,9,52,06 臺中市,1 一般
113,1048,亞洲大學,04121019,財務金融學系,D 日,M 碩士,16,0,13,06 臺中市,1 一般
113,1048,亞洲大學,04121019,財務金融學系,N 職,M 碩士,30,0,20,06 臺中市,1 一般
113,1048,亞洲大學,04121019,財務金融學系,D 日,B 學士,402,13,89,06 臺中市,1 一般
113,1048,亞洲大學,04131017,經營管理學系企業經濟與策略博士班,D 日,D 博士,67,0,20,06 臺中市,1 一般
113,1048,亞洲大學,04131017,經營管理學系,D 日,M 碩士,76,0,22,06 臺中市,1 一般
113,1048,亞洲大學,04131017,經營管理學系,N 職,M 碩士,89,0,77,06 臺中市,1 一般
113,1048,亞洲大學,04131017,經營管理學系,D 日,B 學士,696,29,133,06 臺中市,1 一般
113,1048,亞洲大學,04131017,經營管理學系,P 進,B 學士,128,0,7,06 臺中市,1 一般
113,1048,亞洲大學,04131055,EMBA高階經理碩士在職學位學程,N 職,M 碩士,12,2,7,06 臺中市,1 一般
113,1048,亞洲大學,04131059,智慧健康先進管理技術博士學位學程,D 日,D 博士,15,0,0,06 臺中市,1 一般
113,1048,亞洲大學,04199018,新興產業策略與發展博士學位學程,D 日,D 博士,3,0,0,06 臺中市,1 一般
113,1048,亞洲大學,04199026,管理學院進修學士學位學程,P 進,B 學士,10,2,28,06 臺中市,1 一般
113,1048,亞洲大學,04212027,財經法律學系,D 日,M 碩士,25,0,4,06 臺中市,1 一般
113,1048,亞洲大學,04212027,財經法律學系,D 日,B 學士,337,11,88,06 臺中市,1 一般
113,1048,亞洲大學,05191053,食品營養與保健生技學系,D 日,M 碩士,12,0,3,06 臺中市,1 一般
113,1048,亞洲大學,05191053,食品營養與保健生技學系,N 職,M 碩士,16,0,4,06 臺中市,1 一般
113,1048,亞洲大學,05191053,食品營養與保健生技學系,D 日,B 學士,390,18,97,06 臺中市,1 一般
113,1048,亞洲大學,05191053,食品營養與保健生技學系,P 進,B 學士,73,0,27,06 臺中市,1 一般
113,1048,亞洲大學,06111057,人工智慧博士學位學程,D 日,D 博士,17,2,0,06 臺中市,1 一般
113,1048,亞洲大學,06134033,行動商務與多媒體應用學系,D 日,M 碩士,7,0,1,06 臺中市,1 一般
113,1048,亞洲大學,06134033,行動商務與多媒體應用學系,D 日,B 學士,264,11,56,06 臺中市,1 一般
113,1048,亞洲大學,06134037,資訊工程學系,D 日,D 博士,12,0,3,06 臺中市,1 一般
113,1048,亞洲大學,06134037,資訊工程學系,D 日,M 碩士,37,0,9,06 臺中市,1 一般
113,1048,亞洲大學,06134037,資訊工程學系,N 職,M 碩士,15,3,7,06 臺中市,1 一般
113,1048,亞洲大學,06134037,資訊工程學系,D 日,B 學士,538,19,86,06 臺中市,1 一般
113,1048,亞洲大學,07193029,生物資訊與醫學工程學系,D 日,D 博士,19,0,2,06 臺中市,1 一般
113,1048,亞洲大學,07193029,生物資訊與醫學工程學系,D 日,M 碩士,12,0,2,06 臺中市,1 一般
113,1048,亞洲大學,07193029,生物資訊與醫學工程學系,N 職,M 碩士,38,0,7,06 臺中市,1 一般
113,1048,亞洲大學,07193029,生物資訊與醫學工程學系,D 日,B 學士,249,13,35,06 臺中市,1 一般
113,1048,亞洲大學,08411045,學士後獸醫學系,D 日,B 學士,178,9,34,06 臺中市,1 一般
113,1048,亞洲大學,09131046,護理學系,D 日,M 碩士,30,0,1,06 臺中市,1 一般
113,1048,亞洲大學,09131046,護理學系,N 職,M 碩士,62,0,9,06 臺中市,1 一般
113,1048,亞洲大學,09131046,護理學系,D 日,B 學士,609,38,93,06 臺中市,1 一般
113,1048,亞洲大學,09131061,學士後護理學系,D 日,B 學士,138,12,44,06 臺中市,1 一般
113,1048,亞洲大學,09141047,視光學系,D 日,B 學士,381,8,88,06 臺中市,1 一般
113,1048,亞洲大學,09141060,醫學檢驗暨生物技術學系,D 日,M 碩士,9,0,4,06 臺中市,1 一般
113,1048,亞洲大學,09141060,醫學檢驗暨生物技術學系,D 日,B 學士,319,17,52,06 臺中市,1 一般
113,1048,亞洲大學,09151056,物理治療學系,D 日,B 學士,222,7,37,06 臺中市,1 一般
113,1048,亞洲大學,09152052,職能治療學系,D 日,B 學士,292,10,38,06 臺中市,1 一般
113,1048,亞洲大學,09153051,聽力暨語言治療學系,D 日,M 碩士,39,0,0,06 臺中市,1 一般
113,1048,亞洲大學,09153051,聽力暨語言治療學系,D 日,B 學士,268,10,46,06 臺中市,1 一般
113,1048,亞洲大學,09191021,健康產業管理學系,D 日,D 博士,33,0,4,06 臺中市,1 一般
113,1048,亞洲大學,09211021,健康產業管理學系,D 日,M 碩士,32,0,11,06 臺中市,1 一般
113,1048,亞洲大學,09211021,健康產業管理學系,N 職,M 碩士,44,0,14,06 臺中市,1 一般
113,1048,亞洲大學,09211021,健康產業管理學系,D 日,B 學士,420,11,80,06 臺中市,1 一般
113,1048,亞洲大學,09211025,長期照護學系,D 日,B 學士,45,7,0,06 臺中市,1 一般
113,1048,亞洲大學,09231048,社會工作學系,D 日,M 碩士,50,0,16,06 臺中市,1 一般
113,1048,亞洲大學,09231048,社會工作學系,D 日,B 學士,392,12,87,06 臺中市,1 一般
113,1048,亞洲大學,09231048,社會工作學系,P 進,B 學士,71,0,29,06 臺中市,1 一般
113,1048,亞洲大學,10151049,休閒與遊憩管理學系,D 日,M 碩士,0,0,12,06 臺中市,1 一般
113,1048,亞洲大學,10151049,休閒與遊憩管理學系,N 職,M 碩士,0,0,22,06 臺中市,1 一般
113,1048,亞洲大學,10151049,休閒與遊憩管理學系,D 日,B 學士,0,0,83,06 臺中市,1 一般
113,1048,亞洲大學,99999Z01,通識及共同科目,D 日,,0,10,0,06 臺中市,1 一般
113,1048,亞洲大學,99999Z03,軍訓教官,D 日,,0,1,0,06 臺中市,1 一般
113,1048,亞洲大學,99999Z07,體育室,D 日,,0,4,0,06 臺中市,1 一般
113,1048,亞洲大學,99999Z08,語言中心,D 日,,0,5,0,06 臺中市,1 一般
113,1049,開南大學,02111058,電影與創意媒體學系,D 日,B 學士,171,7,31,03 桃園市,1 一般
113,1049,開南大學,02125060,形象管理學士學位學程,D 日,B 學士,0,0,2,03 桃園市,1 一般
113,1049,開南大學,02125060,形象管理進修學士學位學程,P 進,B 學士,74,2,19,03 桃園市,1 一般
113,1049,開南大學,02299065,文化創意與治理進修學士學位學程,P 進,B 學士,53,2,0,03 桃園市,1 一般
113,1049,開南大學,02311006,應用英語學系,D 日,M 碩士,3,0,0,03 桃園市,1 一般
113,1049,開南大學,02311006,應用英語學系,D 日,B 學士,146,8,46,03 桃園市,1 一般
113,1049,開南大學,02311006,應用英語學系,P 進,B 學士,77,1,17,03 桃園市,1 一般
113,1049,開南大學,02311008,應用日語學系,D 日,M 碩士,3,0,1,03 桃園市,1 一般
113,1049,開南大學,02311008,應用日語學系,D 日,B 學士,291,11,73,03 桃園市,1 一般
113,1049,開南大學,02311008,應用日語學系,P 進,B 學士,89,0,26,03 桃園市,1 一般
113,1049,開南大學,02311064,人文社會學院應用語言碩士班,D 日,M 碩士,32,2,0,03 桃園市,1 一般
113,1049,開南大學,02323004,應用華語學系,D 日,M 碩士,3,0,1,03 桃園市,1 一般
113,1049,開南大學,02323004,應用華語學系,D 日,B 學士,336,9,59,03 桃園市,1 一般
113,1049,開南大學,03213003,資訊傳播學系,D 日,B 學士,126,7,28,03 桃園市,1 一般
113,1049,開南大學,04111014,會計學系,D 日,,0,1,0,03 桃園市,1 一般
113,1049,開南大學,04111014,會計學系,D 日,B 學士,4,0,14,03 桃園市,1 一般
113,1049,開南大學,04111014,會計學系,P 進,B 學士,1,0,5,03 桃園市,1 一般
113,1049,開南大學,04121021,財務金融學系,D 日,,0,1,0,03 桃園市,1 一般
113,1049,開南大學,04131016,國際企業學系,D 日,M 碩士,23,0,24,03 桃園市,1 一般
113,1049,開南大學,04131016,國際企業學系,N 職,M 碩士,23,2,0,03 桃園市,1 一般
113,1049,開南大學,04131016,國際企業學系,D 日,B 學士,155,9,32,03 桃園市,1 一般
113,1049,開南大學,04131016,國際企業學系,P 進,B 學士,146,0,72,03 桃園市,1 一般
113,1049,開南大學,04131017,企業與創業管理學系,D 日,B 學士,136,6,35,03 桃園市,1 一般
113,1049,開南大學,04131017,企業與創業管理學系,P 進,B 學士,135,1,20,03 桃園市,1 一般
113,1049,開南大學,04131018,商學院企業管理碩士班,D 日,M 碩士,1,0,1,03 桃園市,1 一般
113,1049,開南大學,04131031,商學院國際榮譽學士學位學程,D 日,B 學士,73,6,2,03 桃園市,1 一般
113,1049,開南大學,04131063,商學院經營管理碩士在職專班,N 職,M 碩士,69,0,35,03 桃園市,1 一般
113,1049,開南大學,04132062,國際物流與運輸管理學系,D 日,B 學士,245,7,33,03 桃園市,1 一般
113,1049,開南大學,04132062,國際物流與運輸管理學系,P 進,B 學士,54,0,7,03 桃園市,1 一般
113,1049,開南大學,04134010,人文社會學院公共管理碩士在職專班,N 職,M 碩士,39,2,31,03 桃園市,1 一般
113,1049,開南大學,04134012,公共事務管理學系,D 日,,0,2,0,03 桃園市,1 一般
113,1049,開南大學,04134012,公共事務管理學系,D 日,M 碩士,5,0,7,03 桃園市,1 一般
113,1049,開南大學,04134013,人文社會學院公共事務碩士班,D 日,M 碩士,17,2,7,03 桃園市,1 一般
113,1049,開南大學,04143024,行銷學系,D 日,B 學士,4,0,22,03 桃園市,1 一般
113,1049,開南大學,04199061,數位多媒體設計學系,P 進,B 學士,0,0,8,03 桃園市,1 一般
113,1049,開南大學,04211011,法律學系,D 日,M 碩士,17,0,0,03 桃園市,1 一般
113,1049,開南大學,04211011,法律學系,N 職,M 碩士,73,1,13,03 桃園市,1 一般
113,1049,開南大學,04211011,法律學系,D 日,B 學士,193,9,44,03 桃園市,1 一般
113,1049,開南大學,04211011,法律學系,P 進,B 學士,178,0,0,03 桃園市,1 一般
113,1049,開南大學,05191037,保健營養學系,D 日,B 學士,110,7,30,03 桃園市,1 一般
113,1049,開南大學,06131032,資訊管理學系,D 日,M 碩士,22,0,7,03 桃園市,1 一般
113,1049,開南大學,06131032,資訊管理學系,D 日,B 學士,202,9,36,03 桃園市,1 一般
113,1049,開南大學,06131032,資訊管理學系,P 進,B 學士,39,0,12,03 桃園市,1 一般
113,1049,開南大學,06133036,資訊學院,N 職,M 碩士,42,0,12,03 桃園市,1 一般
113,1049,開南大學,06199066,AI科技與創新設計學士學位學程,D 日,B 學士,20,2,0,03 桃園市,1 一般
113,1049,開南大學,09171057,健康照護管理學院健康照護技術碩士班,D 日,M 碩士,24,2,24,03 桃園市,1 一般
113,1049,開南大學,09191026,健康產業管理學系,D 日,B 學士,129,7,24,03 桃園市,1 一般
113,1049,開南大學,09191026,健康產業管理學系,P 進,B 學士,28,0,0,03 桃園市,1 一般
113,1049,開南大學,09199038,養生與健康行銷學系,D 日,,0,2,0,03 桃園市,1 一般
113,1049,開南大學,09199038,養生與健康行銷學系,D 日,B 學士,0,0,15,03 桃園市,1 一般
113,1049,開南大學,10131039,觀光與餐飲旅館學系,D 日,B 學士,379,10,57,03 桃園市,1 一般
113,1049,開南大學,10131039,觀光與餐飲旅館學系,P 進,B 學士,189,1,28,03 桃園市,1 一般
113,1049,開南大學,10152043,休閒事業管理學系,D 日,B 學士,104,7,23,03 桃園市,1 一般
113,1049,開南大學,10199041,觀光運輸學院碩士班,D 日,M 碩士,42,4,7,03 桃園市,1 一般
113,1049,開南大學,10199041,觀光運輸學院,N 職,M 碩士,101,0,25,03 桃園市,1 一般
113,1049,開南大學,10411059,交通運輸學系,D 日,B 學士,1,0,3,03 桃園市,1 一般
113,1049,開南大學,10413046,空運管理學系,D 日,B 學士,272,7,66,03 桃園市,1 一般
113,1049,開南大學,10413046,空運管理學系,P 進,B 學士,4,0,0,03 桃園市,1 一般
113,1050,佛光大學,02123018,產品與媒體設計學系,D 日,M 碩士,4,0,1,02 宜蘭縣,1 一般
113,1050,佛光大學,02123018,產品與媒體設計學系,D 日,B 學士,207,9,46,02 宜蘭縣,1 一般
113,1050,佛光大學,02211009,宗教學研究所,D 日,M 碩士,20,4,10,02 宜蘭縣,1 一般
113,1050,佛光大學,02211010,佛教學系,D 日,D 博士,35,0,0,02 宜蘭縣,1 一般
113,1050,佛光大學,02211010,佛教學系,D 日,M 碩士,88,0,14,02 宜蘭縣,1 一般
113,1050,佛光大學,02211010,佛教學系,D 日,B 學士,65,11,24,02 宜蘭縣,1 一般
113,1050,佛光大學,02221011,歷史學系,D 日,M 碩士,7,0,0,02 宜蘭縣,1 一般
113,1050,佛光大學,02221011,歷史學系,D 日,B 學士,85,7,17,02 宜蘭縣,1 一般
113,1050,佛光大學,02299015,文化資產與創意學系,D 日,M 碩士,11,0,5,02 宜蘭縣,1 一般
113,1050,佛光大學,02299015,文化資產與創意學系,D 日,B 學士,35,1,25,02 宜蘭縣,1 一般
113,1050,佛光大學,02299038,人文學院碩士班,D 日,M 碩士,21,2,0,02 宜蘭縣,1 一般
113,1050,佛光大學,02299039,創意與科技學院碩士班,D 日,M 碩士,47,2,6,02 宜蘭縣,1 一般
113,1050,佛光大學,02311007,外國語文學系,D 日,M 碩士,5,0,0,02 宜蘭縣,1 一般
113,1050,佛光大學,02311007,外國語文學系,D 日,B 學士,114,5,25,02 宜蘭縣,1 一般
113,1050,佛光大學,02322006,中國文學與應用學系,D 日,D 博士,40,0,6,02 宜蘭縣,1 一般
113,1050,佛光大學,02322006,中國文學與應用學系,D 日,M 碩士,7,0,0,02 宜蘭縣,1 一般
113,1050,佛光大學,02322006,中國文學與應用學系,N 職,M 碩士,5,0,2,02 宜蘭縣,1 一般
113,1050,佛光大學,02322006,中國文學與應用學系,D 日,B 學士,58,9,22,02 宜蘭縣,1 一般
113,1050,佛光大學,03111020,應用經濟學系,D 日,M 碩士,20,0,14,02 宜蘭縣,1 一般
113,1050,佛光大學,03111020,應用經濟學系,N 職,M 碩士,25,0,20,02 宜蘭縣,1 一般
113,1050,佛光大學,03111020,應用經濟學系,D 日,B 學士,142,9,28,02 宜蘭縣,1 一般
113,1050,佛光大學,03131024,心理學系,D 日,M 碩士,61,0,3,02 宜蘭縣,1 一般
113,1050,佛光大學,03131024,心理學系,D 日,B 學士,179,10,32,02 宜蘭縣,1 一般
113,1050,佛光大學,03141023,未來與樂活產業學系,D 日,M 碩士,0,0,3,02 宜蘭縣,1 一般
113,1050,佛光大學,03141023,未來與樂活產業學系,D 日,B 學士,0,0,23,02 宜蘭縣,1 一般
113,1050,佛光大學,03141037,樂活產業學院,D 日,M 碩士,58,2,29,02 宜蘭縣,1 一般
113,1050,佛光大學,03141041,樂活產業學系,D 日,M 碩士,3,0,0,02 宜蘭縣,1 一般
113,1050,佛光大學,03141041,樂活產業學系,D 日,B 學士,93,7,0,02 宜蘭縣,1 一般
113,1050,佛光大學,03211028,傳播學系,D 日,M 碩士,10,0,4,02 宜蘭縣,1 一般
113,1050,佛光大學,03211028,傳播學系,D 日,B 學士,206,7,57,02 宜蘭縣,1 一般
113,1050,佛光大學,04131030,管理學系,D 日,M 碩士,45,0,12,02 宜蘭縣,1 一般
113,1050,佛光大學,04131030,管理學系,N 職,M 碩士,58,0,25,02 宜蘭縣,1 一般
113,1050,佛光大學,04131030,管理學系,D 日,B 學士,84,9,35,02 宜蘭縣,1 一般
113,1050,佛光大學,04134025,公共事務學系,D 日,M 碩士,12,0,9,02 宜蘭縣,1 一般
113,1050,佛光大學,04134025,公共事務學系,N 職,M 碩士,21,0,15,02 宜蘭縣,1 一般
113,1050,佛光大學,04134025,公共事務學系,D 日,B 學士,113,9,42,02 宜蘭縣,1 一般
113,1050,佛光大學,06134032,資訊應用學系,D 日,M 碩士,6,0,2,02 宜蘭縣,1 一般
113,1050,佛光大學,06134032,資訊應用學系,N 職,M 碩士,2,0,1,02 宜蘭縣,1 一般
113,1050,佛光大學,06134032,資訊應用學系,D 日,B 學士,158,8,48,02 宜蘭縣,1 一般
113,1050,佛光大學,07311042,建築環境設計學士學位學程,D 日,B 學士,13,2,0,02 宜蘭縣,1 一般
113,1050,佛光大學,09231035,社會學暨社會工作學系,D 日,M 碩士,28,0,3,02 宜蘭縣,1 一般
113,1050,佛光大學,09231035,社會學暨社會工作學系,D 日,B 學士,125,9,39,02 宜蘭縣,1 一般
113,1050,佛光大學,10131036,健康與創意蔬食產業學系,D 日,B 學士,157,6,45,02 宜蘭縣,1 一般
113,1050,佛光大學,10142040,管理學院運動與健康促進管理學士學位學程,D 日,B 學士,52,2,0,02 宜蘭縣,1 一般
113,1050,佛光大學,99999Z01,通識及共同科目,D 日,,0,7,0,02 宜蘭縣,1 一般
113,1051,台南應用科技大學,02111046,漫畫系,D 日,B 四技,653,14,96,11 臺南市,2 技職
113,1051,台南應用科技大學,02112012,視覺傳達設計系創新應用設計碩士班,D 日,M 碩士,16,0,1,11 臺南市,2 技職
113,1051,台南應用科技大學,02112012,視覺傳達設計系創新應用設計碩士班(碩士在職專班),N 職,M 碩士,1,0,1,11 臺南市,2 技職
113,1051,台南應用科技大學,02112012,視覺傳達設計系,D 日,B 四技,367,13,122,11 臺南市,2 技職
113,1051,台南應用科技大學,02112012,視覺傳達設計系,N 修,B 四技,45,0,8,11 臺南市,2 技職
113,1051,台南應用科技大學,02112013,多媒體動畫系,D 日,B 四技,521,14,110,11 臺南市,2 技職
113,1051,台南應用科技大學,02122010,時尚設計系,D 日,B 四技,150,7,48,11 臺南市,2 技職
113,1051,台南應用科技大學,02123014,商品設計系,D 日,B 四技,307,9,98,11 臺南市,2 技職
113,1051,台南應用科技大學,02123014,商品設計系,N 修,B 四技,20,0,12,11 臺南市,2 技職
113,1051,台南應用科技大學,02124015,室內設計系碩士班,D 日,M 碩士,13,0,6,11 臺南市,2 技職
113,1051,台南應用科技大學,02124015,室內設計系,D 日,B 四技,538,15,80,11 臺南市,2 技職
113,1051,台南應用科技大學,02124015,室內設計系,N 修,B 四技,85,0,12,11 臺南市,2 技職
113,1051,台南應用科技大學,02125042,服飾設計管理系,D 日,B 四技,308,11,85,11 臺南市,2 技職
113,1051,台南應用科技大學,02125042,服飾設計管理系,N 修,B 四技,12,0,6,11 臺南市,2 技職
113,1051,台南應用科技大學,02131001,美術系碩士班,D 日,M 碩士,53,0,3,11 臺南市,2 技職
113,1051,台南應用科技大學,02131001,美術系碩士在職專班,N 職,M 碩士,19,0,0,11 臺南市,2 技職
113,1051,台南應用科技大學,02131001,美術系,D 日,B 四技,320,26,98,11 臺南市,2 技職
113,1051,台南應用科技大學,02131001,美術系,N 修,B 四技,41,0,17,11 臺南市,2 技職
113,1051,台南應用科技大學,02131001,美術系,D 日,C 二技,179,0,76,11 臺南市,2 技職
113,1051,台南應用科技大學,02131001,美術系（七年一貫制）,D 日,5 五專,465,0,0,11 臺南市,2 技職
113,1051,台南應用科技大學,02151003,音樂系碩士班,D 日,M 碩士,7,0,5,11 臺南市,2 技職
113,1051,台南應用科技大學,02151003,音樂系碩士在職專班,N 職,M 碩士,18,0,3,11 臺南市,2 技職
113,1051,台南應用科技大學,02151003,音樂系,D 日,C 二技,92,18,40,11 臺南市,2 技職
113,1051,台南應用科技大學,02151003,音樂系（七年一貫制）,D 日,5 五專,201,0,0,11 臺南市,2 技職
113,1051,台南應用科技大學,02151004,流行音樂系,D 日,B 四技,175,8,50,11 臺南市,2 技職
113,1051,台南應用科技大學,02152005,舞蹈系,D 日,B 四技,66,9,14,11 臺南市,2 技職
113,1051,台南應用科技大學,02152005,舞蹈系,D 日,C 二技,60,0,34,11 臺南市,2 技職
113,1051,台南應用科技大學,02152005,舞蹈系（七年一貫制）,D 日,5 五專,177,0,0,11 臺南市,2 技職
113,1051,台南應用科技大學,02311009,應用英語系,D 日,B 四技,154,11,43,11 臺南市,2 技職
113,1051,台南應用科技大學,02311009,應用英語系,N 修,B 四技,50,0,23,11 臺南市,2 技職
113,1051,台南應用科技大學,02311009,應用英語系,N 修,C 二技,0,0,1,11 臺南市,2 技職
113,1051,台南應用科技大學,04121025,財務金融系,D 日,B 四技,124,8,37,11 臺南市,2 技職
113,1051,台南應用科技大學,04131021,企業管理系,D 日,B 四技,224,11,61,11 臺南市,2 技職
113,1051,台南應用科技大學,04131021,企業管理系,N 修,B 四技,116,0,50,11 臺南市,2 技職
113,1051,台南應用科技大學,04131048,茶文化事業經營管理系,D 日,B 四技,5,0,0,11 臺南市,2 技職
113,1051,台南應用科技大學,04141023,國際企業經營系碩士班,D 日,M 碩士,10,0,5,11 臺南市,2 技職
113,1051,台南應用科技大學,04141023,國際企業經營系碩士在職專班,N 職,M 碩士,16,0,17,11 臺南市,2 技職
113,1051,台南應用科技大學,04141023,國際企業經營系,D 日,B 四技,85,8,32,11 臺南市,2 技職
113,1051,台南應用科技大學,04161047,連鎖加盟經營管理進修學士學位學程,N 修,B 四技,24,0,29,11 臺南市,2 技職
113,1051,台南應用科技大學,06131027,資訊管理系,D 日,B 四技,167,9,42,11 臺南市,2 技職
113,1051,台南應用科技大學,06131027,資訊管理系,N 修,B 四技,36,0,9,11 臺南市,2 技職
113,1051,台南應用科技大學,09221029,幼兒保育系,D 日,B 四技,276,12,73,11 臺南市,2 技職
113,1051,台南應用科技大學,09221029,幼兒保育系,N 修,B 四技,34,0,17,11 臺南市,2 技職
113,1051,台南應用科技大學,09221029,幼兒保育系,D 日,C 二技,33,0,21,11 臺南市,2 技職
113,1051,台南應用科技大學,09221029,幼兒保育系,N 修,C 二技,142,0,66,11 臺南市,2 技職
113,1051,台南應用科技大學,09231034,養生休閒管理系,N 修,B 四技,21,0,7,11 臺南市,2 技職
113,1051,台南應用科技大學,10111038,生活服務產業系生活應用科學碩士班,D 日,M 碩士,21,0,10,11 臺南市,2 技職
113,1051,台南應用科技大學,10111038,生活服務產業系生活應用科學碩士在職專班,N 職,M 碩士,45,0,9,11 臺南市,2 技職
113,1051,台南應用科技大學,10111038,生活服務產業系,D 日,B 四技,172,9,54,11 臺南市,2 技職
113,1051,台南應用科技大學,10111038,生活服務產業系,N 修,B 四技,23,0,11,11 臺南市,2 技職
113,1051,台南應用科技大學,10121044,美容造型設計系,D 日,B 四技,640,20,113,11 臺南市,2 技職
113,1051,台南應用科技大學,10121044,美容造型設計系,N 修,B 四技,340,0,98,11 臺南市,2 技職
113,1051,台南應用科技大學,10131030,旅館管理系,D 日,B 四技,334,11,93,11 臺南市,2 技職
113,1051,台南應用科技大學,10131030,旅館管理系,D 日,C 二技,0,0,4,11 臺南市,2 技職
113,1051,台南應用科技大學,10131031,餐旅管理進修學士學位學程,N 修,B 四技,22,2,6,11 臺南市,2 技職
113,1051,台南應用科技大學,10131032,餐飲系,D 日,B 四技,338,15,116,11 臺南市,2 技職
113,1051,台南應用科技大學,10131032,餐飲系,N 修,B 四技,224,0,86,11 臺南市,2 技職
113,1051,台南應用科技大學,10131032,餐飲系,D 日,C 二技,23,0,13,11 臺南市,2 技職
113,1051,台南應用科技大學,10131049,烘焙管理系,D 日,B 四技,8,0,0,11 臺南市,2 技職
113,1051,台南應用科技大學,10152033,運動休閒與健康管理系,D 日,B 四技,233,14,55,11 臺南市,2 技職
113,1051,台南應用科技大學,10152033,運動休閒與健康管理系,N 修,B 四技,131,0,35,11 臺南市,2 技職
113,1051,台南應用科技大學,10152034,養生休閒管理系,D 日,B 四技,108,7,35,11 臺南市,2 技職
113,1051,台南應用科技大學,99999Z05,師資培育中心,D 日,,0,5,0,11 臺南市,2 技職
113,1051,台南應用科技大學,99999Z05,師資培育中心,N 修,,0,1,0,11 臺南市,2 技職
113,1051,台南應用科技大學,99999Z99,其他(包括行政助教),D 日,,0,1,0,11 臺南市,2 技職
113,1052,中信科技大學,02112038,數位媒體設計系,D 日,B 四技,33,3,14,11 臺南市,2 技職
113,1052,中信科技大學,02112038,數位媒體設計系,N 修,B 四技,0,0,1,11 臺南市,2 技職
113,1052,中信科技大學,02122004,多媒體與遊戲發展管理系,D 日,B 四技,56,4,33,11 臺南市,2 技職
113,1052,中信科技大學,02123005,工業設計系,D 日,B 四技,0,0,4,11 臺南市,2 技職
113,1052,中信科技大學,02151036,流行音樂產業管理系,D 日,B 四技,20,2,15,11 臺南市,2 技職
113,1052,中信科技大學,04131007,企業管理系,D 日,B 四技,1,0,0,11 臺南市,2 技職
113,1052,中信科技大學,04131007,企業管理系,N 修,C 二技,211,7,93,11 臺南市,2 技職
113,1052,中信科技大學,04131007,企業管理系,N 修,2 二專,64,0,37,11 臺南市,2 技職
113,1052,中信科技大學,04132011,行銷與流通管理系,D 日,M 碩士,126,0,44,11 臺南市,2 技職
113,1052,中信科技大學,04132011,行銷與流通管理系,D 日,B 四技,69,10,25,11 臺南市,2 技職
113,1052,中信科技大學,04132011,行銷與流通管理系,N 修,C 二技,15,1,2,11 臺南市,2 技職
113,1052,中信科技大學,06121020,資訊工程系,D 日,B 四技,81,7,17,11 臺南市,2 技職
113,1052,中信科技大學,07132035,冷凍空調與能源系,D 日,B 四技,139,7,53,11 臺南市,2 技職
113,1052,中信科技大學,07132035,冷凍空調與能源系,N 修,B 四技,3,0,8,11 臺南市,2 技職
113,1052,中信科技大學,07132035,冷凍空調與能源系,N 修,C 二技,17,0,0,11 臺南市,2 技職
113,1052,中信科技大學,07141017,電機工程系碩士班,D 日,M 碩士,19,0,3,11 臺南市,2 技職
113,1052,中信科技大學,07141017,電機工程系,D 日,B 四技,67,9,19,11 臺南市,2 技職
113,1052,中信科技大學,07141017,電機工程系,N 修,B 四技,48,0,6,11 臺南市,2 技職
113,1052,中信科技大學,07151022,機械工程系碩士班,D 日,M 碩士,17,0,2,11 臺南市,2 技職
113,1052,中信科技大學,07151022,機械工程系碩士在職專班,N 職,M 碩士,31,0,8,11 臺南市,2 技職
113,1052,中信科技大學,07151022,機械工程系,D 日,B 四技,72,10,35,11 臺南市,2 技職
113,1052,中信科技大學,07151022,機械工程系,N 修,B 四技,71,2,18,11 臺南市,2 技職
113,1052,中信科技大學,07151022,機械工程系,N 修,C 二技,37,0,18,11 臺南市,2 技職
113,1052,中信科技大學,07151022,機械工程系,N 修,2 二專,36,0,34,11 臺南市,2 技職
113,1052,中信科技大學,07162039,飛機修護系,D 日,B 四技,66,8,27,11 臺南市,2 技職
113,1052,中信科技大學,10121034,化妝品應用與管理系,D 日,B 四技,10,3,17,11 臺南市,2 技職
113,1052,中信科技大學,10131002,觀光英語系,D 日,B 四技,2,0,1,11 臺南市,2 技職
113,1052,中信科技大學,10131031,餐飲管理系餐飲經營與安全管理碩士班,D 日,M 碩士,29,0,1,11 臺南市,2 技職
113,1052,中信科技大學,10131031,餐飲管理系,D 日,B 四技,195,10,95,11 臺南市,2 技職
113,1052,中信科技大學,10131031,餐飲管理系,N 修,B 四技,89,1,26,11 臺南市,2 技職
113,1052,中信科技大學,10151032,旅遊事業管理系,D 日,B 四技,1,0,2,11 臺南市,2 技職
113,1052,中信科技大學,10151032,旅遊事業管理系,N 修,B 四技,11,1,19,11 臺南市,2 技職
113,1052,中信科技大學,10152033,休閒運動管理碩士學位學程,D 日,M 碩士,30,0,15,11 臺南市,2 技職
113,1052,中信科技大學,10152033,休閒運動管理系,D 日,B 四技,108,11,30,11 臺南市,2 技職
113,1052,中信科技大學,99999Z01,通識及共同科目,D 日,,0,2,0,11 臺南市,2 技職
113,1053,元培醫事科技大學,02122044,茶陶文創碩士學位學程,D 日,M 碩士,13,0,5,18 新竹市,2 技職
113,1053,元培醫事科技大學,02122044,茶陶文創學士學位學程,D 日,B 四技,7,6,7,18 新竹市,2 技職
113,1053,元培醫事科技大學,02122044,茶陶文創進修學士學位學程,N 修,C 二技,0,0,10,18 新竹市,2 技職
113,1053,元培醫事科技大學,02311041,應用外語系,D 日,B 四技,8,2,11,18 新竹市,2 技職
113,1053,元培醫事科技大學,02311041,應用外語系,N 修,B 四技,2,0,4,18 新竹市,2 技職
113,1053,元培醫事科技大學,04131003,企業管理系碩士班,D 日,M 碩士,23,0,10,18 新竹市,2 技職
113,1053,元培醫事科技大學,04131003,企業管理系,D 日,B 四技,64,9,18,18 新竹市,2 技職
113,1053,元培醫事科技大學,04131003,企業管理系,N 修,B 四技,122,0,61,18 新竹市,2 技職
113,1053,元培醫事科技大學,04133007,醫務管理系碩士班,D 日,M 碩士,44,0,10,18 新竹市,2 技職
113,1053,元培醫事科技大學,04133007,醫務管理系碩士在職專班,N 職,M 碩士,34,0,13,18 新竹市,2 技職
113,1053,元培醫事科技大學,04133007,醫務管理系,D 日,B 四技,147,9,54,18 新竹市,2 技職
113,1053,元培醫事科技大學,06131012,資訊管理系,D 日,B 四技,110,8,49,18 新竹市,2 技職
113,1053,元培醫事科技大學,06131012,資訊管理系,N 修,B 四技,95,1,21,18 新竹市,2 技職
113,1053,元培醫事科技大學,06134012,資訊管理系數位創新管理碩士班,D 日,M 碩士,23,0,7,18 新竹市,2 技職
113,1053,元培醫事科技大學,06134013,行動科技應用系_國際學生產學合作專班,D 日,B 四技,0,0,1,18 新竹市,2 技職
113,1053,元培醫事科技大學,07121015,環境工程衛生系碩士班,D 日,M 碩士,19,0,4,18 新竹市,2 技職
113,1053,元培醫事科技大學,07121015,環境工程衛生系,D 日,B 四技,76,9,16,18 新竹市,2 技職
113,1053,元培醫事科技大學,07121015,環境工程衛生系,N 修,B 四技,37,0,25,18 新竹市,2 技職
113,1053,元培醫事科技大學,07193016,生物醫學工程系福祉科技與醫學工程碩士班,D 日,M 碩士,1,0,2,18 新竹市,2 技職
113,1053,元培醫事科技大學,07193016,生物醫學工程系,D 日,B 四技,120,6,13,18 新竹市,2 技職
113,1053,元培醫事科技大學,07211019,食品科學系碩士班,D 日,M 碩士,16,0,1,18 新竹市,2 技職
113,1053,元培醫事科技大學,07211019,食品科學系,D 日,B 四技,170,9,26,18 新竹市,2 技職
113,1053,元培醫事科技大學,07211019,食品科學系,N 修,B 四技,6,0,3,18 新竹市,2 技職
113,1053,元培醫事科技大學,08411042,寵物保健系,D 日,B 四技,198,7,46,18 新竹市,2 技職
113,1053,元培醫事科技大學,09131022,護理系碩士班,D 日,M 碩士,21,0,7,18 新竹市,2 技職
113,1053,元培醫事科技大學,09131022,護理系,D 日,B 四技,312,19,113,18 新竹市,2 技職
113,1053,元培醫事科技大學,09131022,護理系,N 修,B 四技,129,0,31,18 新竹市,2 技職
113,1053,元培醫事科技大學,09131022,護理系,D 日,C 二技,89,0,49,18 新竹市,2 技職
113,1053,元培醫事科技大學,09131022,護理系,N 修,C 二技,247,0,105,18 新竹市,2 技職
113,1053,元培醫事科技大學,09141027,醫學檢驗生物技術系碩士班,D 日,M 碩士,8,0,1,18 新竹市,2 技職
113,1053,元培醫事科技大學,09141027,醫學檢驗生物技術系,D 日,B 四技,143,9,67,18 新竹市,2 技職
113,1053,元培醫事科技大學,09141029,視光系,D 日,B 四技,110,6,35,18 新竹市,2 技職
113,1053,元培醫事科技大學,09141029,視光系,N 修,C 二技,52,0,28,18 新竹市,2 技職
113,1053,元培醫事科技大學,09141030,醫學影像暨放射技術系碩士班,D 日,M 碩士,11,0,10,18 新竹市,2 技職
113,1053,元培醫事科技大學,09141030,醫學影像暨放射技術系碩士在職專班,N 職,M 碩士,0,0,1,18 新竹市,2 技職
113,1053,元培醫事科技大學,09141030,醫學影像暨放射技術系,D 日,B 四技,203,9,63,18 新竹市,2 技職
113,1053,元培醫事科技大學,09161034,生物科技暨製藥技術系碩士班,D 日,M 碩士,7,0,3,18 新竹市,2 技職
113,1053,元培醫事科技大學,09161034,生物科技暨製藥技術系,D 日,B 四技,123,9,31,18 新竹市,2 技職
113,1053,元培醫事科技大學,09161034,生物科技暨製藥技術系,N 修,B 四技,5,0,0,18 新竹市,2 技職
113,1053,元培醫事科技大學,09161045,生技製藥產業博士學位學程,D 日,D 博士,2,0,0,18 新竹市,2 技職
113,1053,元培醫事科技大學,09211035,高齡福祉事業管理學士學位學程,D 日,B 四技,35,2,9,18 新竹市,2 技職
113,1053,元培醫事科技大學,10131036,餐飲管理系,D 日,B 四技,233,9,45,18 新竹市,2 技職
113,1053,元培醫事科技大學,10131036,餐飲管理系,N 修,B 四技,134,0,72,18 新竹市,2 技職
113,1053,元培醫事科技大學,10151037,觀光與休閒管理系,D 日,B 四技,10,0,6,18 新竹市,2 技職
113,1053,元培醫事科技大學,10152038,健康休閒管理系,D 日,B 四技,234,8,35,18 新竹市,2 技職
113,1053,元培醫事科技大學,10152038,健康休閒管理系,N 修,B 四技,60,0,17,18 新竹市,2 技職
113,1053,元培醫事科技大學,10152038,健康休閒管理系,N 修,C 二技,68,0,16,18 新竹市,2 技職
113,1053,元培醫事科技大學,99999Z01,通識及共同科目,D 日,,0,7,0,18 新竹市,2 技職
113,1053,元培醫事科技大學,99999Z03,軍訓教官,D 日,,0,4,0,18 新竹市,2 技職
113,1053,元培醫事科技大學,99999Z07,體育室,D 日,,0,1,0,18 新竹市,2 技職
113,1054,景文科技大學,02112005,視覺傳達設計系數位文創設計碩士班,D 日,M 碩士,1,0,2,01 新北市,2 技職
113,1054,景文科技大學,02112005,視覺傳達設計系,D 日,B 四技,299,8,85,01 新北市,2 技職
113,1054,景文科技大學,02112005,視覺傳達設計系,N 修,B 四技,16,0,8,01 新北市,2 技職
113,1054,景文科技大學,02112005,視覺傳達設計系_香港二技專班,D 日,C 二技,0,0,2,01 新北市,2 技職
113,1054,景文科技大學,02311001,應用外語系,D 日,B 四技,329,11,103,01 新北市,2 技職
113,1054,景文科技大學,02311001,應用外語系,N 修,B 四技,57,0,0,01 新北市,2 技職
113,1054,景文科技大學,02311001,應用外語系_香港二技專班,D 日,C 二技,1,0,3,01 新北市,2 技職
113,1054,景文科技大學,04111011,理財與稅務規劃系,D 日,B 四技,98,7,53,01 新北市,2 技職
113,1054,景文科技大學,04121009,財務金融系,D 日,B 四技,31,7,23,01 新北市,2 技職
113,1054,景文科技大學,04131007,企業管理系,D 日,B 四技,169,7,39,01 新北市,2 技職
113,1054,景文科技大學,04131007,企業管理系,N 修,C 二技,142,0,43,01 新北市,2 技職
113,1054,景文科技大學,04132014,行銷與流通管理系,D 日,B 四技,170,7,34,01 新北市,2 技職
113,1054,景文科技大學,04132014,行銷與流通管理系,N 修,B 四技,80,1,17,01 新北市,2 技職
113,1054,景文科技大學,04141008,國際貿易系,D 日,B 四技,24,7,27,01 新北市,2 技職
113,1054,景文科技大學,04191029,會議展覽管理學士學位學程,D 日,B 四技,0,0,2,01 新北市,2 技職
113,1054,景文科技大學,06131030,行動商務與多媒體應用系,D 日,B 四技,94,8,43,01 新北市,2 技職
113,1054,景文科技大學,06199032,資訊與通訊系碩士在職專班,N 職,M 碩士,25,1,12,01 新北市,2 技職
113,1054,景文科技大學,06199032,資訊與通訊系,D 日,B 四技,209,9,24,01 新北市,2 技職
113,1054,景文科技大學,07141016,電子工程系_電腦與通訊學程國際學生產學合作專班,D 日,B 四技,0,0,16,01 新北市,2 技職
113,1054,景文科技大學,07141017,資訊工程系,D 日,B 四技,20,4,25,01 新北市,2 技職
113,1054,景文科技大學,07141018,電腦與通訊系_國際學生產學合作專班,D 日,B 四技,23,0,0,01 新北市,2 技職
113,1054,景文科技大學,10131019,旅館管理系,D 日,B 四技,353,9,84,01 新北市,2 技職
113,1054,景文科技大學,10131019,旅館管理系,N 修,B 四技,125,1,18,01 新北市,2 技職
113,1054,景文科技大學,10131019,旅館管理系_香港二技專班,D 日,C 二技,2,0,3,01 新北市,2 技職
113,1054,景文科技大學,10131019,旅館管理系,N 修,C 二技,45,0,35,01 新北市,2 技職
113,1054,景文科技大學,10131020,餐飲管理系,D 日,B 四技,1115,26,251,01 新北市,2 技職
113,1054,景文科技大學,10131020,餐飲管理系,N 修,B 四技,219,0,39,01 新北市,2 技職
113,1054,景文科技大學,10131020,餐飲管理系_香港二技專班,D 日,C 二技,0,0,2,01 新北市,2 技職
113,1054,景文科技大學,10131020,餐飲管理系,N 修,C 二技,95,0,35,01 新北市,2 技職
113,1054,景文科技大學,10131020,餐飲管理科,N 修,2 二專,62,0,24,01 新北市,2 技職
113,1054,景文科技大學,10151023,旅遊管理系觀光與餐旅管理碩士在職專班,N 職,M 碩士,26,0,2,01 新北市,2 技職
113,1054,景文科技大學,10151023,旅遊管理系,D 日,B 四技,467,14,103,01 新北市,2 技職
113,1054,景文科技大學,10151023,旅遊管理系,N 修,B 四技,57,1,18,01 新北市,2 技職
113,1055,中華醫事科技大學,04133002,醫務暨健康事業管理系,D 日,C 二技,58,7,23,11 臺南市,2 技職
113,1055,中華醫事科技大學,04133002,醫務暨健康事業管理科,D 日,5 五專,159,0,23,11 臺南市,2 技職
113,1055,中華醫事科技大學,05191017,食品營養系,D 日,B 四技,170,18,42,11 臺南市,2 技職
113,1055,中華醫事科技大學,05191017,食品營養系,N 修,B 四技,15,0,4,11 臺南市,2 技職
113,1055,中華醫事科技大學,05191017,食品營養系,D 日,C 二技,109,0,48,11 臺南市,2 技職
113,1055,中華醫事科技大學,05191017,食品營養系,N 修,C 二技,76,0,54,11 臺南市,2 技職
113,1055,中華醫事科技大學,05191017,食品營養科,D 日,5 五專,413,0,65,11 臺南市,2 技職
113,1055,中華醫事科技大學,07121009,環境與安全衛生工程系,D 日,B 四技,128,8,32,11 臺南市,2 技職
113,1055,中華醫事科技大學,07199015,製藥工程系生物醫學碩士班,D 日,M 碩士,32,0,15,11 臺南市,2 技職
113,1055,中華醫事科技大學,07199015,製藥工程系,D 日,B 四技,30,10,12,11 臺南市,2 技職
113,1055,中華醫事科技大學,07199015,製藥工程系,D 日,C 二技,39,0,28,11 臺南市,2 技職
113,1055,中華醫事科技大學,07199015,製藥工程科,D 日,5 五專,206,0,28,11 臺南市,2 技職
113,1055,中華醫事科技大學,09131018,護理系,D 日,B 四技,409,66,170,11 臺南市,2 技職
113,1055,中華醫事科技大學,09131018,護理系,N 修,B 四技,156,4,36,11 臺南市,2 技職
113,1055,中華醫事科技大學,09131018,護理系,D 日,C 二技,248,0,164,11 臺南市,2 技職
113,1055,中華醫事科技大學,09131018,護理系,N 修,C 二技,91,0,59,11 臺南市,2 技職
113,1055,中華醫事科技大學,09131018,護理科,D 日,5 五專,587,0,111,11 臺南市,2 技職
113,1055,中華醫事科技大學,09141021,醫學檢驗生物技術系碩士班,D 日,M 碩士,18,0,7,11 臺南市,2 技職
113,1055,中華醫事科技大學,09141021,醫學檢驗生物技術系,D 日,B 四技,154,20,55,11 臺南市,2 技職
113,1055,中華醫事科技大學,09141021,醫學檢驗生物技術系,D 日,C 二技,85,0,56,11 臺南市,2 技職
113,1055,中華醫事科技大學,09141021,醫學檢驗生物技術科,D 日,5 五專,466,0,64,11 臺南市,2 技職
113,1055,中華醫事科技大學,09141022,視光系碩士班,D 日,M 碩士,21,0,6,11 臺南市,2 技職
113,1055,中華醫事科技大學,09141022,視光系,D 日,B 四技,216,19,46,11 臺南市,2 技職
113,1055,中華醫事科技大學,09141022,視光系,N 修,C 二技,110,0,74,11 臺南市,2 技職
113,1055,中華醫事科技大學,09141022,視光科,D 日,5 五專,407,0,67,11 臺南市,2 技職
113,1055,中華醫事科技大學,09153031,語言治療系,D 日,B 四技,156,8,28,11 臺南市,2 技職
113,1055,中華醫事科技大學,09171016,調理保健技術系,D 日,C 二技,123,10,51,11 臺南市,2 技職
113,1055,中華醫事科技大學,09171016,調理保健技術系,N 修,C 二技,67,0,27,11 臺南市,2 技職
113,1055,中華醫事科技大學,09171016,調理保健技術科,N 修,2 二專,69,0,30,11 臺南市,2 技職
113,1055,中華醫事科技大學,09199034,生物醫學及美容保健科,D 日,5 五專,179,5,10,11 臺南市,2 技職
113,1055,中華醫事科技大學,09211033,長期照顧經營管理系,D 日,B 四技,1,0,4,11 臺南市,2 技職
113,1055,中華醫事科技大學,09211033,長期照顧經營管理系,N 修,C 二技,93,7,42,11 臺南市,2 技職
113,1055,中華醫事科技大學,09221024,幼兒保育系,D 日,B 四技,15,10,18,11 臺南市,2 技職
113,1055,中華醫事科技大學,09221024,幼兒保育系,N 修,C 二技,95,0,43,11 臺南市,2 技職
113,1055,中華醫事科技大學,09221024,幼兒保育科,D 日,5 五專,219,0,9,11 臺南市,2 技職
113,1055,中華醫事科技大學,10131025,餐旅管理系,D 日,B 四技,239,12,70,11 臺南市,2 技職
113,1055,中華醫事科技大學,10131025,餐旅管理系,N 修,B 四技,73,0,23,11 臺南市,2 技職
113,1055,中華醫事科技大學,10152026,運動健康與休閒系,D 日,B 四技,125,9,31,11 臺南市,2 技職
113,1055,中華醫事科技大學,10152026,運動健康與休閒系,N 修,B 四技,57,0,8,11 臺南市,2 技職
113,1055,中華醫事科技大學,10199029,寵物照護與美容系,D 日,B 四技,171,14,25,11 臺南市,2 技職
113,1055,中華醫事科技大學,10199029,寵物照護與美容系,N 修,C 二技,52,0,17,11 臺南市,2 技職
113,1055,中華醫事科技大學,10199029,寵物照護與美容科,D 日,5 五專,350,0,41,11 臺南市,2 技職
113,1055,中華醫事科技大學,10221013,職業安全衛生系碩士班,D 日,M 碩士,16,0,5,11 臺南市,2 技職
113,1055,中華醫事科技大學,10221013,職業安全衛生系碩士在職專班,N 職,M 碩士,27,0,10,11 臺南市,2 技職
113,1055,中華醫事科技大學,10221013,職業安全衛生系,D 日,C 二技,106,10,44,11 臺南市,2 技職
113,1055,中華醫事科技大學,10221013,職業安全衛生科,D 日,5 五專,265,0,39,11 臺南市,2 技職
113,1055,中華醫事科技大學,10221032,消防安全進修學士學位學程,N 修,C 二技,67,0,22,11 臺南市,2 技職
113,1055,中華醫事科技大學,99999Z01,通識及共同科目,D 日,,0,2,0,11 臺南市,2 技職
113,1055,中華醫事科技大學,99999Z03,軍訓教官,D 日,,0,3,0,11 臺南市,2 技職
113,1056,東南科技大學,02111003,數位媒體設計系,D 日,B 四技,188,6,44,01 新北市,2 技職
113,1056,東南科技大學,02112041,數位遊戲設計系,D 日,B 四技,43,2,40,01 新北市,2 技職
113,1056,東南科技大學,02123004,創意產品設計系,D 日,B 四技,44,3,36,01 新北市,2 技職
113,1056,東南科技大學,02124005,室內設計系,D 日,B 四技,203,6,37,01 新北市,2 技職
113,1056,東南科技大學,02152001,表演藝術系,D 日,B 四技,159,7,50,01 新北市,2 技職
113,1056,東南科技大學,02311002,應用英語系,D 日,B 四技,75,4,27,01 新北市,2 技職
113,1056,東南科技大學,04131006,企業管理系,D 日,B 四技,0,0,1,01 新北市,2 技職
113,1056,東南科技大學,04131047,產業經營管理研究所,D 日,M 碩士,103,6,18,01 新北市,2 技職
113,1056,東南科技大學,06131009,資訊科技系,D 日,B 四技,2,0,4,01 新北市,2 技職
113,1056,東南科技大學,07132018,能源與冷凍空調工程系,D 日,B 四技,0,0,2,01 新北市,2 技職
113,1056,東南科技大學,07141011,電機工程系碩士班,D 日,M 碩士,2,0,2,01 新北市,2 技職
113,1056,東南科技大學,07141011,電機工程系,D 日,B 四技,346,8,70,01 新北市,2 技職
113,1056,東南科技大學,07141012,電子工程系,D 日,B 四技,106,5,47,01 新北市,2 技職
113,1056,東南科技大學,07151013,機械工程系碩士班,D 日,M 碩士,19,0,5,01 新北市,2 技職
113,1056,東南科技大學,07151013,機械工程系碩士在職專班,N 職,M 碩士,16,0,4,01 新北市,2 技職
113,1056,東南科技大學,07151013,機械工程系,D 日,B 四技,644,15,105,01 新北市,2 技職
113,1056,東南科技大學,07151013,機械工程系,N 修,B 四技,189,0,37,01 新北市,2 技職
113,1056,東南科技大學,07321015,營建與空間設計系,D 日,,0,4,0,01 新北市,2 技職
113,1056,東南科技大學,07321015,營建與空間設計系營建科技與防災碩士班,D 日,M 碩士,0,0,13,01 新北市,2 技職
113,1056,東南科技大學,07321015,營建與空間設計系營建科技與防災碩士在職專班,N 職,M 碩士,0,0,19,01 新北市,2 技職
113,1056,東南科技大學,07321015,營建與空間設計系,D 日,B 四技,0,0,12,01 新北市,2 技職
113,1056,東南科技大學,07321035,營建科技與防災研究所,D 日,M 碩士,30,0,0,01 新北市,2 技職
113,1056,東南科技大學,07321035,營建科技與防災研究所,N 職,M 碩士,49,0,0,01 新北市,2 技職
113,1056,東南科技大學,10131019,餐旅管理系,D 日,B 四技,740,13,131,01 新北市,2 技職
113,1056,東南科技大學,10131019,餐旅管理系,N 修,B 四技,152,0,30,01 新北市,2 技職
113,1056,東南科技大學,10151042,觀光系,D 日,B 四技,13,0,13,01 新北市,2 技職
113,1056,東南科技大學,10151042,觀光系,N 修,B 四技,1,0,10,01 新北市,2 技職
113,1056,東南科技大學,10152021,休閒事業管理系,D 日,B 四技,335,8,71,01 新北市,2 技職
113,1056,東南科技大學,10152021,休閒事業管理系,N 修,B 四技,97,0,15,01 新北市,2 技職
113,1056,東南科技大學,99999Z01,通識及共同科目,D 日,,0,16,0,01 新北市,2 技職
113,1057,德明財經科技大學,02112002,多媒體設計系,D 日,B 四技,333,12,108,30 臺北市,2 技職
113,1057,德明財經科技大學,02112002,多媒體設計系,N 修,B 四技,3,0,17,30 臺北市,2 技職
113,1057,德明財經科技大學,02311001,應用外語系,D 日,B 四技,387,12,102,30 臺北市,2 技職
113,1057,德明財經科技大學,02311001,應用外語系,N 修,B 四技,42,0,22,30 臺北市,2 技職
113,1057,德明財經科技大學,02311001,應用外語系,D 日,C 二技,12,0,13,30 臺北市,2 技職
113,1057,德明財經科技大學,04111003,會計資訊系,D 日,B 四技,249,8,54,30 臺北市,2 技職
113,1057,德明財經科技大學,04121008,財務金融系理財與稅務管理碩士班,D 日,M 碩士,46,0,7,30 臺北市,2 技職
113,1057,德明財經科技大學,04121008,財務金融系,D 日,B 四技,588,16,164,30 臺北市,2 技職
113,1057,德明財經科技大學,04121008,財務金融系,N 修,B 四技,0,0,1,30 臺北市,2 技職
113,1057,德明財經科技大學,04122012,財政稅務系,D 日,B 四技,289,12,58,30 臺北市,2 技職
113,1057,德明財經科技大學,04123023,風險管理與財富規劃系,D 日,B 四技,132,7,42,30 臺北市,2 技職
113,1057,德明財經科技大學,04123024,保險金融系_外國學生專班,D 日,B 四技,20,0,1,30 臺北市,2 技職
113,1057,德明財經科技大學,04131006,企業管理系,D 日,B 四技,568,18,156,30 臺北市,2 技職
113,1057,德明財經科技大學,04131006,企業管理系,N 修,B 四技,83,2,14,30 臺北市,2 技職
113,1057,德明財經科技大學,04131006,企業管理系,N 修,C 二技,153,0,86,30 臺北市,2 技職
113,1057,德明財經科技大學,04132014,流通管理系,D 日,B 四技,249,14,81,30 臺北市,2 技職
113,1057,德明財經科技大學,04132014,流通管理系,D 日,C 二技,19,0,18,30 臺北市,2 技職
113,1057,德明財經科技大學,04141007,國際貿易系,D 日,B 四技,488,10,119,30 臺北市,2 技職
113,1057,德明財經科技大學,04143013,行銷管理系碩士在職專班,N 職,M 碩士,29,0,11,30 臺北市,2 技職
113,1057,德明財經科技大學,04143013,行銷管理系,D 日,B 四技,584,24,212,30 臺北市,2 技職
113,1057,德明財經科技大學,04143013,行銷管理系,N 修,B 四技,74,0,14,30 臺北市,2 技職
113,1057,德明財經科技大學,04199017,不動產投資與經營學位學程,D 日,B 四技,1,0,4,30 臺北市,2 技職
113,1057,德明財經科技大學,04199018,連鎖加盟經營管理學位學程,D 日,B 四技,1,0,3,30 臺北市,2 技職
113,1057,德明財經科技大學,06131019,資訊科技系,D 日,B 四技,284,8,64,30 臺北市,2 技職
113,1057,德明財經科技大學,06131021,資訊管理系,D 日,B 四技,452,13,89,30 臺北市,2 技職
113,1057,德明財經科技大學,99999Z01,通識及共同科目,D 日,,0,13,0,30 臺北市,2 技職
113,1057,德明財經科技大學,99999Z07,體育室,D 日,,0,9,0,30 臺北市,2 技職
113,1058,明道大學,01199045,教育藝術與療癒研究所,D 日,M 碩士,0,0,9,07 彰化縣,1 一般
113,1058,明道大學,01199045,教育藝術與療癒研究所,N 職,M 碩士,0,0,14,07 彰化縣,1 一般
113,1058,明道大學,02122008,人文設計學院設計及規劃碩士班,D 日,M 碩士,0,0,4,07 彰化縣,1 一般
113,1058,明道大學,02122010,數位設計學系,D 日,B 學士,0,0,39,07 彰化縣,1 一般
113,1058,明道大學,02125007,時尚造形學系,D 日,B 學士,0,0,2,07 彰化縣,1 一般
113,1058,明道大學,02299043,中華文化與傳播學系,D 日,D 博士,0,0,20,07 彰化縣,1 一般
113,1058,明道大學,02299043,中華文化與傳播學系,D 日,M 碩士,0,0,17,07 彰化縣,1 一般
113,1058,明道大學,02299043,中華文化與傳播學系,D 日,B 學士,0,0,13,07 彰化縣,1 一般
113,1058,明道大學,02311044,應用外語學系,D 日,B 學士,0,0,27,07 彰化縣,1 一般
113,1058,明道大學,04131013,企業管理學系,D 日,M 碩士,0,0,6,07 彰化縣,1 一般
113,1058,明道大學,04131013,企業管理學系,D 日,B 學士,0,0,17,07 彰化縣,1 一般
113,1058,明道大學,04131013,企業管理學系,P 進,B 學士,0,0,9,07 彰化縣,1 一般
113,1058,明道大學,04131019,商管學院企業高階管理碩士班EMBA,N 職,M 碩士,0,0,6,07 彰化縣,1 一般
113,1058,明道大學,07112046,智慧能源工程學系應用材料碩士班,D 日,M 碩士,0,0,2,07 彰化縣,1 一般
113,1058,明道大學,07132046,智慧能源工程學系,D 日,B 學士,0,0,17,07 彰化縣,1 一般
113,1058,明道大學,07312035,景觀與環境設計學系,D 日,B 學士,0,0,11,07 彰化縣,1 一般
113,1058,明道大學,07312035,景觀與環境設計學系,P 進,B 學士,0,0,1,07 彰化縣,1 一般
113,1058,明道大學,08111047,智慧暨精緻農業學系,D 日,M 碩士,0,0,6,07 彰化縣,1 一般
113,1058,明道大學,08111047,智慧暨精緻農業學系,D 日,B 學士,0,0,10,07 彰化縣,1 一般
113,1058,明道大學,08111047,智慧暨精緻農業學系,P 進,B 學士,0,0,36,07 彰化縣,1 一般
113,1058,明道大學,10131039,餐旅管理學系,D 日,M 碩士,0,0,5,07 彰化縣,1 一般
113,1058,明道大學,10131039,餐旅管理學系,D 日,B 學士,0,0,46,07 彰化縣,1 一般
113,1058,明道大學,10131039,餐旅管理學系,P 進,B 學士,0,0,23,07 彰化縣,1 一般
113,1058,明道大學,10152040,休閒保健學系,D 日,M 碩士,0,0,3,07 彰化縣,1 一般
113,1058,明道大學,10152040,休閒保健學系,D 日,B 學士,0,0,28,07 彰化縣,1 一般
113,1058,明道大學,10152040,休閒保健學系,P 進,B 學士,0,0,16,07 彰化縣,1 一般
113,1060,南開科技大學,02122003,文化創意與設計系,D 日,B 四技,1,0,15,08 南投縣,2 技職
113,1060,南開科技大學,02311001,應用外語科,D 日,5 五專,0,0,17,08 南投縣,2 技職
113,1060,南開科技大學,04131004,企業管理系,D 日,B 四技,0,0,14,08 南投縣,2 技職
113,1060,南開科技大學,04131004,企業管理系,N 修,B 四技,0,0,4,08 南投縣,2 技職
113,1060,南開科技大學,04143007,行銷與流通管理系,D 日,B 四技,79,6,32,08 南投縣,2 技職
113,1060,南開科技大學,04143007,行銷與流通管理系,N 修,B 四技,63,1,17,08 南投縣,2 技職
113,1060,南開科技大學,04143007,行銷與流通管理系,N 修,C 二技,74,0,33,08 南投縣,2 技職
113,1060,南開科技大學,04143007,行銷與流通管理科,N 修,2 二專,45,0,20,08 南投縣,2 技職
113,1060,南開科技大學,06132012,多媒體動畫應用系,D 日,B 四技,29,4,18,08 南投縣,2 技職
113,1060,南開科技大學,07141016,電子工程系,D 日,B 四技,0,0,1,08 南投縣,2 技職
113,1060,南開科技大學,07141016,電子工程科,D 日,5 五專,0,0,1,08 南投縣,2 技職
113,1060,南開科技大學,07141021,電機與資訊技術系,D 日,B 四技,101,10,40,08 南投縣,2 技職
113,1060,南開科技大學,07141021,電機與資訊技術系,N 修,B 四技,76,0,18,08 南投縣,2 技職
113,1060,南開科技大學,07141021,電機與資訊技術系,N 修,C 二技,55,0,0,08 南投縣,2 技職
113,1060,南開科技大學,07141021,電機與資訊技術科,D 日,5 五專,133,0,32,08 南投縣,2 技職
113,1060,南開科技大學,07141038,智慧自動化工程系,N 修,B 四技,15,0,42,08 南投縣,2 技職
113,1060,南開科技大學,07151018,自動化工程系,D 日,B 四技,296,10,41,08 南投縣,2 技職
113,1060,南開科技大學,07151018,自動化工程科,D 日,5 五專,78,0,14,08 南投縣,2 技職
113,1060,南開科技大學,07161037,車輛工程系車輛與機電產業碩士班,D 日,M 碩士,12,0,3,08 南投縣,2 技職
113,1060,南開科技大學,07161037,車輛工程系,D 日,B 四技,285,11,57,08 南投縣,2 技職
113,1060,南開科技大學,07161037,車輛工程系,N 修,B 四技,150,0,17,08 南投縣,2 技職
113,1060,南開科技大學,09211035,長期照顧與管理系福祉科技與服務管理碩士班,D 日,M 碩士,31,0,8,08 南投縣,2 技職
113,1060,南開科技大學,09211035,長期照顧與管理系福祉科技與服務管理碩士在職專班,N 職,M 碩士,46,0,19,08 南投縣,2 技職
113,1060,南開科技大學,09211035,長期照顧與管理系,D 日,B 四技,53,9,18,08 南投縣,2 技職
113,1060,南開科技大學,09211035,長期照顧與管理系,N 修,B 四技,59,0,11,08 南投縣,2 技職
113,1060,南開科技大學,09211035,長期照顧與管理系,N 修,C 二技,92,0,36,08 南投縣,2 技職
113,1060,南開科技大學,10131030,餐飲管理系,D 日,B 四技,352,10,46,08 南投縣,2 技職
113,1060,南開科技大學,10131030,餐飲管理系,N 修,B 四技,54,0,7,08 南投縣,2 技職
113,1060,南開科技大學,10131033,休閒事業管理系碩士班,D 日,M 碩士,21,0,11,08 南投縣,2 技職
113,1060,南開科技大學,10131033,休閒事業管理系,D 日,B 四技,126,10,22,08 南投縣,2 技職
113,1060,南開科技大學,10131033,休閒事業管理系,N 修,B 四技,64,0,25,08 南投縣,2 技職
113,1060,南開科技大學,10131033,休閒事業管理系,N 修,C 二技,48,0,41,08 南投縣,2 技職
113,1060,南開科技大學,99999Z01,通識及共同科目,D 日,,0,13,0,08 南投縣,2 技職
113,1061,中華科技大學,02122002,文創與數位多媒體系,D 日,B 四技,37,2,17,30 臺北市,2 技職
113,1061,中華科技大學,02122002,文創與數位多媒體系,N 修,B 四技,10,1,4,30 臺北市,2 技職
113,1061,中華科技大學,04131003,企業管理系經營管理碩士班,D 日,M 碩士,0,0,3,30 臺北市,2 技職
113,1061,中華科技大學,04131003,企業管理系,D 日,B 四技,5,0,9,30 臺北市,2 技職
113,1061,中華科技大學,04131003,企業管理系,N 修,B 四技,2,0,7,30 臺北市,2 技職
113,1061,中華科技大學,04143036,行銷與流通管理系,D 日,B 四技,59,7,18,30 臺北市,2 技職
113,1061,中華科技大學,04143036,行銷與流通管理系,N 修,B 四技,36,1,0,30 臺北市,2 技職
113,1061,中華科技大學,04143036,行銷與流通管理系,N 修,C 二技,163,0,46,30 臺北市,2 技職
113,1061,中華科技大學,04143036,行銷與流通管理科,N 修,2 二專,20,0,8,30 臺北市,2 技職
113,1061,中華科技大學,04191039,企業資訊與管理系經營管理碩士班,D 日,M 碩士,54,0,19,30 臺北市,2 技職
113,1061,中華科技大學,04191039,企業資訊與管理系,D 日,B 四技,67,10,0,30 臺北市,2 技職
113,1061,中華科技大學,04191039,企業資訊與管理系,N 修,B 四技,49,1,0,30 臺北市,2 技職
113,1061,中華科技大學,04191039,企業資訊與管理系,N 修,C 二技,119,0,57,30 臺北市,2 技職
113,1061,中華科技大學,05121010,生物科技系,D 日,M 碩士,20,0,13,30 臺北市,2 技職
113,1061,中華科技大學,05121010,生物科技系健康科技碩士在職專班,N 職,M 碩士,19,0,6,30 臺北市,2 技職
113,1061,中華科技大學,05121010,生物科技系,D 日,B 四技,87,11,28,30 臺北市,2 技職
113,1061,中華科技大學,05121010,生物科技系,D 日,C 二技,30,0,30,30 臺北市,2 技職
113,1061,中華科技大學,05121010,生物科技系,N 修,C 二技,63,0,16,30 臺北市,2 技職
113,1061,中華科技大學,05121010,生物科技科,N 修,2 二專,32,0,11,30 臺北市,2 技職
113,1061,中華科技大學,06131012,資訊管理系,D 日,B 四技,6,0,13,30 臺北市,2 技職
113,1061,中華科技大學,06131012,資訊管理系,N 修,B 四技,2,0,9,30 臺北市,2 技職
113,1061,中華科技大學,06133001,遊戲系統創新設計系,D 日,B 四技,55,2,18,30 臺北市,2 技職
113,1061,中華科技大學,07141013,電機工程系,D 日,B 四技,4,0,24,30 臺北市,2 技職
113,1061,中華科技大學,07141013,電機工程系,N 修,B 四技,5,0,18,30 臺北市,2 技職
113,1061,中華科技大學,07141014,電子工程系,D 日,B 四技,4,0,24,30 臺北市,2 技職
113,1061,中華科技大學,07141014,電子工程系,N 修,B 四技,1,0,8,30 臺北市,2 技職
113,1061,中華科技大學,07141038,電機與資訊工程系碩士班,D 日,M 碩士,23,0,8,30 臺北市,2 技職
113,1061,中華科技大學,07141038,電機與資訊工程系,D 日,B 四技,117,8,0,30 臺北市,2 技職
113,1061,中華科技大學,07141038,電機與資訊工程系,N 修,B 四技,61,1,0,30 臺北市,2 技職
113,1061,中華科技大學,07141038,電機與資訊工程系,N 修,C 二技,99,0,48,30 臺北市,2 技職
113,1061,中華科技大學,07141038,電機與資訊工程科,N 修,2 二專,26,0,8,30 臺北市,2 技職
113,1061,中華科技大學,07141038,電機與資訊工程科,D 日,5 五專,22,0,0,30 臺北市,2 技職
113,1061,中華科技大學,07151017,機械工程系機電光碩士班,D 日,M 碩士,15,0,0,30 臺北市,2 技職
113,1061,中華科技大學,07151017,機械工程系機電光碩士在職專班,N 職,M 碩士,10,0,5,30 臺北市,2 技職
113,1061,中華科技大學,07151017,機械工程系,D 日,B 四技,84,10,48,30 臺北市,2 技職
113,1061,中華科技大學,07151017,機械工程系,N 修,B 四技,87,0,45,30 臺北市,2 技職
113,1061,中華科技大學,07151017,機械工程系,N 修,C 二技,55,0,0,30 臺北市,2 技職
113,1061,中華科技大學,07151017,機械工程科,N 修,2 二專,6,0,0,30 臺北市,2 技職
113,1061,中華科技大學,07151017,機械工程科,D 日,5 五專,12,0,0,30 臺北市,2 技職
113,1061,中華科技大學,07162015,航空電子系,D 日,B 四技,46,9,27,30 臺北市,2 技職
113,1061,中華科技大學,07162015,航空電子系,N 修,B 四技,108,1,12,30 臺北市,2 技職
113,1061,中華科技大學,07162019,航空機械系飛機系統工程碩士班,D 日,M 碩士,9,0,2,30 臺北市,2 技職
113,1061,中華科技大學,07162019,航空機械系,N 職,M 碩士,21,1,6,30 臺北市,2 技職
113,1061,中華科技大學,07162019,航空機械系,D 日,B 四技,228,11,138,30 臺北市,2 技職
113,1061,中華科技大學,07211028,食品科學系,D 日,B 四技,31,4,13,30 臺北市,2 技職
113,1061,中華科技大學,07311025,建築系,D 日,M 碩士,52,0,30,30 臺北市,2 技職
113,1061,中華科技大學,07311025,建築系,N 職,M 碩士,17,0,9,30 臺北市,2 技職
113,1061,中華科技大學,07311025,建築系,D 日,B 四技,85,9,16,30 臺北市,2 技職
113,1061,中華科技大學,07311025,建築系,N 修,B 四技,43,0,7,30 臺北市,2 技職
113,1061,中華科技大學,07311025,建築系,N 修,C 二技,97,0,47,30 臺北市,2 技職
113,1061,中華科技大學,07311025,建築科,D 日,5 五專,10,0,0,30 臺北市,2 技職
113,1061,中華科技大學,07321021,土木工程系,D 日,,0,2,0,30 臺北市,2 技職
113,1061,中華科技大學,07321021,土木工程系土木防災與管理碩士班,D 日,M 碩士,1,0,2,30 臺北市,2 技職
113,1061,中華科技大學,07321021,土木工程系土木防災與管理碩士班,N 職,M 碩士,1,0,0,30 臺北市,2 技職
113,1061,中華科技大學,07321021,土木工程系,D 日,B 四技,1,0,6,30 臺北市,2 技職
113,1061,中華科技大學,10131040,餐旅管理系,D 日,B 四技,322,7,25,30 臺北市,2 技職
113,1061,中華科技大學,10131040,餐旅管理系,N 修,B 四技,93,2,10,30 臺北市,2 技職
113,1061,中華科技大學,10131040,餐旅管理科,N 修,2 二專,15,0,8,30 臺北市,2 技職
113,1061,中華科技大學,10151035,觀光事業系,D 日,B 四技,11,0,15,30 臺北市,2 技職
113,1061,中華科技大學,10151035,觀光事業系,N 修,B 四技,1,0,2,30 臺北市,2 技職
113,1061,中華科技大學,10413033,航空服務管理系航空運輸管理碩士班,D 日,M 碩士,9,0,6,30 臺北市,2 技職
113,1061,中華科技大學,10413033,航空服務管理系航空運輸管理碩士在職專班,N 職,M 碩士,10,0,6,30 臺北市,2 技職
113,1061,中華科技大學,10413033,航空服務管理系,D 日,B 四技,89,11,41,30 臺北市,2 技職
113,1062,僑光科技大學,02122004,生活創意設計系,D 日,B 四技,218,9,82,19 臺中市,2 技職
113,1062,僑光科技大學,02122004,生活創意設計系,N 修,B 四技,93,0,46,19 臺中市,2 技職
113,1062,僑光科技大學,02123005,電腦輔助工業設計系,D 日,B 四技,118,3,77,19 臺中市,2 技職
113,1062,僑光科技大學,02123005,電腦輔助工業設計系,N 修,B 四技,78,0,49,19 臺中市,2 技職
113,1062,僑光科技大學,02311002,應用外語系,D 日,B 四技,139,9,57,19 臺中市,2 技職
113,1062,僑光科技大學,02311002,應用外語系,N 修,B 四技,53,0,22,19 臺中市,2 技職
113,1062,僑光科技大學,04121013,財務金融系碩士班,D 日,M 碩士,30,0,15,19 臺中市,2 技職
113,1062,僑光科技大學,04121013,財務金融系,D 日,B 四技,405,11,95,19 臺中市,2 技職
113,1062,僑光科技大學,04121013,財務金融系,N 修,B 四技,148,0,38,19 臺中市,2 技職
113,1062,僑光科技大學,04131009,企業管理系碩士班,D 日,M 碩士,11,0,10,19 臺中市,2 技職
113,1062,僑光科技大學,04131009,企業管理系碩士在職專班,N 職,M 碩士,89,0,17,19 臺中市,2 技職
113,1062,僑光科技大學,04131009,企業管理系,D 日,B 四技,290,14,76,19 臺中市,2 技職
113,1062,僑光科技大學,04131009,企業管理系,N 修,B 四技,319,1,51,19 臺中市,2 技職
113,1062,僑光科技大學,04131009,企業管理系,N 修,C 二技,1,0,0,19 臺中市,2 技職
113,1062,僑光科技大學,04132016,行銷與流通管理系,D 日,B 四技,627,23,140,19 臺中市,2 技職
113,1062,僑光科技大學,04132016,行銷與流通管理系,N 修,B 四技,539,0,144,19 臺中市,2 技職
113,1062,僑光科技大學,04141011,國際貿易系,D 日,B 四技,206,8,73,19 臺中市,2 技職
113,1062,僑光科技大學,04141011,國際貿易系,N 修,B 四技,53,1,18,19 臺中市,2 技職
113,1062,僑光科技大學,04212018,財經法律系,D 日,B 四技,387,10,77,19 臺中市,2 技職
113,1062,僑光科技大學,04212018,財經法律系,N 修,B 四技,117,0,19,19 臺中市,2 技職
113,1062,僑光科技大學,06131019,資訊科技系碩士班,D 日,M 碩士,24,0,10,19 臺中市,2 技職
113,1062,僑光科技大學,06131019,資訊科技系,D 日,B 四技,495,14,83,19 臺中市,2 技職
113,1062,僑光科技大學,06131019,資訊科技系,N 修,B 四技,301,2,53,19 臺中市,2 技職
113,1062,僑光科技大學,06133021,多媒體與遊戲設計系,D 日,B 四技,289,11,103,19 臺中市,2 技職
113,1062,僑光科技大學,06133021,多媒體與遊戲設計系,N 修,B 四技,166,0,27,19 臺中市,2 技職
113,1062,僑光科技大學,07151028,機械與電腦輔助工程系,D 日,B 四技,213,8,0,19 臺中市,2 技職
113,1062,僑光科技大學,07151028,機械與電腦輔助工程系,N 修,B 四技,164,0,0,19 臺中市,2 技職
113,1062,僑光科技大學,07151029,智慧自動化工程系,D 日,B 四技,1,0,23,19 臺中市,2 技職
113,1062,僑光科技大學,07151029,智慧自動化工程系,N 修,B 四技,0,0,15,19 臺中市,2 技職
113,1062,僑光科技大學,10131024,餐飲管理系,D 日,B 四技,753,18,171,19 臺中市,2 技職
113,1062,僑光科技大學,10131024,餐飲管理系,N 修,B 四技,483,0,118,19 臺中市,2 技職
113,1062,僑光科技大學,10131025,旅館與會展管理系,D 日,B 四技,235,9,76,19 臺中市,2 技職
113,1062,僑光科技大學,10131025,旅館與會展管理系,N 修,B 四技,100,0,25,19 臺中市,2 技職
113,1062,僑光科技大學,10151026,觀光與休閒事業管理系,D 日,B 四技,417,14,112,19 臺中市,2 技職
113,1062,僑光科技大學,10151026,觀光與休閒事業管理系,N 修,B 四技,433,1,111,19 臺中市,2 技職
113,1062,僑光科技大學,99999Z01,通識及共同科目,D 日,,0,20,0,19 臺中市,2 技職
113,1062,僑光科技大學,99999Z03,軍訓教官,D 日,,0,2,0,19 臺中市,2 技職
113,1063,育達科技大學,02122007,時尚造型設計系,D 日,B 四技,207,7,20,05 苗栗縣,2 技職
113,1063,育達科技大學,02122007,時尚造型設計系,N 修,B 四技,74,0,19,05 苗栗縣,2 技職
113,1063,育達科技大學,02122007,時尚造型設計系,N 修,C 二技,40,0,12,05 苗栗縣,2 技職
113,1063,育達科技大學,02311005,應用日語系,D 日,B 四技,18,2,22,05 苗栗縣,2 技職
113,1063,育達科技大學,04143022,行銷與流通管理系碩士班,D 日,M 碩士,23,6,5,05 苗栗縣,2 技職
113,1063,育達科技大學,04143022,行銷與流通管理系,N 職,M 碩士,31,0,18,05 苗栗縣,2 技職
113,1063,育達科技大學,04143022,行銷與流通管理系,D 日,B 四技,1,0,7,05 苗栗縣,2 技職
113,1063,育達科技大學,04143022,行銷與流通管理系,N 修,B 四技,42,3,12,05 苗栗縣,2 技職
113,1063,育達科技大學,04143022,行銷與流通管理系,N 修,C 二技,92,0,38,05 苗栗縣,2 技職
113,1063,育達科技大學,06131024,資訊管理系碩士班,D 日,M 碩士,46,4,9,05 苗栗縣,2 技職
113,1063,育達科技大學,06131024,資訊管理系,N 職,M 碩士,51,0,19,05 苗栗縣,2 技職
113,1063,育達科技大學,06131024,資訊管理系,N 修,B 四技,208,5,38,05 苗栗縣,2 技職
113,1063,育達科技大學,06131024,資訊管理系,N 修,C 二技,166,0,94,05 苗栗縣,2 技職
113,1063,育達科技大學,06131032,物聯網工程與應用學士學位學程,D 日,B 四技,250,3,23,05 苗栗縣,2 技職
113,1063,育達科技大學,06133026,多媒體與遊戲設計系,D 日,B 四技,49,1,30,05 苗栗縣,2 技職
113,1063,育達科技大學,07194040,智慧機電工程與應用系,D 日,B 四技,59,7,0,05 苗栗縣,2 技職
113,1063,育達科技大學,09221028,幼兒保育系,D 日,B 四技,134,7,26,05 苗栗縣,2 技職
113,1063,育達科技大學,09221028,幼兒保育系,N 修,C 二技,310,0,131,05 苗栗縣,2 技職
113,1063,育達科技大學,09231039,社會工作系,D 日,B 四技,66,7,21,05 苗栗縣,2 技職
113,1063,育達科技大學,09231039,社會工作系,N 修,C 二技,335,0,152,05 苗栗縣,2 技職
113,1063,育達科技大學,10131029,餐旅經營系,D 日,B 四技,408,7,44,05 苗栗縣,2 技職
113,1063,育達科技大學,10131029,餐旅經營系,N 修,B 四技,101,0,19,05 苗栗縣,2 技職
113,1063,育達科技大學,10151031,休閒事業管理系_現役軍人營區在職專班,N 職,M 碩士,3,0,0,05 苗栗縣,2 技職
113,1063,育達科技大學,10151031,休閒事業管理系_現役軍人營區在職專班,N 修,B 四技,0,0,1,05 苗栗縣,2 技職
113,1063,育達科技大學,10151038,觀光休閒管理系碩士班,D 日,M 碩士,48,0,19,05 苗栗縣,2 技職
113,1063,育達科技大學,10151038,觀光休閒管理系碩士在職專班,N 職,M 碩士,66,0,23,05 苗栗縣,2 技職
113,1063,育達科技大學,10151038,觀光休閒管理系,D 日,B 四技,312,9,24,05 苗栗縣,2 技職
113,1063,育達科技大學,10151038,觀光休閒管理系,N 修,B 四技,91,0,21,05 苗栗縣,2 技職
113,1063,育達科技大學,10151038,觀光休閒管理系,N 修,C 二技,70,0,37,05 苗栗縣,2 技職
113,1063,育達科技大學,10152030,休閒運動管理系,D 日,B 四技,85,1,32,05 苗栗縣,2 技職
113,1063,育達科技大學,99999Z01,通識及共同科目,D 日,,0,6,0,05 苗栗縣,2 技職
113,1064,美和科技大學,04131004,企業管理系經營管理碩士班,D 日,M 碩士,0,0,1,13 屏東縣,2 技職
113,1064,美和科技大學,04131004,企業管理系經營管理碩士在職專班,N 職,M 碩士,60,0,22,13 屏東縣,2 技職
113,1064,美和科技大學,04131004,企業管理系,D 日,B 四技,93,9,21,13 屏東縣,2 技職
113,1064,美和科技大學,04131004,企業管理系,N 修,C 二技,160,0,41,13 屏東縣,2 技職
113,1064,美和科技大學,04131004,企業管理科,N 修,2 二專,35,0,17,13 屏東縣,2 技職
113,1064,美和科技大學,04133007,健康事業管理系,D 日,B 四技,1,0,2,13 屏東縣,2 技職
113,1064,美和科技大學,05121008,生物科技系健康產業碩士班,D 日,M 碩士,0,0,4,13 屏東縣,2 技職
113,1064,美和科技大學,05121008,生物科技系,D 日,B 四技,0,0,13,13 屏東縣,2 技職
113,1064,美和科技大學,05191012,食品營養系,D 日,B 四技,105,7,47,13 屏東縣,2 技職
113,1064,美和科技大學,05191012,食品營養系,N 修,C 二技,44,0,22,13 屏東縣,2 技職
113,1064,美和科技大學,05191012,食品營養科,D 日,5 五專,91,0,7,13 屏東縣,2 技職
113,1064,美和科技大學,06111011,資訊管理科,N 修,2 二專,1,0,0,13 屏東縣,2 技職
113,1064,美和科技大學,06131010,資訊科技系,D 日,B 四技,66,6,30,13 屏東縣,2 技職
113,1064,美和科技大學,06131010,資訊科技系,N 修,B 四技,8,0,10,13 屏東縣,2 技職
113,1064,美和科技大學,09111033,口腔衛生學科,D 日,5 五專,49,5,0,13 屏東縣,2 技職
113,1064,美和科技大學,09131013,護理系健康照護碩士班,D 日,M 碩士,24,0,4,13 屏東縣,2 技職
113,1064,美和科技大學,09131013,護理系,N 職,M 碩士,64,0,45,13 屏東縣,2 技職
113,1064,美和科技大學,09131013,護理系,D 日,B 四技,226,60,92,13 屏東縣,2 技職
113,1064,美和科技大學,09131013,護理系,N 修,B 四技,112,4,40,13 屏東縣,2 技職
113,1064,美和科技大學,09131013,護理系,D 日,C 二技,148,0,76,13 屏東縣,2 技職
113,1064,美和科技大學,09131013,護理系,N 修,C 二技,297,0,175,13 屏東縣,2 技職
113,1064,美和科技大學,09131013,護理科,D 日,5 五專,863,0,186,13 屏東縣,2 技職
113,1064,美和科技大學,09211034,跨專業長期照護碩士學位學程,D 日,M 碩士,24,2,0,13 屏東縣,2 技職
113,1064,美和科技大學,09231016,社會工作系碩士班,D 日,M 碩士,93,0,6,13 屏東縣,2 技職
113,1064,美和科技大學,09231016,社會工作系,D 日,B 四技,132,14,37,13 屏東縣,2 技職
113,1064,美和科技大學,09231016,社會工作系,N 修,B 四技,126,0,39,13 屏東縣,2 技職
113,1064,美和科技大學,09231016,社會工作系,N 修,C 二技,443,0,235,13 屏東縣,2 技職
113,1064,美和科技大學,10121021,美容系,D 日,B 四技,69,9,14,13 屏東縣,2 技職
113,1064,美和科技大學,10121021,美容科,D 日,5 五專,278,0,34,13 屏東縣,2 技職
113,1064,美和科技大學,10131018,餐旅管理系,D 日,B 四技,213,11,54,13 屏東縣,2 技職
113,1064,美和科技大學,10131018,餐旅管理系,N 修,B 四技,8,0,12,13 屏東縣,2 技職
113,1064,美和科技大學,10131018,餐旅管理系,D 日,C 二技,14,0,0,13 屏東縣,2 技職
113,1064,美和科技大學,10131018,餐旅管理科,D 日,5 五專,154,0,23,13 屏東縣,2 技職
113,1064,美和科技大學,10151019,觀光系,D 日,B 四技,92,7,11,13 屏東縣,2 技職
113,1064,美和科技大學,10151019,觀光系,N 修,B 四技,0,0,1,13 屏東縣,2 技職
113,1064,美和科技大學,10151019,觀光系,N 修,C 二技,72,0,28,13 屏東縣,2 技職
113,1064,美和科技大學,10151019,觀光科,D 日,5 五專,55,0,22,13 屏東縣,2 技職
113,1064,美和科技大學,10152032,運動與休閒管理系碩士班,D 日,M 碩士,34,0,12,13 屏東縣,2 技職
113,1064,美和科技大學,10152032,運動與休閒管理系,D 日,B 四技,162,9,25,13 屏東縣,2 技職
113,1064,美和科技大學,10152032,運動與休閒管理科,N 修,2 二專,44,0,17,13 屏東縣,2 技職
113,1064,美和科技大學,99999Z01,通識及共同科目,D 日,,0,10,0,13 屏東縣,2 技職
113,1064,美和科技大學,99999Z03,軍訓教官,D 日,,0,19,0,13 屏東縣,2 技職
113,1065,吳鳳科技大學,01121023,幼兒保育系,D 日,B 四技,115,8,30,10 嘉義縣,2 技職
113,1065,吳鳳科技大學,01121023,幼兒保育系,N 修,C 二技,205,0,83,10 嘉義縣,2 技職
113,1065,吳鳳科技大學,01121023,幼兒保育科,N 修,2 二專,71,0,28,10 嘉義縣,2 技職
113,1065,吳鳳科技大學,02112005,應用數位媒體系碩士在職專班,N 職,M 碩士,0,0,23,10 嘉義縣,2 技職
113,1065,吳鳳科技大學,02112005,應用數位媒體系,D 日,B 四技,30,0,93,10 嘉義縣,2 技職
113,1065,吳鳳科技大學,02112005,應用數位媒體系,N 修,C 二技,0,0,22,10 嘉義縣,2 技職
113,1065,吳鳳科技大學,02311003,應用日語系,D 日,B 四技,1,0,7,10 嘉義縣,2 技職
113,1065,吳鳳科技大學,04131036,茶文化事業經營管理系,N 修,B 四技,2,0,0,10 嘉義縣,2 技職
113,1065,吳鳳科技大學,04132011,行銷與流通管理系,D 日,B 四技,1,0,10,10 嘉義縣,2 技職
113,1065,吳鳳科技大學,04132011,行銷與流通管理系,N 修,B 四技,0,0,16,10 嘉義縣,2 技職
113,1065,吳鳳科技大學,04199013,安全科技與管理系,D 日,B 四技,21,1,10,10 嘉義縣,2 技職
113,1065,吳鳳科技大學,06134035,數位科技與媒體設計系碩士在職專班,N 職,M 碩士,39,0,0,10 嘉義縣,2 技職
113,1065,吳鳳科技大學,06134035,數位科技與媒體設計系,D 日,B 四技,211,9,0,10 嘉義縣,2 技職
113,1065,吳鳳科技大學,06134035,數位科技與媒體設計系,N 修,C 二技,50,0,0,10 嘉義縣,2 技職
113,1065,吳鳳科技大學,07141016,電機工程系光機電暨材料碩士班,D 日,M 碩士,15,0,11,10 嘉義縣,2 技職
113,1065,吳鳳科技大學,07141016,電機工程系,D 日,B 四技,450,13,102,10 嘉義縣,2 技職
113,1065,吳鳳科技大學,07141016,電機工程系,N 修,B 四技,86,1,10,10 嘉義縣,2 技職
113,1065,吳鳳科技大學,07141016,電機工程系,N 修,C 二技,99,0,32,10 嘉義縣,2 技職
113,1065,吳鳳科技大學,07141016,電機工程科,N 修,2 二專,38,0,26,10 嘉義縣,2 技職
113,1065,吳鳳科技大學,07151019,機械工程系,D 日,B 四技,70,0,30,10 嘉義縣,2 技職
113,1065,吳鳳科技大學,07151019,機械工程系,N 修,B 四技,0,0,19,10 嘉義縣,2 技職
113,1065,吳鳳科技大學,07151019,機械工程系,N 修,C 二技,0,0,39,10 嘉義縣,2 技職
113,1065,吳鳳科技大學,07151034,機械與智慧製造工程系,D 日,B 四技,111,6,0,10 嘉義縣,2 技職
113,1065,吳鳳科技大學,07151034,機械與智慧製造工程系,N 修,B 四技,61,1,0,10 嘉義縣,2 技職
113,1065,吳鳳科技大學,07151034,機械與智慧製造工程系,N 修,C 二技,50,0,0,10 嘉義縣,2 技職
113,1065,吳鳳科技大學,07151034,機械與智慧製造工程科,N 修,2 二專,9,0,0,10 嘉義縣,2 技職
113,1065,吳鳳科技大學,07161030,車輛科技與經營管理系,D 日,B 四技,1,0,25,10 嘉義縣,2 技職
113,1065,吳鳳科技大學,07161033,車輛工程系,D 日,B 四技,178,7,0,10 嘉義縣,2 技職
113,1065,吳鳳科技大學,07162032,人工智慧無人機科技系,D 日,B 四技,24,3,0,10 嘉義縣,2 技職
113,1065,吳鳳科技大學,09131031,長期照護與管理系,D 日,B 四技,29,3,8,10 嘉義縣,2 技職
113,1065,吳鳳科技大學,09131031,長期照護與管理系,N 修,C 二技,0,0,50,10 嘉義縣,2 技職
113,1065,吳鳳科技大學,10121028,美容美髮造型設計系,D 日,B 四技,36,3,22,10 嘉義縣,2 技職
113,1065,吳鳳科技大學,10121028,美容美髮造型設計系,N 修,C 二技,0,0,23,10 嘉義縣,2 技職
113,1065,吳鳳科技大學,10131024,餐旅管理系餐旅管理與餐飲安全碩士班,D 日,M 碩士,22,0,5,10 嘉義縣,2 技職
113,1065,吳鳳科技大學,10131024,餐旅管理系,D 日,B 四技,468,13,73,10 嘉義縣,2 技職
113,1065,吳鳳科技大學,10131024,餐旅管理系,N 修,B 四技,81,0,19,10 嘉義縣,2 技職
113,1065,吳鳳科技大學,10131024,餐旅管理系,N 修,C 二技,45,0,17,10 嘉義縣,2 技職
113,1065,吳鳳科技大學,10131037,烘焙管理系,N 修,B 四技,2,0,0,10 嘉義縣,2 技職
113,1065,吳鳳科技大學,10151025,觀光休閒管理系,D 日,B 四技,284,8,41,10 嘉義縣,2 技職
113,1065,吳鳳科技大學,10151025,觀光休閒管理系,N 修,B 四技,94,0,16,10 嘉義縣,2 技職
113,1065,吳鳳科技大學,10152027,休閒遊憩與運動管理系,D 日,B 四技,131,10,24,10 嘉義縣,2 技職
113,1065,吳鳳科技大學,10152027,休閒遊憩與運動管理系,N 修,B 四技,154,0,37,10 嘉義縣,2 技職
113,1065,吳鳳科技大學,10152027,休閒遊憩與運動管理系,N 修,C 二技,220,0,82,10 嘉義縣,2 技職
113,1065,吳鳳科技大學,10152027,休閒遊憩與運動管理科,N 修,2 二專,63,0,34,10 嘉義縣,2 技職
113,1065,吳鳳科技大學,10321029,消防系碩士在職專班,N 職,M 碩士,25,0,12,10 嘉義縣,2 技職
113,1065,吳鳳科技大學,10321029,消防系,D 日,B 四技,238,10,76,10 嘉義縣,2 技職
113,1065,吳鳳科技大學,10321029,消防系,N 修,B 四技,43,0,4,10 嘉義縣,2 技職
113,1065,吳鳳科技大學,10321029,消防系,N 修,C 二技,60,0,20,10 嘉義縣,2 技職
113,1065,吳鳳科技大學,99999Z01,通識及共同科目,D 日,,0,10,0,10 嘉義縣,2 技職
113,1065,吳鳳科技大學,99999Z03,軍訓教官,D 日,,0,2,0,10 嘉義縣,2 技職
113,1066,環球科技大學,02111038,數位媒體與產品設計系,D 日,B 四技,0,0,20,09 雲林縣,2 技職
113,1066,環球科技大學,02112003,視覺傳達設計系文化創意設計碩士班,D 日,M 碩士,0,0,9,09 雲林縣,2 技職
113,1066,環球科技大學,02112003,視覺傳達設計系,D 日,B 四技,0,0,2,09 雲林縣,2 技職
113,1066,環球科技大學,02311001,應用外語系,D 日,B 四技,0,0,7,09 雲林縣,2 技職
113,1066,環球科技大學,04121037,東南亞經貿與數位金融管理學士學位學程,D 日,B 四技,0,0,1,09 雲林縣,2 技職
113,1066,環球科技大學,04131011,企業管理系中小企業經營策略管理碩士班,D 日,M 碩士,0,0,12,09 雲林縣,2 技職
113,1066,環球科技大學,04131011,企業管理系,D 日,B 四技,0,0,16,09 雲林縣,2 技職
113,1066,環球科技大學,04131011,企業管理系,N 修,B 四技,0,0,22,09 雲林縣,2 技職
113,1066,環球科技大學,04131011,企業管理系,N 修,C 二技,0,0,39,09 雲林縣,2 技職
113,1066,環球科技大學,04131011,企業管理科,N 修,2 二專,0,0,18,09 雲林縣,2 技職
113,1066,環球科技大學,04134006,公共事務管理研究所,N 職,M 碩士,0,0,9,09 雲林縣,2 技職
113,1066,環球科技大學,04143021,行銷管理系,D 日,B 四技,0,0,20,09 雲林縣,2 技職
113,1066,環球科技大學,05211030,觀光與生態旅遊系環境資源管理碩士班,D 日,M 碩士,0,0,3,09 雲林縣,2 技職
113,1066,環球科技大學,06131035,資訊與電子商務管理系,D 日,B 四技,0,0,18,09 雲林縣,2 技職
113,1066,環球科技大學,06131035,資訊與電子商務管理系,N 修,B 四技,0,0,7,09 雲林縣,2 技職
113,1066,環球科技大學,07211024,生物技術系碩士班,D 日,M 碩士,0,0,1,09 雲林縣,2 技職
113,1066,環球科技大學,07211024,生物技術系,D 日,B 四技,0,0,7,09 雲林縣,2 技職
113,1066,環球科技大學,07211024,生物技術系,N 修,C 二技,0,0,1,09 雲林縣,2 技職
113,1066,環球科技大學,09221027,幼兒保育系,D 日,B 四技,0,0,3,09 雲林縣,2 技職
113,1066,環球科技大學,09221027,幼兒保育系,N 修,B 四技,0,0,11,09 雲林縣,2 技職
113,1066,環球科技大學,09221027,幼兒保育系,N 修,C 二技,0,0,44,09 雲林縣,2 技職
113,1066,環球科技大學,10121036,時尚造型設計系,D 日,B 四技,0,0,17,09 雲林縣,2 技職
113,1066,環球科技大學,10131028,餐飲廚藝系,D 日,B 四技,0,0,34,09 雲林縣,2 技職
113,1066,環球科技大學,10131029,觀光與餐飲旅館系,D 日,B 四技,0,0,30,09 雲林縣,2 技職
113,1066,環球科技大學,10131029,觀光與餐飲旅館系,N 修,B 四技,0,0,26,09 雲林縣,2 技職
113,1066,環球科技大學,10131029,觀光與餐飲旅館系,N 修,C 二技,0,0,14,09 雲林縣,2 技職
113,1066,環球科技大學,10131029,觀光與餐飲旅館科,N 修,2 二專,0,0,11,09 雲林縣,2 技職
113,1066,環球科技大學,10151030,觀光與生態旅遊系,D 日,B 四技,0,0,21,09 雲林縣,2 技職
113,1066,環球科技大學,10152032,運動保健與防護系,D 日,B 四技,0,0,18,09 雲林縣,2 技職
113,1069,修平科技大學,02112005,數位媒體設計系,D 日,B 四技,114,9,30,06 臺中市,2 技職
113,1069,修平科技大學,02311003,應用英語系,D 日,B 四技,5,0,21,06 臺中市,2 技職
113,1069,修平科技大學,02311003,應用英語系,N 修,C 二技,45,4,16,06 臺中市,2 技職
113,1069,修平科技大學,02311004,應用日語系,D 日,B 四技,182,9,61,06 臺中市,2 技職
113,1069,修平科技大學,02311004,應用日語系,N 修,C 二技,79,0,24,06 臺中市,2 技職
113,1069,修平科技大學,04131009,國際企業經營科,N 修,2 二專,2,0,0,06 臺中市,2 技職
113,1069,修平科技大學,04131030,企業經營管理系,D 日,B 四技,104,8,27,06 臺中市,2 技職
113,1069,修平科技大學,04131030,企業經營管理系,N 修,B 四技,92,1,25,06 臺中市,2 技職
113,1069,修平科技大學,04131030,企業經營管理系,N 修,C 二技,155,0,118,06 臺中市,2 技職
113,1069,修平科技大學,04132013,行銷與流通管理系,D 日,B 四技,36,5,33,06 臺中市,2 技職
113,1069,修平科技大學,04132013,行銷與流通管理系,N 修,B 四技,18,0,20,06 臺中市,2 技職
113,1069,修平科技大學,04199015,人力資源管理與發展系碩士班,D 日,M 碩士,56,0,24,06 臺中市,2 技職
113,1069,修平科技大學,04199015,人力資源管理與發展系,D 日,B 四技,95,9,25,06 臺中市,2 技職
113,1069,修平科技大學,06121018,資訊網路技術系,D 日,B 四技,19,1,20,06 臺中市,2 技職
113,1069,修平科技大學,06131017,資訊管理系,D 日,B 四技,110,8,38,06 臺中市,2 技職
113,1069,修平科技大學,06131017,資訊管理系,N 修,B 四技,43,0,12,06 臺中市,2 技職
113,1069,修平科技大學,06131017,資訊管理系,N 修,C 二技,68,0,19,06 臺中市,2 技職
113,1069,修平科技大學,07141019,電機工程系碩士班,D 日,M 碩士,13,0,4,06 臺中市,2 技職
113,1069,修平科技大學,07141019,電機工程系,D 日,B 四技,184,10,41,06 臺中市,2 技職
113,1069,修平科技大學,07141019,電機工程系,N 修,B 四技,122,0,45,06 臺中市,2 技職
113,1069,修平科技大學,07141019,電機工程系,N 修,C 二技,86,0,43,06 臺中市,2 技職
113,1069,修平科技大學,07141020,電子工程系,D 日,B 四技,212,10,35,06 臺中市,2 技職
113,1069,修平科技大學,07141020,電子工程系,N 修,B 四技,25,0,4,06 臺中市,2 技職
113,1069,修平科技大學,07151021,機械工程系精密機械與製造科技碩士班,D 日,M 碩士,9,0,2,06 臺中市,2 技職
113,1069,修平科技大學,07151021,機械工程系,D 日,B 四技,421,21,149,06 臺中市,2 技職
113,1069,修平科技大學,07151021,機械工程系,N 修,B 四技,392,0,125,06 臺中市,2 技職
113,1069,修平科技大學,07151021,機械工程系,N 修,C 二技,67,0,52,06 臺中市,2 技職
113,1069,修平科技大學,07191026,工業工程與管理系精實生產管理碩士班,D 日,M 碩士,11,0,4,06 臺中市,2 技職
113,1069,修平科技大學,07191026,工業工程與管理系,N 職,M 碩士,40,0,22,06 臺中市,2 技職
113,1069,修平科技大學,07191026,工業工程與管理系,D 日,B 四技,101,10,21,06 臺中市,2 技職
113,1069,修平科技大學,07191026,工業工程與管理系,N 修,B 四技,13,0,13,06 臺中市,2 技職
113,1069,修平科技大學,07191026,工業工程與管理系,N 修,C 二技,70,0,27,06 臺中市,2 技職
113,1069,修平科技大學,10151029,觀光與遊憩管理系,D 日,B 四技,369,10,34,06 臺中市,2 技職
113,1069,修平科技大學,99999Z01,通識及共同科目,D 日,,0,13,0,06 臺中市,2 技職
113,1070,長庚科技大學,05121001,健康產業科技研究所,D 日,M 碩士,21,6,10,03 桃園市,2 技職
113,1070,長庚科技大學,05191003,保健營養系,D 日,B 四技,341,10,79,03 桃園市,2 技職
113,1070,長庚科技大學,09131004,護理系碩士班,D 日,M 碩士,33,0,0,03 桃園市,2 技職
113,1070,長庚科技大學,09131004,護理系碩士在職專班,N 職,M 碩士,152,0,32,03 桃園市,2 技職
113,1070,長庚科技大學,09131004,護理系,D 日,B 四技,2376,210,605,03 桃園市,2 技職
113,1070,長庚科技大學,09131004,護理系,D 日,C 二技,1010,0,491,03 桃園市,2 技職
113,1070,長庚科技大學,09131004,護理系,N 修,C 二技,931,4,487,03 桃園市,2 技職
113,1070,長庚科技大學,09131006,呼吸照護系,D 日,C 二技,83,8,41,03 桃園市,2 技職
113,1070,長庚科技大學,09131010,高齡暨健康照護管理系碩士班,D 日,M 碩士,43,0,8,03 桃園市,2 技職
113,1070,長庚科技大學,09211010,高齡暨健康照護管理系,D 日,C 二技,95,14,45,03 桃園市,2 技職
113,1070,長庚科技大學,09211010,高齡暨健康照護管理系,N 修,C 二技,85,0,31,03 桃園市,2 技職
113,1070,長庚科技大學,09221008,幼兒保育系碩士班,D 日,M 碩士,5,0,0,03 桃園市,2 技職
113,1070,長庚科技大學,09221008,幼兒保育系,D 日,B 四技,309,16,78,03 桃園市,2 技職
113,1070,長庚科技大學,09221008,幼兒保育系,D 日,C 二技,69,0,46,03 桃園市,2 技職
113,1070,長庚科技大學,09221008,幼兒保育系,N 修,C 二技,86,0,77,03 桃園市,2 技職
113,1070,長庚科技大學,10121009,化妝品應用系,D 日,B 四技,198,8,48,03 桃園市,2 技職
113,1070,長庚科技大學,10121009,化妝品應用系,D 日,C 二技,151,0,77,03 桃園市,2 技職
113,1070,長庚科技大學,99999Z01,通識及共同科目,D 日,,0,46,0,03 桃園市,2 技職
113,1070,長庚科技大學,99999Z01,通識及共同科目,N 修,,0,1,0,03 桃園市,2 技職
113,1070,長庚科技大學,99999Z03,軍訓教官,D 日,,0,2,0,03 桃園市,2 技職
113,1071,臺北城市科技大學,02112004,數位多媒體設計系,D 日,B 四技,338,7,54,30 臺北市,2 技職
113,1071,臺北城市科技大學,02151001,流行音樂事業系,D 日,B 四技,493,10,77,30 臺北市,2 技職
113,1071,臺北城市科技大學,02152002,演藝事業系,D 日,B 四技,231,7,55,30 臺北市,2 技職
113,1071,臺北城市科技大學,02311003,應用外語系,D 日,B 四技,349,15,62,30 臺北市,2 技職
113,1071,臺北城市科技大學,02311003,應用外語系,N 修,B 四技,40,0,7,30 臺北市,2 技職
113,1071,臺北城市科技大學,02311003,應用外語科,D 日,5 五專,175,0,10,30 臺北市,2 技職
113,1071,臺北城市科技大學,04131007,企業管理系電子商務碩士班,D 日,M 碩士,26,0,5,30 臺北市,2 技職
113,1071,臺北城市科技大學,04131007,企業管理系,D 日,B 四技,281,16,75,30 臺北市,2 技職
113,1071,臺北城市科技大學,04131007,企業管理系,N 修,B 四技,73,1,19,30 臺北市,2 技職
113,1071,臺北城市科技大學,04131007,企業管理系,N 修,C 二技,143,0,64,30 臺北市,2 技職
113,1071,臺北城市科技大學,04131007,企業管理系,N 修,2 二專,118,0,48,30 臺北市,2 技職
113,1071,臺北城市科技大學,04143009,行銷與流通管理系,D 日,B 四技,365,14,58,30 臺北市,2 技職
113,1071,臺北城市科技大學,04143009,行銷與流通管理系,N 修,B 四技,37,0,0,30 臺北市,2 技職
113,1071,臺北城市科技大學,04143009,行銷與流通管理科,D 日,5 五專,31,0,18,30 臺北市,2 技職
113,1071,臺北城市科技大學,06131015,資訊工程系,D 日,B 四技,469,13,88,30 臺北市,2 技職
113,1071,臺北城市科技大學,06131015,資訊工程系_海外青年技術訓練班,D 日,2 二專,9,0,8,30 臺北市,2 技職
113,1071,臺北城市科技大學,06131015,資訊工程科,D 日,5 五專,148,0,16,30 臺北市,2 技職
113,1071,臺北城市科技大學,07141013,電機工程系,D 日,B 四技,368,16,97,30 臺北市,2 技職
113,1071,臺北城市科技大學,07141013,電機工程系,N 修,B 四技,86,2,19,30 臺北市,2 技職
113,1071,臺北城市科技大學,07141013,電機工程科,D 日,5 五專,123,0,18,30 臺北市,2 技職
113,1071,臺北城市科技大學,07141016,電腦與通訊工程系,D 日,B 四技,442,9,65,30 臺北市,2 技職
113,1071,臺北城市科技大學,07151017,機械工程系機電整合碩士班,D 日,M 碩士,29,0,3,30 臺北市,2 技職
113,1071,臺北城市科技大學,07151017,機械工程系,D 日,B 四技,472,15,134,30 臺北市,2 技職
113,1071,臺北城市科技大學,07151017,機械工程系,N 修,B 四技,112,0,28,30 臺北市,2 技職
113,1071,臺北城市科技大學,07151017,機械工程系,N 修,C 二技,31,0,17,30 臺北市,2 技職
113,1071,臺北城市科技大學,07151017,機械工程科,N 修,2 二專,16,0,14,30 臺北市,2 技職
113,1071,臺北城市科技大學,07151017,機械工程科,D 日,5 五專,14,0,12,30 臺北市,2 技職
113,1071,臺北城市科技大學,10121032,時尚造型事業系,D 日,B 四技,565,13,82,30 臺北市,2 技職
113,1071,臺北城市科技大學,10121032,時尚造型事業系,N 修,C 二技,61,0,35,30 臺北市,2 技職
113,1071,臺北城市科技大學,10121032,時尚造型事業科,N 修,2 二專,51,0,20,30 臺北市,2 技職
113,1071,臺北城市科技大學,10131021,旅館事業管理學士學位學程,D 日,B 四技,87,3,28,30 臺北市,2 技職
113,1071,臺北城市科技大學,10131023,烘焙創意與經營管理學士學位學程,D 日,B 四技,205,5,46,30 臺北市,2 技職
113,1071,臺北城市科技大學,10151024,觀光事業系,D 日,B 四技,709,10,87,30 臺北市,2 技職
113,1071,臺北城市科技大學,10151024,觀光事業系,N 修,B 四技,72,0,16,30 臺北市,2 技職
113,1071,臺北城市科技大學,10152027,休閒事業系碩士班,D 日,M 碩士,35,0,8,30 臺北市,2 技職
113,1071,臺北城市科技大學,10152027,休閒事業系,D 日,B 四技,435,14,72,30 臺北市,2 技職
113,1071,臺北城市科技大學,10152027,休閒事業系,N 修,B 四技,148,1,33,30 臺北市,2 技職
113,1071,臺北城市科技大學,10152027,休閒事業系,N 修,C 二技,93,0,34,30 臺北市,2 技職
113,1071,臺北城市科技大學,10152027,休閒事業科,N 修,2 二專,84,0,27,30 臺北市,2 技職
113,1071,臺北城市科技大學,10199031,餐飲事業系,D 日,B 四技,829,20,126,30 臺北市,2 技職
113,1071,臺北城市科技大學,10199031,餐飲事業系,N 修,B 四技,30,0,20,30 臺北市,2 技職
113,1071,臺北城市科技大學,10199031,餐飲事業系,N 修,C 二技,95,0,27,30 臺北市,2 技職
113,1071,臺北城市科技大學,10199031,餐飲事業科,N 修,2 二專,40,0,14,30 臺北市,2 技職
113,1071,臺北城市科技大學,10199031,餐飲事業科,D 日,5 五專,220,0,14,30 臺北市,2 技職
113,1072,敏實科技大學,06121010,資訊管理科,D 日,5 五專,0,0,9,04 新竹縣,2 技職
113,1072,敏實科技大學,06199029,人工智慧應用工程學士學位學程,D 日,B 四技,45,4,0,04 新竹縣,2 技職
113,1072,敏實科技大學,07151027,智慧製造工程系,D 日,B 四技,282,8,27,04 新竹縣,2 技職
113,1072,敏實科技大學,07151027,智慧製造工程系,N 修,B 四技,41,0,0,04 新竹縣,2 技職
113,1072,敏實科技大學,07161028,智慧車輛與能源系,D 日,B 四技,177,9,25,04 新竹縣,2 技職
113,1072,敏實科技大學,07161028,智慧車輛與能源系,N 修,B 四技,65,0,0,04 新竹縣,2 技職
113,1072,敏實科技大學,07191022,工業工程與管理系,D 日,B 四技,0,0,1,04 新竹縣,2 技職
113,1072,敏實科技大學,07191022,工業工程與管理科,D 日,5 五專,0,0,5,04 新竹縣,2 技職
113,1072,敏實科技大學,10131023,餐飲管理系,D 日,B 四技,291,10,20,04 新竹縣,2 技職
113,1072,敏實科技大學,10131023,餐飲管理系,N 修,B 四技,90,0,21,04 新竹縣,2 技職
113,1072,敏實科技大學,10131023,餐飲管理科,D 日,5 五專,80,0,10,04 新竹縣,2 技職
113,1072,敏實科技大學,10151024,觀光管理系,N 修,B 四技,0,0,1,04 新竹縣,2 技職
113,1072,敏實科技大學,10151024,觀光管理科,D 日,5 五專,0,0,1,04 新竹縣,2 技職
113,1072,敏實科技大學,99999Z01,通識及共同科目,D 日,,0,3,0,04 新竹縣,2 技職
113,1072,敏實科技大學,99999Z07,體育室,D 日,,0,1,0,04 新竹縣,2 技職
113,1073,醒吾科技大學,02112004,數位設計系,D 日,B 四技,161,9,45,01 新北市,2 技職
113,1073,醒吾科技大學,02112033,新媒體傳播系,D 日,B 四技,331,10,76,01 新北市,2 技職
113,1073,醒吾科技大學,02122003,時尚造形設計系,D 日,B 四技,218,9,56,01 新北市,2 技職
113,1073,醒吾科技大學,02122003,時尚造形設計系,N 修,B 四技,62,0,11,01 新北市,2 技職
113,1073,醒吾科技大學,02122003,時尚造形設計系,N 修,C 二技,23,0,8,01 新北市,2 技職
113,1073,醒吾科技大學,02123005,商業設計系,D 日,B 四技,149,8,41,01 新北市,2 技職
113,1073,醒吾科技大學,02151032,流行音樂創作系,D 日,B 四技,233,6,42,01 新北市,2 技職
113,1073,醒吾科技大學,02152031,表演藝術系,D 日,B 四技,376,14,77,01 新北市,2 技職
113,1073,醒吾科技大學,02152031,表演藝術系,N 修,B 四技,83,0,14,01 新北市,2 技職
113,1073,醒吾科技大學,02311002,應用英語系,D 日,B 四技,87,8,23,01 新北市,2 技職
113,1073,醒吾科技大學,02311002,應用英語科,D 日,5 五專,29,0,6,01 新北市,2 技職
113,1073,醒吾科技大學,04111018,理財經營管理系,D 日,B 四技,0,0,1,01 新北市,2 技職
113,1073,醒吾科技大學,04121016,財務金融系,D 日,B 四技,2,0,13,01 新北市,2 技職
113,1073,醒吾科技大學,04132019,行銷與流通管理系碩士班,D 日,M 碩士,17,0,7,01 新北市,2 技職
113,1073,醒吾科技大學,04132019,行銷與流通管理系,N 職,M 碩士,30,0,46,01 新北市,2 技職
113,1073,醒吾科技大學,04132019,行銷與流通管理系,D 日,B 四技,360,12,39,01 新北市,2 技職
113,1073,醒吾科技大學,04132019,行銷與流通管理系,N 修,B 四技,1,0,4,01 新北市,2 技職
113,1073,醒吾科技大學,04141015,國際商務系,D 日,B 四技,341,8,56,01 新北市,2 技職
113,1073,醒吾科技大學,04191008,時尚產業經營管理系,D 日,B 四技,230,9,45,01 新北市,2 技職
113,1073,醒吾科技大學,04199011,企業管理系,D 日,B 四技,395,14,35,01 新北市,2 技職
113,1073,醒吾科技大學,04199011,企業管理系,N 修,B 四技,109,0,19,01 新北市,2 技職
113,1073,醒吾科技大學,04199011,企業管理系,N 修,C 二技,225,0,91,01 新北市,2 技職
113,1073,醒吾科技大學,04199011,企業管理科,N 修,2 二專,30,0,16,01 新北市,2 技職
113,1073,醒吾科技大學,06121022,資訊管理系,D 日,B 四技,48,0,38,01 新北市,2 技職
113,1073,醒吾科技大學,06121022,資訊管理系,N 修,B 四技,0,0,1,01 新北市,2 技職
113,1073,醒吾科技大學,06134023,資訊科技應用系碩士班,D 日,M 碩士,6,0,0,01 新北市,2 技職
113,1073,醒吾科技大學,06134023,資訊科技應用系碩士在職專班,N 職,M 碩士,16,0,4,01 新北市,2 技職
113,1073,醒吾科技大學,06134023,資訊科技應用系,D 日,B 四技,373,11,50,01 新北市,2 技職
113,1073,醒吾科技大學,10131025,餐旅管理系,D 日,B 四技,739,21,175,01 新北市,2 技職
113,1073,醒吾科技大學,10131025,餐旅管理系,N 修,B 四技,137,2,15,01 新北市,2 技職
113,1073,醒吾科技大學,10131025,餐旅管理系,N 修,C 二技,11,0,21,01 新北市,2 技職
113,1073,醒吾科技大學,10151026,觀光休閒系碩士班,D 日,M 碩士,18,0,11,01 新北市,2 技職
113,1073,醒吾科技大學,10151026,觀光休閒系,D 日,B 四技,326,23,116,01 新北市,2 技職
113,1073,醒吾科技大學,10151026,觀光休閒系,N 修,B 四技,61,0,14,01 新北市,2 技職
113,1073,醒吾科技大學,10151026,觀光休閒系,N 修,C 二技,57,0,14,01 新北市,2 技職
113,1073,醒吾科技大學,10151026,觀光休閒科,N 修,2 二專,4,0,9,01 新北市,2 技職
113,1073,醒吾科技大學,10151026,觀光休閒科,D 日,5 五專,59,0,5,01 新北市,2 技職
113,1073,醒吾科技大學,10151030,旅運管理系,D 日,B 四技,273,8,37,01 新北市,2 技職
113,1073,醒吾科技大學,10151030,旅運管理系,N 修,B 四技,14,0,6,01 新北市,2 技職
113,1073,醒吾科技大學,99999Z01,通識及共同科目,D 日,,0,4,0,01 新北市,2 技職
113,1075,文藻外語大學,01131002,外語教學系外語文教事業發展碩士在職專班,N 職,M 碩士,25,0,5,50 高雄市,2 技職
113,1075,文藻外語大學,01131002,外語教學系,D 日,B 四技,282,12,74,50 高雄市,2 技職
113,1075,文藻外語大學,02199018,傳播藝術系創意藝術產業碩士在職專班,N 職,M 碩士,26,0,2,50 高雄市,2 技職
113,1075,文藻外語大學,02311005,外語文教事業發展研究所,D 日,M 碩士,3,0,3,50 高雄市,2 技職
113,1075,文藻外語大學,02311007,英國語文系碩士班,D 日,M 碩士,34,0,6,50 高雄市,2 技職
113,1075,文藻外語大學,02311007,英國語文系,D 日,B 四技,538,40,112,50 高雄市,2 技職
113,1075,文藻外語大學,02311007,英國語文系,N 修,B 四技,284,0,93,50 高雄市,2 技職
113,1075,文藻外語大學,02311007,英國語文系,D 日,C 二技,71,0,33,50 高雄市,2 技職
113,1075,文藻外語大學,02311007,英國語文系,N 修,C 二技,107,0,37,50 高雄市,2 技職
113,1075,文藻外語大學,02311007,英國語文科,D 日,5 五專,811,0,80,50 高雄市,2 技職
113,1075,文藻外語大學,02311009,法國語文系歐洲研究碩士班,D 日,M 碩士,16,0,0,50 高雄市,2 技職
113,1075,文藻外語大學,02311009,法國語文系,D 日,B 四技,255,14,64,50 高雄市,2 技職
113,1075,文藻外語大學,02311009,法國語文系,N 修,B 四技,6,0,4,50 高雄市,2 技職
113,1075,文藻外語大學,02311009,法國語文系,D 日,C 二技,1,0,0,50 高雄市,2 技職
113,1075,文藻外語大學,02311009,法國語文科,D 日,5 五專,246,0,37,50 高雄市,2 技職
113,1075,文藻外語大學,02311010,德國語文系,D 日,B 四技,180,16,50,50 高雄市,2 技職
113,1075,文藻外語大學,02311010,德國語文系,N 修,B 四技,5,0,10,50 高雄市,2 技職
113,1075,文藻外語大學,02311010,德國語文系,D 日,C 二技,0,0,3,50 高雄市,2 技職
113,1075,文藻外語大學,02311010,德國語文科,D 日,5 五專,239,0,77,50 高雄市,2 技職
113,1075,文藻外語大學,02311011,西班牙語文系,D 日,B 四技,243,16,65,50 高雄市,2 技職
113,1075,文藻外語大學,02311011,西班牙語文系,N 修,B 四技,12,0,23,50 高雄市,2 技職
113,1075,文藻外語大學,02311011,西班牙語文系,D 日,C 二技,0,0,7,50 高雄市,2 技職
113,1075,文藻外語大學,02311011,西班牙語文科,D 日,5 五專,239,0,36,50 高雄市,2 技職
113,1075,文藻外語大學,02311012,日本語文系,D 日,B 四技,551,27,154,50 高雄市,2 技職
113,1075,文藻外語大學,02311012,日本語文系,N 修,B 四技,303,0,71,50 高雄市,2 技職
113,1075,文藻外語大學,02311012,日本語文系,D 日,C 二技,66,0,26,50 高雄市,2 技職
113,1075,文藻外語大學,02311012,日本語文科,D 日,5 五專,491,0,37,50 高雄市,2 技職
113,1075,文藻外語大學,02312013,翻譯系碩士班,D 日,M 碩士,39,0,6,50 高雄市,2 技職
113,1075,文藻外語大學,02312013,翻譯系,D 日,B 四技,209,9,45,50 高雄市,2 技職
113,1075,文藻外語大學,02312013,翻譯系,D 日,C 二技,0,0,1,50 高雄市,2 技職
113,1075,文藻外語大學,02323004,應用華語文系華語文教學碩士班,D 日,M 碩士,59,0,6,50 高雄市,2 技職
113,1075,文藻外語大學,02323004,應用華語文系,D 日,B 四技,237,18,66,50 高雄市,2 技職
113,1075,文藻外語大學,03122016,國際事務系碩士班,D 日,M 碩士,31,0,6,50 高雄市,2 技職
113,1075,文藻外語大學,03122016,國際事務系,D 日,B 四技,238,9,62,50 高雄市,2 技職
113,1075,文藻外語大學,03143015,歐洲研究所,D 日,M 碩士,0,0,7,50 高雄市,2 技職
113,1075,文藻外語大學,03191026,東南亞學系碩士班,D 日,M 碩士,20,0,6,50 高雄市,2 技職
113,1075,文藻外語大學,03191026,東南亞學系,D 日,B 四技,160,9,35,50 高雄市,2 技職
113,1075,文藻外語大學,03211018,傳播藝術系,D 日,B 四技,288,9,66,50 高雄市,2 技職
113,1075,文藻外語大學,04131020,國際企業管理系碩士班,D 日,M 碩士,19,0,4,50 高雄市,2 技職
113,1075,文藻外語大學,04131020,國際企業管理系碩士班,N 職,M 碩士,1,0,0,50 高雄市,2 技職
113,1075,文藻外語大學,04131020,國際企業管理系,D 日,B 四技,244,9,40,50 高雄市,2 技職
113,1075,文藻外語大學,04131020,國際企業管理系,N 修,B 四技,35,0,19,50 高雄市,2 技職
113,1075,文藻外語大學,04141022,國際商務英語學士學位學程,N 修,B 四技,2,0,14,50 高雄市,2 技職
113,1075,文藻外語大學,04143032,新媒體國際行銷學士學位學程,D 日,B 四技,2,2,0,50 高雄市,2 技職
113,1075,文藻外語大學,06134024,數位內容應用與管理系,D 日,B 四技,229,9,57,50 高雄市,2 技職
113,1075,文藻外語大學,10151025,國際觀光與會展學士學位學程,N 修,B 四技,2,0,5,50 高雄市,2 技職
113,1075,文藻外語大學,99999Z01,通識及共同科目,D 日,,0,25,0,50 高雄市,2 技職
113,1075,文藻外語大學,99999Z03,軍訓教官,D 日,,0,2,0,50 高雄市,2 技職
113,1075,文藻外語大學,99999Z05,師資培育中心,D 日,,0,3,0,50 高雄市,2 技職
113,1075,文藻外語大學,99999Z07,體育室,D 日,,0,9,0,50 高雄市,2 技職
113,1075,文藻外語大學,99999Z08,語言中心,D 日,,0,7,0,50 高雄市,2 技職
113,1076,華夏科技大學,02112002,數位媒體設計系,D 日,B 四技,37,2,29,01 新北市,2 技職
113,1076,華夏科技大學,02112002,數位媒體設計系,N 修,B 四技,7,0,2,01 新北市,2 技職
113,1076,華夏科技大學,04131004,企業管理系,D 日,B 四技,65,4,33,01 新北市,2 技職
113,1076,華夏科技大學,04131004,企業管理系,N 修,B 四技,38,0,42,01 新北市,2 技職
113,1076,華夏科技大學,04131004,企業管理系,N 修,C 二技,3,0,56,01 新北市,2 技職
113,1076,華夏科技大學,04131004,企業管理科,N 修,2 二專,1,0,0,01 新北市,2 技職
113,1076,華夏科技大學,04199004,企業管理系資產與物業管理碩士班,D 日,M 碩士,5,0,1,01 新北市,2 技職
113,1076,華夏科技大學,04199004,企業管理系資產與物業管理碩士在職專班,N 職,M 碩士,7,0,6,01 新北市,2 技職
113,1076,華夏科技大學,04199005,資產與物業管理系_境外專班,N 職,M 碩士,0,0,1,01 新北市,2 技職
113,1076,華夏科技大學,06131009,資訊管理系,N 職,M 碩士,10,0,5,01 新北市,2 技職
113,1076,華夏科技大學,06131009,資訊管理系,D 日,B 四技,22,4,27,01 新北市,2 技職
113,1076,華夏科技大學,06131009,資訊管理系,N 修,B 四技,10,0,8,01 新北市,2 技職
113,1076,華夏科技大學,06131009,資訊管理系,D 日,C 二技,1,0,12,01 新北市,2 技職
113,1076,華夏科技大學,06131009,資訊管理系,N 修,C 二技,2,0,35,01 新北市,2 技職
113,1076,華夏科技大學,06131009,資訊管理科,D 日,5 五專,68,0,22,01 新北市,2 技職
113,1076,華夏科技大學,06131012,資訊工程系,D 日,B 四技,27,6,26,01 新北市,2 技職
113,1076,華夏科技大學,06131012,資訊工程系,N 修,B 四技,14,0,9,01 新北市,2 技職
113,1076,華夏科技大學,06131012,資訊工程系,N 修,C 二技,1,0,10,01 新北市,2 技職
113,1076,華夏科技大學,07141010,電機工程系,D 日,B 四技,19,3,9,01 新北市,2 技職
113,1076,華夏科技大學,07141010,電機工程系,N 修,B 四技,15,0,15,01 新北市,2 技職
113,1076,華夏科技大學,07141010,電機工程系,D 日,C 二技,1,0,13,01 新北市,2 技職
113,1076,華夏科技大學,07141010,電機工程系,N 修,C 二技,0,0,16,01 新北市,2 技職
113,1076,華夏科技大學,07141010,電機工程科,D 日,5 五專,72,0,22,01 新北市,2 技職
113,1076,華夏科技大學,07141016,智慧型機器人研究所,D 日,M 碩士,5,0,6,01 新北市,2 技職
113,1076,華夏科技大學,07141020,機器人學士學位學程,D 日,B 四技,0,0,1,01 新北市,2 技職
113,1076,華夏科技大學,07151013,機械工程系,D 日,B 四技,35,6,25,01 新北市,2 技職
113,1076,華夏科技大學,07151013,機械工程系,N 修,B 四技,4,0,17,01 新北市,2 技職
113,1076,華夏科技大學,07151013,機械工程系,N 修,C 二技,0,0,6,01 新北市,2 技職
113,1076,華夏科技大學,07151013,機械工程科,D 日,5 五專,37,0,5,01 新北市,2 技職
113,1076,華夏科技大學,07161021,智慧車輛系,D 日,B 四技,48,2,18,01 新北市,2 技職
113,1076,華夏科技大學,07161021,智慧車輛系,N 修,B 四技,50,0,20,01 新北市,2 技職
113,1076,華夏科技大學,07161021,智慧車輛系,N 修,C 二技,0,0,16,01 新北市,2 技職
113,1076,華夏科技大學,07311017,建築系,D 日,B 四技,29,3,22,01 新北市,2 技職
113,1076,華夏科技大學,07311017,建築系,N 修,B 四技,17,0,26,01 新北市,2 技職
113,1076,華夏科技大學,07311017,建築系,N 修,C 二技,1,0,17,01 新北市,2 技職
113,1076,華夏科技大學,07311017,建築科,D 日,5 五專,62,0,16,01 新北市,2 技職
113,1076,華夏科技大學,10121019,化妝品應用系,D 日,B 四技,49,4,23,01 新北市,2 技職
113,1076,華夏科技大學,10121019,化妝品應用系,N 修,B 四技,56,0,23,01 新北市,2 技職
113,1076,華夏科技大學,10121019,化妝品應用系,N 修,C 二技,4,0,23,01 新北市,2 技職
113,1076,華夏科技大學,10121019,化妝品應用科,N 修,2 二專,0,0,7,01 新北市,2 技職
113,1078,致理科技大學,02112012,多媒體設計系,D 日,B 四技,476,14,90,01 新北市,2 技職
113,1078,致理科技大學,02112012,多媒體設計系,N 修,B 四技,255,0,63,01 新北市,2 技職
113,1078,致理科技大學,02311010,應用英語系,D 日,B 四技,566,28,122,01 新北市,2 技職
113,1078,致理科技大學,02311010,應用英語系,N 修,B 四技,196,0,39,01 新北市,2 技職
113,1078,致理科技大學,02311010,應用英語科,D 日,5 五專,402,0,61,01 新北市,2 技職
113,1078,致理科技大學,02311011,應用日語系,D 日,B 四技,445,13,65,01 新北市,2 技職
113,1078,致理科技大學,02311011,應用日語系,N 修,B 四技,264,0,42,01 新北市,2 技職
113,1078,致理科技大學,04111013,會計資訊系,D 日,B 四技,535,17,108,01 新北市,2 技職
113,1078,致理科技大學,04111013,會計資訊系,N 修,B 四技,121,1,34,01 新北市,2 技職
113,1078,致理科技大學,04111013,會計資訊科,D 日,5 五專,231,0,24,01 新北市,2 技職
113,1078,致理科技大學,04121016,財務金融系,D 日,B 四技,720,29,163,01 新北市,2 技職
113,1078,致理科技大學,04121016,財務金融系,N 修,B 四技,258,0,63,01 新北市,2 技職
113,1078,致理科技大學,04121016,財務金融系,D 日,C 二技,111,0,45,01 新北市,2 技職
113,1078,致理科技大學,04121016,財務金融科,D 日,5 五專,278,0,32,01 新北市,2 技職
113,1078,致理科技大學,04131014,企業管理系服務業經營管理碩士班,D 日,M 碩士,35,0,9,01 新北市,2 技職
113,1078,致理科技大學,04131014,企業管理系服務業經營管理碩士在職專班,N 職,M 碩士,55,0,20,01 新北市,2 技職
113,1078,致理科技大學,04131014,企業管理系,D 日,B 四技,723,32,157,01 新北市,2 技職
113,1078,致理科技大學,04131014,企業管理系,N 修,B 四技,315,2,75,01 新北市,2 技職
113,1078,致理科技大學,04131014,企業管理系,N 修,C 二技,193,0,92,01 新北市,2 技職
113,1078,致理科技大學,04131014,企業管理科,D 日,5 五專,362,0,33,01 新北市,2 技職
113,1078,致理科技大學,04132019,行銷與流通管理系,D 日,B 四技,555,21,116,01 新北市,2 技職
113,1078,致理科技大學,04132019,行銷與流通管理系,N 修,B 四技,377,0,106,01 新北市,2 技職
113,1078,致理科技大學,04132019,行銷與流通管理系,D 日,C 二技,113,0,52,01 新北市,2 技職
113,1078,致理科技大學,04132019,行銷與流通管理系,N 修,C 二技,136,0,0,01 新北市,2 技職
113,1078,致理科技大學,04141015,國際貿易系國際經營與數位貿易碩士班,D 日,M 碩士,30,0,2,01 新北市,2 技職
113,1078,致理科技大學,04141015,國際貿易系,D 日,B 四技,628,25,145,01 新北市,2 技職
113,1078,致理科技大學,04141015,國際貿易系,N 修,B 四技,118,0,26,01 新北市,2 技職
113,1078,致理科技大學,04141015,國際貿易科,D 日,5 五專,281,0,28,01 新北市,2 技職
113,1078,致理科技大學,06111020,商務科技管理系,D 日,B 四技,417,10,88,01 新北市,2 技職
113,1078,致理科技大學,06111023,商務智慧與創新研究所,D 日,M 碩士,13,5,0,01 新北市,2 技職
113,1078,致理科技大學,06121021,資訊管理系,N 修,B 四技,197,0,52,01 新北市,2 技職
113,1078,致理科技大學,06131021,資訊管理系,D 日,B 四技,728,22,152,01 新北市,2 技職
113,1078,致理科技大學,10151018,休閒遊憩管理系,D 日,B 四技,536,13,99,01 新北市,2 技職
113,1078,致理科技大學,10151018,休閒遊憩管理系,N 修,B 四技,187,0,40,01 新北市,2 技職
113,1078,致理科技大學,99999Z01,通識及共同科目,D 日,,0,35,0,01 新北市,2 技職
113,1078,致理科技大學,99999Z01,通識及共同科目,N 修,,0,1,0,01 新北市,2 技職
113,1079,康寧大學,02111001,數位影視動畫科,D 日,5 五專,262,7,44,30 臺北市,1 一般
113,1079,康寧大學,02311003,應用外語科,D 日,5 五專,322,10,26,30 臺北市,1 一般
113,1079,康寧大學,04131011,企業管理學系,N 職,M 碩士,2,0,0,30 臺北市,1 一般
113,1079,康寧大學,04131011,企業管理學系,N 修,C 二技,40,0,16,30 臺北市,1 一般
113,1079,康寧大學,04131011,企業管理科,D 日,5 五專,161,7,15,30 臺北市,1 一般
113,1079,康寧大學,06131032,資訊管理科,D 日,5 五專,312,8,48,30 臺北市,1 一般
113,1079,康寧大學,09131042,護理科,D 日,5 五專,998,27,134,30 臺北市,1 一般
113,1079,康寧大學,09141045,視光科,N 修,2 二專,116,0,38,30 臺北市,1 一般
113,1079,康寧大學,09141045,視光科,D 日,5 五專,386,10,42,30 臺北市,1 一般
113,1079,康寧大學,09211062,長期照護學系,D 日,B 學士,68,7,19,30 臺北市,1 一般
113,1079,康寧大學,09221048,嬰幼兒保育學系,D 日,B 學士,69,15,22,30 臺北市,1 一般
113,1079,康寧大學,09221048,嬰幼兒保育學系,N 修,C 二技,155,0,76,30 臺北市,1 一般
113,1079,康寧大學,09221048,嬰幼兒保育科,N 修,2 二專,91,0,48,30 臺北市,1 一般
113,1079,康寧大學,09221048,嬰幼兒保育科,D 日,5 五專,257,0,55,30 臺北市,1 一般
113,1079,康寧大學,99999Z01,通識及共同科目,D 日,,0,3,0,30 臺北市,1 一般
113,1079,康寧大學,99999Z08,語言中心,D 日,,0,1,0,30 臺北市,1 一般
113,1080,宏國德霖科技大學,02123004,創意產品設計系,D 日,B 四技,69,3,24,01 新北市,2 技職
113,1080,宏國德霖科技大學,02123004,創意產品設計系,N 修,B 四技,6,0,4,01 新北市,2 技職
113,1080,宏國德霖科技大學,02124005,室內設計系,D 日,B 四技,91,8,22,01 新北市,2 技職
113,1080,宏國德霖科技大學,02124005,室內設計系,N 修,B 四技,30,0,6,01 新北市,2 技職
113,1080,宏國德霖科技大學,02124005,室內設計系,N 修,C 二技,50,0,13,01 新北市,2 技職
113,1080,宏國德霖科技大學,02311001,應用外語科,D 日,5 五專,177,0,18,01 新北市,2 技職
113,1080,宏國德霖科技大學,02311002,應用英語系,D 日,B 四技,29,13,9,01 新北市,2 技職
113,1080,宏國德霖科技大學,02311002,應用英語系,D 日,C 二技,47,0,17,01 新北市,2 技職
113,1080,宏國德霖科技大學,02311002,應用英語系,N 修,C 二技,42,0,24,01 新北市,2 技職
113,1080,宏國德霖科技大學,04131006,企業管理系碩士班,D 日,M 碩士,34,0,13,01 新北市,2 技職
113,1080,宏國德霖科技大學,04131006,企業管理系,D 日,B 四技,31,9,13,01 新北市,2 技職
113,1080,宏國德霖科技大學,04131006,企業管理系,N 修,B 四技,60,0,10,01 新北市,2 技職
113,1080,宏國德霖科技大學,04131006,企業管理系,N 修,C 二技,116,0,57,01 新北市,2 技職
113,1080,宏國德霖科技大學,04199011,不動產經營系,N 修,B 四技,59,5,17,01 新北市,2 技職
113,1080,宏國德霖科技大學,04199011,不動產經營系,N 修,C 二技,137,0,49,01 新北市,2 技職
113,1080,宏國德霖科技大學,04199025,會展活動管理系,D 日,B 四技,15,4,16,01 新北市,2 技職
113,1080,宏國德霖科技大學,04199025,會展活動管理系,N 修,B 四技,28,0,14,01 新北市,2 技職
113,1080,宏國德霖科技大學,06131014,資訊工程系,D 日,B 四技,310,13,27,01 新北市,2 技職
113,1080,宏國德霖科技大學,06131014,資訊工程系,N 修,B 四技,27,0,5,01 新北市,2 技職
113,1080,宏國德霖科技大學,06131014,資訊工程系,N 修,C 二技,47,0,25,01 新北市,2 技職
113,1080,宏國德霖科技大學,06131014,資訊工程科,D 日,5 五專,198,0,21,01 新北市,2 技職
113,1080,宏國德霖科技大學,06199015,電腦與通訊工程系,D 日,B 四技,92,7,13,01 新北市,2 技職
113,1080,宏國德霖科技大學,06199015,電腦與通訊工程系,N 修,B 四技,14,0,9,01 新北市,2 技職
113,1080,宏國德霖科技大學,06199015,電腦與通訊工程系,N 修,C 二技,50,0,16,01 新北市,2 技職
113,1080,宏國德霖科技大學,07151016,機械工程系,D 日,B 四技,182,8,19,01 新北市,2 技職
113,1080,宏國德霖科技大學,07151016,機械工程系,N 修,B 四技,47,0,14,01 新北市,2 技職
113,1080,宏國德霖科技大學,07151016,機械工程系,N 修,C 二技,55,0,24,01 新北市,2 技職
113,1080,宏國德霖科技大學,07151016,機械工程科,D 日,5 五專,101,0,8,01 新北市,2 技職
113,1080,宏國德霖科技大學,07311026,建築科,D 日,5 五專,124,2,5,01 新北市,2 技職
113,1080,宏國德霖科技大學,07321017,土木工程系,D 日,B 四技,102,9,10,01 新北市,2 技職
113,1080,宏國德霖科技大學,07321017,土木工程系,N 修,C 二技,239,0,73,01 新北市,2 技職
113,1080,宏國德霖科技大學,07321017,土木工程科,D 日,5 五專,97,0,9,01 新北市,2 技職
113,1080,宏國德霖科技大學,08121027,園藝系,D 日,B 四技,75,10,16,01 新北市,2 技職
113,1080,宏國德霖科技大學,10131020,餐旅管理系,D 日,B 四技,437,20,48,01 新北市,2 技職
113,1080,宏國德霖科技大學,10131020,餐旅管理系,N 修,B 四技,143,0,30,01 新北市,2 技職
113,1080,宏國德霖科技大學,10131020,餐旅管理系,N 修,C 二技,89,0,29,01 新北市,2 技職
113,1080,宏國德霖科技大學,10131020,餐旅管理科,D 日,5 五專,334,0,38,01 新北市,2 技職
113,1080,宏國德霖科技大學,10131021,餐飲廚藝系,D 日,B 四技,174,10,77,01 新北市,2 技職
113,1080,宏國德霖科技大學,10131021,餐飲廚藝系,N 修,B 四技,109,0,26,01 新北市,2 技職
113,1080,宏國德霖科技大學,10151022,休閒事業管理系,D 日,B 四技,112,11,57,01 新北市,2 技職
113,1080,宏國德霖科技大學,10151022,休閒事業管理系,N 修,B 四技,113,0,19,01 新北市,2 技職
113,1080,宏國德霖科技大學,99999Z01,通識及共同科目,D 日,,0,3,0,01 新北市,2 技職
113,1081,東方設計大學,02111003,影視藝術系,D 日,B 四技,0,0,22,12 高雄市,2 技職
113,1081,東方設計大學,02122014,流行商品設計系碩士班,D 日,M 碩士,0,0,1,12 高雄市,2 技職
113,1081,東方設計大學,02122014,流行商品設計系,D 日,B 四技,0,0,2,12 高雄市,2 技職
113,1081,東方設計大學,02122014,流行商品設計科,D 日,5 五專,0,0,2,12 高雄市,2 技職
113,1081,東方設計大學,02122018,文化創意設計研究所,D 日,D 博士,0,0,17,12 高雄市,2 技職
113,1081,東方設計大學,02122018,文化創意設計研究所,D 日,M 碩士,0,0,4,12 高雄市,2 技職
113,1081,東方設計大學,02122018,文化創意設計研究所,N 職,M 碩士,0,0,6,12 高雄市,2 技職
113,1081,東方設計大學,02123016,遊戲與玩具設計科,D 日,5 五專,0,0,5,12 高雄市,2 技職
113,1081,東方設計大學,02124017,室內設計系住居整合設計碩士班,D 日,M 碩士,0,0,1,12 高雄市,2 技職
113,1081,東方設計大學,02124017,室內設計系,D 日,B 四技,0,0,13,12 高雄市,2 技職
113,1081,東方設計大學,02124017,室內設計系,N 修,C 二技,0,0,6,12 高雄市,2 技職
113,1081,東方設計大學,02124017,室內設計科,D 日,5 五專,0,0,18,12 高雄市,2 技職
113,1081,東方設計大學,02141002,美術工藝系碩士班,D 日,M 碩士,0,0,9,12 高雄市,2 技職
113,1081,東方設計大學,02141002,美術工藝系,D 日,B 四技,0,0,12,12 高雄市,2 技職
113,1081,東方設計大學,02141002,美術工藝系美術專長,D 日,C 二技,0,0,3,12 高雄市,2 技職
113,1081,東方設計大學,02141002,美術工藝科,D 日,5 五專,0,0,13,12 高雄市,2 技職
113,1081,東方設計大學,02152006,表演藝術學位學程,D 日,B 四技,0,0,1,12 高雄市,2 技職
113,1081,東方設計大學,04143020,設計行銷系,D 日,B 四技,0,0,14,12 高雄市,2 技職
113,1081,東方設計大學,04143020,設計行銷系,N 修,C 二技,0,0,29,12 高雄市,2 技職
113,1081,東方設計大學,04143020,設計行銷科,N 修,2 二專,0,0,11,12 高雄市,2 技職
113,1081,東方設計大學,06132008,遊戲與動畫設計系,D 日,B 四技,0,0,3,12 高雄市,2 技職
113,1081,東方設計大學,06132008,遊戲與動畫設計科,D 日,5 五專,0,0,5,12 高雄市,2 技職
113,1081,東方設計大學,10121032,時尚美妝設計系碩士班,D 日,M 碩士,0,0,2,12 高雄市,2 技職
113,1081,東方設計大學,10131025,餐飲管理系,D 日,B 四技,0,0,11,12 高雄市,2 技職
113,1081,東方設計大學,10131025,餐飲管理系,N 修,B 四技,0,0,11,12 高雄市,2 技職
113,1081,東方設計大學,10131025,餐飲管理系,N 修,C 二技,0,0,3,12 高雄市,2 技職
113,1081,東方設計大學,10131025,餐飲管理科,D 日,5 五專,0,0,6,12 高雄市,2 技職
113,1081,東方設計大學,10151028,觀光與休閒事業管理系,D 日,B 四技,0,0,2,12 高雄市,2 技職
113,1082,崇右影藝科技大學,02111009,數位媒體設計系,D 日,B 四技,1,0,1,17 基隆市,2 技職
113,1082,崇右影藝科技大學,02112008,視覺傳達設計系,D 日,,0,1,0,17 基隆市,2 技職
113,1082,崇右影藝科技大學,02122007,時尚造型設計系,D 日,B 四技,64,9,22,17 基隆市,2 技職
113,1082,崇右影藝科技大學,02131001,攝影學士學位學程,D 日,B 四技,0,0,1,17 基隆市,2 技職
113,1082,崇右影藝科技大學,02152002,演藝事業系,D 日,B 四技,191,13,44,17 基隆市,2 技職
113,1082,崇右影藝科技大學,02152004,表演藝術系,D 日,B 四技,374,10,39,17 基隆市,2 技職
113,1082,崇右影藝科技大學,02191035,文化創意研究所,D 日,M 碩士,24,4,9,17 基隆市,2 技職
113,1082,崇右影藝科技大學,03211013,影視傳播系,D 日,B 四技,460,13,130,17 基隆市,2 技職
113,1082,崇右影藝科技大學,10151032,觀光旅遊管理系,D 日,,0,1,0,17 基隆市,2 技職
113,1082,崇右影藝科技大學,10151032,觀光旅遊管理系,D 日,B 四技,0,0,9,17 基隆市,2 技職
113,1082,崇右影藝科技大學,99999Z01,通識及共同科目,D 日,,0,1,0,17 基隆市,2 技職
113,1083,台北海洋科技大學,02112004,視覺傳達設計系,D 日,B 四技,23,3,25,01 新北市,2 技職
113,1083,台北海洋科技大學,02112004,視覺傳達設計科,D 日,5 五專,0,0,1,01 新北市,2 技職
113,1083,台北海洋科技大學,02122031,電競數位遊戲與動畫設計系,D 日,B 四技,167,8,15,01 新北市,2 技職
113,1083,台北海洋科技大學,02122031,電競數位遊戲與動畫設計系,D 日,C 二技,43,0,16,01 新北市,2 技職
113,1083,台北海洋科技大學,02122031,電競數位遊戲與動畫設計科,D 日,5 五專,171,0,20,01 新北市,2 技職
113,1083,台北海洋科技大學,02122037,新媒體互動科技應用學士學位學程,D 日,B 四技,25,2,0,01 新北市,2 技職
113,1083,台北海洋科技大學,02152034,演藝時尚事業管理系,D 日,B 四技,90,8,12,01 新北市,2 技職
113,1083,台北海洋科技大學,04199036,寵物業經營管理系,D 日,B 四技,224,7,42,01 新北市,2 技職
113,1083,台北海洋科技大學,04199036,寵物業經營管理系,N 修,C 二技,32,0,18,01 新北市,2 技職
113,1083,台北海洋科技大學,04199036,寵物業經營管理科,N 修,2 二專,0,0,1,01 新北市,2 技職
113,1083,台北海洋科技大學,07163012,輪機工程系,D 日,B 四技,188,7,27,01 新北市,2 技職
113,1083,台北海洋科技大學,07163012,輪機工程系,D 日,C 二技,14,0,21,01 新北市,2 技職
113,1083,台北海洋科技大學,07163012,輪機工程系_現役軍人營區在職專班,N 修,C 二技,50,0,50,01 新北市,2 技職
113,1083,台北海洋科技大學,07163012,輪機工程科,D 日,2 二專,0,0,8,01 新北市,2 技職
113,1083,台北海洋科技大學,07163012,輪機工程系,N 修,2 二專,33,0,41,01 新北市,2 技職
113,1083,台北海洋科技大學,07211030,食品健康科技系碩士班,D 日,M 碩士,3,0,11,01 新北市,2 技職
113,1083,台北海洋科技大學,07211030,食品健康科技系,D 日,B 四技,31,3,20,01 新北市,2 技職
113,1083,台北海洋科技大學,09211016,健康促進與銀髮保健系,D 日,B 四技,152,8,30,01 新北市,2 技職
113,1083,台北海洋科技大學,09211016,健康促進與銀髮保健系,N 修,B 四技,166,0,39,01 新北市,2 技職
113,1083,台北海洋科技大學,09211016,健康促進與銀髮保健系,N 修,C 二技,95,0,0,01 新北市,2 技職
113,1083,台北海洋科技大學,09231017,健康照顧社會工作系,D 日,B 四技,110,7,27,01 新北市,2 技職
113,1083,台北海洋科技大學,09231017,健康照顧社會工作系,N 修,C 二技,294,0,134,01 新北市,2 技職
113,1083,台北海洋科技大學,10131019,餐飲管理系,D 日,B 四技,252,12,31,01 新北市,2 技職
113,1083,台北海洋科技大學,10131019,餐飲管理系,N 修,B 四技,78,0,8,01 新北市,2 技職
113,1083,台北海洋科技大學,10131019,餐飲管理科,D 日,5 五專,119,0,8,01 新北市,2 技職
113,1083,台北海洋科技大學,10151032,海洋休閒觀光管理系碩士班,D 日,M 碩士,0,0,22,01 新北市,2 技職
113,1083,台北海洋科技大學,10151032,海洋休閒觀光管理系,D 日,B 四技,0,0,11,01 新北市,2 技職
113,1083,台北海洋科技大學,10151032,海洋休閒觀光管理系,D 日,C 二技,0,0,21,01 新北市,2 技職
113,1083,台北海洋科技大學,10151035,觀光旅遊事業管理系,D 日,B 四技,0,0,16,01 新北市,2 技職
113,1083,台北海洋科技大學,10151035,觀光旅遊事業管理科,D 日,5 五專,0,0,10,01 新北市,2 技職
113,1083,台北海洋科技大學,10151039,海洋運動休閒與觀光管理系碩士班,D 日,M 碩士,59,0,0,01 新北市,2 技職
113,1083,台北海洋科技大學,10151039,海洋運動休閒與觀光管理系,D 日,C 二技,31,0,0,01 新北市,2 技職
113,1083,台北海洋科技大學,10152024,海洋運動休閒系,D 日,B 四技,0,0,30,01 新北市,2 技職
113,1083,台北海洋科技大學,10152024,海洋運動休閒科,D 日,5 五專,0,0,14,01 新北市,2 技職
113,1083,台北海洋科技大學,10152039,海洋運動休閒與觀光管理系,D 日,B 四技,261,20,0,01 新北市,2 技職
113,1083,台北海洋科技大學,10152039,海洋運動休閒與觀光管理科,D 日,5 五專,199,0,0,01 新北市,2 技職
113,1083,台北海洋科技大學,10412033,海空物流與行銷管理系碩士班,D 日,M 碩士,0,0,23,01 新北市,2 技職
113,1083,台北海洋科技大學,10412033,海空物流與行銷管理系,D 日,B 四技,0,0,12,01 新北市,2 技職
113,1083,台北海洋科技大學,10412033,海空物流與行銷管理系,D 日,C 二技,0,0,13,01 新北市,2 技職
113,1083,台北海洋科技大學,10412033,海空物流與行銷管理系,N 修,C 二技,0,0,39,01 新北市,2 技職
113,1083,台北海洋科技大學,10412033,海空物流與行銷管理科,D 日,5 五專,0,0,15,01 新北市,2 技職
113,1083,台北海洋科技大學,10412038,航海與航運管理系碩士班,D 日,M 碩士,46,0,0,01 新北市,2 技職
113,1083,台北海洋科技大學,10412038,航海與航運管理系,D 日,C 二技,20,0,0,01 新北市,2 技職
113,1083,台北海洋科技大學,10412038,航海與航運管理系,N 修,C 二技,218,0,0,01 新北市,2 技職
113,1083,台北海洋科技大學,10412038,航海與航運管理系,D 日,5 五專,44,0,0,01 新北市,2 技職
113,1083,台北海洋科技大學,10414029,航海系,D 日,B 四技,0,0,70,01 新北市,2 技職
113,1083,台北海洋科技大學,10414029,航海系_現役軍人營區在職專班,N 修,C 二技,0,0,45,01 新北市,2 技職
113,1083,台北海洋科技大學,10414029,航海科,D 日,2 二專,0,0,1,01 新北市,2 技職
113,1083,台北海洋科技大學,10414029,航海科,N 修,2 二專,0,0,31,01 新北市,2 技職
113,1083,台北海洋科技大學,10414038,航海與航運管理系,D 日,B 四技,314,18,0,01 新北市,2 技職
113,1083,台北海洋科技大學,10414038,航海與航運管理系,N 修,2 二專,69,0,0,01 新北市,2 技職
113,1083,台北海洋科技大學,99999Z01,通識及共同科目,D 日,,0,9,0,01 新北市,2 技職
113,1083,台北海洋科技大學,99999Z03,軍訓教官,D 日,,0,6,0,01 新北市,2 技職
113,1083,台北海洋科技大學,99999Z03,軍訓教官,N 修,,0,1,0,01 新北市,2 技職
113,1084,亞東科技大學,02123001,工商業設計系,D 日,B 四技,309,10,72,01 新北市,2 技職
113,1084,亞東科技大學,04132003,行銷與流通管理系碩士班,D 日,M 碩士,17,0,7,01 新北市,2 技職
113,1084,亞東科技大學,04132003,行銷與流通管理系,D 日,B 四技,246,9,61,01 新北市,2 技職
113,1084,亞東科技大學,04133005,醫務管理系,D 日,B 四技,237,8,74,01 新北市,2 技職
113,1084,亞東科技大學,04199006,工業管理系,D 日,B 四技,393,11,55,01 新北市,2 技職
113,1084,亞東科技大學,06131008,資訊管理系,D 日,B 四技,220,8,56,01 新北市,2 技職
113,1084,亞東科技大學,07141009,電機工程系,D 日,B 四技,404,14,110,01 新北市,2 技職
113,1084,亞東科技大學,07141010,電子工程系,D 日,B 四技,404,10,85,01 新北市,2 技職
113,1084,亞東科技大學,07141012,通訊工程系碩士班,D 日,M 碩士,27,0,4,01 新北市,2 技職
113,1084,亞東科技大學,07141012,通訊工程系,D 日,B 四技,381,10,63,01 新北市,2 技職
113,1084,亞東科技大學,07151014,機械工程系,D 日,B 四技,633,15,123,01 新北市,2 技職
113,1084,亞東科技大學,07192019,材料與纖維系_纖維與材料應用產業研發碩士專班,D 日,M 碩士,1,0,0,01 新北市,2 技職
113,1084,亞東科技大學,07192025,材料織品服裝系應用科技碩士班,D 日,M 碩士,11,0,8,01 新北市,2 技職
113,1084,亞東科技大學,07192025,材料織品服裝系,D 日,B 四技,238,11,70,01 新北市,2 技職
113,1084,亞東科技大學,09131021,護理系碩士班,D 日,M 碩士,5,0,0,01 新北市,2 技職
113,1084,亞東科技大學,09131021,護理系,D 日,B 四技,124,14,12,01 新北市,2 技職
113,1084,亞東科技大學,09131021,護理系,D 日,C 二技,171,0,86,01 新北市,2 技職
113,1084,亞東科技大學,09131021,護理系,N 修,C 二技,129,0,52,01 新北市,2 技職
113,1084,亞東科技大學,99999Z01,通識及共同科目,D 日,,0,11,0,01 新北市,2 技職
113,1084,亞東科技大學,99999Z03,軍訓教官,D 日,,0,2,0,01 新北市,2 技職
113,1125,中信金融管理學院,04121014,財務金融學系,D 日,B 學士,150,7,45,21 臺南市,1 一般
113,1125,中信金融管理學院,04121036,智慧金融博士學位學程,D 日,D 博士,3,2,0,21 臺南市,1 一般
113,1125,中信金融管理學院,04121038,金融創新實務產業碩士專班,D 日,M 碩士,25,0,0,21 臺南市,1 一般
113,1125,中信金融管理學院,04131012,企業管理學系金融管理碩士班,D 日,M 碩士,49,0,38,21 臺南市,1 一般
113,1125,中信金融管理學院,04131012,企業管理學系金融管理碩士在職專班,N 職,M 碩士,49,0,19,21 臺南市,1 一般
113,1125,中信金融管理學院,04131012,企業管理學系,D 日,B 學士,125,11,28,21 臺南市,1 一般
113,1125,中信金融管理學院,04133037,智慧健康管理碩士學位學程,D 日,M 碩士,10,2,0,21 臺南市,1 一般
113,1125,中信金融管理學院,04199032,金融管理學院學士班,D 日,B 學士,170,2,37,21 臺南市,1 一般
113,1125,中信金融管理學院,04212022,財經法律學系,D 日,M 碩士,23,0,9,21 臺南市,1 一般
113,1125,中信金融管理學院,04212022,財經法律學系,D 日,B 學士,121,9,35,21 臺南市,1 一般
113,1125,中信金融管理學院,06131033,人工智慧學系,D 日,B 學士,82,7,28,21 臺南市,1 一般
113,1125,中信金融管理學院,06131034,科技金融研究所,D 日,M 碩士,27,5,15,21 臺南市,1 一般
113,1125,中信金融管理學院,10152035,運動產業管理學士學位學程,D 日,B 學士,83,2,0,21 臺南市,1 一般
113,1125,中信金融管理學院,99999Z01,通識及共同科目,D 日,,0,7,0,21 臺南市,1 一般
113,1125,中信金融管理學院,99999Z03,軍訓教官,D 日,,0,1,0,21 臺南市,1 一般
113,1148,大漢技術學院,04131005,企業管理系流通與行銷管理碩士班,D 日,M 碩士,21,3,15,15 花蓮縣,2 技職
113,1148,大漢技術學院,04131005,企業管理系,N 修,B 四技,23,4,9,15 花蓮縣,2 技職
113,1148,大漢技術學院,04131005,企業管理系,N 修,C 二技,25,0,30,15 花蓮縣,2 技職
113,1148,大漢技術學院,04131005,企業管理科,N 修,2 二專,0,0,11,15 花蓮縣,2 技職
113,1148,大漢技術學院,07151017,機械工程系,D 日,B 四技,2,0,6,15 花蓮縣,2 技職
113,1148,大漢技術學院,07321019,土木工程與環境資源管理系碩士班,D 日,M 碩士,19,5,8,15 花蓮縣,2 技職
113,1148,大漢技術學院,07321019,土木工程與環境資源管理系,D 日,B 四技,1,0,3,15 花蓮縣,2 技職
113,1148,大漢技術學院,07321019,土木工程與環境資源管理系,N 修,B 四技,38,1,24,15 花蓮縣,2 技職
113,1148,大漢技術學院,07321019,土木工程與環境資源管理系,N 修,C 二技,37,0,15,15 花蓮縣,2 技職
113,1148,大漢技術學院,07321019,土木工程與環境資源管理科,N 修,2 二專,0,0,9,15 花蓮縣,2 技職
113,1148,大漢技術學院,10152028,休閒遊憩與觀光餐旅管理系,D 日,B 四技,52,5,21,15 花蓮縣,2 技職
113,1148,大漢技術學院,10152028,休閒遊憩與觀光餐旅管理系,N 修,B 四技,53,2,24,15 花蓮縣,2 技職
113,1148,大漢技術學院,10152028,休閒遊憩與觀光餐旅管理系,N 修,C 二技,25,0,21,15 花蓮縣,2 技職
113,1148,大漢技術學院,10152028,休閒遊憩與觀光餐旅管理科,N 修,2 二專,14,0,10,15 花蓮縣,2 技職
113,1148,大漢技術學院,99999Z01,通識及共同科目,D 日,,0,4,0,15 花蓮縣,2 技職
113,1168,南亞技術學院,02124005,室內設計系,D 日,B 四技,81,7,18,03 桃園市,2 技職
113,1168,南亞技術學院,02124005,室內設計系,N 修,B 四技,0,0,1,03 桃園市,2 技職
113,1168,南亞技術學院,02124005,室內設計科,D 日,5 五專,25,0,5,03 桃園市,2 技職
113,1168,南亞技術學院,04131006,企業管理系,D 日,B 四技,42,7,14,03 桃園市,2 技職
113,1168,南亞技術學院,04131006,企業管理系,N 修,C 二技,111,0,49,03 桃園市,2 技職
113,1168,南亞技術學院,06131011,資訊工程系,D 日,B 四技,169,7,41,03 桃園市,2 技職
113,1168,南亞技術學院,07121030,環境科技與管理系,D 日,B 四技,19,1,24,03 桃園市,2 技職
113,1168,南亞技術學院,07151012,機械工程系,D 日,B 四技,173,8,49,03 桃園市,2 技職
113,1168,南亞技術學院,07151012,機械工程系,N 修,B 四技,34,1,20,03 桃園市,2 技職
113,1168,南亞技術學院,07151012,機械工程系,N 修,C 二技,48,0,45,03 桃園市,2 技職
113,1168,南亞技術學院,07161013,車輛工程科,D 日,5 五專,16,0,7,03 桃園市,2 技職
113,1168,南亞技術學院,09221024,幼兒保育系,D 日,B 四技,81,16,28,03 桃園市,2 技職
113,1168,南亞技術學院,09221024,幼兒保育系,N 修,B 四技,85,0,14,03 桃園市,2 技職
113,1168,南亞技術學院,09221024,幼兒保育系,N 修,C 二技,607,0,274,03 桃園市,2 技職
113,1168,南亞技術學院,09221024,幼兒保育科,N 修,2 二專,89,0,0,03 桃園市,2 技職
113,1168,南亞技術學院,10121031,美容與造型系,D 日,B 四技,2,0,14,03 桃園市,2 技職
113,1168,南亞技術學院,10121031,美容與造型科,D 日,5 五專,0,0,5,03 桃園市,2 技職
113,1168,南亞技術學院,10131025,餐旅管理系,D 日,B 四技,17,0,23,03 桃園市,2 技職
113,1168,南亞技術學院,10131026,餐飲廚藝管理系,D 日,B 四技,17,0,29,03 桃園市,2 技職
113,1168,南亞技術學院,10131026,餐飲廚藝管理系,N 修,B 四技,11,0,14,03 桃園市,2 技職
113,1168,南亞技術學院,10152032,休閒事業管理系,D 日,B 四技,21,0,20,03 桃園市,2 技職
113,1168,南亞技術學院,10152032,休閒事業管理系,N 修,B 四技,1,0,14,03 桃園市,2 技職
113,1168,南亞技術學院,10152032,休閒事業管理系,N 修,C 二技,0,0,1,03 桃園市,2 技職
113,1168,南亞技術學院,10152033,休閒與餐旅管理系,D 日,B 四技,117,11,0,03 桃園市,2 技職
113,1168,南亞技術學院,10152033,休閒與餐旅管理系,N 修,B 四技,12,0,0,03 桃園市,2 技職
113,1168,南亞技術學院,10152033,休閒與餐旅管理系,N 修,C 二技,46,0,25,03 桃園市,2 技職
113,1183,黎明技術學院,02111027,影視傳播系,D 日,B 四技,138,7,41,01 新北市,2 技職
113,1183,黎明技術學院,02123004,創意產品設計系,D 日,B 四技,1,0,1,01 新北市,2 技職
113,1183,黎明技術學院,02125029,時尚設計系,D 日,B 四技,0,0,1,01 新北市,2 技職
113,1183,黎明技術學院,02125030,服飾設計系,D 日,B 四技,153,7,15,01 新北市,2 技職
113,1183,黎明技術學院,02152001,表演藝術系,D 日,B 四技,454,11,64,01 新北市,2 技職
113,1183,黎明技術學院,02152028,戲劇系,D 日,B 四技,127,7,16,01 新北市,2 技職
113,1183,黎明技術學院,02191001,表演藝術系,N 修,B 四技,67,0,6,01 新北市,2 技職
113,1183,黎明技術學院,04143007,時尚經營管理系,D 日,B 四技,0,0,44,01 新北市,2 技職
113,1183,黎明技術學院,04143007,時尚經營管理系,N 修,B 四技,0,0,31,01 新北市,2 技職
113,1183,黎明技術學院,04143032,數位行銷管理系,D 日,B 四技,123,7,0,01 新北市,2 技職
113,1183,黎明技術學院,04143032,數位行銷管理系,N 修,B 四技,119,0,0,01 新北市,2 技職
113,1183,黎明技術學院,06131008,資訊科技系,D 日,B 四技,0,0,1,01 新北市,2 技職
113,1183,黎明技術學院,06132010,數位多媒體系,D 日,B 四技,298,15,49,01 新北市,2 技職
113,1183,黎明技術學院,06132010,數位多媒體系,N 修,B 四技,249,0,0,01 新北市,2 技職
113,1183,黎明技術學院,06132010,數位多媒體科,D 日,5 五專,121,0,12,01 新北市,2 技職
113,1183,黎明技術學院,07141011,電機工程系,D 日,B 四技,357,17,46,01 新北市,2 技職
113,1183,黎明技術學院,07141011,電機工程系,N 修,B 四技,157,0,34,01 新北市,2 技職
113,1183,黎明技術學院,07141011,電機工程科,D 日,5 五專,181,0,8,01 新北市,2 技職
113,1183,黎明技術學院,07151015,機械工程系,D 日,B 四技,316,10,42,01 新北市,2 技職
113,1183,黎明技術學院,07151015,機械工程系,N 修,B 四技,112,0,24,01 新北市,2 技職
113,1183,黎明技術學院,07161026,車輛工程系,D 日,B 四技,148,7,25,01 新北市,2 技職
113,1183,黎明技術學院,07161026,車輛工程系,N 修,B 四技,228,0,52,01 新北市,2 技職
113,1183,黎明技術學院,07192031,織品技術管理研究所,D 日,M 碩士,24,5,0,01 新北市,2 技職
113,1183,黎明技術學院,10121024,化妝品應用系,D 日,B 四技,269,9,57,01 新北市,2 技職
113,1183,黎明技術學院,10121024,化妝品應用系,N 修,B 四技,163,0,31,01 新北市,2 技職
113,1183,黎明技術學院,10121024,化妝品應用系,N 修,C 二技,48,0,19,01 新北市,2 技職
113,1183,黎明技術學院,10131020,旅館管理系,D 日,B 四技,1,0,4,01 新北市,2 技職
113,1183,黎明技術學院,10131021,餐飲管理系,D 日,B 四技,540,15,96,01 新北市,2 技職
113,1183,黎明技術學院,10131021,餐飲管理系,N 修,B 四技,202,0,44,01 新北市,2 技職
113,1183,黎明技術學院,10151022,觀光休閒系,D 日,B 四技,328,8,46,01 新北市,2 技職
113,1183,黎明技術學院,99999Z01,通識及共同科目,D 日,,0,8,0,01 新北市,2 技職
113,1183,黎明技術學院,99999Z03,軍訓教官,D 日,,0,2,0,01 新北市,2 技職
113,1185,德育護理健康學院,04199001,健康產業管理研究所,D 日,M 碩士,13,8,5,17 基隆市,2 技職
113,1185,德育護理健康學院,04199001,健康產業管理研究所,N 職,M 碩士,60,0,19,17 基隆市,2 技職
113,1185,德育護理健康學院,07211007,食品保健系,D 日,B 四技,97,6,25,17 基隆市,2 技職
113,1185,德育護理健康學院,07211007,食品保健系,N 修,C 二技,0,0,14,17 基隆市,2 技職
113,1185,德育護理健康學院,09111021,口腔衛生照護系,D 日,B 四技,13,2,10,17 基隆市,2 技職
113,1185,德育護理健康學院,09111021,口腔衛生照護系,D 日,C 二技,8,0,0,17 基隆市,2 技職
113,1185,德育護理健康學院,09131009,護理系,D 日,B 四技,261,28,96,17 基隆市,2 技職
113,1185,德育護理健康學院,09131009,護理系,D 日,C 二技,101,0,46,17 基隆市,2 技職
113,1185,德育護理健康學院,09131009,護理系,N 修,C 二技,126,0,87,17 基隆市,2 技職
113,1185,德育護理健康學院,09131009,護理科,D 日,5 五專,364,0,55,17 基隆市,2 技職
113,1185,德育護理健康學院,09211022,高齡照顧福祉系,D 日,B 四技,118,7,13,17 基隆市,2 技職
113,1185,德育護理健康學院,09211022,高齡照顧福祉系,N 修,C 二技,114,0,48,17 基隆市,2 技職
113,1185,德育護理健康學院,09211022,高齡照顧福祉科,N 修,2 二專,82,0,32,17 基隆市,2 技職
113,1185,德育護理健康學院,09221011,幼兒保育系碩士班,D 日,M 碩士,24,0,10,17 基隆市,2 技職
113,1185,德育護理健康學院,09221011,幼兒保育系,D 日,B 四技,78,10,14,17 基隆市,2 技職
113,1185,德育護理健康學院,09221011,幼兒保育系,N 修,C 二技,291,0,131,17 基隆市,2 技職
113,1185,德育護理健康學院,09221011,幼兒保育科,N 修,2 二專,71,0,35,17 基隆市,2 技職
113,1185,德育護理健康學院,09221011,幼兒保育科,D 日,5 五專,100,0,13,17 基隆市,2 技職
113,1185,德育護理健康學院,10121016,美容流行設計系,D 日,B 四技,13,7,7,17 基隆市,2 技職
113,1185,德育護理健康學院,10121016,美容流行設計系,N 修,C 二技,16,0,21,17 基隆市,2 技職
113,1185,德育護理健康學院,10121016,美容流行設計科,D 日,5 五專,114,0,7,17 基隆市,2 技職
113,1185,德育護理健康學院,10131012,餐旅管理系_國際學生產學合作餐飲服務專班,D 日,B 四技,0,0,2,17 基隆市,2 技職
113,1185,德育護理健康學院,10131025,餐旅廚藝管理系,D 日,B 四技,597,17,62,17 基隆市,2 技職
113,1185,德育護理健康學院,10131025,餐旅廚藝管理系,N 修,C 二技,80,0,26,17 基隆市,2 技職
113,1185,德育護理健康學院,10131025,餐旅廚藝管理科,D 日,5 五專,318,0,42,17 基隆市,2 技職
113,1185,德育護理健康學院,10152020,觀光休閒與健康系,D 日,B 四技,66,7,11,17 基隆市,2 技職
113,1185,德育護理健康學院,10152020,觀光休閒與健康系,N 修,C 二技,42,0,19,17 基隆市,2 技職
113,1185,德育護理健康學院,99999Z01,通識及共同科目,D 日,,0,17,0,17 基隆市,2 技職
113,1185,德育護理健康學院,99999Z03,軍訓教官,D 日,,0,1,0,17 基隆市,2 技職
113,1188,大同技術學院,04131037,茶文化事業經營管理系,D 日,B 四技,0,0,4,20 嘉義市,2 技職
113,1188,大同技術學院,09231021,社會工作與服務管理系,D 日,B 四技,0,0,5,20 嘉義市,2 技職
113,1188,大同技術學院,09231021,社會工作與服務管理系,N 修,B 四技,0,0,15,20 嘉義市,2 技職
113,1188,大同技術學院,09231021,社會工作與服務管理系,N 修,C 二技,0,0,2,20 嘉義市,2 技職
113,1188,大同技術學院,10131024,餐飲管理系,D 日,B 四技,0,0,10,20 嘉義市,2 技職
113,1188,大同技術學院,10131024,餐飲管理系,N 修,B 四技,0,0,9,20 嘉義市,2 技職
113,1188,大同技術學院,10131024,餐飲管理系,N 修,C 二技,0,0,1,20 嘉義市,2 技職
113,1188,大同技術學院,10131025,烘焙管理系,D 日,B 四技,0,0,14,20 嘉義市,2 技職
113,1188,大同技術學院,10131025,烘焙管理系,N 修,B 四技,0,0,3,20 嘉義市,2 技職
113,1188,大同技術學院,10131025,烘焙管理科,D 日,5 五專,0,0,5,20 嘉義市,2 技職
113,1188,大同技術學院,10151029,旅遊與休閒娛樂管理系,D 日,B 四技,0,0,5,20 嘉義市,2 技職
113,1195,馬偕醫學院,05199001,生物醫學研究所,D 日,D 博士,13,0,2,01 新北市,1 一般
113,1195,馬偕醫學院,05199001,生物醫學研究所,D 日,M 碩士,7,7,2,01 新北市,1 一般
113,1195,馬偕醫學院,07193006,高齡福祉科技研究所,D 日,M 碩士,20,4,4,01 新北市,1 一般
113,1195,馬偕醫學院,09121002,醫學系,D 日,B 學士,279,70,44,01 新北市,1 一般
113,1195,馬偕醫學院,09131004,護理學系,D 日,M 碩士,12,0,0,01 新北市,1 一般
113,1195,馬偕醫學院,09131004,護理學系,D 日,B 學士,273,20,68,01 新北市,1 一般
113,1195,馬偕醫學院,09131004,護理學系,N 修,C 二技,57,0,15,01 新北市,1 一般
113,1195,馬偕醫學院,09131005,長期照護研究所,D 日,M 碩士,22,7,7,01 新北市,1 一般
113,1195,馬偕醫學院,09131005,長期照護研究所長期照護跨領域碩士在職專班,N 職,M 碩士,33,0,5,01 新北市,1 一般
113,1195,馬偕醫學院,09141007,視光學系,D 日,B 學士,59,5,0,01 新北市,1 一般
113,1195,馬偕醫學院,09141008,醫學檢驗暨再生醫學學系,D 日,B 學士,37,4,0,01 新北市,1 一般
113,1195,馬偕醫學院,09153003,聽力暨語言治療學系,D 日,M 碩士,8,0,6,01 新北市,1 一般
113,1195,馬偕醫學院,09153003,聽力暨語言治療學系,D 日,B 學士,166,13,31,01 新北市,1 一般
113,1195,馬偕醫學院,99999Z01,通識及共同科目,D 日,,0,7,0,01 新北市,1 一般
113,1196,法鼓文理學院,01199001,生命教育碩士學位學程,D 日,M 碩士,141,9,21,01 新北市,1 一般
113,1196,法鼓文理學院,01199001,生命教育學系,P 進,B 學士,35,0,0,01 新北市,1 一般
113,1196,法鼓文理學院,02211002,佛教學系,D 日,D 博士,29,0,0,01 新北市,1 一般
113,1196,法鼓文理學院,02211002,佛教學系,D 日,M 碩士,66,0,13,01 新北市,1 一般
113,1196,法鼓文理學院,02211002,佛教學系,D 日,B 學士,51,11,6,01 新北市,1 一般
113,1196,法鼓文理學院,03191003,社會企業與創新碩士學位學程,D 日,M 碩士,35,2,6,01 新北市,1 一般
113,1196,法鼓文理學院,04134006,社會企業與心靈環保碩士在職學位學程,N 職,M 碩士,32,2,0,01 新北市,1 一般
113,1196,法鼓文理學院,05211005,環境與發展碩士學位學程,D 日,M 碩士,1,0,1,01 新北市,1 一般
113,1282,馬偕醫護管理專科學校,02311001,應用外語科,D 日,5 五專,1,0,21,30 臺北市,2 技職
113,1282,馬偕醫護管理專科學校,06199011,人工智慧暨醫療應用科,D 日,5 五專,173,6,0,30 臺北市,2 技職
113,1282,馬偕醫護管理專科學校,09131003,護理科,D 日,5 五專,1872,68,360,30 臺北市,2 技職
113,1282,馬偕醫護管理專科學校,09141004,視光學科,N 修,2 二專,108,0,69,30 臺北市,2 技職
113,1282,馬偕醫護管理專科學校,09141004,視光學科,D 日,5 五專,486,14,78,30 臺北市,2 技職
113,1282,馬偕醫護管理專科學校,09211012,智慧科技長期照顧科,D 日,5 五專,107,5,0,30 臺北市,2 技職
113,1282,馬偕醫護管理專科學校,09221007,幼兒保育科,D 日,5 五專,345,8,54,30 臺北市,2 技職
113,1282,馬偕醫護管理專科學校,10121009,化妝品應用與管理科,D 日,5 五專,411,12,69,30 臺北市,2 技職
113,1282,馬偕醫護管理專科學校,10131008,餐飲管理科,D 日,5 五專,358,10,42,30 臺北市,2 技職
113,1282,馬偕醫護管理專科學校,99999010,生命關懷事業科,D 日,5 五專,185,6,0,30 臺北市,2 技職
113,1282,馬偕醫護管理專科學校,99999Z01,通識及共同科目,D 日,,0,17,0,30 臺北市,2 技職
113,1283,仁德醫護管理專科學校,06134003,行動數位商務科,D 日,5 五專,1,0,0,05 苗栗縣,2 技職
113,1283,仁德醫護管理專科學校,06199022,人工智慧暨醫療應用科,D 日,5 五專,45,7,0,05 苗栗縣,2 技職
113,1283,仁德醫護管理專科學校,09111020,口腔衛生學科,N 修,2 二專,24,0,18,05 苗栗縣,2 技職
113,1283,仁德醫護管理專科學校,09111020,口腔衛生學科,D 日,5 五專,202,7,29,05 苗栗縣,2 技職
113,1283,仁德醫護管理專科學校,09131011,護理科,D 日,5 五專,2319,94,405,05 苗栗縣,2 技職
113,1283,仁德醫護管理專科學校,09141013,視光學科,N 修,2 二專,51,0,44,05 苗栗縣,2 技職
113,1283,仁德醫護管理專科學校,09141013,視光學科,D 日,5 五專,184,9,41,05 苗栗縣,2 技職
113,1283,仁德醫護管理專科學校,09141014,醫事檢驗科,D 日,5 五專,432,14,72,05 苗栗縣,2 技職
113,1283,仁德醫護管理專科學校,09159001,復健科,D 日,5 五專,897,22,160,05 苗栗縣,2 技職
113,1283,仁德醫護管理專科學校,09161021,生技製藥經營管理科,D 日,5 五專,151,6,19,05 苗栗縣,2 技職
113,1283,仁德醫護管理專科學校,09171010,調理保健技術科,N 修,2 二專,199,2,69,05 苗栗縣,2 技職
113,1283,仁德醫護管理專科學校,09171010,調理保健技術科,D 日,5 五專,35,5,13,05 苗栗縣,2 技職
113,1283,仁德醫護管理專科學校,09191008,職業安全衛生科,D 日,5 五專,146,5,23,05 苗栗縣,2 技職
113,1283,仁德醫護管理專科學校,09211016,高齡健康促進科,N 修,2 二專,68,4,29,05 苗栗縣,2 技職
113,1283,仁德醫護管理專科學校,09221017,幼兒保育科,D 日,5 五專,52,3,19,05 苗栗縣,2 技職
113,1283,仁德醫護管理專科學校,09299004,生命關懷事業科,N 修,2 二專,59,0,15,05 苗栗縣,2 技職
113,1283,仁德醫護管理專科學校,09299004,生命關懷事業科,D 日,5 五專,321,9,20,05 苗栗縣,2 技職
113,1283,仁德醫護管理專科學校,10131018,餐旅管理科,D 日,5 五專,178,8,11,05 苗栗縣,2 技職
113,1283,仁德醫護管理專科學校,10199019,健康美容觀光科,D 日,5 五專,94,6,17,05 苗栗縣,2 技職
113,1283,仁德醫護管理專科學校,99999Z03,軍訓教官,D 日,,0,9,0,05 苗栗縣,2 技職
113,1284,樹人醫護管理專科學校,02311002,應用英語科,D 日,5 五專,243,8,35,12 高雄市,2 技職
113,1284,樹人醫護管理專科學校,02311003,應用日語科,D 日,5 五專,274,7,46,12 高雄市,2 技職
113,1284,樹人醫護管理專科學校,06131004,資訊管理科,D 日,5 五專,231,7,37,12 高雄市,2 技職
113,1284,樹人醫護管理專科學校,09111013,牙體技術科,N 修,2 二專,177,0,76,12 高雄市,2 技職
113,1284,樹人醫護管理專科學校,09111013,牙體技術科,D 日,5 五專,445,13,68,12 高雄市,2 技職
113,1284,樹人醫護管理專科學校,09111016,口腔衛生學科,N 修,2 二專,73,0,41,12 高雄市,2 技職
113,1284,樹人醫護管理專科學校,09111016,口腔衛生學科,D 日,5 五專,246,7,34,12 高雄市,2 技職
113,1284,樹人醫護管理專科學校,09131009,護理科,D 日,5 五專,1908,72,350,12 高雄市,2 技職
113,1284,樹人醫護管理專科學校,09141010,視光學科,N 修,2 二專,89,0,27,12 高雄市,2 技職
113,1284,樹人醫護管理專科學校,09141010,視光學科,D 日,5 五專,553,16,55,12 高雄市,2 技職
113,1284,樹人醫護管理專科學校,09141012,醫學影像暨放射技術科,D 日,5 五專,553,14,82,12 高雄市,2 技職
113,1284,樹人醫護管理專科學校,09151005,物理治療科,N 修,2 二專,205,0,40,12 高雄市,2 技職
113,1284,樹人醫護管理專科學校,09151005,物理治療科,D 日,5 五專,864,23,109,12 高雄市,2 技職
113,1284,樹人醫護管理專科學校,09152006,職能治療科,D 日,5 五專,486,12,72,12 高雄市,2 技職
113,1284,樹人醫護管理專科學校,09221014,幼兒保育科,D 日,5 五專,285,7,33,12 高雄市,2 技職
113,1284,樹人醫護管理專科學校,10121015,美容保健科,D 日,5 五專,581,16,111,12 高雄市,2 技職
113,1284,樹人醫護管理專科學校,99999Z01,通識及共同科目,D 日,,0,6,0,12 高雄市,2 技職
113,1284,樹人醫護管理專科學校,99999Z03,軍訓教官,D 日,,0,9,0,12 高雄市,2 技職
113,1285,慈惠醫護管理專科學校,02112002,數位媒體創意設計科,D 日,5 五專,100,5,21,13 屏東縣,2 技職
113,1285,慈惠醫護管理專科學校,09111014,口腔衛生學科,D 日,5 五專,7,3,0,13 屏東縣,2 技職
113,1285,慈惠醫護管理專科學校,09131006,護理科,N 修,2 二專,2,0,0,13 屏東縣,2 技職
113,1285,慈惠醫護管理專科學校,09131006,護理科,D 日,5 五專,659,37,197,13 屏東縣,2 技職
113,1285,慈惠醫護管理專科學校,09131012,護理助產科,D 日,5 五專,36,4,23,13 屏東縣,2 技職
113,1285,慈惠醫護管理專科學校,09151004,物理治療科,N 修,2 二專,83,0,14,13 屏東縣,2 技職
113,1285,慈惠醫護管理專科學校,09151004,物理治療科,D 日,5 五專,401,12,96,13 屏東縣,2 技職
113,1285,慈惠醫護管理專科學校,09221007,幼兒保育科,D 日,2 二專,49,0,19,13 屏東縣,2 技職
113,1285,慈惠醫護管理專科學校,09221007,幼兒保育科,N 修,2 二專,56,0,18,13 屏東縣,2 技職
113,1285,慈惠醫護管理專科學校,09221007,幼兒保育科,D 日,5 五專,133,7,20,13 屏東縣,2 技職
113,1285,慈惠醫護管理專科學校,10121011,美容造型設計科,D 日,5 五專,93,5,15,13 屏東縣,2 技職
113,1285,慈惠醫護管理專科學校,10131008,餐飲管理科,D 日,2 二專,4,0,8,13 屏東縣,2 技職
113,1285,慈惠醫護管理專科學校,10131008,餐飲管理科,N 修,2 二專,4,0,8,13 屏東縣,2 技職
113,1285,慈惠醫護管理專科學校,10131008,餐飲管理科,D 日,5 五專,168,7,32,13 屏東縣,2 技職
113,1285,慈惠醫護管理專科學校,10152013,休閒暨觀光事業管理科,D 日,,0,3,0,13 屏東縣,2 技職
113,1285,慈惠醫護管理專科學校,10152013,休閒暨觀光事業管理科,N 修,2 二專,1,0,0,13 屏東縣,2 技職
113,1285,慈惠醫護管理專科學校,10152013,休閒暨觀光事業管理科,D 日,5 五專,2,0,10,13 屏東縣,2 技職
113,1285,慈惠醫護管理專科學校,99999Z01,通識及共同科目,D 日,,0,6,0,13 屏東縣,2 技職
113,1286,耕莘健康管理專科學校,02112001,數位媒體設計科,D 日,,0,2,0,01 新北市,2 技職
113,1286,耕莘健康管理專科學校,02112001,數位媒體設計科,D 日,5 五專,0,0,2,01 新北市,2 技職
113,1286,耕莘健康管理專科學校,09131003,護理科,D 日,5 五專,2877,86,530,01 新北市,2 技職
113,1286,耕莘健康管理專科學校,09211010,口腔衛生與健康照護科,N 修,2 二專,38,1,0,01 新北市,2 技職
113,1286,耕莘健康管理專科學校,09211010,口腔衛生與健康照護科,D 日,5 五專,227,5,27,01 新北市,2 技職
113,1286,耕莘健康管理專科學校,09211011,健康照護科,N 修,2 二專,31,3,0,01 新北市,2 技職
113,1286,耕莘健康管理專科學校,09221004,嬰幼兒保育科,N 修,2 二專,88,0,37,01 新北市,2 技職
113,1286,耕莘健康管理專科學校,09221004,嬰幼兒保育科,D 日,5 五專,284,8,57,01 新北市,2 技職
113,1286,耕莘健康管理專科學校,10121008,化妝品應用與管理科,D 日,5 五專,264,6,34,01 新北市,2 技職
113,1286,耕莘健康管理專科學校,10131006,健康餐旅科,D 日,5 五專,122,6,35,01 新北市,2 技職
113,1286,耕莘健康管理專科學校,99999Z01,通識及共同科目,D 日,,0,23,0,01 新北市,2 技職
113,1287,敏惠醫護管理專科學校,09111002,牙體技術科,D 日,5 五專,465,8,94,11 臺南市,2 技職
113,1287,敏惠醫護管理專科學校,09131001,護理科,D 日,5 五專,1808,53,329,11 臺南市,2 技職
113,1287,敏惠醫護管理專科學校,09211005,長期照顧與健康促進管理科,N 修,2 二專,97,0,31,11 臺南市,2 技職
113,1287,敏惠醫護管理專科學校,09211005,長期照顧與健康促進管理科,D 日,5 五專,285,9,48,11 臺南市,2 技職
113,1287,敏惠醫護管理專科學校,09221003,幼兒保育科,D 日,5 五專,247,8,44,11 臺南市,2 技職
113,1287,敏惠醫護管理專科學校,10121004,美容保健科,D 日,5 五專,404,7,50,11 臺南市,2 技職
113,1287,敏惠醫護管理專科學校,99999Z01,通識及共同科目,D 日,,0,15,0,11 臺南市,2 技職
113,1289,育英醫護管理專科學校,09131001,護理科,D 日,5 五專,1180,43,219,50 高雄市,2 技職
113,1289,育英醫護管理專科學校,09211004,老人健康服務事業管理科,D 日,5 五專,312,11,60,50 高雄市,2 技職
113,1289,育英醫護管理專科學校,10121003,化妝品應用與管理科,D 日,5 五專,212,7,15,50 高雄市,2 技職
113,1289,育英醫護管理專科學校,99999Z01,通識及共同科目,D 日,,0,3,0,50 高雄市,2 技職
113,1291,聖母醫護管理專科學校,06131004,資訊管理科,D 日,2 二專,0,0,3,02 宜蘭縣,2 技職
113,1291,聖母醫護管理專科學校,06131004,資訊管理科,N 修,2 二專,52,3,12,02 宜蘭縣,2 技職
113,1291,聖母醫護管理專科學校,06131004,資訊管理科,D 日,5 五專,0,0,1,02 宜蘭縣,2 技職
113,1291,聖母醫護管理專科學校,09111007,牙體技術暨數位應用科,D 日,5 五專,66,5,0,02 宜蘭縣,2 技職
113,1291,聖母醫護管理專科學校,09131006,護理科,D 日,5 五專,788,24,192,02 宜蘭縣,2 技職
113,1291,聖母醫護管理專科學校,09211008,智慧科技長期照顧科,N 修,2 二專,34,3,0,02 宜蘭縣,2 技職
113,1291,聖母醫護管理專科學校,09221002,幼兒保育科,N 修,2 二專,35,0,0,02 宜蘭縣,2 技職
113,1291,聖母醫護管理專科學校,09221002,幼兒保育科,D 日,5 五專,147,5,19,02 宜蘭縣,2 技職
113,1291,聖母醫護管理專科學校,10121001,化妝品應用與管理科,D 日,5 五專,129,6,25,02 宜蘭縣,2 技職
113,1291,聖母醫護管理專科學校,10131005,餐旅管理科,D 日,5 五專,165,9,33,02 宜蘭縣,2 技職
113,1291,聖母醫護管理專科學校,99999Z01,通識及共同科目,D 日,,0,20,0,02 宜蘭縣,2 技職
113,1292,新生醫護管理專科學校,04133006,醫藥保健商務科,D 日,5 五專,444,13,72,03 桃園市,2 技職
113,1292,新生醫護管理專科學校,09111010,口腔衛生學科,D 日,5 五專,257,7,50,03 桃園市,2 技職
113,1292,新生醫護管理專科學校,09131007,護理科,D 日,5 五專,3706,116,604,03 桃園市,2 技職
113,1292,新生醫護管理專科學校,09141009,視光學科,D 日,5 五專,490,15,72,03 桃園市,2 技職
113,1292,新生醫護管理專科學校,09211008,長期照護科,N 修,2 二專,83,3,34,03 桃園市,2 技職
113,1292,新生醫護管理專科學校,09221011,幼兒保育科,D 日,5 五專,481,13,62,03 桃園市,2 技職
113,1292,新生醫護管理專科學校,10121013,美容造型科,D 日,5 五專,325,11,31,03 桃園市,2 技職
113,1292,新生醫護管理專科學校,10152012,健康休閒管理科,D 日,5 五專,175,5,30,03 桃園市,2 技職
113,1292,新生醫護管理專科學校,99999Z01,通識及共同科目,D 日,,0,40,0,03 桃園市,2 技職
113,1293,崇仁醫護管理專科學校,04191001,應用外語科,D 日,5 五專,128,5,26,10 嘉義縣,2 技職
113,1293,崇仁醫護管理專科學校,09131002,護理科,D 日,5 五專,2077,64,385,10 嘉義縣,2 技職
113,1293,崇仁醫護管理專科學校,09211003,老人服務事業管理科,D 日,5 五專,272,7,62,10 嘉義縣,2 技職
113,1293,崇仁醫護管理專科學校,10121005,美容保健科,D 日,5 五專,273,8,46,10 嘉義縣,2 技職
113,1293,崇仁醫護管理專科學校,10131004,餐飲管理科,D 日,5 五專,204,7,35,10 嘉義縣,2 技職
113,1293,崇仁醫護管理專科學校,10199008,烘焙管理科,D 日,5 五專,3,0,0,10 嘉義縣,2 技職
113,1293,崇仁醫護管理專科學校,99999Z01,通識及共同科目,D 日,,0,19,0,10 嘉義縣,2 技職
113,3002,臺北市立大學,01111001,教育學系,D 日,D 博士,90,0,9,30 臺北市,1 一般
113,3002,臺北市立大學,01111001,教育學系,D 日,M 碩士,40,0,6,30 臺北市,1 一般
113,3002,臺北市立大學,01111001,教育學系,D 日,B 學士,266,14,65,30 臺北市,1 一般
113,3002,臺北市立大學,01113029,特殊教育學系,D 日,M 碩士,121,0,21,30 臺北市,1 一般
113,3002,臺北市立大學,01113029,特殊教育學系,N 職,M 碩士,55,0,10,30 臺北市,1 一般
113,3002,臺北市立大學,01113029,特殊教育學系,D 日,B 學士,180,11,39,30 臺北市,1 一般
113,3002,臺北市立大學,01114035,教育行政與評鑑研究所,D 日,D 博士,45,0,6,30 臺北市,1 一般
113,3002,臺北市立大學,01114035,教育行政與評鑑研究所,D 日,M 碩士,45,7,8,30 臺北市,1 一般
113,3002,臺北市立大學,01114035,教育行政與評鑑研究所,N 職,M 碩士,101,0,17,30 臺北市,1 一般
113,3002,臺北市立大學,01115036,學習與媒材設計學系課程與教學碩士班,D 日,M 碩士,42,0,7,30 臺北市,1 一般
113,3002,臺北市立大學,01115036,學習與媒材設計學系,N 職,M 碩士,102,0,13,30 臺北市,1 一般
113,3002,臺北市立大學,01116036,學習與媒材設計學系,D 日,B 學士,176,8,42,30 臺北市,1 一般
113,3002,臺北市立大學,01121027,幼兒教育學系,D 日,M 碩士,83,0,13,30 臺北市,1 一般
113,3002,臺北市立大學,01121027,幼兒教育學系,N 職,M 碩士,95,0,10,30 臺北市,1 一般
113,3002,臺北市立大學,01121027,幼兒教育學系,D 日,B 學士,332,15,79,30 臺北市,1 一般
113,3002,臺北市立大學,01131017,英語教學系,D 日,M 碩士,40,0,8,30 臺北市,1 一般
113,3002,臺北市立大學,01131017,英語教學系,D 日,B 學士,166,11,30,30 臺北市,1 一般
113,3002,臺北市立大學,01141025,體育學系,D 日,M 碩士,51,0,13,30 臺北市,1 一般
113,3002,臺北市立大學,01141025,體育學系,N 職,M 碩士,128,0,36,30 臺北市,1 一般
113,3002,臺北市立大學,01141025,體育學系,D 日,B 學士,202,11,43,30 臺北市,1 一般
113,3002,臺北市立大學,01141026,運動教育研究所,D 日,M 碩士,42,7,14,30 臺北市,1 一般
113,3002,臺北市立大學,01141026,運動教育研究所,N 職,M 碩士,41,0,23,30 臺北市,1 一般
113,3002,臺北市立大學,01141030,身心障礙者轉銜及休閒教育碩士學位學程,D 日,M 碩士,48,2,5,30 臺北市,1 一般
113,3002,臺北市立大學,02111040,視覺藝術學系,D 日,M 碩士,94,0,26,30 臺北市,1 一般
113,3002,臺北市立大學,02111040,視覺藝術學系,N 職,M 碩士,95,0,20,30 臺北市,1 一般
113,3002,臺北市立大學,02111040,視覺藝術學系,D 日,B 學士,199,11,46,30 臺北市,1 一般
113,3002,臺北市立大學,02151037,音樂學系,D 日,M 碩士,70,0,17,30 臺北市,1 一般
113,3002,臺北市立大學,02151037,音樂學系,N 職,M 碩士,79,0,17,30 臺北市,1 一般
113,3002,臺北市立大學,02151037,音樂學系,D 日,B 學士,202,16,54,30 臺北市,1 一般
113,3002,臺北市立大學,02152039,舞蹈學系,D 日,M 碩士,51,0,8,30 臺北市,1 一般
113,3002,臺北市立大學,02152039,舞蹈學系,D 日,B 學士,175,9,26,30 臺北市,1 一般
113,3002,臺北市立大學,02221019,歷史與地理學系,D 日,M 碩士,60,0,5,30 臺北市,1 一般
113,3002,臺北市立大學,02221019,歷史與地理學系社會科教學碩士學位班,N 職,M 碩士,68,0,19,30 臺北市,1 一般
113,3002,臺北市立大學,02221019,歷史與地理學系,D 日,B 學士,189,9,36,30 臺北市,1 一般
113,3002,臺北市立大學,02322043,中國語文學系,D 日,D 博士,18,0,1,30 臺北市,1 一般
113,3002,臺北市立大學,02322043,中國語文學系,D 日,M 碩士,35,0,2,30 臺北市,1 一般
113,3002,臺北市立大學,02322043,中國語文學系,N 職,M 碩士,85,0,4,30 臺北市,1 一般
113,3002,臺北市立大學,02322043,中國語文學系,D 日,B 學士,216,14,55,30 臺北市,1 一般
113,3002,臺北市立大學,02323007,華語文教學碩士學位學程,D 日,M 碩士,35,2,9,30 臺北市,1 一般
113,3002,臺北市立大學,03131055,心理與諮商學系,D 日,M 碩士,86,0,16,30 臺北市,1 一般
113,3002,臺北市立大學,03131055,心理與諮商學系心理與諮商教學碩士學位班,N 職,M 碩士,30,0,13,30 臺北市,1 一般
113,3002,臺北市立大學,03131055,心理與諮商學系,D 日,B 學士,179,10,35,30 臺北市,1 一般
113,3002,臺北市立大學,04134056,社會暨公共事務學系公共事務學碩士班,D 日,M 碩士,26,0,6,30 臺北市,1 一般
113,3002,臺北市立大學,04134056,社會暨公共事務學系,N 職,M 碩士,66,0,16,30 臺北市,1 一般
113,3002,臺北市立大學,04134056,社會暨公共事務學系,D 日,B 學士,149,9,34,30 臺北市,1 一般
113,3002,臺北市立大學,04143045,都會產業經營與行銷學系,D 日,M 碩士,17,0,5,30 臺北市,1 一般
113,3002,臺北市立大學,04199045,都會產業經營與行銷學系,D 日,B 學士,138,9,28,30 臺北市,1 一般
113,3002,臺北市立大學,05211023,地球環境暨生物資源學系環境教育與資源碩士班,D 日,M 碩士,45,0,3,30 臺北市,1 一般
113,3002,臺北市立大學,05211023,地球環境暨生物資源學系環境教育碩士在職專班,N 職,M 碩士,60,0,12,30 臺北市,1 一般
113,3002,臺北市立大學,05211023,地球環境暨生物資源學系,D 日,B 學士,133,11,33,30 臺北市,1 一般
113,3002,臺北市立大學,05399011,應用物理暨化學系應用科學碩士班,D 日,M 碩士,8,0,1,30 臺北市,1 一般
113,3002,臺北市立大學,05399011,應用物理暨化學系應用科學碩士在職專班,N 職,M 碩士,4,0,1,30 臺北市,1 一般
113,3002,臺北市立大學,05399011,應用物理暨化學系,D 日,B 學士,128,9,28,30 臺北市,1 一般
113,3002,臺北市立大學,05411012,數學系數據科學與數學教育碩士班,D 日,M 碩士,18,0,6,30 臺北市,1 一般
113,3002,臺北市立大學,05411012,數學系數據科學與數學教育碩士在職專班,N 職,M 碩士,52,0,8,30 臺北市,1 一般
113,3002,臺北市立大學,05411012,數學系,D 日,B 學士,162,10,32,30 臺北市,1 一般
113,3002,臺北市立大學,06131016,資訊科學系,D 日,M 碩士,46,0,15,30 臺北市,1 一般
113,3002,臺北市立大學,06131016,資訊科學系,N 職,M 碩士,82,0,9,30 臺北市,1 一般
113,3002,臺北市立大學,06131016,資訊科學系,D 日,B 學士,188,10,51,30 臺北市,1 一般
113,3002,臺北市立大學,07313058,城市發展學系,D 日,M 碩士,20,0,6,30 臺北市,1 一般
113,3002,臺北市立大學,07313058,城市發展學系,D 日,B 學士,124,9,29,30 臺北市,1 一般
113,3002,臺北市立大學,09191059,衛生福利學系,D 日,M 碩士,18,0,3,30 臺北市,1 一般
113,3002,臺北市立大學,09191059,衛生福利學系,D 日,B 學士,113,9,30,30 臺北市,1 一般
113,3002,臺北市立大學,10141046,運動藝術學系,D 日,B 學士,166,6,36,30 臺北市,1 一般
113,3002,臺北市立大學,10141053,運動科學研究所,D 日,D 博士,18,0,1,30 臺北市,1 一般
113,3002,臺北市立大學,10141053,運動科學研究所,D 日,M 碩士,24,4,9,30 臺北市,1 一般
113,3002,臺北市立大學,10141053,運動科學研究所,N 職,M 碩士,37,0,4,30 臺北市,1 一般
113,3002,臺北市立大學,10141054,競技運動訓練研究所,D 日,D 博士,33,0,5,30 臺北市,1 一般
113,3002,臺北市立大學,10141054,競技運動訓練研究所,D 日,M 碩士,61,7,14,30 臺北市,1 一般
113,3002,臺北市立大學,10141054,競技運動訓練研究所,N 職,M 碩士,51,0,8,30 臺北市,1 一般
113,3002,臺北市立大學,10141060,球類運動學系,D 日,B 學士,543,13,121,30 臺北市,1 一般
113,3002,臺北市立大學,10141062,陸上運動學系,D 日,B 學士,189,8,45,30 臺北市,1 一般
113,3002,臺北市立大學,10141063,水上運動學系,D 日,B 學士,104,6,23,30 臺北市,1 一般
113,3002,臺北市立大學,10141064,技擊運動學系,D 日,B 學士,196,8,42,30 臺北市,1 一般
113,3002,臺北市立大學,10142051,運動器材科技研究所,D 日,M 碩士,56,7,13,30 臺北市,1 一般
113,3002,臺北市立大學,10142051,運動器材科技研究所,N 職,M 碩士,0,0,1,30 臺北市,1 一般
113,3002,臺北市立大學,10142052,運動健康科學系,D 日,M 碩士,35,0,9,30 臺北市,1 一般
113,3002,臺北市立大學,10142052,運動健康科學系,D 日,B 學士,210,9,48,30 臺北市,1 一般
113,3002,臺北市立大學,10152050,休閒運動管理學系,D 日,M 碩士,41,0,9,30 臺北市,1 一般
113,3002,臺北市立大學,10152050,休閒運動管理學系,N 職,M 碩士,55,0,8,30 臺北市,1 一般
113,3002,臺北市立大學,10152050,休閒運動管理學系,D 日,B 學士,226,8,45,30 臺北市,1 一般
113,3002,臺北市立大學,99999Z01,通識及共同科目,D 日,,0,6,0,30 臺北市,1 一般
113,3002,臺北市立大學,99999Z03,軍訓教官,D 日,,0,1,0,30 臺北市,1 一般
113,3002,臺北市立大學,99999Z05,師資培育中心,D 日,,0,6,0,30 臺北市,1 一般
